{
  "inputs": {
    "s": 12.0,
    "alpha": 0.4,
    "w": 0.8,
    "phi": 1.1,
    "m": 0.938,
    "F1": 0.7,
    "F2": 1.2
  },
  "amplitudes": {
    "-1,-1,-1,-1,-1": [
      4.882028519307609,
      -2.820148103948519
    ],
    "-1,-1,-1,-1,1": [
      -1.3223379510733155,
      0.7638605245238247
    ],
    "-1,-1,-1,1,-1": [
      3.229302766429917,
      -1.865436065726762
    ],
    "-1,-1,-1,1,1": [
      -1.6432007569703095,
      0.9492098378470378
    ],
    "-1,-1,1,-1,-1": [
      0.20844589472693065,
      1.67470548004242
    ],
    "-1,-1,1,-1,1": [
      -0.34415704447956924,
      -2.765042166650419
    ],
    "-1,-1,1,1,-1": [
      -0.04179716403737532,
      -0.33580867474182596
    ],
    "-1,-1,1,1,1": [
      0.47354086175652355,
      3.8045435111426107
    ],
    "-1,1,-1,-1,-1": [
      0.0,
      0.0
    ],
    "-1,1,-1,-1,1": [
      0.0,
      0.0
    ],
    "-1,1,-1,1,-1": [
      0.0,
      0.0
    ],
    "-1,1,-1,1,1": [
      0.0,
      0.0
    ],
    "-1,1,1,-1,-1": [
      0.0,
      0.0
    ],
    "-1,1,1,-1,1": [
      0.0,
      0.0
    ],
    "-1,1,1,1,-1": [
      0.0,
      0.0
    ],
    "-1,1,1,1,1": [
      0.0,
      0.0
    ],
    "1,-1,-1,-1,-1": [
      0.0,
      0.0
    ],
    "1,-1,-1,-1,1": [
      0.0,
      0.0
    ],
    "1,-1,-1,1,-1": [
      0.0,
      0.0
    ],
    "1,-1,-1,1,1": [
      0.0,
      0.0
    ],
    "1,-1,1,-1,-1": [
      0.0,
      0.0
    ],
    "1,-1,1,-1,1": [
      0.0,
      0.0
    ],
    "1,-1,1,1,-1": [
      0.0,
      0.0
    ],
    "1,-1,1,1,1": [
      0.0,
      0.0
    ],
    "1,1,-1,-1,-1": [
      0.47354086175652343,
      -3.8045435111426102
    ],
    "1,1,-1,-1,1": [
      -0.04179716403737535,
      0.335808674741826
    ],
    "1,1,-1,1,-1": [
      0.3441570444795692,
      -2.7650421666504186
    ],
    "1,1,-1,1,1": [
      -0.20844589472693065,
      1.67470548004242
    ],
    "1,1,1,-1,-1": [
      1.6432007569703095,
      0.9492098378470377
    ],
    "1,1,1,-1,1": [
      -3.229302766429917,
      -1.865436065726762
    ],
    "1,1,1,1,-1": [
      -1.3223379510733153,
      -0.7638605245238245
    ],
    "1,1,1,1,1": [
      4.882028519307609,
      2.820148103948519
    ]
  }
}