objective_name,objective_file_tag,local_minimum_index,local_minimum_id,selection_absolute_threshold,contour_delta,configured_direction_count,target_success_count,previous_success_count,added_success_count,previous_output_variant,initial_success_count,attempted_direction_count,replacement_direction_count,contour_point_count,domain_boundary_point_count,center_u0,center_u1,center_u2,center_u3,center_u4,center_u5,center_u6,center_u7,record_type,contour_sample_id,u0,u1,u2,u3,u4,u5,u6,u7,sqrt_s,theta_p_out,theta_gamma_out,qOut,phi_p_out,phi_gamma_out,alpha_e,alpha_p
D_W,dw,93,93,0.01,0.02,512,512,0,512,,512,512,0,512,0,0.5365644824889114,0.5001925322876439,0.4140587527014883,0.434235567003469,0.46111965104745234,0.5443390595262413,0.008748652830403473,0.49282489815160035,minimum,,,,,,,,,,,,,,,,,
D_W,dw,93,93,0.01,0.02,512,512,0,512,,512,512,0,512,0,0.5365644824889114,0.5001925322876439,0.4140587527014883,0.434235567003469,0.46111965104745234,0.5443390595262413,0.008748652830403473,0.49282489815160035,sample,0,0.5374943530943802,0.5001925322876439,0.4140587527014883,0.434235567003469,0.46111965104745234,0.5443390595262413,0.008748652830403473,0.49282489815160035,2.426543177223321,2.7302027600812364,1.044935727320214,0.4261008079052343,0.005134922449856428,3.675521127127931,0.0274847034608031,1.5482550795392056
D_W,dw,93,93,0.01,0.02,512,512,0,512,,512,512,0,512,0,0.5365644824889114,0.5001925322876439,0.4140587527014883,0.434235567003469,0.46111965104745234,0.5443390595262413,0.008748652830403473,0.49282489815160035,sample,1,0.5365644824889114,0.5015804717407689,0.4140587527014883,0.434235567003469,0.46111965104745234,0.5443390595262413,0.008748652830403473,0.49282489815160035,2.4196123143208608,2.738996913342806,1.044935727320214,0.4261008079052343,0.043197344853017204,3.675521127127931,0.0274847034608031,1.5482550795392056
D_W,dw,93,93,0.01,0.02,512,512,0,512,,512,512,0,512,0,0.5365644824889114,0.5001925322876439,0.4140587527014883,0.434235567003469,0.46111965104745234,0.5443390595262413,0.008748652830403473,0.49282489815160035,sample,2,0.5365644824889114,0.5001925322876439,0.4159992129065664,0.434235567003469,0.46111965104745234,0.5443390595262413,0.008748652830403473,0.49282489815160035,2.3921193935694918,2.731035797231569,1.044935727320214,0.4261008079052343,0.005265506173762182,3.675521127127931,0.0274847034608031,1.5482550795392056
D_W,dw,93,93,0.01,0.02,512,512,0,512,,512,512,0,512,0,0.5365644824889114,0.5001925322876439,0.4140587527014883,0.434235567003469,0.46111965104745234,0.5443390595262413,0.008748652830403473,0.49282489815160035,sample,3,0.5365644824889114,0.5001925322876439,0.4140587527014883,0.44068622007964087,0.46111965104745234,0.5443390595262413,0.008748652830403473,0.49282489815160035,2.4035297016556387,2.7393282464179034,1.0120615986826011,0.40346906150394757,0.005265506173762182,3.721826554794532,0.0274847034608031,1.5482550795392056
D_W,dw,93,93,0.01,0.02,512,512,0,512,,512,512,0,512,0,0.5365644824889114,0.5001925322876439,0.4140587527014883,0.434235567003469,0.46111965104745234,0.5443390595262413,0.008748652830403473,0.49282489815160035,sample,4,0.5365644824889114,0.5001925322876439,0.4140587527014883,0.434235567003469,0.4658236305396398,0.5443390595262413,0.008748652830403473,0.49282489815160035,2.4078247346821424,2.7393282464179034,1.0316650228600883,0.41661155769408054,0.005265506173762182,3.6208589329810104,0.0274847034608031,1.5482550795392056
D_W,dw,93,93,0.01,0.02,512,512,0,512,,512,512,0,512,0,0.5365644824889114,0.5001925322876439,0.4140587527014883,0.434235567003469,0.46111965104745234,0.5443390595262413,0.008748652830403473,0.49282489815160035,sample,5,0.5365644824889114,0.5001925322876439,0.4140587527014883,0.434235567003469,0.46111965104745234,0.5527559601610069,0.008748652830403473,0.49282489815160035,2.4061572854980575,2.7393282464179034,0.9664463669548038,0.4478600056311219,0.005265506173762182,3.675521127127931,0.0274847034608031,1.5482550795392056
D_W,dw,93,93,0.01,0.02,512,512,0,512,,512,512,0,512,0,0.5365644824889114,0.5001925322876439,0.4140587527014883,0.434235567003469,0.46111965104745234,0.5443390595262413,0.008748652830403473,0.49282489815160035,sample,6,0.5365644824889114,0.5001925322876439,0.4140587527014883,0.434235567003469,0.46111965104745234,0.5443390595262413,0.009093501463215973,0.49282489815160035,2.423212242261239,2.7393282464179034,1.044935727320214,0.4261008079052343,0.005265506173762182,3.675521127127931,0.028568077392247336,1.5482550795392056
D_W,dw,93,93,0.01,0.02,512,512,0,512,,512,512,0,512,0,0.5365644824889114,0.5001925322876439,0.4140587527014883,0.434235567003469,0.46111965104745234,0.5443390595262413,0.008748652830403473,0.49282489815160035,sample,7,0.5365644824889114,0.5001925322876439,0.4140587527014883,0.434235567003469,0.46111965104745234,0.5443390595262413,0.008748652830403473,0.4932561115305066,2.423212242261239,2.7393282464179034,1.044935727320214,0.4261008079052343,0.005265506173762182,3.675521127127931,0.0274847034608031,1.5496097763225072
D_W,dw,93,93,0.01,0.02,512,512,0,512,,512,512,0,512,0,0.5365644824889114,0.5001925322876439,0.4140587527014883,0.434235567003469,0.46111965104745234,0.5443390595262413,0.008748652830403473,0.49282489815160035,sample,8,0.5356776416685989,0.5001925322876439,0.4140587527014883,0.434235567003469,0.46111965104745234,0.5443390595262413,0.008748652830403473,0.49282489815160035,2.4202106479398457,2.7480979876764953,1.044935727320214,0.4261008079052343,0.005396388598694964,3.675521127127931,0.0274847034608031,1.5482550795392056
D_W,dw,93,93,0.01,0.02,512,512,0,512,,512,512,0,512,0,0.5365644824889114,0.5001925322876439,0.4140587527014883,0.434235567003469,0.46111965104745234,0.5443390595262413,0.008748652830403473,0.49282489815160035,sample,9,0.5365644824889114,0.49884869073490956,0.4140587527014883,0.434235567003469,0.46111965104745234,0.5443390595262413,0.008748652830403473,0.49282489815160035,2.4270883436504915,2.7391547164490304,1.044935727320214,0.4261008079052343,6.251708613695214,3.675521127127931,0.0274847034608031,1.5482550795392056
D_W,dw,93,93,0.01,0.02,512,512,0,512,,512,512,0,512,0,0.5365644824889114,0.5001925322876439,0.4140587527014883,0.434235567003469,0.46111965104745234,0.5443390595262413,0.008748652830403473,0.49282489815160035,sample,10,0.5365644824889114,0.5001925322876439,0.4120928103186758,0.434235567003469,0.46111965104745234,0.5443390595262413,0.008748652830403473,0.49282489815160035,2.454927487423628,2.747412399928727,1.044935727320214,0.4261008079052343,0.005265506173762182,3.675521127127931,0.0274847034608031,1.5482550795392056
D_W,dw,93,93,0.01,0.02,512,512,0,512,,512,512,0,512,0,0.5365644824889114,0.5001925322876439,0.4140587527014883,0.434235567003469,0.46111965104745234,0.5443390595262413,0.008748652830403473,0.49282489815160035,sample,11,0.5365644824889114,0.5001925322876439,0.4140587527014883,0.42813891783354713,0.46111965104745234,0.5443390595262413,0.008748652830403473,0.49282489815160035,2.44406435396759,2.7393282464179034,1.0735958837134925,0.44842637671258007,0.005265506173762182,3.6375375413384123,0.0274847034608031,1.5482550795392056
D_W,dw,93,93,0.01,0.02,512,512,0,512,,512,512,0,512,0,0.5365644824889114,0.5001925322876439,0.4140587527014883,0.434235567003469,0.46111965104745234,0.5443390595262413,0.008748652830403473,0.49282489815160035,sample,12,0.5365644824889114,0.5001925322876439,0.4140587527014883,0.434235567003469,0.45637981340096795,0.5443390595262413,0.008748652830403473,0.49282489815160035,2.440416697669134,2.7393282464179034,1.058897919424709,0.4366476327943741,0.005265506173762182,3.7272464842772934,0.0274847034608031,1.5482550795392056
D_W,dw,93,93,0.01,0.02,512,512,0,512,,512,512,0,512,0,0.5365644824889114,0.5001925322876439,0.4140587527014883,0.434235567003469,0.46111965104745234,0.5443390595262413,0.008748652830403473,0.49282489815160035,sample,13,0.5365644824889114,0.5001925322876439,0.4140587527014883,0.434235567003469,0.46111965104745234,0.5350858246629601,0.008748652830403473,0.49282489815160035,2.4455481369763996,2.7393282464179034,1.1402759148303907,0.40553709239026464,0.005265506173762182,3.675521127127931,0.0274847034608031,1.5482550795392056
D_W,dw,93,93,0.01,0.02,512,512,0,512,,512,512,0,512,0,0.5365644824889114,0.5001925322876439,0.4140587527014883,0.434235567003469,0.46111965104745234,0.5443390595262413,0.008748652830403473,0.49282489815160035,sample,14,0.5365644824889114,0.5001925322876439,0.4140587527014883,0.434235567003469,0.46111965104745234,0.5443390595262413,0.008421351805012847,0.49282489815160035,2.423212242261239,2.7393282464179034,1.044935727320214,0.4261008079052343,0.005265506173762182,3.675521127127931,0.026456456963923503,1.5482550795392056
D_W,dw,93,93,0.01,0.02,512,512,0,512,,512,512,0,512,0,0.5365644824889114,0.5001925322876439,0.4140587527014883,0.434235567003469,0.46111965104745234,0.5443390595262413,0.008748652830403473,0.49282489815160035,sample,15,0.5365644824889114,0.5001925322876439,0.4140587527014883,0.434235567003469,0.46111965104745234,0.5443390595262413,0.008748652830403473,0.492407570270741,2.423212242261239,2.7393282464179034,1.044935727320214,0.4261008079052343,0.005265506173762182,3.675521127127931,0.0274847034608031,1.5469440053345598
D_W,dw,93,93,0.01,0.02,512,512,0,512,,512,512,0,512,0,0.5365644824889114,0.5001925322876439,0.4140587527014883,0.434235567003469,0.46111965104745234,0.5443390595262413,0.008748652830403473,0.49282489815160035,sample,16,0.5362966598199332,0.5002973133900646,0.4144594571413444,0.4343581036558442,0.46120212233123004,0.5438464362252388,0.008445309993514847,0.49289954125845725,2.415964528504363,2.740285092629446,1.0489382239493792,0.42429620211102076,0.008191022047472902,3.6754079311242505,0.026531723832914706,1.5484895777753485
D_W,dw,93,93,0.01,0.02,512,512,0,512,,512,512,0,512,0,0.5365644824889114,0.5001925322876439,0.4140587527014883,0.434235567003469,0.46111965104745234,0.5443390595262413,0.008748652830403473,0.49282489815160035,sample,17,0.5370037723824159,0.500104171840512,0.41466149069380426,0.43340125713979727,0.4612019383554878,0.5442972708153933,0.009117856044801398,0.4933829624095062,2.417840471351008,2.732449079564299,1.04917001155807,0.42883173707380845,0.0028151606880386427,3.669093253806434,0.028644589566837356,1.5500082901120737
D_W,dw,93,93,0.01,0.02,512,512,0,512,,512,512,0,512,0,0.5365644824889114,0.5001925322876439,0.4140587527014883,0.434235567003469,0.46111965104745234,0.5443390595262413,0.008748652830403473,0.49282489815160035,sample,18,0.5365541116857936,0.4996008230973901,0.41376530905453524,0.4341775003066611,0.4610894315690609,0.5443241183088035,0.00863110826498299,0.4925385348729429,2.4298762555292184,2.7406402673510266,1.0454531724711942,0.4263373921108464,6.27226557700269,3.67547485814107,0.027115426317608708,1.5473554427667175
D_W,dw,93,93,0.01,0.02,512,512,0,512,,512,512,0,512,0,0.5365644824889114,0.5001925322876439,0.4140587527014883,0.434235567003469,0.46111965104745234,0.5443390595262413,0.008748652830403473,0.49282489815160035,sample,19,0.5368318237092462,0.4996222869221429,0.41399587352478007,0.43476591868468517,0.4617379501446574,0.5444512883730935,0.009291219985143925,0.4932073753500608,2.4226621532612107,2.7369479538949597,1.039418965849491,0.4231633738578903,6.272930592649349,3.6720523304236354,0.02918922844821482,1.5494566670960548
D_W,dw,93,93,0.01,0.02,512,512,0,512,,512,512,0,512,0,0.5365644824889114,0.5001925322876439,0.4140587527014883,0.434235567003469,0.46111965104745234,0.5443390595262413,0.008748652830403473,0.49282489815160035,sample,20,0.5367354237826654,0.5006386748826176,0.4136923263606009,0.43419249910541163,0.4609062460075834,0.5448108868232946,0.008357874785639638,0.4926434125838739,2.4283389074906907,2.739131224471377,1.04116024406433,0.427854824482017,0.017384052736769084,3.677634743835147,0.026257038026188853,1.5476849258129037
D_W,dw,93,93,0.01,0.02,512,512,0,512,,512,512,0,512,0,0.5365644824889114,0.5001925322876439,0.4140587527014883,0.434235567003469,0.46111965104745234,0.5443390595262413,0.008748652830403473,0.49282489815160035,sample,21,0.5364335593039717,0.5005189141421619,0.4138912951672427,0.4347114982752681,0.4606111465549794,0.5439225473138134,0.00879707423755747,0.4932229126191978,2.425706224408471,2.7412865088099054,1.0481860483579213,0.4244775973548447,0.014241788836060585,3.684438464993767,0.027636823797794578,1.5495054788666323
D_W,dw,93,93,0.01,0.02,512,512,0,512,,512,512,0,512,0,0.5365644824889114,0.5001925322876439,0.4140587527014883,0.434235567003469,0.46111965104745234,0.5443390595262413,0.008748652830403473,0.49282489815160035,sample,22,0.5361102976718892,0.49999781348343625,0.414338673552394,0.43460793309055806,0.4611263020887159,0.5433712196437172,0.008955111208495826,0.49274817068258764,2.4185946635003504,2.7426501362230016,1.0526393543332058,0.4224193378549359,6.283124756126229,3.6779369129927453,0.028133311584690103,1.5480140330862269
D_W,dw,93,93,0.01,0.02,512,512,0,512,,512,512,0,512,0,0.5365644824889114,0.5001925322876439,0.4140587527014883,0.434235567003469,0.46111965104745234,0.5443390595262413,0.008748652830403473,0.49282489815160035,sample,23,0.5365124608374714,0.49906365732696595,0.41491355274529607,0.43456189061782585,0.4612169343331884,0.5458791453589089,0.008804717277000978,0.49324238442549,2.4078894436291947,2.7361167424891177,1.0280734900462813,0.4285125007375757,6.257546457480236,3.6766034470831004,0.0276608351143614,1.549566651350232
D_W,dw,93,93,0.01,0.02,512,512,0,512,,512,512,0,512,0,0.5365644824889114,0.5001925322876439,0.4140587527014883,0.434235567003469,0.46111965104745234,0.5443390595262413,0.008748652830403473,0.49282489815160035,sample,24,0.5370176797011462,0.5002179320710045,0.41417551578626244,0.4340640654291771,0.46115850072071746,0.5445797667364878,0.008754794574482968,0.49243492086077223,2.422755357365695,2.7343761531292987,1.0433102576887823,0.4272180526034274,0.005887174858105398,3.673943584753782,0.02750399831888347,1.5470299297472732
D_W,dw,93,93,0.01,0.02,512,512,0,512,,512,512,0,512,0,0.5365644824889114,0.5001925322876439,0.4140587527014883,0.434235567003469,0.46111965104745234,0.5443390595262413,0.008748652830403473,0.49282489815160035,sample,25,0.5360999252999342,0.5001354983178349,0.4148467988850807,0.43400298358002226,0.46065656743032724,0.5454113843908475,0.00895640410597363,0.4933289405177302,2.4091530014938063,2.740616878170661,1.0369985268350868,0.430531538050224,0.003753406147126393,3.6791687626825103,0.028137373341908217,1.5498385753337371
D_W,dw,93,93,0.01,0.02,512,512,0,512,,512,512,0,512,0,0.5365644824889114,0.5001925322876439,0.4140587527014883,0.434235567003469,0.46111965104745234,0.5443390595262413,0.008748652830403473,0.49282489815160035,sample,26,0.5367104828389988,0.5001401803975041,0.41400205408234086,0.43425603023388415,0.46113495720815995,0.544121468218938,0.00851466469698473,0.4924176037841954,2.425138844617144,2.7381312255867454,1.0469248270309675,0.4254687916451131,0.00381852008839737,3.6754849670180345,0.026749608059827592,1.5469755265467178
D_W,dw,93,93,0.01,0.02,512,512,0,512,,512,512,0,512,0,0.5365644824889114,0.5001925322876439,0.4140587527014883,0.434235567003469,0.46111965104745234,0.5443390595262413,0.008748652830403473,0.49282489815160035,sample,27,0.5367394134714731,0.5000362503998494,0.41401184694640886,0.4340606062812193,0.46073725221480755,0.545223369378374,0.008815084461701672,0.4925217752426512,2.4249719635106617,2.7378080154523374,1.0382969419796233,0.42969336658025625,0.0009866893523943494,3.67865017334793,0.02769340458565551,1.5473027908353163
D_W,dw,93,93,0.01,0.02,512,512,0,512,,512,512,0,512,0,0.5365644824889114,0.5001925322876439,0.4140587527014883,0.434235567003469,0.46111965104745234,0.5443390595262413,0.008748652830403473,0.49282489815160035,sample,28,0.5362336405185568,0.5003130359267769,0.41361298035641053,0.43423450602716823,0.4616094388928068,0.5450716920074259,0.008797731592531978,0.492598580235329,2.4256452834894757,2.744432702037069,1.0363727830325424,0.42685917087118047,0.008639157822430278,3.669977404790296,0.027638888939353293,1.5475440808360719
D_W,dw,93,93,0.01,0.02,512,512,0,512,,512,512,0,512,0,0.5365644824889114,0.5001925322876439,0.4140587527014883,0.434235567003469,0.46111965104745234,0.5443390595262413,0.008748652830403473,0.49282489815160035,sample,29,0.5364641526407274,0.5004342570949474,0.4141593709462155,0.4344090289284896,0.4611481444215892,0.5442152066637762,0.008377878718466252,0.4927536339207376,2.420200876942374,2.7398752441243857,1.0452182967585095,0.4251175724727134,0.011908587895965389,3.676357374118347,0.026319882234599846,1.5480311963550637
D_W,dw,93,93,0.01,0.02,512,512,0,512,,512,512,0,512,0,0.5365644824889114,0.5001925322876439,0.4140587527014883,0.434235567003469,0.46111965104745234,0.5443390595262413,0.008748652830403473,0.49282489815160035,sample,30,0.5364362016465484,0.5001533541093107,0.41405242635070305,0.4346278965542026,0.4610203061034018,0.544522490228103,0.00855593367781336,0.49238137057085446,2.4216473747871357,2.740621065854888,1.0415048485222196,0.4253516134649111,0.004208814225104387,3.679268037370604,0.02687925838681995,1.5468616965498698
D_W,dw,93,93,0.01,0.02,512,512,0,512,,512,512,0,512,0,0.5365644824889114,0.5001925322876439,0.4140587527014883,0.434235567003469,0.46111965104745234,0.5443390595262413,0.008748652830403473,0.49282489815160035,sample,31,0.5363613314937078,0.5002281762808359,0.41399535671874643,0.4341294011772305,0.460913433581931,0.5445431177865997,0.008885200535123844,0.4925742591982772,2.4240411147673364,2.741593960985961,1.0440567035309267,0.4274146254412028,0.006275163104262085,3.6771333245711957,0.027913680726817165,1.5474676740447422
D_W,dw,93,93,0.01,0.02,512,512,0,512,,512,512,0,512,0,0.5365644824889114,0.5001925322876439,0.4140587527014883,0.434235567003469,0.46111965104745234,0.5443390595262413,0.008748652830403473,0.49282489815160035,sample,32,0.5367861188215989,0.5001063732323232,0.4137929729497921,0.4344005305082579,0.46094064885588826,0.5435818894842259,0.008846774216689546,0.49333170962953926,2.4302637807273615,2.7382659546840613,1.052096508730734,0.424067463051577,0.002891659659777014,3.6786389956483756,0.027792960887119477,1.5498472747550536
D_W,dw,93,93,0.01,0.02,512,512,0,512,,512,512,0,512,0,0.5365644824889114,0.5001925322876439,0.4140587527014883,0.434235567003469,0.46111965104745234,0.5443390595262413,0.008748652830403473,0.49282489815160035,sample,33,0.5364911449042936,0.5005400937839923,0.41406011457475245,0.4341507213940928,0.4612517369294872,0.5443069075707649,0.008496900099335916,0.4929675791608355,2.4218902429936957,2.7400109134834323,1.0452845430340942,0.4260479163544662,0.014799600092475192,3.6734678145247464,0.0266937989303601,1.5487033251496256
D_W,dw,93,93,0.01,0.02,512,512,0,512,,512,512,0,512,0,0.5365644824889114,0.5001925322876439,0.4140587527014883,0.434235567003469,0.46111965104745234,0.5443390595262413,0.008748652830403473,0.49282489815160035,sample,34,0.5365012444783588,0.4999826138859175,0.4140070070662357,0.4350672329929223,0.4617281462895433,0.5441238680019699,0.008956432243966693,0.4926593529062201,2.420088347110562,2.740172948597159,1.041172761657037,0.42130416979538293,6.282708991563061,3.67418707194341,0.028137461740020506,1.5477350038124824
D_W,dw,93,93,0.01,0.02,512,512,0,512,,512,512,0,512,0,0.5365644824889114,0.5001925322876439,0.4140587527014883,0.434235567003469,0.46111965104745234,0.5443390595262413,0.008748652830403473,0.49282489815160035,sample,35,0.5361385340402749,0.5001208731763728,0.4142784324605234,0.434316964226484,0.4617313874668938,0.5438350588985575,0.008465041822220255,0.49302477540576656,2.4171565581608894,2.7426199846228005,1.0477304613741973,0.42329734545110487,0.0033447047270829984,3.6691388260334987,0.02659371320101751,1.548883012452514
D_W,dw,93,93,0.01,0.02,512,512,0,512,,512,512,0,512,0,0.5365644824889114,0.5001925322876439,0.4140587527014883,0.434235567003469,0.46111965104745234,0.5443390595262413,0.008748652830403473,0.49282489815160035,sample,36,0.5365744147498733,0.5003341863152919,0.4141617638536205,0.4343519105826515,0.4610409043916081,0.5443616104199702,0.008471317943260148,0.4928944455564384,2.4210492059285387,2.7387880125329183,1.0443738860787335,0.4259052825403576,0.009136906711781972,3.677184726520347,0.026613430216769478,1.548473569155321
D_W,dw,93,93,0.01,0.02,512,512,0,512,,512,512,0,512,0,0.5365644824889114,0.5001925322876439,0.4140587527014883,0.434235567003469,0.46111965104745234,0.5443390595262413,0.008748652830403473,0.49282489815160035,sample,37,0.5360394259120514,0.5023744320864427,0.41409068822623524,0.43440778274186387,0.46132260445624906,0.5446469452631976,0.00835276711266408,0.491790842827649,2.4135002023903116,2.743611974891712,1.040488892872135,0.4258013088251448,0.0657892113746026,3.674377785485881,0.026240991798291903,1.5450064989300747
D_W,dw,93,93,0.01,0.02,512,512,0,512,,512,512,0,512,0,0.5365644824889114,0.5001925322876439,0.4140587527014883,0.434235567003469,0.46111965104745234,0.5443390595262413,0.008748652830403473,0.49282489815160035,sample,38,0.5366147736927628,0.5001390426545105,0.41421333820110673,0.43408530754518526,0.46107121129960377,0.5444308166034754,0.00850707625347354,0.49293085729962016,2.4215033027188047,2.7381856539059393,1.0449125002700537,0.4269655109610694,0.003797428527713352,3.6750668962036928,0.026725768261440654,1.5485879600202053
D_W,dw,93,93,0.01,0.02,512,512,0,512,,512,512,0,512,0,0.5365644824889114,0.5001925322876439,0.4140587527014883,0.434235567003469,0.46111965104745234,0.5443390595262413,0.008748652830403473,0.49282489815160035,sample,39,0.5363333847217996,0.5000422743963269,0.41451770257306103,0.4347049683104905,0.4612677049434341,0.544570912826484,0.009155991861682118,0.4931618700852649,2.412911406207137,2.73968799135715,1.0399248366444285,0.4246677140786303,0.0011635133245649707,3.676989019655958,0.028764396768988478,1.5493137080904722
D_W,dw,93,93,0.01,0.02,512,512,0,512,,512,512,0,512,0,0.5365644824889114,0.5001925322876439,0.4140587527014883,0.434235567003469,0.46111965104745234,0.5443390595262413,0.008748652830403473,0.49282489815160035,sample,40,0.5368419754910905,0.4999074376036397,0.4137964770655122,0.4345060122877216,0.46074075137471415,0.5447423388533911,0.009076527172483223,0.49276553665394696,2.4287604269295673,2.7377036339481875,1.040775912934213,0.42692008807791726,6.280672895714984,3.681595037711037,0.02851475108518143,1.5480685898942717
D_W,dw,93,93,0.01,0.02,512,512,0,512,,512,512,0,512,0,0.5365644824889114,0.5001925322876439,0.4140587527014883,0.434235567003469,0.46111965104745234,0.5443390595262413,0.008748652830403473,0.49282489815160035,sample,41,0.537276277811554,0.49941049867300946,0.4146153874912798,0.4350647703742384,0.46168231901280543,0.5444947536959153,0.00892094680272806,0.4929267786701474,2.4141031237158947,2.729918031078728,1.037663349379226,0.4223163785589624,6.267372242537682,3.6746941081670474,0.028025980938515827,1.548575146627817
D_W,dw,93,93,0.01,0.02,512,512,0,512,,512,512,0,512,0,0.5365644824889114,0.5001925322876439,0.4140587527014883,0.434235567003469,0.46111965104745234,0.5443390595262413,0.008748652830403473,0.49282489815160035,sample,42,0.5365307946529833,0.5003965178819887,0.4140005933263777,0.4322506990087536,0.4616570050023345,0.5442905639728414,0.008587960150018371,0.49298966417998547,2.4283265555887974,2.7398874937138187,1.0535253082373945,0.4320449663621321,0.0108539196778096,3.6566021306627388,0.026979872516619614,1.5487727072835415
D_W,dw,93,93,0.01,0.02,512,512,0,512,,512,512,0,512,0,0.5365644824889114,0.5001925322876439,0.4140587527014883,0.434235567003469,0.46111965104745234,0.5443390595262413,0.008748652830403473,0.49282489815160035,sample,43,0.5360567050815129,0.4999536042399023,0.413955777196152,0.43458527492293714,0.46133095593891904,0.5444085665054003,0.008684295809237843,0.4924895085493567,2.4217618028103622,2.7447734396588754,1.0419225603010758,0.42456643889519224,6.281898563579836,3.6754695236244306,0.027282519915902234,1.5472014220287067
D_W,dw,93,93,0.01,0.02,512,512,0,512,,512,512,0,512,0,0.5365644824889114,0.5001925322876439,0.4140587527014883,0.434235567003469,0.46111965104745234,0.5443390595262413,0.008748652830403473,0.49282489815160035,sample,44,0.5362177791765632,0.5006140135353783,0.4132163318810536,0.4360694532100366,0.4599547873442765,0.5442403304484206,0.00882111045260292,0.49271608829554914,2.4328391374801352,2.7461819422235973,1.040396394953405,0.4218568432029059,0.016951749486847533,3.7011881702984613,0.02771233579440147,1.547913243294797
D_W,dw,93,93,0.01,0.02,512,512,0,512,,512,512,0,512,0,0.5365644824889114,0.5001925322876439,0.4140587527014883,0.434235567003469,0.46111965104745234,0.5443390595262413,0.008748652830403473,0.49282489815160035,sample,45,0.5366009363682622,0.500304236808879,0.41388348079669623,0.4343004807971028,0.46140626341603713,0.5444614072727313,0.008864273389074551,0.4932581230178496,2.424390503739125,2.7396956456759525,1.0425900736922031,0.42555779220908474,0.008312077023076717,3.6727167391620332,0.027847936158528108,1.5496160955963667
D_W,dw,93,93,0.01,0.02,512,512,0,512,,512,512,0,512,0,0.5365644824889114,0.5001925322876439,0.4140587527014883,0.434235567003469,0.46111965104745234,0.5443390595262413,0.008748652830403473,0.49282489815160035,sample,46,0.5372835877556879,0.5014320381766482,0.41476281504832746,0.43397260536951227,0.4628548456928658,0.5442036699630619,0.008934538500375093,0.4928855038806553,2.4066092567206363,2.7289871462697177,1.0426125668138042,0.42310719605414177,0.03839047332821508,3.654036701374081,0.02806868051599356,1.54844547805237
D_W,dw,93,93,0.01,0.02,512,512,0,512,,512,512,0,512,0,0.5365644824889114,0.5001925322876439,0.4140587527014883,0.434235567003469,0.46111965104745234,0.5443390595262413,0.008748652830403473,0.49282489815160035,sample,47,0.5366029660647413,0.5006527152656789,0.4143348301072242,0.43417398408101665,0.4610057787897605,0.5449330160991801,0.009065518105350695,0.49262804323463694,2.4169503784248296,2.737735441366731,1.0397738948834305,0.4280077651101148,0.017830415487023438,3.67639268802945,0.028480165080755005,1.5476366415782503
D_W,dw,93,93,0.01,0.02,512,512,0,512,,512,512,0,512,0,0.5365644824889114,0.5001925322876439,0.4140587527014883,0.434235567003469,0.46111965104745234,0.5443390595262413,0.008748652830403473,0.49282489815160035,sample,48,0.537551043281006,0.5000819315632344,0.4132835503237668,0.43434584022980394,0.46040307852967083,0.5436545158114352,0.008683481364616483,0.49279165854785095,2.443169163976069,2.732937236339677,1.0531979041256638,0.4255955625954798,0.002181868360039711,3.6842984749044443,0.027279961262663015,1.5481506542442582
D_W,dw,93,93,0.01,0.02,512,512,0,512,,512,512,0,512,0,0.5365644824889114,0.5001925322876439,0.4140587527014883,0.434235567003469,0.46111965104745234,0.5443390595262413,0.008748652830403473,0.49282489815160035,sample,49,0.5377937727699926,0.5009417207645654,0.4147919653219973,0.4333337501285178,0.46092817373500666,0.545057618714081,0.009570566049113598,0.4928332846962626,2.415821214866927,2.724002906672022,1.0428941991680087,0.4314892809824005,0.024912197733620266,3.6717147662437926,0.03006681999059117,1.5482814266463056
D_W,dw,93,93,0.01,0.02,512,512,0,512,,512,512,0,512,0,0.5365644824889114,0.5001925322876439,0.4140587527014883,0.434235567003469,0.46111965104745234,0.5443390595262413,0.008748652830403473,0.49282489815160035,sample,50,0.5364141871730606,0.4995767221940079,0.41453339470732437,0.4343726857209144,0.4611681740377046,0.5447041905347544,0.00860650420501043,0.49313398304103356,2.415394783796182,2.7387973331022804,1.0405525620490295,0.4263935639760246,6.271561850049339,3.67588848599713,0.027038130383550428,1.5492260983571846
D_W,dw,93,93,0.01,0.02,512,512,0,512,,512,512,0,512,0,0.5365644824889114,0.5001925322876439,0.4140587527014883,0.434235567003469,0.46111965104745234,0.5443390595262413,0.008748652830403473,0.49282489815160035,sample,51,0.5377710266282734,0.5045560427105118,0.41525874445811634,0.4376332538626463,0.4564900611075032,0.5480152537927752,0.009107530232374757,0.4924166075100929,2.3959007960853347,2.7196100051547214,1.0075993158446024,0.4338289457808471,0.12004272800538075,3.75073730549105,0.02861215007037548,1.5469723966593165
D_W,dw,93,93,0.01,0.02,512,512,0,512,,512,512,0,512,0,0.5365644824889114,0.5001925322876439,0.4140587527014883,0.434235567003469,0.46111965104745234,0.5443390595262413,0.008748652830403473,0.49282489815160035,sample,52,0.5368420262916934,0.5005732713628324,0.4140689737413711,0.43439464648872367,0.461321247329586,0.5439034314898603,0.009037733372244982,0.4931968204945373,2.422756305159635,2.7365150334268984,1.0478543156909146,0.4240486748395874,0.015559000416903336,3.6743055238733566,0.028392876767348144,1.5494235080394823
D_W,dw,93,93,0.01,0.02,512,512,0,512,,512,512,0,512,0,0.5365644824889114,0.5001925322876439,0.4140587527014883,0.434235567003469,0.46111965104745234,0.5443390595262413,0.008748652830403473,0.49282489815160035,sample,53,0.5367971901275974,0.5002694194004205,0.41396297048505015,0.43439427464478464,0.46127198264182256,0.5446246900801318,0.008634491275564659,0.49312378189023626,2.423695620814598,2.7374359416601304,1.0409203482771525,0.42590250265880597,0.007321607582241744,3.6748600952758137,0.027126054358799095,1.5491940504967816
D_W,dw,93,93,0.01,0.02,512,512,0,512,,512,512,0,512,0,0.5365644824889114,0.5001925322876439,0.4140587527014883,0.434235567003469,0.46111965104745234,0.5443390595262413,0.008748652830403473,0.49282489815160035,sample,54,0.5367876529476631,0.5004489355226939,0.41598605795778,0.4381111946847055,0.4593549793559125,0.5415359340412536,0.008998241786238712,0.49267949802008393,2.3928433335262196,2.7288396631273883,1.059564726821926,0.4095287888850649,0.012202823583568036,3.7226933096828287,0.028268810290872234,1.5477982915542028
D_W,dw,93,93,0.01,0.02,512,512,0,512,,512,512,0,512,0,0.5365644824889114,0.5001925322876439,0.4140587527014883,0.434235567003469,0.46111965104745234,0.5443390595262413,0.008748652830403473,0.49282489815160035,sample,55,0.5370941058131963,0.4997489057488854,0.41392143805686593,0.43431122309208464,0.4614563391682995,0.5440796702969675,0.009206426714713976,0.4928306517158188,2.427686563050809,2.7346990010676446,1.0461386252674283,0.4244881811154938,6.276416296022881,3.6722212650913995,0.02892284253275824,1.5482731548942863
D_W,dw,93,93,0.01,0.02,512,512,0,512,,512,512,0,512,0,0.5365644824889114,0.5001925322876439,0.4140587527014883,0.434235567003469,0.46111965104745234,0.5443390595262413,0.008748652830403473,0.49282489815160035,sample,56,0.5366059231476747,0.5000302479343518,0.414287683484654,0.43426502620639584,0.46134019920624003,0.5440431688094647,0.00901717679098421,0.4933421735730322,2.4199201115813738,2.7379623416399763,1.047058530972456,0.42481206142534467,0.0008263123797049159,3.6732282127041533,0.02832829636267638,1.5498801482030586
D_W,dw,93,93,0.01,0.02,512,512,0,512,,512,512,0,512,0,0.5365644824889114,0.5001925322876439,0.4140587527014883,0.434235567003469,0.46111965104745234,0.5443390595262413,0.008748652830403473,0.49282489815160035,sample,57,0.5367314122865945,0.5002219800254029,0.41422890157355,0.43424875245300487,0.461237817516776,0.5441230957612796,0.008857137640982527,0.4932851615104547,2.421007382157363,2.7369664396056077,1.046647701933602,0.4252804986726711,0.0060432558747755575,3.674276354824319,0.027825518544744337,1.549701039526099
D_W,dw,93,93,0.01,0.02,512,512,0,512,,512,512,0,512,0,0.5365644824889114,0.5001925322876439,0.4140587527014883,0.434235567003469,0.46111965104745234,0.5443390595262413,0.008748652830403473,0.49282489815160035,sample,58,0.5364669825830538,0.49943471839103243,0.4142066563890678,0.4347503931346228,0.46167560157668297,0.5447072701740405,0.008804079284219226,0.49262256872036725,2.4182332996265696,2.7396312546382005,1.0371672538409418,0.42397708793554395,6.267685359038207,3.6726592309554795,0.027658830800925203,1.5476194428844388
D_W,dw,93,93,0.01,0.02,512,512,0,512,,512,512,0,512,0,0.5365644824889114,0.5001925322876439,0.4140587527014883,0.434235567003469,0.46111965104745234,0.5443390595262413,0.008748652830403473,0.49282489815160035,sample,59,0.5365180509410643,0.49986672350011874,0.41399635863689993,0.43422111999922103,0.46061833776072814,0.5445434800664729,0.008983118602715294,0.49270077376478105,2.426307056578571,2.740049549015106,1.044463096305642,0.42771703204113265,6.279535717326882,3.681054008588114,0.028221299408616177,1.5478651312774427
D_W,dw,93,93,0.01,0.02,512,512,0,512,,512,512,0,512,0,0.5365644824889114,0.5001925322876439,0.4140587527014883,0.434235567003469,0.46111965104745234,0.5443390595262413,0.008748652830403473,0.49282489815160035,sample,60,0.5370112103738082,0.5005833611834267,0.41394976079340073,0.4346737587382063,0.4613747425532246,0.5442933365117197,0.009017080942716069,0.49252000129260304,2.423312789101386,2.735355289233866,1.042489433062889,0.42387601450464174,0.01576043788088473,3.675566160504373,0.02832799524646133,1.5472972178068771
D_W,dw,93,93,0.01,0.02,512,512,0,512,,512,512,0,512,0,0.5365644824889114,0.5001925322876439,0.4140587527014883,0.434235567003469,0.46111965104745234,0.5443390595262413,0.008748652830403473,0.49282489815160035,sample,61,0.5372006823678674,0.5003109194441376,0.41392590342218316,0.4342396171740767,0.4603930551654562,0.543778732374982,0.00878876073153853,0.4931910298091033,2.4310328759899047,2.733631970151942,1.0525147681716784,0.4262952044885373,0.008357701658973721,3.683695658519881,0.027610706148359903,1.5494053160646635
D_W,dw,93,93,0.01,0.02,512,512,0,512,,512,512,0,512,0,0.5365644824889114,0.5001925322876439,0.4140587527014883,0.434235567003469,0.46111965104745234,0.5443390595262413,0.008748652830403473,0.49282489815160035,sample,62,0.536630669616011,0.5003664632080332,0.41437478553662377,0.4345274277280958,0.4609548172303699,0.5442555385966991,0.008905626889697406,0.4932950780038242,2.4177005750902216,2.7373326748164644,1.0448053900431977,0.4252026803809117,0.010003938959557377,3.6793309291682434,0.02797785201228509,1.5497321931088182
D_W,dw,93,93,0.01,0.02,512,512,0,512,,512,512,0,512,0,0.5365644824889114,0.5001925322876439,0.4140587527014883,0.434235567003469,0.46111965104745234,0.5443390595262413,0.008748652830403473,0.49282489815160035,sample,63,0.5362806415496327,0.4999767837289901,0.4139327903895785,0.43424724063795783,0.46114154595846846,0.5442551448665535,0.008729830200226281,0.4924790834790517,2.4249258785024344,2.7426575127803603,1.0456374279654834,0.4258093161065694,6.28254539931552,3.6753521421240207,0.027425570424117196,1.5471686707044234
D_W,dw,93,93,0.01,0.02,512,512,0,512,,512,512,0,512,0,0.5365644824889114,0.5001925322876439,0.4140587527014883,0.434235567003469,0.46111965104745234,0.5443390595262413,0.008748652830403473,0.49282489815160035,sample,64,0.5364532206715161,0.49898278259869694,0.4142903713939114,0.43470070811251593,0.4603455526450454,0.5446857567155904,0.008694071126219881,0.4930171324724194,2.42309762303949,2.739318695858203,1.041541455124839,0.4269381195404655,6.255287813380869,3.6873422389078367,0.02731322997991952,1.5488590014692587
D_W,dw,93,93,0.01,0.02,512,512,0,512,,512,512,0,512,0,0.5365644824889114,0.5001925322876439,0.4140587527014883,0.434235567003469,0.46111965104745234,0.5443390595262413,0.008748652830403473,0.49282489815160035,sample,65,0.5367595618566715,0.49994126035377956,0.4145960843578441,0.43419650705016083,0.460682543956571,0.5438087386153692,0.00862904642724097,0.4925801709867086,2.418792258972063,2.735139641552493,1.0515913850351988,0.4258979711759239,6.281587366582418,3.6801704239693143,0.02710894886330548,1.5474862464758479
D_W,dw,93,93,0.01,0.02,512,512,0,512,,512,512,0,512,0,0.5365644824889114,0.5001925322876439,0.4140587527014883,0.434235567003469,0.46111965104745234,0.5443390595262413,0.008748652830403473,0.49282489815160035,sample,66,0.5357938493508599,0.5003222798682095,0.4136638110457847,0.4340366118874039,0.4611006990284566,0.5443776529052579,0.008680196006915998,0.4926578655449641,2.4272407972340297,2.748560646110673,1.0455848525800182,0.42694931147019777,0.00900353456290783,3.674411971723093,0.027269640007046757,1.5477303311292874
D_W,dw,93,93,0.01,0.02,512,512,0,512,,512,512,0,512,0,0.5365644824889114,0.5001925322876439,0.4140587527014883,0.434235567003469,0.46111965104745234,0.5443390595262413,0.008748652830403473,0.49282489815160035,sample,67,0.5368746134900854,0.49981066930054124,0.4146053566077351,0.4335080988268305,0.4609744921327878,0.5440076983459209,0.008683091201729366,0.4925567695400796,2.4201941819749195,2.733959767386968,1.0521248524090765,0.42823199957685854,6.278050906630807,3.6723398955682907,0.027278735529803144,1.5474127286630348
D_W,dw,93,93,0.01,0.02,512,512,0,512,,512,512,0,512,0,0.5365644824889114,0.5001925322876439,0.4140587527014883,0.434235567003469,0.46111965104745234,0.5443390595262413,0.008748652830403473,0.49282489815160035,sample,68,0.536438270945467,0.5002931153578835,0.4139099994754835,0.43442728840757094,0.4609525978550448,0.544104599765209,0.008592566782138648,0.4931533833597797,2.425364770545865,2.7411869105873414,1.0467827504359455,0.42520156196561565,0.008043988591324307,3.678683840607222,0.026994344678246466,1.5492870462560349
D_W,dw,93,93,0.01,0.02,512,512,0,512,,512,512,0,512,0,0.5365644824889114,0.5001925322876439,0.4140587527014883,0.434235567003469,0.46111965104745234,0.5443390595262413,0.008748652830403473,0.49282489815160035,sample,69,0.5360885737568372,0.49982256671126446,0.4145091622715665,0.4345243268185128,0.46149838789279757,0.5450292054736515,0.008355421883231445,0.4928013314898021,2.4116150398768648,2.742147860057913,1.035668233194866,0.4259498626844677,6.27826874105944,3.673163643218286,0.026249332006003302,1.5481810426876306
D_W,dw,93,93,0.01,0.02,512,512,0,512,,512,512,0,512,0,0.5365644824889114,0.5001925322876439,0.4140587527014883,0.434235567003469,0.46111965104745234,0.5443390595262413,0.008748652830403473,0.49282489815160035,sample,70,0.5367002634330715,0.5009938148568287,0.4135629275397964,0.4337795182327037,0.4598716081339498,0.5447338692994048,0.008555880254026593,0.49220734589874016,2.4344349843645814,2.73993798881164,1.0469117899182268,0.43136451678885823,0.027072613499372417,3.686398766899941,0.026879090551043917,1.5463149819184123
D_W,dw,93,93,0.01,0.02,512,512,0,512,,512,512,0,512,0,0.5365644824889114,0.5001925322876439,0.4140587527014883,0.434235567003469,0.46111965104745234,0.5443390595262413,0.008748652830403473,0.49282489815160035,sample,71,0.5366027728359164,0.5001035044730319,0.4137686999228092,0.4342397947209304,0.46057172970799665,0.5443594876500361,0.00913589612587866,0.4931834078705834,2.4301000421938648,2.7401678696614593,1.0463040608963585,0.42730497647547555,0.002827769295297844,3.681700660269934,0.028701264153019847,1.5493813710386033
D_W,dw,93,93,0.01,0.02,512,512,0,512,,512,512,0,512,0,0.5365644824889114,0.5001925322876439,0.4140587527014883,0.434235567003469,0.46111965104745234,0.5443390595262413,0.008748652830403473,0.49282489815160035,sample,72,0.5367487570348393,0.5000235067830646,0.4145708702930506,0.43402209887359355,0.46081391887514717,0.5444274281129997,0.00859784684447332,0.4928636864269899,2.4176636514752063,2.735353939098629,1.0459956959374337,0.42773146970290177,0.0006396619030206872,3.677535017984318,0.027010932483287568,1.548376936500215
D_W,dw,93,93,0.01,0.02,512,512,0,512,,512,512,0,512,0,0.5365644824889114,0.5001925322876439,0.4140587527014883,0.434235567003469,0.46111965104745234,0.5443390595262413,0.008748652830403473,0.49282489815160035,sample,73,0.5364811306200857,0.500507327490763,0.41434827987611694,0.4344020791930244,0.4610082027657957,0.5441728204464178,0.009110911861782875,0.4928994997968108,2.4176240292415563,2.7389046984016723,1.0460744705503042,0.4253380720816888,0.013905676207030758,3.677888760180085,0.028622773772481184,1.5484894475197446
D_W,dw,93,93,0.01,0.02,512,512,0,512,,512,512,0,512,0,0.5365644824889114,0.5001925322876439,0.4140587527014883,0.434235567003469,0.46111965104745234,0.5443390595262413,0.008748652830403473,0.49282489815160035,sample,74,0.5364195299835116,0.4998867367031149,0.4143040886086583,0.4345568154540781,0.46083839905716417,0.5445690619703124,0.009028791637941775,0.4927245182332882,2.419055645013185,2.739732445917046,1.041931801124475,0.4261075875678482,6.2800753567825565,3.680839345599708,0.028364785480550835,1.5479397267252684
D_W,dw,93,93,0.01,0.02,512,512,0,512,,512,512,0,512,0,0.5365644824889114,0.5001925322876439,0.4140587527014883,0.434235567003469,0.46111965104745234,0.5443390595262413,0.008748652830403473,0.49282489815160035,sample,75,0.5368763458059703,0.5002765230616795,0.41402286764074636,0.43436520546150775,0.46154425700873314,0.5442688291293653,0.008844283214605859,0.4924231063269277,2.4229357168888264,2.736405724668377,1.0437603934457076,0.42456637452474144,0.007498516267278676,3.671583582732816,0.027785135173273287,1.5469928132945416
D_W,dw,93,93,0.01,0.02,512,512,0,512,,512,512,0,512,0,0.5365644824889114,0.5001925322876439,0.4140587527014883,0.434235567003469,0.46111965104745234,0.5443390595262413,0.008748652830403473,0.49282489815160035,sample,76,0.5366262584340271,0.5001103263583899,0.41382529900417964,0.4344044358947809,0.4608988825076616,0.5446750187035899,0.009141129988215355,0.4929919307807192,2.426889915121472,2.73970061186837,1.0414670085099573,0.4267812076833462,0.003012211168374156,3.6791350923611255,0.02871770681648671,1.5487798280197551
D_W,dw,93,93,0.01,0.02,512,512,0,512,,512,512,0,512,0,0.5365644824889114,0.5001925322876439,0.4140587527014883,0.434235567003469,0.46111965104745234,0.5443390595262413,0.008748652830403473,0.49282489815160035,sample,77,0.5366290044625489,0.4999999157692001,0.4154879871237229,0.4333772606823863,0.46000955499820684,0.5462102685526915,0.009488192824971252,0.49302622855759315,2.4037030118511877,2.732613775717389,1.0342827055008956,0.43610320416764176,6.283183007613951,3.682197565095144,0.029808036874773073,1.5488875776636168
D_W,dw,93,93,0.01,0.02,512,512,0,512,,512,512,0,512,0,0.5365644824889114,0.5001925322876439,0.4140587527014883,0.434235567003469,0.46111965104745234,0.5443390595262413,0.008748652830403473,0.49282489815160035,sample,78,0.5359029928701576,0.5003379715868983,0.4137539746146466,0.43466719988712266,0.46083672501818224,0.5446787518319484,0.008818815666253144,0.4929173835067207,2.4242864298184434,2.7471104113257305,1.0403232206710813,0.4259842911004014,0.009413187522321094,3.681602328685184,0.027705126510463453,1.5485456308514165
D_W,dw,93,93,0.01,0.02,512,512,0,512,,512,512,0,512,0,0.5365644824889114,0.5001925322876439,0.4140587527014883,0.434235567003469,0.46111965104745234,0.5443390595262413,0.008748652830403473,0.49282489815160035,sample,79,0.5368450308236168,0.5000764886985294,0.4139957916614659,0.43427165933832856,0.460697865656821,0.5440349451654949,0.008823220123703502,0.4924911512593188,2.4275492420418976,2.736836789674739,1.048961722119925,0.4261377922246698,0.00207595398731886,3.680502014757949,0.02771896352163255,1.5472065827542556
D_W,dw,93,93,0.01,0.02,512,512,0,512,,512,512,0,512,0,0.5365644824889114,0.5001925322876439,0.4140587527014883,0.434235567003469,0.46111965104745234,0.5443390595262413,0.008748652830403473,0.49282489815160035,sample,80,0.5364877518864793,0.5001150972830772,0.4141151924524141,0.434310258530215,0.4612746435835152,0.544273377086355,0.0091006703097774,0.4929056581785665,2.421617960511803,2.739851303988508,1.0447652813974855,0.4253446848862057,0.0031543982673141067,3.6742699547613866,0.028590598987939427,1.5485087946466263
D_W,dw,93,93,0.01,0.02,512,512,0,512,,512,512,0,512,0,0.5365644824889114,0.5001925322876439,0.4140587527014883,0.434235567003469,0.46111965104745234,0.5443390595262413,0.008748652830403473,0.49282489815160035,sample,81,0.5356125591732694,0.4994681366301602,0.4150271650950229,0.43428674384283245,0.46237869836213097,0.5435781233505226,0.008624692136492801,0.49319447538107375,2.403634846154767,2.744685754835755,1.048576695775934,0.4214348409307063,6.268251703860888,3.661551387992159,0.02709526945547944,1.5494161406482534
D_W,dw,93,93,0.01,0.02,512,512,0,512,,512,512,0,512,0,0.5365644824889114,0.5001925322876439,0.4140587527014883,0.434235567003469,0.46111965104745234,0.5443390595262413,0.008748652830403473,0.49282489815160035,sample,82,0.535268836428817,0.4999574677269652,0.41549001681698317,0.43437707246361296,0.45948564342200104,0.5440789258080211,0.008529999363110935,0.4924290537829847,2.4024764875344835,2.7462333278413107,1.0515594101651995,0.42850069207547536,6.281979362875118,3.6946944551424257,0.02679778333427493,1.5470114977787979
D_W,dw,93,93,0.01,0.02,512,512,0,512,,512,512,0,512,0,0.5365644824889114,0.5001925322876439,0.4140587527014883,0.434235567003469,0.46111965104745234,0.5443390595262413,0.008748652830403473,0.49282489815160035,sample,83,0.5361694248077502,0.5004362382532896,0.4144392165738876,0.43418986087861056,0.4611974595173344,0.5441854392183624,0.008359639760041027,0.49278983960346784,2.4152930110975515,2.7416170807884352,1.0464400534216802,0.42572848300776367,0.012060382621707026,3.6743399480421517,0.02626258285680203,1.5481449398619471
D_W,dw,93,93,0.01,0.02,512,512,0,512,,512,512,0,512,0,0.5365644824889114,0.5001925322876439,0.4140587527014883,0.434235567003469,0.46111965104745234,0.5443390595262413,0.008748652830403473,0.49282489815160035,sample,84,0.5363506796075322,0.4997460909765062,0.4136915303900616,0.434646084047614,0.4610640493054614,0.5448557769611392,0.009067277309551727,0.49306751832108786,2.427356592933256,2.742960399507322,1.03802995132618,0.42600765826201686,6.276200433803206,3.6788965987989193,0.02848569178374913,1.5490172932812802
D_W,dw,93,93,0.01,0.02,512,512,0,512,,512,512,0,512,0,0.5365644824889114,0.5001925322876439,0.4140587527014883,0.434235567003469,0.46111965104745234,0.5443390595262413,0.008748652830403473,0.49282489815160035,sample,85,0.5367077285446501,0.5003334939089159,0.4140285244298564,0.4343588109456991,0.4609505106377253,0.5441456205221662,0.008650844951437158,0.4931415403870912,2.4244273550195325,2.738034881514402,1.046719957522854,0.42555079497982484,0.009084864336217434,3.6782486064752775,0.027177430946779324,1.5492498404600399
D_W,dw,93,93,0.01,0.02,512,512,0,512,,512,512,0,512,0,0.5365644824889114,0.5001925322876439,0.4140587527014883,0.434235567003469,0.46111965104745234,0.5443390595262413,0.008748652830403473,0.49282489815160035,sample,86,0.5368010815006897,0.5003055634247509,0.41383402471797365,0.43421365256652333,0.4615073312073754,0.5451702207609396,0.008832396761805387,0.4924511776742944,2.4242734842139058,2.7379361721656057,1.0358154703920825,0.4273899378009992,0.008302919114527067,3.670996418085837,0.027747792780478082,1.5470810020332053
D_W,dw,93,93,0.01,0.02,512,512,0,512,,512,512,0,512,0,0.5365644824889114,0.5001925322876439,0.4140587527014883,0.434235567003469,0.46111965104745234,0.5443390595262413,0.008748652830403473,0.49282489815160035,sample,87,0.537126739754097,0.4997195946583834,0.413827742353651,0.4345836579016508,0.46123915986406433,0.5446922277416734,0.009200174056483336,0.4928581199583394,2.42793477235897,2.7347727443476937,1.039421239519333,0.4254586925771504,6.275632798880241,3.6764979498144794,0.028903199227595454,1.548359448923196
D_W,dw,93,93,0.01,0.02,512,512,0,512,,512,512,0,512,0,0.5365644824889114,0.5001925322876439,0.4140587527014883,0.434235567003469,0.46111965104745234,0.5443390595262413,0.008748652830403473,0.49282489815160035,sample,88,0.5369386140919112,0.5001373081839834,0.4141459984148718,0.4341237471877422,0.46153220133092154,0.5438346114239778,0.008835114437903167,0.493260309161109,2.4233365533588844,2.735281806829391,1.0492522794239816,0.4244135908828812,0.0037171820043165353,3.6701198468810694,0.0277563306117417,1.5496229635679701
D_W,dw,93,93,0.01,0.02,512,512,0,512,,512,512,0,512,0,0.5365644824889114,0.5001925322876439,0.4140587527014883,0.434235567003469,0.46111965104745234,0.5443390595262413,0.008748652830403473,0.49282489815160035,sample,89,0.5363950510696965,0.5002663698986277,0.4141032774120863,0.43395107079349404,0.46141050451710913,0.5441632036827935,0.008471718235750665,0.4929851373513099,2.422027123177655,2.7408079944382773,1.0472139991175873,0.4260845443873986,0.007318718750702936,3.6703553789147154,0.02661468777271697,1.5487584858318302
D_W,dw,93,93,0.01,0.02,512,512,0,512,,512,512,0,512,0,0.5365644824889114,0.5001925322876439,0.4140587527014883,0.434235567003469,0.46111965104745234,0.5443390595262413,0.008748652830403473,0.49282489815160035,sample,90,0.5363787835669631,0.5001595849722901,0.4137969600129869,0.4342701793033447,0.4612629961203241,0.5442097416469746,0.008950696752627406,0.49316892257747136,2.426550502084655,2.7422514897012746,1.0456196667682751,0.4253594219992085,0.004386731302928573,3.6741346883754034,0.028119443162564275,1.5493358641481776
D_W,dw,93,93,0.01,0.02,512,512,0,512,,512,512,0,512,0,0.5365644824889114,0.5001925322876439,0.4140587527014883,0.434235567003469,0.46111965104745234,0.5443390595262413,0.008748652830403473,0.49282489815160035,sample,91,0.5367584159218816,0.5001369008163994,0.4139291451340468,0.43416095067184174,0.46110534796106695,0.5442078263312413,0.008771691309937452,0.4924336328111686,2.4267079027549796,2.7379661641261324,1.0466271397622293,0.42608201889528236,0.0037243221722438845,3.67518555040688,0.02755708097885693,1.547025883220101
D_W,dw,93,93,0.01,0.02,512,512,0,512,,512,512,0,512,0,0.5365644824889114,0.5001925322876439,0.4140587527014883,0.434235567003469,0.46111965104745234,0.5443390595262413,0.008748652830403473,0.49282489815160035,sample,92,0.5365613969818703,0.5002099779280689,0.4138900249655505,0.4341562490245454,0.4610969326776486,0.5444042453344684,0.008402836834141041,0.49285019811417086,2.4260597357125855,2.7400637655650346,1.0447513972608609,0.42659176547497957,0.005743096183929154,3.675249020296914,0.02639829046745121,1.5483345617157533
D_W,dw,93,93,0.01,0.02,512,512,0,512,,512,512,0,512,0,0.5365644824889114,0.5001925322876439,0.4140587527014883,0.434235567003469,0.46111965104745234,0.5443390595262413,0.008748652830403473,0.49282489815160035,sample,93,0.5362233750017542,0.49983352016378196,0.41388058560128305,0.4340392711765379,0.4611123871067764,0.5445529377132202,0.00840453919220609,0.4924080080697349,2.4260984001954027,2.7434356803554083,1.0438263431748045,0.4273395874990004,6.278589416706441,3.6742981286845082,0.02640363858304215,1.5469453807206628
D_W,dw,93,93,0.01,0.02,512,512,0,512,,512,512,0,512,0,0.5365644824889114,0.5001925322876439,0.4140587527014883,0.434235567003469,0.46111965104745234,0.5443390595262413,0.008748652830403473,0.49282489815160035,sample,94,0.5366372639531038,0.5001067577111229,0.4143093612534622,0.4342458914831431,0.4609521915456085,0.5443379739044069,0.008995821967709431,0.4925839857236341,2.4202258252022677,2.737560300122079,1.045380642378409,0.42641731124371685,0.0029139023346729702,3.6774748001572113,0.028261208206757624,1.5474982308253484
D_W,dw,93,93,0.01,0.02,512,512,0,512,,512,512,0,512,0,0.5365644824889114,0.5001925322876439,0.4140587527014883,0.434235567003469,0.46111965104745234,0.5443390595262413,0.008748652830403473,0.49282489815160035,sample,95,0.5366229001511426,0.49961602763497376,0.41358812724397703,0.43525788687280087,0.4603880815729455,0.5450276861605454,0.008686983628468783,0.49337482575646485,2.430402434937381,2.74070391838441,1.0353484631907506,0.4257058872844584,6.2727012031068075,3.690673748615608,0.02729096394905233,1.5499827280626541
D_W,dw,93,93,0.01,0.02,512,512,0,512,,512,512,0,512,0,0.5365644824889114,0.5001925322876439,0.4140587527014883,0.434235567003469,0.46111965104745234,0.5443390595262413,0.008748652830403473,0.49282489815160035,sample,96,0.5360519734031957,0.5004270131714204,0.4136433631404613,0.43271976974774795,0.46100035485530455,0.5446122691030655,0.00811299958289371,0.492201899348676,2.432349221711763,2.74608570633112,1.0499615715789445,0.4324769444888246,0.0118438233566333,3.666921848755477,0.025487739888195936,1.5462978710767432
D_W,dw,93,93,0.01,0.02,512,512,0,512,,512,512,0,512,0,0.5365644824889114,0.5001925322876439,0.4140587527014883,0.434235567003469,0.46111965104745234,0.5443390595262413,0.008748652830403473,0.49282489815160035,sample,97,0.5360260071998019,0.4999128056294788,0.4141188114138044,0.4345644363185677,0.4610660045549178,0.5441872818698671,0.008828578113315126,0.49329224316620945,2.420622802613547,2.744400119407884,1.0449700777729933,0.4246673513613151,6.280764994548811,3.6783257104970604,0.027735796142434436,1.5497232872037934
D_W,dw,93,93,0.01,0.02,512,512,0,512,,512,512,0,512,0,0.5365644824889114,0.5001925322876439,0.4140587527014883,0.434235567003469,0.46111965104745234,0.5443390595262413,0.008748652830403473,0.49282489815160035,sample,98,0.5370003934008539,0.500143445557727,0.4141293464338727,0.4342810810717728,0.46088840385554236,0.5438812876090787,0.008665597242941846,0.49304890150873987,2.4254176306511965,2.73474504029703,1.049874886142736,0.4253264499680448,0.003876846321957464,3.6784269018612266,0.02722377663739407,1.5489588068403746
D_W,dw,93,93,0.01,0.02,512,512,0,512,,512,512,0,512,0,0.5365644824889114,0.5001925322876439,0.4140587527014883,0.434235567003469,0.46111965104745234,0.5443390595262413,0.008748652830403473,0.49282489815160035,sample,99,0.5365867377794518,0.5005145155389013,0.4140600989660124,0.4342360864575679,0.46118058180298277,0.5442964794836694,0.008567163525229599,0.4930364655661065,2.42227976054979,2.7390727114333497,1.0451741238999521,0.4258665551859453,0.014061970441055126,3.6748377681835165,0.02691453799296374,1.5489197381743571
D_W,dw,93,93,0.01,0.02,512,512,0,512,,512,512,0,512,0,0.5365644824889114,0.5001925322876439,0.4140587527014883,0.434235567003469,0.46111965104745234,0.5443390595262413,0.008748652830403473,0.49282489815160035,sample,100,0.5366876291117013,0.50043168300761,0.4136895815521849,0.4340420247919786,0.46097344832190035,0.5443474483931188,0.008543023061729198,0.4930604121274539,2.4300456903194187,2.739641136979518,1.0462200843183944,0.42712700817092975,0.011765903048335578,3.6758780752036198,0.026838698490176633,1.5489949685155648
D_W,dw,93,93,0.01,0.02,512,512,0,512,,512,512,0,512,0,0.5365644824889114,0.5001925322876439,0.4140587527014883,0.434235567003469,0.46111965104745234,0.5443390595262413,0.008748652830403473,0.49282489815160035,sample,101,0.5362517519195086,0.49972278846449764,0.4138964588176852,0.4340555078460342,0.4613155098826382,0.5444340521473571,0.008913371099271518,0.49273271510148603,2.425755305110331,2.743083139062656,1.0443231722617086,0.4265635531719017,6.275538611012663,3.672117312959055,0.028002181164190978,1.5479654779461811
D_W,dw,93,93,0.01,0.02,512,512,0,512,,512,512,0,512,0,0.5365644824889114,0.5001925322876439,0.4140587527014883,0.434235567003469,0.46111965104745234,0.5443390595262413,0.008748652830403473,0.49282489815160035,sample,102,0.5366316093395133,0.49998537024558065,0.41386570456189525,0.4341468687079694,0.46114027782931694,0.5441424767870736,0.009145391068193731,0.4930665988482785,2.42777193390002,2.7394807471480673,1.047235996443193,0.4259008000038723,6.282785932052331,3.6746985668985688,0.028731093394043138,1.5490144046722574
D_W,dw,93,93,0.01,0.02,512,512,0,512,,512,512,0,512,0,0.5365644824889114,0.5001925322876439,0.4140587527014883,0.434235567003469,0.46111965104745234,0.5443390595262413,0.008748652830403473,0.49282489815160035,sample,103,0.536314618781015,0.5000788450917915,0.41391560379460085,0.4340727370236295,0.4609389525454637,0.544266774860937,0.008319662147733376,0.4924200016796054,2.4262821142506987,2.7423930889105854,1.0469590042145445,0.4268952567165051,0.002171163309637384,3.6764695879396228,0.026136989483668254,1.546983059757322
D_W,dw,93,93,0.01,0.02,512,512,0,512,,512,512,0,512,0,0.5365644824889114,0.5001925322876439,0.4140587527014883,0.434235567003469,0.46111965104745234,0.5443390595262413,0.008748652830403473,0.49282489815160035,sample,104,0.5365688604632958,0.5000976850877618,0.413985477437172,0.4344043931260806,0.46120471511591565,0.5443834192635281,0.00908446894652816,0.492826544815679,2.4237280055289023,2.7395957821768735,1.0434271416203011,0.425421771138064,0.0026712578455063756,3.675687700411469,0.028539700904177474,1.5482602526869782
D_W,dw,93,93,0.01,0.02,512,512,0,512,,512,512,0,512,0,0.5365644824889114,0.5001925322876439,0.4140587527014883,0.434235567003469,0.46111965104745234,0.5443390595262413,0.008748652830403473,0.49282489815160035,sample,105,0.5368236450443878,0.5003179418702576,0.4135189725339397,0.43446262219805243,0.46108450826106406,0.5439486329863723,0.008380307878478554,0.4927272477380071,2.432717904976306,2.739030928399996,1.0477614465855614,0.4244168901017962,0.008633962484616512,3.6774340536095846,0.02632751366584889,1.547948301717241
D_W,dw,93,93,0.01,0.02,512,512,0,512,,512,512,0,512,0,0.5365644824889114,0.5001925322876439,0.4140587527014883,0.434235567003469,0.46111965104745234,0.5443390595262413,0.008748652830403473,0.49282489815160035,sample,106,0.5361760329151941,0.4998758154220018,0.41393088255737515,0.4344620504692738,0.4611244324361359,0.5448966143679309,0.00835455895605535,0.4929651685038882,2.4228387833213674,2.7436958896660353,1.0383634852827757,0.42663685653529326,6.279752534700224,3.6769797228190297,0.026246621040326296,1.5486957518474698
D_W,dw,93,93,0.01,0.02,512,512,0,512,,512,512,0,512,0,0.5365644824889114,0.5001925322876439,0.4140587527014883,0.434235567003469,0.46111965104745234,0.5443390595262413,0.008748652830403473,0.49282489815160035,sample,107,0.5365939806869884,0.5004814648639572,0.4149049733526604,0.4345988955717632,0.46112002358269416,0.5445170921763018,0.009230478207984864,0.4931977127534844,2.407373186960012,2.735432249919987,1.0414082419856088,0.42522981812216193,0.013156182422938006,3.6779471482144372,0.028998402527325925,1.5494263111536355
D_W,dw,93,93,0.01,0.02,512,512,0,512,,512,512,0,512,0,0.5365644824889114,0.5001925322876439,0.4140587527014883,0.434235567003469,0.46111965104745234,0.5443390595262413,0.008748652830403473,0.49282489815160035,sample,108,0.5363955953157143,0.49920981851433727,0.41409171116280524,0.43392112647423464,0.4610860014925094,0.5436750126920735,0.0090428162361781,0.4928609572526711,2.4275066579832716,2.740775967150728,1.0530813251322246,0.42570823018522697,6.261477807696568,3.6738120919574793,0.028408845055339624,1.5483683625462246
D_W,dw,93,93,0.01,0.02,512,512,0,512,,512,512,0,512,0,0.5365644824889114,0.5001925322876439,0.4140587527014883,0.434235567003469,0.46111965104745234,0.5443390595262413,0.008748652830403473,0.49282489815160035,sample,109,0.5363835968744649,0.5003986153192926,0.41400954138234514,0.43402051343969766,0.4613787837548332,0.5438815210791362,0.008924559727940547,0.4930634093334826,2.4236482616375876,2.741300689282811,1.0497322171460655,0.4252229876878385,0.01095546910779791,3.671171841940685,0.028037331277821344,1.549004384516006
D_W,dw,93,93,0.01,0.02,512,512,0,512,,512,512,0,512,0,0.5365644824889114,0.5001925322876439,0.4140587527014883,0.434235567003469,0.46111965104745234,0.5443390595262413,0.008748652830403473,0.49282489815160035,sample,110,0.5367896088004526,0.5001788040628751,0.4145134730795436,0.4336120053177435,0.46075306147731326,0.5442831600091639,0.008650190956127825,0.4930105986635608,2.4201538903546584,2.7351902040592075,1.0495621575832308,0.42898787418186596,0.004860140155372074,3.67549808861212,0.027175376359920043,1.5488384749033484
D_W,dw,93,93,0.01,0.02,512,512,0,512,,512,512,0,512,0,0.5365644824889114,0.5001925322876439,0.4140587527014883,0.434235567003469,0.46111965104745234,0.5443390595262413,0.008748652830403473,0.49282489815160035,sample,111,0.536797042393873,0.5007553977373065,0.4134912192257637,0.4337268952987083,0.46123766876639966,0.5440771190980367,0.008986910339271102,0.49292687286190046,2.433496512241102,2.7393444914409626,1.0496417558227753,0.4270510781812626,0.020525879234237876,3.670826135962004,0.02823321150032425,1.5485754425399365
D_W,dw,93,93,0.01,0.02,512,512,0,512,,512,512,0,512,0,0.5365644824889114,0.5001925322876439,0.4140587527014883,0.434235567003469,0.46111965104745234,0.5443390595262413,0.008748652830403473,0.49282489815160035,sample,112,0.5368153964478893,0.5000027436025203,0.4137511634684238,0.43458906451781243,0.46112591452330837,0.5443364376859684,0.008794428665083776,0.49251393337411176,2.428407001115551,2.738155292393716,1.043210013225686,0.4248130751367967,7.452323701274158e-05,3.677814576788225,0.027628512486746682,1.5472781548787222
D_W,dw,93,93,0.01,0.02,512,512,0,512,,512,512,0,512,0,0.5365644824889114,0.5001925322876439,0.4140587527014883,0.434235567003469,0.46111965104745234,0.5443390595262413,0.008748652830403473,0.49282489815160035,sample,113,0.5366795786698244,0.5002609238331733,0.41404774888239165,0.43432800039729025,0.4613508926441192,0.5440229730957593,0.008564765895325618,0.4930442865864588,2.423207470116843,2.7382368998050564,1.046917983998433,0.42451396258741214,0.00711347953185292,3.6735261997640904,0.026907005616471368,1.5489443086344397
D_W,dw,93,93,0.01,0.02,512,512,0,512,,512,512,0,512,0,0.5365644824889114,0.5001925322876439,0.4140587527014883,0.434235567003469,0.46111965104745234,0.5443390595262413,0.008748652830403473,0.49282489815160035,sample,114,0.5366874167632096,0.5002400320342182,0.41424485964930857,0.43427893691455066,0.4611220659932903,0.5444203830734241,0.008457860405981886,0.49267311669484015,2.420193331474279,2.7373315518951724,1.043920426027104,0.42613706576213084,0.006542532305346843,3.6757829542225466,0.02657115211652068,1.5477782440296968
D_W,dw,93,93,0.01,0.02,512,512,0,512,,512,512,0,512,0,0.5365644824889114,0.5001925322876439,0.4140587527014883,0.434235567003469,0.46111965104745234,0.5443390595262413,0.008748652830403473,0.49282489815160035,sample,115,0.5368063455555055,0.5003230037951186,0.41437399959325877,0.4339962691757537,0.46105008981757206,0.5443554187608115,0.008676299014129195,0.4930784578812172,2.4196164374449727,2.735607133157104,1.046144455899118,0.42714794802699874,0.008775538529716569,3.6747133971024573,0.027257397243136642,1.549051660923016
D_W,dw,93,93,0.01,0.02,512,512,0,512,,512,512,0,512,0,0.5365644824889114,0.5001925322876439,0.4140587527014883,0.434235567003469,0.46111965104745234,0.5443390595262413,0.008748652830403473,0.49282489815160035,sample,116,0.5360929112216865,0.49985251587021046,0.41437705486395465,0.43391487235824844,0.46141227418703556,0.5439314183372438,0.008810698734656223,0.4925307054979394,2.4183673193500907,2.7426591174990294,1.0496609282767237,0.42565363877028256,6.279099094570448,3.6700967896588894,0.02767962641778888,1.5473308460597244
D_W,dw,93,93,0.01,0.02,512,512,0,512,,512,512,0,512,0,0.5365644824889114,0.5001925322876439,0.4140587527014883,0.434235567003469,0.46111965104745234,0.5443390595262413,0.008748652830403473,0.49282489815160035,sample,117,0.5365862017438153,0.5002147720860197,0.4136978243282599,0.43399025614521203,0.4610558173981177,0.5438835620527163,0.008507332914793895,0.4930633289110092,2.431062886846324,2.740621280460271,1.0507815448305913,0.4260218419381718,0.005870235465451729,3.674609162592295,0.02672657458675914,1.5490041318613543
D_W,dw,93,93,0.01,0.02,512,512,0,512,,512,512,0,512,0,0.5365644824889114,0.5001925322876439,0.4140587527014883,0.434235567003469,0.46111965104745234,0.5443390595262413,0.008748652830403473,0.49282489815160035,sample,118,0.5365254557642719,0.5005948969599125,0.4139631726995081,0.4346055729927935,0.4611347731475126,0.5435592542241776,0.008905203257379838,0.49312871142253495,2.4240104477863342,2.7400700840493917,1.050762897753658,0.4228596888390562,0.01628574791391584,3.6778253399340284,0.027976521132108394,1.549209537079237
D_W,dw,93,93,0.01,0.02,512,512,0,512,,512,512,0,512,0,0.5365644824889114,0.5001925322876439,0.4140587527014883,0.434235567003469,0.46111965104745234,0.5443390595262413,0.008748652830403473,0.49282489815160035,sample,119,0.5359731221590228,0.500259002385212,0.4141023245960763,0.4338212392780061,0.46048139027433843,0.5442735471137279,0.008644940092973267,0.49317291578084244,2.4240336492929284,2.7449840896240416,1.049425650838702,0.42879281615807885,0.007199761777323217,3.6799135156946963,0.027158880286808677,1.5493484091665524
D_W,dw,93,93,0.01,0.02,512,512,0,512,,512,512,0,512,0,0.5365644824889114,0.5001925322876439,0.4140587527014883,0.434235567003469,0.46111965104745234,0.5443390595262413,0.008748652830403473,0.49282489815160035,sample,120,0.535797940906529,0.5005275892476282,0.41418321692040155,0.4351830847832785,0.4606987927520713,0.5443847693952826,0.0085711318283807,0.4923354403071753,2.4159557840073376,2.7463564463556867,1.0410755389744075,0.42372494388136306,0.014736910570306166,3.686662223218816,0.02692700478499046,1.546717402370918
D_W,dw,93,93,0.01,0.02,512,512,0,512,,512,512,0,512,0,0.5365644824889114,0.5001925322876439,0.4140587527014883,0.434235567003469,0.46111965104745234,0.5443390595262413,0.008748652830403473,0.49282489815160035,sample,121,0.5365027854861912,0.5000127351551236,0.41396925112572935,0.43445031248738697,0.46126273258950035,0.5445591426660482,0.00841867389833403,0.49289147605965666,2.4232593403750506,2.740315643383742,1.0413119757674436,0.42556147080295914,0.00034888172059316093,3.6753388501723845,0.026448044071974333,1.5484642402060467
D_W,dw,93,93,0.01,0.02,512,512,0,512,,512,512,0,512,0,0.5365644824889114,0.5001925322876439,0.4140587527014883,0.434235567003469,0.46111965104745234,0.5443390595262413,0.008748652830403473,0.49282489815160035,sample,122,0.5365522761898037,0.5001677969215864,0.4143627384986718,0.43422058589285734,0.4609960263561786,0.5440987387013231,0.00861753383448513,0.49310050486476015,2.4193600572396927,2.7381719246298792,1.0477216859779956,0.4258371136853414,0.004590568916525984,3.676812991571434,0.027072780986479965,1.5491209235645484
D_W,dw,93,93,0.01,0.02,512,512,0,512,,512,512,0,512,0,0.5365644824889114,0.5001925322876439,0.4140587527014883,0.434235567003469,0.46111965104745234,0.5443390595262413,0.008748652830403473,0.49282489815160035,sample,123,0.5364322172644659,0.5001410896903721,0.41410672089183187,0.43436688784445193,0.46096716461516013,0.5446111291097898,0.00889657429369508,0.4925633892435815,2.4216286714969146,2.7404337364889453,1.0420753146721762,0.4266145464495506,0.0038726433810651164,3.678115251127805,0.027949412443188264,1.5474335250749254
D_W,dw,93,93,0.01,0.02,512,512,0,512,,512,512,0,512,0,0.5365644824889114,0.5001925322876439,0.4140587527014883,0.434235567003469,0.46111965104745234,0.5443390595262413,0.008748652830403473,0.49282489815160035,sample,124,0.5364325221468016,0.5007374893882395,0.41392175820466726,0.43378546383047134,0.4611579140998307,0.544486241233472,0.008856683373582735,0.49247484169379474,2.4245118132867387,2.741132596388263,1.0455853729088498,0.42799440427885993,0.020239847189119954,3.672108122203764,0.027824091421618385,1.547155344743022
D_W,dw,93,93,0.01,0.02,512,512,0,512,,512,512,0,512,0,0.5365644824889114,0.5001925322876439,0.4140587527014883,0.434235567003469,0.46111965104745234,0.5443390595262413,0.008748652830403473,0.49282489815160035,sample,125,0.5365028936224552,0.4998566226701537,0.41338409020013844,0.4344655827532965,0.4606233205709962,0.5442221154449417,0.008996572721139424,0.49336669662302396,2.4360237827945093,2.74274351061096,1.0464021595860316,0.42605394544023417,6.279257492743839,3.682640561291889,0.028263566768217948,1.5499571896367563
D_W,dw,93,93,0.01,0.02,512,512,0,512,,512,512,0,512,0,0.5365644824889114,0.5001925322876439,0.4140587527014883,0.434235567003469,0.46111965104745234,0.5443390595262413,0.008748652830403473,0.49282489815160035,sample,126,0.5367588308078953,0.49987923721570515,0.41364215598160614,0.4338908073519946,0.46106079909771913,0.5442147187493093,0.00864596980426553,0.4932340654943308,2.43305469441526,2.73916361016912,1.048002759446033,0.4271652960288342,6.27990004627279,3.673894609335635,0.02716211522023977,1.5495405166572165
D_W,dw,93,93,0.01,0.02,512,512,0,512,,512,512,0,512,0,0.5365644824889114,0.5001925322876439,0.4140587527014883,0.434235567003469,0.46111965104745234,0.5443390595262413,0.008748652830403473,0.49282489815160035,sample,127,0.5358254699576168,0.4997811490799901,0.41494541613772806,0.4347867100075644,0.46086317147997335,0.5439058758114204,0.008428489732970773,0.4929856801509348,2.4076560340712807,2.7429335777396435,1.0472457167455693,0.42362513059598017,6.277076575095847,3.682111984582413,0.02647888142595798,1.5487601910871442
D_W,dw,93,93,0.01,0.02,512,512,0,512,,512,512,0,512,0,0.5365644824889114,0.5001925322876439,0.4140587527014883,0.434235567003469,0.46111965104745234,0.5443390595262413,0.008748652830403473,0.49282489815160035,sample,128,0.5365194235322982,0.5012685429724382,0.4138898317289315,0.4346515672182857,0.4619759045863357,0.5448363493087698,0.008713798507969814,0.492903679438488,2.4176418501712544,2.7402667949726576,1.0355196177881785,0.4240192639908978,0.03472215636977161,3.6685723391270995,0.027375205377499667,1.5485025782513322
D_W,dw,93,93,0.01,0.02,512,512,0,512,,512,512,0,512,0,0.5365644824889114,0.5001925322876439,0.4140587527014883,0.434235567003469,0.46111965104745234,0.5443390595262413,0.008748652830403473,0.49282489815160035,sample,129,0.5365265332363197,0.5002586531219846,0.4142535964394614,0.43430591036054356,0.4609443338436033,0.5445538136562984,0.009107075359701261,0.49279026882595767,2.4196736508828405,2.738880424193942,1.0430001215176326,0.4267421692304333,0.007081120925023476,3.6779641810144947,0.028610721045726106,1.548146288304168
D_W,dw,93,93,0.01,0.02,512,512,0,512,,512,512,0,512,0,0.5365644824889114,0.5001925322876439,0.4140587527014883,0.434235567003469,0.46111965104745234,0.5443390595262413,0.008748652830403473,0.49282489815160035,sample,130,0.5361072608800656,0.5002557638441233,0.4138501820350726,0.4341051603359385,0.46154411564933195,0.5441626946439689,0.00873410802078871,0.49310558396403187,2.4241912636684604,2.744702525516223,1.0460821797665532,0.42524623471447126,0.007083327850131224,3.6698621476324154,0.0274390095937695,1.5491368800255074
D_W,dw,93,93,0.01,0.02,512,512,0,512,,512,512,0,512,0,0.5365644824889114,0.5001925322876439,0.4140587527014883,0.434235567003469,0.46111965104745234,0.5443390595262413,0.008748652830403473,0.49282489815160035,sample,131,0.5368926012489563,0.500294952971536,0.414722509209054,0.4342512630306331,0.4612628660388018,0.5448307606687308,0.008674175287731576,0.49246870174372387,2.4118088473320967,2.7332753461949637,1.0396412185438855,0.4269372881898373,0.007994738171576045,3.6740103010564242,0.027250725359887647,1.5471360555209859
D_W,dw,93,93,0.01,0.02,512,512,0,512,,512,512,0,512,0,0.5365644824889114,0.5001925322876439,0.4140587527014883,0.434235567003469,0.46111965104745234,0.5443390595262413,0.008748652830403473,0.49282489815160035,sample,132,0.5368183815995576,0.500260965359222,0.4138802399974212,0.434481762413885,0.4613838053920144,0.5442170746715398,0.008981521598601687,0.49257658637645696,2.425353641212264,2.7375758681142046,1.0441591047622225,0.4243607960151453,0.007087790876468226,3.6741786917169104,0.028216282272225113,1.5474749850906153
D_W,dw,93,93,0.01,0.02,512,512,0,512,,512,512,0,512,0,0.5365644824889114,0.5001925322876439,0.4140587527014883,0.434235567003469,0.46111965104745234,0.5443390595262413,0.008748652830403473,0.49282489815160035,sample,133,0.5363227865949277,0.5001905266005059,0.4139049632732716,0.43417278694052597,0.46135092585906406,0.5443073452983748,0.008745169871596424,0.49322308510694157,2.4243360812818437,2.7423527291667025,1.0448864556451356,0.42575988720226926,0.005245325896379775,3.6724945182286417,0.02747376142300212,1.549506020752861
D_W,dw,93,93,0.01,0.02,512,512,0,512,,512,512,0,512,0,0.5365644824889114,0.5001925322876439,0.4140587527014883,0.434235567003469,0.46111965104745234,0.5443390595262413,0.008748652830403473,0.49282489815160035,sample,134,0.5365130644088523,0.500106057240294,0.4141244390224844,0.4341415861173594,0.4610488378439017,0.5442883232509196,0.009132839362231348,0.492977674662203,2.4228780361427664,2.739563169601634,1.0460960297880182,0.4264661271584981,0.002904629993318561,3.675692706544475,0.028691661046801695,1.548735041102556
D_W,dw,93,93,0.01,0.02,512,512,0,512,,512,512,0,512,0,0.5365644824889114,0.5001925322876439,0.4140587527014883,0.434235567003469,0.46111965104745234,0.5443390595262413,0.008748652830403473,0.49282489815160035,sample,135,0.5369895117800464,0.49992611420161337,0.41391916751414065,0.43454746312603515,0.4609925715455397,0.544742854335163,0.008706011484839193,0.49258587224684686,2.426252428451787,2.7357414164858787,1.0398281274001884,0.4262357470528644,6.281187830149882,3.679040042374616,0.027350741722839175,1.5475041575128143
D_W,dw,93,93,0.01,0.02,512,512,0,512,,512,512,0,512,0,0.5365644824889114,0.5001925322876439,0.4140587527014883,0.434235567003469,0.46111965104745234,0.5443390595262413,0.008748652830403473,0.49282489815160035,sample,136,0.5361825691808165,0.4999175494945419,0.41448598713015966,0.4342816363004795,0.4618355867107511,0.5440537509244958,0.00848981388741607,0.4930421775389018,2.413802345311531,2.7413157180160646,1.0454494460225794,0.4237341037179411,6.2809065756076325,3.6677201046776924,0.02667153693905093,1.5489376828661283
D_W,dw,93,93,0.01,0.02,512,512,0,512,,512,512,0,512,0,0.5365644824889114,0.5001925322876439,0.4140587527014883,0.434235567003469,0.46111965104745234,0.5443390595262413,0.008748652830403473,0.49282489815160035,sample,137,0.5362673709974435,0.5003967734201934,0.4138229372493627,0.43431603920800854,0.4609340614724205,0.5442179967435345,0.008355834047173003,0.4922524888511339,2.426072453082713,2.743223366734931,1.0462662550364483,0.4259141945584553,0.010939794660022192,3.678147447689976,0.026250626857214174,1.5464568026860137
D_W,dw,93,93,0.01,0.02,512,512,0,512,,512,512,0,512,0,0.5365644824889114,0.5001925322876439,0.4140587527014883,0.434235567003469,0.46111965104745234,0.5443390595262413,0.008748652830403473,0.49282489815160035,sample,138,0.5362940140497774,0.5000109850407999,0.41420005548861005,0.43399170153594624,0.4605641742859037,0.5443804787726924,0.008773827963232448,0.492484944572106,2.4231508517533524,2.7414109240005016,1.047322053325245,0.4282609612814939,0.00030266810525221083,3.6801257531411546,0.027563793473151757,1.5471870838713047
D_W,dw,93,93,0.01,0.02,512,512,0,512,,512,512,0,512,0,0.5365644824889114,0.5001925322876439,0.4140587527014883,0.434235567003469,0.46111965104745234,0.5443390595262413,0.008748652830403473,0.49282489815160035,sample,139,0.536731260382283,0.5002824033906921,0.4139090296326772,0.4339902505072424,0.4610317627265786,0.5443820686072474,0.008719006812363903,0.4932152537699683,2.426960726433048,2.7383092200904353,1.0459660448343853,0.42727288194232454,0.00768821498554768,3.6748794021625817,0.0273915677483218,1.5494814178821579
D_W,dw,93,93,0.01,0.02,512,512,0,512,,512,512,0,512,0,0.5365644824889114,0.5001925322876439,0.4140587527014883,0.434235567003469,0.46111965104745234,0.5443390595262413,0.008748652830403473,0.49282489815160035,sample,140,0.5354328511162603,0.5003019967513695,0.41486001210179524,0.43378814564206836,0.4612093331105847,0.5439837335330832,0.008523350579191551,0.4929288224181804,2.4081969210350342,2.747210494548371,1.0503404295618401,0.4266656465905063,0.008522865915345713,3.6715478479218264,0.026776895563558487,1.5485815672516234
D_W,dw,93,93,0.01,0.02,512,512,0,512,,512,512,0,512,0,0.5365644824889114,0.5001925322876439,0.4140587527014883,0.434235567003469,0.46111965104745234,0.5443390595262413,0.008748652830403473,0.49282489815160035,sample,141,0.5365107316134899,0.5003035339623537,0.4136918762102376,0.4341686171122255,0.4609252601681077,0.5441801062908349,0.008999122526021594,0.4927974423133069,2.4298660178617317,2.7413813034195247,1.0473808778490135,0.42637086986210304,0.008313363120766387,3.67726187793418,0.028271577216503863,1.5481688244793248
D_W,dw,93,93,0.01,0.02,512,512,0,512,,512,512,0,512,0,0.5365644824889114,0.5001925322876439,0.4140587527014883,0.434235567003469,0.46111965104745234,0.5443390595262413,0.008748652830403473,0.49282489815160035,sample,142,0.5362949981239654,0.5000806696896609,0.41390563895888505,0.4341501536807739,0.4614393737923839,0.5443995839826811,0.00860292570373423,0.4931925139340485,2.4240974971381952,2.7426279901734874,1.043839500414248,0.42587829073592515,0.00222260810014685,3.6713448218288574,0.027026888190230258,1.5494099785806885
D_W,dw,93,93,0.01,0.02,512,512,0,512,,512,512,0,512,0,0.5365644824889114,0.5001925322876439,0.4140587527014883,0.434235567003469,0.46111965104745234,0.5443390595262413,0.008748652830403473,0.49282489815160035,sample,143,0.5363984005956377,0.5003729183277854,0.41385232013178513,0.4342718891599487,0.4610125534453243,0.5443518530177841,0.008993048123295459,0.4928293500543124,2.42569050766455,2.741812709786769,1.044942963771067,0.42622906859209675,0.010245100723187265,3.6769693663695655,0.02825249391752449,1.5482690656040603
D_W,dw,93,93,0.01,0.02,512,512,0,512,,512,512,0,512,0,0.5365644824889114,0.5001925322876439,0.4140587527014883,0.434235567003469,0.46111965104745234,0.5443390595262413,0.008748652830403473,0.49282489815160035,sample,144,0.5365206904787692,0.49977137658977006,0.4139307861682721,0.4339890035307199,0.4611931719931918,0.5439594978507413,0.008670709775712004,0.4932739946107505,2.4276758133104663,2.7402930203598816,1.0496490075414573,0.4259168582815879,6.276925282497671,3.673055911574177,0.027239838132786034,1.549665957676025
D_W,dw,93,93,0.01,0.02,512,512,0,512,,512,512,0,512,0,0.5365644824889114,0.5001925322876439,0.4140587527014883,0.434235567003469,0.46111965104745234,0.5443390595262413,0.008748652830403473,0.49282489815160035,sample,145,0.5367189994683924,0.5001755229127318,0.4139683567070035,0.434104129538313,0.46121687345201007,0.5445106033336659,0.008457735998041954,0.4928370659971315,2.4249656167127065,2.738187428681246,1.0436208115830117,0.42678278182370566,0.00478012958938271,3.673551755557107,0.02657076127745054,1.5482933059533364
D_W,dw,93,93,0.01,0.02,512,512,0,512,,512,512,0,512,0,0.5365644824889114,0.5001925322876439,0.4140587527014883,0.434235567003469,0.46111965104745234,0.5443390595262413,0.008748652830403473,0.49282489815160035,sample,146,0.5369243646886439,0.5001197654274407,0.4143505998999687,0.43434345328752055,0.46080678824076815,0.5440350246377786,0.008598536658284047,0.49278779709435144,2.4214030810511726,2.7345557623915666,1.0482971841348978,0.42564672800489556,0.003243522494033805,3.6797612806839055,0.027013099597287694,1.5481385231303122
D_W,dw,93,93,0.01,0.02,512,512,0,512,,512,512,0,512,0,0.5365644824889114,0.5001925322876439,0.4140587527014883,0.434235567003469,0.46111965104745234,0.5443390595262413,0.008748652830403473,0.49282489815160035,sample,147,0.5367258156224168,0.5004469590506483,0.4139227723297047,0.4341717539361512,0.4611727355803388,0.5444026343251973,0.008884332648258636,0.49245594117213126,2.425157799088306,2.738289043713577,1.0444723984094146,0.4263714243345833,0.012169559157504407,3.6744982847364205,0.02791095417981728,1.5470959670030149
D_W,dw,93,93,0.01,0.02,512,512,0,512,,512,512,0,512,0,0.5365644824889114,0.5001925322876439,0.4140587527014883,0.434235567003469,0.46111965104745234,0.5443390595262413,0.008748652830403473,0.49282489815160035,sample,148,0.5368937228010726,0.5002652129038785,0.4144356581981181,0.43409664725004077,0.4614663821648739,0.544641209900042,0.00893647786564565,0.4933040624117717,2.4167092855519208,2.734488877215386,1.0416629852832702,0.4266011484654226,0.007188440622196827,3.6706853645911854,0.02807477321168017,1.5497604184588227
D_W,dw,93,93,0.01,0.02,512,512,0,512,,512,512,0,512,0,0.5365644824889114,0.5001925322876439,0.4140587527014883,0.434235567003469,0.46111965104745234,0.5443390595262413,0.008748652830403473,0.49282489815160035,sample,149,0.5364080589451901,0.5000075969003754,0.414387684462226,0.43380391324909817,0.4612539748653328,0.5435006551417845,0.00850950811126719,0.49299663935562055,2.420708400139512,2.739496201464887,1.054889517915149,0.42535989541209673,0.00020865985403458227,3.6711495813168202,0.02673340816801976,1.5487946204440741
D_W,dw,93,93,0.01,0.02,512,512,0,512,,512,512,0,512,0,0.5365644824889114,0.5001925322876439,0.4140587527014883,0.434235567003469,0.46111965104745234,0.5443390595262413,0.008748652830403473,0.49282489815160035,sample,150,0.536519985210528,0.5003262074176239,0.41386508828315793,0.43414436521294614,0.46090991171715917,0.5441491411595952,0.009047254466171514,0.49309019788796216,2.4272487769632445,2.740566963096618,1.0478464938343015,0.4264161172155938,0.008932061186991583,3.677272584946047,0.028422788166081875,1.5490885432419592
D_W,dw,93,93,0.01,0.02,512,512,0,512,,512,512,0,512,0,0.5365644824889114,0.5001925322876439,0.4140587527014883,0.434235567003469,0.46111965104745234,0.5443390595262413,0.008748652830403473,0.49282489815160035,sample,151,0.5364250721827426,0.5001676607010767,0.41445883432162817,0.43392344289363743,0.46126288703952306,0.5447974636192631,0.00839426458121063,0.4926019958339045,2.415884768776099,2.7390245082944293,1.0415780702498465,0.4280321879229939,0.004602860255044877,3.6718374796781514,0.026371359940620318,1.5475548112554642
D_W,dw,93,93,0.01,0.02,512,512,0,512,,512,512,0,512,0,0.5365644824889114,0.5001925322876439,0.4140587527014883,0.434235567003469,0.46111965104745234,0.5443390595262413,0.008748652830403473,0.49282489815160035,sample,152,0.5365116106452659,0.5001655753723071,0.41414200250459937,0.43422202424643414,0.4614101535416808,0.5440078929983749,0.008779021294455746,0.4932447543272025,2.4215387459038467,2.7395016657459386,1.0474148275056587,0.4247338698122117,0.00453483794260802,3.67215167934248,0.027580108804370528,1.5495740966160416
D_W,dw,93,93,0.01,0.02,512,512,0,512,,512,512,0,512,0,0.5365644824889114,0.5001925322876439,0.4140587527014883,0.434235567003469,0.46111965104745234,0.5443390595262413,0.008748652830403473,0.49282489815160035,sample,153,0.5365220134873445,0.5002641501939339,0.4141605546111454,0.4342484190444051,0.4609332968971894,0.5442814757537587,0.009130107767968128,0.49295196510887507,2.4219614322220346,2.7393154972837253,1.0459761359578685,0.42631188943794657,0.007232503437664898,3.677704090306375,0.028683079490331775,1.548654272158694
D_W,dw,93,93,0.01,0.02,512,512,0,512,,512,512,0,512,0,0.5365644824889114,0.5001925322876439,0.4140587527014883,0.434235567003469,0.46111965104745234,0.5443390595262413,0.008748652830403473,0.49282489815160035,sample,154,0.5366207944618634,0.5001495691322325,0.4140862817501962,0.4338570771650828,0.46117619699503587,0.5441483469078043,0.008678215705543928,0.4931842876792379,2.424542101716137,2.7386600031744757,1.0484866275519023,0.42688254697338857,0.004084245106430595,3.6723749562915593,0.02726341870680437,1.549384135039009
D_W,dw,93,93,0.01,0.02,512,512,0,512,,512,512,0,512,0,0.5365644824889114,0.5001925322876439,0.4140587527014883,0.434235567003469,0.46111965104745234,0.5443390595262413,0.008748652830403473,0.49282489815160035,sample,155,0.5366864357662766,0.5001518830811977,0.4144178275305007,0.43506585838849243,0.46081439263671453,0.544668720232624,0.009258073928200364,0.4933708928164794,2.4156651752794605,2.7366152225256117,1.0385239689392807,0.42458691267370174,0.004140010068618275,3.684557471540432,0.02908509703922546,1.5499703723672889
D_W,dw,93,93,0.01,0.02,512,512,0,512,,512,512,0,512,0,0.5365644824889114,0.5001925322876439,0.4140587527014883,0.434235567003469,0.46111965104745234,0.5443390595262413,0.008748652830403473,0.49282489815160035,sample,156,0.5355152826192972,0.500788494684704,0.41078113327262633,0.4357882763558778,0.4561261913577969,0.5453016107908062,0.007732609396306626,0.4926379662348126,2.481818302102452,2.762667196035179,1.0433340575953587,0.4341533859757623,0.022197913482524177,3.7410005220363756,0.024292708872516302,1.5476678156027037
D_W,dw,93,93,0.01,0.02,512,512,0,512,,512,512,0,512,0,0.5365644824889114,0.5001925322876439,0.4140587527014883,0.434235567003469,0.46111965104745234,0.5443390595262413,0.008748652830403473,0.49282489815160035,sample,157,0.535450571646061,0.500252185875441,0.4147857946722359,0.4329395807249366,0.46019675467767857,0.544898566946363,0.008489065794185085,0.49229412528117,2.4139304632113685,2.7473461145848814,1.0484017575681437,0.4340726343994825,0.007113612274487177,3.677250863963714,0.026669186734852263,1.546587607388737
D_W,dw,93,93,0.01,0.02,512,512,0,512,,512,512,0,512,0,0.5365644824889114,0.5001925322876439,0.4140587527014883,0.434235567003469,0.46111965104745234,0.5443390595262413,0.008748652830403473,0.49282489815160035,sample,158,0.5364313859007739,0.5006730779263134,0.4139955923735927,0.43464623045772455,0.4612688116475771,0.5443659188899412,0.008944582782647174,0.4926303785388062,2.4205738947979234,2.7408479274505693,1.0422217923668482,0.4243760195595132,0.018473119919414038,3.6765820244554073,0.028100235559390112,1.5476439781526725
D_W,dw,93,93,0.01,0.02,512,512,0,512,,512,512,0,512,0,0.5365644824889114,0.5001925322876439,0.4140587527014883,0.434235567003469,0.46111965104745234,0.5443390595262413,0.008748652830403473,0.49282489815160035,sample,159,0.5363679504203986,0.500188243022295,0.4143245832521118,0.43400832107534815,0.46132624820712237,0.5444102426318146,0.00865001210022283,0.49316055598825903,2.4181434445299077,2.7401532694230495,1.0447563167032623,0.42665299648236193,0.005176022817612311,3.6716840726897817,0.027174814467522863,1.5493095797329723
D_W,dw,93,93,0.01,0.02,512,512,0,512,,512,512,0,512,0,0.5365644824889114,0.5001925322876439,0.4140587527014883,0.434235567003469,0.46111965104745234,0.5443390595262413,0.008748652830403473,0.49282489815160035,sample,160,0.5361673850963554,0.4999818594027495,0.4136921951459593,0.4345336807078083,0.4609309956498433,0.5450550595042508,0.008355867346213504,0.4930327993749772,2.4264473111188813,2.744771459123885,1.0370360481992003,0.4271804497877406,6.282683733850993,3.679641304335631,0.02625073146923518,1.5489082204952387
D_W,dw,93,93,0.01,0.02,512,512,0,512,,512,512,0,512,0,0.5365644824889114,0.5001925322876439,0.4140587527014883,0.434235567003469,0.46111965104745234,0.5443390595262413,0.008748652830403473,0.49282489815160035,sample,161,0.536503470810015,0.49994656488371214,0.41378404784335365,0.43431286852632184,0.4613525391698326,0.5442308120807894,0.008840369707755891,0.4925610649369852,2.4272797977962117,2.7410811896505956,1.0449449637342816,0.42506730881998944,6.28172147163368,3.6734068774190543,0.027772840528903654,1.5474262230503977
D_W,dw,93,93,0.01,0.02,512,512,0,512,,512,512,0,512,0,0.5365644824889114,0.5001925322876439,0.4140587527014883,0.434235567003469,0.46111965104745234,0.5443390595262413,0.008748652830403473,0.49282489815160035,sample,162,0.5368473654027291,0.49997827218236335,0.415147705457975,0.433736381507441,0.4603817229375459,0.544299274041923,0.008743967295317005,0.49270772673248664,2.411629598626144,2.731910726702321,1.0498686906037733,0.4293732145987107,6.282595636388178,3.6804583740442998,0.027469983418197317,1.5478869746697073
D_W,dw,93,93,0.01,0.02,512,512,0,512,,512,512,0,512,0,0.5365644824889114,0.5001925322876439,0.4140587527014883,0.434235567003469,0.46111965104745234,0.5443390595262413,0.008748652830403473,0.49282489815160035,sample,163,0.5363579095205769,0.5002184559653556,0.4136511724952082,0.433908957327562,0.46162956638868435,0.5442477302066759,0.008841953630414016,0.49312069508372147,2.42851412423778,2.7430587503086046,1.0459668710388932,0.4259801937172655,0.006008413008383984,3.6676023736587693,0.027777816568690272,1.5491843530081117
D_W,dw,93,93,0.01,0.02,512,512,0,512,,512,512,0,512,0,0.5365644824889114,0.5001925322876439,0.4140587527014883,0.434235567003469,0.46111965104745234,0.5443390595262413,0.008748652830403473,0.49282489815160035,sample,164,0.5373232109398056,0.5001625425356673,0.41319241239619103,0.43296001564108044,0.46054607474729103,0.5446773608530404,0.009114423697587729,0.49273684368084764,2.4452729015842394,2.735530546206875,1.049452343267623,0.4327238937238434,0.004354971182582761,3.673523266136535,0.028633806530046328,1.5479784482607732
D_W,dw,93,93,0.01,0.02,512,512,0,512,,512,512,0,512,0,0.5365644824889114,0.5001925322876439,0.4140587527014883,0.434235567003469,0.46111965104745234,0.5443390595262413,0.008748652830403473,0.49282489815160035,sample,165,0.5363877947449297,0.5002459264125572,0.41391385409817494,0.43393505523172615,0.4610990755967223,0.5442787598212347,0.008589134115922787,0.4931444102769337,2.4259716217865646,2.741671621306616,1.0470514716988435,0.4270792004858946,0.006758383407920575,3.6737573406934345,0.02698356063928049,1.5492588564848857
D_W,dw,93,93,0.01,0.02,512,512,0,512,,512,512,0,512,0,0.5365644824889114,0.5001925322876439,0.4140587527014883,0.434235567003469,0.46111965104745234,0.5443390595262413,0.008748652830403473,0.49282489815160035,sample,166,0.5365170965093097,0.5003009657378914,0.4140827830179529,0.43431972430018473,0.4612517505316173,0.5445549816615105,0.00849513417084143,0.49299183535489155,2.4211625396972813,2.7396873097435788,1.0420276466823661,0.4260428479103698,0.008241589621955267,3.6745916030125296,0.026688251102375053,1.5487795282306762
D_W,dw,93,93,0.01,0.02,512,512,0,512,,512,512,0,512,0,0.5365644824889114,0.5001925322876439,0.4140587527014883,0.434235567003469,0.46111965104745234,0.5443390595262413,0.008748652830403473,0.49282489815160035,sample,167,0.5378829600113736,0.5003971860991379,0.4124141141480756,0.4340989316265038,0.4601315503787824,0.5443433431336935,0.009239007200818211,0.49340940047880316,2.4577348421630725,2.7333467470677215,1.048420828748454,0.4287190146646196,0.010484174053204776,3.6856616677611633,0.029025197148553693,1.5500913477563523
D_W,dw,93,93,0.01,0.02,512,512,0,512,,512,512,0,512,0,0.5365644824889114,0.5001925322876439,0.4140587527014883,0.434235567003469,0.46111965104745234,0.5443390595262413,0.008748652830403473,0.49282489815160035,sample,168,0.5366194393933824,0.49995217517910584,0.41438295424204785,0.43466563360169064,0.4614670267846341,0.5444766646866825,0.008845055240223597,0.4924984767229254,2.41596979132235,2.737426838806599,1.0404598389072222,0.4241563123164832,6.28187931248125,3.674464357146936,0.027787560563282354,1.5472295963769063
D_W,dw,93,93,0.01,0.02,512,512,0,512,,512,512,0,512,0,0.5365644824889114,0.5001925322876439,0.4140587527014883,0.434235567003469,0.46111965104745234,0.5443390595262413,0.008748652830403473,0.49282489815160035,sample,169,0.536842566797863,0.49987394274001024,0.41423233836136597,0.434802723185129,0.461441661313104,0.5440743505994436,0.0085699940347502,0.49265793997559465,2.4199265373911714,2.7358618035312032,1.0438131450814314,0.4227395219692187,6.279763809193891,3.675672230352567,0.02692343030087958,1.5477305649600095
D_W,dw,93,93,0.01,0.02,512,512,0,512,,512,512,0,512,0,0.5365644824889114,0.5001925322876439,0.4140587527014883,0.434235567003469,0.46111965104745234,0.5443390595262413,0.008748652830403473,0.49282489815160035,sample,170,0.5367270932059308,0.5001847900914521,0.41411673631294366,0.43447125860463276,0.46115142788883706,0.5444012050976897,0.008537432413332826,0.49296011574629445,2.4218639414290686,2.7374837058753094,1.0430794120252043,0.42533831788831117,0.005031395517652804,3.6767366075110415,0.026821134950245785,1.5486798781413327
D_W,dw,93,93,0.01,0.02,512,512,0,512,,512,512,0,512,0,0.5365644824889114,0.5001925322876439,0.4140587527014883,0.434235567003469,0.46111965104745234,0.5443390595262413,0.008748652830403473,0.49282489815160035,sample,171,0.5364130667681664,0.5005553856432755,0.41413277947028765,0.43401895291843984,0.4612727771956274,0.5443729985153463,0.008382404356828847,0.49279883405819713,2.420622633714654,2.7404745547240106,1.0452219999020997,0.42663742359104323,0.015251189510317328,3.672357323473058,0.02633409994683258,1.5481731967748475
D_W,dw,93,93,0.01,0.02,512,512,0,512,,512,512,0,512,0,0.5365644824889114,0.5001925322876439,0.4140587527014883,0.434235567003469,0.46111965104745234,0.5443390595262413,0.008748652830403473,0.49282489815160035,sample,172,0.5366008968475691,0.5001792901234238,0.4140353823450727,0.43439984021760436,0.4609741613679121,0.5443773487707061,0.008744263288887538,0.49242512056826726,2.4236388704083227,2.739068210456174,1.0441792993257857,0.425913774803438,0.0048984780384147405,3.678257133056198,0.02747091330942401,1.5469991412203365
D_W,dw,93,93,0.01,0.02,512,512,0,512,,512,512,0,512,0,0.5365644824889114,0.5001925322876439,0.4140587527014883,0.434235567003469,0.46111965104745234,0.5443390595262413,0.008748652830403473,0.49282489815160035,sample,173,0.5364623739233956,0.49997025892934327,0.41439580152684896,0.4342926578445908,0.46194072250563856,0.543414489794747,0.009014387665170038,0.49322202815342314,2.417092271400675,2.7389247646406596,1.0514152932910534,0.42193517992449286,6.282369642677775,3.6665956776116833,0.028319534065508637,1.5495027002354522
D_W,dw,93,93,0.01,0.02,512,512,0,512,,512,512,0,512,0,0.5365644824889114,0.5001925322876439,0.4140587527014883,0.434235567003469,0.46111965104745234,0.5443390595262413,0.008748652830403473,0.49282489815160035,sample,174,0.5367249238691271,0.5002136182711778,0.4145165649098795,0.4338697617806073,0.4610996152816369,0.543924183810584,0.008594505447292112,0.49237036547422375,2.4185370115804106,2.7358138429836103,1.0508413632272502,0.42646075189089366,0.0058166454692193375,3.6733194686473487,0.027000435174450357,1.5468271230191428
D_W,dw,93,93,0.01,0.02,512,512,0,512,,512,512,0,512,0,0.5365644824889114,0.5001925322876439,0.4140587527014883,0.434235567003469,0.46111965104745234,0.5443390595262413,0.008748652830403473,0.49282489815160035,sample,175,0.5363671659627957,0.5004294793751348,0.41453101911326107,0.4335946237342884,0.4612769979829947,0.5450874085337685,0.008543409752196241,0.4922287528919214,2.414202935273681,2.7392723209958647,1.0403373809440835,0.42989095850116643,0.011808987575288124,3.669515771562625,0.026839913314107105,1.546382233970926
D_W,dw,93,93,0.01,0.02,512,512,0,512,,512,512,0,512,0,0.5365644824889114,0.5001925322876439,0.4140587527014883,0.434235567003469,0.46111965104745234,0.5443390595262413,0.008748652830403473,0.49282489815160035,sample,176,0.5363389210885559,0.5001924921878511,0.4141895422571133,0.434238276864952,0.46152097953164806,0.5447884016598192,0.009053564604842652,0.4929930255309065,2.417955055584353,2.741006030844541,1.0393696395863061,0.42633681639642584,0.005297085925902097,3.6710050246397135,0.028442612051374255,1.5487832672789013
D_W,dw,93,93,0.01,0.02,512,512,0,512,,512,512,0,512,0,0.5365644824889114,0.5001925322876439,0.4140587527014883,0.434235567003469,0.46111965104745234,0.5443390595262413,0.008748652830403473,0.49282489815160035,sample,177,0.5369220038536205,0.500182441635787,0.41457463059268684,0.4353263534495513,0.460544882948659,0.5446809607400261,0.008700855044081288,0.4928899626600493,2.414015802685464,2.7336235020581405,1.0379257134426965,0.4242723788697298,0.004941231025556562,3.6893799131436347,0.02733454228643547,1.5484594857209584
D_W,dw,93,93,0.01,0.02,512,512,0,512,,512,512,0,512,0,0.5365644824889114,0.5001925322876439,0.4140587527014883,0.434235567003469,0.46111965104745234,0.5443390595262413,0.008748652830403473,0.49282489815160035,sample,178,0.5362227852919811,0.5002339313172331,0.4139260791593787,0.4339769666454521,0.46123474851183155,0.544510383386117,0.008917746819079897,0.4927492333010713,2.424130409265991,2.743248940213924,1.0441942529859998,0.42720156908744245,0.006458036377022792,3.672508096785828,0.02801592789339515,1.5480173714006487
D_W,dw,93,93,0.01,0.02,512,512,0,512,,512,512,0,512,0,0.5365644824889114,0.5001925322876439,0.4140587527014883,0.434235567003469,0.46111965104745234,0.5443390595262413,0.008748652830403473,0.49282489815160035,sample,179,0.5368245698068602,0.5002446609678112,0.413910842476791,0.43437863922958275,0.46092345689237746,0.544542110641797,0.008621950113064793,0.49310890011467545,2.42613163915483,2.737387719672617,1.0428192552315507,0.4264977602472789,0.0066438622156778,3.6786857668884574,0.02708665513482204,1.5491472980200074
D_W,dw,93,93,0.01,0.02,512,512,0,512,,512,512,0,512,0,0.5365644824889114,0.5001925322876439,0.4140587527014883,0.434235567003469,0.46111965104745234,0.5443390595262413,0.008748652830403473,0.49282489815160035,sample,180,0.5368001326087978,0.5000986290060195,0.4143985035664078,0.4346120014421936,0.4608937895115464,0.5444051482320649,0.008993535802554943,0.4925663958259636,2.41827192925438,2.7355772044745397,1.0431029376632244,0.4253932610626632,0.002680119958146908,3.680587436886204,0.028254026007103392,1.5474429705320494
D_W,dw,93,93,0.01,0.02,512,512,0,512,,512,512,0,512,0,0.5365644824889114,0.5001925322876439,0.4140587527014883,0.434235567003469,0.46111965104745234,0.5443390595262413,0.008748652830403473,0.49282489815160035,sample,181,0.53674979711715,0.5001986790752139,0.41409762735584027,0.4341899972127701,0.46087796657022356,0.5443854496425211,0.008489710704186129,0.4928048720588541,2.4241011109926056,2.737339989548529,1.0454037660389408,0.42689093193758554,0.005406210515164418,3.6779356183724934,0.02667121277937377,1.548192165713354
D_W,dw,93,93,0.01,0.02,512,512,0,512,,512,512,0,512,0,0.5365644824889114,0.5001925322876439,0.4140587527014883,0.434235567003469,0.46111965104745234,0.5443390595262413,0.008748652830403473,0.49282489815160035,sample,182,0.5362883676426152,0.50021784440872,0.4136812172375434,0.43397545972805934,0.46094880504212477,0.5439689845153126,0.008930100447691618,0.49286239628834644,2.430529147429933,2.743618731665188,1.0503205937944569,0.42650781306601493,0.006003074981107696,3.6757126722161515,0.02805473796228691,1.5483728834101305
D_W,dw,93,93,0.01,0.02,512,512,0,512,,512,512,0,512,0,0.5365644824889114,0.5001925322876439,0.4140587527014883,0.434235567003469,0.46111965104745234,0.5443390595262413,0.008748652830403473,0.49282489815160035,sample,183,0.5363673479433203,0.4997026083029525,0.4150676236953366,0.4339527492271385,0.461134508910228,0.5442416159668634,0.00853937513817373,0.49275220329129044,2.4088070047985317,2.7370095253660955,1.0472271924597274,0.4268508170793641,6.275008052438085,3.673476064189756,0.026827238200333912,1.5480267019001024
D_W,dw,93,93,0.01,0.02,512,512,0,512,,512,512,0,512,0,0.5365644824889114,0.5001925322876439,0.4140587527014883,0.434235567003469,0.46111965104745234,0.5443390595262413,0.008748652830403473,0.49282489815160035,sample,184,0.5369754256101611,0.5002252631856258,0.41435908820264755,0.4333206048539249,0.46102959144442696,0.5447849578356748,0.008836211607913551,0.4924071806938842,2.422037170767531,2.7340122370790785,1.045307486342757,0.4306618076785413,0.006092165135626395,3.6704957893600962,0.027759777472986066,1.5469427814427685
D_W,dw,93,93,0.01,0.02,512,512,0,512,,512,512,0,512,0,0.5365644824889114,0.5001925322876439,0.4140587527014883,0.434235567003469,0.46111965104745234,0.5443390595262413,0.008748652830403473,0.49282489815160035,sample,185,0.5368890800471826,0.4997938350924162,0.4137643162185368,0.4340223650098069,0.4610489857034151,0.544173783471482,0.008633026025495432,0.49253420616933585,2.431491092259482,2.7373720777903534,1.0477978923827866,0.42661815972585365,6.277596586591327,3.674898908511718,0.02712145113994594,1.547341843743266
D_W,dw,93,93,0.01,0.02,512,512,0,512,,512,512,0,512,0,0.5365644824889114,0.5001925322876439,0.4140587527014883,0.434235567003469,0.46111965104745234,0.5443390595262413,0.008748652830403473,0.49282489815160035,sample,186,0.5366111403662079,0.5004389589985162,0.4141434926380403,0.43427670423370934,0.46097328745976685,0.5441737539408188,0.00884086494135823,0.4924088977143988,2.42207887453906,2.738491880584819,1.0467781671700207,0.4258648828402533,0.011989191318042592,3.6774433275474663,0.02777439635115057,1.546948175621803
D_W,dw,93,93,0.01,0.02,512,512,0,512,,512,512,0,512,0,0.5365644824889114,0.5001925322876439,0.4140587527014883,0.434235567003469,0.46111965104745234,0.5443390595262413,0.008748652830403473,0.49282489815160035,sample,187,0.535973918735382,0.5002047348973084,0.41386937367533877,0.4338914379981151,0.46124913530957784,0.5436154124496501,0.008119338595333163,0.49232961851812745,2.4265126481581496,2.745943737873738,1.0533485314903541,0.42532686103018486,0.005691142197119319,3.6717810659665013,0.025507654483106736,1.5466991126812146
D_W,dw,93,93,0.01,0.02,512,512,0,512,,512,512,0,512,0,0.5365644824889114,0.5001925322876439,0.4140587527014883,0.434235567003469,0.46111965104745234,0.5443390595262413,0.008748652830403473,0.49282489815160035,sample,188,0.5366806286017409,0.49987023456306773,0.41424029170611454,0.4340937283000932,0.46121385872539133,0.544405755589812,0.008548573301799122,0.49296423641816073,2.4215836168974088,2.7374232016799738,1.0447051916359555,0.42657232820906266,6.279647611656697,3.673516741441044,0.026856135083605966,1.5486928236137958
D_W,dw,93,93,0.01,0.02,512,512,0,512,,512,512,0,512,0,0.5365644824889114,0.5001925322876439,0.4140587527014883,0.434235567003469,0.46111965104745234,0.5443390595262413,0.008748652830403473,0.49282489815160035,sample,189,0.5362476934861229,0.5004131699384969,0.4142575198344117,0.43429447613482797,0.46154379039097626,0.5441576109590553,0.008964063912014686,0.49295164913404094,2.41707724444682,2.7416054270720442,1.0452027466092582,0.4245524223279016,0.011398023054505747,3.671119220400412,0.028161437332294717,1.5486532794944763
D_W,dw,93,93,0.01,0.02,512,512,0,512,,512,512,0,512,0,0.5365644824889114,0.5001925322876439,0.4140587527014883,0.434235567003469,0.46111965104745234,0.5443390595262413,0.008748652830403473,0.49282489815160035,sample,190,0.5366990977992679,0.5000657565370527,0.4139994748202651,0.434406378882669,0.4608716852189239,0.5443839998052743,0.008622310625500172,0.49314854436009176,2.425195321011854,2.738256092547776,1.0443806482069395,0.42612519625917983,0.0017917733848092081,3.6794539880152346,0.027087787718040553,1.5492718440901645
D_W,dw,93,93,0.01,0.02,512,512,0,512,,512,512,0,512,0,0.5365644824889114,0.5001925322876439,0.4140587527014883,0.434235567003469,0.46111965104745234,0.5443390595262413,0.008748652830403473,0.49282489815160035,sample,191,0.5365358136493575,0.5002691616673611,0.4137086045469781,0.4346624078816951,0.4611163320503938,0.5448538911613515,0.008743410105082079,0.4924551357217376,2.4260427466203573,2.7410678960100503,1.0378137499869104,0.42583361902610384,0.007366930449196782,3.678415741497556,0.027468232953448617,1.5470934366059754
D_W,dw,93,93,0.01,0.02,512,512,0,512,,512,512,0,512,0,0.5365644824889114,0.5001925322876439,0.4140587527014883,0.434235567003469,0.46111965104745234,0.5443390595262413,0.008748652830403473,0.49282489815160035,sample,192,0.5362137841489487,0.5003766550287636,0.4146309689518666,0.43447397636281604,0.46114136953168244,0.5444486904069606,0.009000687950641966,0.49265182064071844,2.41121042816025,2.7403779692863033,1.042630216684435,0.4254653445733931,0.010400499603755551,3.6768683728921574,0.028276495142990972,1.5477113405025174
D_W,dw,93,93,0.01,0.02,512,512,0,512,,512,512,0,512,0,0.5365644824889114,0.5001925322876439,0.4140587527014883,0.434235567003469,0.46111965104745234,0.5443390595262413,0.008748652830403473,0.49282489815160035,sample,193,0.5367819230999373,0.500289778696738,0.41373290901202636,0.43419152153284746,0.46112114083093864,0.5441596086073762,0.008724187327437608,0.49238626596452717,2.4294840874878343,2.738548787670635,1.046905251320818,0.42582215533415013,0.00787812809289525,3.675211086216466,0.02740784281641916,1.5468770758826687
D_W,dw,93,93,0.01,0.02,512,512,0,512,,512,512,0,512,0,0.5365644824889114,0.5001925322876439,0.4140587527014883,0.434235567003469,0.46111965104745234,0.5443390595262413,0.008748652830403473,0.49282489815160035,sample,194,0.5360326037522914,0.5003197089853456,0.4140079810540158,0.43547318674937663,0.4606274964079298,0.5444451617623701,0.008933515473545046,0.4931560103811776,2.4193277948170264,2.7447817181230905,1.0392664936854867,0.4229953266611558,0.008872536609691084,3.6894585652100083,0.02806546658241986,1.5492952992871594
D_W,dw,93,93,0.01,0.02,512,512,0,512,,512,512,0,512,0,0.5365644824889114,0.5001925322876439,0.4140587527014883,0.434235567003469,0.46111965104745234,0.5443390595262413,0.008748652830403473,0.49282489815160035,sample,195,0.5364138775579613,0.4994901580803092,0.41402866212472694,0.4343524187128503,0.4602783314220335,0.5436646411041874,0.008481159427488122,0.4929643865906739,2.429230727084022,2.740908535577815,1.053428191756165,0.42586653108988837,6.269184913870736,3.6857349533514574,0.0266443481513205,1.5486932953946597
D_W,dw,93,93,0.01,0.02,512,512,0,512,,512,512,0,512,0,0.5365644824889114,0.5001925322876439,0.4140587527014883,0.434235567003469,0.46111965104745234,0.5443390595262413,0.008748652830403473,0.49282489815160035,sample,196,0.5368946166200564,0.4990883322549357,0.4136615468770416,0.434733873541166,0.46187990238162124,0.5422630764150641,0.009189005843553524,0.49348616326054806,2.4342382948395658,2.7376437026577523,1.0609475462005573,0.4177282488275418,6.258480286614256,3.6702178327921424,0.02886811325190143,1.5503325051475512
D_W,dw,93,93,0.01,0.02,512,512,0,512,,512,512,0,512,0,0.5365644824889114,0.5001925322876439,0.4140587527014883,0.434235567003469,0.46111965104745234,0.5443390595262413,0.008748652830403473,0.49282489815160035,sample,197,0.5363499626812884,0.5000408435771883,0.4140629383131957,0.4340983866139756,0.46119306000200494,0.544237432912446,0.009058222759895188,0.4930366783907004,2.423239725316258,2.7414309773371173,1.046389877165063,0.42619247012653005,0.0011236204107749471,3.6737820135634913,0.028457246077066584,1.548920406782538
D_W,dw,93,93,0.01,0.02,512,512,0,512,,512,512,0,512,0,0.5365644824889114,0.5001925322876439,0.4140587527014883,0.434235567003469,0.46111965104745234,0.5443390595262413,0.008748652830403473,0.49282489815160035,sample,198,0.536472230870282,0.5005280088364041,0.41432292684170957,0.43356296472179334,0.46081664759398944,0.5442034801810642,0.008410667992674302,0.49275053261147134,2.4212763816543212,2.7390964186601705,1.0503948635121638,0.4288380337097688,0.01447599834384949,3.674464870255035,0.0264228927775684,1.5480214533046561
D_W,dw,93,93,0.01,0.02,512,512,0,512,,512,512,0,512,0,0.5365644824889114,0.5001925322876439,0.4140587527014883,0.434235567003469,0.46111965104745234,0.5443390595262413,0.008748652830403473,0.49282489815160035,sample,199,0.5366431175964761,0.5004129581912611,0.4141628672691559,0.43414965983618004,0.4611245557349609,0.5444381511396689,0.008418233964121027,0.49242337956319143,2.4212560975330524,2.7380982946528607,1.0443723288476248,0.4266389885419904,0.011269257007365144,3.6748941858822644,0.026446661977882698,1.5469936716915804
D_W,dw,93,93,0.01,0.02,512,512,0,512,,512,512,0,512,0,0.5365644824889114,0.5001925322876439,0.4140587527014883,0.434235567003469,0.46111965104745234,0.5443390595262413,0.008748652830403473,0.49282489815160035,sample,200,0.5364766707509051,0.5001765327540922,0.4139635413093986,0.43418559647504795,0.4611146203384772,0.5442236092495842,0.008528563586117636,0.49308329524756667,2.4249172263316465,2.740592576098226,1.0463254363747403,0.42601183039226354,0.004839569298388754,3.675245100488566,0.026793272707820587,1.5490668579576024
D_W,dw,93,93,0.01,0.02,512,512,0,512,,512,512,0,512,0,0.5365644824889114,0.5001925322876439,0.4140587527014883,0.434235567003469,0.46111965104745234,0.5443390595262413,0.008748652830403473,0.49282489815160035,sample,201,0.5367471077972334,0.500007172784812,0.4139105136471555,0.4344127148806743,0.46108978654883054,0.5441260266941732,0.008963011979851344,0.4926090253880081,2.4267461124419087,2.7381579382295045,1.0462452690198576,0.42501291016465503,0.00019519317711957863,3.6770404119532145,0.028158132589938288,1.547576895250994
D_W,dw,93,93,0.01,0.02,512,512,0,512,,512,512,0,512,0,0.5365644824889114,0.5001925322876439,0.4140587527014883,0.434235567003469,0.46111965104745234,0.5443390595262413,0.008748652830403473,0.49282489815160035,sample,202,0.5360958245880943,0.5001484723914275,0.41426115908772554,0.4343575603503027,0.46087655530347693,0.5441109578291162,0.008257822763552166,0.4925411973165245,2.4194184097843605,2.7431141426942065,1.047280761316376,0.42562969953997015,0.004113261181592925,3.6790719764604742,0.025942715328622048,1.547363807079914
D_W,dw,93,93,0.01,0.02,512,512,0,512,,512,512,0,512,0,0.5365644824889114,0.5001925322876439,0.4140587527014883,0.434235567003469,0.46111965104745234,0.5443390595262413,0.008748652830403473,0.49282489815160035,sample,203,0.5370112470591591,0.5005512693209067,0.41423626711637757,0.4335989692628611,0.46170324050843614,0.5449603092748214,0.008503068012956617,0.4925900256703485,2.419668620238477,2.7341477557924403,1.0403322572629736,0.42867537164777586,0.014893541928264278,3.6647407149040383,0.02671317600247887,1.5475172058775744
D_W,dw,93,93,0.01,0.02,512,512,0,512,,512,512,0,512,0,0.5365644824889114,0.5001925322876439,0.4140587527014883,0.434235567003469,0.46111965104745234,0.5443390595262413,0.008748652830403473,0.49282489815160035,sample,204,0.5363502478010198,0.5003240024378193,0.4139531954912111,0.43449912175322253,0.46120705747981283,0.544327737216263,0.008540244125073898,0.4931067060626743,2.4226779905790963,2.7418718371415505,1.043500813449124,0.4249418063757991,0.008913112768205866,3.6762946714746456,0.02682996820319555,1.5491404052023592
D_W,dw,93,93,0.01,0.02,512,512,0,512,,512,512,0,512,0,0.5365644824889114,0.5001925322876439,0.4140587527014883,0.434235567003469,0.46111965104745234,0.5443390595262413,0.008748652830403473,0.49282489815160035,sample,205,0.5367830987026597,0.5009924687310681,0.41381049379798296,0.43468054614732426,0.4610688764101403,0.5443275633668142,0.008771755825355448,0.49310827085235426,2.424620549750595,2.738092344504805,1.0430143324418821,0.42458546503224204,0.02697510620345915,3.6790740226902305,0.027557283660020148,1.549145321134122
D_W,dw,93,93,0.01,0.02,512,512,0,512,,512,512,0,512,0,0.5365644824889114,0.5001925322876439,0.4140587527014883,0.434235567003469,0.46111965104745234,0.5443390595262413,0.008748652830403473,0.49282489815160035,sample,206,0.5384305132819676,0.5006910590979955,0.4140633980923601,0.43173501711309575,0.4608455506043073,0.5439621769734423,0.009297165853280229,0.4925124541225042,2.4384176670849134,2.721012652022658,1.0613533863196543,0.43483780116662013,0.017980104034477484,3.662348314434793,0.02920790794387105,1.5472735076727393
D_W,dw,93,93,0.01,0.02,512,512,0,512,,512,512,0,512,0,0.5365644824889114,0.5001925322876439,0.4140587527014883,0.434235567003469,0.46111965104745234,0.5443390595262413,0.008748652830403473,0.49282489815160035,sample,207,0.5364005269413705,0.5004013766218075,0.4143229913090119,0.4341836138679525,0.46088324991890106,0.5439283222802762,0.009074807415163769,0.4928457390620559,2.4197223945402335,2.739820761226329,1.049899882720476,0.42580089094187074,0.011026223773772072,3.6778336980633495,0.028509348308220675,1.548320553190387
D_W,dw,93,93,0.01,0.02,512,512,0,512,,512,512,0,512,0,0.5365644824889114,0.5001925322876439,0.4140587527014883,0.434235567003469,0.46111965104745234,0.5443390595262413,0.008748652830403473,0.49282489815160035,sample,208,0.5366252620474399,0.49978816099238577,0.41456414810508285,0.43408243263182644,0.4611547255611064,0.5443728216491588,0.008898869398540815,0.4925375942341057,2.4167406829920717,2.7365969485608446,1.045252817398826,0.4266583936582914,6.277401412853119,3.6741079407755595,0.027956622727710847,1.547352487662657
D_W,dw,93,93,0.01,0.02,512,512,0,512,,512,512,0,512,0,0.5365644824889114,0.5001925322876439,0.4140587527014883,0.434235567003469,0.46111965104745234,0.5443390595262413,0.008748652830403473,0.49282489815160035,sample,209,0.5368075941929715,0.5001370257541453,0.4143204586648672,0.43453860882186496,0.46140740933819835,0.544473469032132,0.008886580234931633,0.49332790933789294,2.4177503353103775,2.7358330305734206,1.041293706151967,0.424729986752083,0.0037227404872571157,3.6742909393339325,0.027918015181597478,1.549835335786736
D_W,dw,93,93,0.01,0.02,512,512,0,512,,512,512,0,512,0,0.5365644824889114,0.5001925322876439,0.4140587527014883,0.434235567003469,0.46111965104745234,0.5443390595262413,0.008748652830403473,0.49282489815160035,sample,210,0.5363870969803991,0.5001619845545986,0.4141053974682572,0.4341426661444358,0.4609641633310637,0.5445216083805496,0.008917432061904717,0.49259139751487047,2.422371049773381,2.740883700472205,1.0440550006467033,0.4272069804371403,0.004451673752564233,3.676651879430832,0.02801493905456594,1.5475215156542466
D_W,dw,93,93,0.01,0.02,512,512,0,512,,512,512,0,512,0,0.5365644824889114,0.5001925322876439,0.4140587527014883,0.434235567003469,0.46111965104745234,0.5443390595262413,0.008748652830403473,0.49282489815160035,sample,211,0.5368551782029423,0.49975900064297746,0.41384569012140426,0.4344147313865627,0.4612374371889057,0.5444782089455164,0.008762734130243146,0.4925594643820705,2.427572829897924,2.7373610897850855,1.0423528540423155,0.4255456187224997,6.276646309572171,3.675387084595252,0.02752894116893241,1.547421194758836
D_W,dw,93,93,0.01,0.02,512,512,0,512,,512,512,0,512,0,0.5365644824889114,0.5001925322876439,0.4140587527014883,0.434235567003469,0.46111965104745234,0.5443390595262413,0.008748652830403473,0.49282489815160035,sample,212,0.5366798294083636,0.5003339852447733,0.41418691424637244,0.43456662107814414,0.46109098477215416,0.5448259190209483,0.008464146352621469,0.49275163137594447,2.419135885581384,2.737643281912902,1.0386344541022503,0.4261610707852267,0.009105168168136253,3.678058390761036,0.026590900000304448,1.548024905175053
D_W,dw,93,93,0.01,0.02,512,512,0,512,,512,512,0,512,0,0.5365644824889114,0.5001925322876439,0.4140587527014883,0.434235567003469,0.46111965104745234,0.5443390595262413,0.008748652830403473,0.49282489815160035,sample,213,0.5360602545511651,0.49926094637369006,0.41340151885538956,0.43393853423794326,0.4611844412611784,0.5439591961167998,0.008201363872442066,0.4927960525120488,2.4362845628042704,2.7469478859387633,1.0499221385947337,0.42611668278880505,6.262693211842471,3.6728203214652395,0.02576534449108073,1.5481644582899023
D_W,dw,93,93,0.01,0.02,512,512,0,512,,512,512,0,512,0,0.5365644824889114,0.5001925322876439,0.4140587527014883,0.434235567003469,0.46111965104745234,0.5443390595262413,0.008748652830403473,0.49282489815160035,sample,214,0.5361238859837862,0.5002405921866709,0.4142136834250924,0.4344944771321356,0.4609855924366592,0.5443028474463117,0.00897118133921661,0.49283146133851496,2.418773618394607,2.743029287549164,1.0444128648508144,0.425369645226711,0.006660098236935735,3.6787628950630493,0.02818379738930474,1.5482756983990007
D_W,dw,93,93,0.01,0.02,512,512,0,512,,512,512,0,512,0,0.5365644824889114,0.5001925322876439,0.4140587527014883,0.434235567003469,0.46111965104745234,0.5443390595262413,0.008748652830403473,0.49282489815160035,sample,215,0.5364677925158273,0.4999644353149625,0.4140012839027968,0.43426777610774947,0.4611423650825808,0.5440217223743659,0.008584294764255708,0.4931707993330205,2.424947728849342,2.740526404656913,1.0478259570799928,0.42517029194614353,6.282210072011538,3.675479733693892,0.02696835736763506,1.5493417601496233
D_W,dw,93,93,0.01,0.02,512,512,0,512,,512,512,0,512,0,0.5365644824889114,0.5001925322876439,0.4140587527014883,0.434235567003469,0.46111965104745234,0.5443390595262413,0.008748652830403473,0.49282489815160035,sample,216,0.5366381317294932,0.5005562384606789,0.4141386552848986,0.434035497501976,0.45997524019985025,0.5446453340541286,0.008735643764042702,0.492360041150041,2.4251441106855967,2.738230575770924,1.046241922097577,0.4300122856622202,0.015180788544808517,3.6869694535726145,0.02744383427349404,1.5467946881981371
D_W,dw,93,93,0.01,0.02,512,512,0,512,,512,512,0,512,0,0.5365644824889114,0.5001925322876439,0.4140587527014883,0.434235567003469,0.46111965104745234,0.5443390595262413,0.008748652830403473,0.49282489815160035,sample,217,0.5367038719273581,0.5003011857138133,0.41368596769524396,0.4339391383282272,0.46094955432953766,0.5443532786598243,0.008718199245219436,0.4923865056082742,2.4309165021488988,2.73950963121482,1.0467322929653318,0.42756168342026657,0.008205645292823102,3.6754633153296203,0.02738903070131346,1.5468778287457037
D_W,dw,93,93,0.01,0.02,512,512,0,512,,512,512,0,512,0,0.5365644824889114,0.5001925322876439,0.4140587527014883,0.434235567003469,0.46111965104745234,0.5443390595262413,0.008748652830403473,0.49282489815160035,sample,218,0.5360183282442122,0.50064459184515,0.4136435309487651,0.4336869337808625,0.46156292146220684,0.5441663120326669,0.00859684960109385,0.4923496793913897,2.42751216567211,2.7463848918077636,1.0480405966339528,0.42672564943222274,0.017894307546248524,3.6668999454306097,0.027007799550812783,1.5467621357732797
D_W,dw,93,93,0.01,0.02,512,512,0,512,,512,512,0,512,0,0.5365644824889114,0.5001925322876439,0.4140587527014883,0.434235567003469,0.46111965104745234,0.5443390595262413,0.008748652830403473,0.49282489815160035,sample,219,0.5379675634906915,0.5004442362172546,0.4129596651781047,0.4340072242868598,0.46090577806395,0.5439676557053985,0.009294896686483945,0.49334780974325576,2.447581074136102,2.730243299764147,1.050303161257126,0.42648195281904183,0.011699880270032183,3.676406316929469,0.02920077914613407,1.5498978547540272
D_W,dw,93,93,0.01,0.02,512,512,0,512,,512,512,0,512,0,0.5365644824889114,0.5001925322876439,0.4140587527014883,0.434235567003469,0.46111965104745234,0.5443390595262413,0.008748652830403473,0.49282489815160035,sample,220,0.5361091200840886,0.5001084136640446,0.41380119546470706,0.43418301491011396,0.4609678645866868,0.5440311329063652,0.008889160289788447,0.4928209379181305,2.427404766492393,2.7448941280535974,1.048649201471042,0.4258694548772042,0.0030023810614723625,3.6768791329881028,0.027926120662981502,1.5482426380988301
D_W,dw,93,93,0.01,0.02,512,512,0,512,,512,512,0,512,0,0.5365644824889114,0.5001925322876439,0.4140587527014883,0.434235567003469,0.46111965104745234,0.5443390595262413,0.008748652830403473,0.49282489815160035,sample,221,0.5364261196993328,0.5002485824777829,0.4139034150042792,0.43380669924049725,0.46107052407013044,0.5441858487392763,0.00896858052812926,0.4931427747510602,2.4269887318378043,2.741337321635348,1.0486657930480812,0.42737819069650573,0.006824186079500653,3.6732296229660544,0.02817562670029935,1.5492537183288169
D_W,dw,93,93,0.01,0.02,512,512,0,512,,512,512,0,512,0,0.5365644824889114,0.5001925322876439,0.4140587527014883,0.434235567003469,0.46111965104745234,0.5443390595262413,0.008748652830403473,0.49282489815160035,sample,222,0.5364529457329122,0.49941790509300704,0.41361477791246143,0.4337897667618447,0.461791841669997,0.5441628101487652,0.008780110745477781,0.4933998162305992,2.43166269481599,2.7422360089732494,1.0469233998384175,0.425866404937403,6.267218272778828,3.6649836835181833,0.027583531415697797,1.5500612379526044
D_W,dw,93,93,0.01,0.02,512,512,0,512,,512,512,0,512,0,0.5365644824889114,0.5001925322876439,0.4140587527014883,0.434235567003469,0.46111965104745234,0.5443390595262413,0.008748652830403473,0.49282489815160035,sample,223,0.5366304678851374,0.49990966507953877,0.41404125228037963,0.43425072153104455,0.461072183438656,0.5442193817862884,0.008583748928557344,0.49246094055785916,2.4248866142933707,2.7387556453863597,1.0461714713438273,0.425857774384175,6.280719197884597,3.6761568271450344,0.02696664257421501,1.5471116730364902
D_W,dw,93,93,0.01,0.02,512,512,0,512,,512,512,0,512,0,0.5365644824889114,0.5001925322876439,0.4140587527014883,0.434235567003469,0.46111965104745234,0.5443390595262413,0.008748652830403473,0.49282489815160035,sample,224,0.5366110531126318,0.5005488614271303,0.4140689564513135,0.4340386064323784,0.4612613839087489,0.544575566529647,0.00878965728809144,0.4923473545408956,2.4218793964917333,2.7387911636246325,1.0431794587882888,0.4270819119665316,0.01499056342346518,3.672615825356479,0.027613522763840055,1.546754832040047
D_W,dw,93,93,0.01,0.02,512,512,0,512,,512,512,0,512,0,0.5365644824889114,0.5001925322876439,0.4140587527014883,0.434235567003469,0.46111965104745234,0.5443390595262413,0.008748652830403473,0.49282489815160035,sample,225,0.5363669338787281,0.5004680379786898,0.4139995245405548,0.43364439751801154,0.46102963192592544,0.5442524854836172,0.008310559343408292,0.49271504357436263,2.4251723514973724,2.741498670973869,1.048917683231252,0.42821019141721955,0.012869166860683113,3.672618471373753,0.026108392180473505,1.5479099612063925
D_W,dw,93,93,0.01,0.02,512,512,0,512,,512,512,0,512,0,0.5365644824889114,0.5001925322876439,0.4140587527014883,0.434235567003469,0.46111965104745234,0.5443390595262413,0.008748652830403473,0.49282489815160035,sample,226,0.5358780619287217,0.500747871764568,0.41337893984798557,0.4343792960516853,0.461435389601241,0.544649769866064,0.008538693038390666,0.49288996377139854,2.428120023068873,2.74883210686969,1.0402740359336948,0.4256722721952049,0.020841802321748266,3.67291126957431,0.026825095320666424,1.5484594892123649
D_W,dw,93,93,0.01,0.02,512,512,0,512,,512,512,0,512,0,0.5365644824889114,0.5001925322876439,0.4140587527014883,0.434235567003469,0.46111965104745234,0.5443390595262413,0.008748652830403473,0.49282489815160035,sample,227,0.5353752375699761,0.4998860272231516,0.4142135053966481,0.4340746338229781,0.4612828612548773,0.544532017123849,0.008524361737400961,0.4931082920955805,2.417133908235515,2.7504717186687433,1.0433660605629522,0.4268013418112021,6.279963494682243,3.6726122304401256,0.026780072210760782,1.5491453878716854
D_W,dw,93,93,0.01,0.02,512,512,0,512,,512,512,0,512,0,0.5365644824889114,0.5001925322876439,0.4140587527014883,0.434235567003469,0.46111965104745234,0.5443390595262413,0.008748652830403473,0.49282489815160035,sample,228,0.5368004423861568,0.5000624938607677,0.4133264656022604,0.43442282418073846,0.46120694145491875,0.545158129576234,0.009088279078770458,0.4929312664052773,2.4334875643356746,2.7400714867444704,1.035771960290378,0.4272441664463974,0.0016981806913711265,3.6757856929786485,0.028551670787639084,1.5485892452635324
D_W,dw,93,93,0.01,0.02,512,512,0,512,,512,512,0,512,0,0.5365644824889114,0.5001925322876439,0.4140587527014883,0.434235567003469,0.46111965104745234,0.5443390595262413,0.008748652830403473,0.49282489815160035,sample,229,0.537208620042046,0.5004885490643056,0.41408756885977627,0.43439720509638435,0.4607800528211787,0.5442693524371319,0.008616820403814455,0.49272686375343916,2.42504330403787,2.7328503806709956,1.0458149532260916,0.42607656411708167,0.013129242414506831,3.6804220936100576,0.027070539677926126,1.5479470953941434
D_W,dw,93,93,0.01,0.02,512,512,0,512,,512,512,0,512,0,0.5365644824889114,0.5001925322876439,0.4140587527014883,0.434235567003469,0.46111965104745234,0.5443390595262413,0.008748652830403473,0.49282489815160035,sample,230,0.5363502335425134,0.49987441438234376,0.41410619284502914,0.4342248983247061,0.4611686134925253,0.5443069156831918,0.008353696460675299,0.49257972203743833,2.422527656211782,2.741245720871148,1.0451612079455652,0.4259574041333176,6.279730443049427,3.6748982454182797,0.026243911431176575,1.5474848360601186
D_W,dw,93,93,0.01,0.02,512,512,0,512,,512,512,0,512,0,0.5365644824889114,0.5001925322876439,0.4140587527014883,0.434235567003469,0.46111965104745234,0.5443390595262413,0.008748652830403473,0.49282489815160035,sample,231,0.5369271530761384,0.5001372902864671,0.4139490666621569,0.4342357963687743,0.46144789564083,0.5443773711589204,0.008542347022978743,0.4929138060894822,2.425188857701668,2.73622542268899,1.043611304666495,0.42549835756743837,0.003717851024754713,3.6718160612234247,0.026836574651804657,1.5485343920637011
D_W,dw,93,93,0.01,0.02,512,512,0,512,,512,512,0,512,0,0.5365644824889114,0.5001925322876439,0.4140587527014883,0.434235567003469,0.46111965104745234,0.5443390595262413,0.008748652830403473,0.49282489815160035,sample,232,0.5366579584968069,0.5003639360308874,0.4141053231257759,0.43439281880681985,0.46133506534993457,0.5442143478208232,0.008982671245561145,0.4925641482214113,2.4213489739753404,2.7381991965731554,1.0447645070277698,0.4247770103868164,0.009927559789239966,3.674137027294502,0.02821989399466717,1.5474359094740997
D_W,dw,93,93,0.01,0.02,512,512,0,512,,512,512,0,512,0,0.5365644824889114,0.5001925322876439,0.4140587527014883,0.434235567003469,0.46111965104745234,0.5443390595262413,0.008748652830403473,0.49282489815160035,sample,233,0.5366028765547164,0.5003199068693792,0.41450903481665324,0.43422599607438694,0.46119517569141505,0.5441963679053919,0.008488827099751916,0.4927903971985022,2.4158477595147048,2.737043929933541,1.0461628108578787,0.4256297681342611,0.00873971540872411,3.6746060348695817,0.026668436854174568,1.5481466915984108
D_W,dw,93,93,0.01,0.02,512,512,0,512,,512,512,0,512,0,0.5365644824889114,0.5001925322876439,0.4140587527014883,0.434235567003469,0.46111965104745234,0.5443390595262413,0.008748652830403473,0.49282489815160035,sample,234,0.5362658486346586,0.5000216719857139,0.4137119887414981,0.43397935316193714,0.46127488794875454,0.5438313019884385,0.00891707730897927,0.4928148271680475,2.429663680331728,2.7437194841535355,1.0507229033610923,0.42547092669612524,0.0005975865435403066,3.67207164937092,0.028013824565381516,1.5482234406112616
D_W,dw,93,93,0.01,0.02,512,512,0,512,,512,512,0,512,0,0.5365644824889114,0.5001925322876439,0.4140587527014883,0.434235567003469,0.46111965104745234,0.5443390595262413,0.008748652830403473,0.49282489815160035,sample,235,0.5358145177385786,0.500379793340009,0.4133042171324054,0.4339805184823497,0.4609124541715353,0.5442307832008637,0.008634755579455637,0.4928813106595884,2.434113734832523,2.7498197635417516,1.0478353573915253,0.4271964074200815,0.010604054681499756,3.6761540414503973,0.027126884693961306,1.5484323046598716
D_W,dw,93,93,0.01,0.02,512,512,0,512,,512,512,0,512,0,0.5365644824889114,0.5001925322876439,0.4140587527014883,0.434235567003469,0.46111965104745234,0.5443390595262413,0.008748652830403473,0.49282489815160035,sample,236,0.5365867011686848,0.5001965828525747,0.4139991477022931,0.4344304634153976,0.46093286658192895,0.5444185121938565,0.008444231157345645,0.49287327901030314,2.4240780123774854,2.7393589642084573,1.0437467999320003,0.4259919801610173,0.005373016821813423,3.6789272394991235,0.026528334569131114,1.5484070724894807
D_W,dw,93,93,0.01,0.02,512,512,0,512,,512,512,0,512,0,0.5365644824889114,0.5001925322876439,0.4140587527014883,0.434235567003469,0.46111965104745234,0.5443390595262413,0.008748652830403473,0.49282489815160035,sample,237,0.5364664526388758,0.5000772927609296,0.4142352493859925,0.43431475345335785,0.4612434806889648,0.5445712675592996,0.0083933066120823,0.49257271202334396,2.4191580158218566,2.739558910681153,1.0419169098875962,0.4261178162542268,0.0021195548124397323,3.674651877358603,0.02636835039184439,1.5474628134513382
D_W,dw,93,93,0.01,0.02,512,512,0,512,,512,512,0,512,0,0.5365644824889114,0.5001925322876439,0.4140587527014883,0.434235567003469,0.46111965104745234,0.5443390595262413,0.008748652830403473,0.49282489815160035,sample,238,0.5365154481471799,0.5010693388884269,0.4149540547153139,0.43378383791943276,0.46096348546471827,0.544839870857455,0.00898961532929991,0.49303827949932816,2.407209968712455,2.7358782425326806,1.0427103263737354,0.4292686864884495,0.029276194505963825,3.6742791795826193,0.028241709477126786,1.5489254368136405
D_W,dw,93,93,0.01,0.02,512,512,0,512,,512,512,0,512,0,0.5365644824889114,0.5001925322876439,0.4140587527014883,0.434235567003469,0.46111965104745234,0.5443390595262413,0.008748652830403473,0.49282489815160035,sample,239,0.5367037265305108,0.49996509744032935,0.4141368998564117,0.4342937997381859,0.4612938480961532,0.5444682388841524,0.00853274288917928,0.4929572526368143,2.4219979074970386,2.7376332945400916,1.0428815174624773,0.4258358891717756,6.282234380599385,3.673943408138332,0.026806402375616174,1.5486708834176235
D_W,dw,93,93,0.01,0.02,512,512,0,512,,512,512,0,512,0,0.5365644824889114,0.5001925322876439,0.4140587527014883,0.434235567003469,0.46111965104745234,0.5443390595262413,0.008748652830403473,0.49282489815160035,sample,240,0.5358323772106476,0.4998289977615,0.4137905757670347,0.43504748930613346,0.4608481299349249,0.5446601351618453,0.008891107534065286,0.4931205435751835,2.423640189441062,2.7476697203672753,1.038598248344065,0.4245588546509322,6.27841306057874,3.684051457235332,0.027932238111296363,1.549183877030002
D_W,dw,93,93,0.01,0.02,512,512,0,512,,512,512,0,512,0,0.5365644824889114,0.5001925322876439,0.4140587527014883,0.434235567003469,0.46111965104745234,0.5443390595262413,0.008748652830403473,0.49282489815160035,sample,241,0.536539663833612,0.4995354411962166,0.4135610239504383,0.43379089431488327,0.4610289279461231,0.5442045180651149,0.008503979379868494,0.49315992458176644,2.435033986766955,2.741624021418556,1.048678561941418,0.42756825420490835,6.270472169541028,3.6735920310496617,0.026716039146073945,1.549307596110974
D_W,dw,93,93,0.01,0.02,512,512,0,512,,512,512,0,512,0,0.5365644824889114,0.5001925322876439,0.4140587527014883,0.434235567003469,0.46111965104745234,0.5443390595262413,0.008748652830403473,0.49282489815160035,sample,242,0.5357862098509076,0.5003141938261748,0.4129153362260241,0.43445200776854587,0.4617388627238215,0.5438649977341461,0.008292854788971052,0.49298153481223156,2.4369117818921295,2.751680967891782,1.0467483785798082,0.422866467414734,0.008779520233021214,3.669949443247221,0.02605277168231839,1.5487471681215275
D_W,dw,93,93,0.01,0.02,512,512,0,512,,512,512,0,512,0,0.5365644824889114,0.5001925322876439,0.4140587527014883,0.434235567003469,0.46111965104745234,0.5443390595262413,0.008748652830403473,0.49282489815160035,sample,243,0.53636125610617,0.5002321701132592,0.41450891237589266,0.4338644328647824,0.4612919256314342,0.5437936554258186,0.008346330768367887,0.49248432319977103,2.416996537498837,2.7394418031708265,1.0516028178568102,0.4257598532801466,0.006385009294206641,3.6711211182000567,0.02622077142633501,1.547185131772542
D_W,dw,93,93,0.01,0.02,512,512,0,512,,512,512,0,512,0,0.5365644824889114,0.5001925322876439,0.4140587527014883,0.434235567003469,0.46111965104745234,0.5443390595262413,0.008748652830403473,0.49282489815160035,sample,244,0.5369998388359652,0.5004517514883366,0.41383930446265044,0.4342361200183799,0.46102879440975614,0.5445207216749303,0.008497814155849517,0.49250316874403366,2.4274847981975105,2.735950181411678,1.0434195361324043,0.4267322627298404,0.012208946215589486,3.676547923790413,0.026696670523588192,1.5472443367959503
D_W,dw,93,93,0.01,0.02,512,512,0,512,,512,512,0,512,0,0.5365644824889114,0.5001925322876439,0.4140587527014883,0.434235567003469,0.46111965104745234,0.5443390595262413,0.008748652830403473,0.49282489815160035,sample,245,0.5365461661213292,0.5000019770688705,0.41409115694625864,0.43420658726838296,0.4612409534402823,0.5442605231376842,0.008609393199516974,0.49239717128956645,2.4230012373151304,2.739377886039244,1.0454966391785987,0.4257576190330221,5.409784605078459e-05,3.6739605545376226,0.02704720642746845,1.546911335971697
D_W,dw,93,93,0.01,0.02,512,512,0,512,,512,512,0,512,0,0.5365644824889114,0.5001925322876439,0.4140587527014883,0.434235567003469,0.46111965104745234,0.5443390595262413,0.008748652830403473,0.49282489815160035,sample,246,0.5362029378237071,0.5005027418560263,0.4137218728361875,0.4341590815392393,0.4614950634348618,0.5452013333298898,0.008159526399215293,0.49250984789866975,2.4236318293401955,2.7442640666503375,1.035820062995857,0.42768763196146276,0.013885877040403343,3.6707739166328825,0.025633908192546743,1.5472653199790873
D_W,dw,93,93,0.01,0.02,512,512,0,512,,512,512,0,512,0,0.5365644824889114,0.5001925322876439,0.4140587527014883,0.434235567003469,0.46111965104745234,0.5443390595262413,0.008748652830403473,0.49282489815160035,sample,247,0.5368244685094249,0.5000291746475374,0.4138386706419257,0.4341399769537437,0.46077753022027446,0.5445183799869503,0.00890852355871222,0.49256814628858847,2.4292141899255633,2.7376995004752285,1.0446402259671976,0.4276063859025407,0.000792262390040992,3.6787284366234916,0.02798695216638191,1.547448469772572
D_W,dw,93,93,0.01,0.02,512,512,0,512,,512,512,0,512,0,0.5365644824889114,0.5001925322876439,0.4140587527014883,0.434235567003469,0.46111965104745234,0.5443390595262413,0.008748652830403473,0.49282489815160035,sample,248,0.53598131758188,0.4998917159406841,0.41387955139979266,0.4342869995347422,0.46114374325581875,0.5443201053560107,0.008814215911823235,0.49270046632638187,2.424725599563109,2.7458327118975,1.0447999603401394,0.42581904860281033,6.280175863954813,3.6755923344902817,0.027690675955738136,1.5478641654312266
D_W,dw,93,93,0.01,0.02,512,512,0,512,,512,512,0,512,0,0.5365644824889114,0.5001925322876439,0.4140587527014883,0.434235567003469,0.46111965104745234,0.5443390595262413,0.008748652830403473,0.49282489815160035,sample,249,0.5355256728527963,0.4999619971498033,0.414148212844217,0.43419732362620045,0.4616368636323979,0.5431103020273832,0.008456497675721562,0.4930222924561568,2.4199930691011797,2.74924439680767,1.0557657501007125,0.4221953836766601,6.282115578370836,3.6694203579244062,0.02656687097314602,1.5488752120362608
D_W,dw,93,93,0.01,0.02,512,512,0,512,,512,512,0,512,0,0.5365644824889114,0.5001925322876439,0.4140587527014883,0.434235567003469,0.46111965104745234,0.5443390595262413,0.008748652830403473,0.49282489815160035,sample,250,0.5363726769685536,0.5002550988023647,0.41450783749972475,0.4337721530299668,0.46131201168316976,0.5445451328740628,0.009055856697801323,0.49271882340999557,2.4155575181476356,2.7393316931813176,1.0446357626370093,0.42786006358663287,0.007013358407465003,3.6702873740598805,0.02844981287377456,1.5479218359102487
D_W,dw,93,93,0.01,0.02,512,512,0,512,,512,512,0,512,0,0.5365644824889114,0.5001925322876439,0.4140587527014883,0.434235567003469,0.46111965104745234,0.5443390595262413,0.008748652830403473,0.49282489815160035,sample,251,0.5368150394449382,0.500180613426354,0.41459267504611214,0.4329916902301882,0.46133520559490826,0.5437478230351472,0.00852525050312204,0.492697970453196,2.4201899007006027,2.7346023142541,1.0561418460344933,0.4287237843786457,0.004905929208957649,3.664939879698111,0.02678286435062089,1.5478563244143615
D_W,dw,93,93,0.01,0.02,512,512,0,512,,512,512,0,512,0,0.5365644824889114,0.5001925322876439,0.4140587527014883,0.434235567003469,0.46111965104745234,0.5443390595262413,0.008748652830403473,0.49282489815160035,sample,252,0.5365469194281995,0.4998578386622173,0.41406155644249343,0.43437494876709465,0.46109971266640765,0.543992638555942,0.008506826078983898,0.4924813068093628,2.424415544621809,2.739491818153102,1.0477122401744152,0.42480560482044777,6.279295495862812,3.6766759238078497,0.02672498231510188,1.547175655502595
D_W,dw,93,93,0.01,0.02,512,512,0,512,,512,512,0,512,0,0.5365644824889114,0.5001925322876439,0.4140587527014883,0.434235567003469,0.46111965104745234,0.5443390595262413,0.008748652830403473,0.49282489815160035,sample,253,0.5367064447193942,0.5001195541479989,0.4139215236483528,0.4340789477955385,0.4610966344720925,0.5445185268599129,0.008495089697279839,0.4929478002806205,2.4263072308645164,2.738509492751386,1.0440135900367968,0.42714699598591405,0.0032570227424973796,3.674738660643722,0.026688111384560682,1.548641187964846
D_W,dw,93,93,0.01,0.02,512,512,0,512,,512,512,0,512,0,0.5365644824889114,0.5001925322876439,0.4140587527014883,0.434235567003469,0.46111965104745234,0.5443390595262413,0.008748652830403473,0.49282489815160035,sample,254,0.5365078574951573,0.500212677184217,0.4139757804250352,0.43440154159091404,0.4611248482292165,0.5439419058143922,0.009055515466210286,0.49315548594501063,2.424615466006558,2.740232309311688,1.048009017325531,0.4245342177901193,0.005825452190478581,3.6765701927554195,0.028448740863114986,1.54929365172235
D_W,dw,93,93,0.01,0.02,512,512,0,512,,512,512,0,512,0,0.5365644824889114,0.5001925322876439,0.4140587527014883,0.434235567003469,0.46111965104745234,0.5443390595262413,0.008748652830403473,0.49282489815160035,sample,255,0.5362526473006056,0.5003633075864578,0.4138056756658826,0.43463673259029006,0.46092348368523584,0.5445074250394207,0.008913993896985698,0.49273275211335565,2.4247473892078126,2.7434435532531376,1.0418929715249863,0.4254900295874903,0.010021210911375075,3.6804194804911665,0.02800413774091452,1.5479655942223987
D_W,dw,93,93,0.01,0.02,512,512,0,512,,512,512,0,512,0,0.5365644824889114,0.5001925322876439,0.4140587527014883,0.434235567003469,0.46111965104745234,0.5443390595262413,0.008748652830403473,0.49282489815160035,sample,256,0.5380448469768176,0.5010136317108683,0.41331500457227943,0.4350373628132155,0.46062245259276585,0.5461863307567572,0.009392381282518899,0.49292729244072725,2.433609856610371,2.7278887348151,1.0245210563590224,0.428858386645421,0.026636773444394878,3.6865269540027885,0.029507036036875652,1.5485767606856964
D_W,dw,93,93,0.01,0.02,512,512,0,512,,512,512,0,512,0,0.5365644824889114,0.5001925322876439,0.4140587527014883,0.434235567003469,0.46111965104745234,0.5443390595262413,0.008748652830403473,0.49282489815160035,sample,257,0.5363788863002219,0.5003422888816086,0.4145330587658416,0.4342362328500243,0.4611415032428366,0.5442757550046647,0.008968136971886986,0.49254530304589444,2.4145989814455993,2.739156789726943,1.0454893858082475,0.4258988100591267,0.009408720719514025,3.6752793057404145,0.028174233227267167,1.5473767056091403
D_W,dw,93,93,0.01,0.02,512,512,0,512,,512,512,0,512,0,0.5365644824889114,0.5001925322876439,0.4140587527014883,0.434235567003469,0.46111965104745234,0.5443390595262413,0.008748652830403473,0.49282489815160035,sample,258,0.5363329619914644,0.5001596821333518,0.4144955897694074,0.43409841309855707,0.46128412433815086,0.5448676590126963,0.008983662893500355,0.4926136065831328,2.414203009200424,2.739782052662858,1.0399735736060576,0.4275305773200246,0.004394937722825647,3.6727555330010877,0.02822300934854794,1.5475912874999425
D_W,dw,93,93,0.01,0.02,512,512,0,512,,512,512,0,512,0,0.5365644824889114,0.5001925322876439,0.4140587527014883,0.434235567003469,0.46111965104745234,0.5443390595262413,0.008748652830403473,0.49282489815160035,sample,259,0.536787615619027,0.5003376367281787,0.41406691916798527,0.43434039403747043,0.4612732880618644,0.5442576381524781,0.009012093955585988,0.4925720356044313,2.4227804806127144,2.7370872808966507,1.0447757516049196,0.4252011451537915,0.009177742091282004,3.6744860360571616,0.02831232816432992,1.5474606884186515
D_W,dw,93,93,0.01,0.02,512,512,0,512,,512,512,0,512,0,0.5365644824889114,0.5001925322876439,0.4140587527014883,0.434235567003469,0.46111965104745234,0.5443390595262413,0.008748652830403473,0.49282489815160035,sample,260,0.5365149259914642,0.5009661214597501,0.41359429162889033,0.433986398284311,0.46112377258961174,0.5443594271691795,0.00832463486331562,0.4927454536666635,2.429222730050761,2.741632348060632,1.0459416523297427,0.4270369188187625,0.026452090126804023,3.6738196010754254,0.026152611730409822,1.5480054973289599
D_W,dw,93,93,0.01,0.02,512,512,0,512,,512,512,0,512,0,0.5365644824889114,0.5001925322876439,0.4140587527014883,0.434235567003469,0.46111965104745234,0.5443390595262413,0.008748652830403473,0.49282489815160035,sample,261,0.5362494102937858,0.5001745086968463,0.414064368924843,0.4344988139665461,0.4607353961155117,0.5443408743944786,0.008952434095059199,0.4927153366063514,2.4225581694347724,2.7424140066888842,1.0447494838775921,0.4259815568033941,0.004814074141681879,3.6816067220779787,0.028124901184784768,1.5479108817935356
D_W,dw,93,93,0.01,0.02,512,512,0,512,,512,512,0,512,0,0.5365644824889114,0.5001925322876439,0.4140587527014883,0.434235567003469,0.46111965104745234,0.5443390595262413,0.008748652830403473,0.49282489815160035,sample,262,0.5367494010985828,0.5003295529757887,0.41364503315169826,0.4347182827026777,0.46077286117895233,0.5434832435448649,0.008958472087035105,0.49260701872876966,2.4316840763933945,2.73923151097015,1.0520187662282265,0.42304998848743375,0.008967333682567604,3.6826663955003327,0.028143870096018708,1.5475705911450723
D_W,dw,93,93,0.01,0.02,512,512,0,512,,512,512,0,512,0,0.5365644824889114,0.5001925322876439,0.4140587527014883,0.434235567003469,0.46111965104745234,0.5443390595262413,0.008748652830403473,0.49282489815160035,sample,263,0.5369015344644457,0.5001259793034335,0.4140160992115137,0.4343438343489703,0.46091787212875146,0.5439238659668546,0.00927150430159099,0.49309510026984354,2.4265334525518356,2.7361949061564075,1.0490662366965582,0.4251401271262128,0.0034139180345407216,3.6785155071769164,0.02912728980160442,1.5491039445288628
D_W,dw,93,93,0.01,0.02,512,512,0,512,,512,512,0,512,0,0.5365644824889114,0.5001925322876439,0.4140587527014883,0.434235567003469,0.46111965104745234,0.5443390595262413,0.008748652830403473,0.49282489815160035,sample,264,0.537754350289184,0.5005653543087254,0.4140463591293656,0.4339960063356594,0.46036017210219005,0.5442738292319093,0.009398411219189317,0.4927802624548626,2.4302248203532977,2.7276806946523213,1.0489313109488758,0.4284268775640042,0.014973428287916138,3.682429044121069,0.02952597964162105,1.5481148523622466
D_W,dw,93,93,0.01,0.02,512,512,0,512,,512,512,0,512,0,0.5365644824889114,0.5001925322876439,0.4140587527014883,0.434235567003469,0.46111965104745234,0.5443390595262413,0.008748652830403473,0.49282489815160035,sample,265,0.53626257534333,0.5001316697014031,0.41354275848963157,0.43412956385381285,0.46181226511348106,0.5448365366310173,0.008304203311843701,0.4929386948020464,2.4275308624500314,2.7444487626826324,1.0385979955016356,0.4262356214617445,0.00363099204915774,3.6669819662298164,0.026088424118404202,1.5486125822602501
D_W,dw,93,93,0.01,0.02,512,512,0,512,,512,512,0,512,0,0.5365644824889114,0.5001925322876439,0.4140587527014883,0.434235567003469,0.46111965104745234,0.5443390595262413,0.008748652830403473,0.49282489815160035,sample,266,0.5364840847598399,0.5005457328479225,0.41435096388708786,0.43461033042510294,0.4605020324243294,0.5445440731569567,0.009150625829938724,0.49308112346568456,2.417753810131651,2.738858732693964,1.0429029761493678,0.4265777899511319,0.014956991666862972,3.6849773536832173,0.0287475388830845,1.5490600351035964
D_W,dw,93,93,0.01,0.02,512,512,0,512,,512,512,0,512,0,0.5365644824889114,0.5001925322876439,0.4140587527014883,0.434235567003469,0.46111965104745234,0.5443390595262413,0.008748652830403473,0.49282489815160035,sample,267,0.5362074085731644,0.5006120968085221,0.4149773988197564,0.4345694401881913,0.46124473089588885,0.5442953243259753,0.008453970629356955,0.49277512265761586,2.404660176793438,2.7389454476974593,1.0433633789645496,0.424530889073262,0.016903681662987623,3.676339620278107,0.02655893202285169,1.548098705212975
D_W,dw,93,93,0.01,0.02,512,512,0,512,,512,512,0,512,0,0.5365644824889114,0.5001925322876439,0.4140587527014883,0.434235567003469,0.46111965104745234,0.5443390595262413,0.008748652830403473,0.49282489815160035,sample,268,0.5360848446283591,0.5002435172007931,0.4141899034242197,0.43409727978527757,0.46108772000870857,0.5437861830241714,0.00874862100680042,0.49315361143497605,2.4211097767994643,2.743514751176777,1.0511291757331191,0.42533474466079907,0.0067483595029939674,3.6749607131382502,0.027484603484005537,1.549287762775396
D_W,dw,93,93,0.01,0.02,512,512,0,512,,512,512,0,512,0,0.5365644824889114,0.5001925322876439,0.4140587527014883,0.434235567003469,0.46111965104745234,0.5443390595262413,0.008748652830403473,0.49282489815160035,sample,269,0.5368852485995911,0.5002429750058935,0.4151673093547332,0.4347079734254781,0.4612775730569087,0.5446804172066443,0.009133819198465625,0.49254448100056275,2.4036154853521885,2.731442805618392,1.0388089695687313,0.4249037207387153,0.006587226621855017,3.6768974113117996,0.02869473929311702,1.5473741230775653
D_W,dw,93,93,0.01,0.02,512,512,0,512,,512,512,0,512,0,0.5365644824889114,0.5001925322876439,0.4140587527014883,0.434235567003469,0.46111965104745234,0.5443390595262413,0.008748652830403473,0.49282489815160035,sample,270,0.5383495944197764,0.5001702471617888,0.41391588405128565,0.4333682719422626,0.4612913799720941,0.5439510179258495,0.009091079361786327,0.4927372465380445,2.435124211198405,2.7224920855560306,1.052461573207845,0.4279329179936701,0.004439317963557853,3.6678748737155127,0.02856046813618971,1.5479797138739835
D_W,dw,93,93,0.01,0.02,512,512,0,512,,512,512,0,512,0,0.5365644824889114,0.5001925322876439,0.4140587527014883,0.434235567003469,0.46111965104745234,0.5443390595262413,0.008748652830403473,0.49282489815160035,sample,271,0.5364795067394958,0.5003811140956442,0.41385970122367455,0.43435499075651657,0.4613280125069874,0.544320279998304,0.00860308215390991,0.49313388644684414,2.4245458933920205,2.7409825648861363,1.043931208975323,0.42518463044813765,0.01044696775764746,3.6739646908418613,0.027027379692952828,1.5492257948975887
D_W,dw,93,93,0.01,0.02,512,512,0,512,,512,512,0,512,0,0.5365644824889114,0.5001925322876439,0.4140587527014883,0.434235567003469,0.46111965104745234,0.5443390595262413,0.008748652830403473,0.49282489815160035,sample,272,0.5366376980293713,0.5001199422854299,0.41360499408350804,0.43464631304878343,0.46072053090061527,0.5445976499080206,0.008511715453688187,0.4924589771464797,2.43045916908395,2.740506415190253,1.0415602407929025,0.42611001197618587,0.0032737279740614016,3.6827685177921428,0.02674034273875352,1.5471055047977245
D_W,dw,93,93,0.01,0.02,512,512,0,512,,512,512,0,512,0,0.5365644824889114,0.5001925322876439,0.4140587527014883,0.434235567003469,0.46111965104745234,0.5443390595262413,0.008748652830403473,0.49282489815160035,sample,273,0.5360400053014214,0.500171484247337,0.4142186127770402,0.43427163449145023,0.46169485676581773,0.5445417278300794,0.008846444370023103,0.49311016383936845,2.4163624139831597,2.7438434686556965,1.0411122618034014,0.42525003813863715,0.004758127857611738,3.6692537710633206,0.027791924643255365,1.5491512681282191
D_W,dw,93,93,0.01,0.02,512,512,0,512,,512,512,0,512,0,0.5365644824889114,0.5001925322876439,0.4140587527014883,0.434235567003469,0.46111965104745234,0.5443390595262413,0.008748652830403473,0.49282489815160035,sample,274,0.5371031827002527,0.5000648868903811,0.4138859281096907,0.43411018552966196,0.46066111471992743,0.5444254524975856,0.008815973441428277,0.49253227824767837,2.43005175379865,2.734767744797285,1.0460290842100637,0.42773711702136613,0.0017488209773216022,3.679833181469599,0.027696197397833803,1.5473357869987503
D_W,dw,93,93,0.01,0.02,512,512,0,512,,512,512,0,512,0,0.5365644824889114,0.5001925322876439,0.4140587527014883,0.434235567003469,0.46111965104745234,0.5443390595262413,0.008748652830403473,0.49282489815160035,sample,275,0.5367673013904174,0.5001989256388029,0.41432189473878106,0.434387664653362,0.46128577007951116,0.5443552095155496,0.00850015062300157,0.4926937640438957,2.4185779481628,2.7362212381161095,1.0435505386037025,0.42524148022403496,0.005410342622532793,3.6746601378933708,0.026704010751628437,1.5478431095898058
D_W,dw,93,93,0.01,0.02,512,512,0,512,,512,512,0,512,0,0.5365644824889114,0.5001925322876439,0.4140587527014883,0.434235567003469,0.46111965104745234,0.5443390595262413,0.008748652830403473,0.49282489815160035,sample,276,0.5365932723552351,0.5000952870592561,0.4140040700750479,0.4340319550479854,0.46116190008767455,0.5445108866498538,0.008764430522291533,0.4924367759994095,2.424596552178781,2.7392776237834493,1.044129855394047,0.4271590836637758,0.0026039443252171375,3.673692422779285,0.027534270541729234,1.5470357578371874
D_W,dw,93,93,0.01,0.02,512,512,0,512,,512,512,0,512,0,0.5365644824889114,0.5001925322876439,0.4140587527014883,0.434235567003469,0.46111965104745234,0.5443390595262413,0.008748652830403473,0.49282489815160035,sample,277,0.5364430338387036,0.5004229686905393,0.41367118853759355,0.4344042399121103,0.46142081774302907,0.5444925258485626,0.00896272085368588,0.49285335007165126,2.4264882578474354,2.7421209508474003,1.0417315940180942,0.42523018418573155,0.01160577634085469,3.6732424313933314,0.0281572179901156,1.5483444638822181
D_W,dw,93,93,0.01,0.02,512,512,0,512,,512,512,0,512,0,0.5365644824889114,0.5001925322876439,0.4140587527014883,0.434235567003469,0.46111965104745234,0.5443390595262413,0.008748652830403473,0.49282489815160035,sample,278,0.5364788169606411,0.5004596662010861,0.41335696201963434,0.43421927093258045,0.4610697195465637,0.5435513428221976,0.008906452659576673,0.49287745526729587,2.4354761590871776,2.743065955122091,1.0529051240306189,0.4243715126365547,0.012600240705714924,3.6759749415453813,0.02798044624487135,1.5484201925877685
D_W,dw,93,93,0.01,0.02,512,512,0,512,,512,512,0,512,0,0.5365644824889114,0.5001925322876439,0.4140587527014883,0.434235567003469,0.46111965104745234,0.5443390595262413,0.008748652830403473,0.49282489815160035,sample,279,0.5365886554753458,0.4997207717706068,0.4140390645289199,0.43388555934746076,0.4610488835036879,0.5442253884434148,0.008909158369069413,0.492608087151591,2.426565531794496,2.7391671595149276,1.0479579679974518,0.42723517095587266,6.2755539032608105,3.6739936967971953,0.027988946481936488,1.5475739476943589
D_W,dw,93,93,0.01,0.02,512,512,0,512,,512,512,0,512,0,0.5365644824889114,0.5001925322876439,0.4140587527014883,0.434235567003469,0.46111965104745234,0.5443390595262413,0.008748652830403473,0.49282489815160035,sample,280,0.5367867710653829,0.5004952417012396,0.41389572716965434,0.4342669899452299,0.46112478498121756,0.5442826228854565,0.009134551119211742,0.4930553220125802,2.4257999345382792,2.737797608816086,1.0453200000714036,0.42584043624102036,0.013461681228171986,3.6756726608449326,0.02869703868995603,1.5489789774480718
D_W,dw,93,93,0.01,0.02,512,512,0,512,,512,512,0,512,0,0.5365644824889114,0.5001925322876439,0.4140587527014883,0.434235567003469,0.46111965104745234,0.5443390595262413,0.008748652830403473,0.49282489815160035,sample,281,0.5366222480700523,0.5005590722676225,0.4140555624664508,0.4341180476080682,0.4612409145444851,0.5450476368169782,0.008402374949002585,0.492736675392391,2.42088445679775,2.738735615485529,1.0382525790159776,0.4279914097261316,0.015264733130212168,3.6733730552364654,0.026396839412493434,1.5479779195669943
D_W,dw,93,93,0.01,0.02,512,512,0,512,,512,512,0,512,0,0.5365644824889114,0.5001925322876439,0.4140587527014883,0.434235567003469,0.46111965104745234,0.5443390595262413,0.008748652830403473,0.49282489815160035,sample,282,0.5365675743536575,0.5004226305531546,0.4152250279180698,0.4356183762190169,0.4606720577882441,0.5440700495158877,0.009385128528653757,0.4931977090864472,2.4016050229417623,2.7343326210105428,1.0421138715329294,0.4214680396322775,0.01155700765831755,3.6899567553093875,0.02948425083861463,1.5494262996332986
D_W,dw,93,93,0.01,0.02,512,512,0,512,,512,512,0,512,0,0.5365644824889114,0.5001925322876439,0.4140587527014883,0.434235567003469,0.46111965104745234,0.5443390595262413,0.008748652830403473,0.49282489815160035,sample,283,0.5361801382411243,0.5001449838598678,0.41403389789234635,0.43405253659429904,0.46062875730392766,0.5448906461290768,0.008274282633595408,0.49252821662160623,2.423512960105824,2.7432265793543893,1.0418757742438804,0.42914098758814034,0.00400725621459852,3.6798101379143504,0.02599442553542894,1.5473230270241203
D_W,dw,93,93,0.01,0.02,512,512,0,512,,512,512,0,512,0,0.5365644824889114,0.5001925322876439,0.4140587527014883,0.434235567003469,0.46111965104745234,0.5443390595262413,0.008748652830403473,0.49282489815160035,sample,284,0.5366232303608125,0.500077852802008,0.4139098948235832,0.43449029436417885,0.4613485988146519,0.5439863696826701,0.009074317155156457,0.4928073549280618,2.4252883781992027,2.7393775233042135,1.0464892707859874,0.4238465090509981,0.0021257732857253536,3.674634405363933,0.028507808110983357,1.5481999658770167
D_W,dw,93,93,0.01,0.02,512,512,0,512,,512,512,0,512,0,0.5365644824889114,0.5001925322876439,0.4140587527014883,0.434235567003469,0.46111965104745234,0.5443390595262413,0.008748652830403473,0.49282489815160035,sample,285,0.5367371537696956,0.500999282114022,0.41448808696383205,0.4342049309857824,0.4615198058624566,0.5463075562267812,0.009178751793746201,0.4929485326406818,2.409232467905158,2.7356858871266967,1.024851639181456,0.43021795861628964,0.027194152758513362,3.6707973726453744,0.028835899204357203,1.5486434887418343
D_W,dw,93,93,0.01,0.02,512,512,0,512,,512,512,0,512,0,0.5365644824889114,0.5001925322876439,0.4140587527014883,0.434235567003469,0.46111965104745234,0.5443390595262413,0.008748652830403473,0.49282489815160035,sample,286,0.5366573796286502,0.4994915841865598,0.41448693714980456,0.43471315622547163,0.4603539830956169,0.5442215002692385,0.008678312893259061,0.49287521808901225,2.4200751164622973,2.736577877159236,1.0459960349456727,0.4257491189951728,6.269316797681827,3.68733249148035,0.027263724031016248,1.548413164284908
D_W,dw,93,93,0.01,0.02,512,512,0,512,,512,512,0,512,0,0.5365644824889114,0.5001925322876439,0.4140587527014883,0.434235567003469,0.46111965104745234,0.5443390595262413,0.008748652830403473,0.49282489815160035,sample,287,0.5359899264782192,0.5004594335946745,0.4136292957423768,0.4343913822240365,0.46089713776520436,0.5442285017248127,0.008606067520794987,0.4930987461987513,2.4279419389356787,2.7467515634048594,1.0459030755999297,0.4257481683687829,0.012764923007339616,3.6790672039830934,0.027036758499627257,1.5491153985523352
D_W,dw,93,93,0.01,0.02,512,512,0,512,,512,512,0,512,0,0.5365644824889114,0.5001925322876439,0.4140587527014883,0.434235567003469,0.46111965104745234,0.5443390595262413,0.008748652830403473,0.49282489815160035,sample,288,0.5361523389929685,0.5006186336999727,0.4152611891341884,0.4325118473601412,0.46239264215737286,0.5468609222493214,0.00898149317011637,0.4929205671431431,2.397237633111194,2.7382871555318395,1.0255799340267313,0.4358816107711165,0.017110188328732692,3.6499803432104296,0.02821619296150449,1.5485556325402128
D_W,dw,93,93,0.01,0.02,512,512,0,512,,512,512,0,512,0,0.5365644824889114,0.5001925322876439,0.4140587527014883,0.434235567003469,0.46111965104745234,0.5443390595262413,0.008748652830403473,0.49282489815160035,sample,289,0.5363358193202306,0.5002833793887365,0.414375370267226,0.43389748440767545,0.46052976114346356,0.5445116782832844,0.009018146549153342,0.49267840309055605,2.4198536923424223,2.7402517821254926,1.0465981892639105,0.4289891094171435,0.007798740992651242,3.679881832134567,0.028331342947816283,1.5477948517316418
D_W,dw,93,93,0.01,0.02,512,512,0,512,,512,512,0,512,0,0.5365644824889114,0.5001925322876439,0.4140587527014883,0.434235567003469,0.46111965104745234,0.5443390595262413,0.008748652830403473,0.49282489815160035,sample,290,0.5367089145509868,0.5001441375780523,0.41380347220041486,0.43410348118062725,0.46152793746036347,0.5443104390763492,0.009007711202360111,0.4926719916525972,2.4270443696825597,2.7389786394201123,1.0446875829949613,0.42564378767226657,0.003926480504248433,3.670034173450616,0.028298559338993008,1.5477747096052512
D_W,dw,93,93,0.01,0.02,512,512,0,512,,512,512,0,512,0,0.5365644824889114,0.5001925322876439,0.4140587527014883,0.434235567003469,0.46111965104745234,0.5443390595262413,0.008748652830403473,0.49282489815160035,sample,291,0.5365890383222959,0.5001413330842718,0.41412900619752324,0.4343821304404236,0.4611642745987364,0.5444951968795622,0.00841532433738047,0.49266828432546617,2.4213376657497174,2.73879381105853,1.0425596398400125,0.42585899483290457,0.003862697349662804,3.67599557646824,0.02643752111588988,1.547763062693572
D_W,dw,93,93,0.01,0.02,512,512,0,512,,512,512,0,512,0,0.5365644824889114,0.5001925322876439,0.4140587527014883,0.434235567003469,0.46111965104745234,0.5443390595262413,0.008748652830403473,0.49282489815160035,sample,292,0.5362345126212851,0.5004165551921494,0.41436984903313184,0.4338793733836643,0.46132697784032395,0.5437556697085751,0.008972667341893066,0.4928424265764747,2.418217109447055,2.741265169827731,1.051804577088246,0.42554079943176654,0.011495582879883474,3.670824710445236,0.028188465804396313,1.54831014671002
D_W,dw,93,93,0.01,0.02,512,512,0,512,,512,512,0,512,0,0.5365644824889114,0.5001925322876439,0.4140587527014883,0.434235567003469,0.46111965104745234,0.5443390595262413,0.008748652830403473,0.49282489815160035,sample,293,0.5368225584977483,0.5000323259623878,0.41403060977885625,0.43439111759678345,0.4610022369891634,0.5444308117506766,0.008565906504998319,0.4929732503149956,2.42471688510466,2.7369116937351436,1.0436169501402204,0.4260148871410973,0.0008778845197684762,3.677882567301807,0.02691058894743974,1.5487211416058724
D_W,dw,93,93,0.01,0.02,512,512,0,512,,512,512,0,512,0,0.5365644824889114,0.5001925322876439,0.4140587527014883,0.434235567003469,0.46111965104745234,0.5443390595262413,0.008748652830403473,0.49282489815160035,sample,294,0.5365997413845444,0.500623725503924,0.4140600794267696,0.43381705891413425,0.46205655080106034,0.5449535749314766,0.008689903553623899,0.4930695015122355,2.4189907467297234,2.7389279985816875,1.0383113190921325,0.42714031495151195,0.017040151362957553,3.6621571456029476,0.027300137164468677,1.5490235236600205
D_W,dw,93,93,0.01,0.02,512,512,0,512,,512,512,0,512,0,0.5365644824889114,0.5001925322876439,0.4140587527014883,0.434235567003469,0.46111965104745234,0.5443390595262413,0.008748652830403473,0.49282489815160035,sample,295,0.5369386085990581,0.5000078862416778,0.4137644150987828,0.4338902068248247,0.461793610266238,0.5444668997596187,0.009011391668009284,0.4933483975574678,2.4282935804267565,2.7368919034373183,1.0434460409593724,0.4262357763271732,0.00021349590190527297,3.6656210945185346,0.02831012186283824,1.5498997014268374
D_W,dw,93,93,0.01,0.02,512,512,0,512,,512,512,0,512,0,0.5365644824889114,0.5001925322876439,0.4140587527014883,0.434235567003469,0.46111965104745234,0.5443390595262413,0.008748652830403473,0.49282489815160035,sample,296,0.5362773257531888,0.5001923716843742,0.4141587394949364,0.43405690817947007,0.46085027438466847,0.5445714876840496,0.009042707889084692,0.49290836139051875,2.4216188151564073,2.741743544406606,1.044316234920487,0.42787781663420427,0.005302758052351248,3.677359209055763,0.028408504672906933,1.5485172870374364
D_W,dw,93,93,0.01,0.02,512,512,0,512,,512,512,0,512,0,0.5365644824889114,0.5001925322876439,0.4140587527014883,0.434235567003469,0.46111965104745234,0.5443390595262413,0.008748652830403473,0.49282489815160035,sample,297,0.5364434350486743,0.4999238126226303,0.41401130385673335,0.4344224509430187,0.4612686846945515,0.5441397095258234,0.009069834728026268,0.4928792564798205,2.4236139467643776,2.740724015970915,1.0455445972368969,0.4246306048112504,6.281094745017242,3.675085452064987,0.028493726150840903,1.5484258512638036
D_W,dw,93,93,0.01,0.02,512,512,0,512,,512,512,0,512,0,0.5365644824889114,0.5001925322876439,0.4140587527014883,0.434235567003469,0.46111965104745234,0.5443390595262413,0.008748652830403473,0.49282489815160035,sample,298,0.5365525658691055,0.5001271597613861,0.413711193113045,0.43417043017217727,0.4614715709514597,0.5442599186715137,0.008854392198499284,0.4925434323650897,2.4281181223427537,2.740900079342261,1.045015843201504,0.42539898454593256,0.003478804986632337,3.671114894357434,0.027816893482808126,1.5473708286920669
D_W,dw,93,93,0.01,0.02,512,512,0,512,,512,512,0,512,0,0.5365644824889114,0.5001925322876439,0.4140587527014883,0.434235567003469,0.46111965104745234,0.5443390595262413,0.008748652830403473,0.49282489815160035,sample,299,0.5365951420215115,0.4995736290297516,0.4127576384806162,0.4351939871560375,0.4590964651333807,0.5448636640566357,0.008942453688419257,0.49297871858622994,2.4489684899525113,2.744395074506937,1.041166201517725,0.4283631011974218,6.271534807810257,3.7046156829627996,0.028093546812604887,1.5487383206866099
D_W,dw,93,93,0.01,0.02,512,512,0,512,,512,512,0,512,0,0.5365644824889114,0.5001925322876439,0.4140587527014883,0.434235567003469,0.46111965104745234,0.5443390595262413,0.008748652830403473,0.49282489815160035,sample,300,0.5363796887388117,0.5004599889370768,0.41409951323619415,0.4341581501951124,0.46109389575614007,0.5445205086342707,0.008975076428471151,0.49268159772266384,2.42113140456849,2.7409562829628804,1.0436146826403394,0.4268732628858446,0.012643440392366742,3.675295854133334,0.028196034173091886,1.5478048879644024
D_W,dw,93,93,0.01,0.02,512,512,0,512,,512,512,0,512,0,0.5365644824889114,0.5001925322876439,0.4140587527014883,0.434235567003469,0.46111965104745234,0.5443390595262413,0.008748652830403473,0.49282489815160035,sample,301,0.5361007115187755,0.5001001054220238,0.41407504864153033,0.434273504436552,0.4609490404614549,0.5440906321620838,0.0088744013407069,0.492668269971882,2.4226292718411653,2.7438422852661075,1.0476794247056287,0.42572763325086177,0.0027729416190184187,3.677694656637569,0.02787975405697221,1.5477630176004573
D_W,dw,93,93,0.01,0.02,512,512,0,512,,512,512,0,512,0,0.5365644824889114,0.5001925322876439,0.4140587527014883,0.434235567003469,0.46111965104745234,0.5443390595262413,0.008748652830403473,0.49282489815160035,sample,302,0.5366743414906948,0.500772679196146,0.4138350774499661,0.43450039735728185,0.460660903239925,0.5448385046954266,0.009037847874272784,0.4931401569566021,2.4252645326152606,2.7391088847536786,1.040101254270091,0.42734572802263715,0.02106554248577132,3.6824536108830697,0.028393236486077507,1.5492454942849787
D_W,dw,93,93,0.01,0.02,512,512,0,512,,512,512,0,512,0,0.5365644824889114,0.5001925322876439,0.4140587527014883,0.434235567003469,0.46111965104745234,0.5443390595262413,0.008748652830403473,0.49282489815160035,sample,303,0.536287678249204,0.5002274744935478,0.41378683936435007,0.43413891923675696,0.4611767543291107,0.5443183689157286,0.008837756113158405,0.4925871548456461,2.4267023933436476,2.7431873293255564,1.0454460918021842,0.42627688392794194,0.006268560706810378,3.674234815659158,0.02776462967931673,1.5475081869157796
D_W,dw,93,93,0.01,0.02,512,512,0,512,,512,512,0,512,0,0.5365644824889114,0.5001925322876439,0.4140587527014883,0.434235567003469,0.46111965104745234,0.5443390595262413,0.008748652830403473,0.49282489815160035,sample,304,0.5350956949757472,0.49985100280485745,0.41444910775097554,0.43228548199561906,0.4619329039560322,0.5443231522335351,0.008044148119096208,0.49256900996618824,2.4169005197688067,2.752293847783479,1.0522916294166513,0.43142769304273104,6.278939877645121,3.6537316817303083,0.0252714366353408,1.5474511830957747
D_W,dw,93,93,0.01,0.02,512,512,0,512,,512,512,0,512,0,0.5365644824889114,0.5001925322876439,0.4140587527014883,0.434235567003469,0.46111965104745234,0.5443390595262413,0.008748652830403473,0.49282489815160035,sample,305,0.5365532457636892,0.5001232316493527,0.4141655746690102,0.43475053586421913,0.46127376754843885,0.5438651801362405,0.008446599990558721,0.4928602323583277,2.420491805063458,2.7389937535181037,1.0466246858105692,0.42277774610438973,0.003371278799290336,3.6772266893957735,0.026535776478150894,1.5483660852234808
D_W,dw,93,93,0.01,0.02,512,512,0,512,,512,512,0,512,0,0.5365644824889114,0.5001925322876439,0.4140587527014883,0.434235567003469,0.46111965104745234,0.5443390595262413,0.008748652830403473,0.49282489815160035,sample,306,0.5363186890854957,0.5001462127731633,0.4139702257321335,0.4343263534530237,0.4612516138108772,0.5444604914298571,0.008955370449926798,0.4932022289786355,2.422896020953489,2.7421235177600725,1.042919709075562,0.4257895857014522,0.0040258056374969315,3.6746373214490395,0.02813412601566515,1.5494404992933923
D_W,dw,93,93,0.01,0.02,512,512,0,512,,512,512,0,512,0,0.5365644824889114,0.5001925322876439,0.4140587527014883,0.434235567003469,0.46111965104745234,0.5443390595262413,0.008748652830403473,0.49282489815160035,sample,307,0.536320112499572,0.5002606863654593,0.4139425762167652,0.43410440606740713,0.4613954031594237,0.544272298723167,0.008969992175005888,0.49284380329225963,2.4236799290858886,2.742218280676805,1.0454372933352702,0.42582729393892965,0.007177342556224595,3.671538959676062,0.028180061519756428,1.548314471790216
D_W,dw,93,93,0.01,0.02,512,512,0,512,,512,512,0,512,0,0.5365644824889114,0.5001925322876439,0.4140587527014883,0.434235567003469,0.46111965104745234,0.5443390595262413,0.008748652830403473,0.49282489815160035,sample,308,0.5362792191339414,0.5001665391245322,0.41398416970004137,0.43428780817309975,0.4612265079166433,0.5442936645349051,0.008866147438593514,0.4925906244495733,2.4230599666613766,2.742454068406457,1.0448156420482495,0.42557650589451956,0.004590450365866817,3.6746640022750103,0.02785382365872934,1.5475190869979882
D_W,dw,93,93,0.01,0.02,512,512,0,512,,512,512,0,512,0,0.5365644824889114,0.5001925322876439,0.4140587527014883,0.434235567003469,0.46111965104745234,0.5443390595262413,0.008748652830403473,0.49282489815160035,sample,309,0.5377396624870758,0.5010976489044068,0.4140936651270109,0.4346200705803438,0.46167607520439774,0.5438511331139695,0.008737796863524714,0.49277864134497507,2.4224907498297106,2.7275068315298547,1.0462375903706347,0.4223595861798572,0.029076559784653632,3.671782918836576,0.027450598435009178,1.5481097594953332
D_W,dw,93,93,0.01,0.02,512,512,0,512,,512,512,0,512,0,0.5365644824889114,0.5001925322876439,0.4140587527014883,0.434235567003469,0.46111965104745234,0.5443390595262413,0.008748652830403473,0.49282489815160035,sample,310,0.5364460474467305,0.500601723608831,0.41383948499995127,0.4335595115436764,0.46138900075959915,0.5442326050581693,0.008817532252685865,0.4930419705947619,2.426762547931718,2.741366873640805,1.0485049287489596,0.4277108606368614,0.016508482741191887,3.668026517831326,0.027701094547828972,1.5489370327319387
D_W,dw,93,93,0.01,0.02,512,512,0,512,,512,512,0,512,0,0.5365644824889114,0.5001925322876439,0.4140587527014883,0.434235567003469,0.46111965104745234,0.5443390595262413,0.008748652830403473,0.49282489815160035,sample,311,0.5362064797412113,0.50070035133849,0.41425266312681985,0.43385497817148566,0.46191443394500603,0.5440817315436924,0.008746618038700507,0.4923367555371729,2.416621648836416,2.7419898500952566,1.0470517961828523,0.42517905463071143,0.019340847684862855,3.664019573058691,0.027478310974137478,1.5467215342878162
D_W,dw,93,93,0.01,0.02,512,512,0,512,,512,512,0,512,0,0.5365644824889114,0.5001925322876439,0.4140587527014883,0.434235567003469,0.46111965104745234,0.5443390595262413,0.008748652830403473,0.49282489815160035,sample,312,0.5362333266337729,0.5000160101875045,0.41374464241421255,0.4342890030282966,0.46191675464880916,0.5439168910166599,0.00822391120320725,0.4927381740368709,2.4256359957310325,2.743904745010435,1.0465297961687394,0.4232066798881269,0.000441863553528604,3.6668446347214334,0.025836179019770693,1.5479826276974826
D_W,dw,93,93,0.01,0.02,512,512,0,512,,512,512,0,512,0,0.5365644824889114,0.5001925322876439,0.4140587527014883,0.434235567003469,0.46111965104745234,0.5443390595262413,0.008748652830403473,0.49282489815160035,sample,313,0.5364852838523061,0.5002852187464656,0.413718931319009,0.4344184070362499,0.4609319443173035,0.5439698677601635,0.009024875726302362,0.4929095348069926,2.429023294844458,2.7415204078122706,1.0482103063278658,0.4249528088171512,0.007817204816469121,3.6788567785830932,0.02835248328131235,1.5485209734340104
D_W,dw,93,93,0.01,0.02,512,512,0,512,,512,512,0,512,0,0.5365644824889114,0.5001925322876439,0.4140587527014883,0.434235567003469,0.46111965104745234,0.5443390595262413,0.008748652830403473,0.49282489815160035,sample,314,0.5361782387438225,0.5008160415760439,0.4133452655779301,0.43397623836002885,0.4609804356244253,0.5448291842119639,0.008348036843330664,0.492920423679801,2.4319627641630253,2.7460023662505444,1.0418255381109567,0.4285165989871096,0.02255232016511439,3.675362849700532,0.02622613121890454,1.548555181836831
D_W,dw,93,93,0.01,0.02,512,512,0,512,,512,512,0,512,0,0.5365644824889114,0.5001925322876439,0.4140587527014883,0.434235567003469,0.46111965104745234,0.5443390595262413,0.008748652830403473,0.49282489815160035,sample,315,0.5366444735638514,0.5002567524750309,0.4139833260629564,0.4341170201598453,0.461766551009901,0.5436339611357388,0.008861982568256712,0.4932039205948504,2.424265776522326,2.7388529663444796,1.0505979502282783,0.4234629414152841,0.007006466423770197,3.6674185669979242,0.02784073933267609,1.5494458136624658
D_W,dw,93,93,0.01,0.02,512,512,0,512,,512,512,0,512,0,0.5365644824889114,0.5001925322876439,0.4140587527014883,0.434235567003469,0.46111965104745234,0.5443390595262413,0.008748652830403473,0.49282489815160035,sample,316,0.5368475190946084,0.4999300168385229,0.41396998388075873,0.4345844291950979,0.46055445763717784,0.5445283479568559,0.008589163148287301,0.49296038977620604,2.4267992860802368,2.7369210691339156,1.0430286253945569,0.42651911032243184,6.281286045599729,3.6842145919372977,0.026983651847143564,1.54868073903169
D_W,dw,93,93,0.01,0.02,512,512,0,512,,512,512,0,512,0,0.5365644824889114,0.5001925322876439,0.4140587527014883,0.434235567003469,0.46111965104745234,0.5443390595262413,0.008748652830403473,0.49282489815160035,sample,317,0.5369229764579725,0.5004929373582597,0.41490581838663,0.43470012298778743,0.45972547243687845,0.5432028073070344,0.008822038024088031,0.493104985961007,2.415987105045655,2.73216925896907,1.0579391886158198,0.424733351465571,0.013349630031041618,3.694246566360291,0.02771524984616477,1.5491350013435976
D_W,dw,93,93,0.01,0.02,512,512,0,512,,512,512,0,512,0,0.5365644824889114,0.5001925322876439,0.4140587527014883,0.434235567003469,0.46111965104745234,0.5443390595262413,0.008748652830403473,0.49282489815160035,sample,318,0.5366006298906321,0.5000373278639602,0.4142195976841349,0.4342675746311775,0.4614693023571133,0.5444843961600946,0.0090644394754039,0.49332537790219155,2.4195520090141827,2.7383012050360147,1.04234489713159,0.4255990145312709,0.0010198690877647916,3.6717846101298965,0.028476776464838212,1.5498273830469333
D_W,dw,93,93,0.01,0.02,512,512,0,512,,512,512,0,512,0,0.5365644824889114,0.5001925322876439,0.4140587527014883,0.434235567003469,0.46111965104745234,0.5443390595262413,0.008748652830403473,0.49282489815160035,sample,319,0.5364902350158073,0.500702356486256,0.4137353847334894,0.43412491359561994,0.4611008736317951,0.5440362995822094,0.00844830775229659,0.49293459921627614,2.4278904064035087,2.7413478099782838,1.0484982569099417,0.42580773297860847,0.019245416464465478,3.6749963126232155,0.026541141569880664,1.5485997155980822
D_W,dw,93,93,0.01,0.02,512,512,0,512,,512,512,0,512,0,0.5365644824889114,0.5001925322876439,0.4140587527014883,0.434235567003469,0.46111965104745234,0.5443390595262413,0.008748652830403473,0.49282489815160035,sample,320,0.5365320224109289,0.5002719757010371,0.4143088698744518,0.43429688403342404,0.46098557351145547,0.5444436616658924,0.00864070304831949,0.4931356261854079,2.418896262555131,2.738592712665178,1.0440008370857867,0.42641932819545914,0.007444719958615605,3.677439915606715,0.027145569218451442,1.5492312604474798
D_W,dw,93,93,0.01,0.02,512,512,0,512,,512,512,0,512,0,0.5365644824889114,0.5001925322876439,0.4140587527014883,0.434235567003469,0.46111965104745234,0.5443390595262413,0.008748652830403473,0.49282489815160035,sample,321,0.5366481687792263,0.49972288896603934,0.4139014325965182,0.43457270829603195,0.46050189848451656,0.5442438878506181,0.008532012629873716,0.4929902788511694,2.428629911977156,2.7391581942539074,1.0460236223117512,0.42598495730820174,6.2756240629991655,3.6847243308511826,0.026804108198346596,1.5487746383300174
D_W,dw,93,93,0.01,0.02,512,512,0,512,,512,512,0,512,0,0.5365644824889114,0.5001925322876439,0.4140587527014883,0.434235567003469,0.46111965104745234,0.5443390595262413,0.008748652830403473,0.49282489815160035,sample,322,0.5364160589767941,0.5003712426861385,0.4138401497247855,0.4337583670940937,0.46229265521878293,0.5445127978224371,0.008598759965895077,0.49306078999396846,2.4229360723909643,2.7416896353109905,1.0422330992253812,0.42578921324059305,0.010194124147774122,3.6590868836101946,0.027013801138837994,1.548996155618231
D_W,dw,93,93,0.01,0.02,512,512,0,512,,512,512,0,512,0,0.5365644824889114,0.5001925322876439,0.4140587527014883,0.434235567003469,0.46111965104745234,0.5443390595262413,0.008748652830403473,0.49282489815160035,sample,323,0.5363265157618891,0.5000124280009919,0.41393046905393116,0.43419317524917855,0.46093503052098084,0.544305295618579,0.00867847786779082,0.49243703681359147,2.4258034427662687,2.7422147307596347,1.0460071435232665,0.4265640559321675,0.0003421192549393801,3.6773158851287184,0.027264242313793253,1.5470365772091055
D_W,dw,93,93,0.01,0.02,512,512,0,512,,512,512,0,512,0,0.5365644824889114,0.5001925322876439,0.4140587527014883,0.434235567003469,0.46111965104745234,0.5443390595262413,0.008748652830403473,0.49282489815160035,sample,324,0.5364997038188392,0.5002347373306608,0.41414717584581645,0.43407962539808015,0.4612130847569675,0.544269341688179,0.00886954676439146,0.49248036195456163,2.421789230019566,2.7395936748556724,1.0461113786065561,0.42629465204005024,0.006431123266719238,3.673431942143444,0.027864502955683334,1.547172687153693
D_W,dw,93,93,0.01,0.02,512,512,0,512,,512,512,0,512,0,0.5365644824889114,0.5001925322876439,0.4140587527014883,0.434235567003469,0.46111965104745234,0.5443390595262413,0.008748652830403473,0.49282489815160035,sample,325,0.536616618581492,0.5001208135014149,0.41423264251927305,0.43429585628468426,0.4609419317942839,0.544539871934041,0.008488254849945512,0.49285366376527245,2.420777401174063,2.738086837686766,1.0431924560905448,0.4267494377991864,0.003299405234559598,3.6779239763390446,0.026666639078386754,1.548345449379794
D_W,dw,93,93,0.01,0.02,512,512,0,512,,512,512,0,512,0,0.5365644824889114,0.5001925322876439,0.4140587527014883,0.434235567003469,0.46111965104745234,0.5443390595262413,0.008748652830403473,0.49282489815160035,sample,326,0.535683116170706,0.5000000211418545,0.41449780116294516,0.4331259437874002,0.46360678642712944,0.5457691594993213,0.00856564445238155,0.49231875841711925,2.4059182148968437,2.746231643594087,1.029528395742435,0.42851937076994223,5.924890188449645e-07,3.63997604944941,0.026909765684864043,1.54666499466767
D_W,dw,93,93,0.01,0.02,512,512,0,512,,512,512,0,512,0,0.5365644824889114,0.5001925322876439,0.4140587527014883,0.434235567003469,0.46111965104745234,0.5443390595262413,0.008748652830403473,0.49282489815160035,sample,327,0.5365136021863414,0.5000768113154517,0.41539960699086664,0.43263945429435846,0.46104161272692906,0.5437082579862327,0.009315046955990659,0.4929967609561425,2.4087849002385493,2.734143526713002,1.0590198411863465,0.43052897556308317,0.002103632551947257,3.6659455267447583,0.029264083084784218,1.5487950024633805
D_W,dw,93,93,0.01,0.02,512,512,0,512,,512,512,0,512,0,0.5365644824889114,0.5001925322876439,0.4140587527014883,0.434235567003469,0.46111965104745234,0.5443390595262413,0.008748652830403473,0.49282489815160035,sample,328,0.5364013642270147,0.499862287709358,0.4137424225297544,0.43439332035399336,0.46149863982542266,0.5445458867496058,0.008956541551773336,0.49276953748444025,2.4263740316122866,2.74225665219921,1.0410372334602647,0.42523525344046964,6.279402162328348,3.6722878299552764,0.028137805140622838,1.5480811588739576
D_W,dw,93,93,0.01,0.02,512,512,0,512,,512,512,0,512,0,0.5365644824889114,0.5001925322876439,0.4140587527014883,0.434235567003469,0.46111965104745234,0.5443390595262413,0.008748652830403473,0.49282489815160035,sample,329,0.5363825893948171,0.5002952198059831,0.41405450058293386,0.4341738968287875,0.46095666871904395,0.5444839977339362,0.009018992504546807,0.4927877875417654,2.42281460879543,2.741132636178104,1.044291429116152,0.4270197044724224,0.008114137334666014,3.6769441863914163,0.028334000595065658,1.548138493119978
D_W,dw,93,93,0.01,0.02,512,512,0,512,,512,512,0,512,0,0.5365644824889114,0.5001925322876439,0.4140587527014883,0.434235567003469,0.46111965104745234,0.5443390595262413,0.008748652830403473,0.49282489815160035,sample,330,0.5361832938350198,0.501063805743404,0.41399088224845776,0.4336890143199527,0.4613506274851361,0.544152256317134,0.008745582562951692,0.4927240081117386,2.4221210131593987,2.743222668182318,1.0487695256584093,0.4271302809028328,0.02939200045387575,3.6693065677382872,0.02747505793113203,1.5479381241311556
D_W,dw,93,93,0.01,0.02,512,512,0,512,,512,512,0,512,0,0.5365644824889114,0.5001925322876439,0.4140587527014883,0.434235567003469,0.46111965104745234,0.5443390595262413,0.008748652830403473,0.49282489815160035,sample,331,0.5367474162705214,0.49992688786858686,0.4139531615261078,0.43441424930965034,0.46092961634213814,0.5443001536082622,0.00849622861226233,0.49283220845287795,2.426454643209884,2.7379752564711946,1.0449946484634933,0.42577014626608833,6.281195724173127,3.678855103461629,0.026691689391502738,1.548278045527995
D_W,dw,93,93,0.01,0.02,512,512,0,512,,512,512,0,512,0,0.5365644824889114,0.5001925322876439,0.4140587527014883,0.434235567003469,0.46111965104745234,0.5443390595262413,0.008748652830403473,0.49282489815160035,sample,332,0.5365871790936666,0.5002919932207782,0.4133398855135107,0.43385450402010894,0.4615460792662889,0.5441269048102477,0.008339140539424842,0.49289280140474534,2.4348527154465063,2.742091672370515,1.0476557668125732,0.4260603946087844,0.007980583062086355,3.6681887058171117,0.026198182655909907,1.5484684039004408
D_W,dw,93,93,0.01,0.02,512,512,0,512,,512,512,0,512,0,0.5365644824889114,0.5001925322876439,0.4140587527014883,0.434235567003469,0.46111965104745234,0.5443390595262413,0.008748652830403473,0.49282489815160035,sample,333,0.5378566738760818,0.5003768335372533,0.414311017188282,0.43293540627544813,0.4613237631191531,0.545065917780144,0.008883133331876627,0.49272006185541456,2.425185217322797,2.7255674423435523,1.0436326021445081,0.4321160775335593,0.009953887995104674,3.664704548689958,0.02790718641628223,1.547925726601279
D_W,dw,93,93,0.01,0.02,512,512,0,512,,512,512,0,512,0,0.5365644824889114,0.5001925322876439,0.4140587527014883,0.434235567003469,0.46111965104745234,0.5443390595262413,0.008748652830403473,0.49282489815160035,sample,334,0.5369726392631842,0.5004066929788313,0.41384033085815003,0.4347341222394841,0.4602516886934218,0.5435191244523208,0.009047423377669575,0.49337897137116515,2.4308185388102563,2.7362175284924914,1.0531089846763073,0.42420936144742843,0.010999392667966281,3.6886190884736507,0.02842331881720329,1.5499957518953413
D_W,dw,93,93,0.01,0.02,512,512,0,512,,512,512,0,512,0,0.5365644824889114,0.5001925322876439,0.4140587527014883,0.434235567003469,0.46111965104745234,0.5443390595262413,0.008748652830403473,0.49282489815160035,sample,335,0.5364114284835596,0.5002544258802704,0.41415538345045444,0.4344807262475289,0.46123859138101303,0.5444734127403653,0.008350231251445772,0.49245626563286726,2.419457121579175,2.740429119749445,1.0420716144013527,0.4252948762228508,0.006987414395970811,3.675815120282395,0.026233025155317943,1.5470969863264794
D_W,dw,93,93,0.01,0.02,512,512,0,512,,512,512,0,512,0,0.5365644824889114,0.5001925322876439,0.4140587527014883,0.434235567003469,0.46111965104745234,0.5443390595262413,0.008748652830403473,0.49282489815160035,sample,336,0.5369896485482183,0.4995979624402398,0.4134467293150399,0.4338765564685852,0.4607902536706835,0.543744817981226,0.009001800673499476,0.49273215577819607,2.4398327417427184,2.737701048702556,1.053452100039348,0.42666643142001476,6.2723168143633234,3.6768329089281058,0.028279990864945606,1.5479637207802424
D_W,dw,93,93,0.01,0.02,512,512,0,512,,512,512,0,512,0,0.5365644824889114,0.5001925322876439,0.4140587527014883,0.434235567003469,0.46111965104745234,0.5443390595262413,0.008748652830403473,0.49282489815160035,sample,337,0.5369562910881167,0.5003578837691343,0.41391081077597036,0.4341998926022173,0.46157618389414334,0.5449865247604608,0.0089709493922857,0.4925199657682902,2.423656678277479,2.736086150176379,1.0374696443157636,0.42684386297610505,0.009683671490209744,3.6701253073002365,0.028183068706530572,1.5472971062039569
D_W,dw,93,93,0.01,0.02,512,512,0,512,,512,512,0,512,0,0.5365644824889114,0.5001925322876439,0.4140587527014883,0.434235567003469,0.46111965104745234,0.5443390595262413,0.008748652830403473,0.49282489815160035,sample,338,0.536718891582057,0.5002721500191183,0.4143582069532047,0.4343546420741153,0.4615054324493317,0.5444539870707993,0.008561094411599187,0.49237438478489987,2.4167587517562708,2.736540335605298,1.0421086289913513,0.42513604689063433,0.007411580910226477,3.671953600864536,0.026895471310168638,1.5468397500560354
D_W,dw,93,93,0.01,0.02,512,512,0,512,,512,512,0,512,0,0.5365644824889114,0.5001925322876439,0.4140587527014883,0.434235567003469,0.46111965104745234,0.5443390595262413,0.008748652830403473,0.49282489815160035,sample,339,0.5368412032327091,0.5003728470764954,0.41405531193189826,0.4341802485782774,0.4610595543892833,0.5443725494379322,0.008972864999351416,0.49251404118223185,2.4240598627962653,2.736605991814955,1.0450521233289545,0.4265081889743258,0.01012003722182086,3.675829451804317,0.028189086763615395,1.5472784935679205
D_W,dw,93,93,0.01,0.02,512,512,0,512,,512,512,0,512,0,0.5365644824889114,0.5001925322876439,0.4140587527014883,0.434235567003469,0.46111965104745234,0.5443390595262413,0.008748652830403473,0.49282489815160035,sample,340,0.5368984949405807,0.5002710411064277,0.41392816431965423,0.43442624768935095,0.4610833543549166,0.5445546346863409,0.00855034837658053,0.49246766430318906,2.4253110404958402,2.7365873989298706,1.04199721204202,0.42601733879175396,0.007345454932738426,3.677203511681062,0.026861711645498807,1.547132796305423
D_W,dw,93,93,0.01,0.02,512,512,0,512,,512,512,0,512,0,0.5365644824889114,0.5001925322876439,0.4140587527014883,0.434235567003469,0.46111965104745234,0.5443390595262413,0.008748652830403473,0.49282489815160035,sample,341,0.5362725315913177,0.49980241029389927,0.41374869796020536,0.43421085166253476,0.4607138297346091,0.5446036169134293,0.008806112278307385,0.4926258391461286,2.4291923063571743,2.7434963915398733,1.043648902278768,0.4276952662599378,6.277737996416983,3.679915951086082,0.027665217640217357,1.5476297172299849
D_W,dw,93,93,0.01,0.02,512,512,0,512,,512,512,0,512,0,0.5365644824889114,0.5001925322876439,0.4140587527014883,0.434235567003469,0.46111965104745234,0.5443390595262413,0.008748652830403473,0.49282489815160035,sample,342,0.5370016158219557,0.5009423592200977,0.41412949218681083,0.4342947318795009,0.4622204694756207,0.5439582827178808,0.009047370668991101,0.4925042895820577,2.4185738905626533,2.734617311506343,1.0452249793391115,0.42265218610971195,0.025462551661335067,3.6634155109855584,0.028423153228006214,1.5472478580124527
D_W,dw,93,93,0.01,0.02,512,512,0,512,,512,512,0,512,0,0.5365644824889114,0.5001925322876439,0.4140587527014883,0.434235567003469,0.46111965104745234,0.5443390595262413,0.008748652830403473,0.49282489815160035,sample,343,0.5360099791805092,0.5002977778611177,0.4138593017185393,0.4334582491670907,0.46094979654793267,0.5459604244800469,0.008668899475670896,0.49243983069496666,2.4238411810616887,2.745622511090878,1.033546013220199,0.43320880925457705,0.008269126521778913,3.672288898698214,0.027234150907476096,1.5470453544463088
D_W,dw,93,93,0.01,0.02,512,512,0,512,,512,512,0,512,0,0.5365644824889114,0.5001925322876439,0.4140587527014883,0.434235567003469,0.46111965104745234,0.5443390595262413,0.008748652830403473,0.49282489815160035,sample,344,0.5367830982611166,0.49970732229077025,0.41357551736994624,0.43520714937156274,0.4611016303556376,0.5448877291045263,0.008546330099168414,0.4930601884713142,2.428862479080533,2.7391942902891424,1.0348228851063226,0.4240071126603521,6.27522862199869,3.6822692602417555,0.026849087854700818,1.5489942658790796
D_W,dw,93,93,0.01,0.02,512,512,0,512,,512,512,0,512,0,0.5365644824889114,0.5001925322876439,0.4140587527014883,0.434235567003469,0.46111965104745234,0.5443390595262413,0.008748652830403473,0.49282489815160035,sample,345,0.5367952497675131,0.5005222840846009,0.41389228933585714,0.4341905905846442,0.46102623954750604,0.5442810084175838,0.00914042514095809,0.49290565787089774,2.4264015090122877,2.737725107148511,1.045993858043619,0.4263204396174498,0.014193381365588148,3.6762731860425304,0.028715492473521384,1.5485087936800563
D_W,dw,93,93,0.01,0.02,512,512,0,512,,512,512,0,512,0,0.5365644824889114,0.5001925322876439,0.4140587527014883,0.434235567003469,0.46111965104745234,0.5443390595262413,0.008748652830403473,0.49282489815160035,sample,346,0.536848258500229,0.5001932539688242,0.4140667145426401,0.43448327439816203,0.4615088158127858,0.5445179446199314,0.008719723165935627,0.4931993692666549,2.421550671368908,2.736502152798961,1.0408363655866564,0.4248228053208483,0.005244540850946629,3.6727714970952765,0.027393818239440097,1.5494315152432427
D_W,dw,93,93,0.01,0.02,512,512,0,512,,512,512,0,512,0,0.5365644824889114,0.5001925322876439,0.4140587527014883,0.434235567003469,0.46111965104745234,0.5443390595262413,0.008748652830403473,0.49282489815160035,sample,347,0.5366560128847666,0.5001639373335954,0.41403460346221466,0.4340806515302043,0.4613721094529817,0.5441531872180708,0.008850636822268108,0.49245924582698836,2.424042414344288,2.7385295628712867,1.0467884747893712,0.42567419807961504,0.004472287837729042,3.671644858109483,0.0278050956204288,1.5471063488824366
D_W,dw,93,93,0.01,0.02,512,512,0,512,,512,512,0,512,0,0.5365644824889114,0.5001925322876439,0.4140587527014883,0.434235567003469,0.46111965104745234,0.5443390595262413,0.008748652830403473,0.49282489815160035,sample,348,0.5370554392538832,0.5004997067806933,0.41431980817331787,0.4342571178431838,0.46149298515767534,0.5445611863942362,0.008668707003885327,0.49297645944177154,2.41808519111094,2.733365730081899,1.041576717011131,0.42577361386671597,0.013484565358710513,3.671447041223094,0.02723354623952853,1.5487312233749762
D_W,dw,93,93,0.01,0.02,512,512,0,512,,512,512,0,512,0,0.5365644824889114,0.5001925322876439,0.4140587527014883,0.434235567003469,0.46111965104745234,0.5443390595262413,0.008748652830403473,0.49282489815160035,sample,349,0.536536527448195,0.5003365088698362,0.4140187157512954,0.4343954168330515,0.4611373156419394,0.5443543312533675,0.008587104222749904,0.49311034491618355,2.422753759090436,2.739761103124921,1.0439520154908173,0.4255265198109598,0.009209943547283626,3.676388582855425,0.026977183541800988,1.5491518369978112
D_W,dw,93,93,0.01,0.02,512,512,0,512,,512,512,0,512,0,0.5365644824889114,0.5001925322876439,0.4140587527014883,0.434235567003469,0.46111965104745234,0.5443390595262413,0.008748652830403473,0.49282489815160035,sample,350,0.5360782905875073,0.4999252508348344,0.4136269757153338,0.4340562735955231,0.46172886759774057,0.5449004527770839,0.008299192256499962,0.4929968257335609,2.426498748296236,2.74591787646091,1.0385790829639256,0.4268295279771179,6.281113450198768,3.667446141059307,0.02607268142374958,1.5487952059676424
D_W,dw,93,93,0.01,0.02,512,512,0,512,,512,512,0,512,0,0.5365644824889114,0.5001925322876439,0.4140587527014883,0.434235567003469,0.46111965104745234,0.5443390595262413,0.008748652830403473,0.49282489815160035,sample,351,0.5360666784444268,0.5001475341345754,0.413914130355609,0.4348588091415168,0.46133457097427155,0.5432570087046072,0.008165039543587877,0.4925125706911748,2.4235765370157116,2.7448446532979083,1.0519482244211658,0.42079695182360843,0.004090571077033466,3.6772659436112494,0.02565122824640583,1.5472738738840184
D_W,dw,93,93,0.01,0.02,512,512,0,512,,512,512,0,512,0,0.5365644824889114,0.5001925322876439,0.4140587527014883,0.434235567003469,0.46111965104745234,0.5443390595262413,0.008748652830403473,0.49282489815160035,sample,352,0.5364567351406243,0.5006414851027626,0.41388119976967325,0.4337924779362715,0.46136607563957177,0.5448259471735685,0.008835962574679843,0.492451207610123,2.42401962778629,2.741081167367842,1.041647719119876,0.4283553551579359,0.017593975675091248,3.6698121239484767,0.02775899511200855,1.5470810960793844
D_W,dw,93,93,0.01,0.02,512,512,0,512,,512,512,0,512,0,0.5365644824889114,0.5001925322876439,0.4140587527014883,0.434235567003469,0.46111965104745234,0.5443390595262413,0.008748652830403473,0.49282489815160035,sample,353,0.5364609922735268,0.5005297831439076,0.41403358940678436,0.4344335197587754,0.4608086595162539,0.5443148455139587,0.008577180987472073,0.493085827840321,2.4228278486482853,2.74042061385459,1.0451089713350532,0.42599527851833807,0.014529112680137917,3.680344603554161,0.026946008778752313,1.549074814332394
D_W,dw,93,93,0.01,0.02,512,512,0,512,,512,512,0,512,0,0.5365644824889114,0.5001925322876439,0.4140587527014883,0.434235567003469,0.46111965104745234,0.5443390595262413,0.008748652830403473,0.49282489815160035,sample,354,0.5371154255332542,0.49986367149171884,0.41391999765867565,0.4347892742973894,0.4611733222554099,0.54452122802405,0.008657948225608395,0.49275277088599384,2.425953658119052,2.734502091143362,1.0402722277879646,0.42444549964257017,6.279512228042559,3.6786253320572344,0.02719974654073212,1.5480284850514527
D_W,dw,93,93,0.01,0.02,512,512,0,512,,512,512,0,512,0,0.5365644824889114,0.5001925322876439,0.4140587527014883,0.434235567003469,0.46111965104745234,0.5443390595262413,0.008748652830403473,0.49282489815160035,sample,355,0.5364756918608774,0.5003003862069447,0.41410133629060825,0.434501953823829,0.46259659075654447,0.5444173099094859,0.008665501674937128,0.4922941013884217,2.4158752536510564,2.7400178932990564,1.0385862398140207,0.4222418406958788,0.008235057410625503,3.6604619712449473,0.027223476401652527,1.5465875323274545
D_W,dw,93,93,0.01,0.02,512,512,0,512,,512,512,0,512,0,0.5365644824889114,0.5001925322876439,0.4140587527014883,0.434235567003469,0.46111965104745234,0.5443390595262413,0.008748652830403473,0.49282489815160035,sample,356,0.5364626874110855,0.4999398828104451,0.41421132539338057,0.43414346473657134,0.46102242821940786,0.543906328417232,0.008470586111962542,0.4929506239392623,2.4227008629870026,2.7396968271663584,1.0499104191215365,0.4255955182570136,6.281536576947371,3.676002243288004,0.02661113110094125,1.5486500587500913
D_W,dw,93,93,0.01,0.02,512,512,0,512,,512,512,0,512,0,0.5365644824889114,0.5001925322876439,0.4140587527014883,0.434235567003469,0.46111965104745234,0.5443390595262413,0.008748652830403473,0.49282489815160035,sample,357,0.5363312240744748,0.4998070216879559,0.41414280683017857,0.4342314898418381,0.46102444524442293,0.5441063118648033,0.009048968361208868,0.49284670324438795,2.4229861496142258,2.7412775166418193,1.0475122459199147,0.4257556182960074,6.277873719086248,3.676565988868384,0.028428172526140248,1.548323582258518
D_W,dw,93,93,0.01,0.02,512,512,0,512,,512,512,0,512,0,0.5365644824889114,0.5001925322876439,0.4140587527014883,0.434235567003469,0.46111965104745234,0.5443390595262413,0.008748652830403473,0.49282489815160035,sample,358,0.5368437545946291,0.5000233508353538,0.4136883709972583,0.4340579188014154,0.461127643538616,0.5443141926728436,0.009170639162309887,0.4932405925431268,2.431215069933531,2.7381399803274236,1.0460240071102012,0.42666214336891395,0.000633779930525044,3.674250158681055,0.028810412621035595,1.5495610219857636
D_W,dw,93,93,0.01,0.02,512,512,0,512,,512,512,0,512,0,0.5365644824889114,0.5001925322876439,0.4140587527014883,0.434235567003469,0.46111965104745234,0.5443390595262413,0.008748652830403473,0.49282489815160035,sample,359,0.5368165233415881,0.5003789507026407,0.4140836786539641,0.4344955897956901,0.4609749825020255,0.5441161660498576,0.00853854271090118,0.492403812318348,2.4233420060318203,2.7367284695255667,1.0462706955213925,0.42493660769892827,0.010292588394329685,3.6788899144185025,0.026824623052929823,1.5469321993789293
D_W,dw,93,93,0.01,0.02,512,512,0,512,,512,512,0,512,0,0.5365644824889114,0.5001925322876439,0.4140587527014883,0.434235567003469,0.46111965104745234,0.5443390595262413,0.008748652830403473,0.49282489815160035,sample,360,0.536544096365691,0.5001316330467805,0.41423565580323113,0.4339709671616482,0.46104446238029445,0.544109513804822,0.00843354526138942,0.4927951759295935,2.4220941347295613,2.738789220845168,1.0486903483852237,0.42665806538456574,0.003602017578174415,3.674608881452366,0.02649476383689801,1.5481617044249005
D_W,dw,93,93,0.01,0.02,512,512,0,512,,512,512,0,512,0,0.5365644824889114,0.5001925322876439,0.4140587527014883,0.434235567003469,0.46111965104745234,0.5443390595262413,0.008748652830403473,0.49282489815160035,sample,361,0.5363391704168746,0.5001856190161394,0.41348978835484523,0.4348128929695145,0.46124870665081447,0.5448776220185116,0.008934851946045739,0.49285035113833864,2.428118021002074,2.743912039100085,1.0364458441929914,0.42507367017614656,0.005107915224568952,3.6779305448014514,0.02806966523460976,1.5483350424553546
D_W,dw,93,93,0.01,0.02,512,512,0,512,,512,512,0,512,0,0.5365644824889114,0.5001925322876439,0.4140587527014883,0.434235567003469,0.46111965104745234,0.5443390595262413,0.008748652830403473,0.49282489815160035,sample,362,0.5365659979866024,0.5004270136954888,0.41408092412469505,0.4345027609513952,0.4608192915055587,0.5441672161465174,0.0084468131031753,0.49286587239577906,2.422775458131589,2.7392007800267266,1.0461878671561324,0.425367440859535,0.011677359009083363,3.6806904979033392,0.026536445991181528,1.548383803923704
D_W,dw,93,93,0.01,0.02,512,512,0,512,,512,512,0,512,0,0.5365644824889114,0.5001925322876439,0.4140587527014883,0.434235567003469,0.46111965104745234,0.5443390595262413,0.008748652830403473,0.49282489815160035,sample,363,0.5367854549236062,0.499948297373859,0.41449462517804725,0.43426082264212174,0.46135249651645205,0.5436193571215403,0.008668027127431989,0.49307729320345545,2.418366953869958,2.7353151684882198,1.0512212080845278,0.42378238625764025,6.28177978991189,3.6730612661519793,0.027231410344657373,1.549048001979916
D_W,dw,93,93,0.01,0.02,512,512,0,512,,512,512,0,512,0,0.5365644824889114,0.5001925322876439,0.4140587527014883,0.434235567003469,0.46111965104745234,0.5443390595262413,0.008748652830403473,0.49282489815160035,sample,364,0.536686165498905,0.5000294809451564,0.41425568124955553,0.4344446275543444,0.4612243682217164,0.5444560010621992,0.008487717086792872,0.49267372054955777,2.419629709484867,2.737305870383614,1.0424612244906817,0.4254121123262132,0.0008035982613481854,3.675734517666838,0.026664949645617046,1.5477801410952414
D_W,dw,93,93,0.01,0.02,512,512,0,512,,512,512,0,512,0,0.5365644824889114,0.5001925322876439,0.4140587527014883,0.434235567003469,0.46111965104745234,0.5443390595262413,0.008748652830403473,0.49282489815160035,sample,365,0.536844620740049,0.500245322952054,0.41401419259296834,0.4341005991724102,0.46147374173764,0.544298241906081,0.00909000933173912,0.4926787103018238,2.42407828998851,2.736756114404549,1.0449768069453589,0.4257386832283658,0.006658212838492729,3.6706282670472588,0.028557106537654284,1.5477958168643036
D_W,dw,93,93,0.01,0.02,512,512,0,512,,512,512,0,512,0,0.5365644824889114,0.5001925322876439,0.4140587527014883,0.434235567003469,0.46111965104745234,0.5443390595262413,0.008748652830403473,0.49282489815160035,sample,366,0.5360842676611539,0.5001753543649855,0.4142400179410891,0.434262758795384,0.46185875478015487,0.5439333525799158,0.008239989184699337,0.492675460297926,2.416969251406376,2.7433155920610486,1.0466628309768846,0.42346274135026285,0.0048595411798472736,3.6673317561669516,0.025886689488310785,1.5477856066759341
D_W,dw,93,93,0.01,0.02,512,512,0,512,,512,512,0,512,0,0.5365644824889114,0.5001925322876439,0.4140587527014883,0.434235567003469,0.46111965104745234,0.5443390595262413,0.008748652830403473,0.49282489815160035,sample,367,0.536309925954625,0.5006904731948227,0.4147379254895873,0.4343456689691914,0.46114893779049726,0.5452380505678652,0.009065828629302244,0.4930563491931836,2.40764426462027,2.7389264604729817,1.0355483017672877,0.427838864098875,0.019013808673815615,3.675925154328843,0.028481140620519953,1.5489822044311092
D_W,dw,93,93,0.01,0.02,512,512,0,512,,512,512,0,512,0,0.5365644824889114,0.5001925322876439,0.4140587527014883,0.434235567003469,0.46111965104745234,0.5443390595262413,0.008748652830403473,0.49282489815160035,sample,368,0.5364855578916632,0.5002296215835419,0.4141899316568385,0.4342037423748671,0.4609827362732732,0.5442653976782803,0.00849343839413858,0.49297591337310626,2.4214668605549323,2.7395542016999253,1.0462083126421309,0.42632807393289057,0.00629340937241235,3.6768501291187823,0.026682923662743253,1.5487295078496688
D_W,dw,93,93,0.01,0.02,512,512,0,512,,512,512,0,512,0,0.5365644824889114,0.5001925322876439,0.4140587527014883,0.434235567003469,0.46111965104745234,0.5443390595262413,0.008748652830403473,0.49282489815160035,sample,369,0.5363677296823716,0.500088007031896,0.4139080083458923,0.43422648969025246,0.4610592282934417,0.5443879566315725,0.008480418742221144,0.4930779410887757,2.425374721678782,2.7419008696814533,1.0446763571828432,0.42638017477747076,0.0024199162519915256,3.676141160311371,0.02664202121992714,1.5490500373716785
D_W,dw,93,93,0.01,0.02,512,512,0,512,,512,512,0,512,0,0.5365644824889114,0.5001925322876439,0.4140587527014883,0.434235567003469,0.46111965104745234,0.5443390595262413,0.008748652830403473,0.49282489815160035,sample,370,0.5361369803258943,0.5003806135002159,0.41409873888950494,0.4340986853623098,0.4602916205857263,0.5441518888409013,0.008274786004185358,0.4923461219978048,2.4243260114869543,2.7433665692203117,1.049827095487573,0.4279136555500513,0.010532131445259442,3.683879949119834,0.02599600692077636,1.5467509598917277
D_W,dw,93,93,0.01,0.02,512,512,0,512,,512,512,0,512,0,0.5365644824889114,0.5001925322876439,0.4140587527014883,0.434235567003469,0.46111965104745234,0.5443390595262413,0.008748652830403473,0.49282489815160035,sample,371,0.5369542846814654,0.5003923805309904,0.41369156481703634,0.43456072774713017,0.4611883591375411,0.5445448516734711,0.008911331776608791,0.49250404815740223,2.4282180738297003,2.7370235555043707,1.0411246140984836,0.42528883464829503,0.010617599270631682,3.676918750873841,0.027995774443095457,1.5472470995545284
D_W,dw,93,93,0.01,0.02,512,512,0,512,,512,512,0,512,0,0.5365644824889114,0.5001925322876439,0.4140587527014883,0.434235567003469,0.46111965104745234,0.5443390595262413,0.008748652830403473,0.49282489815160035,sample,372,0.5366161721787417,0.500090999939517,0.4140808679241429,0.43415151474639974,0.4611896651688244,0.5442766367209375,0.00866812860827467,0.49239055339830184,2.423484701651906,2.738730155076276,1.0457559967120393,0.4261033002372524,0.002485233893985741,3.674172983301467,0.027231729156127222,1.5468905452531179
D_W,dw,93,93,0.01,0.02,512,512,0,512,,512,512,0,512,0,0.5365644824889114,0.5001925322876439,0.4140587527014883,0.434235567003469,0.46111965104745234,0.5443390595262413,0.008748652830403473,0.49282489815160035,sample,373,0.5362737999241577,0.5001500285733214,0.4140316472988304,0.43412438267605963,0.4610619617407236,0.5440411135391312,0.008487051922289756,0.4930712895692326,2.423984290612287,2.7423105500082,1.0485654201733319,0.4259039770089245,0.0041359801883048275,3.675430644223071,0.02666285996970063,1.5490291410067467
D_W,dw,93,93,0.01,0.02,512,512,0,512,,512,512,0,512,0,0.5365644824889114,0.5001925322876439,0.4140587527014883,0.434235567003469,0.46111965104745234,0.5443390595262413,0.008748652830403473,0.49282489815160035,sample,374,0.5364289968124656,0.5002690419578624,0.41413462842717613,0.4344275638966247,0.46085955822992347,0.544234019139431,0.008402631611331946,0.49283600524286725,2.421821519011881,2.7403415797993516,1.0457818338996339,0.4257121511780184,0.007385244998138043,3.6797324877869437,0.026397645740981808,1.5482899734955324
D_W,dw,93,93,0.01,0.02,512,512,0,512,,512,512,0,512,0,0.5365644824889114,0.5001925322876439,0.4140587527014883,0.434235567003469,0.46111965104745234,0.5443390595262413,0.008748652830403473,0.49282489815160035,sample,375,0.5364454838226268,0.500221913801689,0.4137190080390937,0.4341807399721703,0.4611744177189261,0.5445587076871196,0.009014259182227079,0.4929330295895572,2.427692486903552,2.741915780965884,1.0428980288111465,0.42671431748353367,0.006088849316560282,3.674539065636883,0.028319130424438926,1.548594784470313
D_W,dw,93,93,0.01,0.02,512,512,0,512,,512,512,0,512,0,0.5365644824889114,0.5001925322876439,0.4140587527014883,0.434235567003469,0.46111965104745234,0.5443390595262413,0.008748652830403473,0.49282489815160035,sample,376,0.5365798789055025,0.5002113268775975,0.4141447649748435,0.43411328215112854,0.46114795659987495,0.5446070711851508,0.008617614376593004,0.49312970918466204,2.4215415548568355,2.7388145834842734,1.0428332047988031,0.4271299842517298,0.0057770701526682474,3.6743889496988054,0.027073034016974366,1.5492126716414054
D_W,dw,93,93,0.01,0.02,512,512,0,512,,512,512,0,512,0,0.5365644824889114,0.5001925322876439,0.4140587527014883,0.434235567003469,0.46111965104745234,0.5443390595262413,0.008748652830403473,0.49282489815160035,sample,377,0.5371358749670078,0.5002137428726967,0.4142006657671545,0.4345710948458353,0.46097725984507687,0.5436131498589578,0.008677494208017984,0.49296909640576075,2.4239240058295,2.7331090139365144,1.0508539222320723,0.4234502065076623,0.005755634211881955,3.6793715003192067,0.02726115205547728,1.5487080917151366
D_W,dw,93,93,0.01,0.02,512,512,0,512,,512,512,0,512,0,0.5365644824889114,0.5001925322876439,0.4140587527014883,0.434235567003469,0.46111965104745234,0.5443390595262413,0.008748652830403473,0.49282489815160035,sample,378,0.5375161028994562,0.5007876699941193,0.41289784666469004,0.434209792875229,0.46136728095140356,0.5443598698787205,0.008498645670661106,0.4923892402834879,2.442931208119675,2.7348122393233085,1.0441430998754124,0.42571951333961966,0.020992433269723866,3.6725552395105643,0.02669928280441163,1.546886419981265
D_W,dw,93,93,0.01,0.02,512,512,0,512,,512,512,0,512,0,0.5365644824889114,0.5001925322876439,0.4140587527014883,0.434235567003469,0.46111965104745234,0.5443390595262413,0.008748652830403473,0.49282489815160035,sample,379,0.5368856582989591,0.5001653870043786,0.41416757534566645,0.43383417795537393,0.4611011923655628,0.5447740626125464,0.008561819378377303,0.49250903868688856,2.4230721712174668,2.7357100814408697,1.0427078764777682,0.42863687964386654,0.004483745273699594,3.673066695158293,0.026897748860472866,1.5472627777653003
D_W,dw,93,93,0.01,0.02,512,512,0,512,,512,512,0,512,0,0.5365644824889114,0.5001925322876439,0.4140587527014883,0.434235567003469,0.46111965104745234,0.5443390595262413,0.008748652830403473,0.49282489815160035,sample,380,0.5367385597589218,0.5001622067529176,0.41371033826717263,0.43456419827880627,0.4611259632058741,0.5443647020524744,0.008801509260066112,0.4933235835787526,2.4283704328332836,2.739076184701431,1.043054830465424,0.4249707166747778,0.0044151349424868085,3.677647115543892,0.02765075683192623,1.5498217460135995
D_W,dw,93,93,0.01,0.02,512,512,0,512,,512,512,0,512,0,0.5365644824889114,0.5001925322876439,0.4140587527014883,0.434235567003469,0.46111965104745234,0.5443390595262413,0.008748652830403473,0.49282489815160035,sample,381,0.5367281077715189,0.5001253850516397,0.4142119824044667,0.4340397300590321,0.46089148183582634,0.5441476358997687,0.00865463628716617,0.49312707439700976,2.4233549647796364,2.737074864492129,1.0484222582384117,0.4268279434994746,0.0034138585445849896,3.6767827711816436,0.02718934177925288,1.5492043942118732
D_W,dw,93,93,0.01,0.02,512,512,0,512,,512,512,0,512,0,0.5365644824889114,0.5001925322876439,0.4140587527014883,0.434235567003469,0.46111965104745234,0.5443390595262413,0.008748652830403473,0.49282489815160035,sample,382,0.5361997056051877,0.49980596470555977,0.4137969066998495,0.4343462581672398,0.4611697785097336,0.5441139408494496,0.008968516839300262,0.4929216773359099,2.4272026972323393,2.7440146935995093,1.0464572617083658,0.4250522402270462,6.277825223915106,3.675693949410059,0.028175426615942054,1.548559120313653
D_W,dw,93,93,0.01,0.02,512,512,0,512,,512,512,0,512,0,0.5365644824889114,0.5001925322876439,0.4140587527014883,0.434235567003469,0.46111965104745234,0.5443390595262413,0.008748652830403473,0.49282489815160035,sample,383,0.5367323755087114,0.5003635416115566,0.41393923653005976,0.4340151443446808,0.4612291802954287,0.5441765826480541,0.008474631020058685,0.49289073724070975,2.4259543622520807,2.7381645603698668,1.047288729600216,0.42626880226277536,0.009896712026593823,3.6728234145791228,0.02662383855450054,1.5484619191378708
D_W,dw,93,93,0.01,0.02,512,512,0,512,,512,512,0,512,0,0.5365644824889114,0.5001925322876439,0.4140587527014883,0.434235567003469,0.46111965104745234,0.5443390595262413,0.008748652830403473,0.49282489815160035,sample,384,0.5357808985225077,0.49959190043003215,0.4135622677097952,0.43509824197139324,0.46136472412447405,0.5438581596331141,0.00855291436830988,0.49331595801427985,2.427593403721345,2.749095580089985,1.044715200328799,0.4213192522092924,6.271780286841429,3.6785406783351418,0.026869772946264907,1.5497977895962725
D_W,dw,93,93,0.01,0.02,512,512,0,512,,512,512,0,512,0,0.5365644824889114,0.5001925322876439,0.4140587527014883,0.434235567003469,0.46111965104745234,0.5443390595262413,0.008748652830403473,0.49282489815160035,sample,385,0.5365596405243368,0.5002808217825533,0.41426411265842217,0.4336512360713267,0.4615336175118132,0.5439802404125714,0.009004425859785191,0.4931556393840226,2.4209380217912146,2.7385078088507266,1.050121594153876,0.42646894574287647,0.007681045432065931,3.66699710220622,0.02828823813089511,1.5492941337652226
D_W,dw,93,93,0.01,0.02,512,512,0,512,,512,512,0,512,0,0.5365644824889114,0.5001925322876439,0.4140587527014883,0.434235567003469,0.46111965104745234,0.5443390595262413,0.008748652830403473,0.49282489815160035,sample,386,0.5363635946440647,0.5003210376350666,0.4142537853939213,0.4338399806291554,0.4613700833545737,0.5443275865997931,0.009018516556179976,0.492775794701155,2.4194892841514104,2.7404841445268433,1.046262642004686,0.42696711383879477,0.008828315728901038,3.670079440547506,0.028332505359172932,1.5481008165000207
D_W,dw,93,93,0.01,0.02,512,512,0,512,,512,512,0,512,0,0.5365644824889114,0.5001925322876439,0.4140587527014883,0.434235567003469,0.46111965104745234,0.5443390595262413,0.008748652830403473,0.49282489815160035,sample,387,0.5367360506181816,0.5004383123346169,0.4142098283005551,0.43398015239365184,0.46129167610667143,0.5443018881330715,0.008714706684976483,0.49230175042011837,2.4210358208283957,2.736982060879563,1.0460532478781492,0.4265652196286901,0.011930828978648644,3.6718877166732593,0.027378058499711977,1.5466115624692398
D_W,dw,93,93,0.01,0.02,512,512,0,512,,512,512,0,512,0,0.5365644824889114,0.5001925322876439,0.4140587527014883,0.434235567003469,0.46111965104745234,0.5443390595262413,0.008748652830403473,0.49282489815160035,sample,388,0.5360814854451266,0.5003002082592506,0.41426820415425997,0.4342294481525187,0.46038549271703155,0.5445571810619297,0.008949229306571098,0.49273582406585215,2.419985474727584,2.743217485483982,1.0449676060457016,0.4282204895283072,0.008320093486009645,3.683711699226182,0.028114833044814238,1.547975245045794
D_W,dw,93,93,0.01,0.02,512,512,0,512,,512,512,0,512,0,0.5365644824889114,0.5001925322876439,0.4140587527014883,0.434235567003469,0.46111965104745234,0.5443390595262413,0.008748652830403473,0.49282489815160035,sample,389,0.5367670599782624,0.500201632430177,0.4141832666367251,0.4345001129485095,0.46093803784315895,0.5442500399535346,0.008794663023473107,0.4924396413048998,2.4218687431113146,2.736809035998956,1.04504184860468,0.42532309808821556,0.005483995973026663,3.679336447079455,0.02762924874534091,1.5470447594598662
D_W,dw,93,93,0.01,0.02,512,512,0,512,,512,512,0,512,0,0.5365644824889114,0.5001925322876439,0.4140587527014883,0.434235567003469,0.46111965104745234,0.5443390595262413,0.008748652830403473,0.49282489815160035,sample,390,0.5364356522585217,0.500415478574471,0.4143551508451906,0.43444209036231685,0.46106603054181183,0.5444215085927655,0.008853467785951141,0.4932389573957239,2.4167261266118145,2.7393367617345046,1.0432724507739914,0.42567380304869107,0.011402583510143827,3.677504941625602,0.027813989355137996,1.549555885018695
D_W,dw,93,93,0.01,0.02,512,512,0,512,,512,512,0,512,0,0.5365644824889114,0.5001925322876439,0.4140587527014883,0.434235567003469,0.46111965104745234,0.5443390595262413,0.008748652830403473,0.49282489815160035,sample,391,0.5366851785789734,0.5003378426880243,0.4141305670999903,0.4341439837033467,0.4611739095868274,0.5442632498388887,0.00850755864383675,0.49292007073188965,2.4223604019103977,2.7378274416144257,1.0459693361666877,0.42613141808103755,0.009208981686012465,3.674300512207742,0.026727283735461876,1.5485540730182656
D_W,dw,93,93,0.01,0.02,512,512,0,512,,512,512,0,512,0,0.5365644824889114,0.5001925322876439,0.4140587527014883,0.434235567003469,0.46111965104745234,0.5443390595262413,0.008748652830403473,0.49282489815160035,sample,392,0.5365388198465334,0.5001687203750707,0.414039500045501,0.43434132194302333,0.46113342268641355,0.5443594262576541,0.008934210550124704,0.49257952022526647,2.423062482505027,2.739662917349522,1.0441785907077643,0.42574124369269606,0.0046175321657335785,3.676071139325258,0.028067650229896195,1.547484202048482
D_W,dw,93,93,0.01,0.02,512,512,0,512,,512,512,0,512,0,0.5365644824889114,0.5001925322876439,0.4140587527014883,0.434235567003469,0.46111965104745234,0.5443390595262413,0.008748652830403473,0.49282489815160035,sample,393,0.5354652267104659,0.5010394807528734,0.4138876649163907,0.43476838545967605,0.4613853545137289,0.5448049240705175,0.0083751423720618,0.4921925830581169,2.4163411438549334,2.7507628517824645,1.0369745222127886,0.42476462036537443,0.029301469104384557,3.6760809920250326,0.026311285748837947,1.5462686030867643
D_W,dw,93,93,0.01,0.02,512,512,0,512,,512,512,0,512,0,0.5365644824889114,0.5001925322876439,0.4140587527014883,0.434235567003469,0.46111965104745234,0.5443390595262413,0.008748652830403473,0.49282489815160035,sample,394,0.5366075957870208,0.5001688083391119,0.4139179975023272,0.4343554772717128,0.4611637329567859,0.5442664771833002,0.00894517628510255,0.49259588081085015,2.4253102564320987,2.739494400430993,1.0449323751857404,0.4254008305334383,0.004611260012666262,3.6758237045102984,0.02810210010234381,1.5475356003439602
D_W,dw,93,93,0.01,0.02,512,512,0,512,,512,512,0,512,0,0.5365644824889114,0.5001925322876439,0.4140587527014883,0.434235567003469,0.46111965104745234,0.5443390595262413,0.008748652830403473,0.49282489815160035,sample,395,0.5368693576635194,0.5000934100529327,0.41372022573891376,0.4348796975100534,0.46147963649788604,0.5435120244612147,0.008448111552152042,0.4928028202704977,2.428513916914581,2.7377546393340775,1.0488886917181979,0.42102387766233085,0.002533536220641562,3.675758101571182,0.026540525188947922,1.5481857198301268
D_W,dw,93,93,0.01,0.02,512,512,0,512,,512,512,0,512,0,0.5365644824889114,0.5001925322876439,0.4140587527014883,0.434235567003469,0.46111965104745234,0.5443390595262413,0.008748652830403473,0.49282489815160035,sample,396,0.5368093807770462,0.5000791262321864,0.41390708158140854,0.43422690476370823,0.46094783568803244,0.5440963457553099,0.008564133628960536,0.4930289927660895,2.427979722745607,2.737559810697489,1.047853548637991,0.42591140299428276,0.0021496180766697828,3.677397023492725,0.026905019293103717,1.548896261680722
D_W,dw,93,93,0.01,0.02,512,512,0,512,,512,512,0,512,0,0.5365644824889114,0.5001925322876439,0.4140587527014883,0.434235567003469,0.46111965104745234,0.5443390595262413,0.008748652830403473,0.49282489815160035,sample,397,0.5366383600918218,0.4999967218708434,0.4141835950743719,0.43431015178275895,0.46122558743016395,0.544385713118499,0.008990223875778008,0.49261448383712464,2.4212943844358708,2.7380808999546584,1.043806815220366,0.42572132713402006,6.283095834584752,3.6748232497071975,0.028243621282271744,1.5475940434746387
D_W,dw,93,93,0.01,0.02,512,512,0,512,,512,512,0,512,0,0.5365644824889114,0.5001925322876439,0.4140587527014883,0.434235567003469,0.46111965104745234,0.5443390595262413,0.008748652830403473,0.49282489815160035,sample,398,0.5363777762825698,0.5002539569932591,0.4139964740218385,0.4346512622489708,0.46120262915019,0.5445706125857297,0.00841619738682755,0.4929498670493583,2.42125696693767,2.741425416938506,1.0403840265935145,0.4249973090180208,0.006980989321845272,3.6773649460000706,0.026440263881619044,1.5486476809103291
D_W,dw,93,93,0.01,0.02,512,512,0,512,,512,512,0,512,0,0.5365644824889114,0.5001925322876439,0.4140587527014883,0.434235567003469,0.46111965104745234,0.5443390595262413,0.008748652830403473,0.49282489815160035,sample,399,0.5369982020423875,0.5002201599243807,0.4140301611681697,0.4345003417477214,0.46083344075119864,0.5441383930516235,0.008730429783324853,0.49246036532445303,2.4257107801850566,2.7351822024681494,1.0464413708502092,0.42527616002282337,0.00595048715141224,3.680515117780296,0.027427454069974887,1.5471098658874474
D_W,dw,93,93,0.01,0.02,512,512,0,512,,512,512,0,512,0,0.5365644824889114,0.5001925322876439,0.4140587527014883,0.434235567003469,0.46111965104745234,0.5443390595262413,0.008748652830403473,0.49282489815160035,sample,400,0.5364950133241454,0.5001755884833349,0.41402592398645993,0.43436538935906127,0.46123185751403484,0.5447582655368642,0.00847361819150215,0.4923768550584583,2.421818407703008,2.7401511014145505,1.03987535436345,0.42641685443533484,0.004811263580518331,3.675120756353127,0.02662065665974798,1.546847510649299
D_W,dw,93,93,0.01,0.02,512,512,0,512,,512,512,0,512,0,0.5365644824889114,0.5001925322876439,0.4140587527014883,0.434235567003469,0.46111965104745234,0.5443390595262413,0.008748652830403473,0.49282489815160035,sample,401,0.5370513907098724,0.5004809666006825,0.4144086329948359,0.4339565554694421,0.4607138918095944,0.5442584196865694,0.008737672274826965,0.4930528858108506,2.421005293430569,2.7330299366721613,1.0482521642233722,0.4277726449841666,0.01298033835189639,3.678218631771589,0.02745020702807161,1.5489713238946154
D_W,dw,93,93,0.01,0.02,512,512,0,512,,512,512,0,512,0,0.5365644824889114,0.5001925322876439,0.4140587527014883,0.434235567003469,0.46111965104745234,0.5443390595262413,0.008748652830403473,0.49282489815160035,sample,402,0.5369310899187814,0.4997671275279492,0.4140006514958963,0.4340960498314412,0.461736396962022,0.544953514728631,0.008638847271753038,0.49309345352760936,2.4236006192584805,2.735964714300706,1.0378433341908972,0.426800828348257,6.276879796395592,3.6676226826435565,0.02713973912442357,1.5490987711355577
D_W,dw,93,93,0.01,0.02,512,512,0,512,,512,512,0,512,0,0.5365644824889114,0.5001925322876439,0.4140587527014883,0.434235567003469,0.46111965104745234,0.5443390595262413,0.008748652830403473,0.49282489815160035,sample,403,0.5364244228066685,0.5001867202574468,0.41401207952089175,0.4340981221211209,0.46083660256923265,0.5443931175272293,0.008359032892878157,0.49244438522492173,2.4248016606897433,2.7409042918217215,1.0458956886163564,0.4273273260684207,0.005126193018872606,3.6777870151318743,0.026260676327381455,1.5470596629241562
D_W,dw,93,93,0.01,0.02,512,512,0,512,,512,512,0,512,0,0.5365644824889114,0.5001925322876439,0.4140587527014883,0.434235567003469,0.46111965104745234,0.5443390595262413,0.008748652830403473,0.49282489815160035,sample,404,0.5362594801538392,0.5001523809435574,0.41368670389729173,0.434173384222614,0.46054592821035845,0.5441378267871945,0.008848120149699604,0.4926415770990011,2.4308979637722543,2.743883750254061,1.0488684715500527,0.4270641476665238,0.004202488448478639,3.6815440185049084,0.0277971892603761,1.5476791594671115
D_W,dw,93,93,0.01,0.02,512,512,0,512,,512,512,0,512,0,0.5365644824889114,0.5001925322876439,0.4140587527014883,0.434235567003469,0.46111965104745234,0.5443390595262413,0.008748652830403473,0.49282489815160035,sample,405,0.5366151516536952,0.5002011429442202,0.4134680168991505,0.4343996639889281,0.46098398176417693,0.5435671839324123,0.008324764156548493,0.4927847471068643,2.43452207822974,2.7412930004473632,1.0521210247183717,0.42394258012764985,0.0054933794295622595,3.6781453764136325,0.026153017917080378,1.548128941312029
D_W,dw,93,93,0.01,0.02,512,512,0,512,,512,512,0,512,0,0.5365644824889114,0.5001925322876439,0.4140587527014883,0.434235567003469,0.46111965104745234,0.5443390595262413,0.008748652830403473,0.49282489815160035,sample,406,0.536611051263851,0.5002801695812352,0.4140850658600199,0.43449919798427344,0.46082376582653706,0.5445415218254426,0.008647170998478663,0.4931694911270392,2.422440087296384,2.7387535298109573,1.0425260772167224,0.42627784925834833,0.0076524465328880395,3.6806162232719957,0.027165888883155284,1.549337650299323
D_W,dw,93,93,0.01,0.02,512,512,0,512,,512,512,0,512,0,0.5365644824889114,0.5001925322876439,0.4140587527014883,0.434235567003469,0.46111965104745234,0.5443390595262413,0.008748652830403473,0.49282489815160035,sample,407,0.5371064087016405,0.49961562667099035,0.4134900302902294,0.43408783650436294,0.4609976117866901,0.5444290520482308,0.008665525389048708,0.4931604897972743,2.436581780780816,2.7363815918138923,1.0451297378225637,0.42710842610384014,6.2728269999408,3.6759111441044348,0.027223550901731255,1.549309371787861
D_W,dw,93,93,0.01,0.02,512,512,0,512,,512,512,0,512,0,0.5365644824889114,0.5001925322876439,0.4140587527014883,0.434235567003469,0.46111965104745234,0.5443390595262413,0.008748652830403473,0.49282489815160035,sample,408,0.5351864085071061,0.49882382725463414,0.4135059582612263,0.43344628764264814,0.4644694809829629,0.5457665638533691,0.00786113533742131,0.49245075021296986,2.4196674396888276,2.7550367816785206,1.0255170448848212,0.42565819203455574,6.249770843469628,3.631961727092212,0.024696485024917905,1.5470796591238483
D_W,dw,93,93,0.01,0.02,512,512,0,512,,512,512,0,512,0,0.5365644824889114,0.5001925322876439,0.4140587527014883,0.434235567003469,0.46111965104745234,0.5443390595262413,0.008748652830403473,0.49282489815160035,sample,409,0.5364044667910342,0.5004534463602782,0.4144570652241193,0.43390937922928313,0.4610298815007007,0.5446475284939479,0.009083516962434318,0.49278620143373913,2.4162370082385705,2.739211756323598,1.0437766442986447,0.4282103014653828,0.012455144991708906,3.674364673836204,0.028536710157941927,1.548133510214655
D_W,dw,93,93,0.01,0.02,512,512,0,512,,512,512,0,512,0,0.5365644824889114,0.5001925322876439,0.4140587527014883,0.434235567003469,0.46111965104745234,0.5443390595262413,0.008748652830403473,0.49282489815160035,sample,410,0.5360646741473164,0.4998562851452615,0.4149092772138831,0.4339890725516129,0.46080808005380397,0.5428026847888403,0.00900293678584651,0.4926849353932342,2.414112534980642,2.7407038653291553,1.0621726851971571,0.4239910347434569,6.2792004078998165,3.67738072622646,0.028283560067148703,1.5478153735657465
D_W,dw,93,93,0.01,0.02,512,512,0,512,,512,512,0,512,0,0.5365644824889114,0.5001925322876439,0.4140587527014883,0.434235567003469,0.46111965104745234,0.5443390595262413,0.008748652830403473,0.49282489815160035,sample,411,0.5366538428242154,0.5001903130686203,0.41419214245959773,0.43482318558647515,0.4606200048165526,0.5441372026144964,0.008996464322886097,0.49260706749858313,2.421677960449554,2.7378874597909997,1.0455045850541418,0.4245771757633706,0.005192125676042706,3.685096510012391,0.028263226225061635,1.54757074435996
D_W,dw,93,93,0.01,0.02,512,512,0,512,,512,512,0,512,0,0.5365644824889114,0.5001925322876439,0.4140587527014883,0.434235567003469,0.46111965104745234,0.5443390595262413,0.008748652830403473,0.49282489815160035,sample,412,0.5366112499479696,0.500295157750071,0.4142145306607074,0.434606290347523,0.46084042202009395,0.5437079746051701,0.009072573137591593,0.49268986208615473,2.4217556359115884,2.7382062533465357,1.0501434255441868,0.4238449660619396,0.008061766701688764,3.6811498716994455,0.02850232911821385,1.547830851228032
D_W,dw,93,93,0.01,0.02,512,512,0,512,,512,512,0,512,0,0.5365644824889114,0.5001925322876439,0.4140587527014883,0.434235567003469,0.46111965104745234,0.5443390595262413,0.008748652830403473,0.49282489815160035,sample,413,0.5363872130833421,0.4999379483418742,0.41403890483400074,0.4345210350069847,0.4610135094601846,0.5443021224186965,0.009018137579989103,0.4927820858654357,2.4231452886953173,2.741163449258711,1.0442085095516487,0.42521315028076023,6.281479993891839,3.6786264849399286,0.0283313147703558,1.5481205807755074
D_W,dw,93,93,0.01,0.02,512,512,0,512,,512,512,0,512,0,0.5365644824889114,0.5001925322876439,0.4140587527014883,0.434235567003469,0.46111965104745234,0.5443390595262413,0.008748652830403473,0.49282489815160035,sample,414,0.5369405543378775,0.49996479179808184,0.4139741177170486,0.4342397117815191,0.4610229792807211,0.5446971937327478,0.009016709439284077,0.4934556140031579,2.4260639567141493,2.7359907006440585,1.0416967313583214,0.4271607938537068,6.282232203148309,3.67663732036431,0.0283268281340086,1.5502365318249616
D_W,dw,93,93,0.01,0.02,512,512,0,512,,512,512,0,512,0,0.5365644824889114,0.5001925322876439,0.4140587527014883,0.434235567003469,0.46111965104745234,0.5443390595262413,0.008748652830403473,0.49282489815160035,sample,415,0.5368080697272459,0.5012803001465527,0.41417561288421045,0.4339531327598438,0.4608775737627266,0.5454421298426234,0.008524874665623752,0.4927831121508992,2.4186299410813725,2.7362240461870253,1.0363022969311322,0.4303162206619992,0.03476911991615379,3.6763632831782216,0.026781683622297325,1.5481238049463801
D_W,dw,93,93,0.01,0.02,512,512,0,512,,512,512,0,512,0,0.5365644824889114,0.5001925322876439,0.4140587527014883,0.434235567003469,0.46111965104745234,0.5443390595262413,0.008748652830403473,0.49282489815160035,sample,416,0.5363919602181801,0.500282610426996,0.41397910420951683,0.4341570926368778,0.46123016706871933,0.5441974751784164,0.00845920173143701,0.4929994559496055,2.4238386470585285,2.7413559245629155,1.0463879721938965,0.42580610681766673,0.007765581859503549,3.6737533990429854,0.026575366014716568,1.5488034690350454
D_W,dw,93,93,0.01,0.02,512,512,0,512,,512,512,0,512,0,0.5365644824889114,0.5001925322876439,0.4140587527014883,0.434235567003469,0.46111965104745234,0.5443390595262413,0.008748652830403473,0.49282489815160035,sample,417,0.5360482305300889,0.5000663097080054,0.41404386916416147,0.43409528630397204,0.4612066907687228,0.5448733737939454,0.008564330806592264,0.4931902195738308,2.421019315289401,2.7444917176469157,1.0401574830380087,0.4277190398844602,0.0018394698502718196,3.673607853984413,0.026905638744903003,1.5494027706354838
D_W,dw,93,93,0.01,0.02,512,512,0,512,,512,512,0,512,0,0.5365644824889114,0.5001925322876439,0.4140587527014883,0.434235567003469,0.46111965104745234,0.5443390595262413,0.008748652830403473,0.49282489815160035,sample,418,0.5365179265155343,0.5003574536573144,0.41409541320302345,0.43420141491871,0.460549930013703,0.5449466217301109,0.008906784120629537,0.4925289352312189,2.4227621468561207,2.7396211779802315,1.0408368961610461,0.42891394444423886,0.009788130810452095,3.6816871118606933,0.027981487560479978,1.5473252846028003
D_W,dw,93,93,0.01,0.02,512,512,0,512,,512,512,0,512,0,0.5365644824889114,0.5001925322876439,0.4140587527014883,0.434235567003469,0.46111965104745234,0.5443390595262413,0.008748652830403473,0.49282489815160035,sample,419,0.5368114497821361,0.5003463096889865,0.41403494761580756,0.43414640608419275,0.46118802973511785,0.5444090416608294,0.0085524737032489,0.49296701840165597,2.4239409419222513,2.7369867527177765,1.044489668164473,0.4264456261150732,0.009407384793813962,3.674157480434376,0.026868388556146636,1.5487015634727068
D_W,dw,93,93,0.01,0.02,512,512,0,512,,512,512,0,512,0,0.5365644824889114,0.5001925322876439,0.4140587527014883,0.434235567003469,0.46111965104745234,0.5443390595262413,0.008748652830403473,0.49282489815160035,sample,420,0.5361155365167076,0.5001984434063117,0.41405785948842233,0.43405301370469584,0.46077610835836713,0.5442282696669049,0.008846490100225793,0.4926072905849434,2.4237034251793075,2.743763074600317,1.0479007555524613,0.4272205956320985,0.005494627198805233,3.6781644409353476,0.027792068308924184,1.5475714452064306
D_W,dw,93,93,0.01,0.02,512,512,0,512,,512,512,0,512,0,0.5365644824889114,0.5001925322876439,0.4140587527014883,0.434235567003469,0.46111965104745234,0.5443390595262413,0.008748652830403473,0.49282489815160035,sample,421,0.5361409195638469,0.5009496975519652,0.4140728278953607,0.4337494341686397,0.4621592513704258,0.5434238473837788,0.008435218346612827,0.49201421951882496,2.4196807827512186,2.7433318660523804,1.05336906454815,0.4234740421352088,0.026271579719523607,3.660548522849579,0.026500019989144696,1.5457082575020562
D_W,dw,93,93,0.01,0.02,512,512,0,512,,512,512,0,512,0,0.5365644824889114,0.5001925322876439,0.4140587527014883,0.434235567003469,0.46111965104745234,0.5443390595262413,0.008748652830403473,0.49282489815160035,sample,422,0.5365400411817486,0.4999217248157861,0.41392729239134346,0.43400557936765216,0.4609229784192609,0.5444640910459144,0.0087927051046788,0.49251231544375984,2.427146362758937,2.7401233329499908,1.0454037004551024,0.42764724183158304,6.281043134868063,3.6762024348152917,0.027623097762040392,1.5472730720006147
D_W,dw,93,93,0.01,0.02,512,512,0,512,,512,512,0,512,0,0.5365644824889114,0.5001925322876439,0.4140587527014883,0.434235567003469,0.46111965104745234,0.5443390595262413,0.008748652830403473,0.49282489815160035,sample,423,0.536989890746565,0.5004269231408733,0.41412954480244574,0.434124956976819,0.4606510718911496,0.5445577957886304,0.008607063479470321,0.492914132433955,2.424430583034137,2.734825893119401,1.0446957405065351,0.42802589625071913,0.011541104261619561,3.6800442412638326,0.027039887396084962,1.5485354173050994
D_W,dw,93,93,0.01,0.02,512,512,0,512,,512,512,0,512,0,0.5365644824889114,0.5001925322876439,0.4140587527014883,0.434235567003469,0.46111965104745234,0.5443390595262413,0.008748652830403473,0.49282489815160035,sample,424,0.5368066973952653,0.498689681242298,0.41436140717528697,0.432289961219682,0.46133772383112903,0.5453056164755231,0.009438110284560302,0.493605514460697,2.4270826032427757,2.7354411954340705,1.0444197658511816,0.435002804522204,6.2476003261263475,3.6604138940895896,0.029650697933744915,1.5507074580011362
D_W,dw,93,93,0.01,0.02,512,512,0,512,,512,512,0,512,0,0.5365644824889114,0.5001925322876439,0.4140587527014883,0.434235567003469,0.46111965104745234,0.5443390595262413,0.008748652830403473,0.49282489815160035,sample,425,0.536337751634105,0.5001032918390971,0.41397839269126124,0.4346213603914503,0.46107420825878964,0.5440240000171405,0.008381594341472353,0.49291468570140823,2.4235635656490953,2.7419028946181787,1.0462733373779212,0.42405078045354344,0.00284254133101641,3.6786155925031103,0.026331555208539324,1.5485371554460658
D_W,dw,93,93,0.01,0.02,512,512,0,512,,512,512,0,512,0,0.5365644824889114,0.5001925322876439,0.4140587527014883,0.434235567003469,0.46111965104745234,0.5443390595262413,0.008748652830403473,0.49282489815160035,sample,426,0.5366602537689121,0.5003076187669228,0.4141501965098513,0.4341985871165207,0.46107670061977135,0.5443626273463861,0.008527722467166874,0.492962841009666,2.4219781842029757,2.7379929708160695,1.0450100351490694,0.42638188905532265,0.008390873378784334,3.675758565983618,0.026790630254704077,1.5486884398087197
D_W,dw,93,93,0.01,0.02,512,512,0,512,,512,512,0,512,0,0.5365644824889114,0.5001925322876439,0.4140587527014883,0.434235567003469,0.46111965104745234,0.5443390595262413,0.008748652830403473,0.49282489815160035,sample,427,0.5367447580621623,0.4995626054195908,0.4141423529514313,0.43387689805890484,0.46112013898148096,0.5441994500851859,0.009103388786925853,0.4935078392532047,2.4257394312062326,2.737180887626098,1.048050056994886,0.4270528336260359,6.271282278114058,3.6731360191118982,0.02859913933577796,1.5504006022868404
D_W,dw,93,93,0.01,0.02,512,512,0,512,,512,512,0,512,0,0.5365644824889114,0.5001925322876439,0.4140587527014883,0.434235567003469,0.46111965104745234,0.5443390595262413,0.008748652830403473,0.49282489815160035,sample,428,0.5363290993838571,0.5002912166337413,0.41439838199310175,0.4344237644499127,0.4604307331761728,0.5443746372885965,0.008410996040716521,0.4924388011135554,2.4183771116320365,2.7402210173168697,1.0456751779153162,0.4269868536830218,0.008015899136330211,3.6845147349588228,0.026423923370887857,1.547042119920911
D_W,dw,93,93,0.01,0.02,512,512,0,512,,512,512,0,512,0,0.5365644824889114,0.5001925322876439,0.4140587527014883,0.434235567003469,0.46111965104745234,0.5443390595262413,0.008748652830403473,0.49282489815160035,sample,429,0.536411803258852,0.500235255289842,0.41386544124049046,0.43418305270399987,0.46113503866100763,0.5442321102918328,0.00901549652287943,0.4928869358646301,2.426030783313934,2.7416374100582623,1.046195649569018,0.4259981549653745,0.00646087244704596,3.674998182867503,0.028323017644742342,1.5484499767627056
D_W,dw,93,93,0.01,0.02,512,512,0,512,,512,512,0,512,0,0.5365644824889114,0.5001925322876439,0.4140587527014883,0.434235567003469,0.46111965104745234,0.5443390595262413,0.008748652830403473,0.49282489815160035,sample,430,0.5363875258713079,0.5001822790133681,0.41353752001125227,0.43440430630918603,0.46131445809728977,0.5447553504739798,0.008442579779762436,0.49308725978644513,2.4288856915651467,2.743239904100994,1.039471038962194,0.4260957072171714,0.005009339995749493,3.6744467440287574,0.0265231466134474,1.5490793129238178
D_W,dw,93,93,0.01,0.02,512,512,0,512,,512,512,0,512,0,0.5365644824889114,0.5001925322876439,0.4140587527014883,0.434235567003469,0.46111965104745234,0.5443390595262413,0.008748652830403473,0.49282489815160035,sample,431,0.5367807102160135,0.5001029689460483,0.4139596654426229,0.4344944984128525,0.4612916419793505,0.544304672934659,0.008480962077958485,0.49283914837437387,2.4244559379579482,2.7376200367644277,1.0435037954575577,0.4247228788685968,0.0027995293305032825,3.6753072000265146,0.026643728159488,1.548299847934383
D_W,dw,93,93,0.01,0.02,512,512,0,512,,512,512,0,512,0,0.5365644824889114,0.5001925322876439,0.4140587527014883,0.434235567003469,0.46111965104745234,0.5443390595262413,0.008748652830403473,0.49282489815160035,sample,432,0.5363944742949105,0.49959789630233814,0.41448284422272746,0.4348052474815037,0.46048721890631344,0.5445905685289385,0.008549486800749292,0.4928213401877398,2.4173303866442053,2.7392080293332435,1.041540771420372,0.42602817147071115,6.272137274608974,3.686465654223758,0.02685900492519688,1.5482439018660796
D_W,dw,93,93,0.01,0.02,512,512,0,512,,512,512,0,512,0,0.5365644824889114,0.5001925322876439,0.4140587527014883,0.434235567003469,0.46111965104745234,0.5443390595262413,0.008748652830403473,0.49282489815160035,sample,433,0.5358454560146816,0.5006464306932963,0.4146098869704772,0.43530142861456866,0.4622356820043965,0.5440177725755723,0.008719865093565513,0.4929194362344963,2.404092561128323,2.744089733406481,1.0395588991878055,0.41913621936438394,0.01803187074959472,3.669937888298483,0.02739426411823949,1.548552079685916
D_W,dw,93,93,0.01,0.02,512,512,0,512,,512,512,0,512,0,0.5365644824889114,0.5001925322876439,0.4140587527014883,0.434235567003469,0.46111965104745234,0.5443390595262413,0.008748652830403473,0.49282489815160035,sample,434,0.536435860623118,0.5001397284044209,0.4136834805046154,0.4343641922284308,0.4612969567344123,0.5444044381776256,0.00895034592194158,0.49274633042777605,2.427776494943445,2.742161958747268,1.0431510623797633,0.42542158718543743,0.003834895541432239,3.6743771518243755,0.028118340995459033,1.54800825175523
D_W,dw,93,93,0.01,0.02,512,512,0,512,,512,512,0,512,0,0.5365644824889114,0.5001925322876439,0.4140587527014883,0.434235567003469,0.46111965104745234,0.5443390595262413,0.008748652830403473,0.49282489815160035,sample,435,0.5366692159782104,0.5003854159830038,0.414257426999286,0.43485429803352876,0.4609242899615505,0.5441939450391652,0.009173350654994163,0.49321736049340303,2.418862779443061,2.737445756563309,1.0438984367298583,0.4239487576978488,0.010510227202168359,3.681879960698028,0.028818931026532782,1.5494880363490235
D_W,dw,93,93,0.01,0.02,512,512,0,512,,512,512,0,512,0,0.5365644824889114,0.5001925322876439,0.4140587527014883,0.434235567003469,0.46111965104745234,0.5443390595262413,0.008748652830403473,0.49282489815160035,sample,436,0.5368396016749397,0.500134306716362,0.4137206082132169,0.4335499130317282,0.4610793883821285,0.5442484087562905,0.00876394143786908,0.4932626318041905,2.4323410967971557,2.7380434600225794,1.0492736363657766,0.42843596560737257,0.003645699606566116,3.6714400018971727,0.027532734037700672,1.5496302603664118
D_W,dw,93,93,0.01,0.02,512,512,0,512,,512,512,0,512,0,0.5365644824889114,0.5001925322876439,0.4140587527014883,0.434235567003469,0.46111965104745234,0.5443390595262413,0.008748652830403473,0.49282489815160035,sample,437,0.5366406012040869,0.5000027336023316,0.41404173208738,0.4342831488155681,0.46094274326835444,0.5444025188284533,0.009013107531359997,0.49266786669712825,2.4245964015949055,2.7386549634672197,1.0445946808060775,0.4264600766518456,7.460582623380506e-05,3.6778299130909278,0.028315512406535404,1.5477617506754535
D_W,dw,93,93,0.01,0.02,512,512,0,512,,512,512,0,512,0,0.5365644824889114,0.5001925322876439,0.4140587527014883,0.434235567003469,0.46111965104745234,0.5443390595262413,0.008748652830403473,0.49282489815160035,sample,438,0.5363618718943554,0.4998819123044299,0.4133973659325731,0.434370211663458,0.46074462137550165,0.5443625923272594,0.008270185037714066,0.4927790430546952,2.4348284105028917,2.744073056648043,1.0451367667765759,0.4264746983554806,6.279937749386896,3.680638637841725,0.025981552558310736,1.5481110215036389
D_W,dw,93,93,0.01,0.02,512,512,0,512,,512,512,0,512,0,0.5365644824889114,0.5001925322876439,0.4140587527014883,0.434235567003469,0.46111965104745234,0.5443390595262413,0.008748652830403473,0.49282489815160035,sample,439,0.5360195330353769,0.5002427914596859,0.4146054757257982,0.4341643940320197,0.46252171950841364,0.5450940569277382,0.008907942172860332,0.4929557227809923,2.406229290599476,2.7424261995030133,1.0338730087069279,0.42527616429736387,0.006740447813966514,3.6591105411952514,0.027985125688860718,1.548666077233812
D_W,dw,93,93,0.01,0.02,512,512,0,512,,512,512,0,512,0,0.5365644824889114,0.5001925322876439,0.4140587527014883,0.434235567003469,0.46111965104745234,0.5443390595262413,0.008748652830403473,0.49282489815160035,sample,440,0.5381430962227026,0.4983994940947371,0.41223617584893596,0.4329976573637211,0.46269430294424324,0.5441379553975906,0.008971090369592243,0.49306530429188117,2.462364066962042,2.7312882750235192,1.048546322348612,0.42682633248916013,6.241249341732504,3.6496278440790597,0.028183511599801134,1.5490103377033897
D_W,dw,93,93,0.01,0.02,512,512,0,512,,512,512,0,512,0,0.5365644824889114,0.5001925322876439,0.4140587527014883,0.434235567003469,0.46111965104745234,0.5443390595262413,0.008748652830403473,0.49282489815160035,sample,441,0.5365571715341659,0.5000977409805374,0.41384460704393927,0.43428951981753816,0.461077791197587,0.5442662512456872,0.008859826419119976,0.49253961654961376,2.4270213130888236,2.740299629375246,1.045506283631476,0.4258198050741394,0.0026736408627831207,3.6763524594179433,0.02783396559038808,1.5473588409542003
D_W,dw,93,93,0.01,0.02,512,512,0,512,,512,512,0,512,0,0.5365644824889114,0.5001925322876439,0.4140587527014883,0.434235567003469,0.46111965104745234,0.5443390595262413,0.008748652830403473,0.49282489815160035,sample,442,0.5362149580558263,0.5004351271950616,0.41412459431554116,0.43466038031440474,0.46028634062358853,0.5438303553180358,0.008324990887471063,0.4927754787147915,2.422930008955319,2.7424817628315097,1.0502929605109308,0.4251425868614866,0.012014545410227144,3.6877303830869432,0.026153730213281063,1.5480998237995824
D_W,dw,93,93,0.01,0.02,512,512,0,512,,512,512,0,512,0,0.5365644824889114,0.5001925322876439,0.4140587527014883,0.434235567003469,0.46111965104745234,0.5443390595262413,0.008748652830403473,0.49282489815160035,sample,443,0.5365811203650503,0.5003377308998308,0.41412001692234457,0.43375362063770173,0.4612769374472516,0.5439800154667217,0.008494461436793447,0.4929405913949213,2.4237175506261677,2.7388969199076385,1.0503524609796964,0.42663853501275256,0.009232120318922482,3.67056023407628,0.02668613764603209,1.5486185405824928
D_W,dw,93,93,0.01,0.02,512,512,0,512,,512,512,0,512,0,0.5365644824889114,0.5001925322876439,0.4140587527014883,0.434235567003469,0.46111965104745234,0.5443390595262413,0.008748652830403473,0.49282489815160035,sample,444,0.5369204257830955,0.5002268805147635,0.4139059474941492,0.43418479382282427,0.4609519292191873,0.5445864750256415,0.008510798574439708,0.49278807601549984,2.4270261739094803,2.7364686026622316,1.0432516313444886,0.42723934375505723,0.006145044488406305,3.6770700950740567,0.02673746227764227,1.5481393993869428
D_W,dw,93,93,0.01,0.02,512,512,0,512,,512,512,0,512,0,0.5365644824889114,0.5001925322876439,0.4140587527014883,0.434235567003469,0.46111965104745234,0.5443390595262413,0.008748652830403473,0.49282489815160035,sample,445,0.5364574403063728,0.500962703328051,0.4139440926816977,0.43395415095044587,0.4611908454655416,0.5445605585386601,0.008820639983442643,0.4929849496007061,2.4228240183620944,2.7407422520065965,1.043942462041791,0.42749800175469366,0.026400088783758133,3.672851516758555,0.027710857771943802,1.5487578959959127
D_W,dw,93,93,0.01,0.02,512,512,0,512,,512,512,0,512,0,0.5365644824889114,0.5001925322876439,0.4140587527014883,0.434235567003469,0.46111965104745234,0.5443390595262413,0.008748652830403473,0.49282489815160035,sample,446,0.5369567360389524,0.5006060821484356,0.4146109971742718,0.43460027360732495,0.4609748143453331,0.5443912769795275,0.008613933004835593,0.4927675594086288,2.4138216790167557,2.733081209610982,1.0430590381038447,0.42522834820496985,0.016398304784567698,3.679595330631695,0.02706146864650615,1.5480749445655202
D_W,dw,93,93,0.01,0.02,512,512,0,512,,512,512,0,512,0,0.5365644824889114,0.5001925322876439,0.4140587527014883,0.434235567003469,0.46111965104745234,0.5443390595262413,0.008748652830403473,0.49282489815160035,sample,447,0.5367659903911973,0.4981820086583845,0.4129074427667862,0.43353067480869667,0.462957259584685,0.541907193273149,0.008441117827645311,0.4931230144007987,2.4496449655760055,2.7417020672383563,1.067394808139477,0.4190511439635757,6.233777912258638,3.65001613540945,0.026518553755416344,1.5491916393576028
D_W,dw,93,93,0.01,0.02,512,512,0,512,,512,512,0,512,0,0.5365644824889114,0.5001925322876439,0.4140587527014883,0.434235567003469,0.46111965104745234,0.5443390595262413,0.008748652830403473,0.49282489815160035,sample,448,0.536345034126356,0.4999567856095368,0.4134948883528688,0.4338941137034016,0.46115902694315325,0.5442868111580004,0.00892043881276965,0.4928178465473708,2.433275795364497,2.743837778694781,1.047000376719135,0.4271190712020315,6.281996303753466,3.6728126102839016,0.028024385040994387,1.548232926271162
D_W,dw,93,93,0.01,0.02,512,512,0,512,,512,512,0,512,0,0.5365644824889114,0.5001925322876439,0.4140587527014883,0.434235567003469,0.46111965104745234,0.5443390595262413,0.008748652830403473,0.49282489815160035,sample,449,0.5363140214252297,0.5003210307249972,0.4142244723485356,0.43405150162189077,0.4615128480758359,0.5442941511623038,0.008977230144800754,0.49272145776708776,2.4186829682847817,2.7410969622754533,1.0451457933873203,0.4258233730596915,0.008840176594073792,3.669861611808876,0.028202800272490884,1.5479301119871365
D_W,dw,93,93,0.01,0.02,512,512,0,512,,512,512,0,512,0,0.5365644824889114,0.5001925322876439,0.4140587527014883,0.434235567003469,0.46111965104745234,0.5443390595262413,0.008748652830403473,0.49282489815160035,sample,450,0.5363984725640559,0.5007701161419856,0.41398339502111914,0.43413170394574657,0.46130736350451323,0.5444114509271167,0.00893960594311534,0.49272794339932713,2.4218417924391615,2.7412043116621962,1.0441940931963034,0.42625191839446236,0.021154768385575923,3.672713981348312,0.02808460035687881,1.5479504872017336
D_W,dw,93,93,0.01,0.02,512,512,0,512,,512,512,0,512,0,0.5365644824889114,0.5001925322876439,0.4140587527014883,0.434235567003469,0.46111965104745234,0.5443390595262413,0.008748652830403473,0.49282489815160035,sample,451,0.5365207623432198,0.5001627025954554,0.4140565096676552,0.43438346235998154,0.4613827066728299,0.544720703230388,0.008960652791848224,0.49261851150513136,2.4209559094526436,2.739769890892995,1.0397135914467261,0.4259416516332327,0.00445504169702815,3.673535552976675,0.02815072098223925,1.5476066967668596
D_W,dw,93,93,0.01,0.02,512,512,0,512,,512,512,0,512,0,0.5365644824889114,0.5001925322876439,0.4140587527014883,0.434235567003469,0.46111965104745234,0.5443390595262413,0.008748652830403473,0.49282489815160035,sample,452,0.5365621055712844,0.5000677308212237,0.4138012299229096,0.43430467214805796,0.46109545589736156,0.5445048559731042,0.009011068506867984,0.4927446708940254,2.42718422824256,2.740432745335431,1.0430453163421236,0.42630629665748077,0.001852484770449964,3.676254537663227,0.028309106622170805,1.5480030381761907
D_W,dw,93,93,0.01,0.02,512,512,0,512,,512,512,0,512,0,0.5365644824889114,0.5001925322876439,0.4140587527014883,0.434235567003469,0.46111965104745234,0.5443390595262413,0.008748652830403473,0.49282489815160035,sample,453,0.5365492898220754,0.5000326843046197,0.41410720645083804,0.43391687118940403,0.461246347388104,0.5447111183997506,0.008596488279759264,0.49313782710758514,2.4226035990740202,2.7392796435885485,1.0424982268485667,0.4278805282809227,0.0008942525577477838,3.6719803477843866,0.027006664426362462,1.549238174848423
D_W,dw,93,93,0.01,0.02,512,512,0,512,,512,512,0,512,0,0.5365644824889114,0.5001925322876439,0.4140587527014883,0.434235567003469,0.46111965104745234,0.5443390595262413,0.008748652830403473,0.49282489815160035,sample,454,0.5361465256760346,0.5005652508175715,0.4144562123481068,0.43471340478123704,0.4614438255236115,0.54472109658933,0.008955663654158678,0.4927004238218192,2.4108672172620103,2.7417551904124458,1.0378958608972533,0.4246319995321677,0.015636488939072875,3.6750479985650473,0.028135047143926024,1.5478640318992047
D_W,dw,93,93,0.01,0.02,512,512,0,512,,512,512,0,512,0,0.5365644824889114,0.5001925322876439,0.4140587527014883,0.434235567003469,0.46111965104745234,0.5443390595262413,0.008748652830403473,0.49282489815160035,sample,455,0.5365137047177132,0.5000676891604954,0.4141469749094204,0.4342855090055713,0.46109733337934744,0.5441415278012127,0.009089620703488038,0.4928125823413227,2.4223122143146685,2.739463236902251,1.0466926603147713,0.42549124739194605,0.0018537993742103517,3.6761055184706444,0.02855588562599571,1.5482163882801143
D_W,dw,93,93,0.01,0.02,512,512,0,512,,512,512,0,512,0,0.5365644824889114,0.5001925322876439,0.4140587527014883,0.434235567003469,0.46111965104745234,0.5443390595262413,0.008748652830403473,0.49282489815160035,sample,456,0.5364856343982274,0.5000952269263843,0.4138688445806147,0.4340541329613205,0.46108996013154524,0.5441111632013671,0.0089157276159909,0.4926101730015604,2.4274576898978726,2.740902497677447,1.0481394498177405,0.4262659420863272,0.0026099781935178894,3.674649016337996,0.028009584379804654,1.5475805005852992
D_W,dw,93,93,0.01,0.02,512,512,0,512,,512,512,0,512,0,0.5365644824889114,0.5001925322876439,0.4140587527014883,0.434235567003469,0.46111965104745234,0.5443390595262413,0.008748652830403473,0.49282489815160035,sample,457,0.5366082407019934,0.5001529427594329,0.41442522493578593,0.4340297670137892,0.4613274034326348,0.5448275112096083,0.008534979793268489,0.4929284839444675,2.416465833064757,2.737356019199109,1.0405771991670285,0.42758777999765857,0.004177798951216713,3.6718128377164523,0.026813429817069617,1.5485805039050933
D_W,dw,93,93,0.01,0.02,512,512,0,512,,512,512,0,512,0,0.5365644824889114,0.5001925322876439,0.4140587527014883,0.434235567003469,0.46111965104745234,0.5443390595262413,0.008748652830403473,0.49282489815160035,sample,458,0.5371714014305465,0.5004016002033695,0.4142305234848082,0.43561239626430154,0.4611748359205657,0.5447724131322226,0.00874041527073681,0.49305516805307337,2.4165595545594982,2.7326181011517527,1.033709207249569,0.42212662910861665,0.010803589942668279,3.684208727682298,0.027458824403870805,1.5489784937700162
D_W,dw,93,93,0.01,0.02,512,512,0,512,,512,512,0,512,0,0.5365644824889114,0.5001925322876439,0.4140587527014883,0.434235567003469,0.46111965104745234,0.5443390595262413,0.008748652830403473,0.49282489815160035,sample,459,0.5366941838753219,0.5004110986556193,0.41372812376469015,0.43457046764775287,0.4612766442090493,0.5441452173624043,0.009027783599791157,0.4927283527998486,2.427199959737642,2.7394182867913117,1.044740586883651,0.42409538657461926,0.011202905031183158,3.675985357327133,0.028361618635302316,1.547951773371404
D_W,dw,93,93,0.01,0.02,512,512,0,512,,512,512,0,512,0,0.5365644824889114,0.5001925322876439,0.4140587527014883,0.434235567003469,0.46111965104745234,0.5443390595262413,0.008748652830403473,0.49282489815160035,sample,460,0.5364811270238657,0.5002254054990745,0.41431431899075577,0.434020739799065,0.461216408870664,0.5444029130304749,0.00838372652740179,0.492635657603622,2.4189496430512194,2.7390756118457458,1.0450826851394017,0.42682252566138174,0.006178609301700878,3.673004327339869,0.02633825366819133,1.5476605628239155
D_W,dw,93,93,0.01,0.02,512,512,0,512,,512,512,0,512,0,0.5365644824889114,0.5001925322876439,0.4140587527014883,0.434235567003469,0.46111965104745234,0.5443390595262413,0.008748652830403473,0.49282489815160035,sample,461,0.5377011976467194,0.5003241567886124,0.4151583206651021,0.43617018543461167,0.4611039978763019,0.5429824121734412,0.009046858503906356,0.49286401975787875,2.406342999055231,2.7234157840024373,1.048934186954318,0.41593223485294356,0.008597838298988658,3.6888737086293895,0.028421544213938554,1.5483779836900866
D_W,dw,93,93,0.01,0.02,512,512,0,512,,512,512,0,512,0,0.5365644824889114,0.5001925322876439,0.4140587527014883,0.434235567003469,0.46111965104745234,0.5443390595262413,0.008748652830403473,0.49282489815160035,sample,462,0.5365037258788374,0.5002706728534759,0.413863992466819,0.434256272707518,0.46096184850564564,0.5442808097204705,0.008984583090877353,0.49269803735126527,2.4265266274544706,2.7407360077754355,1.0458616832980328,0.4262212247776651,0.007414801817474815,3.6774355304530912,0.02822590023386737,1.5478565345808444
D_W,dw,93,93,0.01,0.02,512,512,0,512,,512,512,0,512,0,0.5365644824889114,0.5001925322876439,0.4140587527014883,0.434235567003469,0.46111965104745234,0.5443390595262413,0.008748652830403473,0.49282489815160035,sample,463,0.5368774538499936,0.5002254730025387,0.414210107775279,0.4342573931223776,0.46126169670632267,0.544493123761687,0.008605364369293872,0.49298454030743427,2.4208917910038297,2.735607834946287,1.0429101021778715,0.426095078757746,0.006114039053360525,3.674064283315196,0.027034549484036993,1.5487566101631767
D_W,dw,93,93,0.01,0.02,512,512,0,512,,512,512,0,512,0,0.5365644824889114,0.5001925322876439,0.4140587527014883,0.434235567003469,0.46111965104745234,0.5443390595262413,0.008748652830403473,0.49282489815160035,sample,464,0.5368882545334226,0.5003268577846729,0.41443872834186823,0.43401461432773036,0.46047849801478613,0.5439052372376018,0.008710612734450807,0.49307765438377205,2.4217806051470996,2.7345248453506987,1.0521068008172976,0.42722145576600756,0.008860523085659867,3.681234776649061,0.027365196974816354,1.5490491366613452
D_W,dw,93,93,0.01,0.02,512,512,0,512,,512,512,0,512,0,0.5365644824889114,0.5001925322876439,0.4140587527014883,0.434235567003469,0.46111965104745234,0.5443390595262413,0.008748652830403473,0.49282489815160035,sample,465,0.5360431194881469,0.5003917761514384,0.41430417358249083,0.43347014552297813,0.4610051569042165,0.5424704947313558,0.008570588396615408,0.4929733734557657,2.42409090263658,2.74343903456663,1.0673867822771859,0.42467769021011664,0.010869223550368907,3.6717478324314192,0.02692529754374889,1.548721528464011
D_W,dw,93,93,0.01,0.02,512,512,0,512,,512,512,0,512,0,0.5365644824889114,0.5001925322876439,0.4140587527014883,0.434235567003469,0.46111965104745234,0.5443390595262413,0.008748652830403473,0.49282489815160035,sample,466,0.5372464606224024,0.4999502509815012,0.4145227644918451,0.4343912775318473,0.46217196035542896,0.5432202037173934,0.008873673332850638,0.4932007116186775,2.417221099904544,2.73065408767001,1.0522049502170883,0.4206280393413418,6.281849636941847,3.664606241555577,0.02787746695283922,1.5494357323664953
D_W,dw,93,93,0.01,0.02,512,512,0,512,,512,512,0,512,0,0.5365644824889114,0.5001925322876439,0.4140587527014883,0.434235567003469,0.46111965104745234,0.5443390595262413,0.008748652830403473,0.49282489815160035,sample,467,0.5362204933278459,0.5005005967061429,0.4150106520149719,0.43417603321063786,0.46120025712314594,0.5439397087100528,0.00901493518144146,0.4925571312490322,2.406694988782694,2.7386911743900315,1.0489129919416196,0.4251801312055029,0.013819934241483782,3.674216492759889,0.028321254138604663,1.5474138650052232
D_W,dw,93,93,0.01,0.02,512,512,0,512,,512,512,0,512,0,0.5365644824889114,0.5001925322876439,0.4140587527014883,0.434235567003469,0.46111965104745234,0.5443390595262413,0.008748652830403473,0.49282489815160035,sample,468,0.5383331405734145,0.5004781384816224,0.4133503280135627,0.43405652522989124,0.4614494446560714,0.5438643711542868,0.008912858621786987,0.4929686217325936,2.440805084136878,2.725054563716719,1.0495237712082117,0.42490250154006853,0.01247259369432585,3.6706116586501256,0.02800057116869045,1.5487066004854018
D_W,dw,93,93,0.01,0.02,512,512,0,512,,512,512,0,512,0,0.5365644824889114,0.5001925322876439,0.4140587527014883,0.434235567003469,0.46111965104745234,0.5443390595262413,0.008748652830403473,0.49282489815160035,sample,469,0.5358366820939878,0.4997752791943502,0.41440947757731755,0.43495119876818306,0.46073781242605627,0.5433422725155899,0.008553341081048578,0.49243732548648594,2.4174586581490285,2.7450639293840227,1.0523898422725086,0.4219527490464409,6.276914697091556,3.6846407117388167,0.026871113503869993,1.54703748410175
D_W,dw,93,93,0.01,0.02,512,512,0,512,,512,512,0,512,0,0.5365644824889114,0.5001925322876439,0.4140587527014883,0.434235567003469,0.46111965104745234,0.5443390595262413,0.008748652830403473,0.49282489815160035,sample,470,0.5356009261596774,0.5003184135120867,0.4146851868390664,0.43454480100989834,0.46186799157780656,0.5440685147448452,0.008143963687888939,0.49254750457171675,2.4065422003005654,2.7462572330948523,1.0439086847800163,0.42275296264800977,0.008943728615874873,3.6690947915303584,0.02558501649297393,1.5473836219064905
D_W,dw,93,93,0.01,0.02,512,512,0,512,,512,512,0,512,0,0.5365644824889114,0.5001925322876439,0.4140587527014883,0.434235567003469,0.46111965104745234,0.5443390595262413,0.008748652830403473,0.49282489815160035,sample,471,0.536841159557239,0.4990655661762834,0.41385289570334804,0.43407885607883456,0.46169038475645696,0.5436826231168632,0.008606723245422339,0.4930659705588707,2.4306601399132983,2.737359869148485,1.0505204658348928,0.4238778653121756,6.257826889294072,3.668031349963369,0.02703881851929932,1.5490124308428694
D_W,dw,93,93,0.01,0.02,512,512,0,512,,512,512,0,512,0,0.5365644824889114,0.5001925322876439,0.4140587527014883,0.434235567003469,0.46111965104745234,0.5443390595262413,0.008748652830403473,0.49282489815160035,sample,472,0.5361048298353572,0.49977959996694005,0.41422035378894356,0.43501144238873046,0.46084239592330256,0.5448024369546767,0.008384542986321087,0.4929412037299172,2.4176319091209595,2.743191449711057,1.0374014755127607,0.4250481135283797,6.277080935646926,3.6838709187910754,0.026340818649534154,1.5486204642896173
D_W,dw,93,93,0.01,0.02,512,512,0,512,,512,512,0,512,0,0.5365644824889114,0.5001925322876439,0.4140587527014883,0.434235567003469,0.46111965104745234,0.5443390595262413,0.008748652830403473,0.49282489815160035,sample,473,0.5368504586982077,0.5002121301532576,0.41405454825901133,0.43462302955790455,0.4608478907722094,0.5445670860993872,0.008914215738194233,0.4933750778724071,2.42342914180284,2.7365307824232543,1.0415985555979639,0.4258458852957736,0.005756449652120787,3.681178638718585,0.028004834675625517,1.5499835201082461
D_W,dw,93,93,0.01,0.02,512,512,0,512,,512,512,0,512,0,0.5365644824889114,0.5001925322876439,0.4140587527014883,0.434235567003469,0.46111965104745234,0.5443390595262413,0.008748652830403473,0.49282489815160035,sample,474,0.5369042204511429,0.5012138353069142,0.41304032830411186,0.4346167273911927,0.4613945690618056,0.5436917854452628,0.008851914690784644,0.49287910600417356,2.437447287874956,2.740050132572223,1.048644532711958,0.42258385491651224,0.032879650249774094,3.674959113352518,0.027809110162772602,1.5484253785306166
D_W,dw,93,93,0.01,0.02,512,512,0,512,,512,512,0,512,0,0.5365644824889114,0.5001925322876439,0.4140587527014883,0.434235567003469,0.46111965104745234,0.5443390595262413,0.008748652830403473,0.49282489815160035,sample,475,0.5365814685500683,0.500385647254311,0.41430869855543634,0.4342631333906618,0.46138475799269457,0.5443300575906437,0.008806984120470835,0.49236771146579306,2.4177469410878,2.7380951870516514,1.0441227451341943,0.42541851327088415,0.010541757452713739,3.6727118365840346,0.02766795661315314,1.5468187852057544
D_W,dw,93,93,0.01,0.02,512,512,0,512,,512,512,0,512,0,0.5365644824889114,0.5001925322876439,0.4140587527014883,0.434235567003469,0.46111965104745234,0.5443390595262413,0.008748652830403473,0.49282489815160035,sample,476,0.5363494802759451,0.5001692185421492,0.4138865153031017,0.434105842103309,0.46135732147531255,0.5441181138822039,0.008522232650211577,0.4931043764330529,2.425398057047308,2.7421673685957138,1.0470518749390656,0.42553002918817,0.00465528856105756,3.671978604502807,0.02677338348608776,1.5491330864550548
D_W,dw,93,93,0.01,0.02,512,512,0,512,,512,512,0,512,0,0.5365644824889114,0.5001925322876439,0.4140587527014883,0.434235567003469,0.46111965104745234,0.5443390595262413,0.008748652830403473,0.49282489815160035,sample,477,0.5350237102552766,0.500100070146998,0.4143987731061299,0.4344366328210028,0.46207185674713275,0.5452694916056835,0.008176575449564502,0.4922145859936585,2.4069181453026722,2.7532222039097074,1.0320938694392174,0.42565910113330513,0.0028572037044942854,3.6660502734807063,0.0256874693638745,1.546337727347419
D_W,dw,93,93,0.01,0.02,512,512,0,512,,512,512,0,512,0,0.5365644824889114,0.5001925322876439,0.4140587527014883,0.434235567003469,0.46111965104745234,0.5443390595262413,0.008748652830403473,0.49282489815160035,sample,478,0.5360479332273466,0.5001646338665313,0.41404499275857193,0.4346285471051712,0.46161501612718864,0.5443561730210609,0.008375570322335336,0.4929964225669753,2.4187128872509787,2.7444868808508183,1.041395071355636,0.4236831719517399,0.00456705023419478,3.6725343301202753,0.02631263019427339,1.5487939393824588
D_W,dw,93,93,0.01,0.02,512,512,0,512,,512,512,0,512,0,0.5365644824889114,0.5001925322876439,0.4140587527014883,0.434235567003469,0.46111965104745234,0.5443390595262413,0.008748652830403473,0.49282489815160035,sample,479,0.5359501017717253,0.5001290597484082,0.41357015682869175,0.4343471281860772,0.4606000012837483,0.5439760601571435,0.008703914806566891,0.4925992175420774,2.4313975320166246,2.747413916662998,1.0494582760889544,0.42593582497204374,0.0035899535082419003,3.682104833463772,0.02734415481378197,1.5475460829942707
D_W,dw,93,93,0.01,0.02,512,512,0,512,,512,512,0,512,0,0.5365644824889114,0.5001925322876439,0.4140587527014883,0.434235567003469,0.46111965104745234,0.5443390595262413,0.008748652830403473,0.49282489815160035,sample,480,0.5369328015770817,0.4998721534329368,0.413882333923688,0.43438873898877994,0.4607564384286216,0.5444248492983729,0.00869123077870649,0.4925821691285624,2.4288175966251795,2.7364512091419715,1.0444030805483722,0.42653385244877967,6.27972372151698,3.6806303845425665,0.027304306765037804,1.5474925238236166
D_W,dw,93,93,0.01,0.02,512,512,0,512,,512,512,0,512,0,0.5365644824889114,0.5001925322876439,0.4140587527014883,0.434235567003469,0.46111965104745234,0.5443390595262413,0.008748652830403473,0.49282489815160035,sample,481,0.5365299860542562,0.5003371638482259,0.4135944777123477,0.43316690283032666,0.4610004575500561,0.5440788455343303,0.008396540969424082,0.4929223111898851,2.43466737350464,2.7415938994221305,1.052997224132621,0.4295810283802233,0.009229521029904856,3.669818571899654,0.026378511425108414,1.548561111624645
D_W,dw,93,93,0.01,0.02,512,512,0,512,,512,512,0,512,0,0.5365644824889114,0.5001925322876439,0.4140587527014883,0.434235567003469,0.46111965104745234,0.5443390595262413,0.008748652830403473,0.49282489815160035,sample,482,0.5371894481843775,0.5007152857343724,0.4145013213378584,0.4348571945460167,0.4620127882583557,0.544647979674172,0.009165557053175835,0.4925388494378211,2.4112261630671483,2.731239213684664,1.0362261899763086,0.42274163236954115,0.01923119559325354,3.6695209644176576,0.028794446704315316,1.547356431001428
D_W,dw,93,93,0.01,0.02,512,512,0,512,,512,512,0,512,0,0.5365644824889114,0.5001925322876439,0.4140587527014883,0.434235567003469,0.46111965104745234,0.5443390595262413,0.008748652830403473,0.49282489815160035,sample,483,0.5352508583197388,0.5012528600210694,0.41416106145656134,0.4369908719155307,0.46140835752711623,0.543230569966218,0.008059649321095515,0.49255368722601867,2.4068533660574025,2.751706291278705,1.0414189921581567,0.41294847145079683,0.03552630915704171,3.691135950010445,0.025320135097663635,1.547403045287825
D_W,dw,93,93,0.01,0.02,512,512,0,512,,512,512,0,512,0,0.5365644824889114,0.5001925322876439,0.4140587527014883,0.434235567003469,0.46111965104745234,0.5443390595262413,0.008748652830403473,0.49282489815160035,sample,484,0.5363561987305274,0.5003590091499108,0.4140079771513455,0.4342840047512225,0.461208658037652,0.5445143497966204,0.008928773145194871,0.4931639578248178,2.4220054679545986,2.741581533973536,1.042725474451711,0.4261634192668476,0.009874450410164366,3.6748401288834898,0.028050568118514037,1.5493202669177142
D_W,dw,93,93,0.01,0.02,512,512,0,512,,512,512,0,512,0,0.5365644824889114,0.5001925322876439,0.4140587527014883,0.434235567003469,0.46111965104745234,0.5443390595262413,0.008748652830403473,0.49282489815160035,sample,485,0.537351619310778,0.5009516431191354,0.41407440950192315,0.4331432348380015,0.45530355026712055,0.5471228283964775,0.009354934752791106,0.49295260119842543,2.4420949856350855,2.731418451108178,1.0407725474058578,0.44963153501926933,0.025472450849236876,3.7308913480576713,0.029389394294180388,1.5486562704929523
D_W,dw,93,93,0.01,0.02,512,512,0,512,,512,512,0,512,0,0.5365644824889114,0.5001925322876439,0.4140587527014883,0.434235567003469,0.46111965104745234,0.5443390595262413,0.008748652830403473,0.49282489815160035,sample,486,0.5368126964582718,0.5000502879802211,0.4138106614512197,0.434413446183222,0.461319064894075,0.5438376022606715,0.008432890582068463,0.492672853665736,2.428307356247114,2.737932226826541,1.0484176748369123,0.4238271037228515,0.0013660490477103529,3.6744556073840036,0.026492707101152837,1.5477774176993953
D_W,dw,93,93,0.01,0.02,512,512,0,512,,512,512,0,512,0,0.5365644824889114,0.5001925322876439,0.4140587527014883,0.434235567003469,0.46111965104745234,0.5443390595262413,0.008748652830403473,0.49282489815160035,sample,487,0.5368288415090875,0.5006827529864559,0.4137140071556401,0.4342954162081262,0.4614061472740293,0.5443449577576391,0.008351112146800621,0.4925555044147198,2.427191252848374,2.7381169347394154,1.0437561773244326,0.4252934155324574,0.01853641762798301,3.672684389324458,0.026235792569693318,1.5474087541544985
D_W,dw,93,93,0.01,0.02,512,512,0,512,,512,512,0,512,0,0.5365644824889114,0.5001925322876439,0.4140587527014883,0.434235567003469,0.46111965104745234,0.5443390595262413,0.008748652830403473,0.49282489815160035,sample,488,0.5368791425103493,0.5001638544440319,0.4142877873833976,0.4342867291351197,0.460978860487171,0.5440840202423679,0.008607263461012768,0.4924860545479075,2.4216032625441173,2.735265639922204,1.0475937314598391,0.425600551700946,0.004442981986834044,3.6774476004411127,0.02704051565662957,1.5471905709631284
D_W,dw,93,93,0.01,0.02,512,512,0,512,,512,512,0,512,0,0.5365644824889114,0.5001925322876439,0.4140587527014883,0.434235567003469,0.46111965104745234,0.5443390595262413,0.008748652830403473,0.49282489815160035,sample,489,0.5366704423688622,0.5001838094078103,0.413811313615732,0.4342043581550959,0.46086168155355123,0.5444720210608056,0.00843703586504848,0.4928635025810834,2.4282859942396557,2.7393219885438946,1.0445350639073623,0.4270837689191721,0.005012425718540665,3.6782143243097574,0.02650572989170991,1.5483763589312658
D_W,dw,93,93,0.01,0.02,512,512,0,512,,512,512,0,512,0,0.5365644824889114,0.5001925322876439,0.4140587527014883,0.434235567003469,0.46111965104745234,0.5443390595262413,0.008748652830403473,0.49282489815160035,sample,490,0.5368655528900693,0.49997411332330577,0.41361494066332294,0.4354432345078653,0.4611374282936777,0.5450292573551477,0.008519234381179377,0.49288660396200945,2.4266049345938594,2.7382334486073296,1.032152257866875,0.42344159953630245,6.282483115827222,3.6834746099706104,0.026763964146122716,1.5484489340598706
D_W,dw,93,93,0.01,0.02,512,512,0,512,,512,512,0,512,0,0.5365644824889114,0.5001925322876439,0.4140587527014883,0.434235567003469,0.46111965104745234,0.5443390595262413,0.008748652830403473,0.49282489815160035,sample,491,0.5363219405065313,0.500267671827549,0.41411202268237757,0.43435543760819034,0.46110883291712923,0.5442133204298816,0.009028785823599665,0.4930300194682409,2.421236012977584,2.741493168188659,1.0456131169583345,0.4253890465624088,0.0073692919035158256,3.6764427075253043,0.02836476721425638,1.5488994871606583
D_W,dw,93,93,0.01,0.02,512,512,0,512,,512,512,0,512,0,0.5365644824889114,0.5001925322876439,0.4140587527014883,0.434235567003469,0.46111965104745234,0.5443390595262413,0.008748652830403473,0.49282489815160035,sample,492,0.5364776827935511,0.500293305244783,0.41392398106290196,0.4342100919365168,0.46103453251209336,0.5442511984456181,0.0088124083927158,0.49246158530351736,2.42537410942933,2.7407403810754634,1.046166745295238,0.42616070670216993,0.008040503167864864,3.6763098272260537,0.027684997466988992,1.5471136985647134
D_W,dw,93,93,0.01,0.02,512,512,0,512,,512,512,0,512,0,0.5365644824889114,0.5001925322876439,0.4140587527014883,0.434235567003469,0.46111965104745234,0.5443390595262413,0.008748652830403473,0.49282489815160035,sample,493,0.5364377473468399,0.5001980329954588,0.41396688340217497,0.4340843995334151,0.4610404592326826,0.5442958374186514,0.00905099160867408,0.49288992795071823,2.425096718004779,2.740961070051138,1.0463254369213684,0.42670761422498965,0.005434777397625328,3.6754066864791195,0.028434528745513353,1.5484593766783787
D_W,dw,93,93,0.01,0.02,512,512,0,512,,512,512,0,512,0,0.5365644824889114,0.5001925322876439,0.4140587527014883,0.434235567003469,0.46111965104745234,0.5443390595262413,0.008748652830403473,0.49282489815160035,sample,494,0.5369148036666154,0.5001368128893489,0.41402487493723306,0.4340954135366349,0.460990873749094,0.5451221685684896,0.008823597306816986,0.49249144761978536,2.424327407751644,2.7360272150601235,1.0383673975154366,0.4287830665126016,0.0037061625514691857,3.6760372472954,0.027720148477330925,1.54720751379812
D_W,dw,93,93,0.01,0.02,512,512,0,512,,512,512,0,512,0,0.5365644824889114,0.5001925322876439,0.4140587527014883,0.434235567003469,0.46111965104745234,0.5443390595262413,0.008748652830403473,0.49282489815160035,sample,495,0.5370259942928999,0.49968473493523125,0.41346097092959333,0.4348941522201773,0.46040999243816716,0.544451082714847,0.008858676651658747,0.49272100605232544,2.436006922040842,2.737294755613635,1.0427000372333042,0.42553916798132035,6.27467081750251,3.6879371325680514,0.027830353489378547,1.5479286928833575
D_W,dw,93,93,0.01,0.02,512,512,0,512,,512,512,0,512,0,0.5365644824889114,0.5001925322876439,0.4140587527014883,0.434235567003469,0.46111965104745234,0.5443390595262413,0.008748652830403473,0.49282489815160035,sample,496,0.5360689121973505,0.5000318669016599,0.41403445527153376,0.434179080093592,0.46106151807713,0.5442387513004904,0.008945676637673147,0.49294731255870733,2.4229561732282328,2.7443266528014862,1.0463620516281225,0.42618467009607275,0.0008835002617785442,3.675799572720893,0.028103672006303797,1.5486396557412665
D_W,dw,93,93,0.01,0.02,512,512,0,512,,512,512,0,512,0,0.5365644824889114,0.5001925322876439,0.4140587527014883,0.434235567003469,0.46111965104745234,0.5443390595262413,0.008748652830403473,0.49282489815160035,sample,497,0.536834749430952,0.5001876627457932,0.41409251606144515,0.43437141554536235,0.46124119151442233,0.5439125512481603,0.009068437822174284,0.49263807758068207,2.4237159367036423,2.736526477920836,1.0481090819178487,0.4243242984000004,0.005094676224178583,3.6750555236472446,0.028489337641678554,1.5476681654060693
D_W,dw,93,93,0.01,0.02,512,512,0,512,,512,512,0,512,0,0.5365644824889114,0.5001925322876439,0.4140587527014883,0.434235567003469,0.46111965104745234,0.5443390595262413,0.008748652830403473,0.49282489815160035,sample,498,0.5367737353342283,0.5001575904401901,0.41400999511082903,0.4341749995822244,0.4610444690690207,0.5439850659444578,0.008674615303662729,0.49317200657083987,2.426063125119902,2.73747517660127,1.0489200122432596,0.4256242239052496,0.0042853812392783,3.675964251293955,0.02725210771070442,1.5493455527990878
D_W,dw,93,93,0.01,0.02,512,512,0,512,,512,512,0,512,0,0.5365644824889114,0.5001925322876439,0.4140587527014883,0.434235567003469,0.46111965104745234,0.5443390595262413,0.008748652830403473,0.49282489815160035,sample,499,0.5360699122341784,0.49993355763718716,0.4139555693429976,0.43450642227708636,0.4612613908827808,0.5444028354052459,0.008547897148402957,0.49321676114731333,2.4223763481822806,2.744643433130279,1.0425702319723542,0.42498272653421754,6.281343265335056,3.6757291851593314,0.02685401088506387,1.5494861534477513
D_W,dw,93,93,0.01,0.02,512,512,0,512,,512,512,0,512,0,0.5365644824889114,0.5001925322876439,0.4140587527014883,0.434235567003469,0.46111965104745234,0.5443390595262413,0.008748652830403473,0.49282489815160035,sample,500,0.5360151685167283,0.500287424494808,0.41518024254150987,0.4342850804700439,0.4617118485025053,0.5447980949740261,0.008909854977268216,0.4924674276625502,2.399850767081855,2.740042415248071,1.0384903837385098,0.4257923708234645,0.007980481690923082,3.66914976270962,0.02799113494113628,1.5471320528769306
D_W,dw,93,93,0.01,0.02,512,512,0,512,,512,512,0,512,0,0.5365644824889114,0.5001925322876439,0.4140587527014883,0.434235567003469,0.46111965104745234,0.5443390595262413,0.008748652830403473,0.49282489815160035,sample,501,0.5365793400155335,0.5003262788298173,0.41373784153043425,0.43420240049500874,0.4609561791446934,0.5444350508426304,0.008803335364774513,0.4924613887622024,2.4285221288590155,2.740513902592703,1.0446319087637044,0.42679988348553616,0.008919520607871455,3.6771397435949136,0.027656493709062833,1.5471130811119622
D_W,dw,93,93,0.01,0.02,512,512,0,512,,512,512,0,512,0,0.5365644824889114,0.5001925322876439,0.4140587527014883,0.434235567003469,0.46111965104745234,0.5443390595262413,0.008748652830403473,0.49282489815160035,sample,502,0.5367904606672197,0.5004650612124464,0.4141129500244151,0.43380770339715985,0.4608317125900727,0.5435391707962821,0.008426723942949636,0.49259560151720155,2.426557673093178,2.7368517273775232,1.0556876866661389,0.4263366551858049,0.012640136482826858,3.6759126575109202,0.02647333403299979,1.5475347229170855
D_W,dw,93,93,0.01,0.02,512,512,0,512,,512,512,0,512,0,0.5365644824889114,0.5001925322876439,0.4140587527014883,0.434235567003469,0.46111965104745234,0.5443390595262413,0.008748652830403473,0.49282489815160035,sample,503,0.5367148242262146,0.5003618498503852,0.41333185884820217,0.4347195082343509,0.46108040466367123,0.5447195470570513,0.00889458992306021,0.4932983955497428,2.4327227655246437,2.7408694542594976,1.0389491914979618,0.4253771828186664,0.00985536885029285,3.6792061879365763,0.027943178358979758,1.549742615486704
D_W,dw,93,93,0.01,0.02,512,512,0,512,,512,512,0,512,0,0.5365644824889114,0.5001925322876439,0.4140587527014883,0.434235567003469,0.46111965104745234,0.5443390595262413,0.008748652830403473,0.49282489815160035,sample,504,0.5367935484639025,0.5005428418760265,0.4146198770073711,0.43449164813940283,0.46106340777059135,0.5443258689126887,0.008753836284411835,0.4931155210645882,2.4134494269659976,2.734663594700699,1.0439741874422965,0.42526966783489617,0.014752654109283002,3.6778665985218324,0.02750098776183599,1.5491680983476133
D_W,dw,93,93,0.01,0.02,512,512,0,512,,512,512,0,512,0,0.5365644824889114,0.5001925322876439,0.4140587527014883,0.434235567003469,0.46111965104745234,0.5443390595262413,0.008748652830403473,0.49282489815160035,sample,505,0.5363668244689006,0.49963877830412284,0.41377141242380244,0.4347991653820941,0.4611549333995409,0.5444078735608434,0.008789922992149913,0.4926271089849339,2.426595153611955,2.7424611511043246,1.0413893819234268,0.4241728828566984,6.273252908005524,3.678900190292549,0.027614357497758178,1.5476337065462467
D_W,dw,93,93,0.01,0.02,512,512,0,512,,512,512,0,512,0,0.5365644824889114,0.5001925322876439,0.4140587527014883,0.434235567003469,0.46111965104745234,0.5443390595262413,0.008748652830403473,0.49282489815160035,sample,506,0.5364631203185332,0.5004521474702038,0.41399295490803695,0.434445664949547,0.46118406282855134,0.544373505487458,0.008957210221310526,0.49263048482218885,2.422235534817313,2.74057980166984,1.0433816012072974,0.42529349031601693,0.012399495540622113,3.676196807505948,0.028139905827928552,1.5476443120517667
D_W,dw,93,93,0.01,0.02,512,512,0,512,,512,512,0,512,0,0.5365644824889114,0.5001925322876439,0.4140587527014883,0.434235567003469,0.46111965104745234,0.5443390595262413,0.008748652830403473,0.49282489815160035,sample,507,0.5366225493404669,0.5001544236184009,0.4137287526321028,0.4344647870455555,0.4614331993843302,0.5447097977636084,0.009097317126318392,0.4930414649767432,2.4261950467756455,2.740138413209064,1.039270740214796,0.4255170045463418,0.004216601683318149,3.6735057375353146,0.02858006465141847,1.5489354442860859
D_W,dw,93,93,0.01,0.02,512,512,0,512,,512,512,0,512,0,0.5365644824889114,0.5001925322876439,0.4140587527014883,0.434235567003469,0.46111965104745234,0.5443390595262413,0.008748652830403473,0.49282489815160035,sample,508,0.5360307029113369,0.4995166797314484,0.4142026491527886,0.43498567833093194,0.46080501982074823,0.5446755366887126,0.008927541416415705,0.4934977336097705,2.4189107623283137,2.7439740043504495,1.0388807436987548,0.42490912337640196,6.269771989001141,3.6841174757278785,0.028046698528430194,1.5503688544716678
D_W,dw,93,93,0.01,0.02,512,512,0,512,,512,512,0,512,0,0.5365644824889114,0.5001925322876439,0.4140587527014883,0.434235567003469,0.46111965104745234,0.5443390595262413,0.008748652830403473,0.49282489815160035,sample,509,0.5360745888316762,0.500816899919667,0.41480726518506705,0.43315560317525825,0.46075065760490536,0.5434541968457702,0.00851053750734271,0.4928045437611217,2.4146471701794683,2.7409462908791613,1.0598622224057839,0.42866949307236296,0.022640877078460277,3.672528449452613,0.026736642111168246,1.5481911343356096
D_W,dw,93,93,0.01,0.02,512,512,0,512,,512,512,0,512,0,0.5365644824889114,0.5001925322876439,0.4140587527014883,0.434235567003469,0.46111965104745234,0.5443390595262413,0.008748652830403473,0.49282489815160035,sample,510,0.5364121910992871,0.5001940251617276,0.4133074753946371,0.4336833931026779,0.46077379144919844,0.5433771616242877,0.008181221486655609,0.49244286694990247,2.439933936255515,2.743946544847,1.0580425909962576,0.42652577846080997,0.005328526505413779,3.6757379907149863,0.025702065319868225,1.5470548931225094
D_W,dw,93,93,0.01,0.02,512,512,0,512,,512,512,0,512,0,0.5365644824889114,0.5001925322876439,0.4140587527014883,0.434235567003469,0.46111965104745234,0.5443390595262413,0.008748652830403473,0.49282489815160035,sample,511,0.5363481287632947,0.4991485443669426,0.41329244189995235,0.43406596947596665,0.4614654314885501,0.5439779743910711,0.008304601671679884,0.49288797635951603,2.437893764216367,2.74454394721172,1.0483142251149031,0.42510785430833153,6.259764570732123,3.6704933501747927,0.02608967560273904,1.5484532455737952
