objective_name,objective_file_tag,local_minimum_index,local_minimum_id,selection_absolute_threshold,contour_delta,configured_direction_count,target_success_count,previous_success_count,added_success_count,previous_output_variant,initial_success_count,attempted_direction_count,replacement_direction_count,contour_point_count,domain_boundary_point_count,center_u0,center_u1,center_u2,center_u3,center_u4,center_u5,center_u6,center_u7,record_type,contour_sample_id,u0,u1,u2,u3,u4,u5,u6,u7,sqrt_s,theta_p_out,theta_gamma_out,qOut,phi_p_out,phi_gamma_out,alpha_e,alpha_p
D_W,dw,143,143,0.01,0.02,512,512,0,512,,512,512,0,512,0,0.46307764862694256,0.4786087436865707,0.4065123919634741,0.5367907896667948,0.6101864265959359,0.43721846443525775,0.49152555331874165,0.011685685129737933,minimum,,,,,,,,,,,,,,,,,
D_W,dw,143,143,0.01,0.02,512,512,0,512,,512,512,0,512,0,0.46307764862694256,0.4786087436865707,0.4065123919634741,0.5367907896667948,0.6101864265959359,0.43721846443525775,0.49152555331874165,0.011685685129737933,sample,0,0.46414088104881757,0.4786087436865707,0.4065123919634741,0.5367907896667948,0.6101864265959359,0.43721846443525775,0.49152555331874165,0.011685685129737933,3.3161559289240623,2.7215410360671752,2.0662742995525982,0.6369684426735834,3.6794612212510094,1.2485396002098443,1.544173067357817,0.03671166255574818
D_W,dw,143,143,0.01,0.02,512,512,0,512,,512,512,0,512,0,0.46307764862694256,0.4786087436865707,0.4065123919634741,0.5367907896667948,0.6101864265959359,0.43721846443525775,0.49152555331874165,0.011685685129737933,sample,1,0.46307764862694256,0.47994465066899256,0.4065123919634741,0.5367907896667948,0.6101864265959359,0.43721846443525775,0.49152555331874165,0.011685685129737933,3.3218318068199393,2.7191999838593133,2.0662742995525982,0.6369684426735834,3.6391819139647357,1.2485396002098443,1.544173067357817,0.03671166255574818
D_W,dw,143,143,0.01,0.02,512,512,0,512,,512,512,0,512,0,0.46307764862694256,0.4786087436865707,0.4065123919634741,0.5367907896667948,0.6101864265959359,0.43721846443525775,0.49152555331874165,0.011685685129737933,sample,2,0.46307764862694256,0.4786087436865707,0.40919595519589597,0.5367907896667948,0.6101864265959359,0.43721846443525775,0.49152555331874165,0.011685685129737933,3.276905038959679,2.7022906728557192,2.0662742995525982,0.6369684426735834,3.666695850605188,1.2485396002098443,1.544173067357817,0.03671166255574818
D_W,dw,143,143,0.01,0.02,512,512,0,512,,512,512,0,512,0,0.46307764862694256,0.4786087436865707,0.4065123919634741,0.5367907896667948,0.6101864265959359,0.43721846443525775,0.49152555331874165,0.011685685129737933,sample,3,0.46307764862694256,0.4786087436865707,0.4065123919634741,0.5477652159363261,0.6101864265959359,0.43721846443525775,0.49152555331874165,0.011685685129737933,3.3304151715863175,2.7133971458595663,2.0524935923744345,0.6536985134116832,3.666695850605188,1.1617527721778065,1.544173067357817,0.03671166255574818
D_W,dw,143,143,0.01,0.02,512,512,0,512,,512,512,0,512,0,0.46307764862694256,0.4786087436865707,0.4065123919634741,0.5367907896667948,0.6101864265959359,0.43721846443525775,0.49152555331874165,0.011685685129737933,sample,4,0.46307764862694256,0.4786087436865707,0.4065123919634741,0.5367907896667948,0.6153936409514047,0.43721846443525775,0.49152555331874165,0.011685685129737933,3.347983163807083,2.7133971458595663,2.0490204616387393,0.65807452772779,3.666695850605188,1.2621563601664507,1.544173067357817,0.03671166255574818
D_W,dw,143,143,0.01,0.02,512,512,0,512,,512,512,0,512,0,0.46307764862694256,0.4786087436865707,0.4065123919634741,0.5367907896667948,0.6101864265959359,0.43721846443525775,0.49152555331874165,0.011685685129737933,sample,5,0.46307764862694256,0.4786087436865707,0.4065123919634741,0.5367907896667948,0.6101864265959359,0.44833327156416397,0.49152555331874165,0.011685685129737933,3.2455362801982144,2.7133971458595663,1.98928845614858,0.6132931178546293,3.666695850605188,1.2485396002098443,1.544173067357817,0.03671166255574818
D_W,dw,143,143,0.01,0.02,512,512,0,512,,512,512,0,512,0,0.46307764862694256,0.4786087436865707,0.4065123919634741,0.5367907896667948,0.6101864265959359,0.43721846443525775,0.49152555331874165,0.011685685129737933,sample,6,0.46307764862694256,0.4786087436865707,0.4065123919634741,0.5367907896667948,0.6101864265959359,0.43721846443525775,0.49183866367030415,0.011685685129737933,3.3204745380796674,2.7133971458595663,2.0662742995525982,0.6369684426735834,3.666695850605188,1.2485396002098443,1.5451567325380486,0.03671166255574818
D_W,dw,143,143,0.01,0.02,512,512,0,512,,512,512,0,512,0,0.46307764862694256,0.4786087436865707,0.4065123919634741,0.5367907896667948,0.6101864265959359,0.43721846443525775,0.49152555331874165,0.011685685129737933,sample,7,0.46307764862694256,0.4786087436865707,0.4065123919634741,0.5367907896667948,0.6101864265959359,0.43721846443525775,0.49152555331874165,0.013506211252784808,3.3204745380796674,2.7133971458595663,2.0662742995525982,0.6369684426735834,3.666695850605188,1.2485396002098443,1.544173067357817,0.04243101404958055
D_W,dw,143,143,0.01,0.02,512,512,0,512,,512,512,0,512,0,0.46307764862694256,0.4786087436865707,0.4065123919634741,0.5367907896667948,0.6101864265959359,0.43721846443525775,0.49152555331874165,0.011685685129737933,sample,8,0.46196223114647383,0.4786087436865707,0.4065123919634741,0.5367907896667948,0.6101864265959359,0.43721846443525775,0.49152555331874165,0.011685685129737933,3.325178237051401,2.704855330159643,2.0662742995525982,0.6369684426735834,3.653882480752173,1.2485396002098443,1.544173067357817,0.03671166255574818
D_W,dw,143,143,0.01,0.02,512,512,0,512,,512,512,0,512,0,0.46307764862694256,0.4786087436865707,0.4065123919634741,0.5367907896667948,0.6101864265959359,0.43721846443525775,0.49152555331874165,0.011685685129737933,sample,9,0.46307764862694256,0.47705829812993006,0.4065123919634741,0.5367907896667948,0.6101864265959359,0.43721846443525775,0.49152555331874165,0.011685685129737933,3.3192190437477906,2.706356251393354,2.0662742995525982,0.6369684426735834,3.6975629205154603,1.2485396002098443,1.544173067357817,0.03671166255574818
D_W,dw,143,143,0.01,0.02,512,512,0,512,,512,512,0,512,0,0.46307764862694256,0.4786087436865707,0.4065123919634741,0.5367907896667948,0.6101864265959359,0.43721846443525775,0.49152555331874165,0.011685685129737933,sample,10,0.46307764862694256,0.4786087436865707,0.4037360552935522,0.5367907896667948,0.6101864265959359,0.43721846443525775,0.49152555331874165,0.011685685129737933,3.3658973305531488,2.724345549265616,2.0662742995525982,0.6369684426735834,3.666695850605188,1.2485396002098443,1.544173067357817,0.03671166255574818
D_W,dw,143,143,0.01,0.02,512,512,0,512,,512,512,0,512,0,0.46307764862694256,0.4786087436865707,0.4065123919634741,0.5367907896667948,0.6101864265959359,0.43721846443525775,0.49152555331874165,0.011685685129737933,sample,11,0.46307764862694256,0.4786087436865707,0.4065123919634741,0.5264125242859354,0.6101864265959359,0.43721846443525775,0.49152555331874165,0.011685685129737933,3.3167504361547895,2.7133971458595663,2.0767660319212813,0.6248723320558226,3.666695850605188,1.335527835897738,1.544173067357817,0.03671166255574818
D_W,dw,143,143,0.01,0.02,512,512,0,512,,512,512,0,512,0,0.46307764862694256,0.4786087436865707,0.4065123919634741,0.5367907896667948,0.6101864265959359,0.43721846443525775,0.49152555331874165,0.011685685129737933,sample,12,0.46307764862694256,0.4786087436865707,0.4065123919634741,0.5367907896667948,0.6049160408537484,0.43721846443525775,0.49152555331874165,0.011685685129737933,3.293406104547591,2.7133971458595663,2.0848440309192107,0.6159130430846262,3.666695850605188,1.2335257549563081,1.544173067357817,0.03671166255574818
D_W,dw,143,143,0.01,0.02,512,512,0,512,,512,512,0,512,0,0.46307764862694256,0.4786087436865707,0.4065123919634741,0.5367907896667948,0.6101864265959359,0.43721846443525775,0.49152555331874165,0.011685685129737933,sample,13,0.46307764862694256,0.4786087436865707,0.4065123919634741,0.5367907896667948,0.6101864265959359,0.42595579964033586,0.49152555331874165,0.011685685129737933,3.400158756187664,2.7133971458595663,2.1382615992916083,0.6645205074418727,3.666695850605188,1.2485396002098443,1.544173067357817,0.03671166255574818
D_W,dw,143,143,0.01,0.02,512,512,0,512,,512,512,0,512,0,0.46307764862694256,0.4786087436865707,0.4065123919634741,0.5367907896667948,0.6101864265959359,0.43721846443525775,0.49152555331874165,0.011685685129737933,sample,14,0.46307764862694256,0.4786087436865707,0.4065123919634741,0.5367907896667948,0.6101864265959359,0.43721846443525775,0.49119626865077287,0.011685685129737933,3.3204745380796674,2.7133971458595663,2.0662742995525982,0.6369684426735834,3.666695850605188,1.2485396002098443,1.5431385890639864,0.03671166255574818
D_W,dw,143,143,0.01,0.02,512,512,0,512,,512,512,0,512,0,0.46307764862694256,0.4786087436865707,0.4065123919634741,0.5367907896667948,0.6101864265959359,0.43721846443525775,0.49152555331874165,0.011685685129737933,sample,15,0.46307764862694256,0.4786087436865707,0.4065123919634741,0.5367907896667948,0.6101864265959359,0.43721846443525775,0.49152555331874165,0.008925522776222309,3.3204745380796674,2.7133971458595663,2.0662742995525982,0.6369684426735834,3.666695850605188,1.2485396002098443,1.544173067357817,0.02804035678322838
D_W,dw,143,143,0.01,0.02,512,512,0,512,,512,512,0,512,0,0.46307764862694256,0.4786087436865707,0.4065123919634741,0.5367907896667948,0.6101864265959359,0.43721846443525775,0.49152555331874165,0.011685685129737933,sample,16,0.46314258082310444,0.47886655310349346,0.40640458260173845,0.5374249341326331,0.6105640924416595,0.43687475705667667,0.49189102759334247,0.011058983132507142,3.3269621550474717,2.7154699822936714,2.0665462833988677,0.6401334973511674,3.662211464466571,1.2444112074012876,1.545321238653979,0.03474282016525788
D_W,dw,143,143,0.01,0.02,512,512,0,512,,512,512,0,512,0,0.46307764862694256,0.4786087436865707,0.4065123919634741,0.5367907896667948,0.6101864265959359,0.43721846443525775,0.49152555331874165,0.011685685129737933,sample,17,0.462732654471809,0.47843760372674243,0.4067222043988872,0.5367914976665367,0.6104090261978623,0.4368208323481582,0.49176487825442367,0.01153524805677541,3.322247518598185,2.7091460417042366,2.0681570015408335,0.6387786116943879,3.666118372543078,1.2491396078739032,1.5449249288175764,0.03623905055250157
D_W,dw,143,143,0.01,0.02,512,512,0,512,,512,512,0,512,0,0.46307764862694256,0.4786087436865707,0.4065123919634741,0.5367907896667948,0.6101864265959359,0.43721846443525775,0.49152555331874165,0.011685685129737933,sample,18,0.4633522448543954,0.4785848462348192,0.4065008759886941,0.5369287255179118,0.6100514107838365,0.43699918468688087,0.4912447689516379,0.011732300948650253,3.3204126960419975,2.7154399820211976,2.068038179226426,0.6371148167216568,3.670426089485909,1.247044140960836,1.5432909572528808,0.0368581104699842
D_W,dw,143,143,0.01,0.02,512,512,0,512,,512,512,0,512,0,0.46307764862694256,0.4786087436865707,0.4065123919634741,0.5367907896667948,0.6101864265959359,0.43721846443525775,0.49152555331874165,0.011685685129737933,sample,19,0.46341048902285054,0.4785815252624132,0.4064861853223481,0.5372365669714975,0.6103787293901359,0.43775346930886744,0.4912307362796434,0.011484531340351706,3.3171064694552306,2.715930125936418,2.061543884558372,0.637124128055168,3.6711868203038116,1.2454326774717959,1.5432468723136328,0.03607971928877066
D_W,dw,143,143,0.01,0.02,512,512,0,512,,512,512,0,512,0,0.46307764862694256,0.4786087436865707,0.4065123919634741,0.5367907896667948,0.6101864265959359,0.43721846443525775,0.49152555331874165,0.011685685129737933,sample,20,0.4643681930143683,0.4795635866927236,0.4113740882944485,0.535331852390459,0.6108116365593431,0.43793769368356805,0.4908368058939182,0.012718717189981747,3.234902046686703,2.70758466708051,2.0609635165283056,0.635929304126463,3.6623321110351705,1.262140496031842,1.5420093035078126,0.039957028487132874
D_W,dw,143,143,0.01,0.02,512,512,0,512,,512,512,0,512,0,0.46307764862694256,0.4786087436865707,0.4065123919634741,0.5367907896667948,0.6101864265959359,0.43721846443525775,0.49152555331874165,0.011685685129737933,sample,21,0.4623117232678338,0.47886373962752066,0.40622114089353006,0.5369839419500291,0.6099979198785472,0.4376436767432574,0.491727063253129,0.01167436141432335,3.3248658308741312,2.7098184024542173,2.063858416437186,0.6354969588035505,3.6527034017220785,1.2464464214866806,1.5448061294873134,0.03667608805459038
D_W,dw,143,143,0.01,0.02,512,512,0,512,,512,512,0,512,0,0.46307764862694256,0.4786087436865707,0.4065123919634741,0.5367907896667948,0.6101864265959359,0.43721846443525775,0.49152555331874165,0.011685685129737933,sample,22,0.46317690366363806,0.4784447733530484,0.40643747244022355,0.5368793369472179,0.6102234568348264,0.4372094769074261,0.49184366178653616,0.011102916684202442,3.321448045918313,2.7137284483808335,2.066106727952067,0.6372572265193142,3.671187175951501,1.2479178873186734,1.545172434583285,0.03488084148850994
D_W,dw,143,143,0.01,0.02,512,512,0,512,,512,512,0,512,0,0.46307764862694256,0.4786087436865707,0.4065123919634741,0.5367907896667948,0.6101864265959359,0.43721846443525775,0.49152555331874165,0.011685685129737933,sample,23,0.46281026798322217,0.47792243262074974,0.4063742562153503,0.5372412256749325,0.6105755156399757,0.4371534703993688,0.4911002315662699,0.012009182970014161,3.3259908494611565,2.7088561463474954,2.0648684992335116,0.6392914075341134,3.67732762641513,1.2459339621967194,1.5428368796648397,0.03772796099421214
D_W,dw,143,143,0.01,0.02,512,512,0,512,,512,512,0,512,0,0.46307764862694256,0.4786087436865707,0.4065123919634741,0.5367907896667948,0.6101864265959359,0.43721846443525775,0.49152555331874165,0.011685685129737933,sample,24,0.4632155330726599,0.47888492167130714,0.4069231643263536,0.5377392070344986,0.6098473738988863,0.437372246743098,0.4911885691269043,0.01235103424256324,3.3112656582787396,2.7140190425775965,2.0653098171916024,0.6365444767387054,3.6626913242171266,1.2398698291875343,1.5431144002963648,0.03880191844067265
D_W,dw,143,143,0.01,0.02,512,512,0,512,,512,512,0,512,0,0.46307764862694256,0.4786087436865707,0.4065123919634741,0.5367907896667948,0.6101864265959359,0.43721846443525775,0.49152555331874165,0.011685685129737933,sample,25,0.4632015682174088,0.47885857199602955,0.4066169306650279,0.5361314555993772,0.6097142498292462,0.43771911359165655,0.49125119045989946,0.011013439927931403,3.312161369190068,2.7150331718868936,2.0652937038514083,0.6330378619464935,3.663065982337948,1.2526591600077432,1.5433111310160603,0.0345997419683418
D_W,dw,143,143,0.01,0.02,512,512,0,512,,512,512,0,512,0,0.46307764862694256,0.4786087436865707,0.4065123919634741,0.5367907896667948,0.6101864265959359,0.43721846443525775,0.49152555331874165,0.011685685129737933,sample,26,0.4628593707761825,0.47869852757739967,0.40669204630423467,0.5364659936889007,0.6101977165110238,0.43910748326026944,0.4917169205806417,0.010331631880522501,3.30539481290091,2.7113921011243463,2.053928341474869,0.632294842981084,3.6623256884775084,1.2512245334879617,1.5447742653419396,0.03245777881544359
D_W,dw,143,143,0.01,0.02,512,512,0,512,,512,512,0,512,0,0.46307764862694256,0.4786087436865707,0.4065123919634741,0.5367907896667948,0.6101864265959359,0.43721846443525775,0.49152555331874165,0.011685685129737933,sample,27,0.4634404146285911,0.47845114154652035,0.4082475319472206,0.5357311617179135,0.6088379526785679,0.43672523640437494,0.4910992422682172,0.01192410554165698,3.2863715547497634,2.7083730710594742,2.0754510080222524,0.6312802854737497,3.6741945445739708,1.2535853965162955,1.5428337716933451,0.03746068237029891
D_W,dw,143,143,0.01,0.02,512,512,0,512,,512,512,0,512,0,0.46307764862694256,0.4786087436865707,0.4065123919634741,0.5367907896667948,0.6101864265959359,0.43721846443525775,0.49152555331874165,0.011685685129737933,sample,28,0.46316245588068644,0.47967045721003954,0.40735598934345674,0.5369656598567396,0.6098316521443109,0.43850102295020116,0.4917857025813428,0.011884610219358962,3.2968698849609113,2.7152876166549405,2.0586913816423724,0.6328534641874577,3.645870583577838,1.2461387085078486,1.5449903503700415,0.037336604155916296
D_W,dw,143,143,0.01,0.02,512,512,0,512,,512,512,0,512,0,0.46307764862694256,0.4786087436865707,0.4065123919634741,0.5367907896667948,0.6101864265959359,0.43721846443525775,0.49152555331874165,0.011685685129737933,sample,29,0.4633357513718255,0.47903538772129806,0.4062845198894731,0.536737489964507,0.6102184526343867,0.4370704754260935,0.49128783464602543,0.011845448687192086,3.324689058695085,2.7181809039828435,2.067211021098333,0.6373654807806247,3.661018618479158,1.2490620567132593,1.5434262521219906,0.03721357457415752
D_W,dw,143,143,0.01,0.02,512,512,0,512,,512,512,0,512,0,0.46307764862694256,0.4786087436865707,0.4065123919634741,0.5367907896667948,0.6101864265959359,0.43721846443525775,0.49152555331874165,0.011685685129737933,sample,30,0.4626112895977734,0.47929345592606604,0.40734270777684645,0.5372071952238519,0.6096414616518135,0.4382997063082123,0.491243889849042,0.011895037748645698,3.299532988456011,2.7094097012840255,2.06041428194623,0.6328714023010246,3.6473624905695363,1.2436375945142557,1.543288195470624,0.0373693632053186
D_W,dw,143,143,0.01,0.02,512,512,0,512,,512,512,0,512,0,0.46307764862694256,0.4786087436865707,0.4065123919634741,0.5367907896667948,0.6101864265959359,0.43721846443525775,0.49152555331874165,0.011685685129737933,sample,31,0.4633252590699333,0.47852294550508634,0.406452322152287,0.5366693393337509,0.6101082549144272,0.4374606517850964,0.4912496384991959,0.011009251508584571,3.3181966784464962,2.7151519102755786,2.065064140751967,0.6359357051238592,3.671363248602246,1.249318901883356,1.5433062553877155,0.03458658366089164
D_W,dw,143,143,0.01,0.02,512,512,0,512,,512,512,0,512,0,0.46307764862694256,0.4786087436865707,0.4065123919634741,0.5367907896667948,0.6101864265959359,0.43721846443525775,0.49152555331874165,0.011685685129737933,sample,32,0.46403707737137945,0.47918639096870946,0.40775457573207946,0.5381109214755705,0.6074618306932107,0.4392057999838825,0.49152643491635956,0.01090648510288089,3.2698874747217075,2.7183674478851665,2.0606423751298024,0.6233106547283833,3.666241998253973,1.2299884346413845,1.5441758369784166,0.034263733475697125
D_W,dw,143,143,0.01,0.02,512,512,0,512,,512,512,0,512,0,0.46307764862694256,0.4786087436865707,0.4065123919634741,0.5367907896667948,0.6101864265959359,0.43721846443525775,0.49152555331874165,0.011685685129737933,sample,33,0.4629984434388227,0.47857423847091574,0.40630238067397584,0.5365283482582575,0.610215810528179,0.4372096185123914,0.49120741756857517,0.011686440742914339,3.3242461386627813,2.713485691460139,2.0665312081014764,0.6367555215788793,3.666465495530017,1.2507636556779942,1.5431736144222497,0.03671403638455213
D_W,dw,143,143,0.01,0.02,512,512,0,512,,512,512,0,512,0,0.46307764862694256,0.4786087436865707,0.4065123919634741,0.5367907896667948,0.6101864265959359,0.43721846443525775,0.49152555331874165,0.011685685129737933,sample,34,0.46353037483137577,0.47797749598086314,0.40672338777440087,0.5367658571516751,0.6102938562546683,0.4367464012114395,0.4912628758064483,0.011670687017807465,3.3184334997800926,2.7131484169179902,2.0690743234250952,0.638452609886816,3.684844675653027,1.2490356670633735,1.5433478416149329,0.036664544597489704
D_W,dw,143,143,0.01,0.02,512,512,0,512,,512,512,0,512,0,0.46307764862694256,0.4786087436865707,0.4065123919634741,0.5367907896667948,0.6101864265959359,0.43721846443525775,0.49152555331874165,0.011685685129737933,sample,35,0.463195002925453,0.4786037270096535,0.4065521946913176,0.5368497032036036,0.6103281776740447,0.4371339940123682,0.4911987017200691,0.011673346090876223,3.320696776972121,2.7141130788228733,2.066285751552411,0.6378119469195678,3.6681796948437206,1.2484451433962735,1.543146232776613,0.03667289832190787
D_W,dw,143,143,0.01,0.02,512,512,0,512,,512,512,0,512,0,0.46307764862694256,0.4786087436865707,0.4065123919634741,0.5367907896667948,0.6101864265959359,0.43721846443525775,0.49152555331874165,0.011685685129737933,sample,36,0.46285942358261634,0.47810176187123055,0.40719706282131424,0.5366577290878849,0.6098053948986868,0.4370486491232969,0.4910709865001853,0.011502565390675061,3.3088996338328767,2.7066696010148505,2.0688641253240023,0.6356474522027133,3.674333080199932,1.2485874159109458,1.5427450035800747,0.03613637492878098
D_W,dw,143,143,0.01,0.02,512,512,0,512,,512,512,0,512,0,0.46307764862694256,0.4786087436865707,0.4065123919634741,0.5367907896667948,0.6101864265959359,0.43721846443525775,0.49152555331874165,0.011685685129737933,sample,37,0.4628435943461039,0.47851532869799407,0.4063348100886209,0.5365734323008365,0.6100281223849386,0.4370464900596851,0.4911956837235915,0.0118173300985935,3.3244880861187553,2.7119110423719706,2.0682098258789745,0.6364351525818028,3.6658453861594524,1.2498853165469512,1.5431367514610506,0.03712523742278689
D_W,dw,143,143,0.01,0.02,512,512,0,512,,512,512,0,512,0,0.46307764862694256,0.4786087436865707,0.4065123919634741,0.5367907896667948,0.6101864265959359,0.43721846443525775,0.49152555331874165,0.011685685129737933,sample,38,0.4638771317271475,0.4787256399853402,0.40680431353353563,0.536670291698177,0.6101698175667163,0.4365653941236904,0.491334384034765,0.011656731323221644,3.316918114846643,2.7188814026933805,2.070810190312254,0.6382442376296517,3.6738433541797173,1.2494786461193201,1.5435724913396838,0.036620701489903144
D_W,dw,143,143,0.01,0.02,512,512,0,512,,512,512,0,512,0,0.46307764862694256,0.4786087436865707,0.4065123919634741,0.5367907896667948,0.6101864265959359,0.43721846443525775,0.49152555331874165,0.011685685129737933,sample,39,0.4628087703821253,0.4780690987339878,0.40671846787633736,0.5368694902275768,0.6100439857245343,0.43724276713019533,0.4917476533291168,0.011515738899735705,3.3168998336350066,2.7081000546704725,2.0665090883762094,0.6364453954108299,3.674388900241109,1.2475076735241215,1.5448708151187738,0.0361777607280679
D_W,dw,143,143,0.01,0.02,512,512,0,512,,512,512,0,512,0,0.46307764862694256,0.4786087436865707,0.4065123919634741,0.5367907896667948,0.6101864265959359,0.43721846443525775,0.49152555331874165,0.011685685129737933,sample,40,0.4631080520979838,0.47776031618464954,0.40824691870057644,0.5368616113969317,0.6118082086427741,0.4346424608597592,0.4914938725319053,0.012311658151970158,3.317745931317031,2.7026518380840243,2.077590755649882,0.6495450124962373,3.684092642482592,1.2523318730536166,1.544073539230632,0.038678214803738335
D_W,dw,143,143,0.01,0.02,512,512,0,512,,512,512,0,512,0,0.46307764862694256,0.4786087436865707,0.4065123919634741,0.5367907896667948,0.6101864265959359,0.43721846443525775,0.49152555331874165,0.011685685129737933,sample,41,0.46267140498666504,0.47787401482089137,0.40644718912324895,0.5362188074925743,0.6091755036556543,0.4371443936398336,0.4917726334643434,0.011176032919361322,3.3175331332906275,2.7072907681959872,2.070905792742589,0.6323080150494231,3.6766535214207807,1.2504728170892143,1.5449492925280872,0.03511054291574322
D_W,dw,143,143,0.01,0.02,512,512,0,512,,512,512,0,512,0,0.46307764862694256,0.4786087436865707,0.4065123919634741,0.5367907896667948,0.6101864265959359,0.43721846443525775,0.49152555331874165,0.011685685129737933,sample,42,0.4628817596517748,0.47840248605385643,0.40657455336394704,0.5366789725058089,0.6097602795257674,0.43730025401683126,0.4918143996220231,0.011465271583758372,3.317237389699899,2.7107310383568906,2.0673156632277134,0.6349155721618058,3.6685650014721576,1.248289848030089,1.5450805047822225,0.03601921297894711
D_W,dw,143,143,0.01,0.02,512,512,0,512,,512,512,0,512,0,0.46307764862694256,0.4786087436865707,0.4065123919634741,0.5367907896667948,0.6101864265959359,0.43721846443525775,0.49152555331874165,0.011685685129737933,sample,43,0.46431230509984517,0.4787550497516314,0.40791019330836403,0.5370123296005564,0.6108309565236368,0.43753223928992824,0.49136184233453023,0.011760884655132756,3.294196816769773,2.717906276837733,2.0617453846936344,0.6391475208515179,3.6785504591873894,1.2484881827969654,1.5436587541325064,0.036947908832281995
D_W,dw,143,143,0.01,0.02,512,512,0,512,,512,512,0,512,0,0.46307764862694256,0.4786087436865707,0.4065123919634741,0.5367907896667948,0.6101864265959359,0.43721846443525775,0.49152555331874165,0.011685685129737933,sample,44,0.4620615458990375,0.47842786415672484,0.40629984331918356,0.5368102925193647,0.6103678161838699,0.43765586292032316,0.4916280002531829,0.011739691746818225,3.325985382268329,2.705702446136824,2.0627170523868794,0.6367256790541133,3.658610451976775,1.2488743697933309,1.5444949138944402,0.03688132934721286
D_W,dw,143,143,0.01,0.02,512,512,0,512,,512,512,0,512,0,0.46307764862694256,0.4786087436865707,0.4065123919634741,0.5367907896667948,0.6101864265959359,0.43721846443525775,0.49152555331874165,0.011685685129737933,sample,45,0.46241956174806575,0.47786491653738594,0.40828406303767656,0.5373379661146548,0.6096763951378327,0.4366753071109988,0.4908536229834885,0.012659929768796591,3.295244427370382,2.697701960774986,2.0710042014499193,0.636912183021115,3.6738887108888805,1.2426656384822927,1.5420621359528615,0.0397723423566141
D_W,dw,143,143,0.01,0.02,512,512,0,512,,512,512,0,512,0,0.46307764862694256,0.4786087436865707,0.4065123919634741,0.5367907896667948,0.6101864265959359,0.43721846443525775,0.49152555331874165,0.011685685129737933,sample,46,0.46261166000445986,0.47862734719420874,0.40655272278442306,0.5373568334251607,0.6102503868102044,0.4366247635558873,0.4912278114497087,0.010851969408408834,3.32657266185248,2.709745544841649,2.069350176866881,0.6393562224307661,3.6608977777102347,1.244101303212422,1.5432376836893968,0.03409246737043837
D_W,dw,143,143,0.01,0.02,512,512,0,512,,512,512,0,512,0,0.46307764862694256,0.4786087436865707,0.4065123919634741,0.5367907896667948,0.6101864265959359,0.43721846443525775,0.49152555331874165,0.011685685129737933,sample,47,0.46321696526447925,0.4783327174511955,0.40684946787642007,0.5375118884544289,0.610530053910314,0.43684790944350266,0.49176228648138265,0.011876181862237644,3.3189760856878885,2.711863035392505,2.0667397322827816,0.6401767644625125,3.6739265372550185,1.2436120672392998,1.544916786522431,0.037310125691102126
D_W,dw,143,143,0.01,0.02,512,512,0,512,,512,512,0,512,0,0.46307764862694256,0.4786087436865707,0.4065123919634741,0.5367907896667948,0.6101864265959359,0.43721846443525775,0.49152555331874165,0.011685685129737933,sample,48,0.46397670399378854,0.47842125049846,0.4073288306397426,0.5367177324404129,0.6109112605776447,0.4359946269588048,0.4916208087007883,0.010167843145140474,3.315542944105652,2.716140475805137,2.0719838765838694,0.6426068840413925,3.681292780702464,1.25109763079774,1.5444723209662694,0.03194322132762665
D_W,dw,143,143,0.01,0.02,512,512,0,512,,512,512,0,512,0,0.46307764862694256,0.4786087436865707,0.4065123919634741,0.5367907896667948,0.6101864265959359,0.43721846443525775,0.49152555331874165,0.011685685129737933,sample,49,0.46404233446442805,0.47885802378266434,0.40589315311952706,0.5368749392868464,0.6102299609543236,0.43782720400723457,0.49186467438516684,0.011808846703660544,3.322974396521257,2.724368936419327,2.061966462976431,0.6358666119643903,3.6731185202362737,1.2479715217340699,1.545238447608776,0.03709858605158801
D_W,dw,143,143,0.01,0.02,512,512,0,512,,512,512,0,512,0,0.46307764862694256,0.4786087436865707,0.4065123919634741,0.5367907896667948,0.6101864265959359,0.43721846443525775,0.49152555331874165,0.011685685129737933,sample,50,0.46274717726155434,0.47866487261808927,0.40596615466855074,0.5369584277524289,0.6106777481377252,0.4371431977120928,0.49125021262295443,0.01162187839456811,3.333991972563593,2.713317757546759,2.0649116576433233,0.6393446763289025,3.66170551354026,1.2485104348402773,1.5433080590506976,0.03651120778528911
D_W,dw,143,143,0.01,0.02,512,512,0,512,,512,512,0,512,0,0.46307764862694256,0.4786087436865707,0.4065123919634741,0.5367907896667948,0.6101864265959359,0.43721846443525775,0.49152555331874165,0.011685685129737933,sample,51,0.463008267997437,0.47890299835109196,0.4063255280136268,0.5368951618541892,0.6099761666135042,0.43682789292557384,0.49127519852699475,0.011715309025377084,3.325756770880875,2.714915871850773,2.069474127976857,0.6371619077116969,3.659900168556116,1.247112096523274,1.543386554583274,0.03680472876865885
D_W,dw,143,143,0.01,0.02,512,512,0,512,,512,512,0,512,0,0.46307764862694256,0.4786087436865707,0.4065123919634741,0.5367907896667948,0.6101864265959359,0.43721846443525775,0.49152555331874165,0.011685685129737933,sample,52,0.4625943604509418,0.47805892518573545,0.4065325984919067,0.5370245952653174,0.6098143840324087,0.4367320606341307,0.4917608795534265,0.012062274192108577,3.323263054451906,2.7071845739150446,2.0705175491658245,0.6369085231984853,3.6720795936208437,1.2456091894664258,1.5449123665278999,0.03789475198751406
D_W,dw,143,143,0.01,0.02,512,512,0,512,,512,512,0,512,0,0.46307764862694256,0.4786087436865707,0.4065123919634741,0.5367907896667948,0.6101864265959359,0.43721846443525775,0.49152555331874165,0.011685685129737933,sample,53,0.4631023486332102,0.47877175344649614,0.4061664544285618,0.5368679244939403,0.6102501286906978,0.4371311506857959,0.49128266896705225,0.011191269125164308,3.3271494259120757,2.7156996873918358,2.0665502081451685,0.6375288623727472,3.6636732889695702,1.248083783640164,1.5434100236628776,0.03515840886796246
D_W,dw,143,143,0.01,0.02,512,512,0,512,,512,512,0,512,0,0.46307764862694256,0.4786087436865707,0.4065123919634741,0.5367907896667948,0.6101864265959359,0.43721846443525775,0.49152555331874165,0.011685685129737933,sample,54,0.46303806475790166,0.4776738265677889,0.4041714850222666,0.5391932028820197,0.6130107425763971,0.43961072222569353,0.49183784040128736,0.010806523738418755,3.3580865366677948,2.7182296465650375,2.03833035974182,0.6463656820056732,3.684971225296144,1.2369666167164426,1.5451541461621536,0.03394969558746007
D_W,dw,143,143,0.01,0.02,512,512,0,512,,512,512,0,512,0,0.46307764862694256,0.4786087436865707,0.4065123919634741,0.5367907896667948,0.6101864265959359,0.43721846443525775,0.49152555331874165,0.011685685129737933,sample,55,0.4634292031616045,0.4783682876358467,0.40684612423512617,0.5371243050169485,0.6109955587689455,0.43672019355959757,0.49115207908342334,0.012199834335815146,3.3212489541989534,2.7136599937950803,2.06644882945035,0.6418165390030355,3.6757404532245626,1.2480261967299182,1.542999763443836,0.038326909924409375
D_W,dw,143,143,0.01,0.02,512,512,0,512,,512,512,0,512,0,0.46307764862694256,0.4786087436865707,0.4065123919634741,0.5367907896667948,0.6101864265959359,0.43721846443525775,0.49152555331874165,0.011685685129737933,sample,56,0.46322693888961003,0.47823930942788523,0.4062383974864729,0.5366511277513214,0.6104436308068026,0.43724326620330606,0.49119763193868365,0.011883760954346054,3.3250753907229837,2.7139906132069584,2.065390284389957,0.6377602529357331,3.6759285587286867,1.2503780311389414,1.5431428719592717,0.03733393611119079
D_W,dw,143,143,0.01,0.02,512,512,0,512,,512,512,0,512,0,0.46307764862694256,0.4786087436865707,0.4065123919634741,0.5367907896667948,0.6101864265959359,0.43721846443525775,0.49152555331874165,0.011685685129737933,sample,57,0.46277644617833796,0.4772404360047733,0.40810603915642524,0.5358409901658499,0.6092526894984256,0.43708436206683837,0.4913676455390645,0.010175565266107696,3.290225906178442,2.698317229684428,2.071472595701042,0.6322562042340693,3.6903735474498442,1.2538029518005962,1.5436769854372385,0.0319674810861274
D_W,dw,143,143,0.01,0.02,512,512,0,512,,512,512,0,512,0,0.46307764862694256,0.4786087436865707,0.4065123919634741,0.5367907896667948,0.6101864265959359,0.43721846443525775,0.49152555331874165,0.011685685129737933,sample,58,0.46347662654679317,0.47891885046951804,0.4062045623743152,0.5365732816739119,0.6101830054490289,0.43707387833164146,0.49129774129771986,0.011897217966382831,3.324991687656136,2.719068619192494,2.0674966053083113,0.6369951903508612,3.665075811303687,1.2503073688310067,1.5434573747861755,0.0373762125613448
D_W,dw,143,143,0.01,0.02,512,512,0,512,,512,512,0,512,0,0.46307764862694256,0.4786087436865707,0.4065123919634741,0.5367907896667948,0.6101864265959359,0.43721846443525775,0.49152555331874165,0.011685685129737933,sample,59,0.4634937260834942,0.4794569988556754,0.40583894841407303,0.5375691851778925,0.6104355352709492,0.4361556732803752,0.49144694009796563,0.011505480034038234,3.339762050993174,2.7230131425662627,2.0715724532971738,0.6414717861946594,3.6541531870033697,1.2428865405169862,1.543926096640952,0.03614553155095856
D_W,dw,143,143,0.01,0.02,512,512,0,512,,512,512,0,512,0,0.46307764862694256,0.4786087436865707,0.4065123919634741,0.5367907896667948,0.6101864265959359,0.43721846443525775,0.49152555331874165,0.011685685129737933,sample,60,0.46316828768895707,0.478451624737222,0.4065232430436187,0.5372802000611682,0.6106483286919839,0.4372965029792881,0.4911682489886097,0.011766534253801498,3.321962247778951,2.7133469041280645,2.0636269095615036,0.6393106015214851,3.6709466094859478,1.2458166661717736,1.5430505626991786,0.03696565756995544
D_W,dw,143,143,0.01,0.02,512,512,0,512,,512,512,0,512,0,0.46307764862694256,0.4786087436865707,0.4065123919634741,0.5367907896667948,0.6101864265959359,0.43721846443525775,0.49152555331874165,0.011685685129737933,sample,61,0.4631450591996321,0.47902117229132246,0.40658670764768445,0.5368118798310804,0.6107629139128261,0.43728806669961867,0.49184552579396246,0.011399168750468829,3.3219274404921535,2.715436065318541,2.063825665814558,0.6391600734684663,3.659077554351944,1.2499324529257088,1.5451782905353215,0.035811544803503216
D_W,dw,143,143,0.01,0.02,512,512,0,512,,512,512,0,512,0,0.46307764862694256,0.4786087436865707,0.4065123919634741,0.5367907896667948,0.6101864265959359,0.43721846443525775,0.49152555331874165,0.011685685129737933,sample,62,0.46282708775787657,0.4790929713260487,0.40756014948033586,0.5381905445162491,0.6103023129694106,0.4381699727252669,0.49126497795297275,0.014162404467781449,3.299902993098841,2.709324362730391,2.0579200288352446,0.6371864655142135,3.653926232271257,1.2374793695270945,1.5433544457030108,0.04449250583314946
D_W,dw,143,143,0.01,0.02,512,512,0,512,,512,512,0,512,0,0.46307764862694256,0.4786087436865707,0.4065123919634741,0.5367907896667948,0.6101864265959359,0.43721846443525775,0.49152555331874165,0.011685685129737933,sample,63,0.4634074184351387,0.4789050909857873,0.4065060592019215,0.53690506305129,0.6097761336192532,0.4371975336973169,0.4912864224355123,0.011644352538296127,3.3175788249761125,2.7172694474210752,2.0676870418124547,0.635520165213627,3.6645388422047778,1.2464816880935494,1.5434218155318171,0.036581812390120774
D_W,dw,143,143,0.01,0.02,512,512,0,512,,512,512,0,512,0,0.46307764862694256,0.4786087436865707,0.4065123919634741,0.5367907896667948,0.6101864265959359,0.43721846443525775,0.49152555331874165,0.011685685129737933,sample,64,0.4639810167360542,0.47900481071662965,0.40685079113332634,0.537596740263899,0.6102526256069217,0.43659505315169883,0.49189835665773574,0.010694316172883985,3.3168610794377713,2.720756737423209,2.0692609152944943,0.6397608483089647,3.6693380043400072,1.2421568807572074,1.5453442635888346,0.03359718512389884
D_W,dw,143,143,0.01,0.02,512,512,0,512,,512,512,0,512,0,0.46307764862694256,0.4786087436865707,0.4065123919634741,0.5367907896667948,0.6101864265959359,0.43721846443525775,0.49152555331874165,0.011685685129737933,sample,65,0.4633492614956989,0.47911894003341426,0.40692169907797454,0.5363328963592044,0.6096856829377757,0.43708312287961393,0.4912774021436963,0.01115918159365908,3.3112089982842514,2.7160932018255273,2.0694186063018862,0.6346523309220121,3.659458084557774,1.2509259364797432,1.5433934774493148,0.035057602914713805
D_W,dw,143,143,0.01,0.02,512,512,0,512,,512,512,0,512,0,0.46307764862694256,0.4786087436865707,0.4065123919634741,0.5367907896667948,0.6101864265959359,0.43721846443525775,0.49152555331874165,0.011685685129737933,sample,66,0.4634231044213789,0.47837269287871503,0.4063889104910665,0.5367588721425136,0.6097864542708574,0.43725040367453766,0.49128526251040106,0.011364151180442204,3.318534346413633,2.7154790268241142,2.067467020213304,0.6352429143655758,3.675578153379255,1.247706964830019,1.543418171519609,0.035701533862761
D_W,dw,143,143,0.01,0.02,512,512,0,512,,512,512,0,512,0,0.46307764862694256,0.4786087436865707,0.4065123919634741,0.5367907896667948,0.6101864265959359,0.43721846443525775,0.49152555331874165,0.011685685129737933,sample,67,0.4629148675704348,0.4794893420496056,0.4065728836162628,0.5369474561040535,0.6107541028330321,0.43733351730742903,0.4917813805189686,0.011830259829486442,3.3233159022733503,2.715743399409927,2.0634003907654836,0.639202843685051,3.6467894789854025,1.2488067064636315,1.5449767722106382,0.03716585737037305
D_W,dw,143,143,0.01,0.02,512,512,0,512,,512,512,0,512,0,0.46307764862694256,0.4786087436865707,0.4065123919634741,0.5367907896667948,0.6101864265959359,0.43721846443525775,0.49152555331874165,0.011685685129737933,sample,68,0.46315650785586443,0.47856194874250335,0.4071584819028022,0.5366069404258944,0.6105119088646713,0.4368948286994825,0.49111654214467987,0.011582396501540844,3.31340574613346,2.7111691546271324,2.0675237835836167,0.6387756635958283,3.668573143051816,1.25092299782499,1.5428881208581482,0.03638717176020483
D_W,dw,143,143,0.01,0.02,512,512,0,512,,512,512,0,512,0,0.46307764862694256,0.4786087436865707,0.4065123919634741,0.5367907896667948,0.6101864265959359,0.43721846443525775,0.49152555331874165,0.011685685129737933,sample,69,0.4628684248328806,0.4785344430519786,0.40646270808529833,0.5362482769154249,0.6106281237372453,0.4378305749220315,0.4911262651861095,0.011943673255787894,3.3198383915473797,2.711667701908936,2.061297011160246,0.6366290609513475,3.6657493733186945,1.2541615277416949,1.5429186666936743,0.037522156157260136
D_W,dw,143,143,0.01,0.02,512,512,0,512,,512,512,0,512,0,0.46307764862694256,0.4786087436865707,0.4065123919634741,0.5367907896667948,0.6101864265959359,0.43721846443525775,0.49152555331874165,0.011685685129737933,sample,70,0.4629516091759049,0.4786186327529337,0.40680800963646324,0.5365001414711841,0.6106679408911354,0.43789909960420026,0.4917457104182153,0.011703257230394852,3.313835145553059,2.711275962145514,2.0604237078047998,0.636969233220975,3.665018708752955,1.2522140220909166,1.544864711284159,0.036766866938080095
D_W,dw,143,143,0.01,0.02,512,512,0,512,,512,512,0,512,0,0.46307764862694256,0.4786087436865707,0.4065123919634741,0.5367907896667948,0.6101864265959359,0.43721846443525775,0.49152555331874165,0.011685685129737933,sample,71,0.4630724694659633,0.4784975432160823,0.406398910407345,0.5365256448928818,0.6105943660074787,0.436901029993456,0.4911742229191137,0.01188127483992853,3.3264010263017596,2.7133217152896556,2.0672928281247818,0.6389851606032336,3.6688867867830117,1.2518082067970624,1.543069330355363,0.03732612575240071
D_W,dw,143,143,0.01,0.02,512,512,0,512,,512,512,0,512,0,0.46307764862694256,0.4786087436865707,0.4065123919634741,0.5367907896667948,0.6101864265959359,0.43721846443525775,0.49152555331874165,0.011685685129737933,sample,72,0.46410379910882665,0.4794293305690035,0.40639234071293473,0.534691428307674,0.604421496616325,0.4352336002715761,0.49202455883165663,0.010376465647712732,3.3019563066836835,2.725429409352872,2.102796389673487,0.6159049513589074,3.6619675934092273,1.2500436332189577,1.5457407394112914,0.03259862824908117
D_W,dw,143,143,0.01,0.02,512,512,0,512,,512,512,0,512,0,0.46307764862694256,0.4786087436865707,0.4065123919634741,0.5367907896667948,0.6101864265959359,0.43721846443525775,0.49152555331874165,0.011685685129737933,sample,73,0.4630269623419514,0.47859098406526723,0.4065797363592306,0.5368215057594024,0.6101226176057917,0.43698562385542483,0.4918179055294703,0.012011360097863116,3.320868435982864,2.7126576910757936,2.068007568039915,0.6372878997248703,3.666460802073667,1.2481146463576414,1.5450915189153027,0.03773480064306834
D_W,dw,143,143,0.01,0.02,512,512,0,512,,512,512,0,512,0,0.46307764862694256,0.4786087436865707,0.4065123919634741,0.5367907896667948,0.6101864265959359,0.43721846443525775,0.49152555331874165,0.011685685129737933,sample,74,0.4633506758769687,0.47848927277745507,0.40653798991593326,0.5365105835898926,0.6102798371264148,0.4372000515920419,0.49120255766883636,0.011857907111469753,3.3192611977663207,2.714850190636583,2.0663961220437597,0.6370116706481161,3.6723492540771074,1.251082209390808,1.543158346596933,0.037252713868343536
D_W,dw,143,143,0.01,0.02,512,512,0,512,,512,512,0,512,0,0.46307764862694256,0.4786087436865707,0.4065123919634741,0.5367907896667948,0.6101864265959359,0.43721846443525775,0.49152555331874165,0.011685685129737933,sample,75,0.46377213754253277,0.47932999263190734,0.4071733125388691,0.5355824385175072,0.6093071812680219,0.4370095195192846,0.4912865228767149,0.012727910794478312,3.3036611295543326,2.7192961991707665,2.0720779108346243,0.6323089456161992,3.660080383545682,1.256087850407126,1.5434221310771614,0.03998591104747929
D_W,dw,143,143,0.01,0.02,512,512,0,512,,512,512,0,512,0,0.46307764862694256,0.4786087436865707,0.4065123919634741,0.5367907896667948,0.6101864265959359,0.43721846443525775,0.49152555331874165,0.011685685129737933,sample,76,0.46313836239775286,0.4781459267991676,0.40714951517950726,0.5363008056166458,0.6093094160925867,0.4371408801853614,0.491343980940952,0.00938832997090802,3.3051182778224497,2.7091942497660138,2.0703704311701183,0.632963575721395,3.6767512880873228,1.2501631985587949,1.5436026409096582,0.02949430846608151
D_W,dw,143,143,0.01,0.02,512,512,0,512,,512,512,0,512,0,0.46307764862694256,0.4786087436865707,0.4065123919634741,0.5367907896667948,0.6101864265959359,0.43721846443525775,0.49152555331874165,0.011685685129737933,sample,77,0.46292844468256544,0.4784918142826591,0.40656301904163517,0.5367893750375746,0.6101532539615022,0.437093942470803,0.4918163179570522,0.011576748129537517,3.320849552504485,2.7115313413594264,2.0672185971115207,0.6371188896551747,3.667311343849717,1.248460689670752,1.545086531409457,0.036369426876214445
D_W,dw,143,143,0.01,0.02,512,512,0,512,,512,512,0,512,0,0.46307764862694256,0.4786087436865707,0.4065123919634741,0.5367907896667948,0.6101864265959359,0.43721846443525775,0.49152555331874165,0.011685685129737933,sample,78,0.46321995472407707,0.47863000708323344,0.406285472805403,0.5368685499141892,0.6101656932346256,0.4372010223678982,0.49187583643976973,0.011696775882441819,3.323669128777621,2.715495029684928,2.0663725323501194,0.6370296211237242,3.66794039068082,1.2478481745226313,1.5452735142375154,0.03674650518296549
D_W,dw,143,143,0.01,0.02,512,512,0,512,,512,512,0,512,0,0.46307764862694256,0.4786087436865707,0.4065123919634741,0.5367907896667948,0.6101864265959359,0.43721846443525775,0.49152555331874165,0.011685685129737933,sample,79,0.4632989195699856,0.47845077199420766,0.40643555860368175,0.5365373987270705,0.61045758077128,0.43672179505394476,0.4912193286895565,0.01153587481131914,3.3253619627866,2.714694754929813,2.068936625019468,0.6388626689646679,3.672513862248953,1.2513435701698368,1.5432110343124206,0.03624101955997175
D_W,dw,143,143,0.01,0.02,512,512,0,512,,512,512,0,512,0,0.46307764862694256,0.4786087436865707,0.4065123919634741,0.5367907896667948,0.6101864265959359,0.43721846443525775,0.49152555331874165,0.011685685129737933,sample,80,0.46387032604521905,0.47979798245386956,0.4048858618175715,0.5353899028380442,0.6075525318570272,0.43854332972766374,0.49167386551622255,0.011513599002730749,3.3211953796856677,2.731110201803489,2.06808071916784,0.6214504726376464,3.651435991191452,1.252907875816674,1.5446390038678608,0.03617103804335769
D_W,dw,143,143,0.01,0.02,512,512,0,512,,512,512,0,512,0,0.46307764862694256,0.4786087436865707,0.4065123919634741,0.5367907896667948,0.6101864265959359,0.43721846443525775,0.49152555331874165,0.011685685129737933,sample,81,0.462791220991729,0.478724551149486,0.4067645872501212,0.5359167146778595,0.6107779668648564,0.43683736272731494,0.4917388807415828,0.011540163385693138,3.3228743244970875,2.710688017066135,2.067768914891955,0.6390683760867097,3.6610079686806807,1.2572677670867944,1.5448432552222238,0.036254492513719476
D_W,dw,143,143,0.01,0.02,512,512,0,512,,512,512,0,512,0,0.46307764862694256,0.4786087436865707,0.4065123919634741,0.5367907896667948,0.6101864265959359,0.43721846443525775,0.49152555331874165,0.011685685129737933,sample,82,0.463359368415799,0.47832717045366957,0.406596050210303,0.5368089208847926,0.6107577041757968,0.4366943459851744,0.49119591070663216,0.01145206931608532,3.3243091196162426,2.7139527048639236,2.0677856348221955,0.6404956496314246,3.675736607012763,1.2499424333103748,1.5431374645493037,0.035977736831814724
D_W,dw,143,143,0.01,0.02,512,512,0,512,,512,512,0,512,0,0.46307764862694256,0.4786087436865707,0.4065123919634741,0.5367907896667948,0.6101864265959359,0.43721846443525775,0.49152555331874165,0.011685685129737933,sample,83,0.46174661186050886,0.47783695053653685,0.4069685169632958,0.5363970740398292,0.60970451446579,0.4362148398870902,0.4915639932492947,0.012362089338554403,3.3222636470285787,2.6979686891894077,2.07505699879508,0.6368267234225548,3.6667085032598576,1.2504500873056574,1.5442938299612468,0.03883664904902322
D_W,dw,143,143,0.01,0.02,512,512,0,512,,512,512,0,512,0,0.46307764862694256,0.4786087436865707,0.4065123919634741,0.5367907896667948,0.6101864265959359,0.43721846443525775,0.49152555331874165,0.011685685129737933,sample,84,0.46326384935757214,0.47913482285924347,0.40662480256620614,0.5373746725423874,0.6107123194990637,0.4371088261928553,0.49126137333900877,0.011506415583498422,3.322267379192128,2.7166989669385733,2.064549070430075,0.6401251920337658,3.6581306507651252,1.2452253479750606,1.5433431214742626,0.03614847066626976
D_W,dw,143,143,0.01,0.02,512,512,0,512,,512,512,0,512,0,0.46307764862694256,0.4786087436865707,0.4065123919634741,0.5367907896667948,0.6101864265959359,0.43721846443525775,0.49152555331874165,0.011685685129737933,sample,85,0.4628920854619722,0.4774489335139765,0.40645777394904065,0.5373245659237273,0.6099101196827569,0.43741539095828313,0.49164029886256877,0.012105421180613888,3.3187124046438248,2.7069877223033116,2.065290509747739,0.6361287400514548,3.6876662392772697,1.2434238444320167,1.5445335511153364,0.03803030224962687
D_W,dw,143,143,0.01,0.02,512,512,0,512,,512,512,0,512,0,0.46307764862694256,0.4786087436865707,0.4065123919634741,0.5367907896667948,0.6101864265959359,0.43721846443525775,0.49152555331874165,0.011685685129737933,sample,86,0.4630727480636805,0.4788403878084192,0.40658190632181734,0.5367854214274665,0.6100490783332839,0.43727698404075593,0.491862911619552,0.011255353899003232,3.3184546351310207,2.7141031705480687,2.0663596974678033,0.6362741769938008,3.6619286327281726,1.2482086000398653,1.5452329097172701,0.035359737122661786
D_W,dw,143,143,0.01,0.02,512,512,0,512,,512,512,0,512,0,0.46307764862694256,0.4786087436865707,0.4065123919634741,0.5367907896667948,0.6101864265959359,0.43721846443525775,0.49152555331874165,0.011685685129737933,sample,87,0.46226045990131154,0.4789738852145241,0.40641242377671916,0.5364176511456582,0.6101094945180422,0.43683330999853687,0.4914375924378556,0.01157199153063955,3.327917458671659,2.709121076606744,2.0695265299911396,0.6370459725595691,3.649899226107373,1.2513812831035063,1.5438967301006221,0.03635448358006051
D_W,dw,143,143,0.01,0.02,512,512,0,512,,512,512,0,512,0,0.46307764862694256,0.4786087436865707,0.4065123919634741,0.5367907896667948,0.6101864265959359,0.43721846443525775,0.49152555331874165,0.011685685129737933,sample,88,0.4628185116701926,0.4790999276874521,0.40631023058541105,0.5367269697358528,0.6100475006124452,0.43719351506143433,0.4912934640409907,0.011961113637602204,3.324721516766054,2.7143751750522394,2.066988428923421,0.6363808402820572,3.653685515386294,1.2486821319223635,1.5434439373878577,0.03757694673264377
D_W,dw,143,143,0.01,0.02,512,512,0,512,,512,512,0,512,0,0.46307764862694256,0.4786087436865707,0.4065123919634741,0.5367907896667948,0.6101864265959359,0.43721846443525775,0.49152555331874165,0.011685685129737933,sample,89,0.4633989975863943,0.4775431903240558,0.4075761471649309,0.5363025230462615,0.6116432531953302,0.4378244594885723,0.49147137789358825,0.011697668603403974,3.3040313776440176,2.706654840740437,2.057855969311706,0.6408246359470684,3.6919211126829103,1.256414836635486,1.5440028702401498,0.0367493097485819
D_W,dw,143,143,0.01,0.02,512,512,0,512,,512,512,0,512,0,0.46307764862694256,0.4786087436865707,0.4065123919634741,0.5367907896667948,0.6101864265959359,0.43721846443525775,0.49152555331874165,0.011685685129737933,sample,90,0.4629581491384031,0.47879556518502064,0.40657902049517497,0.536596463548206,0.6102025576276514,0.43712096979755555,0.49121145680501,0.011655754980158344,3.3206969770963903,2.713036370784756,2.0670897630976786,0.636996667634834,3.6615049172483842,1.2501709416642972,1.5431863040577594,0.0366176342177081
D_W,dw,143,143,0.01,0.02,512,512,0,512,,512,512,0,512,0,0.46307764862694256,0.4786087436865707,0.4065123919634741,0.5367907896667948,0.6101864265959359,0.43721846443525775,0.49152555331874165,0.011685685129737933,sample,91,0.46255152502356833,0.47910656335192986,0.4063209771546098,0.5361837175671645,0.6103260111221867,0.43790955036962437,0.49170123182066106,0.011375870120583099,3.3218676035322803,2.712302802505757,2.0618669616819414,0.6351425751884806,3.6504998733277083,1.25387973070599,1.5447249776488405,0.0357383499990155
D_W,dw,143,143,0.01,0.02,512,512,0,512,,512,512,0,512,0,0.46307764862694256,0.4786087436865707,0.4065123919634741,0.5367907896667948,0.6101864265959359,0.43721846443525775,0.49152555331874165,0.011685685129737933,sample,92,0.4636520519779336,0.4781565447465079,0.4067526871370756,0.5378220472630796,0.6094956980902995,0.43522697436057634,0.49167256917165514,0.011881575924099785,3.32477841921011,2.714775496772521,2.0806300673857385,0.6402338085340585,3.6827135414066423,1.2382071452102277,1.5446349312812913,0.03732707163622124
D_W,dw,143,143,0.01,0.02,512,512,0,512,,512,512,0,512,0,0.46307764862694256,0.4786087436865707,0.4065123919634741,0.5367907896667948,0.6101864265959359,0.43721846443525775,0.49152555331874165,0.011685685129737933,sample,93,0.46309750393180615,0.4786052840795334,0.40650138847926226,0.5367564022932441,0.6101613263619701,0.4374481349676834,0.4918414702188855,0.011459459935725504,3.318828809783075,2.713578314938061,2.0648675868413537,0.6362950799711261,3.6669993726018086,1.248752012452102,1.5451655495704537,0.03600095514818181
D_W,dw,143,143,0.01,0.02,512,512,0,512,,512,512,0,512,0,0.46307764862694256,0.4786087436865707,0.4065123919634741,0.5367907896667948,0.6101864265959359,0.43721846443525775,0.49152555331874165,0.011685685129737933,sample,94,0.4631364533716741,0.4784581631968271,0.406556637284227,0.5368022314181724,0.610171700908875,0.43730726310760343,0.4918196109868204,0.011653781288957587,3.3186898060515855,2.712997802781413,2.0657197140399077,0.636720987785126,3.6704379204829682,1.2484060168197995,1.545096876767585,0.03661143368393135
D_W,dw,143,143,0.01,0.02,512,512,0,512,,512,512,0,512,0,0.46307764862694256,0.4786087436865707,0.4065123919634741,0.5367907896667948,0.6101864265959359,0.43721846443525775,0.49152555331874165,0.011685685129737933,sample,95,0.46290244087624005,0.478506393583428,0.4070000980906617,0.5366512839147266,0.610308126525394,0.4369665197121982,0.49175674865935437,0.011669158260362382,3.3154572982885364,2.709617106493094,2.067693881197509,0.6378498318456344,3.6667128456824636,1.2500095866729803,1.54489938894143,0.03665974186433111
D_W,dw,143,143,0.01,0.02,512,512,0,512,,512,512,0,512,0,0.46307764862694256,0.4786087436865707,0.4065123919634741,0.5367907896667948,0.6101864265959359,0.43721846443525775,0.49152555331874165,0.011685685129737933,sample,96,0.46315195753578703,0.4783444249157286,0.4067604489410225,0.5368558739434799,0.6103824057881232,0.4372016990223847,0.4917644223314975,0.011890218138143326,3.3170638262310534,2.711780652001301,2.0656433551686315,0.6378833667105105,3.672918548663107,1.2485424722058045,1.5449234964934608,0.03735422195237118
D_W,dw,143,143,0.01,0.02,512,512,0,512,,512,512,0,512,0,0.46307764862694256,0.4786087436865707,0.4065123919634741,0.5367907896667948,0.6101864265959359,0.43721846443525775,0.49152555331874165,0.011685685129737933,sample,97,0.46229758301798635,0.479173394963924,0.4070191797987601,0.5368740397638,0.6097071115077176,0.4369433160518892,0.49146033124498806,0.011345742934249831,3.3154947363850558,2.707784591095886,2.069654969016177,0.6357866200422889,3.6462723375146138,1.2465457247429381,1.5439681661700608,0.03564370265175757
D_W,dw,143,143,0.01,0.02,512,512,0,512,,512,512,0,512,0,0.46307764862694256,0.4786087436865707,0.4065123919634741,0.5367907896667948,0.6101864265959359,0.43721846443525775,0.49152555331874165,0.011685685129737933,sample,98,0.46364157921391097,0.47825833770886794,0.40716752436084513,0.5367301222380043,0.6107030991490234,0.43644873544332874,0.4912034249559851,0.012185086404532891,3.3151523657723687,2.7134792948458237,2.0696861887273372,0.6407366515090893,3.68052662655745,1.2504358952467642,1.543161071259868,0.038280577931837395
D_W,dw,143,143,0.01,0.02,512,512,0,512,,512,512,0,512,0,0.46307764862694256,0.4786087436865707,0.4065123919634741,0.5367907896667948,0.6101864265959359,0.43721846443525775,0.49152555331874165,0.011685685129737933,sample,99,0.4631092335429443,0.4786224876199246,0.40645086464586716,0.5376911315028724,0.610029645009966,0.4378587220470258,0.4918536859991008,0.010788956756938925,3.3167102081122906,2.7139484463565573,2.061498238784689,0.6361011525031125,3.666788289881753,1.2407699568024937,1.545203926575836,0.03389450728749729
D_W,dw,143,143,0.01,0.02,512,512,0,512,,512,512,0,512,0,0.46307764862694256,0.4786087436865707,0.4065123919634741,0.5367907896667948,0.6101864265959359,0.43721846443525775,0.49152555331874165,0.011685685129737933,sample,100,0.46352753762703647,0.48025696279094127,0.40401724653441334,0.5374177437088488,0.6123567386883124,0.4385344220913927,0.49193009678949656,0.0111259303644164,3.3639782498511854,2.733731784980331,2.0495533137355313,0.6436191643644138,3.6377423343701047,1.2493221699603891,1.5454439781535982,0.03495314109720218
D_W,dw,143,143,0.01,0.02,512,512,0,512,,512,512,0,512,0,0.46307764862694256,0.4786087436865707,0.4065123919634741,0.5367907896667948,0.6101864265959359,0.43721846443525775,0.49152555331874165,0.011685685129737933,sample,101,0.46312668313477817,0.477499180432577,0.4080701008134884,0.5369572392472708,0.6112170633628072,0.43667297860688076,0.491474443827409,0.010848625113186447,3.3032168615240103,2.702326743554951,2.0661990146442104,0.6425923447639842,3.6894926765723226,1.249977606360201,1.5440125021553175,0.03408196095713628
D_W,dw,143,143,0.01,0.02,512,512,0,512,,512,512,0,512,0,0.46307764862694256,0.4786087436865707,0.4065123919634741,0.5367907896667948,0.6101864265959359,0.43721846443525775,0.49152555331874165,0.011685685129737933,sample,102,0.4638140296508479,0.4789963744891375,0.40614063261419997,0.536338868670163,0.6102230626205951,0.43654022641876966,0.491895979359688,0.01214789398892687,3.3284980378012987,2.7222601496298555,2.071171716390317,0.6380752584482977,3.6675023378947693,1.2523330361052296,1.5453367950867523,0.038163734512200266
D_W,dw,143,143,0.01,0.02,512,512,0,512,,512,512,0,512,0,0.46307764862694256,0.4786087436865707,0.4065123919634741,0.5367907896667948,0.6101864265959359,0.43721846443525775,0.49152555331874165,0.011685685129737933,sample,103,0.46278209102042295,0.4784396456123414,0.4065828000796305,0.536689232305879,0.6106472571519679,0.437637083389016,0.4917471421918753,0.010908859433355667,3.3198545478435326,2.710100866278851,2.0620314085233664,0.6377336222691098,3.666652889373994,1.2506179672242412,1.5448692093337708,0.034271192654873876
D_W,dw,143,143,0.01,0.02,512,512,0,512,,512,512,0,512,0,0.46307764862694256,0.4786087436865707,0.4065123919634741,0.5367907896667948,0.6101864265959359,0.43721846443525775,0.49152555331874165,0.011685685129737933,sample,104,0.4636885078083814,0.4784882305904479,0.4063380154143907,0.5357858736458957,0.6087387030012186,0.43804766267315154,0.49161989733205635,0.012503535626992995,3.306810352188066,2.718229843049483,2.066844516193763,0.6278931896593283,3.6764223301369405,1.2528608768152438,1.5444694578169567,0.03928101566965944
D_W,dw,143,143,0.01,0.02,512,512,0,512,,512,512,0,512,0,0.46307764862694256,0.4786087436865707,0.4065123919634741,0.5367907896667948,0.6101864265959359,0.43721846443525775,0.49152555331874165,0.011685685129737933,sample,105,0.4625308630212916,0.47803503221057464,0.406754656300495,0.5366848879720818,0.6099277350459335,0.4367818316313904,0.4911052316089313,0.010857701777536156,3.3199264266357345,2.705686398999456,2.070188688580361,0.6367911073424944,3.6718144107492248,1.248699415191112,1.5428525877621324,0.03411047613917643
D_W,dw,143,143,0.01,0.02,512,512,0,512,,512,512,0,512,0,0.46307764862694256,0.4786087436865707,0.4065123919634741,0.5367907896667948,0.6101864265959359,0.43721846443525775,0.49152555331874165,0.011685685129737933,sample,106,0.4619897078493862,0.4785232314922956,0.4056699879610234,0.5360654596038876,0.6101746054615853,0.43732026590051787,0.4916665744623053,0.01217002434537602,3.337524464375276,2.7081260075433407,2.0664566523450363,0.6357210966886057,3.655898208698136,1.2544420225828312,1.5446160983464372,0.03823325907744223
D_W,dw,143,143,0.01,0.02,512,512,0,512,,512,512,0,512,0,0.46307764862694256,0.4786087436865707,0.4065123919634741,0.5367907896667948,0.6101864265959359,0.43721846443525775,0.49152555331874165,0.011685685129737933,sample,107,0.4618455214714257,0.4758030569432359,0.4086756206305636,0.54001861735424,0.6083239263477376,0.4415452864837873,0.4910015722937515,0.011540276593685162,3.2513655984863634,2.6821756072401888,2.039383944436274,0.6243568296775733,3.706768637841697,1.216913727448718,1.5425269324190876,0.03625484816711555
D_W,dw,143,143,0.01,0.02,512,512,0,512,,512,512,0,512,0,0.46307764862694256,0.4786087436865707,0.4065123919634741,0.5367907896667948,0.6101864265959359,0.43721846443525775,0.49152555331874165,0.011685685129737933,sample,108,0.46272086838364485,0.4783131023700168,0.4072906366658824,0.5363484288902117,0.6101574201852971,0.4370149655740323,0.49106446756070427,0.011243144552167074,3.3100196274924523,2.7061708937575433,2.06823172867993,0.6367281669454776,3.6684801870728876,1.2520775809606688,1.5427245237276919,0.035321380328336184
D_W,dw,143,143,0.01,0.02,512,512,0,512,,512,512,0,512,0,0.46307764862694256,0.4786087436865707,0.4065123919634741,0.5367907896667948,0.6101864265959359,0.43721846443525775,0.49152555331874165,0.011685685129737933,sample,109,0.46300647814652374,0.4790027931703498,0.40636120048001656,0.5366771260095476,0.609852694175775,0.43733504489030023,0.49188319350479776,0.01187652604939449,3.3209878743315686,2.715195378263365,2.0667683785855875,0.6352050100628878,3.6578413900379814,1.2485578787317668,1.5452966271389592,0.03731120698694554
D_W,dw,143,143,0.01,0.02,512,512,0,512,,512,512,0,512,0,0.46307764862694256,0.4786087436865707,0.4065123919634741,0.5367907896667948,0.6101864265959359,0.43721846443525775,0.49152555331874165,0.011685685129737933,sample,110,0.4626474881258058,0.4782510195406886,0.406816480107829,0.5366902631155401,0.6115415166949996,0.4373040902208491,0.49102204888330947,0.011938763319187255,3.323418430972403,2.707282439035327,2.0612268757766645,0.6421047145396035,3.6688680361115384,1.2530066153407566,1.5425912615224133,0.037506731136505975
D_W,dw,143,143,0.01,0.02,512,512,0,512,,512,512,0,512,0,0.46307764862694256,0.4786087436865707,0.4065123919634741,0.5367907896667948,0.6101864265959359,0.43721846443525775,0.49152555331874165,0.011685685129737933,sample,111,0.4630591936816399,0.47880577631768,0.40632307756396174,0.5368467859049881,0.6100661314833594,0.4372954349811844,0.49187386443532216,0.011837526843214584,3.3226967557174665,2.7148897299352814,2.0661081991106056,0.6363831102137794,3.6624755324380067,1.247753762604603,1.5452673190028299,0.03718868736731491
D_W,dw,143,143,0.01,0.02,512,512,0,512,,512,512,0,512,0,0.46307764862694256,0.4786087436865707,0.4065123919634741,0.5367907896667948,0.6101864265959359,0.43721846443525775,0.49152555331874165,0.011685685129737933,sample,112,0.46311115391647817,0.47887146463819347,0.4061236593019376,0.537113114456895,0.6104249233021519,0.4371291882770705,0.491288988033103,0.011390886581939956,3.3289885375572137,2.7163774060482018,2.0656876412842076,0.638567500705369,3.6617435149838067,1.2465635566975988,1.54342987559436,0.03578552560369711
D_W,dw,143,143,0.01,0.02,512,512,0,512,,512,512,0,512,0,0.46307764862694256,0.4786087436865707,0.4065123919634741,0.5367907896667948,0.6101864265959359,0.43721846443525775,0.49152555331874165,0.011685685129737933,sample,113,0.46277645809457263,0.47879483780977405,0.4062920149780125,0.5366176649207292,0.6101973541233657,0.4370506491011827,0.4918395121607172,0.011582621492518924,3.3266028103353884,2.712797914427962,2.0675516227892126,0.6371656641034569,3.6594126203912016,1.2499835451058938,1.5451593981492968,0.0363878785902087
D_W,dw,143,143,0.01,0.02,512,512,0,512,,512,512,0,512,0,0.46307764862694256,0.4786087436865707,0.4065123919634741,0.5367907896667948,0.6101864265959359,0.43721846443525775,0.49152555331874165,0.011685685129737933,sample,114,0.46304429763296606,0.47780994380347275,0.4068862561478663,0.5371797800320682,0.6102298057729777,0.43696429595330466,0.49170172542230683,0.011205024248878884,3.3160607204805492,2.708031239612161,2.0673717648132706,0.6382514908253575,3.682343064205154,1.245486004955904,1.5447265283441447,0.03520162186357339
D_W,dw,143,143,0.01,0.02,512,512,0,512,,512,512,0,512,0,0.46307764862694256,0.4786087436865707,0.4065123919634741,0.5367907896667948,0.6101864265959359,0.43721846443525775,0.49152555331874165,0.011685685129737933,sample,115,0.46294721088167595,0.4787026256550441,0.4066524864096561,0.5366575249501139,0.6103841534606327,0.4372565480024626,0.49180659004776317,0.011578045699572126,3.319506614512212,2.7122452478859667,2.065497337127015,0.6374987367342019,3.6632650754816893,1.2501647698559573,1.5450559702810998,0.03637350331270269
D_W,dw,143,143,0.01,0.02,512,512,0,512,,512,512,0,512,0,0.46307764862694256,0.4786087436865707,0.4065123919634741,0.5367907896667948,0.6101864265959359,0.43721846443525775,0.49152555331874165,0.011685685129737933,sample,116,0.46329263231116025,0.4781424083769237,0.4066622595275547,0.5365275994495269,0.6100663820132555,0.43698743433799125,0.4917688937900881,0.01165273461087606,3.3175418948906086,2.7123405818572723,2.0685240145250914,0.6366637952723638,3.678663660711319,1.2503644201116613,1.54493754399492,0.03660814544775975
D_W,dw,143,143,0.01,0.02,512,512,0,512,,512,512,0,512,0,0.46307764862694256,0.4786087436865707,0.4065123919634741,0.5367907896667948,0.6101864265959359,0.43721846443525775,0.49152555331874165,0.011685685129737933,sample,117,0.4631605604054179,0.4789180800566426,0.40654169137987645,0.5366290032038841,0.6105885732435231,0.4373333040983014,0.49181827589987853,0.012138448742174008,3.321154751524599,2.7152834600328286,2.064322508109624,0.6381090163134532,3.661369039106701,1.2509501503387759,1.5450926824682565,0.03813406139439013
D_W,dw,143,143,0.01,0.02,512,512,0,512,,512,512,0,512,0,0.46307764862694256,0.4786087436865707,0.4065123919634741,0.5367907896667948,0.6101864265959359,0.43721846443525775,0.49152555331874165,0.011685685129737933,sample,118,0.4633758929910278,0.47849809990096875,0.40642574938151954,0.5375726169354171,0.6094266620963446,0.43714344731197974,0.4913566655139581,0.010570148903912904,3.3176512411071886,2.715534515970008,2.068468606007847,0.635152248156773,3.6724705605685437,1.2400500733018511,1.543642490671028,0.033207102143882984
D_W,dw,143,143,0.01,0.02,512,512,0,512,,512,512,0,512,0,0.46307764862694256,0.4786087436865707,0.4065123919634741,0.5367907896667948,0.6101864265959359,0.43721846443525775,0.49152555331874165,0.011685685129737933,sample,119,0.4633535779954775,0.4781721140425567,0.40772798876684857,0.5368010493543651,0.6095180923326093,0.4368730227939428,0.4914224936359488,0.012928160170620227,3.2980866248010954,2.7085816135545215,2.070859393641571,0.6350918489658572,3.6787963003747177,1.2466233251656411,1.5438492958154737,0.04061501301645267
D_W,dw,143,143,0.01,0.02,512,512,0,512,,512,512,0,512,0,0.46307764862694256,0.4786087436865707,0.4065123919634741,0.5367907896667948,0.6101864265959359,0.43721846443525775,0.49152555331874165,0.011685685129737933,sample,120,0.46307331737830787,0.47864548377369887,0.40683270510454356,0.5364335594015007,0.6097543875696199,0.43768165435966366,0.49115982606408404,0.011805149784044715,3.309633326347428,2.712229269694787,2.0650643969735176,0.6336881237992283,3.6658996935226402,1.2502864428907507,1.543024101301367,0.03708697183608201
D_W,dw,143,143,0.01,0.02,512,512,0,512,,512,512,0,512,0,0.46307764862694256,0.4786087436865707,0.4065123919634741,0.5367907896667948,0.6101864265959359,0.43721846443525775,0.49152555331874165,0.011685685129737933,sample,121,0.4634825193935702,0.47843787515012526,0.40652423275428323,0.5366642083167724,0.6106804459143739,0.4374136932030025,0.4911994165663487,0.011898741826165665,3.3196091012167748,2.7156820423495844,2.0634356713688193,0.6383430846278999,3.6749681851118683,1.2509112723168583,1.5431484785324336,0.03738099990804365
D_W,dw,143,143,0.01,0.02,512,512,0,512,,512,512,0,512,0,0.46307764862694256,0.4786087436865707,0.4065123919634741,0.5367907896667948,0.6101864265959359,0.43721846443525775,0.49152555331874165,0.011685685129737933,sample,122,0.46296662269403865,0.47866463242774915,0.40638057300155206,0.5365231117249457,0.6104282993605953,0.43709589314970704,0.4912043110179728,0.01166893749459423,3.3250784212261264,2.713326342624442,2.0665679915809925,0.63786542038846,3.664262117950232,1.2513811283483445,1.5431638549056992,0.036659048308215716
D_W,dw,143,143,0.01,0.02,512,512,0,512,,512,512,0,512,0,0.46307764862694256,0.4786087436865707,0.4065123919634741,0.5367907896667948,0.6101864265959359,0.43721846443525775,0.49152555331874165,0.011685685129737933,sample,123,0.46312387734313804,0.4785691493461276,0.40619636752591576,0.5366742564915128,0.6102110516810959,0.43758273360829963,0.4912230208213911,0.011636533258664688,3.3229382604586775,2.714848163769831,2.063892633130896,0.636077548785513,3.6680424571266084,1.2495583735169735,1.543222633486668,0.03655724739867428
D_W,dw,143,143,0.01,0.02,512,512,0,512,,512,512,0,512,0,0.46307764862694256,0.4786087436865707,0.4065123919634741,0.5367907896667948,0.6101864265959359,0.43721846443525775,0.49152555331874165,0.011685685129737933,sample,124,0.46301270114958576,0.478530432523061,0.40638014973332315,0.5368295739220162,0.6102005554120167,0.4371940408336967,0.4918437106957732,0.011593449492366082,3.3230942940214496,2.713086833631304,2.0663445026129876,0.6371334783280957,3.6675189686545204,1.2482614996869141,1.5451725882361846,0.0364218957549816
D_W,dw,143,143,0.01,0.02,512,512,0,512,,512,512,0,512,0,0.46307764862694256,0.4786087436865707,0.4065123919634741,0.5367907896667948,0.6101864265959359,0.43721846443525775,0.49152555331874165,0.011685685129737933,sample,125,0.46347533720937606,0.47883300702831477,0.4065039542615859,0.5367848871567552,0.6100678743293285,0.4373520699455936,0.49189741513671464,0.011416181075782255,3.317641742355608,2.7174798214027063,2.0657951796964142,0.6361769705116513,3.6668217154320906,1.248264311740411,1.5453413057133114,0.03586499059972835
D_W,dw,143,143,0.01,0.02,512,512,0,512,,512,512,0,512,0,0.46307764862694256,0.4786087436865707,0.4065123919634741,0.5367907896667948,0.6101864265959359,0.43721846443525775,0.49152555331874165,0.011685685129737933,sample,126,0.46264590015922324,0.479070417089356,0.4048049440404387,0.5417636074362769,0.6075423194208498,0.4360475668927506,0.49224606699452567,0.011663083346614884,3.348888768610724,2.7189119928317567,2.0769646821604626,0.6362983039618872,3.6523109719684443,1.2003768743950178,1.546436627828471,0.036640656959930774
D_W,dw,143,143,0.01,0.02,512,512,0,512,,512,512,0,512,0,0.46307764862694256,0.4786087436865707,0.4065123919634741,0.5367907896667948,0.6101864265959359,0.43721846443525775,0.49152555331874165,0.011685685129737933,sample,127,0.4630006275296023,0.4791298773736192,0.40637795344321426,0.537200647246709,0.6109084835607708,0.43720385210696217,0.49129137791382527,0.01142763034239734,3.32762506086506,2.7156371243308532,2.0634532982767495,0.6404623075045991,3.655171629540496,1.2471711888775108,1.5434373836260802,0.0359009595316153
D_W,dw,143,143,0.01,0.02,512,512,0,512,,512,512,0,512,0,0.46307764862694256,0.4786087436865707,0.4065123919634741,0.5367907896667948,0.6101864265959359,0.43721846443525775,0.49152555331874165,0.011685685129737933,sample,128,0.46274763491609455,0.4784492673299249,0.40657732002919045,0.536952721498819,0.6100318746187463,0.4373591443001401,0.4917908706016443,0.011653829555591098,3.3189687584432006,2.7099023811985545,2.065678902609698,0.6362421809553069,3.6660581144068765,1.2467946016945821,1.5450065861846543,0.036611585318032595
D_W,dw,143,143,0.01,0.02,512,512,0,512,,512,512,0,512,0,0.46307764862694256,0.4786087436865707,0.4065123919634741,0.5367907896667948,0.6101864265959359,0.43721846443525775,0.49152555331874165,0.011685685129737933,sample,129,0.46315755413046894,0.47863072978296284,0.40603933201658204,0.5366801642264059,0.6105978374602384,0.4378655257955058,0.49186635466928147,0.011569253500739006,3.3254919723249996,2.7160080475813952,2.060683799661676,0.6370027259464989,3.667189681451044,1.2505583481705749,1.5452437263770062,0.036345881805439656
D_W,dw,143,143,0.01,0.02,512,512,0,512,,512,512,0,512,0,0.46307764862694256,0.4786087436865707,0.4065123919634741,0.5367907896667948,0.6101864265959359,0.43721846443525775,0.49152555331874165,0.011685685129737933,sample,130,0.46283323940631693,0.47844797507026254,0.4069341613891765,0.5368704060924568,0.6100595732069607,0.43736846914978234,0.4917545767251369,0.011760197544481264,3.3128275750501794,2.70909644095109,2.0656163822826827,0.636221174695384,3.667081892996282,1.2475428546239844,1.5448925656088484,0.03694575021050706
D_W,dw,143,143,0.01,0.02,512,512,0,512,,512,512,0,512,0,0.46307764862694256,0.4786087436865707,0.4065123919634741,0.5367907896667948,0.6101864265959359,0.43721846443525775,0.49152555331874165,0.011685685129737933,sample,131,0.46299354019161937,0.4788423527212687,0.4065562472727176,0.5367648830543009,0.6100385897466939,0.43714533998769434,0.4912289440507204,0.011657792334193819,3.3200456661293343,2.7136063097076475,2.0672966678632303,0.6365065921700085,3.6609648288930328,1.248347835962984,1.5432412418604147,0.036624034754178705
D_W,dw,143,143,0.01,0.02,512,512,0,512,,512,512,0,512,0,0.46307764862694256,0.4786087436865707,0.4065123919634741,0.5367907896667948,0.6101864265959359,0.43721846443525775,0.49152555331874165,0.011685685129737933,sample,132,0.4626740401605272,0.4783135184524415,0.4073892785923383,0.5382705360569935,0.6108960720866012,0.43605967372858373,0.4916895339271513,0.010868762368667975,3.3202831908401613,2.7054063124636025,2.069820269237727,0.6445006561098303,3.66792638190221,1.2384909852222432,1.544688227632528,0.03414522401102051
D_W,dw,143,143,0.01,0.02,512,512,0,512,,512,512,0,512,0,0.46307764862694256,0.4786087436865707,0.4065123919634741,0.5367907896667948,0.6101864265959359,0.43721846443525775,0.49152555331874165,0.011685685129737933,sample,133,0.46308504199856226,0.4786488819159464,0.4064024679007182,0.5368584932033424,0.6100619253685373,0.43723728820872443,0.49186569653991374,0.011551175671994311,3.321536782500498,2.7140753646278983,2.066496883632502,0.6365153255262089,3.665968349549083,1.2476466117266087,1.5452416588026194,0.03628908863146247
D_W,dw,143,143,0.01,0.02,512,512,0,512,,512,512,0,512,0,0.46307764862694256,0.4786087436865707,0.4065123919634741,0.5367907896667948,0.6101864265959359,0.43721846443525775,0.49152555331874165,0.011685685129737933,sample,134,0.46327260739407616,0.4788200037674634,0.40641075107673363,0.536691221473096,0.6101525410023841,0.4372525912337732,0.4918907873574035,0.011531431786532535,3.3210494109749327,2.716238494218491,2.066276098791929,0.6366200798303653,3.6646894694866248,1.2492606078337147,1.545320483930518,0.036227061385942436
D_W,dw,143,143,0.01,0.02,512,512,0,512,,512,512,0,512,0,0.46307764862694256,0.4786087436865707,0.4065123919634741,0.5367907896667948,0.6101864265959359,0.43721846443525775,0.49152555331874165,0.011685685129737933,sample,135,0.46407451402290195,0.4783443311937423,0.4068943677205944,0.5359647379940605,0.6106191555845947,0.436221592315461,0.4915973909406472,0.011854404963245933,3.3185865074557537,2.7182908564025694,2.072338821162149,0.6399136224345845,3.6840640623306147,1.2564539487340354,1.5443987519030467,0.0372417115452118
D_W,dw,143,143,0.01,0.02,512,512,0,512,,512,512,0,512,0,0.46307764862694256,0.4786087436865707,0.4065123919634741,0.5367907896667948,0.6101864265959359,0.43721846443525775,0.49152555331874165,0.011685685129737933,sample,136,0.4631901828968083,0.47847311748707566,0.4064753407278034,0.5365771307194883,0.6102889188900142,0.4370279006219201,0.49184078622684724,0.01138481589072582,3.3222085229569194,2.7138037421771903,2.06743563036877,0.6375323384717848,3.6707708554996965,1.2505630824497525,1.5451634007460913,0.035766453964776575
D_W,dw,143,143,0.01,0.02,512,512,0,512,,512,512,0,512,0,0.46307764862694256,0.4786087436865707,0.4065123919634741,0.5367907896667948,0.6101864265959359,0.43721846443525775,0.49152555331874165,0.011685685129737933,sample,137,0.4621602658813457,0.47949797123439625,0.40539471336651967,0.5372974463765958,0.6096684122504152,0.4366228334002872,0.4916908495732888,0.01306120075821718,3.3451450369986704,2.7146626025196516,2.071427776688833,0.6369464024559064,3.638127903021028,1.2429745650131654,1.5446923608567682,0.04103297234907653
D_W,dw,143,143,0.01,0.02,512,512,0,512,,512,512,0,512,0,0.46307764862694256,0.4786087436865707,0.4065123919634741,0.5367907896667948,0.6101864265959359,0.43721846443525775,0.49152555331874165,0.011685685129737933,sample,138,0.4628384148771249,0.4787641086062136,0.4063825637078952,0.5366115484118301,0.6099962691653485,0.4370047504808576,0.49125942428280645,0.011215267712386292,3.3241055269714868,2.712773085328866,2.0685536453162707,0.6364541296869064,3.660752965531921,1.2494866446363253,1.543336998333616,0.03523380265327558
D_W,dw,143,143,0.01,0.02,512,512,0,512,,512,512,0,512,0,0.46307764862694256,0.4786087436865707,0.4065123919634741,0.5367907896667948,0.6101864265959359,0.43721846443525775,0.49152555331874165,0.011685685129737933,sample,139,0.46391300956933734,0.4800645599792151,0.40580102903702164,0.5372561660553173,0.6097586250729585,0.43792962567380067,0.4920529614396474,0.012261832566539274,3.323327134911568,2.7290460783045356,2.062445133213637,0.6342515902350806,3.6462975525703074,1.2435623419683475,1.545829968835898,0.03852168311058786
D_W,dw,143,143,0.01,0.02,512,512,0,512,,512,512,0,512,0,0.46307764862694256,0.4786087436865707,0.4065123919634741,0.5367907896667948,0.6101864265959359,0.43721846443525775,0.49152555331874165,0.011685685129737933,sample,140,0.46280646082780025,0.47895507408240967,0.40537515122378165,0.5368155100842691,0.6096204553107981,0.4373133894511329,0.4919800676003302,0.011803468784279667,3.3368945421073564,2.717391018348177,2.0675509414596163,0.6345070357512759,3.656502133693384,1.2467867464904663,1.5456009660858072,0.03708169081956945
D_W,dw,143,143,0.01,0.02,512,512,0,512,,512,512,0,512,0,0.46307764862694256,0.4786087436865707,0.4065123919634741,0.5367907896667948,0.6101864265959359,0.43721846443525775,0.49152555331874165,0.011685685129737933,sample,141,0.4636992089918706,0.4784757118846663,0.40653246469258114,0.5374741084235483,0.610194805016514,0.4375778908882818,0.49132933691392083,0.012067583830206077,3.3154976246113272,2.7174759771354937,2.0630660664968135,0.6371070928861019,3.6768067839211747,1.2429937645887355,1.5435566353419181,0.03791143270755439
D_W,dw,143,143,0.01,0.02,512,512,0,512,,512,512,0,512,0,0.46307764862694256,0.4786087436865707,0.4065123919634741,0.5367907896667948,0.6101864265959359,0.43721846443525775,0.49152555331874165,0.011685685129737933,sample,142,0.46334778691785256,0.4791094657456535,0.40613181916854424,0.5368542352209291,0.6106214252978903,0.4373535617716428,0.49132089007987534,0.011296014136703284,3.3274309194363147,2.7192085044997545,2.0638220129351996,0.6384968886380674,3.6596359100719114,1.2492050256845324,1.5435300988301346,0.03548747502671348
D_W,dw,143,143,0.01,0.02,512,512,0,512,,512,512,0,512,0,0.46307764862694256,0.4786087436865707,0.4065123919634741,0.5367907896667948,0.6101864265959359,0.43721846443525775,0.49152555331874165,0.011685685129737933,sample,143,0.4632922517140125,0.47864976804462184,0.4065006125756984,0.5365645956473787,0.6101776646970489,0.4371240771021549,0.4912176664036725,0.011846057370025805,3.320284420208943,2.7152714089852736,2.0671904908432372,0.6368467283803212,3.6683933313485486,1.2503638891285294,1.5432058120872991,0.03721548680767629
D_W,dw,143,143,0.01,0.02,512,512,0,512,,512,512,0,512,0,0.46307764862694256,0.4786087436865707,0.4065123919634741,0.5367907896667948,0.6101864265959359,0.43721846443525775,0.49152555331874165,0.011685685129737933,sample,144,0.4631959478483549,0.4787889210757262,0.4065738626606882,0.53681509551858,0.6103940372985812,0.4368209382173892,0.4912316842530145,0.011474222332920114,3.3230005995648386,2.714855432871834,2.068180644453284,0.6387497233676241,3.664421800764004,1.2489065070565757,1.5432498504598111,0.03604733258675777
D_W,dw,143,143,0.01,0.02,512,512,0,512,,512,512,0,512,0,0.46307764862694256,0.4786087436865707,0.4065123919634741,0.5367907896667948,0.6101864265959359,0.43721846443525775,0.49152555331874165,0.011685685129737933,sample,145,0.46317126727249275,0.47857686889908996,0.40707772905340844,0.536616386641356,0.6103050888416776,0.43700498281773825,0.49110685773650387,0.012280288719124555,3.312837024299668,2.7116788855436567,2.0674881739483895,0.6377025327981158,3.6684446872192433,1.2502862878200105,1.5428576963925682,0.038579664823963314
D_W,dw,143,143,0.01,0.02,512,512,0,512,,512,512,0,512,0,0.46307764862694256,0.4786087436865707,0.4065123919634741,0.5367907896667948,0.6101864265959359,0.43721846443525775,0.49152555331874165,0.011685685129737933,sample,146,0.46303036181701185,0.47874950797325816,0.40632272876617626,0.5368063767102885,0.6108899704151411,0.4372383574298621,0.49183892600060725,0.011244056092566719,3.3274405773207496,2.714422160100904,2.0637317195966562,0.6397785806622094,3.663283609173834,1.2503201167736577,1.5451575566730016,0.03532424401695916
D_W,dw,143,143,0.01,0.02,512,512,0,512,,512,512,0,512,0,0.46307764862694256,0.4786087436865707,0.4065123919634741,0.5367907896667948,0.6101864265959359,0.43721846443525775,0.49152555331874165,0.011685685129737933,sample,147,0.4631493441987943,0.4787958171592958,0.4065691408204238,0.5373055965991939,0.6104426296664481,0.4373626278522861,0.4918477710623434,0.01167827667498344,3.320101066661585,2.714546839399466,2.063854497235306,0.6383658908942461,3.663733923919294,1.2450468077610246,1.5451853442539725,0.03668838820871701
D_W,dw,143,143,0.01,0.02,512,512,0,512,,512,512,0,512,0,0.46307764862694256,0.4786087436865707,0.4065123919634741,0.5367907896667948,0.6101864265959359,0.43721846443525775,0.49152555331874165,0.011685685129737933,sample,148,0.4625218437284612,0.4787718596566752,0.40651058588198913,0.5372600584845952,0.6106115767350565,0.4371011735493582,0.49124274663454204,0.011465062269422894,3.3262968752637745,2.709858713102682,2.06507203071376,0.63958172021674,3.656950143479513,1.2458796620933705,1.5432846039563493,0.036018555398568484
D_W,dw,143,143,0.01,0.02,512,512,0,512,,512,512,0,512,0,0.46307764862694256,0.4786087436865707,0.4065123919634741,0.5367907896667948,0.6101864265959359,0.43721846443525775,0.49152555331874165,0.011685685129737933,sample,149,0.46314156621404057,0.4787766627077104,0.40679088803328856,0.5370074232964261,0.6103235685597569,0.4374043163826491,0.491806576003783,0.011946710822055796,3.315399683377515,2.713505624377589,2.0643215358896683,0.63738707960654,3.6640330634230867,1.2471470169157024,1.545055926160635,0.037531698953132166
D_W,dw,143,143,0.01,0.02,512,512,0,512,,512,512,0,512,0,0.46307764862694256,0.4786087436865707,0.4065123919634741,0.5367907896667948,0.6101864265959359,0.43721846443525775,0.49152555331874165,0.011685685129737933,sample,150,0.46287920040382685,0.4788677475948703,0.4066942164275223,0.5368358345922243,0.6104376361488004,0.43714496524151675,0.49122615627230326,0.011226675243241961,3.32042852951985,2.7122793506701464,2.0658554495318633,0.6382088238535054,3.6591200913980915,1.2488559914242465,1.5432324837962197,0.03526964046840735
D_W,dw,143,143,0.01,0.02,512,512,0,512,,512,512,0,512,0,0.46307764862694256,0.4786087436865707,0.4065123919634741,0.5367907896667948,0.6101864265959359,0.43721846443525775,0.49152555331874165,0.011685685129737933,sample,151,0.46304174830283784,0.47868149367285967,0.40649853714646683,0.5366466895267784,0.6100242445130468,0.43713220445438444,0.4912124194162003,0.011687016751105164,3.32057791461798,2.7135002941785977,2.067568428157758,0.6363204444762384,3.664798662517994,1.249275310093666,1.543189328190003,0.03671584596765284
D_W,dw,143,143,0.01,0.02,512,512,0,512,,512,512,0,512,0,0.46307764862694256,0.4786087436865707,0.4065123919634741,0.5367907896667948,0.6101864265959359,0.43721846443525775,0.49152555331874165,0.011685685129737933,sample,152,0.46270221658933486,0.4779896632159102,0.40661279609543927,0.537345770753682,0.6099590582965793,0.4373870952514526,0.4911051681004985,0.011611502222241377,3.3178628628911913,2.70736636019798,2.0652880691003923,0.636419226942635,3.674719130776133,1.2433864534430783,1.5428523882445064,0.03647861007853507
D_W,dw,143,143,0.01,0.02,512,512,0,512,,512,512,0,512,0,0.46307764862694256,0.4786087436865707,0.4065123919634741,0.5367907896667948,0.6101864265959359,0.43721846443525775,0.49152555331874165,0.011685685129737933,sample,153,0.46333701492044105,0.4785299820142854,0.40643490374313324,0.5369649179493056,0.6097798161762591,0.43694494763817016,0.49188426996523904,0.011254631180486184,3.3204897113957053,2.715343406298218,2.069289016277359,0.636197541148751,3.6713601578044344,1.2460020351932553,1.5453000089391735,0.035357466635478015
D_W,dw,143,143,0.01,0.02,512,512,0,512,,512,512,0,512,0,0.46307764862694256,0.4786087436865707,0.4065123919634741,0.5367907896667948,0.6101864265959359,0.43721846443525775,0.49152555331874165,0.011685685129737933,sample,154,0.4630145587745713,0.4785921739388982,0.4065971268357508,0.5366866244683148,0.6100566172982915,0.43713648894010154,0.4911874558650856,0.011673558477525173,3.3191657957406977,2.712497513459158,2.067383350257685,0.6364943872297892,3.666291263229269,1.2490368967020007,1.5431109028812138,0.036673565554243934
D_W,dw,143,143,0.01,0.02,512,512,0,512,,512,512,0,512,0,0.46307764862694256,0.4786087436865707,0.4065123919634741,0.5367907896667948,0.6101864265959359,0.43721846443525775,0.49152555331874165,0.011685685129737933,sample,155,0.4633062966691137,0.47976753029846164,0.4060331054578171,0.536610359105597,0.6095491059802388,0.43858116417659926,0.491954639068248,0.012223917871609119,3.315652816725329,2.7221340000274603,2.0595149889621713,0.6310496214736178,3.6455009248903623,1.2482737933318089,1.545521079996226,0.038402570583532185
D_W,dw,143,143,0.01,0.02,512,512,0,512,,512,512,0,512,0,0.46307764862694256,0.4786087436865707,0.4065123919634741,0.5367907896667948,0.6101864265959359,0.43721846443525775,0.49152555331874165,0.011685685129737933,sample,156,0.4632600332527789,0.47872353375037463,0.40668860253639305,0.536738955652246,0.6102408007382826,0.43730403441675153,0.49184343369836886,0.011534623244278785,3.316616679321045,2.7145944727689315,2.065577484332334,0.6369216274898005,3.6665098976811925,1.2491109051829627,1.545171718023174,0.0362370876461523
D_W,dw,143,143,0.01,0.02,512,512,0,512,,512,512,0,512,0,0.46307764862694256,0.4786087436865707,0.4065123919634741,0.5367907896667948,0.6101864265959359,0.43721846443525775,0.49152555331874165,0.011685685129737933,sample,157,0.46342256530186166,0.4778117254551119,0.4065081694086784,0.5369430303921411,0.6104399660234352,0.43692363294154496,0.4913665611231251,0.010194168971408594,3.321890171584798,2.71244271182432,2.0671962423042625,0.6388701683554754,3.6868590148841625,1.2479891224395085,1.5436735786440898,0.03202592635003026
D_W,dw,143,143,0.01,0.02,512,512,0,512,,512,512,0,512,0,0.46307764862694256,0.4786087436865707,0.4065123919634741,0.5367907896667948,0.6101864265959359,0.43721846443525775,0.49152555331874165,0.011685685129737933,sample,158,0.4638238640343531,0.47829228744898666,0.4072261161611348,0.5380732194363083,0.6102975331797734,0.43690088694990054,0.4916508932449713,0.011455200754281,3.309159209455866,2.7147922321158227,2.0665255517827754,0.6398930528539389,3.6820534331308545,1.2384161226942885,1.5445668343492616,0.03598757453504545
D_W,dw,143,143,0.01,0.02,512,512,0,512,,512,512,0,512,0,0.46307764862694256,0.4786087436865707,0.4065123919634741,0.5367907896667948,0.6101864265959359,0.43721846443525775,0.49152555331874165,0.011685685129737933,sample,159,0.46325161375497126,0.4782180936626617,0.4069227082592132,0.5368192259399718,0.6100812047554582,0.43710993666654946,0.4917577862216849,0.011542487344894697,3.3129432830300574,2.711312266871912,2.067324459225376,0.6368324411554459,3.6766501286987343,1.248020136209536,1.5449026485396253,0.03626179344687434
D_W,dw,143,143,0.01,0.02,512,512,0,512,,512,512,0,512,0,0.46307764862694256,0.4786087436865707,0.4065123919634741,0.5367907896667948,0.6101864265959359,0.43721846443525775,0.49152555331874165,0.011685685129737933,sample,160,0.46293368057083656,0.4786441042901665,0.4061061165585756,0.5361606836203482,0.609302303324325,0.4366694050065887,0.49179384253000447,0.012966922550812143,3.3265568114887714,2.714089012248407,2.073705417060458,0.6338413545845272,3.6642935094689175,1.2512987910404565,1.5450159227729576,0.040736788625299246
D_W,dw,143,143,0.01,0.02,512,512,0,512,,512,512,0,512,0,0.46307764862694256,0.4786087436865707,0.4065123919634741,0.5367907896667948,0.6101864265959359,0.43721846443525775,0.49152555331874165,0.011685685129737933,sample,161,0.46304044143889234,0.4788812141886069,0.40636341761883943,0.5366834754335604,0.6101719557987031,0.4369528039011828,0.4912387158973212,0.012013887273224106,3.325007474253221,2.7149151333931463,2.0682146435739956,0.6373766271233704,3.660719147438303,1.249376735663733,1.5432719410219078,0.03774273999861676
D_W,dw,143,143,0.01,0.02,512,512,0,512,,512,512,0,512,0,0.46307764862694256,0.4786087436865707,0.4065123919634741,0.5367907896667948,0.6101864265959359,0.43721846443525775,0.49152555331874165,0.011685685129737933,sample,162,0.46333386662174714,0.4795019585957069,0.4057135370489085,0.5372484508362152,0.6109088530352876,0.43722628312921535,0.49134131995572405,0.012564403778649582,3.337362141130038,2.722467528043761,2.0632490155814702,0.6404772803801676,3.651354144998934,1.2467848141564741,1.5435942811780148,0.039472238607741364
D_W,dw,143,143,0.01,0.02,512,512,0,512,,512,512,0,512,0,0.46307764862694256,0.4786087436865707,0.4065123919634741,0.5367907896667948,0.6101864265959359,0.43721846443525775,0.49152555331874165,0.011685685129737933,sample,163,0.4631747606360059,0.47743228488182105,0.40936264853826765,0.5364659406957357,0.6090132202773161,0.43417682407142927,0.49142488741262436,0.011467233178468015,3.2877505481878786,2.696906966586324,2.0908410966534787,0.6389782591826907,3.6913946513207474,1.2479877373507557,1.543856816086692,0.03602537551047625
D_W,dw,143,143,0.01,0.02,512,512,0,512,,512,512,0,512,0,0.46307764862694256,0.4786087436865707,0.4065123919634741,0.5367907896667948,0.6101864265959359,0.43721846443525775,0.49152555331874165,0.011685685129737933,sample,164,0.4631661053466951,0.47834857671028574,0.4062851392774361,0.5367945525851634,0.6103191991879431,0.4370829166480361,0.491214142951559,0.011537422775045176,3.325211127691839,2.713829891827273,2.0667190048775828,0.6378189163241123,3.6730025478308455,1.2488704951990297,1.5431947428360242,0.03624588263144149
D_W,dw,143,143,0.01,0.02,512,512,0,512,,512,512,0,512,0,0.46307764862694256,0.4786087436865707,0.4065123919634741,0.5367907896667948,0.6101864265959359,0.43721846443525775,0.49152555331874165,0.011685685129737933,sample,165,0.46295543161772595,0.4783601300800392,0.40638160354911396,0.5368775835224083,0.6103604471183626,0.4369809956295891,0.4911688432437743,0.011831494204471467,3.3254909063777873,2.7118869024216807,2.06716119209343,0.6383304770775518,3.670281953970557,1.2483057349083537,1.543052429606838,0.037169735273757776
D_W,dw,143,143,0.01,0.02,512,512,0,512,,512,512,0,512,0,0.46307764862694256,0.4786087436865707,0.4065123919634741,0.5367907896667948,0.6101864265959359,0.43721846443525775,0.49152555331874165,0.011685685129737933,sample,166,0.46308003393784053,0.4778647050250329,0.4066579317864248,0.5369731906495904,0.6103352028434951,0.4369460539001363,0.49116162465302127,0.010962568504299873,3.320218775422205,2.709483678160669,2.0673703125645853,0.6384379070272947,3.681679797648914,1.2474577227189318,1.543029751735159,0.034439924677583326
D_W,dw,143,143,0.01,0.02,512,512,0,512,,512,512,0,512,0,0.46307764862694256,0.4786087436865707,0.4065123919634741,0.5367907896667948,0.6101864265959359,0.43721846443525775,0.49152555331874165,0.011685685129737933,sample,167,0.46245215583115346,0.4794908432223203,0.4059464166908689,0.5373679554439897,0.6080787756959994,0.4381031475097409,0.49150047411910697,0.010434239880730294,3.3164417212997654,2.71468042126969,2.0669066956727393,0.6272587771655211,3.64152447224793,1.2379150292030503,1.5440942787284866,0.03278013135509593
D_W,dw,143,143,0.01,0.02,512,512,0,512,,512,512,0,512,0,0.46307764862694256,0.4786087436865707,0.4065123919634741,0.5367907896667948,0.6101864265959359,0.43721846443525775,0.49152555331874165,0.011685685129737933,sample,168,0.46308961059033993,0.4787268952877363,0.4065244336050357,0.5365873056410321,0.6102026772826913,0.4371441276808125,0.4918464950177847,0.011721557350113695,3.320810493764391,2.713963694170306,2.066945533226334,0.6369317216121364,3.6644368710542006,1.250246114839755,1.5451813354417612,0.03682435845974863
D_W,dw,143,143,0.01,0.02,512,512,0,512,,512,512,0,512,0,0.46307764862694256,0.4786087436865707,0.4065123919634741,0.5367907896667948,0.6101864265959359,0.43721846443525775,0.49152555331874165,0.011685685129737933,sample,169,0.46254755482271276,0.47887424007406687,0.4070249407141014,0.5365967705539799,0.6107146997842753,0.43720868120512413,0.4916497039247576,0.011521288617722536,3.317313135462316,2.708402746765293,2.0647591073532165,0.6388595402495346,3.6551731277835606,1.2515526444630674,1.5445630979896154,0.03619519568132482
D_W,dw,143,143,0.01,0.02,512,512,0,512,,512,512,0,512,0,0.46307764862694256,0.4786087436865707,0.4065123919634741,0.5367907896667948,0.6101864265959359,0.43721846443525775,0.49152555331874165,0.011685685129737933,sample,170,0.4632742256108303,0.4788233352576968,0.4064890567226754,0.5367353071925635,0.609965981802841,0.43732073816364075,0.4912549803416902,0.011518573115974371,3.3183527886671698,2.7159509819173,2.0664093175198475,0.6357719672620616,3.6646404626389053,1.2483913316488344,1.5433230372808522,0.03618666468098198
D_W,dw,143,143,0.01,0.02,512,512,0,512,,512,512,0,512,0,0.46307764862694256,0.4786087436865707,0.4065123919634741,0.5367907896667948,0.6101864265959359,0.43721846443525775,0.49152555331874165,0.011685685129737933,sample,171,0.4631133914366626,0.4780606719737929,0.40668297163264294,0.5366907327943112,0.6109110740479075,0.43614859068676454,0.4911215653255816,0.011788958511101469,3.3281765463656114,2.7105230634649655,2.071000896252333,0.6422137173408802,3.6781632953170034,1.2513165353304105,1.5429039016463668,0.03703610545195124
D_W,dw,143,143,0.01,0.02,512,512,0,512,,512,512,0,512,0,0.46307764862694256,0.4786087436865707,0.4065123919634741,0.5367907896667948,0.6101864265959359,0.43721846443525775,0.49152555331874165,0.011685685129737933,sample,172,0.4633504343887645,0.47745828801688645,0.4066160406546614,0.5373804811196459,0.6103010649210066,0.4372776941982592,0.4913068001267785,0.011804860208818532,3.3172624007968223,2.709832400968907,2.0648140512186504,0.6380922736030757,3.693012748385947,1.2440486377449727,1.5434858339369963,0.03708606210867877
D_W,dw,143,143,0.01,0.02,512,512,0,512,,512,512,0,512,0,0.46307764862694256,0.4786087436865707,0.4065123919634741,0.5367907896667948,0.6101864265959359,0.43721846443525775,0.49152555331874165,0.011685685129737933,sample,173,0.463181767681559,0.4784612035023114,0.40661086942622676,0.5366991442620987,0.6101611543904114,0.437270929416966,0.4918108044227588,0.011757038605005632,3.3177530053052697,2.713138424110104,2.0661153955046565,0.6366233346074662,3.670912365873681,1.2492193143966648,1.5450692101306256,0.03693582610945728
D_W,dw,143,143,0.01,0.02,512,512,0,512,,512,512,0,512,0,0.46307764862694256,0.4786087436865707,0.4065123919634741,0.5367907896667948,0.6101864265959359,0.43721846443525775,0.49152555331874165,0.011685685129737933,sample,174,0.4633911361718553,0.479213904014196,0.40651894556686774,0.5364119179182929,0.6103770441572087,0.43767123784737916,0.49121376721459964,0.013276700940940207,3.317295850174986,2.7184552410850564,2.063032104796474,0.636194640824818,3.6579904962096452,1.2521509507792876,1.543193562423553,0.041709986139966446
D_W,dw,143,143,0.01,0.02,512,512,0,512,,512,512,0,512,0,0.46307764862694256,0.4786087436865707,0.4065123919634741,0.5367907896667948,0.6101864265959359,0.43721846443525775,0.49152555331874165,0.011685685129737933,sample,175,0.4630122532517158,0.47809395457096526,0.40630420849350335,0.5376036979994493,0.609844471338609,0.43818164751542765,0.4917778518266908,0.011848860761620351,3.315785205690119,2.711441510646289,2.060061987968382,0.6345018564309245,3.6762951851317323,1.2409655266306485,1.5449656864969017,0.037224293922114855
D_W,dw,143,143,0.01,0.02,512,512,0,512,,512,512,0,512,0,0.46307764862694256,0.4786087436865707,0.4065123919634741,0.5367907896667948,0.6101864265959359,0.43721846443525775,0.49152555331874165,0.011685685129737933,sample,176,0.46289884688831656,0.47854860499473795,0.40663484480456935,0.5368327091499204,0.6103003999245081,0.4372591671364474,0.49179688851311826,0.011672374218658325,3.319505282631731,2.711265065355744,2.065566533817879,0.6373903658034576,3.6658185598621773,1.2485080806015505,1.5450254920111308,0.036669845095287895
D_W,dw,143,143,0.01,0.02,512,512,0,512,,512,512,0,512,0,0.46307764862694256,0.4786087436865707,0.4065123919634741,0.5367907896667948,0.6101864265959359,0.43721846443525775,0.49152555331874165,0.011685685129737933,sample,177,0.4632983643405842,0.4791629889611985,0.4069181975282501,0.536597242350632,0.6105953879010225,0.4371173131325349,0.4917706373566649,0.0125456652386097,3.3162072325467395,2.7159071288671077,2.0657719561132777,0.6385883506765676,3.657954237398114,1.2512273570216714,1.5449430215708686,0.03941336974801307
D_W,dw,143,143,0.01,0.02,512,512,0,512,,512,512,0,512,0,0.46307764862694256,0.4786087436865707,0.4065123919634741,0.5367907896667948,0.6101864265959359,0.43721846443525775,0.49152555331874165,0.011685685129737933,sample,178,0.4628220248493365,0.4768285869008943,0.4070200751682168,0.5369663002409827,0.6097748767301129,0.4372949706896923,0.4913158578796729,0.01247972793439852,3.3093108181970456,2.701288256041864,2.0669703825310313,0.635374030761274,3.6989372031551593,1.2459771174814325,1.5435142897069474,0.03920622159750571
D_W,dw,143,143,0.01,0.02,512,512,0,512,,512,512,0,512,0,0.46307764862694256,0.4786087436865707,0.4065123919634741,0.5367907896667948,0.6101864265959359,0.43721846443525775,0.49152555331874165,0.011685685129737933,sample,179,0.46313291856853406,0.4781829744784041,0.40673550408785875,0.5373742129069252,0.6103345810286506,0.43754144264753453,0.49113526100539423,0.011746044814338682,3.315144383335792,2.711010257810933,2.0629505999979223,0.6376163819636431,3.6759425777728634,1.2441919432779016,1.542946927893452,0.03690128809746289
D_W,dw,143,143,0.01,0.02,512,512,0,512,,512,512,0,512,0,0.46307764862694256,0.4786087436865707,0.4065123919634741,0.5367907896667948,0.6101864265959359,0.43721846443525775,0.49152555331874165,0.011685685129737933,sample,180,0.463314345236542,0.4788351011464385,0.4068361351225625,0.537073897142705,0.6098794514774577,0.43731511985242305,0.4912162756095396,0.011825663925980596,3.312348633885517,2.714912238432754,2.0663539716819233,0.6358940557426285,3.664872980551245,1.2453855893775951,1.5432014427786687,0.03715141891368247
D_W,dw,143,143,0.01,0.02,512,512,0,512,,512,512,0,512,0,0.46307764862694256,0.4786087436865707,0.4065123919634741,0.5367907896667948,0.6101864265959359,0.43721846443525775,0.49152555331874165,0.011685685129737933,sample,181,0.46320399627148995,0.4784397798651372,0.4063182481273011,0.5368669912622446,0.6098563504302799,0.43639060261598017,0.4912546772656865,0.012035235629532149,3.3270393607483904,2.7143933942499388,2.072822753150046,0.6376551608719095,3.6716091532738653,1.2470137061027482,1.5433220851395055,0.03780980783796033
D_W,dw,143,143,0.01,0.02,512,512,0,512,,512,512,0,512,0,0.46307764862694256,0.4786087436865707,0.4065123919634741,0.5367907896667948,0.6101864265959359,0.43721846443525775,0.49152555331874165,0.011685685129737933,sample,182,0.46341541482249204,0.4785374193460259,0.4059280201546552,0.536790041115391,0.6110191976090267,0.43706471798349983,0.49127396389653377,0.01136916309962511,3.3339612592042895,2.7180043238103724,2.064464754489642,0.6406745073534169,3.672142894943332,1.2508007480609749,1.5433826758772877,0.035717279271246405
D_W,dw,143,143,0.01,0.02,512,512,0,512,,512,512,0,512,0,0.46307764862694256,0.4786087436865707,0.4065123919634741,0.5367907896667948,0.6101864265959359,0.43721846443525775,0.49152555331874165,0.011685685129737933,sample,183,0.4633184208765301,0.47820182187300436,0.4065301348205949,0.5363872517333921,0.6098887218638875,0.43710437312522354,0.4916680003501791,0.01259158399707018,3.3178211416603585,2.713340700159364,2.068515250519069,0.6354925240588033,3.677776502170135,1.2510317276539111,1.5446205779053066,0.03955762778225448
D_W,dw,143,143,0.01,0.02,512,512,0,512,,512,512,0,512,0,0.46307764862694256,0.4786087436865707,0.4065123919634741,0.5367907896667948,0.6101864265959359,0.43721846443525775,0.49152555331874165,0.011685685129737933,sample,184,0.4631385237857319,0.4787078045300678,0.406341005330229,0.5367287245921534,0.609772474189165,0.43723747463800744,0.491243795883363,0.01189212681383543,3.3207823901490503,2.714993448831743,2.067635948228106,0.6351758367642439,3.6653991873447205,1.247915588637645,1.543287900268737,0.037360218233903585
D_W,dw,143,143,0.01,0.02,512,512,0,512,,512,512,0,512,0,0.46307764862694256,0.4786087436865707,0.4065123919634741,0.5367907896667948,0.6101864265959359,0.43721846443525775,0.49152555331874165,0.011685685129737933,sample,185,0.46259221391824296,0.47854306077645103,0.4060138120169878,0.5367774392340102,0.6104861471358692,0.4374405977768885,0.4918017965819319,0.011832393240226413,3.3305847538184707,2.7114107642203464,2.063788424470392,0.6376496750136733,3.6623708031748294,1.2494635193723465,1.545040911164059,0.03717255967788083
D_W,dw,143,143,0.01,0.02,512,512,0,512,,512,512,0,512,0,0.46307764862694256,0.4786087436865707,0.4065123919634741,0.5367907896667948,0.6101864265959359,0.43721846443525775,0.49152555331874165,0.011685685129737933,sample,186,0.46321304670496216,0.4787061965920491,0.4065312565466603,0.5371668453696328,0.6104162989577634,0.43761735268124086,0.4912171849071658,0.01131937814432311,3.3183855432265283,2.714791634836995,2.0624047450781946,0.6374905589221003,3.6663088894804337,1.246102809064691,1.543204299421411,0.03556087522141035
D_W,dw,143,143,0.01,0.02,512,512,0,512,,512,512,0,512,0,0.46307764862694256,0.4786087436865707,0.4065123919634741,0.5367907896667948,0.6101864265959359,0.43721846443525775,0.49152555331874165,0.011685685129737933,sample,187,0.4641181623189354,0.4805211585173431,0.40541462146894824,0.5362716124716653,0.6128328004722903,0.43732122858693356,0.4919020550023622,0.010621896259002273,3.349192880684012,2.7341002840583357,2.0572549348563602,0.6467453596467996,3.6389381596401305,1.2597665050437497,1.5453558822811435,0.033369671254474445
D_W,dw,143,143,0.01,0.02,512,512,0,512,,512,512,0,512,0,0.46307764862694256,0.4786087436865707,0.4065123919634741,0.5367907896667948,0.6101864265959359,0.43721846443525775,0.49152555331874165,0.011685685129737933,sample,188,0.46290993192868296,0.47894865275141724,0.4066231466760872,0.5367585482581612,0.6101047355705764,0.43764165342260625,0.49123245373963953,0.011520597067644689,3.316318811931798,2.7131582914546906,2.063765332134596,0.6356276953179866,3.657827964109909,1.2485801720799443,1.5432522678733394,0.03619302311268067
D_W,dw,143,143,0.01,0.02,512,512,0,512,,512,512,0,512,0,0.46307764862694256,0.4786087436865707,0.4065123919634741,0.5367907896667948,0.6101864265959359,0.43721846443525775,0.49152555331874165,0.011685685129737933,sample,189,0.4616588544325854,0.47643356614054505,0.4103498769112666,0.5394621405431511,0.6130322415002286,0.43475160474612706,0.490907140930564,0.013530277047473518,3.29608136110961,2.676343586280975,2.0697892551820116,0.6577230532279806,3.6927155513592305,1.2349031286832433,1.542230267542229,0.0425066189733774
D_W,dw,143,143,0.01,0.02,512,512,0,512,,512,512,0,512,0,0.46307764862694256,0.4786087436865707,0.4065123919634741,0.5367907896667948,0.6101864265959359,0.43721846443525775,0.49152555331874165,0.011685685129737933,sample,190,0.4645243342427352,0.4795708290973136,0.4059741263710274,0.5376985580766377,0.6108959062105177,0.4354947497504965,0.4917499755339782,0.012224913205653614,3.3406809363675922,2.7309589489674235,2.074193776981275,0.6450252686756048,3.664076266403131,1.243106723642834,1.5448781105405065,0.03840569751765424
D_W,dw,143,143,0.01,0.02,512,512,0,512,,512,512,0,512,0,0.46307764862694256,0.4786087436865707,0.4065123919634741,0.5367907896667948,0.6101864265959359,0.43721846443525775,0.49152555331874165,0.011685685129737933,sample,191,0.4629499561169292,0.4783147909761264,0.4067291989491069,0.5371748793672374,0.6087825277739611,0.4378935140149378,0.4912415110636489,0.010119920539431192,3.305499589483145,2.7102320719191573,2.066121756020918,0.6302974417047573,3.6711295515223505,1.2415027493312911,1.5432807222959084,0.03179266802158949
D_W,dw,143,143,0.01,0.02,512,512,0,512,,512,512,0,512,0,0.46307764862694256,0.4786087436865707,0.4065123919634741,0.5367907896667948,0.6101864265959359,0.43721846443525775,0.49152555331874165,0.011685685129737933,sample,192,0.463270773141475,0.4786949685690332,0.4067963223962616,0.5372791682485121,0.6100180968710341,0.4376167995516864,0.491207536051277,0.01143550156434416,3.3118175450407756,2.71411418320847,2.063630418691794,0.6360407743820932,3.667218818629678,1.24409279860098,1.5431739866466352,0.035925687704658205
D_W,dw,143,143,0.01,0.02,512,512,0,512,,512,512,0,512,0,0.46307764862694256,0.4786087436865707,0.4065123919634741,0.5367907896667948,0.6101864265959359,0.43721846443525775,0.49152555331874165,0.011685685129737933,sample,193,0.46322601857485934,0.4786269929058315,0.40638970835422716,0.5366635659067017,0.6103954503372924,0.437339078381657,0.49120528148117804,0.01182716202510105,3.322055572918904,2.7151090397370368,2.0649022326619004,0.6373634378403074,3.668073285941633,1.250146091944967,1.5431669037057754,0.03715612533087364
D_W,dw,143,143,0.01,0.02,512,512,0,512,,512,512,0,512,0,0.46307764862694256,0.4786087436865707,0.4065123919634741,0.5367907896667948,0.6101864265959359,0.43721846443525775,0.49152555331874165,0.011685685129737933,sample,194,0.4632496944849457,0.47851989303662484,0.4062656982105972,0.5370795895765659,0.6099016512754882,0.4367900147292593,0.49184406489846216,0.012183522677934978,3.3253799370235937,2.7153113041859607,2.069768741455476,0.6371992642901281,3.670528068311163,1.2454002765479426,1.54517370099675,0.038275665339845166
D_W,dw,143,143,0.01,0.02,512,512,0,512,,512,512,0,512,0,0.46307764862694256,0.4786087436865707,0.4065123919634741,0.5367907896667948,0.6101864265959359,0.43721846443525775,0.49152555331874165,0.011685685129737933,sample,195,0.46337978840024935,0.47827138393175683,0.40606501054302035,0.5362673653209136,0.6105908062885959,0.43674137527334916,0.49180752010722156,0.012035976605494795,3.331307542202871,2.715992234159311,2.0686550541693767,0.6389958173921401,3.677108372516858,1.2539058345965601,1.5450588921490618,0.03781213568260106
D_W,dw,143,143,0.01,0.02,512,512,0,512,,512,512,0,512,0,0.46307764862694256,0.4786087436865707,0.4065123919634741,0.5367907896667948,0.6101864265959359,0.43721846443525775,0.49152555331874165,0.011685685129737933,sample,196,0.46321006475085,0.47888525163419066,0.40644335814127497,0.5365921949054681,0.6107248757078865,0.4364898834176029,0.4912449393853472,0.011622049408152927,3.3290413290959986,2.7159153151469773,2.069495815475859,0.640545605821434,3.662620400490533,1.251617286006812,1.54329149268617,0.036511745040310836
D_W,dw,143,143,0.01,0.02,512,512,0,512,,512,512,0,512,0,0.46307764862694256,0.4786087436865707,0.4065123919634741,0.5367907896667948,0.6101864265959359,0.43721846443525775,0.49152555331874165,0.011685685129737933,sample,197,0.4628583061772768,0.478744374841802,0.4066921202185253,0.5370225265284455,0.6104901933183307,0.43662913550124854,0.4912029641805947,0.0115320438813235,3.324389379474523,2.7115854119189713,2.0688868399405393,0.6398567386486788,3.6613839606546335,1.2474788888274937,1.5431596236912868,0.03622898433844103
D_W,dw,143,143,0.01,0.02,512,512,0,512,,512,512,0,512,0,0.46307764862694256,0.4786087436865707,0.4065123919634741,0.5367907896667948,0.6101864265959359,0.43721846443525775,0.49152555331874165,0.011685685129737933,sample,198,0.4630152116610728,0.4787078505966867,0.4068160771720288,0.537185615316342,0.6097223716676818,0.4374071632578858,0.4918335414459718,0.011569564139486245,3.3124072844786756,2.712126836986416,2.0661471842105534,0.6352033515659914,3.663952980060551,1.2440384152880388,1.545140640595716,0.036346857705845906
D_W,dw,143,143,0.01,0.02,512,512,0,512,,512,512,0,512,0,0.46307764862694256,0.4786087436865707,0.4065123919634741,0.5367907896667948,0.6101864265959359,0.43721846443525775,0.49152555331874165,0.011685685129737933,sample,199,0.4627205488714398,0.47860205393057165,0.4064318661792925,0.5367513792608772,0.6105336288668897,0.43687948302177415,0.4917856612619025,0.011970065920634739,3.3273960210233335,2.7109592887771528,2.06738781912649,0.6390913070524714,3.662665823414555,1.2498045325757392,1.5449902205611914,0.037605071159251637
D_W,dw,143,143,0.01,0.02,512,512,0,512,,512,512,0,512,0,0.46307764862694256,0.4786087436865707,0.4065123919634741,0.5367907896667948,0.6101864265959359,0.43721846443525775,0.49152555331874165,0.011685685129737933,sample,200,0.4630172860616843,0.4782268864218185,0.406575673517871,0.5367975798020365,0.6101405433065514,0.43711150813898003,0.49178326787857923,0.011796613303893682,3.319857851773298,2.7109762784239018,2.067135745050475,0.6370384249977371,3.6736898039363237,1.2483589998840956,1.5449827015257258,0.03706015369275201
D_W,dw,143,143,0.01,0.02,512,512,0,512,,512,512,0,512,0,0.46307764862694256,0.4786087436865707,0.4065123919634741,0.5367907896667948,0.6101864265959359,0.43721846443525775,0.49152555331874165,0.011685685129737933,sample,201,0.46315649341322085,0.4785822220024838,0.4068249226629643,0.5365636631621522,0.6100496826336781,0.4369198113330877,0.49117929201471067,0.011601808444927851,3.316244991985813,2.7126178463363373,2.0689903297546834,0.6368006001488036,3.6681617989251816,1.2500239032947524,1.5430852553888508,0.03644815617894136
D_W,dw,143,143,0.01,0.02,512,512,0,512,,512,512,0,512,0,0.46307764862694256,0.4786087436865707,0.4065123919634741,0.5367907896667948,0.6101864265959359,0.43721846443525775,0.49152555331874165,0.011685685129737933,sample,202,0.4629771513118983,0.47859492034090595,0.40645855659984703,0.536950386127596,0.6100725934339674,0.43728207686978215,0.49183476908754153,0.011828766093850319,3.3208234853702745,2.7127839211179494,2.066056589320208,0.636579495624246,3.6657974912849456,1.246925316832904,1.5451444973454527,0.03716116466147219
D_W,dw,143,143,0.01,0.02,512,512,0,512,,512,512,0,512,0,0.46307764862694256,0.4786087436865707,0.4065123919634741,0.5367907896667948,0.6101864265959359,0.43721846443525775,0.49152555331874165,0.011685685129737933,sample,203,0.4627400976736842,0.4787714010581887,0.40575278423367506,0.536622201794585,0.6104383599515518,0.43655876816489436,0.4913038673993709,0.011877312003633067,3.340190928849612,2.7145837598360956,2.069986952652685,0.6392744287007538,3.659467799861074,1.2505997168776517,1.5434766205021173,0.03731367613500751
D_W,dw,143,143,0.01,0.02,512,512,0,512,,512,512,0,512,0,0.46307764862694256,0.4786087436865707,0.4065123919634741,0.5367907896667948,0.6101864265959359,0.43721846443525775,0.49152555331874165,0.011685685129737933,sample,204,0.4628675140247224,0.47835054881636146,0.40654188551840376,0.5370048336791764,0.610294968503459,0.43725116944930936,0.4911501568222814,0.011567166669792732,3.321106028311648,2.710524057464313,2.0654420250584207,0.6376187646885588,3.669442718252189,1.2470899374293818,1.5429937244823542,0.03633932583266956
D_W,dw,143,143,0.01,0.02,512,512,0,512,,512,512,0,512,0,0.46307764862694256,0.4786087436865707,0.4065123919634741,0.5367907896667948,0.6101864265959359,0.43721846443525775,0.49152555331874165,0.011685685129737933,sample,205,0.4631237368278501,0.47838676539891256,0.4062008789893661,0.5367679026886004,0.6104808003468142,0.4372533061195708,0.4918315026983023,0.011779412659681614,3.3264404325410277,2.7140170939754844,2.065064730124176,0.6380434160986008,3.6717300107044073,1.2495267265311634,1.545134235681015,0.03700611627525836
D_W,dw,143,143,0.01,0.02,512,512,0,512,,512,512,0,512,0,0.46307764862694256,0.4786087436865707,0.4065123919634741,0.5367907896667948,0.6101864265959359,0.43721846443525775,0.49152555331874165,0.011685685129737933,sample,206,0.4623279110065051,0.479331741432366,0.40758184562884786,0.5359413556081869,0.6105775046420299,0.43705244378116925,0.49139662030523484,0.013692290155273339,3.3096573068493997,2.7063804720229143,2.066999077100124,0.6377976870392988,3.6433879292311735,1.2565344371481915,1.5437680123497788,0.04301559816262657
D_W,dw,143,143,0.01,0.02,512,512,0,512,,512,512,0,512,0,0.46307764862694256,0.4786087436865707,0.4065123919634741,0.5367907896667948,0.6101864265959359,0.43721846443525775,0.49152555331874165,0.011685685129737933,sample,207,0.463394645451165,0.47896026800270974,0.4061745019495495,0.5368615529384739,0.6101641040765869,0.4371708938870054,0.4913071817508667,0.011671778499618231,3.3252712735799927,2.718741936460455,2.066586634526662,0.6370829307385992,3.6632555510693363,1.2479009510285006,1.5434870328444281,0.036667973588727934
D_W,dw,143,143,0.01,0.02,512,512,0,512,,512,512,0,512,0,0.46307764862694256,0.4786087436865707,0.4065123919634741,0.5367907896667948,0.6101864265959359,0.43721846443525775,0.49152555331874165,0.011685685129737933,sample,208,0.4628605963324768,0.4787776364237009,0.40644466499547777,0.5369280997581656,0.6099013681628895,0.4370184121833158,0.4918607514699939,0.011499131147304062,3.322621578703772,2.712751675543787,2.0684250456554225,0.636466734170815,3.6607356662309605,1.2466375567681882,1.545226123407288,0.03612558593503601
D_W,dw,143,143,0.01,0.02,512,512,0,512,,512,512,0,512,0,0.46307764862694256,0.4786087436865707,0.4065123919634741,0.5367907896667948,0.6101864265959359,0.43721846443525775,0.49152555331874165,0.011685685129737933,sample,209,0.46246101187913086,0.4792302378530836,0.4070047839574714,0.5371625213457215,0.6111175356691927,0.43662454830253195,0.49152393463889155,0.01199719072351701,3.3248517027338,2.709354533606395,2.066624138363602,0.6425782808419233,3.646954501823446,1.248047086469835,1.5441679821250913,0.03769028624071665
D_W,dw,143,143,0.01,0.02,512,512,0,512,,512,512,0,512,0,0.46307764862694256,0.4786087436865707,0.4065123919634741,0.5367907896667948,0.6101864265959359,0.43721846443525775,0.49152555331874165,0.011685685129737933,sample,210,0.4632173878738386,0.478812584137359,0.4065374746387217,0.5357619600033842,0.6102044117928743,0.4377819401232674,0.4911599187110633,0.012463218829077225,3.3152573518500468,2.7152716629628317,2.0636062197096217,0.634385635527676,3.6641910219435867,1.2570115683596084,1.5430243923604363,0.039154356713510995
D_W,dw,143,143,0.01,0.02,512,512,0,512,,512,512,0,512,0,0.46307764862694256,0.4786087436865707,0.4065123919634741,0.5367907896667948,0.6101864265959359,0.43721846443525775,0.49152555331874165,0.011685685129737933,sample,211,0.46373763704410387,0.47937259118232806,0.4066850452980093,0.5369972824407564,0.6092907734114708,0.43730575946522554,0.4913901495180845,0.011281813418151572,3.310555796263304,2.721174668767766,2.0685250202589915,0.6334463423244338,3.6587836712453052,1.2443836641440056,1.5437476837724042,0.035442862153635735
D_W,dw,143,143,0.01,0.02,512,512,0,512,,512,512,0,512,0,0.46307764862694256,0.4786087436865707,0.4065123919634741,0.5367907896667948,0.6101864265959359,0.43721846443525775,0.49152555331874165,0.011685685129737933,sample,212,0.4636267354097644,0.47886380624314195,0.406838547608813,0.5371669773578578,0.6107018197739075,0.4373794770452597,0.4918007847080567,0.011995718151550844,3.3149772243718836,2.7174381964640175,2.0630230790776842,0.6391834245415372,3.6679927836262123,1.2468817575060323,1.5450377322685265,0.037685660019445864
D_W,dw,143,143,0.01,0.02,512,512,0,512,,512,512,0,512,0,0.46307764862694256,0.4786087436865707,0.4065123919634741,0.5367907896667948,0.6101864265959359,0.43721846443525775,0.49152555331874165,0.011685685129737933,sample,213,0.4626004289860549,0.4794203079842842,0.40788625598815337,0.5369011882691769,0.6103234711363317,0.43784758974143195,0.4914806108098609,0.011620897642233827,3.297393747126586,2.707630504140973,2.0614832699562586,0.6362329318694215,3.644639647022373,1.2480125490284466,1.5440318763020833,0.03650812666096074
D_W,dw,143,143,0.01,0.02,512,512,0,512,,512,512,0,512,0,0.46307764862694256,0.4786087436865707,0.4065123919634741,0.5367907896667948,0.6101864265959359,0.43721846443525775,0.49152555331874165,0.011685685129737933,sample,214,0.46327973401735234,0.4793144104811833,0.4066726957340564,0.5371835777371468,0.6102111192244105,0.43725443377571305,0.49128530942061305,0.011769350514990269,3.317849404598059,2.7174158512048794,2.0655010116734847,0.6375158755306172,3.6546116108844955,1.2454037213262705,1.5434183188923862,0.036974505115416674
D_W,dw,143,143,0.01,0.02,512,512,0,512,,512,512,0,512,0,0.46307764862694256,0.4786087436865707,0.4065123919634741,0.5367907896667948,0.6101864265959359,0.43721846443525775,0.49152555331874165,0.011685685129737933,sample,215,0.46220046229588146,0.477954297152046,0.4061999521936226,0.5379805240601784,0.6095787755635839,0.4385320451201381,0.491532429847815,0.013631779292232976,3.31721364807432,2.7050943799066918,2.058165668347022,0.6331615458968672,3.669587601093859,1.2371494256829088,1.5441946706110359,0.04282549767983659
D_W,dw,143,143,0.01,0.02,512,512,0,512,,512,512,0,512,0,0.46307764862694256,0.4786087436865707,0.4065123919634741,0.5367907896667948,0.6101864265959359,0.43721846443525775,0.49152555331874165,0.011685685129737933,sample,216,0.4636197081541691,0.47848770525233664,0.40646932347622305,0.5363615319029399,0.6101501942867131,0.4368267291213094,0.491844528929909,0.011528881217541831,3.3210956940535237,2.717175946938658,2.06949410067973,0.6371502786565513,3.675603329027133,1.2519507898102513,1.5451751587945346,0.03621904853713877
D_W,dw,143,143,0.01,0.02,512,512,0,512,,512,512,0,512,0,0.46307764862694256,0.4786087436865707,0.4065123919634741,0.5367907896667948,0.6101864265959359,0.43721846443525775,0.49152555331874165,0.011685685129737933,sample,217,0.46301891828086383,0.4782443107814525,0.4064686654468686,0.5365635727379376,0.610328756248833,0.4372729196573545,0.4917757836177023,0.011925617548563147,3.3213275355075487,2.7115008267928693,2.065683588171337,0.6371124317766127,3.6733591434758663,1.2507816931418214,1.5449591890267373,0.037465432480087504
D_W,dw,143,143,0.01,0.02,512,512,0,512,,512,512,0,512,0,0.46307764862694256,0.4786087436865707,0.4065123919634741,0.5367907896667948,0.6101864265959359,0.43721846443525775,0.49152555331874165,0.011685685129737933,sample,218,0.4631074936109256,0.4786690235116884,0.40675885517252935,0.5369059775757226,0.6104828848623822,0.4370693815027532,0.49115376642837383,0.011989478948167853,3.319041242320976,2.71289605503956,2.0661240918594492,0.6386585188044782,3.6658229935690314,1.2484076703836184,1.5430050643943365,0.037666058983933604
D_W,dw,143,143,0.01,0.02,512,512,0,512,,512,512,0,512,0,0.46307764862694256,0.4786087436865707,0.4065123919634741,0.5367907896667948,0.6101864265959359,0.43721846443525775,0.49152555331874165,0.011685685129737933,sample,219,0.46230882568130693,0.4789431359913902,0.40697373823158256,0.5365983690432266,0.6100576341477625,0.43657103069669245,0.4913053510066347,0.011823599983793101,3.320201591316723,2.70706846244286,2.071241174162987,0.6376845252258249,3.6510666155401394,1.2497615508510884,1.5434812813917982,0.03714493484806881
D_W,dw,143,143,0.01,0.02,512,512,0,512,,512,512,0,512,0,0.46307764862694256,0.4786087436865707,0.4065123919634741,0.5367907896667948,0.6101864265959359,0.43721846443525775,0.49152555331874165,0.011685685129737933,sample,220,0.4630917199333719,0.4787280657747285,0.4066343858901474,0.5366905849596483,0.6104364304439622,0.4372259652502483,0.49182238999710853,0.01172420282282518,3.3197300437753845,2.713540755739887,2.0654853450946673,0.637823648961074,3.664437790784733,1.2500367386162874,1.5451056072858904,0.0368326694573843
D_W,dw,143,143,0.01,0.02,512,512,0,512,,512,512,0,512,0,0.46307764862694256,0.4786087436865707,0.4065123919634741,0.5367907896667948,0.6101864265959359,0.43721846443525775,0.49152555331874165,0.011685685129737933,sample,221,0.4624637072867993,0.47918001280454225,0.4067046837044318,0.5365415525317219,0.6093700591074853,0.4372596907834712,0.4913290905801519,0.010247030029689123,3.315763806175254,2.7103843137409287,2.069088398543356,0.6332553197061106,3.6480087397247285,1.2483475762141538,1.5435558614615592,0.03219199426238535
D_W,dw,143,143,0.01,0.02,512,512,0,512,,512,512,0,512,0,0.46307764862694256,0.4786087436865707,0.4065123919634741,0.5367907896667948,0.6101864265959359,0.43721846443525775,0.49152555331874165,0.011685685129737933,sample,222,0.46310128515311677,0.4781462058423681,0.4058061358460053,0.5371475098875523,0.6092546832917992,0.4371475411806482,0.4913463502002599,0.012692072799238834,3.3273931836010537,2.714354914972583,2.0695318061340475,0.6338707614396227,3.6763047754707756,1.2430502918560749,1.5436100841572944,0.03987332266491556
D_W,dw,143,143,0.01,0.02,512,512,0,512,,512,512,0,512,0,0.46307764862694256,0.4786087436865707,0.4065123919634741,0.5367907896667948,0.6101864265959359,0.43721846443525775,0.49152555331874165,0.011685685129737933,sample,223,0.46087314897335874,0.4770100634456099,0.4087013546984477,0.5361376002399408,0.6103831138476371,0.43715902819690194,0.49081602701107635,0.009041174410822894,3.2942628120922945,2.680297762888802,2.066736159430178,0.6370271405139375,3.6728255908092966,1.254410227279408,1.541944024722127,0.02840368710886523
D_W,dw,143,143,0.01,0.02,512,512,0,512,,512,512,0,512,0,0.46307764862694256,0.4786087436865707,0.4065123919634741,0.5367907896667948,0.6101864265959359,0.43721846443525775,0.49152555331874165,0.011685685129737933,sample,224,0.4631547604072285,0.47841925956800097,0.4068708756221581,0.5362079082290839,0.6114497884050171,0.4383759455189419,0.49106691158730165,0.011090233943284799,3.312433948077074,2.71168897666346,2.054928803167325,0.6386732796984259,3.671440858991743,1.2566721479429046,1.5427322018636953,0.03484099748281569
D_W,dw,143,143,0.01,0.02,512,512,0,512,,512,512,0,512,0,0.46307764862694256,0.4786087436865707,0.4065123919634741,0.5367907896667948,0.6101864265959359,0.43721846443525775,0.49152555331874165,0.011685685129737933,sample,225,0.4630659073484098,0.47894913526330274,0.4065445273857058,0.5369947711637895,0.6101714008542055,0.43735403734108375,0.4918688781700461,0.011339697417601945,3.31943524777905,2.7146797154392326,2.065188993007587,0.6368722712766273,3.6596291367607745,1.246833822841935,1.5452516541884698,0.03562471010106942
D_W,dw,143,143,0.01,0.02,512,512,0,512,,512,512,0,512,0,0.46307764862694256,0.4786087436865707,0.4065123919634741,0.5367907896667948,0.6101864265959359,0.43721846443525775,0.49152555331874165,0.011685685129737933,sample,226,0.4630066373536701,0.4783878576464833,0.4059971345677418,0.5366053073798437,0.6100005140275869,0.43701250023062294,0.4918749240935981,0.01174873417540901,3.329317204887365,2.713949516900846,2.0684945913654746,0.636444999826597,3.6703259832952053,1.2495492869199465,1.545270648017485,0.03690973697444428
D_W,dw,143,143,0.01,0.02,512,512,0,512,,512,512,0,512,0,0.46307764862694256,0.4786087436865707,0.4065123919634741,0.5367907896667948,0.6101864265959359,0.43721846443525775,0.49152555331874165,0.011685685129737933,sample,227,0.4633784592654185,0.4798986505144674,0.40887346143492254,0.5331366602931588,0.6081479222835826,0.4380341247076285,0.49164050080936966,0.01053795483997575,3.263848597724583,2.7117462320331875,2.071975294506078,0.6221402975875638,3.6435864472220323,1.2734772069155438,1.5445341855499224,0.033105961509128826
D_W,dw,143,143,0.01,0.02,512,512,0,512,,512,512,0,512,0,0.46307764862694256,0.4786087436865707,0.4065123919634741,0.5367907896667948,0.6101864265959359,0.43721846443525775,0.49152555331874165,0.011685685129737933,sample,228,0.460088677490712,0.4780972046161753,0.4058236130137933,0.541469095969416,0.6093575760001997,0.43812689342537164,0.49109964924979527,0.008568296595568065,3.336696731856855,2.691300469531265,2.057395582218456,0.6382624383233539,3.6435037248513162,1.2083429372725334,1.542835050263681,0.026918097638415066
D_W,dw,143,143,0.01,0.02,512,512,0,512,,512,512,0,512,0,0.46307764862694256,0.4786087436865707,0.4065123919634741,0.5367907896667948,0.6101864265959359,0.43721846443525775,0.49152555331874165,0.011685685129737933,sample,229,0.46326081913714345,0.47868984963499184,0.4070061293240738,0.536478717207241,0.6100246107714009,0.43730871799481136,0.49117842937141215,0.011382367602084307,3.3100876804429618,2.7131638705073997,2.066581204411467,0.6356917858555347,3.667205479557025,1.2506511592518097,1.5430825453150014,0.03575876243916653
D_W,dw,143,143,0.01,0.02,512,512,0,512,,512,512,0,512,0,0.46307764862694256,0.4786087436865707,0.4065123919634741,0.5367907896667948,0.6101864265959359,0.43721846443525775,0.49152555331874165,0.011685685129737933,sample,230,0.46292319991459974,0.47818803418502015,0.4066285784052053,0.5365212674189112,0.61001655562536,0.43707302044115814,0.4917792459191852,0.011574826202107508,3.3188057190283535,2.709870536903819,2.068132258110109,0.6362578410662996,3.6733584664239847,1.250280876155935,1.5449700661676404,0.036363388963119594
D_W,dw,143,143,0.01,0.02,512,512,0,512,,512,512,0,512,0,0.46307764862694256,0.4786087436865707,0.4065123919634741,0.5367907896667948,0.6101864265959359,0.43721846443525775,0.49152555331874165,0.011685685129737933,sample,231,0.46317671135200456,0.4783950093733328,0.40675019385247774,0.536912896231528,0.6099312869108624,0.4372398402628062,0.4917987918975464,0.011733653132665849,3.3145987387397495,2.7122385548286,2.0668642643616715,0.636057341186989,3.6721908374215073,1.2468440118260966,1.5450314716696671,0.03686235848135389
D_W,dw,143,143,0.01,0.02,512,512,0,512,,512,512,0,512,0,0.46307764862694256,0.4786087436865707,0.4065123919634741,0.5367907896667948,0.6101864265959359,0.43721846443525775,0.49152555331874165,0.011685685129737933,sample,232,0.4629745676412672,0.4790810792034228,0.4068041531771407,0.5382334531000733,0.6102026529002702,0.4375221751862119,0.4918447020771848,0.01164829194105823,3.3155434412157376,2.713503060223038,2.0625295111652573,0.638314453147323,3.6558700129660706,1.2368522297433502,1.5451757027527442,0.036594188388897726
D_W,dw,143,143,0.01,0.02,512,512,0,512,,512,512,0,512,0,0.46307764862694256,0.4786087436865707,0.4065123919634741,0.5367907896667948,0.6101864265959359,0.43721846443525775,0.49152555331874165,0.011685685129737933,sample,233,0.4630807018465492,0.4781249647088366,0.4067059274607802,0.5370339525615371,0.6100071099660888,0.4375907291335261,0.49175142706549235,0.01173826015577848,3.31352761139477,2.7104713268796496,2.0641237667418393,0.6357226494616195,3.6764862362379493,1.2460632666973883,1.5448826706612477,0.03687683187131945
D_W,dw,143,143,0.01,0.02,512,512,0,512,,512,512,0,512,0,0.46307764862694256,0.4786087436865707,0.4065123919634741,0.5367907896667948,0.6101864265959359,0.43721846443525775,0.49152555331874165,0.011685685129737933,sample,234,0.4632453736458145,0.47832781364025145,0.40633085267084995,0.5374869939652213,0.6105375847321877,0.4370760439492076,0.49175198374743007,0.01237144333338099,3.325754907964799,2.7141563882146427,2.0652296727296804,0.6396501400336392,3.674363484221644,1.2438347697807692,1.5448844195291336,0.038866035490452144
D_W,dw,143,143,0.01,0.02,512,512,0,512,,512,512,0,512,0,0.46307764862694256,0.4786087436865707,0.4065123919634741,0.5367907896667948,0.6101864265959359,0.43721846443525775,0.49152555331874165,0.011685685129737933,sample,235,0.4627296694300662,0.4788792180957129,0.4067283399694617,0.5365528975005214,0.6101100430988616,0.43728133102659494,0.4917781269208307,0.011461872585717322,3.317683061487802,2.711039322432093,2.0663871195356545,0.6361978066462572,3.6571605062512234,1.2502760020263097,1.5449665507306307,0.036008534711671786
D_W,dw,143,143,0.01,0.02,512,512,0,512,,512,512,0,512,0,0.46307764862694256,0.4786087436865707,0.4065123919634741,0.5367907896667948,0.6101864265959359,0.43721846443525775,0.49152555331874165,0.011685685129737933,sample,236,0.4621237618254692,0.4786651537927816,0.4060338913458002,0.5365346088163736,0.6103522749712446,0.43769633665594343,0.4916325465125496,0.011622657219366386,3.329746637146986,2.7082843680162685,2.062810711206307,0.6362011232203223,3.654572810573307,1.2510818576254368,1.5445091963894682,0.03651365453555381
D_W,dw,143,143,0.01,0.02,512,512,0,512,,512,512,0,512,0,0.46307764862694256,0.4786087436865707,0.4065123919634741,0.5367907896667948,0.6101864265959359,0.43721846443525775,0.49152555331874165,0.011685685129737933,sample,237,0.46275214224791156,0.47934203938572606,0.40683529943097896,0.5366260944476202,0.6113036436890372,0.43800842869781326,0.49158200638159305,0.011080834761046496,3.3176294851742583,2.7127852199366775,2.0574139974010137,0.6394622219069499,3.6479668060763966,1.2528924954449057,1.5443504198853435,0.03481146908094608
D_W,dw,143,143,0.01,0.02,512,512,0,512,,512,512,0,512,0,0.46307764862694256,0.4786087436865707,0.4065123919634741,0.5367907896667948,0.6101864265959359,0.43721846443525775,0.49152555331874165,0.011685685129737933,sample,238,0.46266870213576416,0.47911276140894304,0.40577916978862655,0.5366667601136947,0.6104755910041535,0.4372487640080084,0.491841764232617,0.01153450673163003,3.335837711986253,2.715407600670827,2.065227134687176,0.6378973666263298,3.651707960993139,1.2503370485444443,1.5451664732418326,0.03623672161087092
D_W,dw,143,143,0.01,0.02,512,512,0,512,,512,512,0,512,0,0.46307764862694256,0.4786087436865707,0.4065123919634741,0.5367907896667948,0.6101864265959359,0.43721846443525775,0.49152555331874165,0.011685685129737933,sample,239,0.46256778638767654,0.47925970373710397,0.40640357722089104,0.5365559646371747,0.6102138824714146,0.4372314527535191,0.49143327749845933,0.011411332444205245,3.3249157812142904,2.7127517819348137,2.066360981778641,0.6367345421895597,3.647559947798194,1.2505326779215964,1.543883174318714,0.03584975817438606
D_W,dw,143,143,0.01,0.02,512,512,0,512,,512,512,0,512,0,0.46307764862694256,0.4786087436865707,0.4065123919634741,0.5367907896667948,0.6101864265959359,0.43721846443525775,0.49152555331874165,0.011685685129737933,sample,240,0.4634433835964539,0.4779636745269735,0.4063504691249673,0.5358784505663418,0.6109066503234472,0.4380326975093094,0.49172164997202333,0.010900082276554935,3.3186162209260757,2.7139323806623055,2.0594099468169804,0.6368106592108882,3.684068376290427,1.2579205063277998,1.5447891231631603,0.034243618403549295
D_W,dw,143,143,0.01,0.02,512,512,0,512,,512,512,0,512,0,0.46307764862694256,0.4786087436865707,0.4065123919634741,0.5367907896667948,0.6101864265959359,0.43721846443525775,0.49152555331874165,0.011685685129737933,sample,241,0.4628330162846373,0.47924331163501704,0.4065282830772357,0.5368136579340473,0.6099151309054484,0.43749078107242484,0.49183639752240554,0.011700654488389922,3.318559521199343,2.7142286934752704,2.0653578952335456,0.635283056773535,3.650916358972607,1.2476112353569495,1.5451496132244584,0.03675869018291822
D_W,dw,143,143,0.01,0.02,512,512,0,512,,512,512,0,512,0,0.46307764862694256,0.4786087436865707,0.4065123919634741,0.5367907896667948,0.6101864265959359,0.43721846443525775,0.49152555331874165,0.011685685129737933,sample,242,0.46299261610347026,0.47865226140552913,0.4064927134147926,0.5368773834295938,0.610406942113854,0.4371771001311686,0.49182600902643026,0.011764767057214657,3.3226778249105653,2.713017932075529,2.065698999006689,0.6380674405545314,3.6648167379219663,1.2484339570162468,1.5451169768018205,0.03696010575814078
D_W,dw,143,143,0.01,0.02,512,512,0,512,,512,512,0,512,0,0.46307764862694256,0.4786087436865707,0.4065123919634741,0.5367907896667948,0.6101864265959359,0.43721846443525775,0.49152555331874165,0.011685685129737933,sample,243,0.46314598364553233,0.4787471571361085,0.40652475746154226,0.5366992754347163,0.610405479561307,0.43725168892523014,0.4918520731595693,0.0113256112088901,3.320975745945124,2.7144847665621263,2.0654097206997024,0.6376516770850416,3.6646859080665424,1.24988197801178,1.5451988596910124,0.03558045697126336
D_W,dw,143,143,0.01,0.02,512,512,0,512,,512,512,0,512,0,0.46307764862694256,0.4786087436865707,0.4065123919634741,0.5367907896667948,0.6101864265959359,0.43721846443525775,0.49152555331874165,0.011685685129737933,sample,244,0.4633429218196214,0.47896645568936846,0.40653514946992364,0.5364430858495927,0.609537663036674,0.4363341285124466,0.49195201067470457,0.011180707862632002,3.321881581582363,2.716927779975567,2.074791920471118,0.635941248602698,3.662518740785176,1.249616658570409,1.5455128226543793,0.035125229683178334
D_W,dw,143,143,0.01,0.02,512,512,0,512,,512,512,0,512,0,0.46307764862694256,0.4786087436865707,0.4065123919634741,0.5367907896667948,0.6101864265959359,0.43721846443525775,0.49152555331874165,0.011685685129737933,sample,245,0.46335328754407634,0.47895922288694864,0.40640459807697016,0.5359338374673156,0.6106029330856921,0.4368029810533972,0.491862822501706,0.012034707808868719,3.3259520690323106,2.7174993889262034,2.0685779206906645,0.6384641259371127,3.6627892794229475,1.2566635088667786,1.5452326297452998,0.037808149640441685
D_W,dw,143,143,0.01,0.02,512,512,0,512,,512,512,0,512,0,0.46307764862694256,0.4786087436865707,0.4065123919634741,0.5367907896667948,0.6101864265959359,0.43721846443525775,0.49152555331874165,0.011685685129737933,sample,246,0.46347683806817086,0.47853600147016534,0.406248729124385,0.5369483491991663,0.6102962373195416,0.43758109131313966,0.4912659203526343,0.011747630511791125,3.321237230231585,2.717185971784924,2.063302602967189,0.6367935901141142,3.6729054336963998,1.2475537806206847,1.5433574063388642,0.036906269712930304
D_W,dw,143,143,0.01,0.02,512,512,0,512,,512,512,0,512,0,0.46307764862694256,0.4786087436865707,0.4065123919634741,0.5367907896667948,0.6101864265959359,0.43721846443525775,0.49152555331874165,0.011685685129737933,sample,247,0.463155879367302,0.4786476292728772,0.4067844985725573,0.5369907841835101,0.6100136296579398,0.4373974861990397,0.4918199520611475,0.011743593930799752,3.313742547549979,2.7130685599009423,2.065441656580911,0.6361324097253641,3.66682666519274,1.24643367981268,1.5450979482841851,0.03689358841974218
D_W,dw,143,143,0.01,0.02,512,512,0,512,,512,512,0,512,0,0.46307764862694256,0.4786087436865707,0.4065123919634741,0.5367907896667948,0.6101864265959359,0.43721846443525775,0.49152555331874165,0.011685685129737933,sample,248,0.4630135304717862,0.47770705865054974,0.4068525079627746,0.5365708990555569,0.6106240912149886,0.4372303135224846,0.49165319710797395,0.011773975872117839,3.316478736325289,2.7074675306342333,2.0649524801730217,0.6384102031517697,3.6840188062300854,1.2515194026808938,1.5445740721483454,0.03698903610338888
D_W,dw,143,143,0.01,0.02,512,512,0,512,,512,512,0,512,0,0.46307764862694256,0.4786087436865707,0.4065123919634741,0.5367907896667948,0.6101864265959359,0.43721846443525775,0.49152555331874165,0.011685685129737933,sample,249,0.46358176873836626,0.4780142687181954,0.4073424892778483,0.5363287512956656,0.6101936947884287,0.43731290980038323,0.4915653292276535,0.0120781847052234,3.3034499960851353,2.7111877608909993,2.0661439569018545,0.6361636526404854,3.6847292086814205,1.2523365987141475,1.5442980270610442,0.03794473633863043
D_W,dw,143,143,0.01,0.02,512,512,0,512,,512,512,0,512,0,0.46307764862694256,0.4786087436865707,0.4065123919634741,0.5367907896667948,0.6101864265959359,0.43721846443525775,0.49152555331874165,0.011685685129737933,sample,250,0.4625219908006602,0.4791661460016982,0.40580499861228464,0.5364665591912449,0.6099204447022019,0.4373906156874382,0.4914453599186881,0.011648546878815575,3.332082983506114,2.714405898488625,2.0664051240940737,0.6350681075004047,3.6489508350477355,1.2504677470402694,1.5439211323613422,0.03659498929948332
D_W,dw,143,143,0.01,0.02,512,512,0,512,,512,512,0,512,0,0.46307764862694256,0.4786087436865707,0.4065123919634741,0.5367907896667948,0.6101864265959359,0.43721846443525775,0.49152555331874165,0.011685685129737933,sample,251,0.4628146366269921,0.47968894837247095,0.4035744357873883,0.5394300819408849,0.6104027036522014,0.4371241495540139,0.4921737027851965,0.009496868159910434,3.374300676074371,2.7275757889051415,2.0630869526363207,0.6417131825791416,3.641522130095966,1.2277680089569514,1.5462092889600596,0.029835291243285437
D_W,dw,143,143,0.01,0.02,512,512,0,512,,512,512,0,512,0,0.46307764862694256,0.4786087436865707,0.4065123919634741,0.5367907896667948,0.6101864265959359,0.43721846443525775,0.49152555331874165,0.011685685129737933,sample,252,0.4630782631797071,0.47842052945838076,0.40670159702038633,0.5367544010441464,0.6103127613090898,0.43728533601649305,0.4917908909067493,0.011631170184345486,3.317390990516489,2.7117972971755986,2.065439115128062,0.6372750211425418,3.670511192529958,1.2491805539111214,1.545006649975023,0.03654039880379242
D_W,dw,143,143,0.01,0.02,512,512,0,512,,512,512,0,512,0,0.46307764862694256,0.4786087436865707,0.4065123919634741,0.5367907896667948,0.6101864265959359,0.43721846443525775,0.49152555331874165,0.011685685129737933,sample,253,0.4628654276561824,0.47873183092660654,0.4061963325291611,0.5364751761114139,0.6105367250458617,0.4374402495195484,0.49121518920825424,0.011803593704032238,3.3267250417058385,2.71358955747006,2.0639593619415018,0.6374504109992081,3.6617210275675225,1.2520646193375315,1.5431980297483718,0.03708208326654641
D_W,dw,143,143,0.01,0.02,512,512,0,512,,512,512,0,512,0,0.46307764862694256,0.4786087436865707,0.4065123919634741,0.5367907896667948,0.6101864265959359,0.43721846443525775,0.49152555331874165,0.011685685129737933,sample,254,0.4638301808562626,0.47868428846279243,0.40571192979645226,0.5377914917765075,0.6102523297422882,0.4376917805751367,0.49185807617940774,0.011917236615424322,3.3283036540686357,2.7226803565337834,2.061745207563148,0.6375153633849976,3.6741245336178268,1.2405745099627818,1.5452177187340361,0.03743910300210834
D_W,dw,143,143,0.01,0.02,512,512,0,512,,512,512,0,512,0,0.46307764862694256,0.4786087436865707,0.4065123919634741,0.5367907896667948,0.6101864265959359,0.43721846443525775,0.49152555331874165,0.011685685129737933,sample,255,0.4629848649022911,0.47774319110511976,0.40640093433137814,0.5369836876997015,0.6104395405719664,0.4370604925387589,0.4917309100485007,0.011571783603680191,3.3244591869761733,2.7092579770066276,2.066242254653448,0.6386090584816884,3.6829597131348435,1.2476569073676496,1.5448182145513933,0.03635383035825251
D_W,dw,143,143,0.01,0.02,512,512,0,512,,512,512,0,512,0,0.46307764862694256,0.4786087436865707,0.4065123919634741,0.5367907896667948,0.6101864265959359,0.43721846443525775,0.49152555331874165,0.011685685129737933,sample,256,0.4630195896966292,0.47868013077102184,0.4071652630376543,0.537149715310821,0.6106059159531945,0.4375556825225575,0.4917444987066416,0.011563042377303785,3.3102432926829923,2.7106145002091924,2.062193948535165,0.6383720949528824,3.6645669423035354,1.2467603987667206,1.5448609045799808,0.036326368985685024
D_W,dw,143,143,0.01,0.02,512,512,0,512,,512,512,0,512,0,0.46307764862694256,0.4786087436865707,0.4065123919634741,0.5367907896667948,0.6101864265959359,0.43721846443525775,0.49152555331874165,0.011685685129737933,sample,257,0.4636994385651272,0.479636198702047,0.40634053504024,0.5367113750135917,0.6098259480277443,0.4377966788338354,0.49190565993745666,0.012529459400728086,3.315817637192896,2.723405211189751,2.0637321883675646,0.63408661993485,3.6528248685140543,1.2482041939895974,1.5453672075187528,0.03936245760677893
D_W,dw,143,143,0.01,0.02,512,512,0,512,,512,512,0,512,0,0.46307764862694256,0.4786087436865707,0.4065123919634741,0.5367907896667948,0.6101864265959359,0.43721846443525775,0.49152555331874165,0.011685685129737933,sample,258,0.4629884072993235,0.47911272095225166,0.40733585677372397,0.5364723903538102,0.6104002397320617,0.4375545596896443,0.4916888051749251,0.012592452189717855,3.306534567819271,2.7115842764283626,2.063664467496748,0.6366349904290326,3.65538197335699,1.2517195233538214,1.5446859381898876,0.03956035528989832
D_W,dw,143,143,0.01,0.02,512,512,0,512,,512,512,0,512,0,0.46307764862694256,0.4786087436865707,0.4065123919634741,0.5367907896667948,0.6101864265959359,0.43721846443525775,0.49152555331874165,0.011685685129737933,sample,259,0.4627438095997555,0.4776937955685971,0.4071668050787224,0.5364351177239003,0.6090658888747204,0.4399232250904482,0.49148289765751607,0.012870816677448516,3.2857545910990984,2.7040704367456208,2.0522410308463805,0.6258381818977933,3.6810739651484607,1.248387239194781,1.5440390606458767,0.04043486311957325
D_W,dw,143,143,0.01,0.02,512,512,0,512,,512,512,0,512,0,0.46307764862694256,0.4786087436865707,0.4065123919634741,0.5367907896667948,0.6101864265959359,0.43721846443525775,0.49152555331874165,0.011685685129737933,sample,260,0.4621147964023284,0.47793820352327404,0.40675144301043487,0.5358513537923938,0.6092812246040382,0.4375788978263184,0.4910541816478993,0.010456919941011273,3.312327610098147,2.7021094164853863,2.068045993476062,0.6312432034011282,3.6689202608202085,1.2537946694468014,1.5426922095795883,0.03285138286585763
D_W,dw,143,143,0.01,0.02,512,512,0,512,,512,512,0,512,0,0.46307764862694256,0.4786087436865707,0.4065123919634741,0.5367907896667948,0.6101864265959359,0.43721846443525775,0.49152555331874165,0.011685685129737933,sample,261,0.4630188694383396,0.4783028190383835,0.4070901581913687,0.5366043681588816,0.6103174593201312,0.43711987524738927,0.49107924632847794,0.01177233804484181,3.3122821795847015,2.7092312731866803,2.0666951379985368,0.6374723723107786,3.6721824126947107,1.2504179537886508,1.5427709525959588,0.03698389071725066
D_W,dw,143,143,0.01,0.02,512,512,0,512,,512,512,0,512,0,0.46307764862694256,0.4786087436865707,0.4065123919634741,0.5367907896667948,0.6101864265959359,0.43721846443525775,0.49152555331874165,0.011685685129737933,sample,262,0.4634192019180058,0.4787399845087217,0.40658184742291514,0.536605993420387,0.6100599420946702,0.4373147427844297,0.4918409414697353,0.011961800991988448,3.3166162068730998,2.7163208144801074,2.066275290355698,0.6359904565387641,3.6680587038308285,1.2497054538401524,1.5451638884560077,0.03757910612013401
D_W,dw,143,143,0.01,0.02,512,512,0,512,,512,512,0,512,0,0.46307764862694256,0.4786087436865707,0.4065123919634741,0.5367907896667948,0.6101864265959359,0.43721846443525775,0.49152555331874165,0.011685685129737933,sample,263,0.4630347938045565,0.4785444919163263,0.40625633063638905,0.5369867949457087,0.6103386556600542,0.43712775692731776,0.4918538047573026,0.011720827138802865,3.3263116479031423,2.713817200141903,2.0661351470451477,0.6380530327187779,3.667493967481835,1.2473563052260943,1.5452042996657303,0.03682206443325895
D_W,dw,143,143,0.01,0.02,512,512,0,512,,512,512,0,512,0,0.46307764862694256,0.4786087436865707,0.4065123919634741,0.5367907896667948,0.6101864265959359,0.43721846443525775,0.49152555331874165,0.011685685129737933,sample,264,0.4628376010634575,0.47893102601525994,0.4069912241084974,0.5360302924254715,0.6101784484704567,0.43670686344790755,0.49122400759834217,0.011298304118282516,3.317024633440175,2.7110278125359755,2.07056835246585,0.6371028936385148,3.6573510488921546,1.2547406559625882,1.5432257335378885,0.03549466921601966
D_W,dw,143,143,0.01,0.02,512,512,0,512,,512,512,0,512,0,0.46307764862694256,0.4786087436865707,0.4065123919634741,0.5367907896667948,0.6101864265959359,0.43721846443525775,0.49152555331874165,0.011685685129737933,sample,265,0.4624504169957235,0.4783908041650324,0.4079882578937157,0.5360695345278478,0.6102855166201917,0.4374669465188401,0.49098551200492396,0.011071331989138835,3.297300958683869,2.701537526279198,2.065092839719939,0.6358378344968258,3.6637908284275253,1.2547060155498744,1.5424764775336923,0.03478161524253224
D_W,dw,143,143,0.01,0.02,512,512,0,512,,512,512,0,512,0,0.46307764862694256,0.4786087436865707,0.4065123919634741,0.5367907896667948,0.6101864265959359,0.43721846443525775,0.49152555331874165,0.011685685129737933,sample,266,0.463192059487899,0.4787440901827498,0.4060514724324562,0.5366949515387293,0.6102015585312699,0.4372832247540361,0.4919097831825465,0.011646689641660869,3.3272159983602556,2.716724774126456,2.065900181572991,0.6367522279597305,3.665289950984103,1.24936350730059,1.545380161075236,0.03658915461688213
D_W,dw,143,143,0.01,0.02,512,512,0,512,,512,512,0,512,0,0.46307764862694256,0.4786087436865707,0.4065123919634741,0.5367907896667948,0.6101864265959359,0.43721846443525775,0.49152555331874165,0.011685685129737933,sample,267,0.462982058539886,0.479174580561465,0.4065170959772195,0.5363589619094008,0.6098215961726129,0.43745037303401574,0.49127122575501153,0.01200479979255883,3.3175616758012927,2.7151283043646877,2.066467114619131,0.634389226402433,3.654040132313471,1.251081477884361,1.543374073751997,0.03771419083611909
D_W,dw,143,143,0.01,0.02,512,512,0,512,,512,512,0,512,0,0.46307764862694256,0.4786087436865707,0.4065123919634741,0.5367907896667948,0.6101864265959359,0.43721846443525775,0.49152555331874165,0.011685685129737933,sample,268,0.4618830787079092,0.47794223335819075,0.4064203031169212,0.5361878981369057,0.6106677450699914,0.4370377046080058,0.4915551502889971,0.012808682363725555,3.3298429230098767,2.701735870355923,2.066513558900834,0.6385197350203674,3.666193393266816,1.2547602711075518,1.54426604898214,0.040239662416045346
D_W,dw,143,143,0.01,0.02,512,512,0,512,,512,512,0,512,0,0.46307764862694256,0.4786087436865707,0.4065123919634741,0.5367907896667948,0.6101864265959359,0.43721846443525775,0.49152555331874165,0.011685685129737933,sample,269,0.4635995476062197,0.4782764039047465,0.40487747815640035,0.537873344012316,0.6082102115566504,0.437415495224806,0.49191257915985304,0.011111732807899824,3.3339610012296625,2.7223744000415597,2.0704791231057458,0.6300728414584117,3.6796519628070303,1.2341234012116633,1.545388944897002,0.03490853815795077
D_W,dw,143,143,0.01,0.02,512,512,0,512,,512,512,0,512,0,0.46307764862694256,0.4786087436865707,0.4065123919634741,0.5367907896667948,0.6101864265959359,0.43721846443525775,0.49152555331874165,0.011685685129737933,sample,270,0.46373379900232137,0.47874275976387276,0.406881192804911,0.5367600775927079,0.61035419095576,0.43698735221764745,0.4912646748761675,0.01150664637442295,3.314356691829551,2.7175470008368245,2.0672741826173713,0.6381329625716756,3.6717621094454334,1.2492468426057228,1.543353493559146,0.03614919571734277
D_W,dw,143,143,0.01,0.02,512,512,0,512,,512,512,0,512,0,0.46307764862694256,0.4786087436865707,0.4065123919634741,0.5367907896667948,0.6101864265959359,0.43721846443525775,0.49152555331874165,0.011685685129737933,sample,271,0.4623464720633671,0.4783700561208864,0.4066484189573931,0.5359709293653515,0.6100972147362271,0.43665991498032486,0.49168929398491856,0.01238664835243824,3.324035348192294,2.706198454352071,2.07122774239828,0.6368065656193923,3.6630109946320544,1.2550098017530276,1.5446874738317722,0.03891380346662009
D_W,dw,143,143,0.01,0.02,512,512,0,512,,512,512,0,512,0,0.46307764862694256,0.4786087436865707,0.4065123919634741,0.5367907896667948,0.6101864265959359,0.43721846443525775,0.49152555331874165,0.011685685129737933,sample,272,0.46336194924048424,0.4780052026530576,0.40683165989459286,0.5361055128362294,0.6109228483956223,0.4361217094205326,0.4916632646236772,0.012205900159814358,3.3245749639390194,2.7115559321694223,2.0717959258947727,0.6415510999889513,3.6822522844515664,1.2561112367767397,1.5446057001817188,0.03834596627252327
D_W,dw,143,143,0.01,0.02,512,512,0,512,,512,512,0,512,0,0.46307764862694256,0.4786087436865707,0.4065123919634741,0.5367907896667948,0.6101864265959359,0.43721846443525775,0.49152555331874165,0.011685685129737933,sample,273,0.4624463450044061,0.47891465429801305,0.4064673809956408,0.5364733636755447,0.6115538737552928,0.4374601216478987,0.491572925263243,0.011806811022362492,3.3294519273584604,2.7100729210478747,2.0603896928550802,0.6415127795486217,3.6532012603219735,1.2547950531316858,1.5443218907106486,0.037092190770177
D_W,dw,143,143,0.01,0.02,512,512,0,512,,512,512,0,512,0,0.46307764862694256,0.4786087436865707,0.4065123919634741,0.5367907896667948,0.6101864265959359,0.43721846443525775,0.49152555331874165,0.011685685129737933,sample,274,0.4627990029938619,0.4784125383741918,0.40591196697537335,0.537236496749265,0.609911589831686,0.4380779733817896,0.49121780869963527,0.011741285429128655,3.3241643609982674,2.7128219098066317,2.0609536569702622,0.634503634346687,3.667395332590957,1.244146516798051,1.5432062591232505,0.036886336047851465
D_W,dw,143,143,0.01,0.02,512,512,0,512,,512,512,0,512,0,0.46307764862694256,0.4786087436865707,0.4065123919634741,0.5367907896667948,0.6101864265959359,0.43721846443525775,0.49152555331874165,0.011685685129737933,sample,275,0.46302809675134693,0.4787574040179319,0.40666116160358684,0.5368490747733375,0.610252170156657,0.4371603686871743,0.4918306278040566,0.011659911544888884,3.3191755963006475,2.713073279972841,2.066370265692328,0.6374446828367216,3.663096590328514,1.248243134702204,1.5451314871196802,0.03663069245092974
D_W,dw,143,143,0.01,0.02,512,512,0,512,,512,512,0,512,0,0.46307764862694256,0.4786087436865707,0.4065123919634741,0.5367907896667948,0.6101864265959359,0.43721846443525775,0.49152555331874165,0.011685685129737933,sample,276,0.4636675715772325,0.4778771027937089,0.40693237321624665,0.5374185432365278,0.6113400220432881,0.4361268779376385,0.491267926512154,0.011833127229523281,3.324538140759964,2.7128800368973125,2.0688578965087765,0.6449623685299958,3.6885322216371277,1.2465807464459495,1.5433637088748733,0.03717486557326368
D_W,dw,143,143,0.01,0.02,512,512,0,512,,512,512,0,512,0,0.46307764862694256,0.4786087436865707,0.4065123919634741,0.5367907896667948,0.6101864265959359,0.43721846443525775,0.49152555331874165,0.011685685129737933,sample,277,0.46300494621855004,0.47841837921830194,0.40656149733730906,0.5366879977758152,0.6102672206929394,0.4370111298864111,0.4911657018226106,0.011658220137293542,3.321593642228091,2.711795706113112,2.067495419836839,0.6376317815126978,3.6696907534894687,1.24959878753576,1.5430425605411884,0.03662537873725398
D_W,dw,143,143,0.01,0.02,512,512,0,512,,512,512,0,512,0,0.46307764862694256,0.4786087436865707,0.4065123919634741,0.5367907896667948,0.6101864265959359,0.43721846443525775,0.49152555331874165,0.011685685129737933,sample,278,0.4628112261603807,0.47972147620079075,0.406128921677663,0.536234690502168,0.6103048663020971,0.43833196629737897,0.49171687238510475,0.012030260791226271,3.3215566766479814,2.717709001569334,2.0590485605917337,0.6341663518544687,3.6408095937336795,1.2534058098492205,1.544774113931195,0.03779417892248579
D_W,dw,143,143,0.01,0.02,512,512,0,512,,512,512,0,512,0,0.46307764862694256,0.4786087436865707,0.4065123919634741,0.5367907896667948,0.6101864265959359,0.43721846443525775,0.49152555331874165,0.011685685129737933,sample,279,0.4631912566232975,0.47776604056558075,0.4064226229383866,0.5365915076347961,0.6101292873108525,0.43707742840922453,0.49121804335168107,0.010977952237726877,3.321300532298713,2.710832265789109,2.067636254915556,0.6367951930644927,3.684977569312114,1.2500124869478184,1.5432069963043937,0.034488254101502386
D_W,dw,143,143,0.01,0.02,512,512,0,512,,512,512,0,512,0,0.46307764862694256,0.4786087436865707,0.4065123919634741,0.5367907896667948,0.6101864265959359,0.43721846443525775,0.49152555331874165,0.011685685129737933,sample,280,0.4616515151373131,0.47842566540882175,0.40693875035405336,0.5374086546752891,0.6099371348543792,0.4374922174867978,0.49144914461593997,0.012744243049663435,3.3166010400658763,2.6999294098910016,2.0645883182501326,0.6361765300645759,3.6540477159280766,1.24281299868281,1.5439330223384249,0.04003722034038543
D_W,dw,143,143,0.01,0.02,512,512,0,512,,512,512,0,512,0,0.46307764862694256,0.4786087436865707,0.4065123919634741,0.5367907896667948,0.6101864265959359,0.43721846443525775,0.49152555331874165,0.011685685129737933,sample,281,0.46297040200286776,0.47881946768553085,0.4068161177479797,0.5363913267141731,0.61013743211981,0.43705070045941996,0.4918063918545409,0.011806367216867546,3.316829201076652,2.712274724271499,2.068013766090246,0.6366224848654009,3.6611613378170227,1.2516723815728688,1.5450553476387288,0.03709079651409446
D_W,dw,143,143,0.01,0.02,512,512,0,512,,512,512,0,512,0,0.46307764862694256,0.4786087436865707,0.4065123919634741,0.5367907896667948,0.6101864265959359,0.43721846443525775,0.49152555331874165,0.011685685129737933,sample,282,0.463185379913138,0.47820238730841436,0.41097458397112857,0.5350623490863023,0.6094845130547746,0.43655377649960064,0.49066233833417155,0.011297798113082892,3.2473343530526186,2.6936018541494042,2.0750889563830555,0.6334061228859663,3.676176566501048,1.2608671693417375,1.5414611975038228,0.03549307955380184
D_W,dw,143,143,0.01,0.02,512,512,0,512,,512,512,0,512,0,0.46307764862694256,0.4786087436865707,0.4065123919634741,0.5367907896667948,0.6101864265959359,0.43721846443525775,0.49152555331874165,0.011685685129737933,sample,283,0.4640686222141855,0.478427997176576,0.4062920557829616,0.5366075815136779,0.6112623969540162,0.43772500239916184,0.49141055869562694,0.011961340400136852,3.321881741817975,2.721039278691836,2.0594610544471434,0.6399111875086902,3.682281744959805,1.2529325582567086,1.5438118010946373,0.03757765912815673
D_W,dw,143,143,0.01,0.02,512,512,0,512,,512,512,0,512,0,0.46307764862694256,0.4786087436865707,0.4065123919634741,0.5367907896667948,0.6101864265959359,0.43721846443525775,0.49152555331874165,0.011685685129737933,sample,284,0.4627338137684264,0.4785459010518337,0.40598669175878466,0.5364118669534979,0.6102335760162585,0.43734110423995376,0.49124062546538966,0.011445649354440115,3.329585384025852,2.7126119869001264,2.0657256142252804,0.6363703332954533,3.66395194668438,1.2517642100411914,1.5432779401069232,0.03595756792747382
D_W,dw,143,143,0.01,0.02,512,512,0,512,,512,512,0,512,0,0.46307764862694256,0.4786087436865707,0.4065123919634741,0.5367907896667948,0.6101864265959359,0.43721846443525775,0.49152555331874165,0.011685685129737933,sample,285,0.4627831156929541,0.4783525302924865,0.4067765829437991,0.5371272044517575,0.6103327515009028,0.4375041765881811,0.49175162266272715,0.011284676383064218,3.3161633164726125,2.7089325816813705,2.0634879471146426,0.637358138368814,3.6684156230123057,1.2461965833767463,1.5448832851480836,0.035451856423172785
D_W,dw,143,143,0.01,0.02,512,512,0,512,,512,512,0,512,0,0.46307764862694256,0.4786087436865707,0.4065123919634741,0.5367907896667948,0.6101864265959359,0.43721846443525775,0.49152555331874165,0.011685685129737933,sample,286,0.46328845040895694,0.4789091005556192,0.4049477148113341,0.5365766363259055,0.6113080977705002,0.4368054968756484,0.4920140241194341,0.011563825435204176,3.354022932597614,2.722549659128905,2.065440996607974,0.6421486662751325,3.663053427843944,1.253305354821998,1.5457076436367656,0.036328829034632235
D_W,dw,143,143,0.01,0.02,512,512,0,512,,512,512,0,512,0,0.46307764862694256,0.4786087436865707,0.4065123919634741,0.5367907896667948,0.6101864265959359,0.43721846443525775,0.49152555331874165,0.011685685129737933,sample,287,0.46405299935146693,0.47875866339306733,0.40802275857175907,0.5356031588740259,0.609766957201008,0.4375856342075111,0.49122653140871586,0.011201231196951485,3.2865718572506823,2.71545201884333,2.0666017188140517,0.6328598412466552,3.6752993427722633,1.2571504124608905,1.5432336623220175,0.03518970563950359
D_W,dw,143,143,0.01,0.02,512,512,0,512,,512,512,0,512,0,0.46307764862694256,0.4786087436865707,0.4065123919634741,0.5367907896667948,0.6101864265959359,0.43721846443525775,0.49152555331874165,0.011685685129737933,sample,288,0.4629035013743299,0.47851375620911724,0.40597466347376826,0.5364800644901978,0.6105494682044678,0.4378300766485464,0.4918242053162874,0.011945084870206303,3.327358738929699,2.713812116246148,2.061308609604495,0.6366203368912444,3.6665766429417106,1.2520590448551183,1.5451113102792866,0.03752659087474671
D_W,dw,143,143,0.01,0.02,512,512,0,512,,512,512,0,512,0,0.46307764862694256,0.4786087436865707,0.4065123919634741,0.5367907896667948,0.6101864265959359,0.43721846443525775,0.49152555331874165,0.011685685129737933,sample,289,0.4627337581428,0.479014375157125,0.40784054297002087,0.5370999587302241,0.6106559570096385,0.43670539908089867,0.49112042847065723,0.011775913050039558,3.3068954520832206,2.7070967992944364,2.067728115477917,0.6404517382519866,3.6544582395205913,1.247301056452453,1.5429003301112882,0.03699512192731645
D_W,dw,143,143,0.01,0.02,512,512,0,512,,512,512,0,512,0,0.46307764862694256,0.4786087436865707,0.4065123919634741,0.5367907896667948,0.6101864265959359,0.43721846443525775,0.49152555331874165,0.011685685129737933,sample,290,0.4631227249383545,0.4783861836085192,0.40645358355814964,0.5367200524047657,0.6100718493306927,0.43715607341928153,0.49182995281670555,0.011608306067104675,3.3208368842015012,2.712987919695811,2.067162516197463,0.6365555273619902,3.6717297830414832,1.2488051092360972,1.5451293665843768,0.03646856906103787
D_W,dw,143,143,0.01,0.02,512,512,0,512,,512,512,0,512,0,0.46307764862694256,0.4786087436865707,0.4065123919634741,0.5367907896667948,0.6101864265959359,0.43721846443525775,0.49152555331874165,0.011685685129737933,sample,291,0.4620552676980365,0.47918182364829043,0.40492840803503943,0.5393651524600962,0.6095056165351409,0.4384089564545536,0.49164275360279536,0.01147781407648572,3.341127132902677,2.7143890016071706,2.057597567385927,0.6351102947099773,3.6433947332770815,1.225700568619174,1.5445412629091986,0.03605861638195705
D_W,dw,143,143,0.01,0.02,512,512,0,512,,512,512,0,512,0,0.46307764862694256,0.4786087436865707,0.4065123919634741,0.5367907896667948,0.6101864265959359,0.43721846443525775,0.49152555331874165,0.011685685129737933,sample,292,0.4620650854402054,0.47863052051788274,0.4072615790343829,0.536817208974845,0.6076472919319547,0.43834485500827464,0.4916820515838805,0.01117494339297928,3.2916253309983707,2.7026494120671853,2.0674237801628235,0.62421308269998,3.654604471715374,1.241250894342874,1.5446647211578768,0.035107120067665504
D_W,dw,143,143,0.01,0.02,512,512,0,512,,512,512,0,512,0,0.46307764862694256,0.4786087436865707,0.4065123919634741,0.5367907896667948,0.6101864265959359,0.43721846443525775,0.49152555331874165,0.011685685129737933,sample,293,0.46287403726789783,0.4784020140112469,0.4062305521643389,0.5366718423940313,0.6105779649936817,0.4368185745590635,0.4918164011919451,0.011852638473993803,3.3304575923171185,2.712063161058158,2.067730735079282,0.6393034746311221,3.668484078819399,1.2505724515933936,1.545086792899585,0.03723616195555467
D_W,dw,143,143,0.01,0.02,512,512,0,512,,512,512,0,512,0,0.46307764862694256,0.4786087436865707,0.4065123919634741,0.5367907896667948,0.6101864265959359,0.43721846443525775,0.49152555331874165,0.011685685129737933,sample,294,0.46278172990245636,0.4778777547250322,0.4062352001522159,0.5356267056040024,0.6104564251817312,0.43654525731738275,0.4917361022955167,0.012153827474865682,3.330971722505275,2.7090045400771916,2.0711344841379526,0.6380681218161556,3.6778784856184634,1.2587902801205875,1.5448345264764742,0.038182375108035814
D_W,dw,143,143,0.01,0.02,512,512,0,512,,512,512,0,512,0,0.46307764862694256,0.4786087436865707,0.4065123919634741,0.5367907896667948,0.6101864265959359,0.43721846443525775,0.49152555331874165,0.011685685129737933,sample,295,0.4632783963461905,0.4786643627330687,0.40593641567976463,0.5372354666208964,0.6108231695205752,0.437967317650062,0.49122186468776213,0.012223385510913095,3.3275427036878185,2.7174910423435765,2.058620141713965,0.6384312484919172,3.6679322507530756,1.246656762995904,1.543219001385753,0.0384008981230805
D_W,dw,143,143,0.01,0.02,512,512,0,512,,512,512,0,512,0,0.46307764862694256,0.4786087436865707,0.4065123919634741,0.5367907896667948,0.6101864265959359,0.43721846443525775,0.49152555331874165,0.011685685129737933,sample,296,0.4631686380081788,0.47851200862429755,0.4064522925994392,0.5373895418996691,0.6105162917062712,0.43703089358146135,0.4911968445665713,0.011813416519107835,3.3243913809439034,2.713905704635551,2.0657135332058347,0.6395351802346787,3.669728484594296,1.2445671849995503,1.543140398356828,0.03711294255022548
D_W,dw,143,143,0.01,0.02,512,512,0,512,,512,512,0,512,0,0.46307764862694256,0.4786087436865707,0.4065123919634741,0.5367907896667948,0.6101864265959359,0.43721846443525775,0.49152555331874165,0.011685685129737933,sample,297,0.46297030973628106,0.4788009306075746,0.4066526757546398,0.5368809710350092,0.6102122423553917,0.43712372681598993,0.49183471681731117,0.011438469134948965,3.3196598442766287,2.7128553029563607,2.0667140725738973,0.6374110162794393,3.661537376417371,1.2478739361717854,1.545144333133681,0.035935010602669265
D_W,dw,143,143,0.01,0.02,512,512,0,512,,512,512,0,512,0,0.46307764862694256,0.4786087436865707,0.4065123919634741,0.5367907896667948,0.6101864265959359,0.43721846443525775,0.49152555331874165,0.011685685129737933,sample,298,0.4626498454333184,0.4788351216956178,0.4067756007689483,0.536540294355833,0.6104562668787081,0.43703527680678433,0.49173650451553164,0.011737141125160291,3.320708971826297,2.7100397352641994,2.066856148347499,0.6381401064441719,3.6571374196990303,1.251316394100493,1.5448357900879184,0.03687331633295021
D_W,dw,143,143,0.01,0.02,512,512,0,512,,512,512,0,512,0,0.46307764862694256,0.4786087436865707,0.4065123919634741,0.5367907896667948,0.6101864265959359,0.43721846443525775,0.49152555331874165,0.011685685129737933,sample,299,0.46303785759410093,0.4784052218239711,0.40689427190425786,0.5358683872077582,0.6105615835990339,0.43681917955594013,0.4911153124764124,0.01148497216645032,3.318399204372451,2.710635861645133,2.0686852245584912,0.6381744672375725,3.6703436364288833,1.2570891215472597,1.5428842577413528,0.03608110418480358
D_W,dw,143,143,0.01,0.02,512,512,0,512,,512,512,0,512,0,0.46307764862694256,0.4786087436865707,0.4065123919634741,0.5367907896667948,0.6101864265959359,0.43721846443525775,0.49152555331874165,0.011685685129737933,sample,300,0.4635683936985424,0.4785896234267266,0.40658207272764235,0.5369949577827156,0.6104877682263515,0.43732276840433587,0.4918387680600578,0.01142086016685841,3.3182907529948187,2.716790237838396,2.064321068724553,0.6382180046699374,3.6729091800383538,1.2476966241477487,1.5451570604881317,0.03587969039787868
D_W,dw,143,143,0.01,0.02,512,512,0,512,,512,512,0,512,0,0.46307764862694256,0.4786087436865707,0.4065123919634741,0.5367907896667948,0.6101864265959359,0.43721846443525775,0.49152555331874165,0.011685685129737933,sample,301,0.46301829084428314,0.478686408848479,0.40670677299082764,0.5365472653714245,0.6102450662120785,0.43708060702080176,0.4911657122288019,0.011935518565278443,3.3187340512899057,2.7124992578888047,2.0672688729829436,0.6371948106671672,3.664424320464642,1.250688294474331,1.5430425932332024,0.03749653744146334
D_W,dw,143,143,0.01,0.02,512,512,0,512,,512,512,0,512,0,0.46307764862694256,0.4786087436865707,0.4065123919634741,0.5367907896667948,0.6101864265959359,0.43721846443525775,0.49152555331874165,0.011685685129737933,sample,302,0.4639441772919474,0.4784948813220628,0.4068500474333828,0.5373970546972932,0.6102160937443061,0.4369484027725022,0.4914014829940248,0.01129848819421598,3.3137628847665983,2.7181624175604595,2.067273478740731,0.6385282356358444,3.679390063318266,1.2436794460364682,1.5437832889371579,0.03549524750761993
D_W,dw,143,143,0.01,0.02,512,512,0,512,,512,512,0,512,0,0.46307764862694256,0.4786087436865707,0.4065123919634741,0.5367907896667948,0.6101864265959359,0.43721846443525775,0.49152555331874165,0.011685685129737933,sample,303,0.46296916925386883,0.4785417421768782,0.4064773751255997,0.5367682753812886,0.6105050052069143,0.4371814347662628,0.4918036475783589,0.011888842230510493,3.323336018316594,2.712411195309474,2.065460114825463,0.6383059619773606,3.6667798151869007,1.2495893187611375,1.545046726240836,0.03734989941105985
D_W,dw,143,143,0.01,0.02,512,512,0,512,,512,512,0,512,0,0.46307764862694256,0.4786087436865707,0.4065123919634741,0.5367907896667948,0.6101864265959359,0.43721846443525775,0.49152555331874165,0.011685685129737933,sample,304,0.4632820887126944,0.47894379356803923,0.40692831981820177,0.5378987225497779,0.609948901690468,0.43770943516984495,0.49161812947748385,0.009152895353873444,3.309277556679585,2.7147726695719134,2.062528076437792,0.6364029869833776,3.662267849608531,1.2388562880725362,1.544463903938019,0.028754668802804962
D_W,dw,143,143,0.01,0.02,512,512,0,512,,512,512,0,512,0,0.46307764862694256,0.4786087436865707,0.4065123919634741,0.5367907896667948,0.6101864265959359,0.43721846443525775,0.49152555331874165,0.011685685129737933,sample,305,0.46325522348965914,0.47821393305775806,0.4064825622550487,0.5371370164211262,0.6100316992853825,0.43716245391918096,0.49181329690549314,0.011330370758105706,3.319683154519673,2.7131067067388783,2.0667788953851476,0.6369421031864143,3.676777000495205,1.2452897188349383,1.545077040496073,0.0355954095361135
D_W,dw,143,143,0.01,0.02,512,512,0,512,,512,512,0,512,0,0.46307764862694256,0.4786087436865707,0.4065123919634741,0.5367907896667948,0.6101864265959359,0.43721846443525775,0.49152555331874165,0.011685685129737933,sample,306,0.46346219014882345,0.47866734899177077,0.40628584773707055,0.5367305137371208,0.6092097187702554,0.43769867044367167,0.49188298732400765,0.010299146826641964,3.3142007967569374,2.7175136777901328,2.0664801313985204,0.6318557394071391,3.6700535429463472,1.2463511271193133,1.5452959794029038,0.03235572400882102
D_W,dw,143,143,0.01,0.02,512,512,0,512,,512,512,0,512,0,0.46307764862694256,0.4786087436865707,0.4065123919634741,0.5367907896667948,0.6101864265959359,0.43721846443525775,0.49152555331874165,0.011685685129737933,sample,307,0.46334558217611377,0.4782611432840226,0.406170333746906,0.536246831972177,0.6107233052650388,0.4362768994114679,0.49123526379493543,0.011693120792909403,3.333616725394611,2.7152640911658543,2.071298379265493,0.6405745757852835,3.6769054465178086,1.2544276944102337,1.5432610959224131,0.036735022380542236
D_W,dw,143,143,0.01,0.02,512,512,0,512,,512,512,0,512,0,0.46307764862694256,0.4786087436865707,0.4065123919634741,0.5367907896667948,0.6101864265959359,0.43721846443525775,0.49152555331874165,0.011685685129737933,sample,308,0.4631568498432924,0.4791703297118755,0.40737895757804715,0.5369515972952905,0.6111905412596228,0.43645665786688387,0.4911282340873505,0.012264209875326778,3.3172147213165157,2.712969846844306,2.067722934002415,0.6429747902371022,3.656152593871864,1.2499519214943424,1.5429248521793486,0.03852915164641
D_W,dw,143,143,0.01,0.02,512,512,0,512,,512,512,0,512,0,0.46307764862694256,0.4786087436865707,0.4065123919634741,0.5367907896667948,0.6101864265959359,0.43721846443525775,0.49152555331874165,0.011685685129737933,sample,309,0.462887372448809,0.478370839146077,0.40649578267243297,0.5366383022236573,0.6100918816546268,0.4372032082430039,0.49180597495964123,0.011586887725646977,3.320839715070634,2.710952964516977,2.066873045370056,0.6364182710988726,3.6692675036278777,1.2495281061206092,1.5450540379247746,0.03640128135686229
D_W,dw,143,143,0.01,0.02,512,512,0,512,,512,512,0,512,0,0.46307764862694256,0.4786087436865707,0.4065123919634741,0.5367907896667948,0.6101864265959359,0.43721846443525775,0.49152555331874165,0.011685685129737933,sample,310,0.4638508630651147,0.47997197066947234,0.40589523918336556,0.5369233908071426,0.6090870344631926,0.43784240892039605,0.49149874768230994,0.012427179429660998,3.318787068579155,2.727794356081634,2.06571236968271,0.631294521583107,3.647531484861074,1.2444241424238942,1.5440888549673282,0.03904113560106519
D_W,dw,143,143,0.01,0.02,512,512,0,512,,512,512,0,512,0,0.46307764862694256,0.4786087436865707,0.4065123919634741,0.5367907896667948,0.6101864265959359,0.43721846443525775,0.49152555331874165,0.011685685129737933,sample,311,0.46346678687786536,0.47870475680090985,0.4066388206810173,0.5365461349059981,0.6098560462543732,0.43717008208504954,0.49187335092313655,0.01144179399377105,3.31536012309631,2.7162994960103464,2.0680079429216858,0.635421965876205,3.6693444047058033,1.2496402357294993,1.54526570575672,0.03594545595471895
D_W,dw,143,143,0.01,0.02,512,512,0,512,,512,512,0,512,0,0.46307764862694256,0.4786087436865707,0.4065123919634741,0.5367907896667948,0.6101864265959359,0.43721846443525775,0.49152555331874165,0.011685685129737933,sample,312,0.46329745489043783,0.47836489852573855,0.4065475325691299,0.5365501829397465,0.609762041614625,0.4374147144002164,0.49180327002033264,0.01187035506274808,3.3150588384755717,2.713846237282452,2.066692078788502,0.6344869105997287,3.6742345823253637,1.2493505338163025,1.5450455401073144,0.037291820260631776
D_W,dw,143,143,0.01,0.02,512,512,0,512,,512,512,0,512,0,0.46307764862694256,0.4786087436865707,0.4065123919634741,0.5367907896667948,0.6101864265959359,0.43721846443525775,0.49152555331874165,0.011685685129737933,sample,313,0.4635359504143363,0.47872641255297527,0.40618338280784233,0.5368620185435548,0.6101453693693086,0.43776442076967514,0.4913029096748747,0.011455373319411846,3.320130515560872,2.7187516395767006,2.06268839715344,0.6356509609943399,3.6697262720564914,1.247845967613208,1.5434736117218761,0.03598811666439278
D_W,dw,143,143,0.01,0.02,512,512,0,512,,512,512,0,512,0,0.46307764862694256,0.4786087436865707,0.4065123919634741,0.5367907896667948,0.6101864265959359,0.43721846443525775,0.49152555331874165,0.011685685129737933,sample,314,0.46345847196039996,0.47928795535746566,0.40675319636513674,0.5363505354550918,0.6094323808958603,0.43781381522896845,0.49193247553851505,0.011198699730767087,3.307304941184926,2.718362644020181,2.065377659078642,0.6319768892922537,3.657248929690924,1.2500899978657647,1.5454514512140394,0.03518175280393587
D_W,dw,143,143,0.01,0.02,512,512,0,512,,512,512,0,512,0,0.46307764862694256,0.4786087436865707,0.4065123919634741,0.5367907896667948,0.6101864265959359,0.43721846443525775,0.49152555331874165,0.011685685129737933,sample,315,0.4632674252192751,0.47828948965566315,0.40640400914165137,0.5365615023799668,0.6102760164530282,0.43708052753221366,0.49179234677072986,0.011955126344076526,3.322448986756159,2.713857203894089,2.0671473374892178,0.6373386050812859,3.675399671387188,1.250655804036944,1.545011223706609,0.037558137095288616
D_W,dw,143,143,0.01,0.02,512,512,0,512,,512,512,0,512,0,0.46307764862694256,0.4786087436865707,0.4065123919634741,0.5367907896667948,0.6101864265959359,0.43721846443525775,0.49152555331874165,0.011685685129737933,sample,316,0.4631126454424053,0.4783856139916123,0.4063013835378596,0.5368939866510976,0.6101451458325398,0.43692346212500605,0.4918303050700883,0.011970330781786161,3.3254613204931163,2.7135227499657124,2.0682608064612817,0.6376190475828348,3.67162206583086,1.2475843764323775,1.5451304732210163,0.037605903245099166
D_W,dw,143,143,0.01,0.02,512,512,0,512,,512,512,0,512,0,0.46307764862694256,0.4786087436865707,0.4065123919634741,0.5367907896667948,0.6101864265959359,0.43721846443525775,0.49152555331874165,0.011685685129737933,sample,317,0.4632504608119896,0.47942766698796,0.4060462159109127,0.5364683872673037,0.6097175595544095,0.43687239445076737,0.49200426579966827,0.011439619418325293,3.3279040209692035,2.7201850374235153,2.070558787216096,0.6354478059436921,3.6519274862549205,1.249900202587284,1.5456769869710778,0.03593862432447388
D_W,dw,143,143,0.01,0.02,512,512,0,512,,512,512,0,512,0,0.46307764862694256,0.4786087436865707,0.4065123919634741,0.5367907896667948,0.6101864265959359,0.43721846443525775,0.49152555331874165,0.011685685129737933,sample,318,0.4626968058303535,0.4787718071569779,0.4065370948841872,0.5369497805866666,0.6099085378837387,0.43718348180400457,0.49121858596795753,0.011806268880596757,3.3207024747068656,2.7110942736940933,2.067275545064491,0.636145146302191,3.658960260181464,1.2464800103466824,1.5432087009837017,0.03709048758158856
D_W,dw,143,143,0.01,0.02,512,512,0,512,,512,512,0,512,0,0.46307764862694256,0.4786087436865707,0.4065123919634741,0.5367907896667948,0.6101864265959359,0.43721846443525775,0.49152555331874165,0.011685685129737933,sample,319,0.46297837003359227,0.4781967337279548,0.4070892589399711,0.5367420555743982,0.610580326036022,0.4378336452145704,0.4916862291668576,0.010865715121661875,3.3089002987256606,2.708448412295787,2.0608865404272376,0.6370873563496905,3.673835043634135,1.250006899971034,1.5446778454218673,0.034135650802212474
D_W,dw,143,143,0.01,0.02,512,512,0,512,,512,512,0,512,0,0.46307764862694256,0.4786087436865707,0.4065123919634741,0.5367907896667948,0.6101864265959359,0.43721846443525775,0.49152555331874165,0.011685685129737933,sample,320,0.46269274138403266,0.4795756293722259,0.406180044136211,0.5367122023042965,0.6103679181792829,0.4374416032155104,0.4916757159147449,0.011467292269153159,3.3278113138676213,2.7159660460409443,2.064257522503402,0.6370832171401327,3.6424865402529987,1.2496746500518663,1.5446448170662648,0.036025561149338595
D_W,dw,143,143,0.01,0.02,512,512,0,512,,512,512,0,512,0,0.46307764862694256,0.4786087436865707,0.4065123919634741,0.5367907896667948,0.6101864265959359,0.43721846443525775,0.49152555331874165,0.011685685129737933,sample,321,0.4631680763776237,0.47897096656568466,0.4069744494743441,0.5368230337315792,0.6102182330772103,0.4373051881078051,0.4918251966626125,0.011626925246453378,3.3125064401379687,2.7138249595078565,2.0655510763809626,0.6369410824582508,3.660374784126528,1.2483630968071855,1.5451144246856185,0.03652706293809563
D_W,dw,143,143,0.01,0.02,512,512,0,512,,512,512,0,512,0,0.46307764862694256,0.4786087436865707,0.4065123919634741,0.5367907896667948,0.6101864265959359,0.43721846443525775,0.49152555331874165,0.011685685129737933,sample,322,0.46345444326457513,0.47841727957454816,0.40658557813338264,0.536734876453905,0.6098106051487662,0.4366864913995229,0.4912828795385191,0.011354381955950964,3.319256277800693,2.715127508641177,2.0711685367886976,0.636608295389028,3.6750496984310637,1.2479696940176181,1.543410685192651,0.035670842938868054
D_W,dw,143,143,0.01,0.02,512,512,0,512,,512,512,0,512,0,0.46307764862694256,0.4786087436865707,0.4065123919634741,0.5367907896667948,0.6101864265959359,0.43721846443525775,0.49152555331874165,0.011685685129737933,sample,323,0.4629653769886207,0.47815821689727317,0.40671533399261367,0.5364781740293101,0.6105710243139617,0.4372814323281042,0.49173872044872324,0.011599425785058024,3.3186072281507455,2.709704649130943,2.064897185347653,0.6379557695009845,3.674453601645657,1.252132479716631,1.544842751647354,0.036440670832198305
D_W,dw,143,143,0.01,0.02,512,512,0,512,,512,512,0,512,0,0.46307764862694256,0.4786087436865707,0.4065123919634741,0.5367907896667948,0.6101864265959359,0.43721846443525775,0.49152555331874165,0.011685685129737933,sample,324,0.4633544578956372,0.4786672306486895,0.4065544539462,0.5367407097927707,0.6102695756547629,0.43725591057192176,0.4918430372675784,0.011777887419663461,3.3188459011191633,2.715609422450435,2.0657979995728293,0.6371501211058945,3.668774920917497,1.249174860546521,1.545170472599115,0.03700132459242238
D_W,dw,143,143,0.01,0.02,512,512,0,512,,512,512,0,512,0,0.46307764862694256,0.4786087436865707,0.4065123919634741,0.5367907896667948,0.6101864265959359,0.43721846443525775,0.49152555331874165,0.011685685129737933,sample,325,0.46312417299000247,0.4789550243969976,0.4069028008805132,0.5369930925359144,0.6101190946551593,0.43719772163306997,0.4912043899887364,0.011699564919253074,3.314170963271081,2.7137061047242264,2.066411042870117,0.6370177227580681,3.660188160436032,1.2467041894423723,1.5431641029996699,0.036755267200522315
D_W,dw,143,143,0.01,0.02,512,512,0,512,,512,512,0,512,0,0.46307764862694256,0.4786087436865707,0.4065123919634741,0.5367907896667948,0.6101864265959359,0.43721846443525775,0.49152555331874165,0.011685685129737933,sample,326,0.46319361017425187,0.4786224338770917,0.40676492363441963,0.536771124454167,0.6100580155733402,0.4374576530492961,0.4911849696404662,0.011535777529220621,3.3135581669599095,2.7133253460100164,2.065139768315291,0.6358769599213385,3.6677832917875626,1.2483498707540874,1.543103092176214,0.03624071393924572
D_W,dw,143,143,0.01,0.02,512,512,0,512,,512,512,0,512,0,0.46307764862694256,0.4786087436865707,0.4065123919634741,0.5367907896667948,0.6101864265959359,0.43721846443525775,0.49152555331874165,0.011685685129737933,sample,327,0.46386085911963215,0.47853635925648513,0.40664332783036505,0.536159379552391,0.6102019789699523,0.4356080098685515,0.4913687847669082,0.011829590774301206,3.325934666497165,2.7185433972310844,2.07761266948028,0.6399238048945123,3.677527161887114,1.2537458559168553,1.543680564427063,0.03716375547151826
D_W,dw,143,143,0.01,0.02,512,512,0,512,,512,512,0,512,0,0.46307764862694256,0.4786087436865707,0.4065123919634741,0.5367907896667948,0.6101864265959359,0.43721846443525775,0.49152555331874165,0.011685685129737933,sample,328,0.4630779445063607,0.4775604537429163,0.4070214215744704,0.5372396065636285,0.6093741615444144,0.43638571078274846,0.49164951096319703,0.01092066339697877,3.3131683685493245,2.7065904762309736,2.0740864974948305,0.6362399763556459,3.687694508303177,1.2426285057537143,1.5445624917829943,0.03430827590027546
D_W,dw,143,143,0.01,0.02,512,512,0,512,,512,512,0,512,0,0.46307764862694256,0.4786087436865707,0.4065123919634741,0.5367907896667948,0.6101864265959359,0.43721846443525775,0.49152555331874165,0.011685685129737933,sample,329,0.4620206945439947,0.4785459935583385,0.40655467027929354,0.5375454396463327,0.6099130050250117,0.4373236725374002,0.49165107649250767,0.011943546174085147,3.3224928921656174,2.704858708033649,2.065636314449916,0.6366527086521205,3.655793345145634,1.2416311814102163,1.5445674100383755,0.03752175691831638
D_W,dw,143,143,0.01,0.02,512,512,0,512,,512,512,0,512,0,0.46307764862694256,0.4786087436865707,0.4065123919634741,0.5367907896667948,0.6101864265959359,0.43721846443525775,0.49152555331874165,0.011685685129737933,sample,330,0.46401243157725386,0.47851910551985966,0.40619054723901216,0.5358032595423919,0.6102058255452683,0.43756428372195544,0.4916862866671232,0.01206912209036583,3.3189206727478946,2.721430046141873,2.065012375197206,0.6349429106120797,3.679727880613418,1.25667632486132,1.5446780260642794,0.03791626529437157
D_W,dw,143,143,0.01,0.02,512,512,0,512,,512,512,0,512,0,0.46307764862694256,0.4786087436865707,0.4065123919634741,0.5367907896667948,0.6101864265959359,0.43721846443525775,0.49152555331874165,0.011685685129737933,sample,331,0.46324568916127545,0.47886912270238385,0.40667172642687677,0.536586816367157,0.6103124537991667,0.4371062549980565,0.49121142544131446,0.011775467167468318,3.3187352598319038,2.7151984357026295,2.0668227962779815,0.6374600355277273,3.66336862730066,1.2505477260546651,1.5431862055258039,0.03699372114590628
D_W,dw,143,143,0.01,0.02,512,512,0,512,,512,512,0,512,0,0.46307764862694256,0.4786087436865707,0.4065123919634741,0.5367907896667948,0.6101864265959359,0.43721846443525775,0.49152555331874165,0.011685685129737933,sample,332,0.4628720998870108,0.478054257273626,0.4067257505202443,0.5375211697664412,0.6099320084489036,0.4373164090349587,0.4917431439308522,0.011910315741188192,3.3158321547397005,2.708485252766395,2.065648255215141,0.6367124005968887,3.6754311758780225,1.241881784796577,1.5448566484263135,0.037417360434451694
D_W,dw,143,143,0.01,0.02,512,512,0,512,,512,512,0,512,0,0.46307764862694256,0.4786087436865707,0.4065123919634741,0.5367907896667948,0.6101864265959359,0.43721846443525775,0.49152555331874165,0.011685685129737933,sample,333,0.46296134627327856,0.4790979210903308,0.4069060954539948,0.5371893253651808,0.6106990910667603,0.4372759392288937,0.49178412117681286,0.011746952619308373,3.3175541909051405,2.7130608476590266,2.0636952834353974,0.6394388538524222,3.655372310700376,1.2466929022189008,1.5449853822411879,0.03690414005088656
D_W,dw,143,143,0.01,0.02,512,512,0,512,,512,512,0,512,0,0.46307764862694256,0.4786087436865707,0.4065123919634741,0.5367907896667948,0.6101864265959359,0.43721846443525775,0.49152555331874165,0.011685685129737933,sample,334,0.46279076712381884,0.47844025147986946,0.4067884477304991,0.5364372129799418,0.6096127100726791,0.4370679677348473,0.49115224754789427,0.011656838417821077,3.314861866145311,2.709332141612786,2.069652141667993,0.6345330775576038,3.6667418292108773,1.249870002859691,1.5430002926905801,0.03662103793750996
D_W,dw,143,143,0.01,0.02,512,512,0,512,,512,512,0,512,0,0.46307764862694256,0.4786087436865707,0.4065123919634741,0.5367907896667948,0.6101864265959359,0.43721846443525775,0.49152555331874165,0.011685685129737933,sample,335,0.4629407859493164,0.47851372823988314,0.40630075635610996,0.5369325486366692,0.6100818103678185,0.43738355447338984,0.49185003617448203,0.011351238284149,3.322808340656736,2.712783837115261,2.0653687454599137,0.6363600000440841,3.6670134385554802,1.2470962147592437,1.5451924603136267,0.03566096680262971
D_W,dw,143,143,0.01,0.02,512,512,0,512,,512,512,0,512,0,0.46307764862694256,0.4786087436865707,0.4065123919634741,0.5367907896667948,0.6101864265959359,0.43721846443525775,0.49152555331874165,0.011685685129737933,sample,336,0.4630198077484854,0.47856289925495027,0.4083472647880166,0.5361694469729694,0.6103063298036497,0.43657912147097355,0.4916226773850337,0.011490619960210035,3.295523659293637,2.7052063033100002,2.0708187645160163,0.6380961060360539,3.666945524175529,1.2539437052360856,1.5444781916109667,0.036098847252188086
D_W,dw,143,143,0.01,0.02,512,512,0,512,,512,512,0,512,0,0.46307764862694256,0.4786087436865707,0.4065123919634741,0.5367907896667948,0.6101864265959359,0.43721846443525775,0.49152555331874165,0.011685685129737933,sample,337,0.4628032498262556,0.47843917290489524,0.40649147214585146,0.5362846991405428,0.6100035768794088,0.4364197648124333,0.4911890582408721,0.01165075667549049,3.326079530972767,2.7106314750548486,2.072790012753399,0.6374008402071183,3.6669090937681084,1.2521838833083847,1.5431159368932128,0.036601931580483166
D_W,dw,143,143,0.01,0.02,512,512,0,512,,512,512,0,512,0,0.46307764862694256,0.4786087436865707,0.4065123919634741,0.5367907896667948,0.6101864265959359,0.43721846443525775,0.49152555331874165,0.011685685129737933,sample,338,0.46246544791100286,0.47853278845741276,0.4067884020350568,0.5358896364573279,0.6103327747780909,0.43726958125866844,0.4916750398120633,0.011617673565378546,3.3183589057688394,2.707248805642033,2.0664491503135882,0.6362439871147361,3.6611181951794216,1.2563063502344982,1.5446426930270472,0.03649799792479758
D_W,dw,143,143,0.01,0.02,512,512,0,512,,512,512,0,512,0,0.46307764862694256,0.4786087436865707,0.4065123919634741,0.5367907896667948,0.6101864265959359,0.43721846443525775,0.49152555331874165,0.011685685129737933,sample,339,0.4632901224769535,0.47798485973114924,0.4051842819562331,0.5365769207715498,0.6101685374588162,0.43710231573287384,0.49137968218720196,0.011219866580329602,3.341328854520823,2.7175282901397435,2.067352664041819,0.6368764578230512,3.681796078756943,1.2502383514427304,1.543714799682601,0.03524825042302111
D_W,dw,143,143,0.01,0.02,512,512,0,512,,512,512,0,512,0,0.46307764862694256,0.4786087436865707,0.4065123919634741,0.5367907896667948,0.6101864265959359,0.43721846443525775,0.49152555331874165,0.011685685129737933,sample,340,0.4640753187023431,0.47872684350375627,0.40664254747182976,0.5361320632926501,0.6106264531581841,0.4357157039351796,0.4913961272243272,0.011856147787161177,3.3266973297802074,2.721057556632572,2.075462688450611,0.6413386370498724,3.676227446881684,1.2551060081381513,1.5437664632904216,0.037247186788020435
D_W,dw,143,143,0.01,0.02,512,512,0,512,,512,512,0,512,0,0.46307764862694256,0.4786087436865707,0.4065123919634741,0.5367907896667948,0.6101864265959359,0.43721846443525775,0.49152555331874165,0.011685685129737933,sample,341,0.4632491505746116,0.4783425306674896,0.4064257252537287,0.5369163238206045,0.6105467314979302,0.4375972077430548,0.49118786888057464,0.01144718673978126,3.320280539663967,2.7138688867593244,2.062381863495305,0.6377236727298026,3.674111268768049,1.2484970371743884,1.5431122004076399,0.035962397765967304
D_W,dw,143,143,0.01,0.02,512,512,0,512,,512,512,0,512,0,0.46307764862694256,0.4786087436865707,0.4065123919634741,0.5367907896667948,0.6101864265959359,0.43721846443525775,0.49152555331874165,0.011685685129737933,sample,342,0.4628521647881854,0.4787901776509462,0.40730366474318047,0.5370237025159265,0.6099940598804725,0.4371930513469222,0.4911255402566535,0.011815250405703052,3.308021044746061,2.7092431259213376,2.066834119636663,0.636566990688827,3.660383321063229,1.246111093071029,1.5429163892606208,0.03711870387488053
D_W,dw,143,143,0.01,0.02,512,512,0,512,,512,512,0,512,0,0.46307764862694256,0.4786087436865707,0.4065123919634741,0.5367907896667948,0.6101864265959359,0.43721846443525775,0.49152555331874165,0.011685685129737933,sample,343,0.4631029693252009,0.4789752219598601,0.4068902650197225,0.5369190898927106,0.6099229778779953,0.43717789939473284,0.49120750928929363,0.011868344715424403,3.31354837023813,2.7136821294447135,2.06729863332509,0.6361745667767681,3.659527604094658,1.2467705675728395,1.5431739025713849,0.03728550456824855
D_W,dw,143,143,0.01,0.02,512,512,0,512,,512,512,0,512,0,0.46307764862694256,0.4786087436865707,0.4065123919634741,0.5367907896667948,0.6101864265959359,0.43721846443525775,0.49152555331874165,0.011685685129737933,sample,344,0.46321361655507076,0.47853035614118816,0.4068824471932349,0.5369173021495164,0.6102907894158913,0.4371185218848383,0.4918009963135463,0.011539909071089765,3.315127191690693,2.7125907118215538,2.0664391263074964,0.6377879331100619,3.669888560272198,1.2477920210611082,1.545038397046778,0.036253693560829824
D_W,dw,143,143,0.01,0.02,512,512,0,512,,512,512,0,512,0,0.46307764862694256,0.4786087436865707,0.4065123919634741,0.5367907896667948,0.6101864265959359,0.43721846443525775,0.49152555331874165,0.011685685129737933,sample,345,0.4621111022550433,0.4788553612094714,0.40627363593916765,0.5367147606954779,0.6102035878497736,0.4372147137929931,0.49154261773920754,0.010757910730933608,3.3287283354045734,2.708030106754548,2.066327285812555,0.6369440496311672,3.650610152107189,1.2492072252756352,1.5442266768157904,0.03379697332027582
D_W,dw,143,143,0.01,0.02,512,512,0,512,,512,512,0,512,0,0.46307764862694256,0.4786087436865707,0.4065123919634741,0.5367907896667948,0.6101864265959359,0.43721846443525775,0.49152555331874165,0.011685685129737933,sample,346,0.46312360960958765,0.4791250724616786,0.4067099794931449,0.5367942220458733,0.6104246332429617,0.43670252466766457,0.4918634374682341,0.011615092907678922,3.322375811018543,2.7152287831342776,2.0688853415519417,0.6391174878827907,3.6566962560256586,1.249159792338252,1.5452345617196268,0.03648989054952701
D_W,dw,143,143,0.01,0.02,512,512,0,512,,512,512,0,512,0,0.46307764862694256,0.4786087436865707,0.4065123919634741,0.5367907896667948,0.6101864265959359,0.43721846443525775,0.49152555331874165,0.011685685129737933,sample,347,0.46278672305074775,0.47899548625198907,0.40637610148636194,0.5371133340575777,0.6103410524914923,0.43768384845984254,0.49127944704598364,0.011364165684947613,3.322070272581359,2.7134117490272267,2.062276755169318,0.6369632945287681,3.6554515792662,1.2463322483320696,1.543399901699318,0.035701579430008644
D_W,dw,143,143,0.01,0.02,512,512,0,512,,512,512,0,512,0,0.46307764862694256,0.4786087436865707,0.4065123919634741,0.5367907896667948,0.6101864265959359,0.43721846443525775,0.49152555331874165,0.011685685129737933,sample,348,0.462638930656761,0.4784044669267365,0.40594310566082115,0.5365038942879495,0.6100556188585817,0.43772856300244256,0.49182687637271855,0.01148513855444915,3.327019731523027,2.711443875935652,2.063640309776358,0.6348895737361674,3.6656953425621537,1.2505292165902318,1.545119701650548,0.03608162690811835
D_W,dw,143,143,0.01,0.02,512,512,0,512,,512,512,0,512,0,0.46307764862694256,0.4786087436865707,0.4065123919634741,0.5367907896667948,0.6101864265959359,0.43721846443525775,0.49152555331874165,0.011685685129737933,sample,349,0.4633864765746232,0.47833212447630746,0.40673107730386004,0.5367886362087013,0.6102103250539359,0.4371326019522076,0.4917773504201507,0.011754078345324433,3.3161060767317023,2.7136359286799516,2.0667669580763977,0.6372587513709406,3.675960769947177,1.2486223231373712,1.5449641112817987,0.03692652617939011
D_W,dw,143,143,0.01,0.02,512,512,0,512,,512,512,0,512,0,0.46307764862694256,0.4786087436865707,0.4065123919634741,0.5367907896667948,0.6101864265959359,0.43721846443525775,0.49152555331874165,0.011685685129737933,sample,350,0.46284253619424814,0.4793307270165827,0.40692702825847654,0.5368025726068064,0.6104584987510537,0.4373187311744473,0.4917455790115231,0.012085731280443253,3.3161472087783883,2.7130660195684153,2.0646657764307315,0.6378504106365185,3.649230576590499,1.2491836973172201,1.5448642984578602,0.037968444603900885
D_W,dw,143,143,0.01,0.02,512,512,0,512,,512,512,0,512,0,0.46307764862694256,0.4786087436865707,0.4065123919634741,0.5367907896667948,0.6101864265959359,0.43721846443525775,0.49152555331874165,0.011685685129737933,sample,351,0.4633090175302723,0.4779978894990138,0.40664906942982054,0.5364770021331791,0.6102884737347146,0.43693921694991966,0.4911948343635303,0.011263637731562576,3.3190232819073433,2.711862168831191,2.06814052299489,0.637601027390114,3.6817620352367886,1.2513800134859876,1.543134083117722,0.03538576155017379
D_W,dw,143,143,0.01,0.02,512,512,0,512,,512,512,0,512,0,0.46307764862694256,0.4786087436865707,0.4065123919634741,0.5367907896667948,0.6101864265959359,0.43721846443525775,0.49152555331874165,0.011685685129737933,sample,352,0.462114236317359,0.47897464226473163,0.40680169303515507,0.5366591093626017,0.6092832425305645,0.4383649845888724,0.4915497110682133,0.011634233644401422,3.3074652648057343,2.7064079960523477,2.061825178332547,0.6305330632326921,3.6482414844021855,1.2471416080872912,1.5442489611660843,0.03655002294739871
D_W,dw,143,143,0.01,0.02,512,512,0,512,,512,512,0,512,0,0.46307764862694256,0.4786087436865707,0.4065123919634741,0.5367907896667948,0.6101864265959359,0.43721846443525775,0.49152555331874165,0.011685685129737933,sample,353,0.46381181074302763,0.4784555156865083,0.4054113348864357,0.5370081662946058,0.6097584696909822,0.43710927617987083,0.49155055046558327,0.011109058919393016,3.3340101125172557,2.7226931404032397,2.0682172469831053,0.6357917195961076,3.678582875788583,1.2455893680265218,1.5442515982106952,0.034900137889461266
D_W,dw,143,143,0.01,0.02,512,512,0,512,,512,512,0,512,0,0.46307764862694256,0.4786087436865707,0.4065123919634741,0.5367907896667948,0.6101864265959359,0.43721846443525775,0.49152555331874165,0.011685685129737933,sample,354,0.46254884085548426,0.477448141892734,0.40639348209303894,0.5355891582024227,0.6098586526703649,0.4375877545461775,0.49165976234919223,0.010897598661826257,3.3187020488479835,2.70466768071743,2.066287025027242,0.6332067921661678,3.683604129769035,1.2575107217932815,1.5445946974619258,0.034235815897763325
D_W,dw,143,143,0.01,0.02,512,512,0,512,,512,512,0,512,0,0.46307764862694256,0.4786087436865707,0.4065123919634741,0.5367907896667948,0.6101864265959359,0.43721846443525775,0.49152555331874165,0.011685685129737933,sample,355,0.4625377209951191,0.4781796518164444,0.40667583414241665,0.5363803025605105,0.6100712851569079,0.43654143028449943,0.4917419772998958,0.011631277774158946,3.3235325356087024,2.7067047303944913,2.071639776815669,0.6375174991645948,3.6690166264713615,1.2515836619349776,1.5448529833470714,0.03654073680715998
D_W,dw,143,143,0.01,0.02,512,512,0,512,,512,512,0,512,0,0.46307764862694256,0.4786087436865707,0.4065123919634741,0.5367907896667948,0.6101864265959359,0.43721846443525775,0.49152555331874165,0.011685685129737933,sample,356,0.46162369138656284,0.4777025600315038,0.4042891132112109,0.536841046549647,0.6085635182590855,0.4371953297971334,0.49188350386436486,0.010907627640269656,3.3540105000849922,2.7073819700510424,2.071966079849873,0.6305724442262217,3.667940077296777,1.2436404441523339,1.5452976021622953,0.03426732286276412
D_W,dw,143,143,0.01,0.02,512,512,0,512,,512,512,0,512,0,0.46307764862694256,0.4786087436865707,0.4065123919634741,0.5367907896667948,0.6101864265959359,0.43721846443525775,0.49152555331874165,0.011685685129737933,sample,357,0.4629232200931346,0.47870848541286404,0.4064663277468418,0.5365577420984,0.610451691797851,0.43705904982790655,0.49182507337810855,0.011546546102188717,3.324300723633658,2.712840661490608,2.066693997850097,0.6380903590800147,3.662866629426971,1.2511616659032048,1.5451140373759267,0.03627454440897193
D_W,dw,143,143,0.01,0.02,512,512,0,512,,512,512,0,512,0,0.46307764862694256,0.4786087436865707,0.4065123919634741,0.5367907896667948,0.6101864265959359,0.43721846443525775,0.49152555331874165,0.011685685129737933,sample,358,0.4631741967456693,0.4792155917848337,0.4055277424803945,0.5366783355174141,0.6103627697065174,0.43710968873779266,0.4913953406287804,0.011750215601806753,3.338328436370607,2.720731771835982,2.0665242515097018,0.6377771110771303,3.6554227179958723,1.2499369980498352,1.5437639921276305,0.036914391012732264
D_W,dw,143,143,0.01,0.02,512,512,0,512,,512,512,0,512,0,0.46307764862694256,0.4786087436865707,0.4065123919634741,0.5367907896667948,0.6101864265959359,0.43721846443525775,0.49152555331874165,0.011685685129737933,sample,359,0.4630857114991854,0.4783931671352799,0.4066119065863233,0.5365521019447433,0.6102968613710358,0.4373447302033123,0.4911530861404435,0.011631084919177519,3.3181780876138247,2.7120957770118372,2.0653267852198662,0.6368041136495844,3.671151359149926,1.2507890507712462,1.5430029272067722,0.03654013093536713
D_W,dw,143,143,0.01,0.02,512,512,0,512,,512,512,0,512,0,0.46307764862694256,0.4786087436865707,0.4065123919634741,0.5367907896667948,0.6101864265959359,0.43721846443525775,0.49152555331874165,0.011685685129737933,sample,360,0.4631636317441947,0.47879085585864584,0.40566554284897177,0.5366813376524336,0.6105204168797724,0.4376530041201793,0.49191643184483574,0.01029814749130831,3.332780616965855,2.7182511013669535,2.0623639395749405,0.6371747932858619,3.6640027330129517,1.250339494721066,1.54540104846384,0.032352584504278345
D_W,dw,143,143,0.01,0.02,512,512,0,512,,512,512,0,512,0,0.46307764862694256,0.4786087436865707,0.4065123919634741,0.5367907896667948,0.6101864265959359,0.43721846443525775,0.49152555331874165,0.011685685129737933,sample,361,0.46346136703001023,0.47827216321064103,0.40682180946974295,0.5365505142721085,0.6105858353935606,0.4368071842657651,0.4917237343982175,0.012008808102013534,3.318324527157118,2.713568678483649,2.067916610908413,0.639199661686352,3.6780718480309504,1.2515824822208104,1.5447956715811786,0.037726783311655306
D_W,dw,143,143,0.01,0.02,512,512,0,512,,512,512,0,512,0,0.46307764862694256,0.4786087436865707,0.4065123919634741,0.5367907896667948,0.6101864265959359,0.43721846443525775,0.49152555331874165,0.011685685129737933,sample,362,0.46249810347353976,0.4790811153778411,0.40669974307205353,0.5366129188335687,0.6102297533374,0.43768192798604166,0.49130868792712373,0.011711127511413236,3.3172202409583944,2.710245078010534,2.0632355036587153,0.6358443700632064,3.650411263048667,1.2501102819806171,1.5434917646366921,0.03679159215510914
D_W,dw,143,143,0.01,0.02,512,512,0,512,,512,512,0,512,0,0.46307764862694256,0.4786087436865707,0.4065123919634741,0.5367907896667948,0.6101864265959359,0.43721846443525775,0.49152555331874165,0.011685685129737933,sample,363,0.46182268548659783,0.4777609732488105,0.404535843369732,0.5357392106206469,0.6102588477122125,0.43554650372089965,0.49134019615861296,0.01190365394084136,3.368703332377865,2.708131949469792,2.0782970697314616,0.6397465583027161,3.669059607800424,1.2573432221674148,1.5435907506652664,0.037396431771422406
D_W,dw,143,143,0.01,0.02,512,512,0,512,,512,512,0,512,0,0.46307764862694256,0.4786087436865707,0.4065123919634741,0.5367907896667948,0.6101864265959359,0.43721846443525775,0.49152555331874165,0.011685685129737933,sample,364,0.4627257486310084,0.47894538667202996,0.4065866894901928,0.5366839000697469,0.6099849938130273,0.4374074400900991,0.4918001844505107,0.011174948579303842,3.3186244876955597,2.7118726538955626,2.065824114268494,0.6355806312606554,3.6557706188215375,1.2488638320781151,1.5450358465038296,0.03510713636098464
D_W,dw,143,143,0.01,0.02,512,512,0,512,,512,512,0,512,0,0.46307764862694256,0.4786087436865707,0.4065123919634741,0.5367907896667948,0.6101864265959359,0.43721846443525775,0.49152555331874165,0.011685685129737933,sample,365,0.4633692724065271,0.47855632520772806,0.4058291013774979,0.5364550968949793,0.6101226584937123,0.43734442595045747,0.49131388276703025,0.011429721790486827,3.328961817145712,2.718130965736464,2.066033936203613,0.6359733311153604,3.671208636715047,1.2511104373270132,1.543508084707579,0.035907530009568596
D_W,dw,143,143,0.01,0.02,512,512,0,512,,512,512,0,512,0,0.46307764862694256,0.4786087436865707,0.4065123919634741,0.5367907896667948,0.6101864265959359,0.43721846443525775,0.49152555331874165,0.011685685129737933,sample,366,0.4625546348287561,0.4779293087324328,0.4067534102603165,0.5358877605984464,0.6109096959135326,0.4372922164336768,0.49164005237274794,0.011075949506965109,3.320868842948066,2.7054000245341605,2.0643290577777886,0.6385196205305189,3.6741893660594624,1.2578525597230836,1.544532776744726,0.03479612160261308
D_W,dw,143,143,0.01,0.02,512,512,0,512,,512,512,0,512,0,0.46307764862694256,0.4786087436865707,0.4065123919634741,0.5367907896667948,0.6101864265959359,0.43721846443525775,0.49152555331874165,0.011685685129737933,sample,367,0.4629892511456147,0.47881818114642,0.40647512325426494,0.5370020748291555,0.6096321434372883,0.4375767371835407,0.49122061156731944,0.012090980478426551,3.3164123767352938,2.713794689552148,2.0655340394748705,0.6342023365247068,3.6614069901782154,1.2452904288494515,1.5432150645917762,0.037984935445722456
D_W,dw,143,143,0.01,0.02,512,512,0,512,,512,512,0,512,0,0.46307764862694256,0.4786087436865707,0.4065123919634741,0.5367907896667948,0.6101864265959359,0.43721846443525775,0.49152555331874165,0.011685685129737933,sample,368,0.46243731546238037,0.47882687371456956,0.4068705962926366,0.5371199531998218,0.609853213842527,0.43496832163690413,0.49127057190801,0.011986529802715024,3.3316234197187473,2.7079790492632188,2.0819195350113118,0.6413119660907793,3.6548738448747677,1.2449369065115128,1.5433720196310603,0.03765679397024463
D_W,dw,143,143,0.01,0.02,512,512,0,512,,512,512,0,512,0,0.46307764862694256,0.4786087436865707,0.4065123919634741,0.5367907896667948,0.6101864265959359,0.43721846443525775,0.49152555331874165,0.011685685129737933,sample,369,0.46406146971095236,0.48009889554018537,0.4067125193635383,0.5373254807179365,0.6097648530244969,0.4368277240147194,0.49146397970927125,0.011915941284086006,3.3155914901440213,2.726777723850837,2.0697016431219457,0.6368975475801489,3.6473134353754744,1.2430134717500847,1.5439796281586498,0.03743503359869192
D_W,dw,143,143,0.01,0.02,512,512,0,512,,512,512,0,512,0,0.46307764862694256,0.4786087436865707,0.4065123919634741,0.5367907896667948,0.6101864265959359,0.43721846443525775,0.49152555331874165,0.011685685129737933,sample,370,0.4629429756128511,0.4785512776060381,0.40653905378271776,0.5364310894361071,0.6100729771404398,0.4372161895001733,0.49180691364684226,0.011958284454109618,3.3197497929841426,2.712003305268021,2.0670868507008446,0.6360354643014245,3.666280403243843,1.251172344367168,1.5450569868975894,0.037568058590567804
D_W,dw,143,143,0.01,0.02,512,512,0,512,,512,512,0,512,0,0.46307764862694256,0.4786087436865707,0.4065123919634741,0.5367907896667948,0.6101864265959359,0.43721846443525775,0.49152555331874165,0.011685685129737933,sample,371,0.46318179266448234,0.4781566548744664,0.40621463157125676,0.5365026543002854,0.61028208071297,0.43686838375159,0.49182663918766567,0.011483071954848887,3.327240560321365,2.713371494257628,2.0686041948703173,0.6377725428070988,3.677053092427332,1.2511530787594052,1.5451189565117283,0.03607513449399625
D_W,dw,143,143,0.01,0.02,512,512,0,512,,512,512,0,512,0,0.46307764862694256,0.4786087436865707,0.4065123919634741,0.5367907896667948,0.6101864265959359,0.43721846443525775,0.49152555331874165,0.011685685129737933,sample,372,0.46316603875909135,0.47856816574398237,0.406238219273928,0.5362859620377382,0.6104674828226888,0.43719139204536084,0.49120896081507676,0.011757958693723652,3.3258829786910997,2.714997743874982,2.06606563455952,0.6374892608987609,3.668559528192136,1.2534233551062766,1.5431784626741216,0.036938716653414465
D_W,dw,143,143,0.01,0.02,512,512,0,512,,512,512,0,512,0,0.46307764862694256,0.4786087436865707,0.4065123919634741,0.5367907896667948,0.6101864265959359,0.43721846443525775,0.49152555331874165,0.011685685129737933,sample,373,0.46327478738112826,0.47863444113189463,0.4066534833901357,0.5371890200936307,0.6102952240886235,0.43715191654222135,0.49183752762714633,0.011688949949567326,3.3186695081234414,2.7144526056499827,2.0658908224881603,0.6380964368665224,3.668498498535337,1.2455904108725662,1.5451531635532099,0.036721919289739495
D_W,dw,143,143,0.01,0.02,512,512,0,512,,512,512,0,512,0,0.46307764862694256,0.4786087436865707,0.4065123919634741,0.5367907896667948,0.6101864265959359,0.43721846443525775,0.49152555331874165,0.011685685129737933,sample,374,0.4626970017887703,0.47884448016725434,0.4060517256580754,0.5353598993437784,0.6111421162594722,0.43779025692722745,0.49129925567658506,0.010724084180851402,3.330026006530421,2.7133730165991636,2.060795767141088,0.6376404983510898,3.6574896786408724,1.2627721526720506,1.5434621323476931,0.033690704079041275
D_W,dw,143,143,0.01,0.02,512,512,0,512,,512,512,0,512,0,0.46307764862694256,0.4786087436865707,0.4065123919634741,0.5367907896667948,0.6101864265959359,0.43721846443525775,0.49152555331874165,0.011685685129737933,sample,375,0.46260215819816425,0.47909050818855964,0.40647365923684303,0.5364483678199501,0.6103911945793108,0.43745842951641944,0.49132125894631146,0.011657465655222141,3.322757802773194,2.712006574767602,2.064363796785295,0.6367860398333348,3.6514028749124523,1.251891326891296,1.5435312576582205,0.0366230084619212
D_W,dw,143,143,0.01,0.02,512,512,0,512,,512,512,0,512,0,0.46307764862694256,0.4786087436865707,0.4065123919634741,0.5367907896667948,0.6101864265959359,0.43721846443525775,0.49152555331874165,0.011685685129737933,sample,376,0.463312902619423,0.47918323357179043,0.40640462377020226,0.5370860606440161,0.6099367433442123,0.4368284947923666,0.49195546542685215,0.011549600695397805,3.323399049956089,2.718173748737594,2.06938503915228,0.6372600889375382,3.6577070363993966,1.2454441200851776,1.5455236760783462,0.03628414069655731
D_W,dw,143,143,0.01,0.02,512,512,0,512,,512,512,0,512,0,0.46307764862694256,0.4786087436865707,0.4065123919634741,0.5367907896667948,0.6101864265959359,0.43721846443525775,0.49152555331874165,0.011685685129737933,sample,377,0.46255877944359086,0.4787738070362373,0.4066023748545308,0.5370091359452727,0.6100004513242454,0.43826033353286453,0.49119770907712046,0.01164767332363321,3.3133083275929716,2.709777511780332,2.0596887312120384,0.6341388158478238,3.657333725550726,1.2462476130553204,1.5431431142968182,0.0365922449449399
D_W,dw,143,143,0.01,0.02,512,512,0,512,,512,512,0,512,0,0.46307764862694256,0.4786087436865707,0.4065123919634741,0.5367907896667948,0.6101864265959359,0.43721846443525775,0.49152555331874165,0.011685685129737933,sample,378,0.4640166743468256,0.4782465721082709,0.40724125561601837,0.5370266471650814,0.6104670394243072,0.4372822080299115,0.49149048008897506,0.010859651059002672,3.3056198176108684,2.715996153119435,2.0646253619782926,0.6382699879386817,3.6853450919696003,1.2473822129083219,1.5440628815568445,0.03411659998751141
D_W,dw,143,143,0.01,0.02,512,512,0,512,,512,512,0,512,0,0.46307764862694256,0.4786087436865707,0.4065123919634741,0.5367907896667948,0.6101864265959359,0.43721846443525775,0.49152555331874165,0.011685685129737933,sample,379,0.4628875998763,0.4791865275980584,0.40634948889482386,0.5375210559019247,0.6104463218972178,0.43734491835082134,0.4913163032262468,0.01155418316071066,3.3254276134392464,2.715125178526691,2.063712699027817,0.6387149382322321,3.65270696720848,1.243306948872302,1.543515688804472,0.0362985369359195
D_W,dw,143,143,0.01,0.02,512,512,0,512,,512,512,0,512,0,0.46307764862694256,0.4786087436865707,0.4065123919634741,0.5367907896667948,0.6101864265959359,0.43721846443525775,0.49152555331874165,0.011685685129737933,sample,380,0.4632344620984871,0.47774239784093664,0.40607299316533246,0.538428045757587,0.6107332576090284,0.43791196267249854,0.4912680230657728,0.012241343592864575,3.3254064072716005,2.7124632559960005,2.0579275324274118,0.6398363123422911,3.6859682191304772,1.2367675494901864,1.5433640122070127,0.038457315101411836
D_W,dw,143,143,0.01,0.02,512,512,0,512,,512,512,0,512,0,0.46307764862694256,0.4786087436865707,0.4065123919634741,0.5367907896667948,0.6101864265959359,0.43721846443525775,0.49152555331874165,0.011685685129737933,sample,381,0.46355052778628775,0.47874014371735135,0.4052713719675898,0.5373246799539667,0.6096566303670559,0.43893786375914734,0.49199623685300964,0.011298030810648839,3.324665478662194,2.7225320885473545,2.0559259644351076,0.6316521229994206,3.6696192864262356,1.2427192287919366,1.545651763291239,0.03549381059476553
D_W,dw,143,143,0.01,0.02,512,512,0,512,,512,512,0,512,0,0.46307764862694256,0.4786087436865707,0.4065123919634741,0.5367907896667948,0.6101864265959359,0.43721846443525775,0.49152555331874165,0.011685685129737933,sample,382,0.4628157518484958,0.47955765951290236,0.40676435608282074,0.5376207564656661,0.6098684829108292,0.43721052727971,0.49141729517517074,0.010734800315120405,3.3173215641180205,2.714492907092609,2.066454411277644,0.6368367460825466,3.6442501025116325,1.2408935214914505,1.5438329643692832,0.03372436980773566
D_W,dw,143,143,0.01,0.02,512,512,0,512,,512,512,0,512,0,0.46307764862694256,0.4786087436865707,0.4065123919634741,0.5367907896667948,0.6101864265959359,0.43721846443525775,0.49152555331874165,0.011685685129737933,sample,383,0.4630657416214475,0.47834328174290086,0.4063681219032147,0.5366154705245766,0.6103223869585219,0.43765996661240447,0.4918038724436692,0.011691175202799862,3.320184792354987,2.712706941012773,2.0630642237533507,0.6362715787033218,3.671921288030748,1.250340651639296,1.5450474326760428,0.036728910128947204
D_W,dw,143,143,0.01,0.02,512,512,0,512,,512,512,0,512,0,0.46307764862694256,0.4786087436865707,0.4065123919634741,0.5367907896667948,0.6101864265959359,0.43721846443525775,0.49152555331874165,0.011685685129737933,sample,384,0.46407545518101595,0.478762837800476,0.4064490361668483,0.5364242814965219,0.6100733633539247,0.43769144919633923,0.4915480222400854,0.012292308938987452,3.3134939257214167,2.7219931513178524,2.063918169277257,0.6349394851215328,3.6754869681116573,1.2512291349544902,1.5442436555560446,0.03861742745837912
D_W,dw,143,143,0.01,0.02,512,512,0,512,,512,512,0,512,0,0.46307764862694256,0.4786087436865707,0.4065123919634741,0.5367907896667948,0.6101864265959359,0.43721846443525775,0.49152555331874165,0.011685685129737933,sample,385,0.4632102071837947,0.4782081698238672,0.40620120557521905,0.536511504665891,0.6104608471798578,0.4371466951441285,0.4917997273653006,0.011893655036236909,3.326394606500266,2.713873099054005,2.066131993380202,0.6378645633886149,3.676356019842028,1.2515637017697603,1.5450344105282914,0.03736501928617312
D_W,dw,143,143,0.01,0.02,512,512,0,512,,512,512,0,512,0,0.46307764862694256,0.4786087436865707,0.4065123919634741,0.5367907896667948,0.6101864265959359,0.43721846443525775,0.49152555331874165,0.011685685129737933,sample,386,0.46351427993283734,0.47875907353836156,0.4067578111580775,0.5372622436649321,0.609790141487541,0.43690378310410105,0.49127337967753537,0.011949898266791777,3.3152445446748517,2.7164283919889685,2.0691826050780278,0.6367373487245814,3.668799395830652,1.2436000771722155,1.5433808404991742,0.03754171260609845
D_W,dw,143,143,0.01,0.02,512,512,0,512,,512,512,0,512,0,0.46307764862694256,0.4786087436865707,0.4065123919634741,0.5367907896667948,0.6101864265959359,0.43721846443525775,0.49152555331874165,0.011685685129737933,sample,387,0.462866571836857,0.4788117079309734,0.4065920866446828,0.5367846883815746,0.6104213936521649,0.4360888461624439,0.49120309653308136,0.012197322825615052,3.3292867284856564,2.712350455993266,2.072967452843192,0.640511299444411,3.6601130754320743,1.249228706003814,1.5431600394888865,0.038319019782415344
D_W,dw,143,143,0.01,0.02,512,512,0,512,,512,512,0,512,0,0.46307764862694256,0.4786087436865707,0.4065123919634741,0.5367907896667948,0.6101864265959359,0.43721846443525775,0.49152555331874165,0.011685685129737933,sample,388,0.4647081569884309,0.4799970999607525,0.40698954844383695,0.5283960615023593,0.606166376245062,0.4463418698690503,0.4916176916933196,0.012159251629792879,3.2198409074486483,2.730317159117334,2.025001932812819,0.5899465027690782,3.657231502032437,1.3094463631869073,1.5444625285985047,0.03819941559330703
D_W,dw,143,143,0.01,0.02,512,512,0,512,,512,512,0,512,0,0.46307764862694256,0.4786087436865707,0.4065123919634741,0.5367907896667948,0.6101864265959359,0.43721846443525775,0.49152555331874165,0.011685685129737933,sample,389,0.46296265664743363,0.4791018597862143,0.40639338946229325,0.5366833211002562,0.6101037942923073,0.43729270824382,0.49129194146428457,0.01162660591688456,3.322349623400907,2.715160238315561,2.066184244962034,0.636321213391667,3.655306794488849,1.2491924529649474,1.5434391540720631,0.03652605973466815
D_W,dw,143,143,0.01,0.02,512,512,0,512,,512,512,0,512,0,0.46307764862694256,0.4786087436865707,0.4065123919634741,0.5367907896667948,0.6101864265959359,0.43721846443525775,0.49152555331874165,0.011685685129737933,sample,390,0.4631951833719554,0.47829326420599366,0.40651148919433655,0.5367268016756901,0.610408178312809,0.4366749164107481,0.4918172206270023,0.011484307720163709,3.3245964588816657,2.7128897814147197,2.069201536477086,0.6390247341255219,3.6744633748561824,1.2496648033243016,1.5450893672307409,0.036079016765230856
D_W,dw,143,143,0.01,0.02,512,512,0,512,,512,512,0,512,0,0.46307764862694256,0.4786087436865707,0.4065123919634741,0.5367907896667948,0.6101864265959359,0.43721846443525775,0.49152555331874165,0.011685685129737933,sample,391,0.4636365913446362,0.4788953938284437,0.40591929568548935,0.5370456832941517,0.6096650091137299,0.43718646811819817,0.4914023440854004,0.011817884620360255,3.3258084530286602,2.721325169052358,2.067979522652769,0.6352895179740545,3.6674609736874313,1.2450242720830234,1.5437859941354977,0.03712697950429558
D_W,dw,143,143,0.01,0.02,512,512,0,512,,512,512,0,512,0,0.46307764862694256,0.4786087436865707,0.4065123919634741,0.5367907896667948,0.6101864265959359,0.43721846443525775,0.49152555331874165,0.011685685129737933,sample,392,0.4635669744715539,0.47823111915652367,0.40626307186658983,0.536142043340894,0.6101245173447403,0.4370491447104517,0.4918199856815608,0.01078286198086386,3.322640179047328,2.7164388120359555,2.068350466334451,0.6362435147401447,3.6801748862962866,1.2536796138698647,1.5450980539058288,0.033875359983754585
D_W,dw,143,143,0.01,0.02,512,512,0,512,,512,512,0,512,0,0.46307764862694256,0.4786087436865707,0.4065123919634741,0.5367907896667948,0.6101864265959359,0.43721846443525775,0.49152555331874165,0.011685685129737933,sample,393,0.46323875501637396,0.47849189194429503,0.40633926242616913,0.536555613257522,0.6100492766330085,0.4377845685115216,0.4918170101879202,0.012000310390731005,3.3177520992509564,2.714807014927723,2.0632284391409104,0.6348054658401913,3.670966057799628,1.2500886770366675,1.5450887061168666,0.037700086964317786
D_W,dw,143,143,0.01,0.02,512,512,0,512,,512,512,0,512,0,0.46307764862694256,0.4786087436865707,0.4065123919634741,0.5367907896667948,0.6101864265959359,0.43721846443525775,0.49152555331874165,0.011685685129737933,sample,394,0.46245004544512736,0.4773072105961879,0.4065918624400147,0.5356906916067067,0.6101331533914354,0.4374459474073297,0.4913049096013959,0.013624201804830965,3.3182446967899306,2.702472391708716,2.0661784483226517,0.6347730313406452,3.685194292476947,1.2574071206087138,1.5434798946763428,0.04280169230108176
D_W,dw,143,143,0.01,0.02,512,512,0,512,,512,512,0,512,0,0.46307764862694256,0.4786087436865707,0.4065123919634741,0.5367907896667948,0.6101864265959359,0.43721846443525775,0.49152555331874165,0.011685685129737933,sample,395,0.46313032879154725,0.4784268290234353,0.40656263568192863,0.5367423490337614,0.6101719532647701,0.43707289913245323,0.49117906947970297,0.011781553226937252,3.3201739996508097,2.712786705607505,2.0673484008614667,0.6371793317141449,3.670998899338913,1.248895758498561,1.5430845562745055,0.03701284106562319
D_W,dw,143,143,0.01,0.02,512,512,0,512,,512,512,0,512,0,0.46307764862694256,0.4786087436865707,0.4065123919634741,0.5367907896667948,0.6101864265959359,0.43721846443525775,0.49152555331874165,0.011685685129737933,sample,396,0.46213458736372787,0.4781491429880474,0.4063616316710875,0.5371851949867085,0.6108488922469283,0.4377675700091818,0.4910729378671968,0.009928566896600525,3.326384185985785,2.704790699494431,2.059922651435657,0.6389191425503494,3.664978494339135,1.2471344093088186,1.5427511339803424,0.03119151282303502
D_W,dw,143,143,0.01,0.02,512,512,0,512,,512,512,0,512,0,0.46307764862694256,0.4786087436865707,0.4065123919634741,0.5367907896667948,0.6101864265959359,0.43721846443525775,0.49152555331874165,0.011685685129737933,sample,397,0.4624753217994829,0.47928622296780865,0.40787763445871045,0.5379749206716385,0.6096179083420121,0.4371413481202938,0.49161435036450946,0.012732690627510031,3.2997778501757393,2.706109835884023,2.067353881234202,0.6364798018955362,3.645973235365321,1.237305533881478,1.5444520315044616,0.04000092733581713
D_W,dw,143,143,0.01,0.02,512,512,0,512,,512,512,0,512,0,0.46307764862694256,0.4786087436865707,0.4065123919634741,0.5367907896667948,0.6101864265959359,0.43721846443525775,0.49152555331874165,0.011685685129737933,sample,398,0.46306868276587015,0.4785566744654226,0.4059949374575962,0.536620523659672,0.6099440859515124,0.4375697252371888,0.49123939960613816,0.011995800673393574,3.3251069815334544,2.7151796229130762,2.0649516105093664,0.6349591812386763,3.667645603838416,1.2492709445766745,1.5432740889565044,0.037685919269460744
D_W,dw,143,143,0.01,0.02,512,512,0,512,,512,512,0,512,0,0.46307764862694256,0.4786087436865707,0.4065123919634741,0.5367907896667948,0.6101864265959359,0.43721846443525775,0.49152555331874165,0.011685685129737933,sample,399,0.46396466581927337,0.4787406297295096,0.40625918847531284,0.5374295926908431,0.610278067176863,0.4407789947539444,0.49178829429878873,0.010952857571450973,3.29759616680362,2.7217974350090155,2.041238765227089,0.6302333552512562,3.674596361422338,1.2435858522352483,1.5449984924905298,0.03440941688228572
D_W,dw,143,143,0.01,0.02,512,512,0,512,,512,512,0,512,0,0.46307764862694256,0.4786087436865707,0.4065123919634741,0.5367907896667948,0.6101864265959359,0.43721846443525775,0.49152555331874165,0.011685685129737933,sample,400,0.4615101019000423,0.4778240086981641,0.4063217281207539,0.5367321064872754,0.6107738564558517,0.43684224353014905,0.49117225559695443,0.012227306757259207,3.335172272362674,2.698805904829255,2.066837808816574,0.6401181678938124,3.6642914716223496,1.2506106843889957,1.5430631498305203,0.03841321708179436
D_W,dw,143,143,0.01,0.02,512,512,0,512,,512,512,0,512,0,0.46307764862694256,0.4786087436865707,0.4065123919634741,0.5367907896667948,0.6101864265959359,0.43721846443525775,0.49152555331874165,0.011685685129737933,sample,401,0.46288582542562484,0.47846724244616434,0.40667709126097096,0.5370713068262759,0.6096214194516748,0.4371091352245698,0.49181636176916554,0.011858363153941722,3.316455622507875,2.7106329767281503,2.0686154294481462,0.6353272731089423,3.667308218964434,1.2446939380167628,1.5450866690492704,0.03725414656802321
D_W,dw,143,143,0.01,0.02,512,512,0,512,,512,512,0,512,0,0.46307764862694256,0.4786087436865707,0.4065123919634741,0.5367907896667948,0.6101864265959359,0.43721846443525775,0.49152555331874165,0.011685685129737933,sample,402,0.4630650581542893,0.4786877996241375,0.4068003973383622,0.5366104363477977,0.610051572102511,0.43734208995996643,0.49180923274991806,0.011784674923767705,3.3142379918837217,2.71248482180034,2.0661163740283217,0.6358999903514461,3.664943696585199,1.2496463284517472,1.5450642725747752,0.037022648165452476
D_W,dw,143,143,0.01,0.02,512,512,0,512,,512,512,0,512,0,0.46307764862694256,0.4786087436865707,0.4065123919634741,0.5367907896667948,0.6101864265959359,0.43721846443525775,0.49152555331874165,0.011685685129737933,sample,403,0.4625387560019022,0.47908279873300424,0.4073610840710353,0.5349627600075284,0.6108904988113197,0.43690039264139036,0.4912934269641772,0.011975012454194257,3.314255050188077,2.707859867524881,2.0680108920442906,0.6381459661007093,3.650838565873962,1.2653709256061978,1.5434438209076127,0.037620611152742955
D_W,dw,143,143,0.01,0.02,512,512,0,512,,512,512,0,512,0,0.46307764862694256,0.4786087436865707,0.4065123919634741,0.5367907896667948,0.6101864265959359,0.43721846443525775,0.49152555331874165,0.011685685129737933,sample,404,0.4633601012897303,0.4791914866007319,0.4086410780800737,0.5354795151568633,0.6103429633277921,0.43823321944224497,0.49149934892214087,0.012942961661979713,3.2783383184876387,2.7094488866294246,2.060416857110235,0.6335503089118956,3.6580894785017435,1.259698379849431,1.544090743817964,0.04066151327296981
D_W,dw,143,143,0.01,0.02,512,512,0,512,,512,512,0,512,0,0.46307764862694256,0.4786087436865707,0.4065123919634741,0.5367907896667948,0.6101864265959359,0.43721846443525775,0.49152555331874165,0.011685685129737933,sample,405,0.4635861635893418,0.4783499926970284,0.40612391840956297,0.5370608216642925,0.6105002770029512,0.43812654011075125,0.4913076620165934,0.011055510471330384,3.3200394844393335,2.717680212408203,2.058838952322542,0.6365300732174693,3.6779984278949445,1.2471948277708889,1.543488541643707,0.03473191047841657
D_W,dw,143,143,0.01,0.02,512,512,0,512,,512,512,0,512,0,0.46307764862694256,0.4786087436865707,0.4065123919634741,0.5367907896667948,0.6101864265959359,0.43721846443525775,0.49152555331874165,0.011685685129737933,sample,406,0.4629863064478331,0.47828385446048566,0.4061841415825185,0.5367703929580757,0.6102579552232097,0.43733233797770243,0.4911778416425022,0.011960061801868349,3.3254858691850906,2.7125795112167066,2.0652945689844,0.6369681199810798,3.672179590084916,1.2489009635775585,1.5430806989101757,0.03757364229322951
D_W,dw,143,143,0.01,0.02,512,512,0,512,,512,512,0,512,0,0.46307764862694256,0.4786087436865707,0.4065123919634741,0.5367907896667948,0.6101864265959359,0.43721846443525775,0.49152555331874165,0.011685685129737933,sample,407,0.46352644775665236,0.4784316713414012,0.40682476564858583,0.5367391381642622,0.6098589709593477,0.43705176241358046,0.4917639441221355,0.011973959826497384,3.3127958022025057,2.714777385651303,2.0685657613200488,0.6359649783345288,3.6756213561779614,1.2480672637633794,1.5449219941544423,0.037617304225303495
D_W,dw,143,143,0.01,0.02,512,512,0,512,,512,512,0,512,0,0.46307764862694256,0.4786087436865707,0.4065123919634741,0.5367907896667948,0.6101864265959359,0.43721846443525775,0.49152555331874165,0.011685685129737933,sample,408,0.4631038621569302,0.4786761391051607,0.40603295027520786,0.5371718431010476,0.6099451874889509,0.4370729884441877,0.4912571337378154,0.012410070868496903,3.3282438179377354,2.715824258306924,2.0676301705717113,0.6368472731992799,3.665635788054148,1.2447670243205624,1.5433298023742994,0.03898738747099857
D_W,dw,143,143,0.01,0.02,512,512,0,512,,512,512,0,512,0,0.46307764862694256,0.4786087436865707,0.4065123919634741,0.5367907896667948,0.6101864265959359,0.43721846443525775,0.49152555331874165,0.011685685129737933,sample,409,0.4636571731727725,0.4790820121341022,0.407319452265753,0.5366771087508684,0.6111720571929424,0.43639863945186286,0.49115458254294947,0.012202332332960947,3.3161691200866925,2.7167073960324153,2.068477275804539,0.642668119214515,3.663858236898925,1.2521272095567266,1.5430076282938916,0.03833475761389131
D_W,dw,143,143,0.01,0.02,512,512,0,512,,512,512,0,512,0,0.46307764862694256,0.4786087436865707,0.4065123919634741,0.5367907896667948,0.6101864265959359,0.43721846443525775,0.49152555331874165,0.011685685129737933,sample,410,0.4629772865424546,0.47834808834685477,0.4069243810045451,0.5366270350792314,0.6105737418648831,0.43696183529989685,0.49111129047092855,0.011355809270844536,3.317635801015445,2.7097939087407203,2.0668450781168413,0.6388974962617089,3.670781411026631,1.2509261554074502,1.5428716222384722,0.03567532698085206
D_W,dw,143,143,0.01,0.02,512,512,0,512,,512,512,0,512,0,0.46307764862694256,0.4786087436865707,0.4065123919634741,0.5367907896667948,0.6101864265959359,0.43721846443525775,0.49152555331874165,0.011685685129737933,sample,411,0.4629763536347068,0.47838031425692784,0.4065434321650621,0.5369168943326993,0.6104096408101201,0.43740070037327233,0.49115791660795793,0.011404033578809819,3.320163969711499,2.711480953658475,2.0641561513101436,0.6376199444825059,3.6701215925196973,1.248119394656363,1.543018102568029,0.035826828112480245
D_W,dw,143,143,0.01,0.02,512,512,0,512,,512,512,0,512,0,0.46307764862694256,0.4786087436865707,0.4065123919634741,0.5367907896667948,0.6101864265959359,0.43721846443525775,0.49152555331874165,0.011685685129737933,sample,412,0.46300191944226016,0.4786307634500222,0.4071408299892291,0.5369358638097375,0.6105006989416115,0.43728563928510805,0.49174518649736204,0.011763349095541298,3.311844299213508,2.710359005318106,2.0645914114466835,0.6382753236352193,3.665361383092204,1.2482128169229372,1.5448630653382553,0.03695565110016468
D_W,dw,143,143,0.01,0.02,512,512,0,512,,512,512,0,512,0,0.46307764862694256,0.4786087436865707,0.4065123919634741,0.5367907896667948,0.6101864265959359,0.43721846443525775,0.49152555331874165,0.011685685129737933,sample,413,0.46312711189226546,0.47918467060679454,0.4062714054536644,0.53636952064218,0.6100755712707112,0.4372883464082576,0.49132465024407396,0.01148768374074971,3.32342702405744,2.717278944049583,2.066666377817186,0.635798229350414,3.655512115196111,1.2516835711819714,1.5435419117343574,0.0360896228467022
D_W,dw,143,143,0.01,0.02,512,512,0,512,,512,512,0,512,0,0.46307764862694256,0.4786087436865707,0.4065123919634741,0.5367907896667948,0.6101864265959359,0.43721846443525775,0.49152555331874165,0.011685685129737933,sample,414,0.46313418087364083,0.4787316059686494,0.4067743666753173,0.5366458539227211,0.6112843478132143,0.4369369525558408,0.4911170570521608,0.012113967137759668,3.323684472730398,2.7133160118880455,2.0645747725098826,0.641843922948336,3.664863897978579,1.252680817259903,1.5428897384877076,0.038057150165813944
D_W,dw,143,143,0.01,0.02,512,512,0,512,,512,512,0,512,0,0.46307764862694256,0.4786087436865707,0.4065123919634741,0.5367907896667948,0.6101864265959359,0.43721846443525775,0.49152555331874165,0.011685685129737933,sample,415,0.4631370285755045,0.47814198552911197,0.4065420985174567,0.5371736968344328,0.6098810718870675,0.43702240667669157,0.49173731899288764,0.012291484630590164,3.3193493461991093,2.7116420438236326,2.068184239434268,0.6367086311666172,3.6768145231532334,1.2445748561649643,1.5448383488439965,0.03861483781717391
D_W,dw,143,143,0.01,0.02,512,512,0,512,,512,512,0,512,0,0.46307764862694256,0.4786087436865707,0.4065123919634741,0.5367907896667948,0.6101864265959359,0.43721846443525775,0.49152555331874165,0.011685685129737933,sample,416,0.46268191635422284,0.47891201026380614,0.40653655389083987,0.5368622834000812,0.6104376043096541,0.4377936124732972,0.4917603814506698,0.011341867201765752,3.319405460186069,2.7115932360895276,2.0615015078465815,0.6367637421862703,3.655945664295636,1.248640405810718,1.5449108016919386,0.03563152667905831
D_W,dw,143,143,0.01,0.02,512,512,0,512,,512,512,0,512,0,0.46307764862694256,0.4786087436865707,0.4065123919634741,0.5367907896667948,0.6101864265959359,0.43721846443525775,0.49152555331874165,0.011685685129737933,sample,417,0.46273077140272173,0.4785616040756695,0.40704425164432706,0.5377560967897724,0.6106058028487129,0.43853309831041803,0.49106804405273424,0.011683598390623925,3.3069718428325374,2.7083630851424063,2.0549733170639177,0.636990625209694,3.6636001213179497,1.2418416805953725,1.5427357596087787,0.036705106871477655
D_W,dw,143,143,0.01,0.02,512,512,0,512,,512,512,0,512,0,0.46307764862694256,0.4786087436865707,0.4065123919634741,0.5367907896667948,0.6101864265959359,0.43721846443525775,0.49152555331874165,0.011685685129737933,sample,418,0.4627072519982089,0.47881395290548734,0.40618979126575333,0.5368392109349762,0.6101589675761965,0.4374104736889591,0.4918184041953772,0.012200769559893625,3.3260255194756354,2.712762922410926,2.0650326299864155,0.6364831627744402,3.6582266884933894,1.2480693243160699,1.5450930855204525,0.03832984801750378
D_W,dw,143,143,0.01,0.02,512,512,0,512,,512,512,0,512,0,0.46307764862694256,0.4786087436865707,0.4065123919634741,0.5367907896667948,0.6101864265959359,0.43721846443525775,0.49152555331874165,0.011685685129737933,sample,419,0.46327859145669986,0.4781836023808852,0.40641986425059207,0.536918053480888,0.6104233925767271,0.43718719054689453,0.491756449346216,0.01204081464219712,3.3223058554007343,2.713400759936223,2.0655295877328737,0.6381652839409868,3.677666827110095,1.2481474064296696,1.5448984486214734,0.03782733482316289
D_W,dw,143,143,0.01,0.02,512,512,0,512,,512,512,0,512,0,0.46307764862694256,0.4786087436865707,0.4065123919634741,0.5367907896667948,0.6101864265959359,0.43721846443525775,0.49152555331874165,0.011685685129737933,sample,420,0.46262974221310843,0.47859238427603207,0.4064052397846751,0.5365943808392519,0.610151214635589,0.4367285724591602,0.49180186255179836,0.011189895082662413,3.327160200615716,2.710329961309218,2.069877830858367,0.6376909975138115,3.6618109305761757,1.2500485621413995,1.545041118414507,0.03515409218613279
D_W,dw,143,143,0.01,0.02,512,512,0,512,,512,512,0,512,0,0.46307764862694256,0.4786087436865707,0.4065123919634741,0.5367907896667948,0.6101864265959359,0.43721846443525775,0.49152555331874165,0.011685685129737933,sample,421,0.46306182103728605,0.4796532635602139,0.40747451633128506,0.5366131122860893,0.609602043543203,0.436675147069082,0.4918111023444714,0.011537770694949425,3.306514616871044,2.71394215029478,2.0721047957734444,0.6356342461306708,3.6450745247889214,1.2483963996946792,1.5450701460792893,0.03624697565405672
D_W,dw,143,143,0.01,0.02,512,512,0,512,,512,512,0,512,0,0.46307764862694256,0.4786087436865707,0.4065123919634741,0.5367907896667948,0.6101864265959359,0.43721846443525775,0.49152555331874165,0.011685685129737933,sample,422,0.4625051479399132,0.4786531883211295,0.4057557152389875,0.5361715435474597,0.6106268675556652,0.43708032418536935,0.4913002390653415,0.011570419225428643,3.3381252455107546,2.7122654781866706,2.0663881654984406,0.6382355198655767,3.6591526700797745,1.2547846703945147,1.543465221754586,0.03634954403756073
D_W,dw,143,143,0.01,0.02,512,512,0,512,,512,512,0,512,0,0.46307764862694256,0.4786087436865707,0.4065123919634741,0.5367907896667948,0.6101864265959359,0.43721846443525775,0.49152555331874165,0.011685685129737933,sample,423,0.4630745957066493,0.4784782918004076,0.40671137367731247,0.536938765646309,0.6076383818170413,0.4364070616289232,0.4917517663570641,0.012867085674499314,3.3097025227480104,2.7119874817130083,2.0803798128536384,0.6288509867564639,3.669301073963293,1.2402148762655678,1.5448837365771568,0.040423141828117515
D_W,dw,143,143,0.01,0.02,512,512,0,512,,512,512,0,512,0,0.46307764862694256,0.4786087436865707,0.4065123919634741,0.5367907896667948,0.6101864265959359,0.43721846443525775,0.49152555331874165,0.011685685129737933,sample,424,0.462959690735955,0.47918745430287496,0.40635938920486114,0.5373598788213868,0.610374135071796,0.4371087623952735,0.49134129401405585,0.010996463629733551,3.3261161955224448,2.715645953245578,2.0657131307687706,0.6387447949455731,3.6535179193392597,1.2444173566298924,1.5435941996798606,0.03454640935463828
D_W,dw,143,143,0.01,0.02,512,512,0,512,,512,512,0,512,0,0.46307764862694256,0.4786087436865707,0.4065123919634741,0.5367907896667948,0.6101864265959359,0.43721846443525775,0.49152555331874165,0.011685685129737933,sample,425,0.4632512929640657,0.4786501097446453,0.4065513502469011,0.5369886478166197,0.6106519088554005,0.43787342503181326,0.49115834040970346,0.012036161938781638,3.317200318714206,2.714754495059035,2.060101534645697,0.6376180857059005,3.6679018486506276,1.2481946020310535,1.5430194339804792,0.03781271792429347
D_W,dw,143,143,0.01,0.02,512,512,0,512,,512,512,0,512,0,0.46307764862694256,0.4786087436865707,0.4065123919634741,0.5367907896667948,0.6101864265959359,0.43721846443525775,0.49152555331874165,0.011685685129737933,sample,426,0.4627563866168046,0.4788042205479419,0.4062374106490558,0.5363966813155228,0.6100125437089817,0.437506012602478,0.4918353837627774,0.011254271528726899,3.3233405817227357,2.7129052204612396,2.0653976533630436,0.6350814361641317,3.6589905275684944,1.2512903721891877,1.545146428404658,0.0353563367561532
D_W,dw,143,143,0.01,0.02,512,512,0,512,,512,512,0,512,0,0.46307764862694256,0.4786087436865707,0.4065123919634741,0.5367907896667948,0.6101864265959359,0.43721846443525775,0.49152555331874165,0.011685685129737933,sample,427,0.46335711411364944,0.47797568806995233,0.40669324247414534,0.537225383674746,0.6103029485542392,0.4383334261375898,0.4911922032298455,0.011149417450601587,3.309012398124233,2.7119468827342015,2.0579307871260517,0.6354890971213214,3.682785967457037,1.2453156218400172,1.5431258171674673,0.03502692795461579
D_W,dw,143,143,0.01,0.02,512,512,0,512,,512,512,0,512,0,0.46307764862694256,0.4786087436865707,0.4065123919634741,0.5367907896667948,0.6101864265959359,0.43721846443525775,0.49152555331874165,0.011685685129737933,sample,428,0.4627249364112451,0.47772486264050296,0.40699426306289727,0.537305508924783,0.6103515968424769,0.43755151605674564,0.4916336476835372,0.012051041918816749,3.312212514374359,2.704780465723379,2.0629045396125614,0.6375683192345942,3.6802368687080977,1.2447974304369844,1.544512655820153,0.03785946476025734
D_W,dw,143,143,0.01,0.02,512,512,0,512,,512,512,0,512,0,0.46307764862694256,0.4786087436865707,0.4065123919634741,0.5367907896667948,0.6101864265959359,0.43721846443525775,0.49152555331874165,0.011685685129737933,sample,429,0.4638126310909322,0.4787212541134272,0.4068734373385247,0.5366432983493669,0.6111448241950237,0.43821276654397395,0.49118293133875957,0.012279723369927862,3.309765144112812,2.718087657802798,2.056563204055357,0.6383812569076048,3.6731536611090685,1.2523286628546904,1.5430966886625468,0.03857788872708027
D_W,dw,143,143,0.01,0.02,512,512,0,512,,512,512,0,512,0,0.46307764862694256,0.4786087436865707,0.4065123919634741,0.5367907896667948,0.6101864265959359,0.43721846443525775,0.49152555331874165,0.011685685129737933,sample,430,0.4635123350550853,0.4787419485727823,0.40652411923575893,0.5368735292634659,0.6102352364388619,0.43673568790423806,0.49127344165820297,0.011703447276212463,3.3222716426754157,2.7172766646090007,2.069223071056699,0.6383862182006589,3.6691266895892376,1.247997423716069,1.5433810352171842,0.03676746398462455
D_W,dw,143,143,0.01,0.02,512,512,0,512,,512,512,0,512,0,0.46307764862694256,0.4786087436865707,0.4065123919634741,0.5367907896667948,0.6101864265959359,0.43721846443525775,0.49152555331874165,0.011685685129737933,sample,431,0.4636151296138516,0.4788724742642324,0.4069462107478966,0.5368942151237616,0.6098467343034075,0.43713469403122973,0.49182462750634814,0.012000135583549216,3.3103225531861344,2.7169536168730968,2.0678765680254503,0.6359338118858581,3.6676760666249537,1.2467645739716118,1.5451126366284798,0.037699537791359684
D_W,dw,143,143,0.01,0.02,512,512,0,512,,512,512,0,512,0,0.46307764862694256,0.4786087436865707,0.4065123919634741,0.5367907896667948,0.6101864265959359,0.43721846443525775,0.49152555331874165,0.011685685129737933,sample,432,0.4630520054544923,0.4785071099793293,0.40678642354582845,0.5366257458157824,0.6107208133648303,0.4368349247463587,0.49114905126581493,0.011373613760121127,3.3213597887316713,2.711638140028431,2.0671870380882655,0.6397795229851488,3.668452468410086,1.2513331950392999,1.5429902512742808,0.03573126143356432
D_W,dw,143,143,0.01,0.02,512,512,0,512,,512,512,0,512,0,0.46307764862694256,0.4786087436865707,0.4065123919634741,0.5367907896667948,0.6101864265959359,0.43721846443525775,0.49152555331874165,0.011685685129737933,sample,433,0.4644631171449301,0.4794992845612414,0.4071975983887457,0.5374929641712518,0.6103656461418628,0.4381596285120622,0.4916981510956309,0.01210081482944439,3.299525018431277,2.7253434264397627,2.058579617889658,0.6365006260859338,3.664842845578806,1.2433125084032433,1.5447152992657183,0.03801583097063292
D_W,dw,143,143,0.01,0.02,512,512,0,512,,512,512,0,512,0,0.46307764862694256,0.4786087436865707,0.4065123919634741,0.5367907896667948,0.6101864265959359,0.43721846443525775,0.49152555331874165,0.011685685129737933,sample,434,0.4637581407859975,0.47883348514920054,0.40608629627855436,0.5365442031943529,0.610278659338367,0.4372183688251211,0.49191691333881726,0.011678491359291483,3.3251788169116887,2.7213186274119234,2.0662400594715113,0.6370097710402687,3.670190477897608,1.250804302450766,1.5454025611217952,0.036689062659362
D_W,dw,143,143,0.01,0.02,512,512,0,512,,512,512,0,512,0,0.46307764862694256,0.4786087436865707,0.4065123919634741,0.5367907896667948,0.6101864265959359,0.43721846443525775,0.49152555331874165,0.011685685129737933,sample,435,0.4628290374461774,0.4789045801947223,0.40657291599565404,0.5370714861118484,0.6106267812708831,0.43761142967982614,0.49178999208427304,0.011378231877972416,3.3205676888125524,2.712545922902635,2.061840645313422,0.6382235526544344,3.6577905024069968,1.2474529450424883,1.5450038262409347,0.03574576967867934
D_W,dw,143,143,0.01,0.02,512,512,0,512,,512,512,0,512,0,0.46307764862694256,0.4786087436865707,0.4065123919634741,0.5367907896667948,0.6101864265959359,0.43721846443525775,0.49152555331874165,0.011685685129737933,sample,436,0.4620653248682488,0.47740740645957785,0.39856907847242085,0.5386810598631302,0.6088976468166374,0.4383329103714927,0.49204201395521124,0.010911623390995603,3.441494332248112,2.7310313832405875,2.0609774583362603,0.6318631570788437,3.678745302340728,1.2294915019826327,1.5457955762992182,0.03427987588389033
D_W,dw,143,143,0.01,0.02,512,512,0,512,,512,512,0,512,0,0.46307764862694256,0.4786087436865707,0.4065123919634741,0.5367907896667948,0.6101864265959359,0.43721846443525775,0.49152555331874165,0.011685685129737933,sample,437,0.46255721550001194,0.47901645230428525,0.40646709505319306,0.5369539513764636,0.6107345183318615,0.43756824132900435,0.4912520899130557,0.01213823822158471,3.3243282489177024,2.7113671377384185,2.0618971633206455,0.6385978663014984,3.652397853806241,1.2487008361846297,1.5433139567314882,0.03813340002445336
D_W,dw,143,143,0.01,0.02,512,512,0,512,,512,512,0,512,0,0.46307764862694256,0.4786087436865707,0.4065123919634741,0.5367907896667948,0.6101864265959359,0.43721846443525775,0.49152555331874165,0.011685685129737933,sample,438,0.46312907652269497,0.478970693359633,0.4065293199488945,0.5367692993566755,0.6101092029021766,0.43682728795801967,0.49126204833094433,0.011643917823583292,3.3226181712006495,2.7153223151068997,2.0691661797854746,0.6375285437104532,3.659924810439108,1.2485045116464417,1.5433452420239686,0.03658044669357252
D_W,dw,143,143,0.01,0.02,512,512,0,512,,512,512,0,512,0,0.46307764862694256,0.4786087436865707,0.4065123919634741,0.5367907896667948,0.6101864265959359,0.43721846443525775,0.49152555331874165,0.011685685129737933,sample,439,0.46300873742176724,0.478549543546822,0.4065327206907696,0.5363053558892662,0.6105283828709426,0.43710687205166443,0.4918021991278077,0.011752235724262669,3.3226322459529927,2.712524585413253,2.0663982560336933,0.637954319623669,3.667085902667403,1.2534283396591015,1.5450421757992252,0.03692073741459912
D_W,dw,143,143,0.01,0.02,512,512,0,512,,512,512,0,512,0,0.46307764862694256,0.4786087436865707,0.4065123919634741,0.5367907896667948,0.6101864265959359,0.43721846443525775,0.49152555331874165,0.011685685129737933,sample,440,0.46349137322444284,0.47889567899516455,0.4058691074297902,0.5374599228941986,0.6101082887830788,0.43711738777643677,0.49136601871302865,0.011694096926946942,3.33027939244631,2.720412685443214,2.0664445739873867,0.6377930096296982,3.6657265244214097,1.2428697393342645,1.5436718746125155,0.03673808899606349
D_W,dw,143,143,0.01,0.02,512,512,0,512,,512,512,0,512,0,0.46307764862694256,0.4786087436865707,0.4065123919634741,0.5367907896667948,0.6101864265959359,0.43721846443525775,0.49152555331874165,0.011685685129737933,sample,441,0.46297826269062403,0.47860987558672147,0.4063142213992996,0.5370915464513255,0.6101798293954805,0.4371078607349142,0.4912275327498477,0.011547142412723397,3.3250387096086733,2.7134412625943405,2.066689055063699,0.6376013434913479,3.665507693928786,1.246067768315631,1.543236808127961,0.036276417773766945
D_W,dw,143,143,0.01,0.02,512,512,0,512,,512,512,0,512,0,0.46307764862694256,0.4786087436865707,0.4065123919634741,0.5367907896667948,0.6101864265959359,0.43721846443525775,0.49152555331874165,0.011685685129737933,sample,442,0.4629640078237034,0.47867564382609695,0.4063263996923388,0.5366152156528026,0.610319565975099,0.43716048062858437,0.49121154722980437,0.011749926244757831,3.325025166610227,2.7135733845295307,2.066405351603937,0.6374021768009959,3.664008315240225,1.2503350879252295,1.543186588135629,0.03691348197075311
D_W,dw,143,143,0.01,0.02,512,512,0,512,,512,512,0,512,0,0.46307764862694256,0.4786087436865707,0.4065123919634741,0.5367907896667948,0.6101864265959359,0.43721846443525775,0.49152555331874165,0.011685685129737933,sample,443,0.46313783186859303,0.4792063792048304,0.40653835026492385,0.5365774710187515,0.6099207282406911,0.43698509378115774,0.4918891117811575,0.012001040665204927,3.320469946044934,2.7163854620829095,2.068983073010173,0.6361500541606595,3.655189957971306,1.2495598176698992,1.545315219952493,0.037702381189240165
D_W,dw,143,143,0.01,0.02,512,512,0,512,,512,512,0,512,0,0.46307764862694256,0.4786087436865707,0.4065123919634741,0.5367907896667948,0.6101864265959359,0.43721846443525775,0.49152555331874165,0.011685685129737933,sample,444,0.4626752721597513,0.4784732836035177,0.4065883639874131,0.5370726122896682,0.610428432358346,0.4372797967418128,0.4911696732610842,0.01082786381554742,3.3218015162757446,2.709410279533432,2.0647201763509595,0.6381821263380515,3.6647346691095226,1.2469027390002512,1.543055037183121,0.03401673741699452
D_W,dw,143,143,0.01,0.02,512,512,0,512,,512,512,0,512,0,0.46307764862694256,0.4786087436865707,0.4065123919634741,0.5367907896667948,0.6101864265959359,0.43721846443525775,0.49152555331874165,0.011685685129737933,sample,445,0.4627607446924364,0.47854912809830336,0.4068494465185737,0.5366072669657377,0.6103418025367838,0.4370456723466535,0.49174853452554024,0.01188190790412481,3.318142621507292,2.7093350295601986,2.067102351621007,0.637744643305757,3.6641995253553183,1.2504602312555426,1.544873583478984,0.037328114582229
D_W,dw,143,143,0.01,0.02,512,512,0,512,,512,512,0,512,0,0.46307764862694256,0.4786087436865707,0.4065123919634741,0.5367907896667948,0.6101864265959359,0.43721846443525775,0.49152555331874165,0.011685685129737933,sample,446,0.4629205273991002,0.4769603320245666,0.40548960606828593,0.5362745869102021,0.6095057565711876,0.4377129954998748,0.4916416121709302,0.011230066599984392,3.3292649563910466,2.7088857484680817,2.0658889582905986,0.6324019869814871,3.6975695132626756,1.250915318095689,1.5445376769952366,0.03528029472983507
D_W,dw,143,143,0.01,0.02,512,512,0,512,,512,512,0,512,0,0.46307764862694256,0.4786087436865707,0.4065123919634741,0.5367907896667948,0.6101864265959359,0.43721846443525775,0.49152555331874165,0.011685685129737933,sample,447,0.4629147299773211,0.47731000933980305,0.4068537316395511,0.5363980758633284,0.6099732579175555,0.43761886320383775,0.49158111073634214,0.01082830729895346,3.310399318416539,2.704898226335664,2.064775695523691,0.6346666627821299,3.6906674606657086,1.2511724204825998,1.544347606132803,0.034018130661204925
D_W,dw,143,143,0.01,0.02,512,512,0,512,,512,512,0,512,0,0.46307764862694256,0.4786087436865707,0.4065123919634741,0.5367907896667948,0.6101864265959359,0.43721846443525775,0.49152555331874165,0.011685685129737933,sample,448,0.4628386157909611,0.47851030520712134,0.40661135230838863,0.5368471105604687,0.6100069445067599,0.4370167656613638,0.4911585034163864,0.011990301517021155,3.320261946524954,2.710729842094373,2.0681672115675465,0.6367856343667239,3.6658886388058223,1.2475891534558663,1.5430199460810767,0.037668643160200216
D_W,dw,143,143,0.01,0.02,512,512,0,512,,512,512,0,512,0,0.46307764862694256,0.4786087436865707,0.4065123919634741,0.5367907896667948,0.6101864265959359,0.43721846443525775,0.49152555331874165,0.011685685129737933,sample,449,0.46239240459028236,0.47902242626057195,0.40657609015385343,0.5366935132516931,0.6105644664253104,0.4373212181614548,0.4913812741575798,0.011365283358548042,3.3239099057352046,2.7096800347955186,2.064412209431117,0.638125674969549,3.6504057743884193,1.2503594086198822,1.5437198010050448,0.03570509070518086
D_W,dw,143,143,0.01,0.02,512,512,0,512,,512,512,0,512,0,0.46307764862694256,0.4786087436865707,0.4065123919634741,0.5367907896667948,0.6101864265959359,0.43721846443525775,0.49152555331874165,0.011685685129737933,sample,450,0.46263574283609094,0.4774704848747527,0.4063799021459188,0.5419206305312342,0.6091650324872517,0.43791139375355304,0.4914171248702447,0.012628960726111896,3.3173133179820082,2.7054774126457692,2.0589010892952495,0.6386686628221534,3.684192899991205,1.204148642601177,1.5438324293405787,0.039675050239627155
D_W,dw,143,143,0.01,0.02,512,512,0,512,,512,512,0,512,0,0.46307764862694256,0.4786087436865707,0.4065123919634741,0.5367907896667948,0.6101864265959359,0.43721846443525775,0.49152555331874165,0.011685685129737933,sample,451,0.4632287506326546,0.478462997158571,0.40675335900988346,0.5368150594402129,0.6101510195521549,0.43722091798949936,0.4917996423443471,0.011744223545144952,3.315605114544095,2.712928781035834,2.0663511985091176,0.6368529346860958,3.6714327484667173,1.248244835178037,1.5450341434270884,0.03689556641154366
D_W,dw,143,143,0.01,0.02,512,512,0,512,,512,512,0,512,0,0.46307764862694256,0.4786087436865707,0.4065123919634741,0.5367907896667948,0.6101864265959359,0.43721846443525775,0.49152555331874165,0.011685685129737933,sample,452,0.4627138815975176,0.47831593327566624,0.40512263129087633,0.5364938348830511,0.6105099480944738,0.43725449349181045,0.4912796490215349,0.01184199950734632,3.345661347463961,2.7149049202817,2.0652669887456607,0.6377919734247406,3.6683420041239283,1.2518402685853975,1.543400536224226,0.03720273865609315
D_W,dw,143,143,0.01,0.02,512,512,0,512,,512,512,0,512,0,0.46307764862694256,0.4786087436865707,0.4065123919634741,0.5367907896667948,0.6101864265959359,0.43721846443525775,0.49152555331874165,0.011685685129737933,sample,453,0.46317669576244147,0.47884355706241594,0.4062417363013588,0.5367648041283459,0.6104140155541052,0.4371328851530009,0.49189658492136684,0.011503103587680204,3.3264613447381732,2.7162844322992648,2.066096964064701,0.6380460834385075,3.6630807892728057,1.2493707749480694,1.545338697514874,0.03613806572453852
D_W,dw,143,143,0.01,0.02,512,512,0,512,,512,512,0,512,0,0.46307764862694256,0.4786087436865707,0.4065123919634741,0.5367907896667948,0.6101864265959359,0.43721846443525775,0.49152555331874165,0.011685685129737933,sample,454,0.4624545154353309,0.4771560236269785,0.4062014860560123,0.5372980806039441,0.6091893231557477,0.43852834960739545,0.4911524621098526,0.01023285917910538,3.313086082386226,2.7034230362863414,2.0603051484618304,0.6306553227229755,3.68819108160578,1.2416324515270023,1.543000966756852,0.03214747522229634
D_W,dw,143,143,0.01,0.02,512,512,0,512,,512,512,0,512,0,0.46307764862694256,0.4786087436865707,0.4065123919634741,0.5367907896667948,0.6101864265959359,0.43721846443525775,0.49152555331874165,0.011685685129737933,sample,455,0.4614364488921813,0.47712701775594446,0.40811565218690593,0.536072770307165,0.6115768102586431,0.43750657295936357,0.4911636700380768,0.012784947634365877,3.305072149380688,2.687617072582503,2.0604423438366926,0.6409729659666292,3.6769412103851216,1.2581028881209968,1.5430361775018233,0.04016509756465404
D_W,dw,143,143,0.01,0.02,512,512,0,512,,512,512,0,512,0,0.46307764862694256,0.4786087436865707,0.4065123919634741,0.5367907896667948,0.6101864265959359,0.43721846443525775,0.49152555331874165,0.011685685129737933,sample,456,0.4634310984397304,0.4787450965854131,0.40715871932802755,0.5362587850786774,0.6103550067634169,0.43751934554969657,0.49112805035762425,0.012106313778105065,3.307090457670199,2.714102770906867,2.0642935694505766,0.6362488616150433,3.6680955368779373,1.253343456852731,1.5429242749753902,0.038033106427347765
D_W,dw,143,143,0.01,0.02,512,512,0,512,,512,512,0,512,0,0.46307764862694256,0.4786087436865707,0.4065123919634741,0.5367907896667948,0.6101864265959359,0.43721846443525775,0.49152555331874165,0.011685685129737933,sample,457,0.46224647294718135,0.47900219651689535,0.4063607797943656,0.5367571739798754,0.6101735690963208,0.436783643872244,0.4914877161622256,0.011275264511810889,3.3297227885201135,2.7093446056744366,2.0692492639460998,0.6378716073938756,3.6491691481882125,1.2487790728609867,1.5440541984248732,0.035422288157586794
D_W,dw,143,143,0.01,0.02,512,512,0,512,,512,512,0,512,0,0.46307764862694256,0.4786087436865707,0.4065123919634741,0.5367907896667948,0.6101864265959359,0.43721846443525775,0.49152555331874165,0.011685685129737933,sample,458,0.46290120811281976,0.47891131048015534,0.40463022496189377,0.5392175574043372,0.6077502035218789,0.4362754682833833,0.4921645821360838,0.009980165787448874,3.347940997497888,2.7208561433046037,2.0780388081525376,0.632804984360719,3.65848808355513,1.2217330120707854,1.5461806355958112,0.031353615519457576
D_W,dw,143,143,0.01,0.02,512,512,0,512,,512,512,0,512,0,0.46307764862694256,0.4786087436865707,0.4065123919634741,0.5367907896667948,0.6101864265959359,0.43721846443525775,0.49152555331874165,0.011685685129737933,sample,459,0.46236253362677054,0.4785088256158399,0.4063858282759544,0.5369444362795288,0.6094580754522371,0.43671055180067286,0.4912356620697367,0.011645437158747815,3.3252708793065153,2.7080007156495505,2.071982231817539,0.6354209853026942,3.6604192595782488,1.2452813140478163,1.543262347139603,0.03658521982576373
D_W,dw,143,143,0.01,0.02,512,512,0,512,,512,512,0,512,0,0.46307764862694256,0.4786087436865707,0.4065123919634741,0.5367907896667948,0.6101864265959359,0.43721846443525775,0.49152555331874165,0.011685685129737933,sample,460,0.4622651143228889,0.4791382022826332,0.40673840673477185,0.5368543309835424,0.6101524539894471,0.4364123353299323,0.49151438453307217,0.011904116721179143,3.3261506675678207,2.7085319257869065,2.071673245608707,0.6387753575483077,3.646622673801228,1.2479280873419205,1.544137979582808,0.037397885638731816
D_W,dw,143,143,0.01,0.02,512,512,0,512,,512,512,0,512,0,0.46307764862694256,0.4786087436865707,0.4065123919634741,0.5367907896667948,0.6101864265959359,0.43721846443525775,0.49152555331874165,0.011685685129737933,sample,461,0.4631506195538358,0.47882831180971486,0.4063948596217328,0.5369910149368307,0.6101353081415272,0.43711473246800847,0.49188860019624175,0.011639123050835518,3.3228725805749613,2.7154022139655027,2.0669106992016664,0.6372705988452555,3.6630861641501404,1.2467655813369272,1.54531361276108,0.03656538347073248
D_W,dw,143,143,0.01,0.02,512,512,0,512,,512,512,0,512,0,0.46307764862694256,0.4786087436865707,0.4065123919634741,0.5367907896667948,0.6101864265959359,0.43721846443525775,0.49152555331874165,0.011685685129737933,sample,462,0.46254404841069163,0.47858452245336347,0.4066405981068957,0.5364812263289283,0.6101039163689582,0.4375373576982303,0.4916929518579442,0.012740512911324081,3.31777399085606,2.708681916236799,2.0647799411194225,0.6354908908936404,3.660981790977459,1.2508457977894505,1.5446989653787973,0.04002550176518164
D_W,dw,143,143,0.01,0.02,512,512,0,512,,512,512,0,512,0,0.46307764862694256,0.4786087436865707,0.4065123919634741,0.5367907896667948,0.6101864265959359,0.43721846443525775,0.49152555331874165,0.011685685129737933,sample,463,0.46210850674647325,0.47905625919580574,0.40527283129458946,0.5381187161348904,0.6095261175034256,0.4377016411211212,0.4918233585788227,0.012641114959556115,3.339252902927992,2.712897085377173,2.0637548731464803,0.6350285954929631,3.646528926875272,1.2358748146354166,1.545108650175088,0.03971323389012553
D_W,dw,143,143,0.01,0.02,512,512,0,512,,512,512,0,512,0,0.46307764862694256,0.4786087436865707,0.4065123919634741,0.5367907896667948,0.6101864265959359,0.43721846443525775,0.49152555331874165,0.011685685129737933,sample,464,0.4626071442458277,0.47848671945880206,0.40538015632578595,0.5365562481291822,0.6105125174487653,0.4381942195507634,0.49184153689830545,0.012014810335873987,3.3356212257638562,2.713819802806757,2.0589113738777893,0.6357470872709443,3.66367588311118,1.2513380456782035,1.5451657590500296,0.037745639885456435
D_W,dw,143,143,0.01,0.02,512,512,0,512,,512,512,0,512,0,0.46307764862694256,0.4786087436865707,0.4065123919634741,0.5367907896667948,0.6101864265959359,0.43721846443525775,0.49152555331874165,0.011685685129737933,sample,465,0.46341597913763216,0.47760737598670633,0.4067718233286612,0.5365007632686672,0.6097310705084011,0.43788110083215914,0.49128007013466685,0.011803244793451182,3.3068746542056284,2.7103816391446167,2.063730264440693,0.6332283091241191,3.69085268871613,1.249671379294516,1.5434018591901477,0.03708098713162821
D_W,dw,143,143,0.01,0.02,512,512,0,512,,512,512,0,512,0,0.46307764862694256,0.4786087436865707,0.4065123919634741,0.5367907896667948,0.6101864265959359,0.43721846443525775,0.49152555331874165,0.011685685129737933,sample,466,0.4631028437746372,0.47792677563026853,0.40682038468074305,0.5364362659724516,0.6103898986906869,0.43675451149321665,0.4911007195496671,0.012031714642839593,3.318806134473514,2.709276092530886,2.069066026830838,0.6383804832416665,3.6807144292225753,1.2519866867689358,1.5428384127098955,0.03779874633203361
D_W,dw,143,143,0.01,0.02,512,512,0,512,,512,512,0,512,0,0.46307764862694256,0.4786087436865707,0.4065123919634741,0.5367907896667948,0.6101864265959359,0.43721846443525775,0.49152555331874165,0.011685685129737933,sample,467,0.4629823936013693,0.4786781463401806,0.40664643035364473,0.5366538905787454,0.6098658712295149,0.4372866918131346,0.4918342232390384,0.011619105477739764,3.3165224292183266,2.7124317584895454,2.0670726822306644,0.6353378600036015,3.6641723008723766,1.2487842021291358,1.5451427825118054,0.036502496410152165
D_W,dw,143,143,0.01,0.02,512,512,0,512,,512,512,0,512,0,0.46307764862694256,0.4786087436865707,0.4065123919634741,0.5367907896667948,0.6101864265959359,0.43721846443525775,0.49152555331874165,0.011685685129737933,sample,468,0.46329858191781864,0.4783507742799845,0.40642027147024173,0.5370106946372091,0.6104585674841554,0.43719720889115615,0.49177958367880104,0.01208124769194382,3.322537663993752,2.7143047480683244,2.0652378096808173,0.6384088083169699,3.6745335652090567,1.2474889397663944,1.5449711272707682,0.037954358995209346
D_W,dw,143,143,0.01,0.02,512,512,0,512,,512,512,0,512,0,0.46307764862694256,0.4786087436865707,0.4065123919634741,0.5367907896667948,0.6101864265959359,0.43721846443525775,0.49152555331874165,0.011685685129737933,sample,469,0.46319194661707486,0.4773447741138675,0.4062945535099655,0.5372454931319955,0.6110139592325448,0.436992776035275,0.491591482846629,0.011893731711517162,3.3286415395777222,2.709424527888409,2.0644454897062086,0.6414298326279589,3.6933287422039616,1.2470945331624572,1.5443801910782826,0.037365260168670276
D_W,dw,143,143,0.01,0.02,512,512,0,512,,512,512,0,512,0,0.46307764862694256,0.4786087436865707,0.4065123919634741,0.5367907896667948,0.6101864265959359,0.43721846443525775,0.49152555331874165,0.011685685129737933,sample,470,0.4628156195250462,0.4781704518166836,0.4070000933638596,0.5376770995879687,0.6111589926105131,0.4371669483799983,0.4916749847480907,0.011983465854065132,3.319215635011547,2.707453335762307,2.0623133858215255,0.6422028320254952,3.672444826055444,1.2440012628920918,1.5446425200384752,0.03764716829167515
D_W,dw,143,143,0.01,0.02,512,512,0,512,,512,512,0,512,0,0.46307764862694256,0.4786087436865707,0.4065123919634741,0.5367907896667948,0.6101864265959359,0.43721846443525775,0.49152555331874165,0.011685685129737933,sample,471,0.46344528376621885,0.4797873926662171,0.4063826403980532,0.5388379424262562,0.6102498239748693,0.43759561281777315,0.49139534176017646,0.011887300691144577,3.3214189097154225,2.721914892228249,2.0611714412941056,0.6391854267309115,3.646691150884243,1.2320987569628936,1.543763995682016,0.037345056522312674
D_W,dw,143,143,0.01,0.02,512,512,0,512,,512,512,0,512,0,0.46307764862694256,0.4786087436865707,0.4065123919634741,0.5367907896667948,0.6101864265959359,0.43721846443525775,0.49152555331874165,0.011685685129737933,sample,472,0.4640230874908397,0.47841494470261203,0.4060227503989797,0.5369149762225702,0.6106307258776612,0.4360233961012157,0.4918311353838121,0.011144283412426638,3.335127826313732,2.721701711995694,2.072531055099863,0.6416772450487772,3.681989831073416,1.2487361179210963,1.5451330817285112,0.03501079889800211
D_W,dw,143,143,0.01,0.02,512,512,0,512,,512,512,0,512,0,0.46307764862694256,0.4786087436865707,0.4065123919634741,0.5367907896667948,0.6101864265959359,0.43721846443525775,0.49152555331874165,0.011685685129737933,sample,473,0.4626637748639816,0.47786146353368913,0.4061611449653005,0.5362433832017529,0.6100744632485089,0.43726095898978085,0.49111912372793676,0.011754831417833162,3.3260748664069624,2.708341146025746,2.066995625259934,0.6356890208681794,3.6768126351199246,1.25271406571328,1.5428962311411427,0.03692889202645115
D_W,dw,143,143,0.01,0.02,512,512,0,512,,512,512,0,512,0,0.46307764862694256,0.4786087436865707,0.4065123919634741,0.5367907896667948,0.6101864265959359,0.43721846443525775,0.49152555331874165,0.011685685129737933,sample,474,0.46323271008721967,0.47760056307997933,0.4063473449127977,0.5373911213333813,0.6099343736540165,0.43679341645973374,0.4916569895377414,0.011902202360610218,3.3237066899130236,2.710693064033632,2.06927218938965,0.6377461377418823,3.6887653584263447,1.2429482840934718,1.5445859864178422,0.03739187149763215
D_W,dw,143,143,0.01,0.02,512,512,0,512,,512,512,0,512,0,0.46307764862694256,0.4786087436865707,0.4065123919634741,0.5367907896667948,0.6101864265959359,0.43721846443525775,0.49152555331874165,0.011685685129737933,sample,475,0.4631107535241336,0.4786604461807488,0.4065463327229431,0.5368025435261876,0.6101880475243369,0.43709213072091063,0.49185226261328924,0.011458676012940646,3.3207218112724517,2.713743117562387,2.0670966396034305,0.6372807293815387,3.666035520372025,1.2484480507310904,1.545199454877427,0.03599849238211991
D_W,dw,143,143,0.01,0.02,512,512,0,512,,512,512,0,512,0,0.46307764862694256,0.4786087436865707,0.4065123919634741,0.5367907896667948,0.6101864265959359,0.43721846443525775,0.49152555331874165,0.011685685129737933,sample,476,0.4625716123199775,0.4786538375414322,0.40657764182814077,0.5367656045515263,0.6100324844940542,0.4369591169057294,0.49120032029193084,0.011778476348521432,3.3225423547333888,2.7094531101557857,2.0685568500927336,0.6369114188924268,3.659902765100164,1.2483252607277677,1.5431513176700833,0.037003174766996064
D_W,dw,143,143,0.01,0.02,512,512,0,512,,512,512,0,512,0,0.46307764862694256,0.4786087436865707,0.4065123919634741,0.5367907896667948,0.6101864265959359,0.43721846443525775,0.49152555331874165,0.011685685129737933,sample,477,0.46339919699583654,0.4779509226289636,0.4069591613179426,0.5366604718464516,0.6102013687350012,0.43736014758751374,0.49117031106418035,0.0118434916388639,3.3103082987344257,2.7110717850708332,2.0654270880851815,0.6365290170667074,3.683790099509949,1.2496446680786275,1.5430570409006426,0.03720742632550697
D_W,dw,143,143,0.01,0.02,512,512,0,512,,512,512,0,512,0,0.46307764862694256,0.4786087436865707,0.4065123919634741,0.5367907896667948,0.6101864265959359,0.43721846443525775,0.49152555331874165,0.011685685129737933,sample,478,0.46304569781697097,0.4784104221359623,0.40668930692722133,0.5370413549860296,0.6101267250442799,0.4370910700911678,0.49115090664325617,0.012004112404278507,3.3182732357552,2.711553046940743,2.0670397269556937,0.6373584615182909,3.6703311336209063,1.2463313493648862,1.5429960801144198,0.03771203134214747
D_W,dw,143,143,0.01,0.02,512,512,0,512,,512,512,0,512,0,0.46307764862694256,0.4786087436865707,0.4065123919634741,0.5367907896667948,0.6101864265959359,0.43721846443525775,0.49152555331874165,0.011685685129737933,sample,479,0.463981458274348,0.4792403364778958,0.4051269131611671,0.5362107375882428,0.6110042494033745,0.4389941381089724,0.4915925215719176,0.012995567662581623,3.3317397625507503,2.728599873648423,2.052269195352365,0.6354825080453267,3.664448759218983,1.2554700766398381,1.5443834543300181,0.040826779897995505
D_W,dw,143,143,0.01,0.02,512,512,0,512,,512,512,0,512,0,0.46307764862694256,0.4786087436865707,0.4065123919634741,0.5367907896667948,0.6101864265959359,0.43721846443525775,0.49152555331874165,0.011685685129737933,sample,480,0.46364542991475055,0.47829818089414644,0.40667760500991174,0.5365116869031104,0.6102171378275294,0.43731937238737156,0.4917476626927734,0.011705615478667669,3.314457486783086,2.7156748063799263,2.065813883794363,0.6364869544403389,3.6797656470751505,1.250903465431297,1.5448708445355686,0.03677427559352932
D_W,dw,143,143,0.01,0.02,512,512,0,512,,512,512,0,512,0,0.46307764862694256,0.4786087436865707,0.4065123919634741,0.5367907896667948,0.6101864265959359,0.43721846443525775,0.49152555331874165,0.011685685129737933,sample,481,0.4646128021814624,0.4793548688739813,0.40783641960694916,0.5363746343920679,0.6103793563372342,0.43662488141369227,0.49177063994354575,0.01119974898985383,3.298284929178915,2.7232994025628168,2.070032060068289,0.6385554037854444,3.669721899712494,1.2524618401039087,1.5449430296977946,0.035185049148574496
D_W,dw,143,143,0.01,0.02,512,512,0,512,,512,512,0,512,0,0.46307764862694256,0.4786087436865707,0.4065123919634741,0.5367907896667948,0.6101864265959359,0.43721846443525775,0.49152555331874165,0.011685685129737933,sample,482,0.4626934292388337,0.4789692582816483,0.4066882178412617,0.5364357545170871,0.6095447973905687,0.43630013393338274,0.4918330889572402,0.011227259197658969,3.322359048022861,2.7113153205807174,2.075001365376678,0.6360392754437733,3.6549141253307686,1.2496964249041955,1.545139219060441,0.03527147501531385
D_W,dw,143,143,0.01,0.02,512,512,0,512,,512,512,0,512,0,0.46307764862694256,0.4786087436865707,0.4065123919634741,0.5367907896667948,0.6101864265959359,0.43721846443525775,0.49152555331874165,0.011685685129737933,sample,483,0.4633563362968538,0.47751961591745534,0.40694003685513813,0.5369012616218315,0.6100715554681747,0.43744011968702295,0.491241726112384,0.011911099924812952,3.3093775668568384,2.708838726743208,2.065062015858772,0.6361469956108117,3.6918695482899726,1.2473236221889288,1.5432813978914348,0.037419824019966304
D_W,dw,143,143,0.01,0.02,512,512,0,512,,512,512,0,512,0,0.46307764862694256,0.4786087436865707,0.4065123919634741,0.5367907896667948,0.6101864265959359,0.43721846443525775,0.49152555331874165,0.011685685129737933,sample,484,0.4626391521550663,0.47879341955076826,0.4067703153873829,0.5353935973525181,0.6120961018710436,0.4336859744783063,0.4916242223779503,0.010887028073174532,3.3519850408136804,2.7097969291058592,2.0844229341545284,0.6510538040007664,3.6578592558386123,1.2649594082770506,1.5444830453493634,0.03420260741411095
D_W,dw,143,143,0.01,0.02,512,512,0,512,,512,512,0,512,0,0.46307764862694256,0.4786087436865707,0.4065123919634741,0.5367907896667948,0.6101864265959359,0.43721846443525775,0.49152555331874165,0.011685685129737933,sample,485,0.4626695143022421,0.4783058521524549,0.40601135989260956,0.5372028949328687,0.609976490596955,0.43798286369589445,0.4911953307532751,0.011486181511091013,3.323959389513436,2.7109666759168007,2.0614098337307514,0.6349354531576921,3.668027248631871,1.2446000095175052,1.5431356425720977,0.03608490345304244
D_W,dw,143,143,0.01,0.02,512,512,0,512,,512,512,0,512,0,0.46307764862694256,0.4786087436865707,0.4065123919634741,0.5367907896667948,0.6101864265959359,0.43721846443525775,0.49152555331874165,0.011685685129737933,sample,486,0.46356696062149594,0.4783401773309998,0.40602825919126595,0.5364569986985556,0.610023654897702,0.43719969362652283,0.49176555037464575,0.01223733023783339,3.325197999947658,2.7178716053624323,2.067336589305886,0.6359093143261108,3.6779659433803222,1.2508264226553247,1.5449270403455284,0.03844470677472961
D_W,dw,143,143,0.01,0.02,512,512,0,512,,512,512,0,512,0,0.46307764862694256,0.4786087436865707,0.4065123919634741,0.5367907896667948,0.6101864265959359,0.43721846443525775,0.49152555331874165,0.011685685129737933,sample,487,0.4632542281165881,0.47904352139195006,0.4069748557366077,0.5366895782658604,0.6096638999466184,0.4378064379951283,0.4918357368724876,0.01194366426402775,3.305770771472437,2.714809725532117,2.064245496580002,0.6333819689816138,3.6598950783015995,1.2479387026361084,1.5451475377315296,0.03752212790881253
D_W,dw,143,143,0.01,0.02,512,512,0,512,,512,512,0,512,0,0.46307764862694256,0.4786087436865707,0.4065123919634741,0.5367907896667948,0.6101864265959359,0.43721846443525775,0.49152555331874165,0.011685685129737933,sample,488,0.4646927632075424,0.4798800277926576,0.4062652050791363,0.5371460450654121,0.6104360047711538,0.4382444106652889,0.4919520901527146,0.011701569496418582,3.3137899670198987,2.7325125178896186,2.0581696253678174,0.6361196263059122,3.659551022860321,1.2463259544765461,1.545513072341912,0.03676156476541903
D_W,dw,143,143,0.01,0.02,512,512,0,512,,512,512,0,512,0,0.46307764862694256,0.4786087436865707,0.4065123919634741,0.5367907896667948,0.6101864265959359,0.43721846443525775,0.49152555331874165,0.011685685129737933,sample,489,0.4640493889387459,0.4789449771029747,0.40660944621379397,0.5366303331812099,0.6100071522897687,0.43660654304348073,0.49146206266427706,0.010605615916679611,3.3184529435283485,2.721978374815104,2.0711426686936925,0.6374423219091659,3.6714051969891117,1.2493625654575147,1.5439736055841793,0.03331852505063564
D_W,dw,143,143,0.01,0.02,512,512,0,512,,512,512,0,512,0,0.46307764862694256,0.4786087436865707,0.4065123919634741,0.5367907896667948,0.6101864265959359,0.43721846443525775,0.49152555331874165,0.011685685129737933,sample,490,0.4637880133279412,0.4790809306038129,0.4054434121617741,0.5359295143162051,0.6104790245132563,0.43766998069848284,0.49141379192908213,0.01145624919116169,3.3333445597084808,2.7251811895979476,2.0632313808420695,0.6359711577384429,3.665441361651352,1.2563693384285408,1.5438219585971076,0.03599086829664758
D_W,dw,143,143,0.01,0.02,512,512,0,512,,512,512,0,512,0,0.46307764862694256,0.4786087436865707,0.4065123919634741,0.5367907896667948,0.6101864265959359,0.43721846443525775,0.49152555331874165,0.011685685129737933,sample,491,0.46279496938017245,0.4786193146237606,0.4062758079701916,0.5365263263640714,0.6100953373414064,0.4367546446285668,0.4912232614017587,0.011801747022840448,3.3280894204375824,2.712235961604148,2.069974356338515,0.6373153753667545,3.663180317341628,1.2504534619825005,1.5432233892921838,0.03707628174648076
D_W,dw,143,143,0.01,0.02,512,512,0,512,,512,512,0,512,0,0.46307764862694256,0.4786087436865707,0.4065123919634741,0.5367907896667948,0.6101864265959359,0.43721846443525775,0.49152555331874165,0.011685685129737933,sample,492,0.46269333189570716,0.47942198102566497,0.4074117804175829,0.5360996668134963,0.6102468282267506,0.4382358252255923,0.49130015740066446,0.011907420010416421,3.301149024749459,2.7103194942309146,2.060041638271312,0.6339700079511041,3.6456564712412547,1.2543554678428421,1.5434649651974366,0.03740826322793233
D_W,dw,143,143,0.01,0.02,512,512,0,512,,512,512,0,512,0,0.46307764862694256,0.4786087436865707,0.4065123919634741,0.5367907896667948,0.6101864265959359,0.43721846443525775,0.49152555331874165,0.011685685129737933,sample,493,0.46260154759912875,0.4794573205806173,0.40612236323937145,0.5372203151500324,0.6103008593535888,0.4378202590090884,0.4917136567782431,0.010953446811342823,3.326364478759776,2.7149883384625673,2.0613795716882355,0.6366362773239499,3.6438923107326495,1.2453511369027597,1.5447640118043013,0.03441126803400116
D_W,dw,143,143,0.01,0.02,512,512,0,512,,512,512,0,512,0,0.46307764862694256,0.4786087436865707,0.4065123919634741,0.5367907896667948,0.6101864265959359,0.43721846443525775,0.49152555331874165,0.011685685129737933,sample,494,0.46290453352801464,0.47832182282139685,0.40654087875639716,0.5366446351818029,0.6103326911751975,0.43723621204561597,0.4911390857551149,0.011661347721960902,3.3210186977687477,2.7106826278806166,2.065822907830822,0.6373207482123895,3.670454279734573,1.2501304817204868,1.5429589436990763,0.03663520433426844
D_W,dw,143,143,0.01,0.02,512,512,0,512,,512,512,0,512,0,0.46307764862694256,0.4786087436865707,0.4065123919634741,0.5367907896667948,0.6101864265959359,0.43721846443525775,0.49152555331874165,0.011685685129737933,sample,495,0.46319077937988756,0.47866403377618594,0.4063465166851619,0.536873327155728,0.6102664405086132,0.43729962475343415,0.4912270147627393,0.011692928470376987,3.3226713924936133,2.715177559240044,2.0653664924093826,0.6372156253664606,3.6669043726156474,1.2480842082164298,1.5432351808234666,0.03673441818148728
D_W,dw,143,143,0.01,0.02,512,512,0,512,,512,512,0,512,0,0.46307764862694256,0.4786087436865707,0.4065123919634741,0.5367907896667948,0.6101864265959359,0.43721846443525775,0.49152555331874165,0.011685685129737933,sample,496,0.46265701214619,0.47900477121860446,0.4065531898154245,0.5371980409588701,0.6101971084223029,0.4366985960220065,0.4912706835852569,0.0119401199915799,3.325843682931546,2.71173668577096,2.0692264195256485,0.6387565743730491,3.653774559389152,1.2452473816235705,1.5433723704754787,0.03751099324852804
D_W,dw,143,143,0.01,0.02,512,512,0,512,,512,512,0,512,0,0.46307764862694256,0.4786087436865707,0.4065123919634741,0.5367907896667948,0.6101864265959359,0.43721846443525775,0.49152555331874165,0.011685685129737933,sample,497,0.46220625126559267,0.4788027641659901,0.4059749123249495,0.5357031048379572,0.6108155898536846,0.43663594568155195,0.49144599884421836,0.011950955989541547,3.339761833678928,2.7097450282193414,2.069212161989337,0.6394055111219404,3.652740133158807,1.259112732607001,1.5439231396050943,0.03754503554011866
D_W,dw,143,143,0.01,0.02,512,512,0,512,,512,512,0,512,0,0.46307764862694256,0.4786087436865707,0.4065123919634741,0.5367907896667948,0.6101864265959359,0.43721846443525775,0.49152555331874165,0.011685685129737933,sample,498,0.46301977283550766,0.4785086597599958,0.40618075688611155,0.5369846791775337,0.6103307477294615,0.436728481010976,0.49123013154118894,0.011698863568440177,3.330294742225175,2.713847832958899,2.068816609524242,0.6389361599714367,3.6680422231925367,1.2473519455053916,1.543244972471747,0.036753063841960934
D_W,dw,143,143,0.01,0.02,512,512,0,512,,512,512,0,512,0,0.46307764862694256,0.4786087436865707,0.4065123919634741,0.5367907896667948,0.6101864265959359,0.43721846443525775,0.49152555331874165,0.011685685129737933,sample,499,0.46310189647703237,0.4787560921949023,0.40669522519883744,0.536596676358231,0.6100954760829752,0.43747974323543337,0.4918267164282585,0.01173270797567507,3.315131379489551,2.713496834370284,2.06506283554941,0.6357431121895235,3.6639868275313985,1.2498783180616406,1.5451191991702073,0.03685938918309518
D_W,dw,143,143,0.01,0.02,512,512,0,512,,512,512,0,512,0,0.46307764862694256,0.4786087436865707,0.4065123919634741,0.5367907896667948,0.6101864265959359,0.43721846443525775,0.49152555331874165,0.011685685129737933,sample,500,0.4633423331318845,0.480412724571633,0.40705566088819156,0.536751368361781,0.6094306877184272,0.4386845075137709,0.49180387882939053,0.01138312149681089,3.298329794754367,2.721088964562396,2.0590593364890055,0.630528184231391,3.632325276895256,1.2467901066354996,1.545047452737378,0.03576113086930114
D_W,dw,143,143,0.01,0.02,512,512,0,512,,512,512,0,512,0,0.46307764862694256,0.4786087436865707,0.4065123919634741,0.5367907896667948,0.6101864265959359,0.43721846443525775,0.49152555331874165,0.011685685129737933,sample,501,0.4643471537016415,0.4793495697133534,0.40976463523938145,0.5344367635180857,0.611073937043193,0.4357529725997316,0.49147640377060237,0.00975321335668268,3.276656356549881,2.7132632059579147,2.0755366746200417,0.6408809837724322,3.6665839527828092,1.2701590916130734,1.5440186594984553,0.030640623430248155
D_W,dw,143,143,0.01,0.02,512,512,0,512,,512,512,0,512,0,0.46307764862694256,0.4786087436865707,0.4065123919634741,0.5367907896667948,0.6101864265959359,0.43721846443525775,0.49152555331874165,0.011685685129737933,sample,502,0.4630200191336202,0.4793144730282938,0.4065743369053941,0.5366089564284193,0.610395231472409,0.4369975218357066,0.4918459827481035,0.011845346637152594,3.3228968103274097,2.715798732049473,2.067237975703277,0.6380726200593356,3.6516019710774033,1.2505910959461177,1.545179726099094,0.037213253974503153
D_W,dw,143,143,0.01,0.02,512,512,0,512,,512,512,0,512,0,0.46307764862694256,0.4786087436865707,0.4065123919634741,0.5367907896667948,0.6101864265959359,0.43721846443525775,0.49152555331874165,0.011685685129737933,sample,503,0.462873863983675,0.4780831957637187,0.405783897379787,0.5371390637384895,0.6113356614313713,0.4383102696493609,0.4913495104293797,0.013673765638966828,3.3314244577517758,2.712442611082748,2.0547255792385957,0.6396011327217036,3.6748741612121845,1.2488261020468712,1.5436200123098807,0.04295740167828673
D_W,dw,143,143,0.01,0.02,512,512,0,512,,512,512,0,512,0,0.46307764862694256,0.4786087436865707,0.4065123919634741,0.5367907896667948,0.6101864265959359,0.43721846443525775,0.49152555331874165,0.011685685129737933,sample,504,0.4635307258304869,0.47879254565150553,0.4066385312387769,0.5368190509663338,0.6101820810683866,0.43735861044955343,0.49186254155601145,0.011640810088156183,3.3157563476920133,2.7171846932941524,2.0653227439754906,0.6366678117226321,3.668309843952623,1.2482970033022835,1.5452317471283699,0.03657068345478542
D_W,dw,143,143,0.01,0.02,512,512,0,512,,512,512,0,512,0,0.46307764862694256,0.4786087436865707,0.4065123919634741,0.5367907896667948,0.6101864265959359,0.43721846443525775,0.49152555331874165,0.011685685129737933,sample,505,0.4626308500723819,0.47872326598390985,0.40653414641965285,0.5368366377817292,0.6102056372312705,0.4371553713613626,0.4917818889123127,0.011687477123794887,3.322653867724936,2.710387828900585,2.066576600467282,0.6372521507144712,3.6591827390241236,1.2482177057084525,1.5449783693754333,0.036717292271112784
D_W,dw,143,143,0.01,0.02,512,512,0,512,,512,512,0,512,0,0.46307764862694256,0.4786087436865707,0.4065123919634741,0.5367907896667948,0.6101864265959359,0.43721846443525775,0.49152555331874165,0.011685685129737933,sample,506,0.46341051120398086,0.47903954006872945,0.40576991781564353,0.536612125301258,0.610759058230867,0.4364427096729394,0.4913368274878021,0.01197628848713328,3.3398757377926813,2.720820242599866,2.069668301449862,0.6408184420781128,3.661813174584981,1.2515470116669087,1.5435801676737946,0.037624619928449926
D_W,dw,143,143,0.01,0.02,512,512,0,512,,512,512,0,512,0,0.46307764862694256,0.4786087436865707,0.4065123919634741,0.5367907896667948,0.6101864265959359,0.43721846443525775,0.49152555331874165,0.011685685129737933,sample,507,0.46386294507778975,0.478272656888189,0.4065711983955662,0.5367714981863978,0.6108231137374391,0.4373471347888948,0.49148110480497637,0.012296930541874716,3.318423919474565,2.7176448845377874,2.0632743903376465,0.6392140063924191,3.682929521584886,1.2504232442331262,1.5440334282335089,0.03863194665205756
D_W,dw,143,143,0.01,0.02,512,512,0,512,,512,512,0,512,0,0.46307764862694256,0.4786087436865707,0.4065123919634741,0.5367907896667948,0.6101864265959359,0.43721846443525775,0.49152555331874165,0.011685685129737933,sample,508,0.46277983644327164,0.47878077818802034,0.4081009749633768,0.5401660654334233,0.6121999518331507,0.43817585549696103,0.49154045213564007,0.01041363139654399,3.3023826717911127,2.7053440366882913,2.0493528967260475,0.6476238755913657,3.659736789378265,1.2270243989757437,1.5442198733715322,0.03271538789257462
D_W,dw,143,143,0.01,0.02,512,512,0,512,,512,512,0,512,0,0.46307764862694256,0.4786087436865707,0.4065123919634741,0.5367907896667948,0.6101864265959359,0.43721846443525775,0.49152555331874165,0.011685685129737933,sample,509,0.4634451131463118,0.47900453381646424,0.4068898243453389,0.5374070899689444,0.6104837904561287,0.43732805517243467,0.4917923753034143,0.01232624999770836,3.3143919158041895,2.71645713583751,2.0638288927105455,0.6387486746503882,3.662941737532101,1.2443353840446079,1.5450113133446808,0.03872405643911179
D_W,dw,143,143,0.01,0.02,512,512,0,512,,512,512,0,512,0,0.46307764862694256,0.4786087436865707,0.4065123919634741,0.5367907896667948,0.6101864265959359,0.43721846443525775,0.49152555331874165,0.011685685129737933,sample,510,0.46297025265900127,0.4786617406604041,0.40643770313472183,0.5362030818003299,0.6106610021054244,0.4373767601460833,0.4911550922785399,0.012060805999727068,3.323213630478177,2.7131107322877543,2.0642637241416764,0.6377362135820539,3.6643631465991273,1.2546183226185417,1.5430092296754778,0.037890139525114254
D_W,dw,143,143,0.01,0.02,512,512,0,512,,512,512,0,512,0,0.46307764862694256,0.4786087436865707,0.4065123919634741,0.5367907896667948,0.6101864265959359,0.43721846443525775,0.49152555331874165,0.011685685129737933,sample,511,0.4630806487829924,0.4786708994607696,0.40638151869632505,0.5367882250392725,0.6101561056604222,0.43735558422814713,0.4912222243179618,0.011580056103230155,3.321545416914063,2.714223626094787,2.0654666754549575,0.6365286691538512,3.665469758295379,1.2484778602956548,1.5432201311973461,0.0363798191820655
