objective_name,objective_file_tag,local_minimum_index,local_minimum_id,selection_absolute_threshold,contour_delta,configured_direction_count,target_success_count,previous_success_count,added_success_count,previous_output_variant,initial_success_count,attempted_direction_count,replacement_direction_count,contour_point_count,domain_boundary_point_count,center_u0,center_u1,center_u2,center_u3,center_u4,center_u5,center_u6,center_u7,record_type,contour_sample_id,u0,u1,u2,u3,u4,u5,u6,u7,sqrt_s,theta_p_out,theta_gamma_out,qOut,phi_p_out,phi_gamma_out,alpha_e,alpha_p
D_W,dw,107,107,0.01,0.02,512,512,0,512,,512,512,0,512,0,0.4888473530667226,0.4572132096325831,0.4838470616216118,0.46884925489085333,0.6184768084564387,0.4543173354503383,0.545245970214784,0.03342672107272779,minimum,,,,,,,,,,,,,,,,,
D_W,dw,107,107,0.01,0.02,512,512,0,512,,512,512,0,512,0,0.4888473530667226,0.4572132096325831,0.4838470616216118,0.46884925489085333,0.6184768084564387,0.4543173354503383,0.545245970214784,0.03342672107272779,sample,0,0.4915553303616445,0.4572132096325831,0.4838470616216118,0.46884925489085333,0.6184768084564387,0.4543173354503383,0.545245970214784,0.03342672107272779,2.148365197670901,1.9255076384058072,1.9277324121365969,0.6306887136973879,4.517527121689181,1.8279040361262877,1.7129407344262046,0.10501314135567674
D_W,dw,107,107,0.01,0.02,512,512,0,512,,512,512,0,512,0,0.4888473530667226,0.4572132096325831,0.4838470616216118,0.46884925489085333,0.6184768084564387,0.4543173354503383,0.545245970214784,0.03342672107272779,sample,1,0.4888473530667226,0.45847205973023936,0.4838470616216118,0.46884925489085333,0.6184768084564387,0.4543173354503383,0.545245970214784,0.03342672107272779,2.1637771983183507,1.9301408317250741,1.9277324121365969,0.6306887136973879,4.450021960468813,1.8279040361262877,1.7129407344262046,0.10501314135567674
D_W,dw,107,107,0.01,0.02,512,512,0,512,,512,512,0,512,0,0.4888473530667226,0.4572132096325831,0.4838470616216118,0.46884925489085333,0.6184768084564387,0.4543173354503383,0.545245970214784,0.03342672107272779,sample,2,0.4888473530667226,0.4572132096325831,0.48538743637747117,0.46884925489085333,0.6184768084564387,0.4543173354503383,0.545245970214784,0.03342672107272779,2.1506685730341264,1.8899751424377405,1.9277324121365969,0.6306887136973879,4.457406266574737,1.8279040361262877,1.7129407344262046,0.10501314135567674
D_W,dw,107,107,0.01,0.02,512,512,0,512,,512,512,0,512,0,0.4888473530667226,0.4572132096325831,0.4838470616216118,0.46884925489085333,0.6184768084564387,0.4543173354503383,0.545245970214784,0.03342672107272779,sample,3,0.4888473530667226,0.4572132096325831,0.4838470616216118,0.4761872065510096,0.6184768084564387,0.4543173354503383,0.545245970214784,0.03342672107272779,2.139320237908204,1.9210495277433728,1.9322148252401072,0.6232040061603441,4.457406266574737,1.7691447617274754,1.7129407344262046,0.10501314135567674
D_W,dw,107,107,0.01,0.02,512,512,0,512,,512,512,0,512,0,0.4888473530667226,0.4572132096325831,0.4838470616216118,0.46884925489085333,0.6184768084564387,0.4543173354503383,0.545245970214784,0.03342672107272779,sample,4,0.4888473530667226,0.4572132096325831,0.4838470616216118,0.46884925489085333,0.6271793536224544,0.4543173354503383,0.545245970214784,0.03342672107272779,2.2172974651744903,1.9210495277433728,1.9064781489767542,0.6689651871986372,4.457406266574737,1.811002799559923,1.7129407344262046,0.10501314135567674
D_W,dw,107,107,0.01,0.02,512,512,0,512,,512,512,0,512,0,0.4888473530667226,0.4572132096325831,0.4838470616216118,0.46884925489085333,0.6184768084564387,0.4543173354503383,0.545245970214784,0.03342672107272779,sample,5,0.4888473530667226,0.4572132096325831,0.4838470616216118,0.46884925489085333,0.6184768084564387,0.46007600244252583,0.545245970214784,0.03342672107272779,2.1342401181327975,1.9210495277433728,1.8858426658819607,0.6215278638529899,4.457406266574737,1.8279040361262877,1.7129407344262046,0.10501314135567674
D_W,dw,107,107,0.01,0.02,512,512,0,512,,512,512,0,512,0,0.4888473530667226,0.4572132096325831,0.4838470616216118,0.46884925489085333,0.6184768084564387,0.4543173354503383,0.545245970214784,0.03342672107272779,sample,6,0.4888473530667226,0.4572132096325831,0.4838470616216118,0.46884925489085333,0.6184768084564387,0.4543173354503383,0.5473606857909559,0.03342672107272779,2.164968108521259,1.9210495277433728,1.9277324121365969,0.6306887136973879,4.457406266574737,1.8279040361262877,1.719584309344738,0.10501314135567674
D_W,dw,107,107,0.01,0.02,512,512,0,512,,512,512,0,512,0,0.4888473530667226,0.4572132096325831,0.4838470616216118,0.46884925489085333,0.6184768084564387,0.4543173354503383,0.545245970214784,0.03342672107272779,sample,7,0.4888473530667226,0.4572132096325831,0.4838470616216118,0.46884925489085333,0.6184768084564387,0.4543173354503383,0.545245970214784,0.03598134753757154,2.164968108521259,1.9210495277433728,1.9277324121365969,0.6306887136973879,4.457406266574737,1.8279040361262877,1.7129407344262046,0.11303873709029594
D_W,dw,107,107,0.01,0.02,512,512,0,512,,512,512,0,512,0,0.4888473530667226,0.4572132096325831,0.4838470616216118,0.46884925489085333,0.6184768084564387,0.4543173354503383,0.545245970214784,0.03342672107272779,sample,8,0.48598861893586326,0.4572132096325831,0.4838470616216118,0.46884925489085333,0.6184768084564387,0.4543173354503383,0.545245970214784,0.03342672107272779,2.184405855123245,1.9152666378213123,1.9277324121365969,0.6306887136973879,4.395924869065844,1.8279040361262877,1.7129407344262046,0.10501314135567674
D_W,dw,107,107,0.01,0.02,512,512,0,512,,512,512,0,512,0,0.4888473530667226,0.4572132096325831,0.4838470616216118,0.46884925489085333,0.6184768084564387,0.4543173354503383,0.545245970214784,0.03342672107272779,sample,9,0.4888473530667226,0.4559333024060206,0.4838470616216118,0.46884925489085333,0.6184768084564387,0.4543173354503383,0.545245970214784,0.03342672107272779,2.1666137267576966,1.9122316582980547,1.9277324121365969,0.6306887136973879,4.464508331102369,1.8279040361262877,1.7129407344262046,0.10501314135567674
D_W,dw,107,107,0.01,0.02,512,512,0,512,,512,512,0,512,0,0.4888473530667226,0.4572132096325831,0.4838470616216118,0.46884925489085333,0.6184768084564387,0.4543173354503383,0.545245970214784,0.03342672107272779,sample,10,0.4888473530667226,0.4572132096325831,0.4822912754887993,0.46884925489085333,0.6184768084564387,0.4543173354503383,0.545245970214784,0.03342672107272779,2.179823305145497,1.951734679062273,1.9277324121365969,0.6306887136973879,4.457406266574737,1.8279040361262877,1.7129407344262046,0.10501314135567674
D_W,dw,107,107,0.01,0.02,512,512,0,512,,512,512,0,512,0,0.4888473530667226,0.4572132096325831,0.4838470616216118,0.46884925489085333,0.6184768084564387,0.4543173354503383,0.545245970214784,0.03342672107272779,sample,11,0.4888473530667226,0.4572132096325831,0.4838470616216118,0.46123481397288457,0.6184768084564387,0.4543173354503383,0.545245970214784,0.03342672107272779,2.1954953099377312,1.9210495277433728,1.9220637074665812,0.640434395721197,4.457406266574737,1.8870135164100608,1.7129407344262046,0.10501314135567674
D_W,dw,107,107,0.01,0.02,512,512,0,512,,512,512,0,512,0,0.4888473530667226,0.4572132096325831,0.4838470616216118,0.46884925489085333,0.6184768084564387,0.4543173354503383,0.545245970214784,0.03342672107272779,sample,12,0.4888473530667226,0.4572132096325831,0.4838470616216118,0.46884925489085333,0.6101136187591731,0.4543173354503383,0.545245970214784,0.03342672107272779,2.1182690339583243,1.9210495277433728,1.9506143458160465,0.5943761779073815,4.457406266574737,1.8464888256513965,1.7129407344262046,0.10501314135567674
D_W,dw,107,107,0.01,0.02,512,512,0,512,,512,512,0,512,0,0.4888473530667226,0.4572132096325831,0.4838470616216118,0.46884925489085333,0.6184768084564387,0.4543173354503383,0.545245970214784,0.03342672107272779,sample,13,0.4888473530667226,0.4572132096325831,0.4838470616216118,0.46884925489085333,0.6184768084564387,0.44844163354604144,0.545245970214784,0.03342672107272779,2.1980501761959053,1.9210495277433728,1.9691656557354373,0.6411423065333038,4.457406266574737,1.8279040361262877,1.7129407344262046,0.10501314135567674
D_W,dw,107,107,0.01,0.02,512,512,0,512,,512,512,0,512,0,0.4888473530667226,0.4572132096325831,0.4838470616216118,0.46884925489085333,0.6184768084564387,0.4543173354503383,0.545245970214784,0.03342672107272779,sample,14,0.4888473530667226,0.4572132096325831,0.4838470616216118,0.46884925489085333,0.6184768084564387,0.4543173354503383,0.5432882675780653,0.03342672107272779,2.164968108521259,1.9210495277433728,1.9277324121365969,0.6306887136973879,4.457406266574737,1.8279040361262877,1.7067904302047756,0.10501314135567674
D_W,dw,107,107,0.01,0.02,512,512,0,512,,512,512,0,512,0,0.4888473530667226,0.4572132096325831,0.4838470616216118,0.46884925489085333,0.6184768084564387,0.4543173354503383,0.545245970214784,0.03342672107272779,sample,15,0.4888473530667226,0.4572132096325831,0.4838470616216118,0.46884925489085333,0.6184768084564387,0.4543173354503383,0.545245970214784,0.030875451541477788,2.164968108521259,1.9210495277433728,1.9277324121365969,0.6306887136973879,4.457406266574737,1.8279040361262877,1.7129407344262046,0.09699809173897427
D_W,dw,107,107,0.01,0.02,512,512,0,512,,512,512,0,512,0,0.4888473530667226,0.4572132096325831,0.4838470616216118,0.46884925489085333,0.6184768084564387,0.4543173354503383,0.545245970214784,0.03342672107272779,sample,16,0.4906442562713241,0.45698558095391595,0.48347004188685233,0.4702624865556952,0.6152758715645635,0.45499242615983176,0.5448873406764508,0.03467430344159761,2.1303961507721363,1.9300133718525347,1.9322442422988415,0.6139466265847807,4.498222120361961,1.8232603336332593,1.7118140665032169,0.10893253696046633
D_W,dw,107,107,0.01,0.02,512,512,0,512,,512,512,0,512,0,0.4888473530667226,0.4572132096325831,0.4838470616216118,0.46884925489085333,0.6184768084564387,0.4543173354503383,0.545245970214784,0.03342672107272779,sample,17,0.48931023962209086,0.4561244003997049,0.4836436601692432,0.46894166908304724,0.6190963749923671,0.45376055515557506,0.5458940166183006,0.0330430589279877,2.1715808129306198,1.9182929300469918,1.930169674581443,0.6342322124187942,4.473407050481378,1.8258978309088283,1.7149766322466777,0.10380783118030079
D_W,dw,107,107,0.01,0.02,512,512,0,512,,512,512,0,512,0,0.4888473530667226,0.4572132096325831,0.4838470616216118,0.46884925489085333,0.6184768084564387,0.4543173354503383,0.545245970214784,0.03342672107272779,sample,18,0.4892281395002115,0.4580392938134865,0.48287309199058204,0.4685515150934429,0.6184297861112178,0.45417287563752023,0.5438465225766222,0.03239886808898864,2.1725737527353712,1.947284422664386,1.9286853206054937,0.6310707935216089,4.461102208459619,1.8303516007480771,1.708544240007072,0.1017840459729915
D_W,dw,107,107,0.01,0.02,512,512,0,512,,512,512,0,512,0,0.4888473530667226,0.4572132096325831,0.4838470616216118,0.46884925489085333,0.6184768084564387,0.4543173354503383,0.545245970214784,0.03342672107272779,sample,19,0.4893920254234097,0.4581875123730809,0.4840559559562378,0.4688795186877414,0.6179525263701635,0.4541110848612238,0.5454579034203384,0.03434868074328791,2.156509769761388,1.9248356937586357,1.930594972082624,0.6287125782924182,4.4639277163280635,1.828756964458049,1.713606542227826,0.10790956308361449
D_W,dw,107,107,0.01,0.02,512,512,0,512,,512,512,0,512,0,0.4888473530667226,0.4572132096325831,0.4838470616216118,0.46884925489085333,0.6184768084564387,0.4543173354503383,0.545245970214784,0.03342672107272779,sample,20,0.488452581273223,0.456720985133634,0.48442220547268716,0.4693308604305327,0.618473298923909,0.45414107302930357,0.5442732266398616,0.03467903924116511,2.161861052610377,1.9054855325531987,1.929330255664367,0.6304217376545529,4.451649653243386,1.8241053028139245,1.7098847703574016,0.10894741491359647
D_W,dw,107,107,0.01,0.02,512,512,0,512,,512,512,0,512,0,0.4888473530667226,0.4572132096325831,0.4838470616216118,0.46884925489085333,0.6184768084564387,0.4543173354503383,0.545245970214784,0.03342672107272779,sample,21,0.4892592303608846,0.4564293932470431,0.48438164565280567,0.46838209715390583,0.6186270058470887,0.45570231155745605,0.5453099229162389,0.03296546128239592,2.1533034441654864,1.9057254440756097,1.9170807106987342,0.629586696507431,4.4706938299424195,1.8312730647180442,1.7131416477632726,0.10356405098697379
D_W,dw,107,107,0.01,0.02,512,512,0,512,,512,512,0,512,0,0.4888473530667226,0.4572132096325831,0.4838470616216118,0.46884925489085333,0.6184768084564387,0.4543173354503383,0.545245970214784,0.03342672107272779,sample,22,0.48852382105603664,0.4564228488148497,0.4822188104129484,0.47109297466838407,0.6202851179954604,0.4539122846613616,0.5439366921969204,0.03479516790103554,2.18811178087834,1.9466262792092714,1.9274145739445465,0.6368236008527193,4.454882688355958,1.8066446887515526,1.7088275162237778,0.10931224385831663
D_W,dw,107,107,0.01,0.02,512,512,0,512,,512,512,0,512,0,0.4888473530667226,0.4572132096325831,0.4838470616216118,0.46884925489085333,0.6184768084564387,0.4543173354503383,0.545245970214784,0.03342672107272779,sample,23,0.48809841166857454,0.45800148889975456,0.4838121037494564,0.4686110858544465,0.6181635750925372,0.4552409235510284,0.5466422979445487,0.03581238472811087,2.163461394340416,1.925912472009924,1.9217351093874118,0.6280496160776262,4.436247655092413,1.8304395095200174,1.7173274273640369,0.11250792476936441
D_W,dw,107,107,0.01,0.02,512,512,0,512,,512,512,0,512,0,0.4888473530667226,0.4572132096325831,0.4838470616216118,0.46884925489085333,0.6184768084564387,0.4543173354503383,0.545245970214784,0.03342672107272779,sample,24,0.4887389446931055,0.4571311653777605,0.4846225295353027,0.46900968514699065,0.6183139151198662,0.45492786469572416,0.5450958128115249,0.03205314831138343,2.153638525408531,1.9047418973795653,1.923875220233007,0.6287681692903992,4.455506372971737,1.8269741039841785,1.7124690010312436,0.10069793525946627
D_W,dw,107,107,0.01,0.02,512,512,0,512,,512,512,0,512,0,0.4888473530667226,0.4572132096325831,0.4838470616216118,0.46884925489085333,0.6184768084564387,0.4543173354503383,0.545245970214784,0.03342672107272779,sample,25,0.48968666123763893,0.457578557245658,0.48395663174645037,0.46828693982492736,0.6185536795316726,0.4533602433060324,0.545642409945562,0.03492889878167235,2.1660289284227825,1.9229629484332522,1.9339817201382894,0.6333015942870708,4.473899634398014,1.8321761788060387,1.7141861865720078,0.10973237181048333
D_W,dw,107,107,0.01,0.02,512,512,0,512,,512,512,0,512,0,0.4888473530667226,0.4572132096325831,0.4838470616216118,0.46884925489085333,0.6184768084564387,0.4543173354503383,0.545245970214784,0.03342672107272779,sample,26,0.48888614978207706,0.4576721394125592,0.4835608317160074,0.4690643712436406,0.618605690432713,0.45505826607102057,0.5439956854224496,0.03414505539588705,2.162831333441519,1.9301316589664814,1.9222269353488586,0.629766644541524,4.455619056437157,1.825939356014525,1.7090128489077117,0.1072698551881353
D_W,dw,107,107,0.01,0.02,512,512,0,512,,512,512,0,512,0,0.4888473530667226,0.4572132096325831,0.4838470616216118,0.46884925489085333,0.6184768084564387,0.4543173354503383,0.545245970214784,0.03342672107272779,sample,27,0.4897125897286773,0.45825307856440284,0.4834733467928767,0.4691447809827904,0.6196066896686921,0.4542141676939858,0.5450476569120213,0.03215460380119246,2.168212286205528,1.9377638575591036,1.9257636748033613,0.6354691629829847,4.470779533259976,1.823264190908155,1.7123177148111361,0.10101666708091668
D_W,dw,107,107,0.01,0.02,512,512,0,512,,512,512,0,512,0,0.4888473530667226,0.4572132096325831,0.4838470616216118,0.46884925489085333,0.6184768084564387,0.4543173354503383,0.545245970214784,0.03342672107272779,sample,28,0.4881840229434494,0.45847821164018016,0.4836521425585708,0.468639428342939,0.6186406918958925,0.45355826439842656,0.5446338976481659,0.03304699070438096,2.175797213645204,1.9327918603710923,1.9325885498448623,0.6329335795282027,4.435144853006089,1.8292181036861126,1.7110178517474535,0.10382018322013341
D_W,dw,107,107,0.01,0.02,512,512,0,512,,512,512,0,512,0,0.4888473530667226,0.4572132096325831,0.4838470616216118,0.46884925489085333,0.6184768084564387,0.4543173354503383,0.545245970214784,0.03342672107272779,sample,29,0.488908814181804,0.4563268980793458,0.4840888680902709,0.47057114399681615,0.6179156030410574,0.45530525585839,0.5460000116638938,0.03367513846601026,2.148303093053372,1.9102427806201745,1.9232042097383502,0.6246409607514211,4.463687501136883,1.8153755037794352,1.71530962550323,0.10579356761343689
D_W,dw,107,107,0.01,0.02,512,512,0,512,,512,512,0,512,0,0.4888473530667226,0.4572132096325831,0.4838470616216118,0.46884925489085333,0.6184768084564387,0.4543173354503383,0.545245970214784,0.03342672107272779,sample,30,0.4879325205255709,0.45697782102579454,0.484351830796292,0.4691835876412074,0.6175899299281209,0.4542162323973024,0.5442385055239854,0.03328045491757108,2.160725377598843,1.9076559601478622,1.930997437283269,0.6266016316064281,4.438921896517478,1.8270993059125855,1.7097756907548407,0.10455363267716762
D_W,dw,107,107,0.01,0.02,512,512,0,512,,512,512,0,512,0,0.4888473530667226,0.4572132096325831,0.4838470616216118,0.46884925489085333,0.6184768084564387,0.4543173354503383,0.545245970214784,0.03342672107272779,sample,31,0.4878571014000331,0.4565829365504254,0.48392804464278816,0.4681335354396042,0.617669635849537,0.45451531712767035,0.5451417352213702,0.03274410491194572,2.1685857468263547,1.9132462475237368,1.9279054242447715,0.6276642081601105,4.439676732501349,1.835265745399064,1.7126132705366488,0.10286863943974214
D_W,dw,107,107,0.01,0.02,512,512,0,512,,512,512,0,512,0,0.4888473530667226,0.4572132096325831,0.4838470616216118,0.46884925489085333,0.6184768084564387,0.4543173354503383,0.545245970214784,0.03342672107272779,sample,32,0.4892515050698411,0.45852436216568804,0.4841869326143825,0.46880479950807236,0.6186540709542353,0.4551173191660938,0.5451979158850134,0.03342511352485127,2.154849817637211,1.9243576718899422,1.9215059280920848,0.6301785266729264,4.458815380912419,1.8278870743606526,1.7127897672968242,0.1050080910950776
D_W,dw,107,107,0.01,0.02,512,512,0,512,,512,512,0,512,0,0.4888473530667226,0.4572132096325831,0.4838470616216118,0.46884925489085333,0.6184768084564387,0.4543173354503383,0.545245970214784,0.03342672107272779,sample,33,0.48759931633247594,0.45678800437039563,0.4840458264439086,0.4694680589846521,0.6176076985612708,0.4545236355960289,0.5446664684184365,0.03293102198085578,2.1633991863142787,1.9118147687912175,1.9289284177221144,0.6258338149358057,4.432925828247192,1.824797503031461,1.7111201758400572,0.10345585673026053
D_W,dw,107,107,0.01,0.02,512,512,0,512,,512,512,0,512,0,0.4888473530667226,0.4572132096325831,0.4838470616216118,0.46884925489085333,0.6184768084564387,0.4543173354503383,0.545245970214784,0.03342672107272779,sample,34,0.4874403889988424,0.4587319762286976,0.4841737796266612,0.4687263014837484,0.6188170310099875,0.45433554542586474,0.5458985170470745,0.03192893539004573,2.1722339202556515,1.9224321875329469,1.9266417735803514,0.6322869209133412,4.416953073780079,1.8281677310390996,1.7149907707606515,0.10030770885831082
D_W,dw,107,107,0.01,0.02,512,512,0,512,,512,512,0,512,0,0.4888473530667226,0.4572132096325831,0.4838470616216118,0.46884925489085333,0.6184768084564387,0.4543173354503383,0.545245970214784,0.03342672107272779,sample,35,0.4898507255923852,0.45786128266572956,0.4840305115452779,0.46869142254739293,0.618474828863444,0.45225282438081255,0.5445088425211044,0.033956367152702935,2.168257781773631,1.9238018359534688,1.942339591460763,0.634409252389359,4.47603676223642,1.8291537944465508,1.7106249794789832,0.1066770735895293
D_W,dw,107,107,0.01,0.02,512,512,0,512,,512,512,0,512,0,0.4888473530667226,0.4572132096325831,0.4838470616216118,0.46884925489085333,0.6184768084564387,0.4543173354503383,0.545245970214784,0.03342672107272779,sample,36,0.48971245860014867,0.45623313570599544,0.4843492121521045,0.4701969648699384,0.6176471387535112,0.4547880052288335,0.5448644227962843,0.03326553552749215,2.143558051423738,1.905783976305129,1.9274033396707142,0.62474204595699,4.481526607095484,1.818902533819085,1.7117420678592499,0.1045067620308996
D_W,dw,107,107,0.01,0.02,512,512,0,512,,512,512,0,512,0,0.4888473530667226,0.4572132096325831,0.4838470616216118,0.46884925489085333,0.6184768084564387,0.4543173354503383,0.545245970214784,0.03342672107272779,sample,37,0.49021255263661373,0.4573247123639026,0.48326971817004916,0.46925145445277894,0.6177129007679463,0.45503718466867554,0.5458284168067515,0.03362538432024531,2.151886104643429,1.935790954790125,1.9247976120612151,0.6256773528281864,4.48694091338276,1.8263034682180739,1.7147705443606382,0.10563726035461608
D_W,dw,107,107,0.01,0.02,512,512,0,512,,512,512,0,512,0,0.4888473530667226,0.4572132096325831,0.4838470616216118,0.46884925489085333,0.6184768084564387,0.4543173354503383,0.545245970214784,0.03342672107272779,sample,38,0.4898230329675963,0.4569931153344949,0.4824273502569409,0.46857649880528873,0.6188460510564848,0.45587223602614757,0.5454816144545744,0.033739331834581575,2.167221988065857,1.949249148224735,1.9154363957127745,0.6300436562182339,4.4800274286251,1.8292861045823414,1.713681032638791,0.10599523702854971
D_W,dw,107,107,0.01,0.02,512,512,0,512,,512,512,0,512,0,0.4888473530667226,0.4572132096325831,0.4838470616216118,0.46884925489085333,0.6184768084564387,0.4543173354503383,0.545245970214784,0.03342672107272779,sample,39,0.4887806870662966,0.4567561974994895,0.4848875765856116,0.4694299986127305,0.6180419584815082,0.4559478587541952,0.5453798190573659,0.034307355938008946,2.14264217923708,1.8969841915188088,1.9174776444944788,0.6254088758591776,4.458542483455141,1.8242047248324753,1.7133612329667514,0.10777973737893908
D_W,dw,107,107,0.01,0.02,512,512,0,512,,512,512,0,512,0,0.4888473530667226,0.4572132096325831,0.4838470616216118,0.46884925489085333,0.6184768084564387,0.4543173354503383,0.545245970214784,0.03342672107272779,sample,40,0.4895730484376931,0.45738890024989454,0.4830115608084603,0.4693189149353853,0.6189237200441634,0.4551759491637291,0.5454036617846446,0.03433009058755647,2.1642777086432026,1.9402720107083757,1.9207395761486314,0.630676663589363,4.47240439724022,1.8232803794165675,1.7134361371036118,0.10785116038693951
D_W,dw,107,107,0.01,0.02,512,512,0,512,,512,512,0,512,0,0.4888473530667226,0.4572132096325831,0.4838470616216118,0.46884925489085333,0.6184768084564387,0.4543173354503383,0.545245970214784,0.03342672107272779,sample,41,0.48901260295614335,0.45723557675482385,0.48555375816075375,0.4689311892245372,0.6180595925716923,0.4531793301166839,0.5449692277554823,0.03301673483039419,2.151509330509605,1.8870017041241505,1.9370216078415579,0.6307161009422606,4.460900126916549,1.8281239783799437,1.712071322349126,0.10372513158868864
D_W,dw,107,107,0.01,0.02,512,512,0,512,,512,512,0,512,0,0.4888473530667226,0.4572132096325831,0.4838470616216118,0.46884925489085333,0.6184768084564387,0.4543173354503383,0.545245970214784,0.03342672107272779,sample,42,0.48965330733477336,0.4556446950837066,0.48342405398995225,0.4688392491828161,0.6185017753459915,0.45446127305398415,0.5450936128487532,0.033783817764021694,2.1653140485419264,1.9198335170294847,1.926629348370956,0.6305671302425119,4.483218593197801,1.8279311977834662,1.712462089644362,0.10613499369766691
D_W,dw,107,107,0.01,0.02,512,512,0,512,,512,512,0,512,0,0.4888473530667226,0.4572132096325831,0.4838470616216118,0.46884925489085333,0.6184768084564387,0.4543173354503383,0.545245970214784,0.03342672107272779,sample,43,0.48827142934033346,0.4563789207279503,0.4843425889952628,0.4688893147367185,0.6180792047302863,0.45412235112510246,0.5463071127739666,0.03370804346928428,2.163771054105029,1.9044662153712573,1.9301902478446944,0.6292352672965518,4.449727007910402,1.8284147392002568,1.7162744120945441,0.1058969417299889
D_W,dw,107,107,0.01,0.02,512,512,0,512,,512,512,0,512,0,0.4888473530667226,0.4572132096325831,0.4838470616216118,0.46884925489085333,0.6184768084564387,0.4543173354503383,0.545245970214784,0.03342672107272779,sample,44,0.49094997724763884,0.4583676065879859,0.4839392431679995,0.46887829291266175,0.618360507508526,0.4544140129860277,0.5447032704231142,0.031029534794088997,2.148672991753128,1.9312944214506562,1.9273594836392336,0.6299840576822281,4.498339708678637,1.8279162108651694,1.7112357927475899,0.09748215855341887
D_W,dw,107,107,0.01,0.02,512,512,0,512,,512,512,0,512,0,0.4888473530667226,0.4572132096325831,0.4838470616216118,0.46884925489085333,0.6184768084564387,0.4543173354503383,0.545245970214784,0.03342672107272779,sample,45,0.4892956680964299,0.45729954173867654,0.4851494902102285,0.46967611898099165,0.6199261136091303,0.4526504015945525,0.5439844729603991,0.033736005937482244,2.1644178560702985,1.8961530777326288,1.9363669699510366,0.6389319617739913,4.466766430936724,1.8184599528561696,1.7089776239193053,0.10598478841465586
D_W,dw,107,107,0.01,0.02,512,512,0,512,,512,512,0,512,0,0.4888473530667226,0.4572132096325831,0.4838470616216118,0.46884925489085333,0.6184768084564387,0.4543173354503383,0.545245970214784,0.03342672107272779,sample,46,0.4870050929259607,0.4581583978985093,0.48384060580214844,0.46818451248604276,0.616729595266239,0.4546685511215648,0.544798921290714,0.03456710185627238,2.166902546713838,1.924142931566369,1.9292848053679992,0.6232461000254418,4.411259865646613,1.8368900377253259,1.7115362888105512,0.10859575324755541
D_W,dw,107,107,0.01,0.02,512,512,0,512,,512,512,0,512,0,0.4888473530667226,0.4572132096325831,0.4838470616216118,0.46884925489085333,0.6184768084564387,0.4543173354503383,0.545245970214784,0.03342672107272779,sample,47,0.48856657238307816,0.4573595162907047,0.4845366148434034,0.46926314885227066,0.6189427024123016,0.4542318261495168,0.5439951531407289,0.03257867203991538,2.161821055131102,1.907713852758378,1.9274202501505244,0.6323986552658913,4.450415769038588,1.8236813239092198,1.7090111766953684,0.10234891674430936
D_W,dw,107,107,0.01,0.02,512,512,0,512,,512,512,0,512,0,0.4888473530667226,0.4572132096325831,0.4838470616216118,0.46884925489085333,0.6184768084564387,0.4543173354503383,0.545245970214784,0.03342672107272779,sample,48,0.48954239406734296,0.45615054641729347,0.4843704331327888,0.46921825785719645,0.6184982931507268,0.4538941186591706,0.5461479323337711,0.03395475412485822,2.157978659267802,1.9045401655321983,1.9309571900270859,0.6310775532993116,4.4782733334129174,1.8249445139173937,1.7157743319930308,0.1066720061131023
D_W,dw,107,107,0.01,0.02,512,512,0,512,,512,512,0,512,0,0.4888473530667226,0.4572132096325831,0.4838470616216118,0.46884925489085333,0.6184768084564387,0.4543173354503383,0.545245970214784,0.03342672107272779,sample,49,0.48552617850069496,0.4578828182689376,0.48356211743362565,0.46839192049202627,0.6182034630007597,0.4546915372563365,0.5455238408844538,0.033167841237654296,2.187813778333161,1.924386116853224,1.9254388463345744,0.6293952644479552,4.381376987470381,1.8320869792641465,1.7138136908806874,0.10419984636764733
D_W,dw,107,107,0.01,0.02,512,512,0,512,,512,512,0,512,0,0.4888473530667226,0.4572132096325831,0.4838470616216118,0.46884925489085333,0.6184768084564387,0.4543173354503383,0.545245970214784,0.03342672107272779,sample,50,0.4888815436387083,0.4568227602701428,0.48198337544329667,0.4685955791905219,0.6189690589590636,0.4544957309607831,0.5442971224773709,0.03427486816510154,2.185849080397074,1.9548225481460209,1.9250183673113168,0.6328339236531804,4.460357157027008,1.828880641666382,1.7099598413449724,0.10767767403024166
D_W,dw,107,107,0.01,0.02,512,512,0,512,,512,512,0,512,0,0.4888473530667226,0.4572132096325831,0.4838470616216118,0.46884925489085333,0.6184768084564387,0.4543173354503383,0.545245970214784,0.03342672107272779,sample,51,0.4921076202638577,0.456496156633557,0.4847125474155921,0.4688238550200277,0.6188556223394909,0.4545652045914204,0.5442456825852926,0.03366441687416239,2.1385469029047144,1.9036895801771643,1.9249652421020733,0.6319585272033323,4.532922895424089,1.8273200224520658,1.7097982381579175,0.10575988473925284
D_W,dw,107,107,0.01,0.02,512,512,0,512,,512,512,0,512,0,0.4888473530667226,0.4572132096325831,0.4838470616216118,0.46884925489085333,0.6184768084564387,0.4543173354503383,0.545245970214784,0.03342672107272779,sample,52,0.48903747171028616,0.4574875934044358,0.48207700833324185,0.46688004056066734,0.6179690364461465,0.4546278981848496,0.5444199680230126,0.032878673179468375,2.183110166109476,1.9583857551946056,1.92543439685549,0.6302868699168276,4.460020304062939,1.844501567068075,1.7103457720086865,0.10329139812039762
D_W,dw,107,107,0.01,0.02,512,512,0,512,,512,512,0,512,0,0.4888473530667226,0.4572132096325831,0.4838470616216118,0.46884925489085333,0.6184768084564387,0.4543173354503383,0.545245970214784,0.03342672107272779,sample,53,0.4890711267150572,0.455456719254269,0.4834242920618886,0.4676009419187834,0.6187766035859763,0.45473801947635384,0.5453214025649684,0.03441468792084049,2.174024321142435,1.9175967101760398,1.9230957412957812,0.6327551251488124,4.4717877555448045,1.8370909964762325,1.7131777121433869,0.10811693074769786
D_W,dw,107,107,0.01,0.02,512,512,0,512,,512,512,0,512,0,0.4888473530667226,0.4572132096325831,0.4838470616216118,0.46884925489085333,0.6184768084564387,0.4543173354503383,0.545245970214784,0.03342672107272779,sample,54,0.49264708527914697,0.45622024587084214,0.48352438966514993,0.4669781619709732,0.6180938410799752,0.4561594035442139,0.5429791720813097,0.03156442996967473,2.140609157467832,1.9261710436611479,1.9141556784884401,0.6281853102025874,4.545989581867051,1.8434560626520495,1.7058193780629107,0.09916258130747962
D_W,dw,107,107,0.01,0.02,512,512,0,512,,512,512,0,512,0,0.4888473530667226,0.4572132096325831,0.4838470616216118,0.46884925489085333,0.6184768084564387,0.4543173354503383,0.545245970214784,0.03342672107272779,sample,55,0.48827285960934097,0.4575927314322921,0.4832331255825132,0.467500035386107,0.6189698301692557,0.4531659524463831,0.5438327937396481,0.03390202042330293,2.188371289160127,1.9348823129559305,1.9337235869155722,0.6363720454239712,4.442595237070554,1.8374680414478282,1.7085011095936917,0.10650633830369963
D_W,dw,107,107,0.01,0.02,512,512,0,512,,512,512,0,512,0,0.4888473530667226,0.4572132096325831,0.4838470616216118,0.46884925489085333,0.6184768084564387,0.4543173354503383,0.545245970214784,0.03342672107272779,sample,56,0.48905713053699984,0.4556561389627662,0.4831124237504972,0.4688359156281482,0.6187921973074607,0.4556028977498299,0.5441426680665279,0.034782546149476,2.1674326310970162,1.9249481219063076,1.917683250295107,0.6299477920243955,4.470449753049612,1.8273560629958439,1.7094746085025534,0.10927259145634174
D_W,dw,107,107,0.01,0.02,512,512,0,512,,512,512,0,512,0,0.4888473530667226,0.4572132096325831,0.4838470616216118,0.46884925489085333,0.6184768084564387,0.4543173354503383,0.545245970214784,0.03342672107272779,sample,57,0.488644754740724,0.45813915767609836,0.4839340553677169,0.46840223987833873,0.6177501451681469,0.45413417702923436,0.5444238423748605,0.03399931584093975,2.162976927267562,1.9255351776659786,1.9306259476149663,0.628344458258398,4.447501503405567,1.8329657432706812,1.7103579436439893,0.1068120008729754
D_W,dw,107,107,0.01,0.02,512,512,0,512,,512,512,0,512,0,0.4888473530667226,0.4572132096325831,0.4838470616216118,0.46884925489085333,0.6184768084564387,0.4543173354503383,0.545245970214784,0.03342672107272779,sample,58,0.49015153704745895,0.456565011899922,0.48349891070474005,0.46944763599224704,0.6169098968760142,0.4535720306165409,0.5453773934353948,0.03452390921117696,2.1538990565351512,1.9256147678650308,1.9376279212585668,0.6244390217937863,4.489418698310902,1.8264121735540442,1.7133536126505866,0.10846005955103453
D_W,dw,107,107,0.01,0.02,512,512,0,512,,512,512,0,512,0,0.4888473530667226,0.4572132096325831,0.4838470616216118,0.46884925489085333,0.6184768084564387,0.4543173354503383,0.545245970214784,0.03342672107272779,sample,59,0.48894017671325585,0.45628393925261457,0.48438986911668225,0.4690718312505277,0.6183108397707969,0.4549405378351543,0.5460579451715193,0.03361594363650936,2.155197267736206,1.9040580770078583,1.9238336121291786,0.6286623556211803,4.464596098373922,1.826488860579763,1.715491628985183,0.10560760157194636
D_W,dw,107,107,0.01,0.02,512,512,0,512,,512,512,0,512,0,0.4888473530667226,0.4572132096325831,0.4838470616216118,0.46884925489085333,0.6184768084564387,0.4543173354503383,0.545245970214784,0.03342672107272779,sample,60,0.4879249145032299,0.45600154513464164,0.48420463800834895,0.4678327820106056,0.6201227133792224,0.4523337257779143,0.5457428548701744,0.03366575955447628,2.193421753465491,1.9040792790656262,1.9368304841688677,0.6424272978156298,4.4445403107521635,1.8324437356808376,1.7145017436092604,0.10576410289386307
D_W,dw,107,107,0.01,0.02,512,512,0,512,,512,512,0,512,0,0.4888473530667226,0.4572132096325831,0.4838470616216118,0.46884925489085333,0.6184768084564387,0.4543173354503383,0.545245970214784,0.03342672107272779,sample,61,0.4883433741854923,0.4569604897080767,0.4847807286651523,0.4683705919439445,0.6181933601719095,0.454338195625024,0.5449948838690164,0.03324102239102887,2.159957541275556,1.8997131755960104,1.9279874014552105,0.6299699776831361,4.447898611167944,1.832276713640796,1.7121519234069245,0.10442975174147012
D_W,dw,107,107,0.01,0.02,512,512,0,512,,512,512,0,512,0,0.4888473530667226,0.4572132096325831,0.4838470616216118,0.46884925489085333,0.6184768084564387,0.4543173354503383,0.545245970214784,0.03342672107272779,sample,62,0.4897776365144106,0.4563247858965341,0.4843721331358375,0.46997786770181343,0.6182767686322286,0.4536033033819244,0.5435462703198592,0.03324119495175466,2.153819351860264,1.9060488355153882,1.9341311411849333,0.6297535921596585,4.482473593037872,1.8193759590265288,1.7076009697230017,0.10443029385697856
D_W,dw,107,107,0.01,0.02,512,512,0,512,,512,512,0,512,0,0.4888473530667226,0.4572132096325831,0.4838470616216118,0.46884925489085333,0.6184768084564387,0.4543173354503383,0.545245970214784,0.03342672107272779,sample,63,0.4897774305499097,0.458265294086743,0.4840198490978326,0.4713611155958376,0.6194459370107364,0.4557066652702665,0.5464109773602752,0.031799744086370464,2.145585863219163,1.926850288380214,1.9168857311837868,0.629865193349968,4.47217671530521,1.8061185348690219,1.7166007123158593,0.09990184240777691
D_W,dw,107,107,0.01,0.02,512,512,0,512,,512,512,0,512,0,0.4888473530667226,0.4572132096325831,0.4838470616216118,0.46884925489085333,0.6184768084564387,0.4543173354503383,0.545245970214784,0.03342672107272779,sample,64,0.4884159803340676,0.45847098170806094,0.4839735555662638,0.4687614049514585,0.6184248862612576,0.4539012766958775,0.5446683701209224,0.0333574801110938,2.16768304328905,1.9266876921097675,1.9307856758651372,0.6312670934076363,4.440365377491127,1.8287055441849984,1.7111261502146162,0.10479561445927993
D_W,dw,107,107,0.01,0.02,512,512,0,512,,512,512,0,512,0,0.4888473530667226,0.4572132096325831,0.4838470616216118,0.46884925489085333,0.6184768084564387,0.4543173354503383,0.545245970214784,0.03342672107272779,sample,65,0.4883642698188113,0.45812206261765176,0.48389218569304066,0.4682014242795737,0.619224204035008,0.45298099102245765,0.5470112569687857,0.03343516654613204,2.1809138836682997,1.9257022166209863,1.934864254836955,0.636972377703729,4.441376295605445,1.831441431784804,1.7184865463240557,0.10503967359287962
D_W,dw,107,107,0.01,0.02,512,512,0,512,,512,512,0,512,0,0.4888473530667226,0.4572132096325831,0.4838470616216118,0.46884925489085333,0.6184768084564387,0.4543173354503383,0.545245970214784,0.03342672107272779,sample,66,0.48936344774172796,0.45908396640344573,0.4847712620248885,0.471312173313716,0.6163623114990272,0.4518462873679351,0.5439680510461208,0.031769785971261275,2.143691022633577,1.9165484601483234,1.9528491299325623,0.6230406267906478,4.458057927782577,1.812514762881298,1.7089260329540505,0.09980772621343449
D_W,dw,107,107,0.01,0.02,512,512,0,512,,512,512,0,512,0,0.4888473530667226,0.4572132096325831,0.4838470616216118,0.46884925489085333,0.6184768084564387,0.4543173354503383,0.545245970214784,0.03342672107272779,sample,67,0.4892175319105663,0.4578340239898528,0.484080973427145,0.46846534293612924,0.6179246688064398,0.4543374329272128,0.5444494184546412,0.034529348074693905,2.15785656137779,1.9214445017088981,1.928754926630121,0.6286877205786047,4.4620388680283645,1.8320959082416204,1.710438293268336,0.10847714624470324
D_W,dw,107,107,0.01,0.02,512,512,0,512,,512,512,0,512,0,0.4888473530667226,0.4572132096325831,0.4838470616216118,0.46884925489085333,0.6184768084564387,0.4543173354503383,0.545245970214784,0.03342672107272779,sample,68,0.4878015682662097,0.4576195106050996,0.48274353753059196,0.469400344259634,0.6198726856863824,0.4537210749648628,0.5462063824818009,0.03376602248545102,2.1911299623948635,1.9437743668359755,1.928753196246225,0.6371767586450552,4.4321331699441,1.8207268898910847,1.7159579585486824,0.10607908818124069
D_W,dw,107,107,0.01,0.02,512,512,0,512,,512,512,0,512,0,0.4888473530667226,0.4572132096325831,0.4838470616216118,0.46884925489085333,0.6184768084564387,0.4543173354503383,0.545245970214784,0.03342672107272779,sample,69,0.4890226995569749,0.45662174812757333,0.4854232359074253,0.46986345630865595,0.6171120286867695,0.45365437093302646,0.5462982257032433,0.03455896075474813,2.1418003919331148,1.8857239262727998,1.936781619541336,0.6247078012114502,4.464532396787254,1.8226626703083424,1.7162464925384477,0.1085701772228147
D_W,dw,107,107,0.01,0.02,512,512,0,512,,512,512,0,512,0,0.4888473530667226,0.4572132096325831,0.4838470616216118,0.46884925489085333,0.6184768084564387,0.4543173354503383,0.545245970214784,0.03342672107272779,sample,70,0.48814753910473935,0.45628904595989517,0.4836525860339404,0.4684885389446783,0.619041190252624,0.4536651707363301,0.546442315731903,0.033295542874648226,2.1807153595920026,1.9171967742312186,1.9306832025160268,0.6346730779613282,4.4476005720406775,1.8295715973297046,1.716699164713941,0.10460103289227884
D_W,dw,107,107,0.01,0.02,512,512,0,512,,512,512,0,512,0,0.4888473530667226,0.4572132096325831,0.4838470616216118,0.46884925489085333,0.6184768084564387,0.4543173354503383,0.545245970214784,0.03342672107272779,sample,71,0.48802928381101773,0.4564597212668485,0.48318347941362344,0.4694865973030382,0.6202944025618186,0.4528719965044566,0.5438666965566877,0.030872620755916482,2.19354375078931,1.927294722893285,1.9337213207673625,0.6403700837276756,4.4440838484172485,1.8192130047593715,1.7086076184346395,0.09698919856385099
D_W,dw,107,107,0.01,0.02,512,512,0,512,,512,512,0,512,0,0.4888473530667226,0.4572132096325831,0.4838470616216118,0.46884925489085333,0.6184768084564387,0.4543173354503383,0.545245970214784,0.03342672107272779,sample,72,0.48860523330452527,0.45738249546760235,0.4848217212520771,0.4685087572379597,0.6190915186872213,0.45439182265012756,0.5447380867834499,0.03228199355104089,2.1617776319569546,1.9021743003009648,1.9253890942709635,0.6336438369947067,4.451127338068745,1.8293083830389099,1.7113451715694454,0.10141687378318313
D_W,dw,107,107,0.01,0.02,512,512,0,512,,512,512,0,512,0,0.4888473530667226,0.4572132096325831,0.4838470616216118,0.46884925489085333,0.6184768084564387,0.4543173354503383,0.545245970214784,0.03342672107272779,sample,73,0.48827855619495286,0.45656600683979287,0.4843918948778336,0.46922201455397594,0.618904854814799,0.45467598985398716,0.5456022407639701,0.033072432837629395,2.1634699764424123,1.904743099206358,1.9243113050338363,0.631534632216505,4.448800203818193,1.8240826750363284,1.714059991366218,0.10390011203903834
D_W,dw,107,107,0.01,0.02,512,512,0,512,,512,512,0,512,0,0.4888473530667226,0.4572132096325831,0.4838470616216118,0.46884925489085333,0.6184768084564387,0.4543173354503383,0.545245970214784,0.03342672107272779,sample,74,0.48901024723514075,0.45755479131046667,0.48306364608020186,0.46826282203523306,0.6182561273883697,0.4544265972487144,0.5457666178646059,0.03439441265115102,2.1712877506100665,1.9394188055974038,1.9271165512463393,0.6302211929932173,4.459036349975903,1.8329944531314721,1.714576397257994,0.10805323410939188
D_W,dw,107,107,0.01,0.02,512,512,0,512,,512,512,0,512,0,0.4888473530667226,0.4572132096325831,0.4838470616216118,0.46884925489085333,0.6184768084564387,0.4543173354503383,0.545245970214784,0.03342672107272779,sample,75,0.48865433286055343,0.4568848260683364,0.48427601249666835,0.46941656169029383,0.6180990764083004,0.45547653289198375,0.5443064488759035,0.032884257814602504,2.151927879312434,1.9098658725859103,1.9207375764767558,0.6264508677041618,4.455074620195157,1.8241939706676564,1.7099891410900867,0.10330894276910797
D_W,dw,107,107,0.01,0.02,512,512,0,512,,512,512,0,512,0,0.4888473530667226,0.4572132096325831,0.4838470616216118,0.46884925489085333,0.6184768084564387,0.4543173354503383,0.545245970214784,0.03342672107272779,sample,76,0.4893618726444866,0.45600390659426626,0.48385279713468216,0.46890889073983316,0.6187648627600317,0.454509568824699,0.5453025909464907,0.03295664739727119,2.163504975517551,1.9134578040122963,1.9256534784962342,0.6315570018092092,4.475145478799491,1.8268375991336938,1.7131186137009753,0.10353636135021634
D_W,dw,107,107,0.01,0.02,512,512,0,512,,512,512,0,512,0,0.4888473530667226,0.4572132096325831,0.4838470616216118,0.46884925489085333,0.6184768084564387,0.4543173354503383,0.545245970214784,0.03342672107272779,sample,77,0.4889531499900226,0.4570751907516788,0.48494069163484566,0.4684939121876389,0.6175798080513402,0.45646532478125645,0.5452919107791918,0.03450625340733931,2.138777846290656,1.8983188364976324,1.9142608342353986,0.6236183927689865,4.460501437711851,1.832601056515766,1.71308506096585,0.10840459220740493
D_W,dw,107,107,0.01,0.02,512,512,0,512,,512,512,0,512,0,0.4888473530667226,0.4572132096325831,0.4838470616216118,0.46884925489085333,0.6184768084564387,0.4543173354503383,0.545245970214784,0.03342672107272779,sample,78,0.4883609762192393,0.4567271133997223,0.4845103095391611,0.4688681253690937,0.618267905205004,0.4549112880604377,0.5460407676085263,0.033015177976036494,2.1580212471215994,1.9036071798617904,1.9240172310307597,0.6287571307817088,4.449639231036161,1.8281891675558166,1.7154376640794775,0.10372024058647579
D_W,dw,107,107,0.01,0.02,512,512,0,512,,512,512,0,512,0,0.4888473530667226,0.4572132096325831,0.4838470616216118,0.46884925489085333,0.6184768084564387,0.4543173354503383,0.545245970214784,0.03342672107272779,sample,79,0.4891670100456134,0.4564743567863018,0.4829779688065372,0.46910748997105545,0.6165692987431706,0.4512831403406595,0.544517057244019,0.03439889200115324,2.177530045589797,1.9335089441893425,1.954725961863029,0.6273974082620831,4.468457618936294,1.829855249951799,1.710650786792143,0.10806730640245171
D_W,dw,107,107,0.01,0.02,512,512,0,512,,512,512,0,512,0,0.4888473530667226,0.4572132096325831,0.4838470616216118,0.46884925489085333,0.6184768084564387,0.4543173354503383,0.545245970214784,0.03342672107272779,sample,80,0.48622195903941634,0.45814927809880324,0.48334203560375033,0.4732399743133763,0.6153015464341748,0.4590070402758842,0.5446928367527013,0.03436355730412563,2.1260129728554626,1.9322568847936967,1.9041919712616397,0.6042514694888781,4.394346140664982,1.798846247142815,1.7112030144052708,0.10795629917785296
D_W,dw,107,107,0.01,0.02,512,512,0,512,,512,512,0,512,0,0.4888473530667226,0.4572132096325831,0.4838470616216118,0.46884925489085333,0.6184768084564387,0.4543173354503383,0.545245970214784,0.03342672107272779,sample,81,0.48853897139078944,0.45614467695513,0.483874955022191,0.46883841124959225,0.6188579468707746,0.4543349932382144,0.5442057931255566,0.033428359081939876,2.170181989460116,1.9125754683902847,1.9266162504360562,0.6323379908685008,4.456768773899706,1.8272006352557024,1.7096729217242554,0.10501828731338396
D_W,dw,107,107,0.01,0.02,512,512,0,512,,512,512,0,512,0,0.4888473530667226,0.4572132096325831,0.4838470616216118,0.46884925489085333,0.6184768084564387,0.4543173354503383,0.545245970214784,0.03342672107272779,sample,82,0.4890377946691428,0.4573260347020795,0.48570049179822977,0.467290830246764,0.6234646032787746,0.4534490423668686,0.5502880600043771,0.03464428782921707,2.1867831194086382,1.8846212830872495,1.9202994221904583,0.6557652588622743,4.460943003870351,1.8297743213873232,1.7287809266679304,0.10883824013311864
D_W,dw,107,107,0.01,0.02,512,512,0,512,,512,512,0,512,0,0.4888473530667226,0.4572132096325831,0.4838470616216118,0.46884925489085333,0.6184768084564387,0.4543173354503383,0.545245970214784,0.03342672107272779,sample,83,0.488700155767723,0.4576036637124522,0.48301839698361554,0.46871624789806454,0.6193336255677624,0.45429348655595625,0.5435488115512553,0.033501680538991246,2.1789678628381544,1.9400745210504171,1.925611578630553,0.634628697828346,4.4519153156192015,1.8271806585583483,1.7076089532368866,0.10524863346420704
D_W,dw,107,107,0.01,0.02,512,512,0,512,,512,512,0,512,0,0.4888473530667226,0.4572132096325831,0.4838470616216118,0.46884925489085333,0.6184768084564387,0.4543173354503383,0.545245970214784,0.03342672107272779,sample,84,0.4870007596826835,0.4570030800810913,0.48316144803495115,0.46881572091457735,0.6185592604153534,0.453646638328341,0.5431549356812175,0.033508556176300545,2.188206380159445,1.9294485574560074,1.9322919492441224,0.6322246882743395,4.418796338258927,1.827997561527812,1.7063715556971495,0.10527023391586668
D_W,dw,107,107,0.01,0.02,512,512,0,512,,512,512,0,512,0,0.4888473530667226,0.4572132096325831,0.4838470616216118,0.46884925489085333,0.6184768084564387,0.4543173354503383,0.545245970214784,0.03342672107272779,sample,85,0.4886623889581594,0.45698219249861677,0.48286240912172346,0.4686370205742313,0.6179711833294843,0.45490743182130877,0.5466394890391668,0.03373203354908775,2.1704205995664383,1.9385044915874734,1.9246504529810762,0.6277328848057858,4.454692768342756,1.830638809988884,1.7173186029275247,0.10597230878845851
D_W,dw,107,107,0.01,0.02,512,512,0,512,,512,512,0,512,0,0.4888473530667226,0.4572132096325831,0.4838470616216118,0.46884925489085333,0.6184768084564387,0.4543173354503383,0.545245970214784,0.03342672107272779,sample,86,0.4888411753327228,0.4559026640897294,0.48379757568321863,0.46868717667440346,0.6183306823742929,0.4553527891063612,0.5446710489038289,0.03417241916320378,2.161266616039784,1.9129808587713026,1.9205541228115273,0.6285078982094076,4.464541927295407,1.8294882074538923,1.7111345658593158,0.10735582099851206
D_W,dw,107,107,0.01,0.02,512,512,0,512,,512,512,0,512,0,0.4888473530667226,0.4572132096325831,0.4838470616216118,0.46884925489085333,0.6184768084564387,0.4543173354503383,0.545245970214784,0.03342672107272779,sample,87,0.48817297596760095,0.4567807639176578,0.4849725900615885,0.4693995775337141,0.6187266430867322,0.45504918171477216,0.5460420074775936,0.03397314685210914,2.154829691153437,1.8943799867870934,1.9222053893168018,0.6299309609615658,4.445276562652311,1.823044883458666,1.7154415592430308,0.10672978856991329
D_W,dw,107,107,0.01,0.02,512,512,0,512,,512,512,0,512,0,0.4888473530667226,0.4572132096325831,0.4838470616216118,0.46884925489085333,0.6184768084564387,0.4543173354503383,0.545245970214784,0.03342672107272779,sample,88,0.4900490742799069,0.4562852122397012,0.48574616876932736,0.46504598364419003,0.6169183883098613,0.4498926930201649,0.5450052987351554,0.034904385048362435,2.1711286779623764,1.878621543920638,1.9604152620188728,0.6363526432723531,4.488569884047969,1.861299465700011,1.7121846426738747,0.10965535964600484
D_W,dw,107,107,0.01,0.02,512,512,0,512,,512,512,0,512,0,0.4888473530667226,0.4572132096325831,0.4838470616216118,0.46884925489085333,0.6184768084564387,0.4543173354503383,0.545245970214784,0.03342672107272779,sample,89,0.4877192299571572,0.45731352917288215,0.4845557049000142,0.4688145490305942,0.6188365036421186,0.4550265022309297,0.545017357295168,0.03325148659243788,2.164152990695658,1.9054243444986536,1.9217009766279576,0.6311171721147023,4.432257197868293,1.827432770567494,1.712222525757423,0.10446262599974235
D_W,dw,107,107,0.01,0.02,512,512,0,512,,512,512,0,512,0,0.4888473530667226,0.4572132096325831,0.4838470616216118,0.46884925489085333,0.6184768084564387,0.4543173354503383,0.545245970214784,0.03342672107272779,sample,90,0.4886641864563156,0.45602379341773186,0.48141904949503106,0.46807712750808367,0.6163688454605118,0.45463267396051865,0.5446934047642564,0.03343986409081172,2.1804549981553984,1.95916416263642,1.9304153923738672,0.6218632950074328,4.460109427322451,1.8385347991170342,1.7112047988661996,0.10505443136473522
D_W,dw,107,107,0.01,0.02,512,512,0,512,,512,512,0,512,0,0.4888473530667226,0.4572132096325831,0.4838470616216118,0.46884925489085333,0.6184768084564387,0.4543173354503383,0.545245970214784,0.03342672107272779,sample,91,0.49021642338360294,0.45665351401485366,0.48537659543893913,0.46992669635507767,0.6195781949430399,0.4541730837928835,0.5449324673308095,0.0335365584780367,2.145825300964336,1.8887163728296505,1.9266394686946793,0.6345403598389787,4.490402337154242,1.8171814390526724,1.711955836069031,0.1053582057412846
D_W,dw,107,107,0.01,0.02,512,512,0,512,,512,512,0,512,0,0.4888473530667226,0.4572132096325831,0.4838470616216118,0.46884925489085333,0.6184768084564387,0.4543173354503383,0.545245970214784,0.03342672107272779,sample,92,0.4897161513909911,0.45712746344797134,0.48261953809352065,0.47026756103243583,0.6188198460234283,0.4537240676798811,0.5436511931520006,0.0336547952827907,2.1715468753201694,1.9463065308143197,1.9320318070264242,0.6316031777163262,4.476966630508269,1.8159926280840255,1.7079305945216507,0.1057296576184837
D_W,dw,107,107,0.01,0.02,512,512,0,512,,512,512,0,512,0,0.4888473530667226,0.4572132096325831,0.4838470616216118,0.46884925489085333,0.6184768084564387,0.4543173354503383,0.545245970214784,0.03342672107272779,sample,93,0.4894544679631485,0.45731818593388296,0.48415209953921334,0.4668631194051921,0.6198932172475181,0.45327502864503244,0.5478453712105023,0.03383620802931165,2.179558351075848,1.9167626355615706,1.93012635191627,0.6409657338973246,4.470166851527392,1.840451205986671,1.721106993498087,0.10629958257022146
D_W,dw,107,107,0.01,0.02,512,512,0,512,,512,512,0,512,0,0.4888473530667226,0.4572132096325831,0.4838470616216118,0.46884925489085333,0.6184768084564387,0.4543173354503383,0.545245970214784,0.03342672107272779,sample,94,0.488430231545186,0.45680746421642243,0.4845569032731916,0.4685740655769784,0.6183132064256365,0.45521568127445183,0.5448870404573006,0.033727156671998035,2.156775863393562,1.9033362201513684,1.9215104867177324,0.6287896310650042,4.450668149932392,1.8304179739827309,1.71181312333694,0.105956987627221
D_W,dw,107,107,0.01,0.02,512,512,0,512,,512,512,0,512,0,0.4888473530667226,0.4572132096325831,0.4838470616216118,0.46884925489085333,0.6184768084564387,0.4543173354503383,0.545245970214784,0.03342672107272779,sample,95,0.4900866924557768,0.457791365889934,0.48385767328693424,0.4696003800587384,0.618699805075741,0.4529308344900354,0.5457703395788802,0.03241198427720973,2.162775153636871,1.9272070880667538,1.9375574615626379,0.633178988135825,4.481705481925375,1.8215126176632481,1.7145880893682168,0.10182525169354997
D_W,dw,107,107,0.01,0.02,512,512,0,512,,512,512,0,512,0,0.4888473530667226,0.4572132096325831,0.4838470616216118,0.46884925489085333,0.6184768084564387,0.4543173354503383,0.545245970214784,0.03342672107272779,sample,96,0.4886033020295931,0.45725893451053884,0.48473217555208714,0.4682052216924518,0.6178252634458854,0.4551373670581717,0.5446924770511232,0.034074610300883816,2.1525041292432405,1.9031503073970153,1.9230695200572476,0.6272170466459518,4.451806673603155,1.8343654285333593,1.7112018843694357,0.10704854539519168
D_W,dw,107,107,0.01,0.02,512,512,0,512,,512,512,0,512,0,0.4888473530667226,0.4572132096325831,0.4838470616216118,0.46884925489085333,0.6184768084564387,0.4543173354503383,0.545245970214784,0.03342672107272779,sample,97,0.4900305145263555,0.45720917768360436,0.48551630217880865,0.46944623432110416,0.6182118480324116,0.45431347983854425,0.5469339964344148,0.03263189734290354,2.1380864980320933,1.889226614592477,1.928850943583982,0.6288560983147125,4.483490396423746,1.8237271573671525,1.7182438251968635,0.10251612896516205
D_W,dw,107,107,0.01,0.02,512,512,0,512,,512,512,0,512,0,0.4888473530667226,0.4572132096325831,0.4838470616216118,0.46884925489085333,0.6184768084564387,0.4543173354503383,0.545245970214784,0.03342672107272779,sample,98,0.48878236156897203,0.45776919592376425,0.4826245811310362,0.46912642714223435,0.6181441273597066,0.45529986886451435,0.5449230546764606,0.03381133269883306,2.1680465406894984,1.9492751335218146,1.9217062792915036,0.6272719066978952,4.45275755718302,1.8264015899950068,1.7119262653432779,0.10622143441473429
D_W,dw,107,107,0.01,0.02,512,512,0,512,,512,512,0,512,0,0.4888473530667226,0.4572132096325831,0.4838470616216118,0.46884925489085333,0.6184768084564387,0.4543173354503383,0.545245970214784,0.03342672107272779,sample,99,0.48858820740918807,0.45684061385903474,0.4849877818738296,0.4692899731727015,0.6183994093725538,0.45452387232965785,0.5449777629692463,0.03425648669691291,2.1532133521616363,1.8951926088790987,1.9267481515673996,0.6294991062521721,4.453894198347077,1.8245802956562538,1.7120981365139838,0.10761992694481808
D_W,dw,107,107,0.01,0.02,512,512,0,512,,512,512,0,512,0,0.4888473530667226,0.4572132096325831,0.4838470616216118,0.46884925489085333,0.6184768084564387,0.4543173354503383,0.545245970214784,0.03342672107272779,sample,100,0.4874165152527846,0.45719672218527235,0.48478014693941557,0.4687978644622788,0.6185331743249898,0.4550687502592167,0.5454834176400271,0.03446907046262277,2.162381755685873,1.89955675568612,1.9221583779459335,0.6297374816959196,4.426460422136039,1.8281925888436619,1.7136866975129619,0.10828777854144463
D_W,dw,107,107,0.01,0.02,512,512,0,512,,512,512,0,512,0,0.4888473530667226,0.4572132096325831,0.4838470616216118,0.46884925489085333,0.6184768084564387,0.4543173354503383,0.545245970214784,0.03342672107272779,sample,101,0.4891992020826148,0.45769463760039647,0.4828985594196691,0.46886716847904675,0.6185248130908363,0.45475330030875166,0.5456326003487499,0.033345667392757634,2.169037748745817,1.9441052266284302,1.9244933913702027,0.6301464789603682,4.462423034639063,1.8276630513158594,1.7141553688147284,0.10475850371013609
D_W,dw,107,107,0.01,0.02,512,512,0,512,,512,512,0,512,0,0.4888473530667226,0.4572132096325831,0.4838470616216118,0.46884925489085333,0.6184768084564387,0.4543173354503383,0.545245970214784,0.03342672107272779,sample,102,0.48928639715864464,0.4584459987365449,0.4837189009120313,0.4690374649728128,0.6192271997775285,0.45452952762050586,0.5455827845106725,0.03260601417162205,2.1648075498712798,1.9334178774058928,1.9244129538340073,0.6334009319620675,4.460060576861793,1.8248773202677724,1.713998867743792,0.10243481458441252
D_W,dw,107,107,0.01,0.02,512,512,0,512,,512,512,0,512,0,0.4888473530667226,0.4572132096325831,0.4838470616216118,0.46884925489085333,0.6184768084564387,0.4543173354503383,0.545245970214784,0.03342672107272779,sample,103,0.4884070870480967,0.45782036836982515,0.4846725931068609,0.46952165131009077,0.6178463807440582,0.4546484472280121,0.5450551662481626,0.03136876378773001,2.151496416572469,1.9078191363868844,1.9274413249171811,0.6266065755864151,4.444165729091568,1.8238786316047026,1.712341306086391,0.09854787786772612
D_W,dw,107,107,0.01,0.02,512,512,0,512,,512,512,0,512,0,0.4888473530667226,0.4572132096325831,0.4838470616216118,0.46884925489085333,0.6184768084564387,0.4543173354503383,0.545245970214784,0.03342672107272779,sample,104,0.4896526142604774,0.4579075204481458,0.48331575884830946,0.46846435522561775,0.6186769286275006,0.45395689989524174,0.5454808729900347,0.03285318120065584,2.1687758953114566,1.9382281443783578,1.9295300495718535,0.6326162840806995,4.471343528834938,1.8305210783339885,1.71367870325924,0.1032113127070347
D_W,dw,107,107,0.01,0.02,512,512,0,512,,512,512,0,512,0,0.4888473530667226,0.4572132096325831,0.4838470616216118,0.46884925489085333,0.6184768084564387,0.4543173354503383,0.545245970214784,0.03342672107272779,sample,105,0.48887556799878007,0.4572752118017288,0.48305711399210216,0.4686968615453849,0.6186567599573625,0.4539357477423468,0.5463271921679493,0.03389466856767798,2.175923611129044,1.9372277816980856,1.9298927678069793,0.6322952934664826,4.457670459947291,1.8287321671325654,1.7163374933711688,0.10648324176807801
D_W,dw,107,107,0.01,0.02,512,512,0,512,,512,512,0,512,0,0.4888473530667226,0.4572132096325831,0.4838470616216118,0.46884925489085333,0.6184768084564387,0.4543173354503383,0.545245970214784,0.03342672107272779,sample,106,0.48937322984691706,0.4572605643385618,0.4832885617263918,0.4696495106529028,0.6174783407616409,0.45365655208548594,0.545634493446946,0.03210836452052285,2.161841179710165,1.9334661396795314,1.93564142961967,0.6265427990379124,4.468689913841852,1.8236179235223455,1.7141613161581137,0.10087140209645774
D_W,dw,107,107,0.01,0.02,512,512,0,512,,512,512,0,512,0,0.4888473530667226,0.4572132096325831,0.4838470616216118,0.46884925489085333,0.6184768084564387,0.4543173354503383,0.545245970214784,0.03342672107272779,sample,107,0.4876981350201398,0.4564077888414026,0.48250171561002325,0.4687575057725736,0.6173278375876432,0.4543809978005622,0.5464137164664717,0.03474498470853277,2.17979340290119,1.939454383851243,1.930201505690251,0.6256690491367122,4.437338347191032,1.8310411709984733,1.7166093174717638,0.10915458870941624
D_W,dw,107,107,0.01,0.02,512,512,0,512,,512,512,0,512,0,0.4888473530667226,0.4572132096325831,0.4838470616216118,0.46884925489085333,0.6184768084564387,0.4543173354503383,0.545245970214784,0.03342672107272779,sample,108,0.49036366523401287,0.45729877581519496,0.4851020192745934,0.4698272383280105,0.6173169188080746,0.45115493059334605,0.5462128616472521,0.03486772178476501,2.1509501772803303,1.8988310964404072,1.954083078130721,0.6300513374769078,4.4904380392011,1.8225307035145255,1.7159783134472655,0.10954017860643053
D_W,dw,107,107,0.01,0.02,512,512,0,512,,512,512,0,512,0,0.4888473530667226,0.4572132096325831,0.4838470616216118,0.46884925489085333,0.6184768084564387,0.4543173354503383,0.545245970214784,0.03342672107272779,sample,109,0.4894775471088595,0.4565059414525147,0.48478346214905593,0.4704776099990067,0.6184520312258082,0.4523753223039669,0.5456198129829276,0.03310568019653946,2.1576269973856967,1.898573807847334,1.9427603909063091,0.6320990491269163,4.475021319212718,1.815054844513443,1.7141151961202021,0.10400456169754145
D_W,dw,107,107,0.01,0.02,512,512,0,512,,512,512,0,512,0,0.4888473530667226,0.4572132096325831,0.4838470616216118,0.46884925489085333,0.6184768084564387,0.4543173354503383,0.545245970214784,0.03342672107272779,sample,110,0.49011462424733093,0.45685425759637643,0.4829531900354079,0.4700902887272786,0.6185257850546524,0.45281565039715566,0.5442656424506541,0.03356520102214813,2.1702807974370084,1.938409107189321,1.9391699535378808,0.6320760454067497,4.487160431952276,1.8179833824726164,1.709860943924304,0.10544818894744519
D_W,dw,107,107,0.01,0.02,512,512,0,512,,512,512,0,512,0,0.4888473530667226,0.4572132096325831,0.4838470616216118,0.46884925489085333,0.6184768084564387,0.4543173354503383,0.545245970214784,0.03342672107272779,sample,111,0.491090577893785,0.45704841808599594,0.4862517795041241,0.4711784811602463,0.6198298336563827,0.4553156914542424,0.5469416030703069,0.03516967554906497,2.1227765778756726,1.8745144266756109,1.9186149724629804,0.6323933235627089,4.507860051784782,1.8068333014729094,1.718267722148301,0.11048879433407909
D_W,dw,107,107,0.01,0.02,512,512,0,512,,512,512,0,512,0,0.4888473530667226,0.4572132096325831,0.4838470616216118,0.46884925489085333,0.6184768084564387,0.4543173354503383,0.545245970214784,0.03342672107272779,sample,112,0.4888658491844344,0.4584654797237337,0.4836208020352993,0.4690224559393123,0.6191812996566505,0.45469492289442,0.5453658514450118,0.032971634323420554,2.167263697110285,1.9347319454389464,1.9233377051402676,0.6329410500396634,4.450477061475187,1.82508898301976,1.7133173524183916,0.10358344416730708
D_W,dw,107,107,0.01,0.02,512,512,0,512,,512,512,0,512,0,0.4888473530667226,0.4572132096325831,0.4838470616216118,0.46884925489085333,0.6184768084564387,0.4543173354503383,0.545245970214784,0.03342672107272779,sample,113,0.4886021897706068,0.45609625677285637,0.4824227047498061,0.467867307255705,0.617696336291886,0.4532800106367211,0.5454934002751778,0.033190580362382094,2.1866742247263637,1.9404928947237465,1.9365086995081988,0.6302027269238456,4.4583871271617985,1.8373148000360555,1.7137180588862149,0.10427128343484124
D_W,dw,107,107,0.01,0.02,512,512,0,512,,512,512,0,512,0,0.4888473530667226,0.4572132096325831,0.4838470616216118,0.46884925489085333,0.6184768084564387,0.4543173354503383,0.545245970214784,0.03342672107272779,sample,114,0.488566998598981,0.4578193496979928,0.48489343930216583,0.46776603902606123,0.6177774668184228,0.45598372361471345,0.5452530005555428,0.03385015345605786,2.1475943169505474,1.9036058112995715,1.9167658626910238,0.6261334745220297,4.4477001592074075,1.8379398583285451,1.7129628208930847,0.10634339342043851
D_W,dw,107,107,0.01,0.02,512,512,0,512,,512,512,0,512,0,0.4888473530667226,0.4572132096325831,0.4838470616216118,0.46884925489085333,0.6184768084564387,0.4543173354503383,0.545245970214784,0.03342672107272779,sample,115,0.48967995377786955,0.45753438957152137,0.48355071051955856,0.4690368146712676,0.6183767836465713,0.454450320839939,0.546483881030653,0.033460883091398885,2.160143406078638,1.9307938377281864,1.927164304342723,0.6298123241288612,4.4739892498212335,1.8266294295061625,1.7168297459511381,0.10512046450256567
D_W,dw,107,107,0.01,0.02,512,512,0,512,,512,512,0,512,0,0.4888473530667226,0.4572132096325831,0.4838470616216118,0.46884925489085333,0.6184768084564387,0.4543173354503383,0.545245970214784,0.03342672107272779,sample,116,0.48922036616495695,0.45618998234801,0.48392921617467777,0.46941881569985966,0.6184829187356926,0.4541088784316471,0.5462444194464632,0.0337802340803504,2.1621312690826975,1.9129879339281601,1.9295950327266804,0.6304188962733894,4.471127553176214,1.823389749662384,1.7160774551974303,0.10612373522337237
D_W,dw,107,107,0.01,0.02,512,512,0,512,,512,512,0,512,0,0.4888473530667226,0.4572132096325831,0.4838470616216118,0.46884925489085333,0.6184768084564387,0.4543173354503383,0.545245970214784,0.03342672107272779,sample,117,0.48889712607625296,0.45777677002277006,0.48346231181601834,0.46741326597415644,0.61856814752784,0.45259653016538454,0.5457049092588446,0.034062819751752224,2.1831015516497367,1.9328903994874391,1.9387448272064192,0.6357115736207791,4.455253600303903,1.8390095805869249,1.714382533955471,0.10701150429265809
D_W,dw,107,107,0.01,0.02,512,512,0,512,,512,512,0,512,0,0.4888473530667226,0.4572132096325831,0.4838470616216118,0.46884925489085333,0.6184768084564387,0.4543173354503383,0.545245970214784,0.03342672107272779,sample,118,0.4879443814850766,0.4571554744047121,0.4845260015013356,0.4691232755315075,0.6182416978776791,0.45466351167361535,0.5447367465149517,0.033008276050112535,2.1603754668344006,1.9053896648733024,1.926039807653478,0.6287642630530407,4.438100502535232,1.8262246795210828,1.7113409609917778,0.10369855754669745
D_W,dw,107,107,0.01,0.02,512,512,0,512,,512,512,0,512,0,0.4888473530667226,0.4572132096325831,0.4838470616216118,0.46884925489085333,0.6184768084564387,0.4543173354503383,0.545245970214784,0.03342672107272779,sample,119,0.48881465566601473,0.457084621273105,0.4845299662666632,0.46948030528122525,0.6183939995642433,0.4531518563627459,0.5440430932187853,0.03496528284596698,2.1624937903862205,1.9064232466094266,1.9367110116616284,0.6315977216496419,4.45742415770352,1.8230845419306323,1.709161784892403,0.10984667571957907
D_W,dw,107,107,0.01,0.02,512,512,0,512,,512,512,0,512,0,0.4888473530667226,0.4572132096325831,0.4838470616216118,0.46884925489085333,0.6184768084564387,0.4543173354503383,0.545245970214784,0.03342672107272779,sample,120,0.4869918664200579,0.45792915401656176,0.4825659221045024,0.46880181380571184,0.6194729094446869,0.453765234526076,0.5457377509545175,0.03424138034327382,2.1975428649124344,1.9477678064935058,1.92907047065291,0.6360293365676367,4.412517067348894,1.8262243084101142,1.7144857091853283,0.10757246893520299
D_W,dw,107,107,0.01,0.02,512,512,0,512,,512,512,0,512,0,0.4888473530667226,0.4572132096325831,0.4838470616216118,0.46884925489085333,0.6184768084564387,0.4543173354503383,0.545245970214784,0.03342672107272779,sample,121,0.48997437272974176,0.4588406600634529,0.4868183982311922,0.4670038552277626,0.617360834783957,0.4545954579217438,0.5466607761842474,0.03433013655373436,2.1280688153630276,1.8724599809523927,1.9273205821115968,0.62754208528551,4.473460929220378,1.8448722592857363,1.7173854784661255,0.10785130479394629
D_W,dw,107,107,0.01,0.02,512,512,0,512,,512,512,0,512,0,0.4888473530667226,0.4572132096325831,0.4838470616216118,0.46884925489085333,0.6184768084564387,0.4543173354503383,0.545245970214784,0.03342672107272779,sample,122,0.48783162682696146,0.4562092197146677,0.4833559205862772,0.4673451842116141,0.6189320889334732,0.4539323579205964,0.5462373222498199,0.03295693218134491,2.1880574751844173,1.9218353712391487,1.9282693509987991,0.6350893095906902,4.441351660293415,1.8387598499171234,1.7160551586965946,0.10353725602577021
D_W,dw,107,107,0.01,0.02,512,512,0,512,,512,512,0,512,0,0.4888473530667226,0.4572132096325831,0.4838470616216118,0.46884925489085333,0.6184768084564387,0.4543173354503383,0.545245970214784,0.03342672107272779,sample,123,0.4886360374062151,0.45660102906894184,0.48457928830344166,0.468332223076043,0.6184151160325253,0.4540235586245693,0.5456046559198846,0.03282183468057532,2.163449508504672,1.901879564988911,1.929640450011489,0.6315144805248728,4.456290094678699,1.8321114154959541,1.7140675788022963,0.10311283470983412
D_W,dw,107,107,0.01,0.02,512,512,0,512,,512,512,0,512,0,0.4888473530667226,0.4572132096325831,0.4838470616216118,0.46884925489085333,0.6184768084564387,0.4543173354503383,0.545245970214784,0.03342672107272779,sample,124,0.4898509739757006,0.4561350671154937,0.48301184597329894,0.4704928700072989,0.6190779475472914,0.45373316819223936,0.5449452045754172,0.03377421152633427,2.1687726788650856,1.931595630006583,1.931438510769805,0.6324722755590004,4.485019889879995,1.8137002828894748,1.7119958513031175,0.10610481481191947
D_W,dw,107,107,0.01,0.02,512,512,0,512,,512,512,0,512,0,0.4888473530667226,0.4572132096325831,0.4838470616216118,0.46884925489085333,0.6184768084564387,0.4543173354503383,0.545245970214784,0.03342672107272779,sample,125,0.49034206731599417,0.456958819768887,0.4838133570122002,0.4701141066360387,0.6190219503781056,0.4545759938728928,0.5463668328802359,0.033329691038659646,2.15336441094143,1.9224898789049112,1.9253111539470686,0.6312179888948984,4.491656940384651,1.8168059187985492,1.7164620283416714,0.10470831251347071
D_W,dw,107,107,0.01,0.02,512,512,0,512,,512,512,0,512,0,0.4888473530667226,0.4572132096325831,0.4838470616216118,0.46884925489085333,0.6184768084564387,0.4543173354503383,0.545245970214784,0.03342672107272779,sample,126,0.48887256377415556,0.45595012592595363,0.48342515305697953,0.46881033883951884,0.6187036977270646,0.4544295520709961,0.5437090498996721,0.03276663559269348,2.171251593876518,1.920607751232312,1.9263172534802249,0.6315367279949642,4.464955411818834,1.8277406117908428,1.708112356855096,0.10293942166085968
D_W,dw,107,107,0.01,0.02,512,512,0,512,,512,512,0,512,0,0.4888473530667226,0.4572132096325831,0.4838470616216118,0.46884925489085333,0.6184768084564387,0.4543173354503383,0.545245970214784,0.03342672107272779,sample,127,0.48598357663746017,0.4578512233908308,0.484139323215536,0.4683377195790208,0.6138689558916064,0.4529505149303473,0.5451957091193191,0.03362362390220452,2.164324963248598,1.9137608027913504,1.9496523448241305,0.613638888553512,4.391346845142904,1.8420041737255357,1.7127828345379308,0.10563172983823188
D_W,dw,107,107,0.01,0.02,512,512,0,512,,512,512,0,512,0,0.4888473530667226,0.4572132096325831,0.4838470616216118,0.46884925489085333,0.6184768084564387,0.4543173354503383,0.545245970214784,0.03342672107272779,sample,128,0.4885416289231079,0.4565077652515504,0.48442831629312594,0.468538503426533,0.6183314598819071,0.4536248669290433,0.5447021073288324,0.03292429701738529,2.1665170303298753,1.9040993951064653,1.9328509290488445,0.6315880260250846,4.454784749025023,1.8306604096900037,1.711232138779139,0.10343472963442597
D_W,dw,107,107,0.01,0.02,512,512,0,512,,512,512,0,512,0,0.4888473530667226,0.4572132096325831,0.4838470616216118,0.46884925489085333,0.6184768084564387,0.4543173354503383,0.545245970214784,0.03342672107272779,sample,129,0.48889902115829564,0.4567899160396921,0.48409708169804094,0.4681213259959559,0.6183394020093154,0.4549462022707498,0.5439800003777188,0.03263583858498029,2.1613129888972638,1.9132160202999229,1.9230742055253396,0.6298816615183818,4.460920124197663,1.8339333959215638,1.708963572886414,0.10252851074231638
D_W,dw,107,107,0.01,0.02,512,512,0,512,,512,512,0,512,0,0.4888473530667226,0.4572132096325831,0.4838470616216118,0.46884925489085333,0.6184768084564387,0.4543173354503383,0.545245970214784,0.03342672107272779,sample,130,0.48868191194723337,0.458761910431208,0.4842095887519583,0.46999641646461227,0.6177930615933539,0.4537956763874221,0.5452229258497958,0.03325752452924629,2.1557864426895907,1.9245195243024893,1.9340420525811988,0.6272894502062901,4.444527533676579,1.8202070831535841,1.712868338418451,0.10448159473766248
D_W,dw,107,107,0.01,0.02,512,512,0,512,,512,512,0,512,0,0.4888473530667226,0.4572132096325831,0.4838470616216118,0.46884925489085333,0.6184768084564387,0.4543173354503383,0.545245970214784,0.03342672107272779,sample,131,0.4865589084543376,0.45678398775035806,0.48322443606687887,0.46975644117487536,0.6204486645722265,0.45486154196758316,0.5443692155205866,0.032523678124491834,2.1916417988920545,1.925761178869756,1.9194203906920926,0.6374048817951786,4.410852006546501,1.8168014182744368,1.7101863283199137,0.1021761482636226
D_W,dw,107,107,0.01,0.02,512,512,0,512,,512,512,0,512,0,0.4888473530667226,0.4572132096325831,0.4838470616216118,0.46884925489085333,0.6184768084564387,0.4543173354503383,0.545245970214784,0.03342672107272779,sample,132,0.4900594441518845,0.45575284243265196,0.48290864910915743,0.47013862989996863,0.6204133635116411,0.4549920309388016,0.5449354764665544,0.033264184353887415,2.170938106367773,1.9312109141674194,1.9188192897126635,0.6366151725169814,4.491398405914223,1.8138828024216185,1.7119652895477808,0.10450251719382925
D_W,dw,107,107,0.01,0.02,512,512,0,512,,512,512,0,512,0,0.4888473530667226,0.4572132096325831,0.4838470616216118,0.46884925489085333,0.6184768084564387,0.4543173354503383,0.545245970214784,0.03342672107272779,sample,133,0.4882696660321862,0.4565637328497645,0.4845918709389892,0.46842529675165473,0.6179780784271227,0.454049439349054,0.544787425253885,0.03403604836281369,2.162821848400305,1.9007393568659967,1.930655752630976,0.6294554643058518,4.448622604105275,1.8322997003953303,1.7115001729457038,0.10692739949384239
D_W,dw,107,107,0.01,0.02,512,512,0,512,,512,512,0,512,0,0.4888473530667226,0.4572132096325831,0.4838470616216118,0.46884925489085333,0.6184768084564387,0.4543173354503383,0.545245970214784,0.03342672107272779,sample,134,0.4879513953245657,0.4567255407875594,0.48447196877341936,0.4685856097254671,0.6185927535498189,0.4546999794807647,0.545198075964873,0.0334680069872887,2.165241756715551,1.903615965078483,1.9245116829059072,0.6308578201471775,4.4408432286596575,1.829742075725695,1.712790270202535,0.10514284488155803
D_W,dw,107,107,0.01,0.02,512,512,0,512,,512,512,0,512,0,0.4888473530667226,0.4572132096325831,0.4838470616216118,0.46884925489085333,0.6184768084564387,0.4543173354503383,0.545245970214784,0.03342672107272779,sample,135,0.49012013991513154,0.4572777525854946,0.4832084421900014,0.46879310100718985,0.6185460807547086,0.4551859171892765,0.5461018794929864,0.03227905861382723,2.1587864447646696,1.9365044489359162,1.9212794158356743,0.6296052191645745,4.485126157152396,1.82820336523954,1.7156296527267445,0.10140765340599396
D_W,dw,107,107,0.01,0.02,512,512,0,512,,512,512,0,512,0,0.4888473530667226,0.4572132096325831,0.4838470616216118,0.46884925489085333,0.6184768084564387,0.4543173354503383,0.545245970214784,0.03342672107272779,sample,136,0.4885313314572797,0.4569843659067164,0.48401598281676356,0.46695053118176166,0.6187758127237875,0.45267567555971033,0.5477092586271167,0.0339083295282693,2.1837008369057536,1.9155054200412327,1.93730450063839,0.6370309220825058,4.451833626403573,1.842182292184885,1.7206793832060618,0.10652615894151268
D_W,dw,107,107,0.01,0.02,512,512,0,512,,512,512,0,512,0,0.4888473530667226,0.4572132096325831,0.4838470616216118,0.46884925489085333,0.6184768084564387,0.4543173354503383,0.545245970214784,0.03342672107272779,sample,137,0.4883272843561356,0.4581098451536269,0.48354495633573036,0.46884708230581446,0.6188736018063775,0.4529722036892666,0.5447331528133227,0.03400705848477382,2.179992873605864,1.9325428481512057,1.9362905585840333,0.6347162947781982,4.440632038639373,1.8271000741947672,1.7113296710451407,0.10683632510596387
D_W,dw,107,107,0.01,0.02,512,512,0,512,,512,512,0,512,0,0.4888473530667226,0.4572132096325831,0.4838470616216118,0.46884925489085333,0.6184768084564387,0.4543173354503383,0.545245970214784,0.03342672107272779,sample,138,0.4885951613389221,0.4574104806092872,0.48267092649370147,0.4688817582084179,0.6196959899346707,0.4564337592489287,0.5467252043432289,0.034556621752807375,2.1730186000609515,1.9452863374632556,1.9094868931400175,0.6325209167186185,4.450742700237563,1.8251431343828055,1.7175878854970663,0.10856282903150088
D_W,dw,107,107,0.01,0.02,512,512,0,512,,512,512,0,512,0,0.4888473530667226,0.4572132096325831,0.4838470616216118,0.46884925489085333,0.6184768084564387,0.4543173354503383,0.545245970214784,0.03342672107272779,sample,139,0.49140307304601993,0.4588531385432555,0.48598844591729007,0.4710079212395285,0.6182834728186145,0.4504347975254638,0.545648625654437,0.031618615249111595,2.140810900831892,1.8925419124301996,1.957314250817161,0.6342611439620042,4.506419176639803,1.8111643115076133,1.7142057137973463,0.0993328093832912
D_W,dw,107,107,0.01,0.02,512,512,0,512,,512,512,0,512,0,0.4888473530667226,0.4572132096325831,0.4838470616216118,0.46884925489085333,0.6184768084564387,0.4543173354503383,0.545245970214784,0.03342672107272779,sample,140,0.4881773571104756,0.45662198473073023,0.4838869470149581,0.467771330897254,0.6198091033918918,0.45594305514617534,0.5452165522565577,0.032596377387267624,2.1727754479719605,1.9149207091130829,1.9120097734130026,0.6350987687426162,4.446302693419539,1.8335760315271221,1.7128483151847573,0.10240453973348042
D_W,dw,107,107,0.01,0.02,512,512,0,512,,512,512,0,512,0,0.4888473530667226,0.4572132096325831,0.4838470616216118,0.46884925489085333,0.6184768084564387,0.4543173354503383,0.545245970214784,0.03342672107272779,sample,141,0.4901389037779643,0.45611966063116993,0.4842960167543901,0.46761153704408437,0.6182295251262184,0.45692330661601954,0.5459332605899878,0.033487522077221075,2.1428726466839616,1.906734713002918,1.9087186020838083,0.626780571287259,4.491334415980607,1.8381820438337386,1.7150999208198279,0.10520415334472374
D_W,dw,107,107,0.01,0.02,512,512,0,512,,512,512,0,512,0,0.4888473530667226,0.4572132096325831,0.4838470616216118,0.46884925489085333,0.6184768084564387,0.4543173354503383,0.545245970214784,0.03342672107272779,sample,142,0.4890404645705345,0.45777197090518285,0.48303006379676805,0.4694802805465886,0.6190130003456289,0.4546082189372256,0.5454650113399248,0.033771907506252793,2.170111675336865,1.9417646364648977,1.9246902303961293,0.6318301870763947,4.458459103413878,1.8218271241194826,1.7136288724157809,0.10609757651935776
D_W,dw,107,107,0.01,0.02,512,512,0,512,,512,512,0,512,0,0.4888473530667226,0.4572132096325831,0.4838470616216118,0.46884925489085333,0.6184768084564387,0.4543173354503383,0.545245970214784,0.03342672107272779,sample,143,0.48933807912465316,0.45652841251679094,0.48475676117997263,0.46819027440900696,0.6185497083167684,0.4545910685156819,0.5451664818626543,0.03305281432593888,2.1555031969602463,1.8990323417153288,1.9251328850965983,0.6313125649120176,4.471874723802971,1.83294533212324,1.7126910144031078,0.10383847866683706
D_W,dw,107,107,0.01,0.02,512,512,0,512,,512,512,0,512,0,0.4888473530667226,0.4572132096325831,0.4838470616216118,0.46884925489085333,0.6184768084564387,0.4543173354503383,0.545245970214784,0.03342672107272779,sample,144,0.48801692334512375,0.4579038265517112,0.4843477147938783,0.46930807150843257,0.6176039034333719,0.45590177290875167,0.5445087945770067,0.03295645617391318,2.1496409810935444,1.9142391733428352,1.91884639599662,0.6237007277953076,4.435064750801117,1.8260794202681836,1.7106248288581583,0.10353576060431963
D_W,dw,107,107,0.01,0.02,512,512,0,512,,512,512,0,512,0,0.4888473530667226,0.4572132096325831,0.4838470616216118,0.46884925489085333,0.6184768084564387,0.4543173354503383,0.545245970214784,0.03342672107272779,sample,145,0.48849351889728904,0.45899956046686424,0.4851581434265078,0.46666173363056945,0.616545859308678,0.45021467928916153,0.5454522213686007,0.032070882207034794,2.1731847872809746,1.9061588581979134,1.9604934936325094,0.6321430454369495,4.438784241868228,1.8494088999381855,1.7135886915358296,0.10075364793576412
D_W,dw,107,107,0.01,0.02,512,512,0,512,,512,512,0,512,0,0.4888473530667226,0.4572132096325831,0.4838470616216118,0.46884925489085333,0.6184768084564387,0.4543173354503383,0.545245970214784,0.03342672107272779,sample,146,0.49306839443302036,0.4573981854507351,0.4846897657309141,0.46793642983275896,0.6205901767101649,0.4548216888609869,0.5447654497277339,0.032670899213097584,2.144504198660382,1.9116656270879022,1.9181775006018056,0.6401571707857815,4.551095587962554,1.8306722980944143,1.7114311347941886,0.10263865695403993
D_W,dw,107,107,0.01,0.02,512,512,0,512,,512,512,0,512,0,0.4888473530667226,0.4572132096325831,0.4838470616216118,0.46884925489085333,0.6184768084564387,0.4543173354503383,0.545245970214784,0.03342672107272779,sample,147,0.4896877468233238,0.45780489599720947,0.48583028401187867,0.4706531066650235,0.6188135191483196,0.4527451300537515,0.5475885296521205,0.03277548454458563,2.1445685567701327,1.8861252724901976,1.939279385768882,0.6328413158473887,4.472692959477191,1.8129491094781764,1.7203001019451383,0.10296722146311602
D_W,dw,107,107,0.01,0.02,512,512,0,512,,512,512,0,512,0,0.4888473530667226,0.4572132096325831,0.4838470616216118,0.46884925489085333,0.6184768084564387,0.4543173354503383,0.545245970214784,0.03342672107272779,sample,148,0.4896907433916628,0.4558783735331382,0.48268263978251724,0.4677962976501007,0.6178703912184678,0.45487617177385925,0.544212991766447,0.03524085219806678,2.1698977892729285,1.9358617799532032,1.9245524223265396,0.6283348036331066,4.482851624541385,1.8375002556065727,1.7096955369215925,0.11071240237169032
D_W,dw,107,107,0.01,0.02,512,512,0,512,,512,512,0,512,0,0.4888473530667226,0.4572132096325831,0.4838470616216118,0.46884925489085333,0.6184768084564387,0.4543173354503383,0.545245970214784,0.03342672107272779,sample,149,0.4883863847076091,0.4582556863177056,0.483411038561899,0.46866822810696024,0.6181064832381445,0.4550543068637842,0.5457406975945849,0.03412983371554337,2.165523864813552,1.9364350262665284,1.923265518516698,0.6280434529130468,4.4410424752798585,1.8301074950869443,1.7144949663281168,0.10722203486899229
D_W,dw,107,107,0.01,0.02,512,512,0,512,,512,512,0,512,0,0.4888473530667226,0.4572132096325831,0.4838470616216118,0.46884925489085333,0.6184768084564387,0.4543173354503383,0.545245970214784,0.03342672107272779,sample,150,0.4890151032613601,0.4566531586356719,0.4847943460412358,0.46947468613703214,0.6183466145093213,0.4544124177211556,0.5454545693342088,0.03297579281134541,2.1520385172009293,1.898571900510559,1.9278091256337184,0.6292465761367952,4.464195389258293,1.8232258407885311,1.7135960678873348,0.10359650844242185
D_W,dw,107,107,0.01,0.02,512,512,0,512,,512,512,0,512,0,0.4888473530667226,0.4572132096325831,0.4838470616216118,0.46884925489085333,0.6184768084564387,0.4543173354503383,0.545245970214784,0.03342672107272779,sample,151,0.48886602434364,0.4583979755722414,0.48458066146348766,0.46828783801860746,0.6178477212998835,0.455674782809232,0.5449641529051509,0.0334233648470175,2.147978822427162,1.9146142934964085,1.9191841296207124,0.6263281632858596,4.4508868469065765,1.8336639025753423,1.7120553792366067,0.10500259746164152
D_W,dw,107,107,0.01,0.02,512,512,0,512,,512,512,0,512,0,0.4888473530667226,0.4572132096325831,0.4838470616216118,0.46884925489085333,0.6184768084564387,0.4543173354503383,0.545245970214784,0.03342672107272779,sample,152,0.4878702099603536,0.45679879594838424,0.4847117857922413,0.4685843354279075,0.6184384671983277,0.4541396793889333,0.5459277825732941,0.0333290965320378,2.1656448793035508,1.8991701879522183,1.9289230461811089,0.6311267776125805,4.438662366102052,1.830074543263828,1.7150827111228266,0.10470644481583499
D_W,dw,107,107,0.01,0.02,512,512,0,512,,512,512,0,512,0,0.4888473530667226,0.4572132096325831,0.4838470616216118,0.46884925489085333,0.6184768084564387,0.4543173354503383,0.545245970214784,0.03342672107272779,sample,153,0.488710824046027,0.45863710764524146,0.4846992228955443,0.46779171624219545,0.6179150828038541,0.4541243498394849,0.5453071346674073,0.03358512724156334,2.158384946004091,1.9135718379882865,1.929836718226195,0.6298005112487425,4.44594820940711,1.837440050276464,1.713132888221227,0.10551078901197382
D_W,dw,107,107,0.01,0.02,512,512,0,512,,512,512,0,512,0,0.4888473530667226,0.4572132096325831,0.4838470616216118,0.46884925489085333,0.6184768084564387,0.4543173354503383,0.545245970214784,0.03342672107272779,sample,154,0.48851316294516783,0.4573072830449423,0.48282331393760436,0.46852164908539007,0.6181487008335512,0.4543548136620513,0.5463646386380836,0.03321875110637613,2.1758601414182497,1.9413635154527726,1.9280881021865524,0.6295708335634749,4.449554910906254,1.8311776923046315,1.7164551349266455,0.10435978443721905
D_W,dw,107,107,0.01,0.02,512,512,0,512,,512,512,0,512,0,0.4888473530667226,0.4572132096325831,0.4838470616216118,0.46884925489085333,0.6184768084564387,0.4543173354503383,0.545245970214784,0.03342672107272779,sample,155,0.48866108171171846,0.458282760178784,0.48396508851310316,0.4699970753501665,0.6184457486921395,0.4542126672086064,0.5441380974684448,0.03357487719313872,2.160153842200642,1.9259802519607843,1.9293327001890825,0.6294334278630044,4.446996360517614,1.818883343695657,1.709460249545193,0.10547858753514411
D_W,dw,107,107,0.01,0.02,512,512,0,512,,512,512,0,512,0,0.4888473530667226,0.4572132096325831,0.4838470616216118,0.46884925489085333,0.6184768084564387,0.4543173354503383,0.545245970214784,0.03342672107272779,sample,156,0.48984469501068284,0.4584428553233562,0.4841895834623381,0.4700460042155128,0.6179468806706876,0.45343302671425,0.544907873276742,0.033229525319058775,2.151690966933273,1.9248024997111852,1.9362705248993344,0.6285296450889652,4.472716447931939,1.819500202511279,1.7118785715694504,0.10439363262463107
D_W,dw,107,107,0.01,0.02,512,512,0,512,,512,512,0,512,0,0.4888473530667226,0.4572132096325831,0.4838470616216118,0.46884925489085333,0.6184768084564387,0.4543173354503383,0.545245970214784,0.03342672107272779,sample,157,0.48955549592230163,0.45608877398509884,0.48427461685862744,0.4679801163019706,0.619390599094877,0.45472880670543164,0.5454734418692131,0.033037912907735015,2.1640523007946055,1.9060431589162234,1.9218673358067448,0.6350061803644401,4.478873174236765,1.8328244323975773,1.713655357704659,0.10379166448087972
D_W,dw,107,107,0.01,0.02,512,512,0,512,,512,512,0,512,0,0.4888473530667226,0.4572132096325831,0.4838470616216118,0.46884925489085333,0.6184768084564387,0.4543173354503383,0.545245970214784,0.03342672107272779,sample,158,0.4883525709087764,0.4572058205238356,0.4849896896317744,0.4684649647099769,0.6190661616016772,0.4554643359463885,0.5454758723886831,0.0346781543375271,2.156365422039597,1.897139538440871,1.9177450917637726,0.6318057572149284,4.446652710577581,1.8297047387329668,1.7136629934067704,0.10894463490682815
D_W,dw,107,107,0.01,0.02,512,512,0,512,,512,512,0,512,0,0.4888473530667226,0.4572132096325831,0.4838470616216118,0.46884925489085333,0.6184768084564387,0.4543173354503383,0.545245970214784,0.03342672107272779,sample,159,0.48893328168414185,0.4562237315378642,0.48297305095942983,0.46890131574579413,0.6189901554736758,0.454855715063917,0.5460514270151942,0.035803368026663035,2.173745085491527,1.9313987451875374,1.9225928254086984,0.631974362171811,4.464775097067146,1.826433263667527,1.715471151593157,0.11247959796633628
D_W,dw,107,107,0.01,0.02,512,512,0,512,,512,512,0,512,0,0.4888473530667226,0.4572132096325831,0.4838470616216118,0.46884925489085333,0.6184768084564387,0.4543173354503383,0.545245970214784,0.03342672107272779,sample,160,0.4907720442682351,0.4562339737703568,0.48357442402886697,0.47045063666798104,0.6193921726043735,0.454375350836043,0.5432583123936028,0.03369515190901261,2.1560427174129013,1.9227376975662551,1.9260103511592521,0.6328109644247704,4.504585253278481,1.8134190945693158,1.7066963232173313,0.1058564416989461
D_W,dw,107,107,0.01,0.02,512,512,0,512,,512,512,0,512,0,0.4888473530667226,0.4572132096325831,0.4838470616216118,0.46884925489085333,0.6184768084564387,0.4543173354503383,0.545245970214784,0.03342672107272779,sample,161,0.4893446648546133,0.4562410886092077,0.4840170509904097,0.47018597309353505,0.6186972505928667,0.455301281904107,0.5453650602531205,0.032901655003129825,2.1522596517811863,1.9118125992164605,1.9209763283918742,0.6285055317087113,4.473536390663883,1.8168825076576245,1.7133148668157583,0.10336359764877852
D_W,dw,107,107,0.01,0.02,512,512,0,512,,512,512,0,512,0,0.4888473530667226,0.4572132096325831,0.4838470616216118,0.46884925489085333,0.6184768084564387,0.4543173354503383,0.545245970214784,0.03342672107272779,sample,162,0.4860327686464876,0.4568073553516512,0.48209874768920635,0.4692399167097066,0.6168134288915038,0.45306308225969716,0.5439620311380289,0.03614410240183119,2.196924474572972,1.9464189591139995,1.9414062652533803,0.625141191315041,4.399631524311568,1.8282778157792052,1.7089071208550137,0.11355004657619007
D_W,dw,107,107,0.01,0.02,512,512,0,512,,512,512,0,512,0,0.4888473530667226,0.4572132096325831,0.4838470616216118,0.46884925489085333,0.6184768084564387,0.4543173354503383,0.545245970214784,0.03342672107272779,sample,163,0.48945171054865577,0.45786413161611267,0.48336198424494214,0.467829754787041,0.6183490818189874,0.4548411526572297,0.5446718528412637,0.033841282980388306,2.1652219855270536,1.936601856740943,1.923602894421145,0.6304437264724867,4.4670904286231945,1.8362084236418375,1.711137091503255,0.1063155259992412
D_W,dw,107,107,0.01,0.02,512,512,0,512,,512,512,0,512,0,0.4888473530667226,0.4572132096325831,0.4838470616216118,0.46884925489085333,0.6184768084564387,0.4543173354503383,0.545245970214784,0.03342672107272779,sample,164,0.4882120909847823,0.45815169834388536,0.48314752248761156,0.468422945918393,0.6166772730308849,0.45542463155082097,0.5459042083595326,0.03429287265626883,2.1598427520958365,1.9405846824427477,1.9240968391073596,0.6214644241303262,4.437821336343429,1.8351007214081372,1.7150086505460593,0.10773423680742446
D_W,dw,107,107,0.01,0.02,512,512,0,512,,512,512,0,512,0,0.4888473530667226,0.4572132096325831,0.4838470616216118,0.46884925489085333,0.6184768084564387,0.4543173354503383,0.545245970214784,0.03342672107272779,sample,165,0.4896519399709944,0.4555775970173739,0.4830974381654033,0.4686833224714552,0.6202009303552477,0.4549264533835028,0.544517814436332,0.03256853091474165,2.176254064830457,1.9256816343113632,1.9188916363354902,0.6374156239838735,4.483523581066888,1.8256664423124063,1.7106531655819506,0.10231705745996443
D_W,dw,107,107,0.01,0.02,512,512,0,512,,512,512,0,512,0,0.4888473530667226,0.4572132096325831,0.4838470616216118,0.46884925489085333,0.6184768084564387,0.4543173354503383,0.545245970214784,0.03342672107272779,sample,166,0.4886867421429038,0.4577567431597195,0.48260351846943367,0.47008177230949494,0.6168673820413973,0.4549467428393364,0.5452309614742037,0.03293246015982411,2.1598915158297594,1.9494030544497574,1.9282196207681441,0.6211876867722919,4.450717450024196,1.8214154564089742,1.7128935830770577,0.10346037490274196
D_W,dw,107,107,0.01,0.02,512,512,0,512,,512,512,0,512,0,0.4888473530667226,0.4572132096325831,0.4838470616216118,0.46884925489085333,0.6184768084564387,0.4543173354503383,0.545245970214784,0.03342672107272779,sample,167,0.48840063597568245,0.45761716871154323,0.48311994010132525,0.4685906659724006,0.6183211623317486,0.4545061321959174,0.5467117648029893,0.033285522108289944,2.173330818059243,1.9375638516565004,1.9266037964546323,0.6299892864999788,4.445249701511579,1.8302702318056705,1.7175456639361821,0.10456955172630433
D_W,dw,107,107,0.01,0.02,512,512,0,512,,512,512,0,512,0,0.4888473530667226,0.4572132096325831,0.4838470616216118,0.46884925489085333,0.6184768084564387,0.4543173354503383,0.545245970214784,0.03342672107272779,sample,168,0.48882881422894653,0.45843722810557763,0.4836975931070442,0.46912155610075257,0.6186557608522638,0.45421367075890157,0.5459126625839891,0.0328480628192603,2.165937077948654,1.9328873589272872,1.9281963316917332,0.6313345468208124,4.449815857592709,1.8253849818144392,1.7150352102755035,0.1031952328376442
D_W,dw,107,107,0.01,0.02,512,512,0,512,,512,512,0,512,0,0.4888473530667226,0.4572132096325831,0.4838470616216118,0.46884925489085333,0.6184768084564387,0.4543173354503383,0.545245970214784,0.03342672107272779,sample,169,0.489177872095589,0.4574727306577893,0.4829348785330179,0.4686904307718182,0.6191074457396251,0.45422287225678737,0.5457953190589694,0.03364592812143684,2.176023146554321,1.941680607155906,1.9266766956894243,0.6337874845204386,4.463202984517569,1.8278491638353689,1.7146665647193555,0.1057018006095162
D_W,dw,107,107,0.01,0.02,512,512,0,512,,512,512,0,512,0,0.4888473530667226,0.4572132096325831,0.4838470616216118,0.46884925489085333,0.6184768084564387,0.4543173354503383,0.545245970214784,0.03342672107272779,sample,170,0.49209988503969904,0.4578110313881815,0.48677094730290005,0.4698374201848294,0.6173738527611136,0.45662154868677934,0.5459256810276508,0.03253389954653811,2.0943444502336677,1.8697677084494186,1.9145315102021274,0.6209106349807526,4.5272772703131094,1.8223323143282923,1.7150761089224724,0.10220825980803243
D_W,dw,107,107,0.01,0.02,512,512,0,512,,512,512,0,512,0,0.4888473530667226,0.4572132096325831,0.4838470616216118,0.46884925489085333,0.6184768084564387,0.4543173354503383,0.545245970214784,0.03342672107272779,sample,171,0.4896572709781718,0.4566221502599671,0.4827173849503579,0.4703722528854949,0.6215521108634126,0.4554170917187447,0.5457614246161971,0.033972475781069794,2.1777463169182933,1.9405294543078662,1.9131145477037144,0.6406878672318204,4.478325785771391,1.809879538559202,1.7145600821869447,0.10672768033806604
D_W,dw,107,107,0.01,0.02,512,512,0,512,,512,512,0,512,0,0.4888473530667226,0.4572132096325831,0.4838470616216118,0.46884925489085333,0.6184768084564387,0.4543173354503383,0.545245970214784,0.03342672107272779,sample,172,0.4893425516937813,0.4581467264629103,0.4848307933348173,0.4676239850694533,0.6175358180953987,0.45540328671472485,0.54481059772201,0.03359755080806552,2.1449428852122305,1.9085661443303235,1.9214827006606454,0.6262031376321264,4.463049602930685,1.8395869704848344,1.7115729714013308,0.10554981879722845
D_W,dw,107,107,0.01,0.02,512,512,0,512,,512,512,0,512,0,0.4888473530667226,0.4572132096325831,0.4838470616216118,0.46884925489085333,0.6184768084564387,0.4543173354503383,0.545245970214784,0.03342672107272779,sample,173,0.4855934616040075,0.4583570175787267,0.4835202153422307,0.4694147663118101,0.6171389795174868,0.45386639089564507,0.5448880344131948,0.034638228362120736,2.181439271420141,1.928682738927241,1.9348704616827135,0.6249675753724321,4.379323537501696,1.8261964246078846,1.7118162459414752,0.10881920375580412
D_W,dw,107,107,0.01,0.02,512,512,0,512,,512,512,0,512,0,0.4888473530667226,0.4572132096325831,0.4838470616216118,0.46884925489085333,0.6184768084564387,0.4543173354503383,0.545245970214784,0.03342672107272779,sample,174,0.48877215164209276,0.4579281881344699,0.48312964521426116,0.46408466170974716,0.6152920373616065,0.45544803443426124,0.5450660617796456,0.033693239639382484,2.1657255904907755,1.9404198529030388,1.9242436510644945,0.6208909683836554,4.451593570721979,1.8727846782796644,1.7123755354080548,0.10585043412672443
D_W,dw,107,107,0.01,0.02,512,512,0,512,,512,512,0,512,0,0.4888473530667226,0.4572132096325831,0.4838470616216118,0.46884925489085333,0.6184768084564387,0.4543173354503383,0.545245970214784,0.03342672107272779,sample,175,0.49001120984002083,0.4560882383621301,0.48321991852397855,0.46988452923504415,0.6181130727280815,0.4542589428157847,0.5447814436469385,0.03478685049491399,2.1595296294394224,1.927472704952218,1.9297941767489653,0.6280239490789429,4.488720868604858,1.8204485750770467,1.7114813811732639,0.10928611395634825
D_W,dw,107,107,0.01,0.02,512,512,0,512,,512,512,0,512,0,0.4888473530667226,0.4572132096325831,0.4838470616216118,0.46884925489085333,0.6184768084564387,0.4543173354503383,0.545245970214784,0.03342672107272779,sample,176,0.4881877553246045,0.45723618628516044,0.48490299830829575,0.46849167494621513,0.6187715299390875,0.45438903227856303,0.5452537314134387,0.03286049678694576,2.162180931235939,1.8987939611094125,1.9262168690480286,0.6322692144805702,4.44288837679645,1.8301084928550717,1.7129651169508813,0.10323429529917981
D_W,dw,107,107,0.01,0.02,512,512,0,512,,512,512,0,512,0,0.4888473530667226,0.4572132096325831,0.4838470616216118,0.46884925489085333,0.6184768084564387,0.4543173354503383,0.545245970214784,0.03342672107272779,sample,177,0.4881529167774006,0.4571447341739058,0.48570323921713454,0.46981252627447895,0.6165917372249414,0.4527875942250895,0.5452910557405268,0.03565909634792783,2.1462929743801924,1.8819005005623728,1.9443969207067042,0.6240103463989672,4.442680744529985,1.8241488162253492,1.7130823747826616,0.11202635512030068
D_W,dw,107,107,0.01,0.02,512,512,0,512,,512,512,0,512,0,0.4888473530667226,0.4572132096325831,0.4838470616216118,0.46884925489085333,0.6184768084564387,0.4543173354503383,0.545245970214784,0.03342672107272779,sample,178,0.4886112534116365,0.4577703228876211,0.48477756648536097,0.46876609631682375,0.6190244541397056,0.4552271555142386,0.5448730019833152,0.03408968782583052,2.1559079119279105,1.9057181583708322,1.9197525070575912,0.6316648733330451,4.448969968732248,1.8274259332505518,1.7117690201701998,0.10709591283679858
D_W,dw,107,107,0.01,0.02,512,512,0,512,,512,512,0,512,0,0.4888473530667226,0.4572132096325831,0.4838470616216118,0.46884925489085333,0.6184768084564387,0.4543173354503383,0.545245970214784,0.03342672107272779,sample,179,0.4891520211361794,0.4564865193949501,0.4848075968829089,0.46956464577993084,0.6185518329686729,0.4544123587207328,0.5460428861449006,0.03346053109691632,2.1520836129344465,1.8974350386101477,1.9273377526949587,0.6300436763791243,4.468067774706385,1.8220953855749913,1.7154443196577875,0.10511935867928512
D_W,dw,107,107,0.01,0.02,512,512,0,512,,512,512,0,512,0,0.4888473530667226,0.4572132096325831,0.4838470616216118,0.46884925489085333,0.6184768084564387,0.4543173354503383,0.545245970214784,0.03342672107272779,sample,180,0.4892174913231151,0.45682885107176713,0.4846820893590522,0.46871818865699977,0.6185827016827206,0.45446478533468176,0.5445477821935989,0.03247283690565133,2.1554931249316764,1.902333703513974,1.9263136755442898,0.6310545298679954,4.467634413125811,1.8287180573955792,1.710747312068025,0.10201642586401373
D_W,dw,107,107,0.01,0.02,512,512,0,512,,512,512,0,512,0,0.4888473530667226,0.4572132096325831,0.4838470616216118,0.46884925489085333,0.6184768084564387,0.4543173354503383,0.545245970214784,0.03342672107272779,sample,181,0.4888329733555762,0.45620914009336067,0.48399371041581746,0.4689382694873998,0.6193498768315796,0.45486228600316597,0.5443417119394921,0.033468701483827815,2.166620130568856,1.9111918612626548,1.9216570094418572,0.63349772410964,4.462702336822911,1.8254058003927527,1.7100999232715997,0.10514502670678327
D_W,dw,107,107,0.01,0.02,512,512,0,512,,512,512,0,512,0,0.4888473530667226,0.4572132096325831,0.4838470616216118,0.46884925489085333,0.6184768084564387,0.4543173354503383,0.545245970214784,0.03342672107272779,sample,182,0.48760247330864737,0.45658232154814815,0.4840349070074724,0.47015631707491745,0.6172339976948344,0.45421736785866906,0.5452136694770511,0.03326574525430153,2.1606873052691102,1.910654822097412,1.9325912385457145,0.6239465213336968,4.434249549706576,1.8200669067215802,1.7128392586658372,0.10450742090710322
D_W,dw,107,107,0.01,0.02,512,512,0,512,,512,512,0,512,0,0.4888473530667226,0.4572132096325831,0.4838470616216118,0.46884925489085333,0.6184768084564387,0.4543173354503383,0.545245970214784,0.03342672107272779,sample,183,0.489785775409267,0.45704386833531396,0.4836464106206487,0.4690918614319005,0.6178065824733244,0.45392372621457816,0.5460590524020157,0.032248494600909526,2.158533918223518,1.9255084217629366,1.932469353631012,0.6281507103424073,4.47894159969726,1.82737688296652,1.7154951074523763,0.10131163372754748
D_W,dw,107,107,0.01,0.02,512,512,0,512,,512,512,0,512,0,0.4888473530667226,0.4572132096325831,0.4838470616216118,0.46884925489085333,0.6184768084564387,0.4543173354503383,0.545245970214784,0.03342672107272779,sample,184,0.4883570357867149,0.4567921943989912,0.4849264305814926,0.4687796437467302,0.6175840894750295,0.4535010709091311,0.5452301018459309,0.03331914737058178,2.158226168665793,1.8957058953262946,1.9358725663977754,0.6282646528184601,4.449176446787099,1.8303233360752675,1.7128908824751912,0.10467518860329539
D_W,dw,107,107,0.01,0.02,512,512,0,512,,512,512,0,512,0,0.4888473530667226,0.4572132096325831,0.4838470616216118,0.46884925489085333,0.6184768084564387,0.4543173354503383,0.545245970214784,0.03342672107272779,sample,185,0.49022328042099617,0.4571282608249239,0.48568392685443784,0.4697031854050645,0.6167047889318634,0.45253884476947487,0.543791865131557,0.033565298180671235,2.135598798916585,1.8855433797630041,1.945798667966608,0.6250636116508266,4.488177410225489,1.8247916947521203,1.7083725285791909,0.1054484941799476
D_W,dw,107,107,0.01,0.02,512,512,0,512,,512,512,0,512,0,0.4888473530667226,0.4572132096325831,0.4838470616216118,0.46884925489085333,0.6184768084564387,0.4543173354503383,0.545245970214784,0.03342672107272779,sample,186,0.48886039062202813,0.4565911958313638,0.48511949558039413,0.4669586914268697,0.6205765090634644,0.45456623423728976,0.5459996033283772,0.03425301635685417,2.171930900065806,1.8913827747608518,1.9193648023240255,0.6416730902851343,4.461188590339096,1.8382584131171458,1.715308342679371,0.10760902454998407
D_W,dw,107,107,0.01,0.02,512,512,0,512,,512,512,0,512,0,0.4888473530667226,0.4572132096325831,0.4838470616216118,0.46884925489085333,0.6184768084564387,0.4543173354503383,0.545245970214784,0.03342672107272779,sample,187,0.48887567567385737,0.4576219263841894,0.4853277462470115,0.46814175482552994,0.6179707680036236,0.4547462825230958,0.5452085414106964,0.032820292882478175,2.1480568744290927,1.8939357371735608,1.9254707144703167,0.6285806835878356,4.455678883833071,1.8345566537319744,1.7128231483702503,0.1031079910082588
D_W,dw,107,107,0.01,0.02,512,512,0,512,,512,512,0,512,0,0.4888473530667226,0.4572132096325831,0.4838470616216118,0.46884925489085333,0.6184768084564387,0.4543173354503383,0.545245970214784,0.03342672107272779,sample,188,0.4882815253030483,0.45819062255007614,0.48359741239789644,0.4682660937485176,0.6190752399687017,0.45497426594854157,0.5445484770944987,0.03338060503341537,2.1721951531967405,1.9319851218975046,1.9211027534211635,0.6328846124564437,4.439117494728142,1.8312458924653372,1.7107494951635869,0.10486826354536019
D_W,dw,107,107,0.01,0.02,512,512,0,512,,512,512,0,512,0,0.4888473530667226,0.4572132096325831,0.4838470616216118,0.46884925489085333,0.6184768084564387,0.4543173354503383,0.545245970214784,0.03342672107272779,sample,189,0.48824427744347326,0.45591302602280287,0.4833376424424601,0.4700689457354882,0.6180573849422822,0.4549906760347398,0.546017458749067,0.03451054662975328,2.164746438218446,1.9209328929967138,1.9247869048803858,0.6263426873810941,4.451803611216436,1.819094298553206,1.715364437137837,0.1084180797634009
D_W,dw,107,107,0.01,0.02,512,512,0,512,,512,512,0,512,0,0.4888473530667226,0.4572132096325831,0.4838470616216118,0.46884925489085333,0.6184768084564387,0.4543173354503383,0.545245970214784,0.03342672107272779,sample,190,0.4903002840669792,0.45643265543924927,0.482155031881131,0.4691135313465897,0.6187717671456567,0.4546925967124186,0.5444909858857144,0.0328022336873487,2.171833787058834,1.9511356251398593,1.9244610274727987,0.6310472062229467,4.493324525206055,1.8252101983805142,1.7105688812044242,0.1030512563735103
D_W,dw,107,107,0.01,0.02,512,512,0,512,,512,512,0,512,0,0.4888473530667226,0.4572132096325831,0.4838470616216118,0.46884925489085333,0.6184768084564387,0.4543173354503383,0.545245970214784,0.03342672107272779,sample,191,0.4881115381080246,0.4574673155159308,0.4850132335074955,0.46923489540031704,0.6184228376623855,0.45424026902268877,0.5448974030551329,0.034635110689796356,2.157356467487379,1.8979535888975416,1.9286856795638934,0.6301421357836654,4.439831413501475,1.8249679540434287,1.711845678398162,0.10880940929933354
D_W,dw,107,107,0.01,0.02,512,512,0,512,,512,512,0,512,0,0.4888473530667226,0.4572132096325831,0.4838470616216118,0.46884925489085333,0.6184768084564387,0.4543173354503383,0.545245970214784,0.03342672107272779,sample,192,0.48864299514085163,0.45702522285886005,0.4846718500993845,0.46818811881322675,0.6185141611080018,0.4546021504486572,0.5450431400979299,0.03242744810653949,2.1600125169241537,1.9028663069279734,1.9251430111646843,0.6311412195183761,4.454024156674766,1.8330373727248275,1.7123035248211689,0.10187383274616871
D_W,dw,107,107,0.01,0.02,512,512,0,512,,512,512,0,512,0,0.4888473530667226,0.4572132096325831,0.4838470616216118,0.46884925489085333,0.6184768084564387,0.4543173354503383,0.545245970214784,0.03342672107272779,sample,193,0.4889937911034942,0.4563149658491804,0.48217739201992704,0.46723446735419927,0.6186118037039244,0.4527405644870703,0.5452429064114432,0.03310493767812944,2.196760188885217,1.9475183695517841,1.9374808262233272,0.6358653741707783,4.465580935068772,1.8403166191800546,1.7129311092041373,0.1040022290071594
D_W,dw,107,107,0.01,0.02,512,512,0,512,,512,512,0,512,0,0.4888473530667226,0.4572132096325831,0.4838470616216118,0.46884925489085333,0.6184768084564387,0.4543173354503383,0.545245970214784,0.03342672107272779,sample,194,0.49054749755870924,0.45697429803766215,0.48508871600847664,0.4690213534333787,0.6171670362499538,0.45456942237515163,0.5445176680229858,0.035199676948088864,2.13319722419045,1.8971845731573445,1.9294449455630736,0.6243421457837725,4.496130259854358,1.8292788089791643,1.7106527056108582,0.11058304650884997
D_W,dw,107,107,0.01,0.02,512,512,0,512,,512,512,0,512,0,0.4888473530667226,0.4572132096325831,0.4838470616216118,0.46884925489085333,0.6184768084564387,0.4543173354503383,0.545245970214784,0.03342672107272779,sample,195,0.49062440230498316,0.45596912295246506,0.4842859949274072,0.46707260846110316,0.6168108813623571,0.4556008100511696,0.5449275609299851,0.03371491664866251,2.1412875109868503,1.9066339473551972,1.921510222221587,0.6233827206970693,4.502589962893527,1.8455533720985615,1.7119404221562455,0.10591853445983035
D_W,dw,107,107,0.01,0.02,512,512,0,512,,512,512,0,512,0,0.4888473530667226,0.4572132096325831,0.4838470616216118,0.46884925489085333,0.6184768084564387,0.4543173354503383,0.545245970214784,0.03342672107272779,sample,196,0.4899476671375848,0.45663072801048044,0.4830739454986091,0.4721084333883745,0.6160881593533638,0.45519856857626034,0.5447127278153591,0.034399337239913924,2.1358779514682134,1.934116579359461,1.929783669011725,0.6151401278703715,4.484626240078702,1.8065889686768257,1.7112655040215885,0.10806870516127137
D_W,dw,107,107,0.01,0.02,512,512,0,512,,512,512,0,512,0,0.4888473530667226,0.4572132096325831,0.4838470616216118,0.46884925489085333,0.6184768084564387,0.4543173354503383,0.545245970214784,0.03342672107272779,sample,197,0.48967254456016096,0.4585519800128971,0.4847601713395617,0.4689712416077203,0.6175552679688514,0.45423311001900024,0.5471531783511377,0.03352541833026867,2.1444981629359665,1.9134957815047158,1.930820264976541,0.6266654432024986,4.468195001359325,1.828861061491197,1.7189324054962403,0.10532320793489663
D_W,dw,107,107,0.01,0.02,512,512,0,512,,512,512,0,512,0,0.4888473530667226,0.4572132096325831,0.4838470616216118,0.46884925489085333,0.6184768084564387,0.4543173354503383,0.545245970214784,0.03342672107272779,sample,198,0.4882876403930779,0.4571500804503852,0.48482098630506054,0.4692433824399403,0.6182835091233655,0.45478842068755504,0.5457994676703417,0.032645949931128876,2.1544660276682146,1.9000596970877421,1.9251139578206664,0.6286009719617438,4.445571867466374,1.825187391229537,1.7146795979663654,0.1025602764730947
D_W,dw,107,107,0.01,0.02,512,512,0,512,,512,512,0,512,0,0.4888473530667226,0.4572132096325831,0.4838470616216118,0.46884925489085333,0.6184768084564387,0.4543173354503383,0.545245970214784,0.03342672107272779,sample,199,0.488384686893852,0.45784659228585,0.48466925667662675,0.4688620430504932,0.618651138752002,0.45450489871049166,0.5444222324858977,0.03204702551089631,2.1596564268250167,1.9080251228161929,1.9259475541288988,0.6311209859555273,4.443512798208966,1.827441838524146,1.7103528860286508,0.10067869991443654
D_W,dw,107,107,0.01,0.02,512,512,0,512,,512,512,0,512,0,0.4888473530667226,0.4572132096325831,0.4838470616216118,0.46884925489085333,0.6184768084564387,0.4543173354503383,0.545245970214784,0.03342672107272779,sample,200,0.4882263045201728,0.4559411790982807,0.4835935796070087,0.46848382367308455,0.6192619353999873,0.45397002456977,0.5454521228685698,0.03318578793344914,2.1808360916375,1.9161322500761409,1.9279421049231098,0.6351265128172717,4.451263763027331,1.8291506227067094,1.713588382088856,0.10425622757531261
D_W,dw,107,107,0.01,0.02,512,512,0,512,,512,512,0,512,0,0.4888473530667226,0.4572132096325831,0.4838470616216118,0.46884925489085333,0.6184768084564387,0.4543173354503383,0.545245970214784,0.03342672107272779,sample,201,0.48835462144145775,0.45686102480359003,0.4837522279678673,0.46782430740947023,0.6177195011861492,0.4542042272440416,0.5438711841907299,0.03479341366055853,2.1696913680599725,1.919554387242881,1.9297947303417107,0.6287742653774047,4.448723485484443,1.8376047161203726,1.7086217167527782,0.10930673274932141
D_W,dw,107,107,0.01,0.02,512,512,0,512,,512,512,0,512,0,0.4888473530667226,0.4572132096325831,0.4838470616216118,0.46884925489085333,0.6184768084564387,0.4543173354503383,0.545245970214784,0.03342672107272779,sample,202,0.4886882626723471,0.4588845717601544,0.4850770240784051,0.4690398080635396,0.6176869223541698,0.45500066078148327,0.5460104995142021,0.03418306532759588,2.1440435383238157,1.9074270959069548,1.9249854112241522,0.6258675711941182,4.443909837175248,1.8280401685914833,1.7153425740567105,0.10738926691035519
D_W,dw,107,107,0.01,0.02,512,512,0,512,,512,512,0,512,0,0.4888473530667226,0.4572132096325831,0.4838470616216118,0.46884925489085333,0.6184768084564387,0.4543173354503383,0.545245970214784,0.03342672107272779,sample,203,0.4871830098096842,0.4581583818243226,0.48414399986337087,0.468250661939438,0.6173953670784953,0.45250371760700675,0.5467269028628949,0.035883045039657537,2.178227808061423,1.9184170208814861,1.9431323545871093,0.6297944878317455,4.415142717764054,1.8349256409061099,1.717593221553971,0.11272991068501978
D_W,dw,107,107,0.01,0.02,512,512,0,512,,512,512,0,512,0,0.4888473530667226,0.4572132096325831,0.4838470616216118,0.46884925489085333,0.6184768084564387,0.4543173354503383,0.545245970214784,0.03342672107272779,sample,204,0.4896284911090878,0.4571637604311797,0.48588270682315915,0.4695528695897737,0.6204316528416468,0.4557822290219807,0.5467829400788999,0.03329142938404913,2.1421455383476444,1.8807798647556109,1.912771752379649,0.6360524869732396,4.47484045927647,1.8184242191075317,1.7177692676601002,0.10458810998043212
D_W,dw,107,107,0.01,0.02,512,512,0,512,,512,512,0,512,0,0.4888473530667226,0.4572132096325831,0.4838470616216118,0.46884925489085333,0.6184768084564387,0.4543173354503383,0.545245970214784,0.03342672107272779,sample,205,0.4908531568516773,0.45762052920489465,0.48410282319306686,0.4682867677164106,0.6193640602473864,0.4547571658365334,0.5446805379972414,0.034038341248248276,2.1544917379479225,1.9222456745811753,1.921938705722003,0.6344847541012115,4.49981777940276,1.830481937881119,1.7111643767254696,0.10693460280587921
D_W,dw,107,107,0.01,0.02,512,512,0,512,,512,512,0,512,0,0.4888473530667226,0.4572132096325831,0.4838470616216118,0.46884925489085333,0.6184768084564387,0.4543173354503383,0.545245970214784,0.03342672107272779,sample,206,0.4890167902713792,0.45726444038717395,0.4848356652238799,0.4690177826376672,0.618547008347848,0.4552807290721144,0.5446552754020776,0.03435730790977729,2.1491229369875513,1.9018232219263818,1.9207444091134995,0.6291940730072548,4.460829258759792,1.8264281459549712,1.7110850119420924,0.10793666612647883
D_W,dw,107,107,0.01,0.02,512,512,0,512,,512,512,0,512,0,0.4888473530667226,0.4572132096325831,0.4838470616216118,0.46884925489085333,0.6184768084564387,0.4543173354503383,0.545245970214784,0.03342672107272779,sample,207,0.4891835113129916,0.4563182833233664,0.48445738116663706,0.4690678971220976,0.6192054685032811,0.45504229720768713,0.5462765371031428,0.03339918267872652,2.157558641083391,1.903352954279089,1.9208194989929264,0.6324186631789224,4.469651093985506,1.8246824994463644,1.7161783557917056,0.1049266269393907
D_W,dw,107,107,0.01,0.02,512,512,0,512,,512,512,0,512,0,0.4888473530667226,0.4572132096325831,0.4838470616216118,0.46884925489085333,0.6184768084564387,0.4543173354503383,0.545245970214784,0.03342672107272779,sample,208,0.48869322171684765,0.45649651413285675,0.484387154583589,0.4690373007602969,0.6205850180038527,0.45373164501390256,0.545026418326988,0.03231824655984071,2.1764749181342156,1.905105863529592,1.9266207536954756,0.6406849838078299,4.458109805414122,1.822137189921648,1.7122509918284228,0.10153076596929918
D_W,dw,107,107,0.01,0.02,512,512,0,512,,512,512,0,512,0,0.4888473530667226,0.4572132096325831,0.4838470616216118,0.46884925489085333,0.6184768084564387,0.4543173354503383,0.545245970214784,0.03342672107272779,sample,209,0.486037894744915,0.45715514537599555,0.4806245742934105,0.4669062938312855,0.6184477425180214,0.4525340404866498,0.5444074702603958,0.032695085386626715,2.23170671534761,1.9768678631773309,1.939134319303131,0.6359071651862264,4.397365070248138,1.8432439188061158,1.7103065091294634,0.10271464005911748
D_W,dw,107,107,0.01,0.02,512,512,0,512,,512,512,0,512,0,0.4888473530667226,0.4572132096325831,0.4838470616216118,0.46884925489085333,0.6184768084564387,0.4543173354503383,0.545245970214784,0.03342672107272779,sample,210,0.4858925608182905,0.4563670714251382,0.48359077061412253,0.46697418324534556,0.6197382594597726,0.4508089234358492,0.5462494170813162,0.03356356397921355,2.222212098671662,1.9144346980099776,1.9478788082859606,0.6444425125870589,4.3996764886225534,1.8399216986373024,1.71609315573037,0.10544304602538829
D_W,dw,107,107,0.01,0.02,512,512,0,512,,512,512,0,512,0,0.4888473530667226,0.4572132096325831,0.4838470616216118,0.46884925489085333,0.6184768084564387,0.4543173354503383,0.545245970214784,0.03342672107272779,sample,211,0.4883154498092107,0.4570758245472365,0.4840785734081293,0.46925110485368077,0.6184082997222725,0.4516474588549094,0.542942684540273,0.031177306521819683,2.1792910122159546,1.9144886015541978,1.9471966663087361,0.6345501452097614,4.446614977134266,1.8248695918961164,1.705704749072042,0.09794639712766585
D_W,dw,107,107,0.01,0.02,512,512,0,512,,512,512,0,512,0,0.4888473530667226,0.4572132096325831,0.4838470616216118,0.46884925489085333,0.6184768084564387,0.4543173354503383,0.545245970214784,0.03342672107272779,sample,212,0.49029390503452974,0.4574981869794931,0.48360403654511097,0.46813362349321336,0.6195758683400655,0.4534134028980909,0.5445906531692912,0.03377203088030274,2.1719578216969846,1.9305210400980808,1.9308463035254853,0.6378452031717409,4.487870233397574,1.8312384847230603,1.7108819952103123,0.10609796411036673
D_W,dw,107,107,0.01,0.02,512,512,0,512,,512,512,0,512,0,0.4888473530667226,0.4572132096325831,0.4838470616216118,0.46884925489085333,0.6184768084564387,0.4543173354503383,0.545245970214784,0.03342672107272779,sample,213,0.4886839897131973,0.45812756421305945,0.4835567765270807,0.4678811944445145,0.6181769126810415,0.45495475933746227,0.5452347983141937,0.03421675923370572,2.1662726513965436,1.9331551624966694,1.9232615538534108,0.6294412532416371,4.448444491891283,1.8361718634008775,1.7129056368653837,0.10749511943826061
D_W,dw,107,107,0.01,0.02,512,512,0,512,,512,512,0,512,0,0.4888473530667226,0.4572132096325831,0.4838470616216118,0.46884925489085333,0.6184768084564387,0.4543173354503383,0.545245970214784,0.03342672107272779,sample,214,0.4854319837488532,0.45706748649869533,0.4813639645429553,0.46807524677573226,0.6208094635749339,0.4541116962895718,0.5446352275377591,0.03111263799059335,2.229245012662873,1.9607984060699013,1.922741436371531,0.6421299061219374,4.385256883716385,1.8291477357884571,1.7110220297188292,0.09774323494504676
D_W,dw,107,107,0.01,0.02,512,512,0,512,,512,512,0,512,0,0.4888473530667226,0.4572132096325831,0.4838470616216118,0.46884925489085333,0.6184768084564387,0.4543173354503383,0.545245970214784,0.03342672107272779,sample,215,0.4889308184108131,0.45785061773387886,0.48288559268482584,0.46885767663123423,0.618142980756887,0.45478765343976285,0.5451800997215683,0.033678402582244485,2.1683226621513296,1.9450152415434765,1.9252213676128649,0.6284291771864277,4.455570368303754,1.8285321516324675,1.71273379616863,0.10580382213701879
D_W,dw,107,107,0.01,0.02,512,512,0,512,,512,512,0,512,0,0.4888473530667226,0.4572132096325831,0.4838470616216118,0.46884925489085333,0.6184768084564387,0.4543173354503383,0.545245970214784,0.03342672107272779,sample,216,0.4888707386651852,0.45652995395773444,0.4845289400907577,0.46823549844113704,0.6188858202609187,0.4547637960866821,0.5447872875204149,0.033640819676565695,2.1615037006835247,1.9028144050291145,1.9230689972025061,0.6324407801082993,4.461751210949865,1.831882527549042,1.711499740243246,0.10568575195663775
D_W,dw,107,107,0.01,0.02,512,512,0,512,,512,512,0,512,0,0.4888473530667226,0.4572132096325831,0.4838470616216118,0.46884925489085333,0.6184768084564387,0.4543173354503383,0.545245970214784,0.03342672107272779,sample,217,0.4902773989315202,0.4577597906982865,0.48526427749091167,0.4673412478995149,0.6172589390903332,0.45479601031562555,0.5446258176451638,0.03419660895504096,2.1380311853621037,1.8985042195727029,1.9263813095108504,0.6263501208628847,4.4861552703824845,1.8424304564954117,1.710992467669381,0.1074318154708396
D_W,dw,107,107,0.01,0.02,512,512,0,512,,512,512,0,512,0,0.4888473530667226,0.4572132096325831,0.4838470616216118,0.46884925489085333,0.6184768084564387,0.4543173354503383,0.545245970214784,0.03342672107272779,sample,218,0.4874077514306385,0.45792798028075166,0.4833077167236219,0.4695814818005088,0.6183948773601848,0.45433734330119846,0.5433552428241519,0.03099870268787313,2.1754135604959943,1.9340265805112238,1.9282943029225643,0.6294641248684592,4.421572481177176,1.8222812637296315,1.7070008391458538,0.0973852966350364
D_W,dw,107,107,0.01,0.02,512,512,0,512,,512,512,0,512,0,0.4888473530667226,0.4572132096325831,0.4838470616216118,0.46884925489085333,0.6184768084564387,0.4543173354503383,0.545245970214784,0.03342672107272779,sample,219,0.4875105747579634,0.4579736865629508,0.48435927328195605,0.4687921056601363,0.6199718161635729,0.45426128207358735,0.5447687752473708,0.03365657035913189,2.177630914446591,1.913467453754606,1.9242669730483397,0.6373896514461369,4.423520352721237,1.8252832285696556,1.711441582222249,0.10573523418527672
D_W,dw,107,107,0.01,0.02,512,512,0,512,,512,512,0,512,0,0.4888473530667226,0.4572132096325831,0.4838470616216118,0.46884925489085333,0.6184768084564387,0.4543173354503383,0.545245970214784,0.03342672107272779,sample,220,0.4897379811370933,0.4569448979454118,0.4843399586947566,0.468744561199914,0.6190004763817766,0.45509380773037933,0.5440783688630608,0.034323564624491515,2.15412511034999,1.9108612759328694,1.9207555260231484,0.6318047862978373,4.478408338894493,1.82764469689404,1.7092726065973096,0.10783065846931705
D_W,dw,107,107,0.01,0.02,512,512,0,512,,512,512,0,512,0,0.4888473530667226,0.4572132096325831,0.4838470616216118,0.46884925489085333,0.6184768084564387,0.4543173354503383,0.545245970214784,0.03342672107272779,sample,221,0.4897582968755689,0.4581360671923465,0.48425257405462824,0.46965010255380957,0.6187916996491333,0.45330812716655267,0.5451379565717674,0.034100344429177525,2.158978341171232,1.9211083762013301,1.934663291251982,0.6328744069394031,4.472458857723868,1.8209338046969943,1.7126013995588163,0.10712939154358574
D_W,dw,107,107,0.01,0.02,512,512,0,512,,512,512,0,512,0,0.4888473530667226,0.4572132096325831,0.4838470616216118,0.46884925489085333,0.6184768084564387,0.4543173354503383,0.545245970214784,0.03342672107272779,sample,222,0.4847323455673492,0.4563297334665166,0.48281942251115334,0.4683970124517452,0.6201757162104897,0.4542506957957465,0.5477542607018796,0.035694114294467935,2.215952290788839,1.9263840644866692,1.923564949915565,0.6387526713753182,4.376059753526617,1.827947261534238,1.7208207613935333,0.11213636724389489
D_W,dw,107,107,0.01,0.02,512,512,0,512,,512,512,0,512,0,0.4888473530667226,0.4572132096325831,0.4838470616216118,0.46884925489085333,0.6184768084564387,0.4543173354503383,0.545245970214784,0.03342672107272779,sample,223,0.48977696308694135,0.4576695948585759,0.4834508647732287,0.467760841241153,0.6168688136829392,0.4532499259799278,0.5452973782961973,0.03382895037183181,2.163027096741208,1.9339660821116567,1.9388437179779276,0.6267883254722966,4.475420729522419,1.8399597326565442,1.7131022376771077,0.10627678196680052
D_W,dw,107,107,0.01,0.02,512,512,0,512,,512,512,0,512,0,0.4888473530667226,0.4572132096325831,0.4838470616216118,0.46884925489085333,0.6184768084564387,0.4543173354503383,0.545245970214784,0.03342672107272779,sample,224,0.4891163663628049,0.4565760369091445,0.4844788263472471,0.4680622731424217,0.6189744930149318,0.4541401389603956,0.5442589286108822,0.033617606233892386,2.1648757704275954,1.9045365745287228,1.927179771447985,0.6340748428448421,4.466811272114217,1.8330552655064352,1.7098398517745992,0.10561282477567076
D_W,dw,107,107,0.01,0.02,512,512,0,512,,512,512,0,512,0,0.4888473530667226,0.4572132096325831,0.4838470616216118,0.46884925489085333,0.6184768084564387,0.4543173354503383,0.545245970214784,0.03342672107272779,sample,225,0.48944691344462377,0.45803343362083665,0.4838624228220139,0.4689428427867741,0.6192007466159911,0.4540631927756345,0.5456852939294982,0.03413533448336117,2.1655041607665124,1.927745768442699,1.9277453396568698,0.6341753885174788,4.466032777859649,1.8256747980557282,1.7143209105808983,0.10723931604075777
D_W,dw,107,107,0.01,0.02,512,512,0,512,,512,512,0,512,0,0.4888473530667226,0.4572132096325831,0.4838470616216118,0.46884925489085333,0.6184768084564387,0.4543173354503383,0.545245970214784,0.03342672107272779,sample,226,0.4884252634031452,0.45706860162376883,0.48295092009459556,0.4709075081304315,0.6162852129555388,0.454444308829403,0.5447803325375622,0.031539331062241376,2.1555096261590356,1.9369392699789392,1.9339826804855218,0.6185799624406945,4.449040632854958,1.8159464767770817,1.71147789052021,0.09908373076427388
D_W,dw,107,107,0.01,0.02,512,512,0,512,,512,512,0,512,0,0.4888473530667226,0.4572132096325831,0.4838470616216118,0.46884925489085333,0.6184768084564387,0.4543173354503383,0.545245970214784,0.03342672107272779,sample,227,0.4876678429598695,0.45795280360287355,0.4826323663518145,0.4704525383550824,0.6168033925024555,0.4543307097574401,0.5451788768374913,0.03387388197516469,2.1676325740715825,1.9481566544833653,1.9331152427935039,0.6215413495816763,4.427096508632692,1.8185659706728732,1.7127299543649974,0.10641793876174509
D_W,dw,107,107,0.01,0.02,512,512,0,512,,512,512,0,512,0,0.4888473530667226,0.4572132096325831,0.4838470616216118,0.46884925489085333,0.6184768084564387,0.4543173354503383,0.545245970214784,0.03342672107272779,sample,228,0.488632820117112,0.45814532570664507,0.48399090252488236,0.46905522637042396,0.6191097290101552,0.4542270304179958,0.5440843536242981,0.033240293732754535,2.1675423949675423,1.9244033438146455,1.9268859036331727,0.6333734464383702,4.447198692268145,1.8249775594771107,1.7092914082792459,0.10442746259398848
D_W,dw,107,107,0.01,0.02,512,512,0,512,,512,512,0,512,0,0.4888473530667226,0.4572132096325831,0.4838470616216118,0.46884925489085333,0.6184768084564387,0.4543173354503383,0.545245970214784,0.03342672107272779,sample,229,0.48945356396542944,0.4578949081931189,0.48337795944541084,0.4681425223958233,0.6192125191326551,0.45428555234586443,0.5459128586375633,0.033344644369810675,2.171966663648261,1.936514117966941,1.9255896261555314,0.634776475017432,4.466959662027519,1.8319270533134342,1.7150358261959722,0.10475528978876147
D_W,dw,107,107,0.01,0.02,512,512,0,512,,512,512,0,512,0,0.4888473530667226,0.4572132096325831,0.4838470616216118,0.46884925489085333,0.6184768084564387,0.4543173354503383,0.545245970214784,0.03342672107272779,sample,230,0.488608025129055,0.45786661858622096,0.4820253844575762,0.4692479912083149,0.6186474954886475,0.45454177213542823,0.5441349688975531,0.03139675836329022,2.181482764764314,1.9614545464385673,1.9259515550659727,0.6306026645254322,4.448324078772453,1.8244036642403403,1.7094504208498633,0.09863582542064646
D_W,dw,107,107,0.01,0.02,512,512,0,512,,512,512,0,512,0,0.4888473530667226,0.4572132096325831,0.4838470616216118,0.46884925489085333,0.6184768084564387,0.4543173354503383,0.545245970214784,0.03342672107272779,sample,231,0.4887661016406828,0.45714368995664845,0.48449512089079244,0.470178582216856,0.6193455420245592,0.45534035175472165,0.5441794288436788,0.03354398802265025,2.1540468685767182,1.9074390255366416,1.919042701830912,0.6312995996649399,4.45602740148882,1.8156569487773926,1.7095900958899908,0.10538154634406202
D_W,dw,107,107,0.01,0.02,512,512,0,512,,512,512,0,512,0,0.4888473530667226,0.4572132096325831,0.4838470616216118,0.46884925489085333,0.6184768084564387,0.4543173354503383,0.545245970214784,0.03342672107272779,sample,232,0.4888819002301098,0.4588242030235994,0.48572215052872625,0.4712328034239147,0.6171386788011196,0.45539884369740746,0.5454553608432261,0.03198664613392196,2.123305556321573,1.8938344337515827,1.9249720907792325,0.6203518414542463,4.448662781514746,1.8116129361378899,1.7135985544862489,0.10048901250730558
D_W,dw,107,107,0.01,0.02,512,512,0,512,,512,512,0,512,0,0.4888473530667226,0.4572132096325831,0.4838470616216118,0.46884925489085333,0.6184768084564387,0.4543173354503383,0.545245970214784,0.03342672107272779,sample,233,0.4918602663476391,0.4574585912623142,0.4840932511692335,0.4685647094808467,0.6194352717891375,0.4536338388691605,0.5454075562354297,0.0314347745756099,2.1544695540643266,1.922755306890588,1.9299402006173232,0.6363589974339259,4.523337204106343,1.828158847861093,1.7134483718815878,0.09875525687398727
D_W,dw,107,107,0.01,0.02,512,512,0,512,,512,512,0,512,0,0.4888473530667226,0.4572132096325831,0.4838470616216118,0.46884925489085333,0.6184768084564387,0.4543173354503383,0.545245970214784,0.03342672107272779,sample,234,0.48736853828525334,0.45739678766140945,0.4845841828896456,0.4676153811442243,0.6177239580463647,0.45543988164374494,0.54662615383958,0.033098085421419156,2.162283928873884,1.904723939268859,1.9207327957398257,0.6269747683698911,4.424154710737197,1.8392456966331348,1.7172767091624688,0.10398070200781785
D_W,dw,107,107,0.01,0.02,512,512,0,512,,512,512,0,512,0,0.4888473530667226,0.4572132096325831,0.4838470616216118,0.46884925489085333,0.6184768084564387,0.4543173354503383,0.545245970214784,0.03342672107272779,sample,235,0.4881031004645331,0.4561973469726064,0.48288162352960795,0.470271417340955,0.6165078464971478,0.4552959486336931,0.5461944518540465,0.03531650539135323,2.1584092348134933,1.9314451666311734,1.926747579282986,0.618812663690511,4.447184357647245,1.8206290834155558,1.7159204773761763,0.11095007388793963
D_W,dw,107,107,0.01,0.02,512,512,0,512,,512,512,0,512,0,0.4888473530667226,0.4572132096325831,0.4838470616216118,0.46884925489085333,0.6184768084564387,0.4543173354503383,0.545245970214784,0.03342672107272779,sample,236,0.4893011592080896,0.45684720712730165,0.48221321440494425,0.47051459719518485,0.6168851291543994,0.45725340379643054,0.5449275236550191,0.03135448477760797,2.1467135959524404,1.951362199512877,1.911568507766503,0.6169763011095928,4.46936017939371,1.817900594306655,1.711940305053486,0.09850301903442621
D_W,dw,107,107,0.01,0.02,512,512,0,512,,512,512,0,512,0,0.4888473530667226,0.4572132096325831,0.4838470616216118,0.46884925489085333,0.6184768084564387,0.4543173354503383,0.545245970214784,0.03342672107272779,sample,237,0.4912737841972772,0.45909150596427994,0.4872330578187578,0.46790258493237136,0.6163599588032893,0.45825598523147926,0.5474191772644152,0.0333197412201328,2.086986718654586,1.8670339828494955,1.9037538960348899,0.6161016855267125,4.502228128342083,1.8399487740880967,1.7197680657280556,0.10467705423668222
D_W,dw,107,107,0.01,0.02,512,512,0,512,,512,512,0,512,0,0.4888473530667226,0.4572132096325831,0.4838470616216118,0.46884925489085333,0.6184768084564387,0.4543173354503383,0.545245970214784,0.03342672107272779,sample,238,0.4883670595447799,0.45670142244485534,0.4851734593013093,0.46847489299250983,0.6195516097033704,0.4543344857614429,0.5459534658712524,0.03422510489636548,2.1639898836017033,1.8901734045972127,1.9246024182964554,0.6357915322296895,4.449919094919251,1.828621866084569,1.7151633975830123,0.10752133811076185
D_W,dw,107,107,0.01,0.02,512,512,0,512,,512,512,0,512,0,0.4888473530667226,0.4572132096325831,0.4838470616216118,0.46884925489085333,0.6184768084564387,0.4543173354503383,0.545245970214784,0.03342672107272779,sample,239,0.4876574754577191,0.4580052408040569,0.4832967231219812,0.46920177598351454,0.6195419534924673,0.45650932521324616,0.5473602017848906,0.0325762862425299,2.170288578695903,1.9353461935509009,1.9095244360954597,0.6313565174712735,4.426532064430693,1.8229481207055118,1.7195827887948392,0.10234142154077018
D_W,dw,107,107,0.01,0.02,512,512,0,512,,512,512,0,512,0,0.4888473530667226,0.4572132096325831,0.4838470616216118,0.46884925489085333,0.6184768084564387,0.4543173354503383,0.545245970214784,0.03342672107272779,sample,240,0.48745014309710205,0.4564649847141339,0.48385974851591257,0.4687961639349276,0.617861578703096,0.45397904342606454,0.5444520257059926,0.03332596955184588,2.1735995566574045,1.9130154344138137,1.9317233284058444,0.6286364082043469,4.431727706913453,1.829608313118711,1.7104464841900275,0.10469662111783615
D_W,dw,107,107,0.01,0.02,512,512,0,512,,512,512,0,512,0,0.4888473530667226,0.4572132096325831,0.4838470616216118,0.46884925489085333,0.6184768084564387,0.4543173354503383,0.545245970214784,0.03342672107272779,sample,241,0.48887170042762945,0.4553869164969231,0.48153804846521164,0.470106829195552,0.6175697939820005,0.4523514802167,0.5420882360973935,0.033646375302303404,2.191222855631623,1.9526130414187501,1.9450641697648772,0.628704513279224,4.467937191772713,1.8197793666998838,1.7030204201210208,0.10570320546964143
D_W,dw,107,107,0.01,0.02,512,512,0,512,,512,512,0,512,0,0.4888473530667226,0.4572132096325831,0.4838470616216118,0.46884925489085333,0.6184768084564387,0.4543173354503383,0.545245970214784,0.03342672107272779,sample,242,0.4883723855765658,0.4583342114950788,0.48422097455938806,0.46883935379961333,0.6186158791506915,0.4546669196824104,0.5450245009374002,0.03413431027134203,2.1624596958645985,1.9205655323709434,1.924861101550762,0.6307214006923564,4.440244147171948,1.8276937642062114,1.7122449681713796,0.10723609838380276
D_W,dw,107,107,0.01,0.02,512,512,0,512,,512,512,0,512,0,0.4888473530667226,0.4572132096325831,0.4838470616216118,0.46884925489085333,0.6184768084564387,0.4543173354503383,0.545245970214784,0.03342672107272779,sample,243,0.488563940240166,0.4567378181803298,0.4847670955501801,0.46900800094073297,0.618420722012491,0.4543613722511628,0.5456070929125857,0.03303665250009907,2.1576177930426064,1.898905820330289,1.927669400273014,0.6301872340000338,4.453957134929091,1.8267663250897093,1.714075234840663,0.10378770479351011
D_W,dw,107,107,0.01,0.02,512,512,0,512,,512,512,0,512,0,0.4888473530667226,0.4572132096325831,0.4838470616216118,0.46884925489085333,0.6184768084564387,0.4543173354503383,0.545245970214784,0.03342672107272779,sample,244,0.4894502361204548,0.45750363499979774,0.48334418901266113,0.47147804373826807,0.6215791437763639,0.45634193503776216,0.5427977490631398,0.03175958815195112,2.1635224761170537,1.934283023040827,1.9071151171489167,0.6381525125397323,4.469057138342716,1.8012252046249024,1.705249420841836,0.09977568881920706
D_W,dw,107,107,0.01,0.02,512,512,0,512,,512,512,0,512,0,0.4888473530667226,0.4572132096325831,0.4838470616216118,0.46884925489085333,0.6184768084564387,0.4543173354503383,0.545245970214784,0.03342672107272779,sample,245,0.49031291296348445,0.45635341411750474,0.48332177746630245,0.46965192821452867,0.6190752424562563,0.4537195396800917,0.545325961412956,0.03378538115526795,2.1657350593100637,1.9278495902293113,1.9309918186739612,0.6334088714632043,4.493985415813082,1.8203482316374335,1.7131920341867335,0.10613990523612082
D_W,dw,107,107,0.01,0.02,512,512,0,512,,512,512,0,512,0,0.4888473530667226,0.4572132096325831,0.4838470616216118,0.46884925489085333,0.6184768084564387,0.4543173354503383,0.545245970214784,0.03342672107272779,sample,246,0.48579728566765146,0.4576364996208005,0.4823169397672371,0.46953526166682197,0.617620713662132,0.4542094284305131,0.5451085655429649,0.032006860803919915,2.192474865236165,1.9476450080011747,1.9312062919265944,0.6263474355955585,4.388906974321674,1.824235233290778,1.712509064918649,0.1005525187660659
D_W,dw,107,107,0.01,0.02,512,512,0,512,,512,512,0,512,0,0.4888473530667226,0.4572132096325831,0.4838470616216118,0.46884925489085333,0.6184768084564387,0.4543173354503383,0.545245970214784,0.03342672107272779,sample,247,0.488444918325988,0.45809906062128153,0.48300686828856493,0.4678105974538273,0.6193017684513016,0.45516869503452645,0.546143074225444,0.03331755650372825,2.1787426126813836,1.9434862784303188,1.9188342150825348,0.6340902606355573,4.443305725276841,1.8343356912668067,1.7157590697955998,0.10467019074767552
D_W,dw,107,107,0.01,0.02,512,512,0,512,,512,512,0,512,0,0.4888473530667226,0.4572132096325831,0.4838470616216118,0.46884925489085333,0.6184768084564387,0.4543173354503383,0.545245970214784,0.03342672107272779,sample,248,0.4896381974008463,0.45748451757305636,0.484002307640332,0.46882216896819134,0.6180463788511829,0.45461194408367034,0.5472902894266186,0.034022136893518774,2.1541453414465224,1.9212814879072144,1.9267111898809057,0.6283424488302982,4.473331154463743,1.8290150398103924,1.7193631526436968,0.10688369532410484
D_W,dw,107,107,0.01,0.02,512,512,0,512,,512,512,0,512,0,0.4888473530667226,0.4572132096325831,0.4838470616216118,0.46884925489085333,0.6184768084564387,0.4543173354503383,0.545245970214784,0.03342672107272779,sample,249,0.4888519809858426,0.4567138732541294,0.48529272622223607,0.47015985185795195,0.6198092443025911,0.4538964147279009,0.5453782164528775,0.0344256588147804,2.157192165733548,1.8886706124403072,1.9281643464103222,0.6357635532375067,4.460324151149105,1.814893686095876,1.7133561982362642,0.10815139682750281
D_W,dw,107,107,0.01,0.02,512,512,0,512,,512,512,0,512,0,0.4888473530667226,0.4572132096325831,0.4838470616216118,0.46884925489085333,0.6184768084564387,0.4543173354503383,0.545245970214784,0.03342672107272779,sample,250,0.4926845185318821,0.45745917731998625,0.48662978553602826,0.4681069877482337,0.6101041214546774,0.45401491759774826,0.5457933032454673,0.03379683983170456,2.07182888151864,1.87116928400278,1.9523025520892956,0.5957922017475595,4.542090805607742,1.852742211242444,1.7146602318544661,0.10617590372983395
D_W,dw,107,107,0.01,0.02,512,512,0,512,,512,512,0,512,0,0.4888473530667226,0.4572132096325831,0.4838470616216118,0.46884925489085333,0.6184768084564387,0.4543173354503383,0.545245970214784,0.03342672107272779,sample,251,0.4862361613262267,0.4567459380057693,0.48363726712552524,0.47090385395541673,0.6170521368476796,0.45276210195586586,0.546510517724222,0.034908741674901544,2.1776736850305505,1.9167792788314728,1.9440790332896154,0.6248540143344,4.404311372599004,1.8144326493462364,1.7169134275919702,0.10966904639193455
D_W,dw,107,107,0.01,0.02,512,512,0,512,,512,512,0,512,0,0.4888473530667226,0.4572132096325831,0.4838470616216118,0.46884925489085333,0.6184768084564387,0.4543173354503383,0.545245970214784,0.03342672107272779,sample,252,0.4875353831777856,0.4564794735104614,0.4837796882747118,0.46850137542158293,0.6180840280078362,0.45460666354217955,0.5445254504650263,0.03331109964076122,2.1727301080236696,1.9148451957505443,1.9264319328276094,0.6288879990640754,4.433448295569321,1.8314742258677146,1.7106771548735995,0.10464990591441305
D_W,dw,107,107,0.01,0.02,512,512,0,512,,512,512,0,512,0,0.4888473530667226,0.4572132096325831,0.4838470616216118,0.46884925489085333,0.6184768084564387,0.4543173354503383,0.545245970214784,0.03342672107272779,sample,253,0.48937749029670474,0.4571316509285316,0.48218947420615826,0.4691259032050867,0.6184298373709335,0.45457080619165285,0.5444789507191243,0.03346070143619329,2.174900569188924,1.9541218151269841,1.9262223403934877,0.6297401421941571,4.469487847293184,1.8258155078646692,1.71053107161348,0.10511989381590629
D_W,dw,107,107,0.01,0.02,512,512,0,512,,512,512,0,512,0,0.4888473530667226,0.4572132096325831,0.4838470616216118,0.46884925489085333,0.6184768084564387,0.4543173354503383,0.545245970214784,0.03342672107272779,sample,254,0.48870294273086673,0.45703129034998735,0.4869406333301405,0.46737527411413915,0.6168680321481589,0.4524948250739722,0.5479680792946661,0.036401674510145164,2.1442071589104263,1.8566824918101665,1.9439679600395308,0.628567772850759,4.455293770674492,1.8430247061554057,1.7214924923138322,0.11435923321943887
D_W,dw,107,107,0.01,0.02,512,512,0,512,,512,512,0,512,0,0.4888473530667226,0.4572132096325831,0.4838470616216118,0.46884925489085333,0.6184768084564387,0.4543173354503383,0.545245970214784,0.03342672107272779,sample,255,0.4849670214948488,0.4573351633100028,0.4835031661567385,0.4700540497006288,0.6212679676055657,0.45843501092033306,0.5469897736198189,0.035621053120155864,2.1849134215017285,1.9204934117666077,1.8920286924129608,0.6350329151440203,4.373621669993467,1.8128932210976572,1.718419054392767,0.11190683879541344
D_W,dw,107,107,0.01,0.02,512,512,0,512,,512,512,0,512,0,0.4888473530667226,0.4572132096325831,0.4838470616216118,0.46884925489085333,0.6184768084564387,0.4543173354503383,0.545245970214784,0.03342672107272779,sample,256,0.49384832675794116,0.4584087706778671,0.4861612739326224,0.47336687621880763,0.6153821620674244,0.45700965413257316,0.5459235032113067,0.033203849753343624,2.063743815799508,1.8887780125413425,1.919044799462775,0.6076991734426307,4.565545677999664,1.7976484216902473,1.715069267110645,0.10431297045600359
D_W,dw,107,107,0.01,0.02,512,512,0,512,,512,512,0,512,0,0.4888473530667226,0.4572132096325831,0.4838470616216118,0.46884925489085333,0.6184768084564387,0.4543173354503383,0.545245970214784,0.03342672107272779,sample,257,0.4898817402616832,0.45678568019755306,0.48344303580369286,0.468530396740728,0.6180355204829517,0.45400305052697265,0.5461644634873615,0.032786858920336816,2.1631476946416432,1.92785356645842,1.9309118304146857,0.629662383647577,4.482390875852729,1.8313470245627932,1.7158262661437056,0.10300295511841512
D_W,dw,107,107,0.01,0.02,512,512,0,512,,512,512,0,512,0,0.4888473530667226,0.4572132096325831,0.4838470616216118,0.46884925489085333,0.6184768084564387,0.4543173354503383,0.545245970214784,0.03342672107272779,sample,258,0.48766497810166537,0.45710769836181386,0.4848531458163882,0.46632222278386526,0.6168568656009328,0.4540499176640315,0.5464782489295201,0.033351425153146555,2.165820728389041,1.8979805029587589,1.9320533062476195,0.6271200854975535,4.432364108746239,1.851389652103133,1.7168120521835946,0.10477659224787506
D_W,dw,107,107,0.01,0.02,512,512,0,512,,512,512,0,512,0,0.4888473530667226,0.4572132096325831,0.4838470616216118,0.46884925489085333,0.6184768084564387,0.4543173354503383,0.545245970214784,0.03342672107272779,sample,259,0.4905642105922072,0.45738947242339123,0.483397213250066,0.46950516066309383,0.6170471152078453,0.4529365302986377,0.5442446934868667,0.03348529905887788,2.1555169920858672,1.9343143938681917,1.9418718411863403,0.6260766127654952,4.494463015242506,1.8256651974328821,1.709795130813569,0.10519716952662796
D_W,dw,107,107,0.01,0.02,512,512,0,512,,512,512,0,512,0,0.4888473530667226,0.4572132096325831,0.4838470616216118,0.46884925489085333,0.6184768084564387,0.4543173354503383,0.545245970214784,0.03342672107272779,sample,260,0.4875118230307143,0.4581815786912498,0.48272720614517495,0.4684460292560808,0.6186745731160852,0.45527162724782827,0.5452256946442778,0.03381188741385698,2.180816740352096,1.9476527692710408,1.9201038934458423,0.6304286554609685,4.422190817557006,1.8306702361721874,1.712877036842855,0.10622317710337828
D_W,dw,107,107,0.01,0.02,512,512,0,512,,512,512,0,512,0,0.4888473530667226,0.4572132096325831,0.4838470616216118,0.46884925489085333,0.6184768084564387,0.4543173354503383,0.545245970214784,0.03342672107272779,sample,261,0.488325442362665,0.4574765327140801,0.4844138510739292,0.46976918131612255,0.6190968090754477,0.4550560545141623,0.5454922658267378,0.031433432920854786,2.158958707473011,1.9105430175097333,1.9214535268833777,0.6311291200616809,4.444446871406962,1.8193801866354447,1.71371449491133,0.09875104194126495
D_W,dw,107,107,0.01,0.02,512,512,0,512,,512,512,0,512,0,0.4888473530667226,0.4572132096325831,0.4838470616216118,0.46884925489085333,0.6184768084564387,0.4543173354503383,0.545245970214784,0.03342672107272779,sample,262,0.489512128732594,0.45787730221837425,0.48541473529032214,0.4675658085707172,0.618443604332878,0.45469345075575895,0.5449211792571805,0.03290621450496453,2.14812185212217,1.894943597058447,1.9242376782195485,0.6314173189474669,4.468366926595977,1.8380805931726323,1.7119203735398452,0.10337792174624647
D_W,dw,107,107,0.01,0.02,512,512,0,512,,512,512,0,512,0,0.4888473530667226,0.4572132096325831,0.4838470616216118,0.46884925489085333,0.6184768084564387,0.4543173354503383,0.545245970214784,0.03342672107272779,sample,263,0.48856665485102035,0.4579758160938031,0.4833339309025013,0.46898082503770405,0.618453942813384,0.4540565500523503,0.5455028189621307,0.03429308371418011,2.1716438664217153,1.936276921310789,1.9297490595900488,0.6308786490954523,4.4467526701389755,1.8269123420258795,1.7137476485639527,0.10773489986540802
D_W,dw,107,107,0.01,0.02,512,512,0,512,,512,512,0,512,0,0.4888473530667226,0.4572132096325831,0.4838470616216118,0.46884925489085333,0.6184768084564387,0.4543173354503383,0.545245970214784,0.03342672107272779,sample,264,0.4899449422959337,0.45649513236242684,0.4845972580541914,0.46784302006780404,0.6199903900319662,0.4539230934425082,0.5447012161167776,0.03185189941033929,2.166455973868659,1.9029676962986934,1.9259816643089296,0.6391331723701504,4.485252483135625,1.8326396611229403,1.7112293389538946,0.10006569319040298
D_W,dw,107,107,0.01,0.02,512,512,0,512,,512,512,0,512,0,0.4888473530667226,0.4572132096325831,0.4838470616216118,0.46884925489085333,0.6184768084564387,0.4543173354503383,0.545245970214784,0.03342672107272779,sample,265,0.48857395377954327,0.458554298799274,0.4843494415458186,0.4690996124492811,0.6188274093590603,0.4554849860347305,0.545428737688884,0.033884805576418604,2.1556591799047067,1.9199196516904886,1.9186171058055168,0.629993680173045,4.443384066838952,1.825205856692427,1.7135149153801523,0.10645225626719514
D_W,dw,107,107,0.01,0.02,512,512,0,512,,512,512,0,512,0,0.4888473530667226,0.4572132096325831,0.4838470616216118,0.46884925489085333,0.6184768084564387,0.4543173354503383,0.545245970214784,0.03342672107272779,sample,266,0.4881929916312513,0.45718660220540125,0.48489265624911376,0.4691695495942763,0.6186720283202496,0.4547343084834749,0.5450492199037738,0.03346246646576698,2.1572403909113316,1.8986840034926074,1.9244547756383024,0.6304769159775667,4.443299284150568,1.82497275735102,1.7123226250945434,0.10512543881984834
D_W,dw,107,107,0.01,0.02,512,512,0,512,,512,512,0,512,0,0.4888473530667226,0.4572132096325831,0.4838470616216118,0.46884925489085333,0.6184768084564387,0.4543173354503383,0.545245970214784,0.03342672107272779,sample,267,0.48774523140886705,0.4570476509378336,0.48416760162959577,0.4696219561192334,0.6188654163514584,0.45497019473510686,0.5442994468493867,0.033856395872680155,2.165209296935928,1.9114380997572464,1.9225644122488343,0.6304205611903382,4.434462405457138,1.821007349044656,1.7099671435750212,0.10636300455063977
D_W,dw,107,107,0.01,0.02,512,512,0,512,,512,512,0,512,0,0.4888473530667226,0.4572132096325831,0.4838470616216118,0.46884925489085333,0.6184768084564387,0.4543173354503383,0.545245970214784,0.03342672107272779,sample,268,0.4883034435282269,0.45730098786966256,0.4844081398784718,0.46772151250529076,0.6188202864325585,0.4545399364878141,0.5444506084721773,0.03368330600478764,2.168330628810687,1.9094144687860954,1.924484691351712,0.6331328951103303,4.445017461558641,1.836052907897208,1.710442031818685,0.10581922669325781
D_W,dw,107,107,0.01,0.02,512,512,0,512,,512,512,0,512,0,0.4888473530667226,0.4572132096325831,0.4838470616216118,0.46884925489085333,0.6184768084564387,0.4543173354503383,0.545245970214784,0.03342672107272779,sample,269,0.488290014185564,0.45738802518444693,0.48434210196752475,0.4682289483407772,0.6165623591415227,0.45449445348265227,0.5441731266204998,0.03234392349225722,2.154183178426912,1.911312565338146,1.9310178824517066,0.6227600616579759,4.444204023181623,1.8368991858877182,1.7095702968719504,0.1016114324315456
D_W,dw,107,107,0.01,0.02,512,512,0,512,,512,512,0,512,0,0.4888473530667226,0.4572132096325831,0.4838470616216118,0.46884925489085333,0.6184768084564387,0.4543173354503383,0.545245970214784,0.03342672107272779,sample,270,0.4899282217838561,0.4582188085785717,0.48372648965476744,0.4694120452661454,0.6186986774872975,0.4546763829958426,0.5455473841209043,0.03294199331162058,2.1556033743515948,1.9327609084657744,1.9249631867717776,0.6304156363957929,4.4758418764661005,1.8230033301062838,1.713887654139362,0.10349032418239132
D_W,dw,107,107,0.01,0.02,512,512,0,512,,512,512,0,512,0,0.4888473530667226,0.4572132096325831,0.4838470616216118,0.46884925489085333,0.6184768084564387,0.4543173354503383,0.545245970214784,0.03342672107272779,sample,271,0.4878078774111613,0.45877783392498117,0.4840442477914598,0.47165956852097213,0.6190846855006369,0.4505764035169988,0.5440741893047628,0.030277385917962422,2.1824615354896566,1.9262075528212241,1.9545336473418817,0.6368022436334623,4.424820936365178,1.804435678539186,1.7092594761276652,0.0951192131697738
D_W,dw,107,107,0.01,0.02,512,512,0,512,,512,512,0,512,0,0.4888473530667226,0.4572132096325831,0.4838470616216118,0.46884925489085333,0.6184768084564387,0.4543173354503383,0.545245970214784,0.03342672107272779,sample,272,0.48817866342695665,0.45670059703002314,0.48377274460959047,0.4692028940445954,0.6170443647045554,0.4548861351601395,0.5453597866207147,0.03240462352073864,2.1580074453922187,1.9177117626509683,1.9275970914782024,0.6230620431229271,4.445870216225825,1.8280877390278432,1.7132982992109345,0.10180212719509553
D_W,dw,107,107,0.01,0.02,512,512,0,512,,512,512,0,512,0,0.4888473530667226,0.4572132096325831,0.4838470616216118,0.46884925489085333,0.6184768084564387,0.4543173354503383,0.545245970214784,0.03342672107272779,sample,273,0.48886178924959633,0.45709434859150466,0.48488724385732884,0.47012128141836135,0.6183354616669539,0.45427277655917936,0.5442770664325429,0.03306361402642574,2.1499434476995414,1.8993697688785898,1.9292706893442033,0.628711151670566,4.4583977344359385,1.818118714684863,1.7098968334218807,0.10387240692654755
D_W,dw,107,107,0.01,0.02,512,512,0,512,,512,512,0,512,0,0.4888473530667226,0.4572132096325831,0.4838470616216118,0.46884925489085333,0.6184768084564387,0.4543173354503383,0.545245970214784,0.03342672107272779,sample,274,0.488401298488295,0.45720456115288194,0.48456340300769646,0.4683480856934211,0.6183230003396366,0.45388720066050026,0.5441514355285431,0.03335550791877827,2.1645817142613843,1.9058189995025432,1.9308657584218962,0.6313255263409894,4.447720564278522,1.8321806012399426,1.7095021522968108,0.10478941863438998
D_W,dw,107,107,0.01,0.02,512,512,0,512,,512,512,0,512,0,0.4888473530667226,0.4572132096325831,0.4838470616216118,0.46884925489085333,0.6184768084564387,0.4543173354503383,0.545245970214784,0.03342672107272779,sample,275,0.48928421103741804,0.45850068874566074,0.4850312039521935,0.4676663128305829,0.6179778712933454,0.45484207072812893,0.5453744280671781,0.03385187633494018,2.1486645767781103,1.9067981077527902,1.9244311859817074,0.629016157174542,4.459692621018817,1.8382937135074695,1.7133442966715817,0.10634880600407826
D_W,dw,107,107,0.01,0.02,512,512,0,512,,512,512,0,512,0,0.4888473530667226,0.4572132096325831,0.4838470616216118,0.46884925489085333,0.6184768084564387,0.4543173354503383,0.545245970214784,0.03342672107272779,sample,276,0.4878142267969678,0.4560318578166695,0.48369260822935156,0.4685266538747859,0.6182261608364796,0.4548899061112893,0.5450677282758912,0.033807650959397306,2.171456819429928,1.9140642599932982,1.924046319351567,0.6290056727242818,4.442024977519356,1.8309751638455976,1.7123807708604175,0.1062098678891705
D_W,dw,107,107,0.01,0.02,512,512,0,512,,512,512,0,512,0,0.4888473530667226,0.4572132096325831,0.4838470616216118,0.46884925489085333,0.6184768084564387,0.4543173354503383,0.545245970214784,0.03342672107272779,sample,277,0.4878665079445012,0.4564762568874303,0.4840063280821503,0.47076467438016517,0.6152537561376921,0.45392661516292393,0.5436494821701405,0.03520966866808023,2.14752892380635,1.9110056871500294,1.9404669528339658,0.6151272827341235,4.440513157166877,1.8192171897609972,1.7079252193136087,0.11061443642297157
D_W,dw,107,107,0.01,0.02,512,512,0,512,,512,512,0,512,0,0.4888473530667226,0.4572132096325831,0.4838470616216118,0.46884925489085333,0.6184768084564387,0.4543173354503383,0.545245970214784,0.03342672107272779,sample,278,0.48916121961631476,0.4569802321921797,0.48310167659024994,0.469648985610853,0.6179861807982824,0.4533316567629745,0.5455710224700246,0.03444244600977406,2.17004640056778,1.9347297573581745,1.9366225773805166,0.6293189337980143,4.4655769622942145,1.8225793956796787,1.7139619162033013,0.10820413535596926
D_W,dw,107,107,0.01,0.02,512,512,0,512,,512,512,0,512,0,0.4888473530667226,0.4572132096325831,0.4838470616216118,0.46884925489085333,0.6184768084564387,0.4543173354503383,0.545245970214784,0.03342672107272779,sample,279,0.48918503163813865,0.45627855317822436,0.48449158766111927,0.46884544019246854,0.6188454772679146,0.4550645098233029,0.5451124223209095,0.03368657001894907,2.1559157643589373,1.9024123829693556,1.9214259342807145,0.6310579906077034,4.469895888316347,1.827171034258487,1.712521181343906,0.10582948089616857
D_W,dw,107,107,0.01,0.02,512,512,0,512,,512,512,0,512,0,0.4888473530667226,0.4572132096325831,0.4838470616216118,0.46884925489085333,0.6184768084564387,0.4543173354503383,0.545245970214784,0.03342672107272779,sample,280,0.48952034020937696,0.4579414422597658,0.4832948599016908,0.4691578032861044,0.6195800764792501,0.4558147271227322,0.5458635157515747,0.03370408679398894,2.1623879526882894,1.9386569085808851,1.914398007093475,0.6326953030625662,4.4681932365293235,1.8232159158203578,1.7148808109478433,0.10588451146794842
D_W,dw,107,107,0.01,0.02,512,512,0,512,,512,512,0,512,0,0.4888473530667226,0.4572132096325831,0.4838470616216118,0.46884925489085333,0.6184768084564387,0.4543173354503383,0.545245970214784,0.03342672107272779,sample,281,0.4883973603611773,0.45847688348449167,0.48420353476094385,0.46759157993575506,0.6195195255743138,0.45480375892470776,0.5451741259041284,0.032931941635481875,2.1717516709208198,1.921998029586051,1.9207447870135634,0.6359043198170832,4.43991259794767,1.8355851732026947,1.7127150288676467,0.1034587459104777
D_W,dw,107,107,0.01,0.02,512,512,0,512,,512,512,0,512,0,0.4888473530667226,0.4572132096325831,0.4838470616216118,0.46884925489085333,0.6184768084564387,0.4543173354503383,0.545245970214784,0.03342672107272779,sample,282,0.48757487296873736,0.4582079938120516,0.4829184413093315,0.46859372341418065,0.61769102339476,0.45350794518607584,0.5452538124009193,0.03179493210282659,2.1818733063263576,1.944195889734789,1.9354093963005232,0.628933995834561,4.423403093688465,1.83157325945736,1.7129653713805553,0.0998867251156263
D_W,dw,107,107,0.01,0.02,512,512,0,512,,512,512,0,512,0,0.4888473530667226,0.4572132096325831,0.4838470616216118,0.46884925489085333,0.6184768084564387,0.4543173354503383,0.545245970214784,0.03342672107272779,sample,283,0.48865221269083275,0.4571672630884774,0.4847257307381122,0.4691575407627244,0.6176211888458087,0.4564165724805338,0.5449721372725257,0.034289563940562116,2.140590446620693,1.9027510109960788,1.9149552392235383,0.6231070569404364,4.453406251174957,1.8272413456162175,1.712080462866495,0.10772384217046742
D_W,dw,107,107,0.01,0.02,512,512,0,512,,512,512,0,512,0,0.4888473530667226,0.4572132096325831,0.4838470616216118,0.46884925489085333,0.6184768084564387,0.4543173354503383,0.545245970214784,0.03342672107272779,sample,284,0.48848732668206857,0.4588679034493675,0.48435123568605765,0.4687617091703977,0.6183900138661874,0.45326496485959084,0.5456780549117012,0.03236331029690133,2.166677804312777,1.9219804672860061,1.9354205107208653,0.632202569107011,4.439477530223155,1.8287757846488824,1.714298168535768,0.10167233787459212
D_W,dw,107,107,0.01,0.02,512,512,0,512,,512,512,0,512,0,0.4888473530667226,0.4572132096325831,0.4838470616216118,0.46884925489085333,0.6184768084564387,0.4543173354503383,0.545245970214784,0.03342672107272779,sample,285,0.48955742919201245,0.45724656187218526,0.4828039947326382,0.4683471471478029,0.618785160256012,0.45575986389503176,0.546360828283596,0.0332960104360495,2.166082822417433,1.9432833651515606,1.9162459601516875,0.6302269504041992,4.472828399457937,1.8312164452892925,1.7164431643449796,0.1046025017797422
D_W,dw,107,107,0.01,0.02,512,512,0,512,,512,512,0,512,0,0.4888473530667226,0.4572132096325831,0.4838470616216118,0.46884925489085333,0.6184768084564387,0.4543173354503383,0.545245970214784,0.03342672107272779,sample,286,0.4886919723874818,0.4587948627567708,0.484638360854076,0.4683282663477937,0.6187721765219992,0.45242334169450055,0.5462444895219505,0.033118549486626694,2.171244483889369,1.9159237275383323,1.9400859384457088,0.6358227889369211,4.444550473621386,1.8313920626142604,1.7160776753460663,0.10404499176473644
D_W,dw,107,107,0.01,0.02,512,512,0,512,,512,512,0,512,0,0.4888473530667226,0.4572132096325831,0.4838470616216118,0.46884925489085333,0.6184768084564387,0.4543173354503383,0.545245970214784,0.03342672107272779,sample,287,0.48864250681713717,0.45644002415007007,0.48518523152787185,0.46813740636090356,0.617572526434954,0.45356908751161,0.5461638499813299,0.03443312011447537,2.1564430219369792,1.8887303619888407,1.9349600652601773,0.6288472498385683,4.457335102620689,1.8354434580127799,1.715824338757664,0.10817483719181076
D_W,dw,107,107,0.01,0.02,512,512,0,512,,512,512,0,512,0,0.4888473530667226,0.4572132096325831,0.4838470616216118,0.46884925489085333,0.6184768084564387,0.4543173354503383,0.545245970214784,0.03342672107272779,sample,288,0.48933852916382914,0.45710502145755416,0.4833293639258562,0.47030721412389864,0.6197834615796654,0.45224296183144846,0.5441576937961822,0.029837641883028194,2.180758804912618,1.931462080146334,1.9400304629946619,0.6383249093034402,4.468777158508674,1.8137854778255589,1.70952181322445,0.0937377165401645
D_W,dw,107,107,0.01,0.02,512,512,0,512,,512,512,0,512,0,0.4888473530667226,0.4572132096325831,0.4838470616216118,0.46884925489085333,0.6184768084564387,0.4543173354503383,0.545245970214784,0.03342672107272779,sample,289,0.4874786396006,0.4577427518033614,0.48499271173984876,0.4694927977455614,0.6196600283967152,0.45445773682026513,0.5452979160133951,0.03391046470191531,2.1666874818127946,1.8989893641849893,1.9241203308305064,0.6349043094228162,4.4243184298289435,1.8204274028022867,1.713103926965506,0.10653286678735313
D_W,dw,107,107,0.01,0.02,512,512,0,512,,512,512,0,512,0,0.4888473530667226,0.4572132096325831,0.4838470616216118,0.46884925489085333,0.6184768084564387,0.4543173354503383,0.545245970214784,0.03342672107272779,sample,290,0.48836506221963394,0.45794403041018045,0.48320743716970044,0.4687931767386998,0.6181401912405912,0.4550920468401011,0.5435893976961599,0.0330422738909431,2.167388123524284,1.9381616450384487,1.9229918219053217,0.6279833949375123,4.442486028765415,1.8290483906685535,1.7077364583715562,0.10380536491368868
D_W,dw,107,107,0.01,0.02,512,512,0,512,,512,512,0,512,0,0.4888473530667226,0.4572132096325831,0.4838470616216118,0.46884925489085333,0.6184768084564387,0.4543173354503383,0.545245970214784,0.03342672107272779,sample,291,0.48965982427892774,0.4566250772545323,0.48420410857701174,0.46996878257157704,0.6178475163120994,0.4547140674915103,0.5440981459942047,0.03174821186757261,2.1471443848420235,1.9112472212593727,1.927263656007384,0.625998449636051,4.4783662611774,1.8203167551428365,1.7093347382872202,0.0997399491677784
D_W,dw,107,107,0.01,0.02,512,512,0,512,,512,512,0,512,0,0.4888473530667226,0.4572132096325831,0.4838470616216118,0.46884925489085333,0.6184768084564387,0.4543173354503383,0.545245970214784,0.03342672107272779,sample,292,0.4889347952934625,0.4571680834644557,0.4828305707967787,0.46882247134320704,0.6199365233219664,0.454371498832101,0.5428799104709138,0.03311257284525522,2.1824071300436176,1.941014208223253,1.9235935169806906,0.6370165897723334,4.459576277186965,1.8251177805217254,1.7055075385169074,0.10402621559211067
D_W,dw,107,107,0.01,0.02,512,512,0,512,,512,512,0,512,0,0.4888473530667226,0.4572132096325831,0.4838470616216118,0.46884925489085333,0.6184768084564387,0.4543173354503383,0.545245970214784,0.03342672107272779,sample,293,0.4905247986118636,0.45670394490493627,0.48610921551337455,0.4693187187804213,0.6188486505374939,0.4528465416677848,0.5458828218847546,0.03489313976115834,2.142345087391795,1.8745145793081737,1.9375714612536463,0.6342897873262202,4.49693894101304,1.8234347078718538,1.7149414629540105,0.10962003153433696
D_W,dw,107,107,0.01,0.02,512,512,0,512,,512,512,0,512,0,0.4888473530667226,0.4572132096325831,0.4838470616216118,0.46884925489085333,0.6184768084564387,0.4543173354503383,0.545245970214784,0.03342672107272779,sample,294,0.487327576862541,0.45823734262246313,0.48260600182166963,0.4679596582713065,0.6195667108501155,0.45540305736452175,0.5460585809085684,0.033010237126989146,2.1895588223815077,1.950053815001871,1.9165969140304757,0.6346909618041024,4.417780043051045,1.8326155201128662,1.7154936262120262,0.10370471845140614
D_W,dw,107,107,0.01,0.02,512,512,0,512,,512,512,0,512,0,0.4888473530667226,0.4572132096325831,0.4838470616216118,0.46884925489085333,0.6184768084564387,0.4543173354503383,0.545245970214784,0.03342672107272779,sample,295,0.48841129032334857,0.456855339527305,0.484545371016329,0.468530637916406,0.6183086902330335,0.4554935259791523,0.545173634252848,0.03327459354701118,2.1555958054929105,1.903852250612905,1.919489438221393,0.6283612027595388,4.449981315059902,1.8307702920133635,1.7127134842995961,0.10453521863847665
D_W,dw,107,107,0.01,0.02,512,512,0,512,,512,512,0,512,0,0.4888473530667226,0.4572132096325831,0.4838470616216118,0.46884925489085333,0.6184768084564387,0.4543173354503383,0.545245970214784,0.03342672107272779,sample,296,0.4840258031624026,0.45601590828125554,0.48064338858287353,0.4568874179299162,0.6205947388423436,0.4548276227597294,0.5472318963328905,0.03526762463488615,2.2908402029839947,1.9630114581240372,1.9098902953781638,0.6550896381814018,4.364020008728392,1.9141367009304475,1.71917970532942,0.11079651046252073
D_W,dw,107,107,0.01,0.02,512,512,0,512,,512,512,0,512,0,0.4888473530667226,0.4572132096325831,0.4838470616216118,0.46884925489085333,0.6184768084564387,0.4543173354503383,0.545245970214784,0.03342672107272779,sample,297,0.48767713925198775,0.45818464093125544,0.4854364978540042,0.46701702548957724,0.6190294427453797,0.45408434925498276,0.546118524194939,0.03400957593101699,2.1689143785233176,1.8932155799488153,1.926707922910883,0.6356519439790072,4.425804398933408,1.8411131848923183,1.71568194360012,0.10684423389658723
D_W,dw,107,107,0.01,0.02,512,512,0,512,,512,512,0,512,0,0.4888473530667226,0.4572132096325831,0.4838470616216118,0.46884925489085333,0.6184768084564387,0.4543173354503383,0.545245970214784,0.03342672107272779,sample,298,0.49024119295589713,0.4576890232518594,0.48442819861883085,0.46824290211522474,0.6206057937706833,0.45541606824093,0.5440501271598934,0.03273730696510766,2.159111409858088,1.9151271281090123,1.9141205453540941,0.6388992341117854,4.485708268723231,1.8282652858577648,1.709183882670114,0.1028472830598962
D_W,dw,107,107,0.01,0.02,512,512,0,512,,512,512,0,512,0,0.4888473530667226,0.4572132096325831,0.4838470616216118,0.46884925489085333,0.6184768084564387,0.4543173354503383,0.545245970214784,0.03342672107272779,sample,299,0.4859605815600558,0.4564600841263376,0.48291762429031737,0.470548833863476,0.617467847419819,0.4542617652150023,0.5440095223402057,0.03335057473764209,2.182210429233996,1.9281688225008462,1.9319134396320403,0.6244599866603044,4.400465765837023,1.8164495380095016,1.7090563188668828,0.10477392058877372
D_W,dw,107,107,0.01,0.02,512,512,0,512,,512,512,0,512,0,0.4888473530667226,0.4572132096325831,0.4838470616216118,0.46884925489085333,0.6184768084564387,0.4543173354503383,0.545245970214784,0.03342672107272779,sample,300,0.48588111117896504,0.4569387246649489,0.48397887090612984,0.47283035370761445,0.6190461028570209,0.453380695832285,0.5461028208074458,0.03717918848246555,2.1774792501751534,1.9106176390680965,1.9355065629330364,0.6304948897483017,4.395555312556713,1.7951810325922444,1.7156326099533348,0.11680186540294402
D_W,dw,107,107,0.01,0.02,512,512,0,512,,512,512,0,512,0,0.4888473530667226,0.4572132096325831,0.4838470616216118,0.46884925489085333,0.6184768084564387,0.4543173354503383,0.545245970214784,0.03342672107272779,sample,301,0.48910701108179727,0.4570978521408934,0.48404637670123357,0.46892635631027024,0.6185662635471263,0.4530722865389533,0.5458085675785941,0.03602740471346631,2.1686549654132565,1.916727605309175,1.9364427022726736,0.6331138178424269,4.463740185717085,1.8271100923007924,1.7147081861712794,0.11318342997573205
D_W,dw,107,107,0.01,0.02,512,512,0,512,,512,512,0,512,0,0.4888473530667226,0.4572132096325831,0.4838470616216118,0.46884925489085333,0.6184768084564387,0.4543173354503383,0.545245970214784,0.03342672107272779,sample,302,0.4882456518510433,0.4566174895719918,0.484470992783545,0.46702742976402994,0.6169966340356999,0.4569832553986473,0.5462640345371418,0.03693200684375127,2.1481686320467253,1.9034550013619371,1.9109321132234423,0.6219918310202026,4.447794979068654,1.845496499992763,1.7161390778222056,0.11602532138265695
D_W,dw,107,107,0.01,0.02,512,512,0,512,,512,512,0,512,0,0.4888473530667226,0.4572132096325831,0.4838470616216118,0.46884925489085333,0.6184768084564387,0.4543173354503383,0.545245970214784,0.03342672107272779,sample,303,0.48908817345252015,0.4573275362372569,0.48312936359312525,0.468372088199845,0.6178119673468466,0.45430640426276087,0.5463770895344364,0.03305490327879283,2.1681055252857844,1.9365860476927381,1.9292059209917085,0.6283574251582217,4.462042343485941,1.8330731228606425,1.716494250571158,0.10384504130577672
D_W,dw,107,107,0.01,0.02,512,512,0,512,,512,512,0,512,0,0.4888473530667226,0.4572132096325831,0.4838470616216118,0.46884925489085333,0.6184768084564387,0.4543173354503383,0.545245970214784,0.03342672107272779,sample,304,0.48856939935511284,0.4566969523154843,0.4835078924352538,0.47086973122250686,0.6171675762826716,0.45299480869698455,0.5457645790327773,0.03340195816672913,2.1630232682714388,1.9236273074346824,1.942068119034252,0.6249860905044446,4.454308173194368,1.8144762754503256,1.7145699920788993,0.10493534639210984
D_W,dw,107,107,0.01,0.02,512,512,0,512,,512,512,0,512,0,0.4888473530667226,0.4572132096325831,0.4838470616216118,0.46884925489085333,0.6184768084564387,0.4543173354503383,0.545245970214784,0.03342672107272779,sample,305,0.4883572300280971,0.4575893048857923,0.48639936267867645,0.4709591193302587,0.6178021964885085,0.4525612473987234,0.5460943604751225,0.03416501988995399,2.142005464839836,1.8707153246230723,1.943513703798089,0.6284180873655572,4.444464999180479,1.8124992896909284,1.715606031035461,0.10733257549602862
D_W,dw,107,107,0.01,0.02,512,512,0,512,,512,512,0,512,0,0.4888473530667226,0.4572132096325831,0.4838470616216118,0.46884925489085333,0.6184768084564387,0.4543173354503383,0.545245970214784,0.03342672107272779,sample,306,0.488627671642837,0.45652368118569897,0.48455941335853236,0.4685898212946115,0.6185782258860267,0.45406762513833376,0.5451909870492223,0.03304917302991469,2.163497229071412,1.9017487286680954,1.9290804874096716,0.6318525918453831,4.456545995967994,1.8297392128666385,1.712767999717205,0.10382703919799792
D_W,dw,107,107,0.01,0.02,512,512,0,512,,512,512,0,512,0,0.4888473530667226,0.4572132096325831,0.4838470616216118,0.46884925489085333,0.6184768084564387,0.4543173354503383,0.545245970214784,0.03342672107272779,sample,307,0.4881368960099954,0.4572191548991706,0.4830225819849902,0.4705295444578413,0.61919284253066,0.45296099189526023,0.5454821354243413,0.03499980182935038,2.182827131071993,1.9360524477600096,1.9366578369724967,0.6342589404115619,4.441886266360387,1.8131852840445692,1.7136826693135834,0.10995512030418575
D_W,dw,107,107,0.01,0.02,512,512,0,512,,512,512,0,512,0,0.4888473530667226,0.4572132096325831,0.4838470616216118,0.46884925489085333,0.6184768084564387,0.4543173354503383,0.545245970214784,0.03342672107272779,sample,308,0.4887924036671532,0.4577178977513453,0.48343982937992674,0.46970385902736994,0.6202326140368666,0.45387295063426375,0.544545319135918,0.03428203854010732,2.1782474849929416,1.9327063495639116,1.9269515775639217,0.6381602700167818,4.453280507260599,1.8176370776119586,1.7107395741441094,0.10770020042768332
D_W,dw,107,107,0.01,0.02,512,512,0,512,,512,512,0,512,0,0.4888473530667226,0.4572132096325831,0.4838470616216118,0.46884925489085333,0.6184768084564387,0.4543173354503383,0.545245970214784,0.03342672107272779,sample,309,0.49041893202737813,0.4577580059665682,0.4828223716098318,0.4677344949973201,0.6185652735355972,0.4552600276611353,0.5442159031148713,0.032286130030918674,2.16377853011888,1.9483468567695565,1.9199797227142135,0.630807193984312,4.4893487914374814,1.836495015873562,1.7097046831924143,0.10142986891797891
D_W,dw,107,107,0.01,0.02,512,512,0,512,,512,512,0,512,0,0.4888473530667226,0.4572132096325831,0.4838470616216118,0.46884925489085333,0.6184768084564387,0.4543173354503383,0.545245970214784,0.03342672107272779,sample,310,0.4860621241281108,0.45754364457922975,0.48323090353003056,0.4698166315033406,0.6236909892727064,0.4566115265184286,0.5454402837852775,0.03248633338010588,2.204248676102288,1.9298020410777312,1.8992353281474699,0.6488567221772985,4.395186846349503,1.810141121815627,1.7135511885117598,0.10205882628900952
D_W,dw,107,107,0.01,0.02,512,512,0,512,,512,512,0,512,0,0.4888473530667226,0.4572132096325831,0.4838470616216118,0.46884925489085333,0.6184768084564387,0.4543173354503383,0.545245970214784,0.03342672107272779,sample,311,0.48876236805848616,0.4579501082338312,0.48311713101343307,0.4671772488735951,0.6187556927853864,0.45519127482382876,0.5448456279932663,0.0336774326118098,2.1748550617457716,1.940814151300847,1.9196086381243767,0.632421158979256,4.45124653741001,1.8404532952739319,1.7116830222441628,0.10580077488502698
D_W,dw,107,107,0.01,0.02,512,512,0,512,,512,512,0,512,0,0.4888473530667226,0.4572132096325831,0.4838470616216118,0.46884925489085333,0.6184768084564387,0.4543173354503383,0.545245970214784,0.03342672107272779,sample,312,0.48800158637400887,0.45756415007296297,0.482627180298138,0.4695214075994503,0.618767741504332,0.4539417409030944,0.5420896310844321,0.031246327173542622,2.182889691089305,1.946073059433103,1.9301188789449422,0.6318324507973181,4.436839074877614,1.8219990829164228,1.703024802602053,0.09816323190006462
D_W,dw,107,107,0.01,0.02,512,512,0,512,,512,512,0,512,0,0.4888473530667226,0.4572132096325831,0.4838470616216118,0.46884925489085333,0.6184768084564387,0.4543173354503383,0.545245970214784,0.03342672107272779,sample,313,0.48736383154713614,0.45784229424919276,0.48462017131455526,0.4672105479822011,0.6179236573999782,0.4535226225567476,0.5451659872196162,0.03240216865015322,2.1745383856529936,1.9069866912834468,1.9337030400139044,0.6315598521380792,4.4211747021698,1.842002013952927,1.7126894604361733,0.10179441499169885
D_W,dw,107,107,0.01,0.02,512,512,0,512,,512,512,0,512,0,0.4888473530667226,0.4572132096325831,0.4838470616216118,0.46884925489085333,0.6184768084564387,0.4543173354503383,0.545245970214784,0.03342672107272779,sample,314,0.48910291437293246,0.45714029755136426,0.4839231652482511,0.474542010833808,0.6203161133286261,0.45262534764663853,0.5454134474915481,0.03289228181315534,2.162959946733902,1.9194801213212358,1.9384989011671425,0.6357306846902862,4.463414196914106,1.7793132840688226,1.7134668798085297,0.10333415090401396
D_W,dw,107,107,0.01,0.02,512,512,0,512,,512,512,0,512,0,0.4888473530667226,0.4572132096325831,0.4838470616216118,0.46884925489085333,0.6184768084564387,0.4543173354503383,0.545245970214784,0.03342672107272779,sample,315,0.4893673419567654,0.4579336657991244,0.4839811132617318,0.46848619758069593,0.6185146413274407,0.45465447380367585,0.54410715147861,0.03365618507529339,2.15938618044577,1.9244635397175343,1.9249706335124817,0.6307076737905711,4.464815000692049,1.8306887980347568,1.70936302985087,0.10573402378040014
D_W,dw,107,107,0.01,0.02,512,512,0,512,,512,512,0,512,0,0.4888473530667226,0.4572132096325831,0.4838470616216118,0.46884925489085333,0.6184768084564387,0.4543173354503383,0.545245970214784,0.03342672107272779,sample,316,0.48912821552443003,0.4581148578904854,0.48398814608165974,0.4677152057166895,0.6184425257066977,0.4547423221748982,0.5450612266959689,0.03416572666352033,2.1627079904896345,1.9251926785069535,1.9239941588882599,0.6311528391364695,4.458431383261748,1.836909176891035,1.7123603455446967,0.10733479589067238
D_W,dw,107,107,0.01,0.02,512,512,0,512,,512,512,0,512,0,0.4888473530667226,0.4572132096325831,0.4838470616216118,0.46884925489085333,0.6184768084564387,0.4543173354503383,0.545245970214784,0.03342672107272779,sample,317,0.4901937939180194,0.457642662154326,0.484458677449257,0.46760945040042884,0.6203948138987565,0.4547888155773999,0.5443568907463857,0.03343322944628372,2.1636408801006093,1.914097488736318,1.9186781652282026,0.639738415394655,4.484885614460538,1.83360952500077,1.710147608899827,0.10503358801422688
D_W,dw,107,107,0.01,0.02,512,512,0,512,,512,512,0,512,0,0.4888473530667226,0.4572132096325831,0.4838470616216118,0.46884925489085333,0.6184768084564387,0.4543173354503383,0.545245970214784,0.03342672107272779,sample,318,0.48824947042448347,0.4568234954290131,0.48422780259295395,0.4691422241628341,0.6189362429771116,0.45421718519465754,0.5442783911318901,0.032552798492155914,2.1678635666716364,1.909674980750871,1.927460826604087,0.6325320642902422,4.44667337191691,1.8246473113780959,1.709900995087618,0.10226763259674591
D_W,dw,107,107,0.01,0.02,512,512,0,512,,512,512,0,512,0,0.4888473530667226,0.4572132096325831,0.4838470616216118,0.46884925489085333,0.6184768084564387,0.4543173354503383,0.545245970214784,0.03342672107272779,sample,319,0.4888797264762438,0.45686984127934244,0.48506510531723435,0.469455012194154,0.6182811263414271,0.4541497335530243,0.545271482380659,0.033057779145360844,2.151280063765027,1.8943240866040676,1.9298520293291528,0.6294263547031865,4.460054053244807,1.8235156751613926,1.7130208832590947,0.10385407610705949
D_W,dw,107,107,0.01,0.02,512,512,0,512,,512,512,0,512,0,0.4888473530667226,0.4572132096325831,0.4838470616216118,0.46884925489085333,0.6184768084564387,0.4543173354503383,0.545245970214784,0.03342672107272779,sample,320,0.4881751411303575,0.45693209131853213,0.4825405979708675,0.46993778134993736,0.6179441921801864,0.45410596235187006,0.542795568117714,0.03438859130032273,2.17615526991387,1.9434551635138102,1.931372778564504,0.6274855093471509,4.444428989693915,1.8203674314731824,1.7052425691997084,0.10803494579639575
D_W,dw,107,107,0.01,0.02,512,512,0,512,,512,512,0,512,0,0.4888473530667226,0.4572132096325831,0.4838470616216118,0.46884925489085333,0.6184768084564387,0.4543173354503383,0.545245970214784,0.03342672107272779,sample,321,0.4877247462583341,0.4575132950574636,0.4846874731732144,0.4688218211349046,0.6183170122113804,0.45427677997951127,0.5452414222834909,0.03236913117858778,2.16367861301991,1.9041226768498343,1.928418017215919,0.6300903236801546,4.431128173738677,1.828452972689586,1.7129264466786651,0.10169062471373569
D_W,dw,107,107,0.01,0.02,512,512,0,512,,512,512,0,512,0,0.4888473530667226,0.4572132096325831,0.4838470616216118,0.46884925489085333,0.6184768084564387,0.4543173354503383,0.545245970214784,0.03342672107272779,sample,322,0.48682474710673196,0.4563553693122305,0.48295514275423373,0.4719578812564112,0.6160937323838319,0.45752330372140443,0.5467512776568481,0.0369452190504964,2.1451611601992626,1.9285788837787505,1.9124996584117664,0.6114753505975187,4.419212261311671,1.8078037503291688,1.717669797227587,0.11606682875430516
D_W,dw,107,107,0.01,0.02,512,512,0,512,,512,512,0,512,0,0.4888473530667226,0.4572132096325831,0.4838470616216118,0.46884925489085333,0.6184768084564387,0.4543173354503383,0.545245970214784,0.03342672107272779,sample,323,0.48738692281292667,0.4574518380398527,0.4855095609316376,0.46829515153392626,0.6181086575781675,0.4539098912301596,0.5472635011979201,0.03384495556118962,2.161438618680496,1.8864029716891562,1.9312245128305525,0.6304141833315294,4.424199270952078,1.8330516959962664,1.7192789949412148,0.10632706375210632
D_W,dw,107,107,0.01,0.02,512,512,0,512,,512,512,0,512,0,0.4888473530667226,0.4572132096325831,0.4838470616216118,0.46884925489085333,0.6184768084564387,0.4543173354503383,0.545245970214784,0.03342672107272779,sample,324,0.4862878504061207,0.4588505745290571,0.4846104316787253,0.4699849207741302,0.6206852707162724,0.45279157134020914,0.5476241430630014,0.03369783476989599,2.1907135402063664,1.9117510575227854,1.9335987977517595,0.6416699281531812,4.390733035560532,1.8145561776489103,1.7204119847751311,0.10586487015498794
D_W,dw,107,107,0.01,0.02,512,512,0,512,,512,512,0,512,0,0.4888473530667226,0.4572132096325831,0.4838470616216118,0.46884925489085333,0.6184768084564387,0.4543173354503383,0.545245970214784,0.03342672107272779,sample,325,0.4886975031652304,0.45756810926908037,0.48283536842868935,0.4690241453553916,0.6200213235843893,0.4533466227653843,0.5456827819373955,0.033180376075611424,2.1888672452444964,1.9434266684094743,1.9307729815129804,0.6388839655594066,4.4520654703252625,1.8233709896115866,1.7143130189249627,0.10423922572248738
D_W,dw,107,107,0.01,0.02,512,512,0,512,,512,512,0,512,0,0.4888473530667226,0.4572132096325831,0.4838470616216118,0.46884925489085333,0.6184768084564387,0.4543173354503383,0.545245970214784,0.03342672107272779,sample,326,0.4887102660269796,0.4566248756147013,0.4843844952652362,0.46899689393702615,0.6184221150692888,0.4551399308665158,0.5447076670960336,0.033165513142863486,2.156154689217861,1.906047261838864,1.9220627532561971,0.6289039038887771,4.457757447147297,1.8268512213109442,1.7112496053029338,0.10419253244215566
D_W,dw,107,107,0.01,0.02,512,512,0,512,,512,512,0,512,0,0.4888473530667226,0.4572132096325831,0.4838470616216118,0.46884925489085333,0.6184768084564387,0.4543173354503383,0.545245970214784,0.03342672107272779,sample,327,0.4886288181361575,0.45566048813439525,0.48341688932530996,0.4674781921813528,0.6210217336572819,0.45425942841500255,0.5456026735883985,0.033144077569319905,2.1925671844930092,1.9183680702179906,1.9207745752580585,0.6435104463321256,4.461342356623691,1.8333212807891162,1.7140613511242626,0.10412519060178566
D_W,dw,107,107,0.01,0.02,512,512,0,512,,512,512,0,512,0,0.4888473530667226,0.4572132096325831,0.4838470616216118,0.46884925489085333,0.6184768084564387,0.4543173354503383,0.545245970214784,0.03342672107272779,sample,328,0.48944861784184057,0.45757586472002904,0.4835839803931219,0.470643979198082,0.617346102268717,0.45402222557234756,0.5452939063971878,0.034749791408004854,2.151770848301894,1.9300142172094463,1.9340306820308333,0.6242323956834713,4.468623127570278,1.8159313456804844,1.7130913303846853,0.10916968940116577
D_W,dw,107,107,0.01,0.02,512,512,0,512,,512,512,0,512,0,0.4888473530667226,0.4572132096325831,0.4838470616216118,0.46884925489085333,0.6184768084564387,0.4543173354503383,0.545245970214784,0.03342672107272779,sample,329,0.4903859897010902,0.4580141313106257,0.48422196227307207,0.46689781267826774,0.6213551670091096,0.4525220077064782,0.5463769801869519,0.031774056925284545,2.1851340585316685,1.9219295791232962,1.931706223856874,0.6485685937798858,4.487287612737638,1.8370892063492552,1.716493907045904,0.09982114381121782
D_W,dw,107,107,0.01,0.02,512,512,0,512,,512,512,0,512,0,0.4888473530667226,0.4572132096325831,0.4838470616216118,0.46884925489085333,0.6184768084564387,0.4543173354503383,0.545245970214784,0.03342672107272779,sample,330,0.4882296311267026,0.4559079891252854,0.4835992251177601,0.468309574108946,0.6178936972119342,0.4542320516546413,0.5456467932301448,0.03368517777002863,2.17229173172421,1.915804859473814,1.9294839688081864,0.6289130854665668,4.451521945379327,1.8333941069045423,1.7141999570666515,0.10582510701718814
D_W,dw,107,107,0.01,0.02,512,512,0,512,,512,512,0,512,0,0.4888473530667226,0.4572132096325831,0.4838470616216118,0.46884925489085333,0.6184768084564387,0.4543173354503383,0.545245970214784,0.03342672107272779,sample,331,0.488684513239859,0.45813884555807804,0.4858722085944093,0.4681403268774849,0.6199055689153582,0.4556110590992538,0.5467564461274832,0.03518829085639921,2.150905335861689,1.8857505959900582,1.9143894390395804,0.6356268761949861,4.448388274174302,1.830501959233229,1.7176860344569647,0.11054727604684465
D_W,dw,107,107,0.01,0.02,512,512,0,512,,512,512,0,512,0,0.4888473530667226,0.4572132096325831,0.4838470616216118,0.46884925489085333,0.6184768084564387,0.4543173354503383,0.545245970214784,0.03342672107272779,sample,332,0.4887615589403757,0.4563274114981596,0.4841522382652212,0.4687557656606223,0.6173167721975314,0.45476835270642196,0.5454911740764332,0.033171129052476066,2.1550106056210825,1.9087420683026473,1.9274305313917648,0.6249679887339533,4.460519746814413,1.831078474182204,1.7137110650765937,0.10421017534253776
D_W,dw,107,107,0.01,0.02,512,512,0,512,,512,512,0,512,0,0.4888473530667226,0.4572132096325831,0.4838470616216118,0.46884925489085333,0.6184768084564387,0.4543173354503383,0.545245970214784,0.03342672107272779,sample,333,0.49030265885773155,0.45757824463507724,0.4843949361294639,0.4705325411245491,0.6175715020757337,0.45530352213792386,0.5432763841753125,0.03369099046657959,2.1333851258688177,1.9151164596182952,1.9240836727768398,0.6231751663001154,4.487656755697729,1.8163719510440435,1.706753097393988,0.1058433681419702
D_W,dw,107,107,0.01,0.02,512,512,0,512,,512,512,0,512,0,0.4888473530667226,0.4572132096325831,0.4838470616216118,0.46884925489085333,0.6184768084564387,0.4543173354503383,0.545245970214784,0.03342672107272779,sample,334,0.48896835504085784,0.4577273434598322,0.48509148672899577,0.4680864821356512,0.618334026307609,0.45458573606674446,0.5453697773471715,0.03532688560123157,2.152704887647958,1.8996518673726313,1.9256524651280948,0.6305012739511849,4.457118098408238,1.8342193149209054,1.7133296860037752,0.11098268427903613
D_W,dw,107,107,0.01,0.02,512,512,0,512,,512,512,0,512,0,0.4888473530667226,0.4572132096325831,0.4838470616216118,0.46884925489085333,0.6184768084564387,0.4543173354503383,0.545245970214784,0.03342672107272779,sample,335,0.48853984431215164,0.4567260284121732,0.48393605071210694,0.46896170902737283,0.6197435767980357,0.45479172224422193,0.5442115082966923,0.03464500637581181,2.171032635441718,1.9153287699998476,1.9211810795671562,0.6353142671941505,4.453504049638074,1.8244208101138046,1.7096908764639092,0.10884049751382192
D_W,dw,107,107,0.01,0.02,512,512,0,512,,512,512,0,512,0,0.4888473530667226,0.4572132096325831,0.4838470616216118,0.46884925489085333,0.6184768084564387,0.4543173354503383,0.545245970214784,0.03342672107272779,sample,336,0.48926845328188884,0.4571406100245369,0.4839527855890031,0.4679200635560286,0.6194885523993086,0.4539911533140348,0.5434845307550434,0.033284179340006596,2.1725100866899694,1.9191844745357483,1.926827830096595,0.6367367620477563,4.4670436420557165,1.8330881660211595,1.7074070091597404,0.1045653332953299
D_W,dw,107,107,0.01,0.02,512,512,0,512,,512,512,0,512,0,0.4888473530667226,0.4572132096325831,0.4838470616216118,0.46884925489085333,0.6184768084564387,0.4543173354503383,0.545245970214784,0.03342672107272779,sample,337,0.4895807274068438,0.45633398442787765,0.4842665548466466,0.4687070264879558,0.6188487609291572,0.45379455699970433,0.5461445485944252,0.03293950134878403,2.162936813539585,1.9078934240137255,1.9304095204067586,0.6333615029637457,4.478156009983252,1.8282536842908146,1.71576370166236,0.103482495450251
D_W,dw,107,107,0.01,0.02,512,512,0,512,,512,512,0,512,0,0.4888473530667226,0.4572132096325831,0.4838470616216118,0.46884925489085333,0.6184768084564387,0.4543173354503383,0.545245970214784,0.03342672107272779,sample,338,0.4876248439766079,0.4570539719120963,0.485673630242005,0.46929822008465455,0.6200469885635604,0.4560988079472054,0.5497927003766828,0.03620134707764133,2.154529864338014,1.8809956591548247,1.9112939116590624,0.634132056062252,4.431833338703988,1.8211775338748064,1.727224708500681,0.11372988602917233
D_W,dw,107,107,0.01,0.02,512,512,0,512,,512,512,0,512,0,0.4888473530667226,0.4572132096325831,0.4838470616216118,0.46884925489085333,0.6184768084564387,0.4543173354503383,0.545245970214784,0.03342672107272779,sample,339,0.4873175633695034,0.45628377198087,0.48205099896451054,0.46661854923186397,0.6173281032481431,0.45208266461208496,0.5428036454078486,0.03480810834513627,2.2079097954515112,1.946397799815393,1.9450935421564903,0.6322041590000632,4.430031746370149,1.8479856428825272,1.7052679447550563,0.10935289746243768
D_W,dw,107,107,0.01,0.02,512,512,0,512,,512,512,0,512,0,0.4888473530667226,0.4572132096325831,0.4838470616216118,0.46884925489085333,0.6184768084564387,0.4543173354503383,0.545245970214784,0.03342672107272779,sample,340,0.4882508186432917,0.45683175295999706,0.4847646403749663,0.4687523872877917,0.6195215326779335,0.4541574320063061,0.5449166878739863,0.033974330909939496,2.1680832208506717,1.8990204517003715,1.9261246374695562,0.6356376538931703,4.446653980972246,1.8265119734467359,1.7119062634433977,0.10673350839729455
D_W,dw,107,107,0.01,0.02,512,512,0,512,,512,512,0,512,0,0.4888473530667226,0.4572132096325831,0.4838470616216118,0.46884925489085333,0.6184768084564387,0.4543173354503383,0.545245970214784,0.03342672107272779,sample,341,0.4890717760808631,0.45748055563507706,0.4831026709671639,0.4682636925883889,0.6182836872212423,0.45338884631591475,0.5459783113226387,0.033101061908496945,2.176496071884873,1.9382120513171883,1.9344684067123126,0.6321038049731723,4.460816977763399,1.8329292567253102,1.7152414518705628,0.10399005291775494
D_W,dw,107,107,0.01,0.02,512,512,0,512,,512,512,0,512,0,0.4888473530667226,0.4572132096325831,0.4838470616216118,0.46884925489085333,0.6184768084564387,0.4543173354503383,0.545245970214784,0.03342672107272779,sample,342,0.4893928382615415,0.4583564724795768,0.4836781107191251,0.46915783289658963,0.6169834714947208,0.45373254219425485,0.5445878624132816,0.03308228945013446,2.1553234533282133,1.933782203108892,1.936070356844568,0.6248138324266802,4.462979181355362,1.8285760217727116,1.7108732277917345,0.10393107750047353
D_W,dw,107,107,0.01,0.02,512,512,0,512,,512,512,0,512,0,0.4888473530667226,0.4572132096325831,0.4838470616216118,0.46884925489085333,0.6184768084564387,0.4543173354503383,0.545245970214784,0.03342672107272779,sample,343,0.49023870166988476,0.45910670755616867,0.48578510919346046,0.4678130761344903,0.620489568731188,0.45689051482777404,0.5473864009778094,0.032933722058973554,2.139198249212246,1.8968399526509179,1.9036040881670624,0.6365304606073703,4.478071953793587,1.8318354660428646,1.719665095986843,0.10346433927583944
D_W,dw,107,107,0.01,0.02,512,512,0,512,,512,512,0,512,0,0.4888473530667226,0.4572132096325831,0.4838470616216118,0.46884925489085333,0.6184768084564387,0.4543173354503383,0.545245970214784,0.03342672107272779,sample,344,0.4868208595031506,0.4575788650732374,0.48094551803338936,0.46508781702118546,0.6199483973857051,0.45664521036278455,0.5441266588084196,0.03169008573149276,2.2162637831369594,1.976008106182406,1.904835374475343,0.6378807909662328,4.411168588477972,1.8540312595929958,1.7094243139348908,0.09955734052568839
D_W,dw,107,107,0.01,0.02,512,512,0,512,,512,512,0,512,0,0.4888473530667226,0.4572132096325831,0.4838470616216118,0.46884925489085333,0.6184768084564387,0.4543173354503383,0.545245970214784,0.03342672107272779,sample,345,0.4914307917049298,0.45770007467753754,0.4847326339148561,0.4661207657189822,0.619070777901167,0.45424490156855885,0.5457953746227328,0.030105603926567668,2.154118389336226,1.9108039811663204,1.9248229002081985,0.6366587568917461,4.512511855927563,1.848000938748848,1.7146667392780661,0.09457954412758901
D_W,dw,107,107,0.01,0.02,512,512,0,512,,512,512,0,512,0,0.4888473530667226,0.4572132096325831,0.4838470616216118,0.46884925489085333,0.6184768084564387,0.4543173354503383,0.545245970214784,0.03342672107272779,sample,346,0.487870264346667,0.458568437869919,0.4836993930052284,0.467858335272952,0.6172830508270221,0.4528938407390345,0.5456135701836023,0.03290894060113546,2.1760356862408994,1.9318317343138334,1.9403606868126737,0.6290884167224403,4.427582404592749,1.8382810561671767,1.714095583787704,0.10338648602995003
D_W,dw,107,107,0.01,0.02,512,512,0,512,,512,512,0,512,0,0.4888473530667226,0.4572132096325831,0.4838470616216118,0.46884925489085333,0.6184768084564387,0.4543173354503383,0.545245970214784,0.03342672107272779,sample,347,0.48991080689951905,0.4572888723505261,0.48352334183579115,0.47021560504727766,0.6176086267668498,0.45319085859534586,0.5455240492684886,0.03334139263902236,2.157580097989082,1.9299502806109847,1.9390255147649844,0.6272845366818296,4.480421836582865,1.8188315483133415,1.7138143455384403,0.10474507417520545
D_W,dw,107,107,0.01,0.02,512,512,0,512,,512,512,0,512,0,0.4888473530667226,0.4572132096325831,0.4838470616216118,0.46884925489085333,0.6184768084564387,0.4543173354503383,0.545245970214784,0.03342672107272779,sample,348,0.48815387312557396,0.4572332537612206,0.48379675187180815,0.4690975817775858,0.6179043238803095,0.45403540098165657,0.5433963079758122,0.033913085576468376,2.1672512641692654,1.9208828041649493,1.9314146595782438,0.6283804635145831,4.442170023902145,1.8271279850967723,1.7071298491246283,0.10654110050759502
D_W,dw,107,107,0.01,0.02,512,512,0,512,,512,512,0,512,0,0.4888473530667226,0.4572132096325831,0.4838470616216118,0.46884925489085333,0.6184768084564387,0.4543173354503383,0.545245970214784,0.03342672107272779,sample,349,0.4889001709872814,0.45762474634193995,0.48309266033287945,0.46885024106940404,0.6180289696401112,0.45426737367961756,0.5459849288281895,0.033948554572304473,2.1690050584583416,1.9391490115358396,1.9292529887556367,0.628815144686558,4.456203405850458,1.828829115589271,1.7152622413773861,0.10665252964434392
D_W,dw,107,107,0.01,0.02,512,512,0,512,,512,512,0,512,0,0.4888473530667226,0.4572132096325831,0.4838470616216118,0.46884925489085333,0.6184768084564387,0.4543173354503383,0.545245970214784,0.03342672107272779,sample,350,0.4869680667877627,0.45683382831323505,0.48348301741336425,0.46963115195171745,0.6184737809281331,0.4537040719391238,0.5460411296840114,0.03279257811525334,2.1817024506876495,1.9219246506875813,1.9326591979059604,0.6308286742061671,4.41918857863239,1.8217273799060307,1.7154388015731619,0.1030209224991493
D_W,dw,107,107,0.01,0.02,512,512,0,512,,512,512,0,512,0,0.4888473530667226,0.4572132096325831,0.4838470616216118,0.46884925489085333,0.6184768084564387,0.4543173354503383,0.545245970214784,0.03342672107272779,sample,351,0.48867074441472885,0.45743419608098096,0.48503857330352035,0.4690397261839053,0.6187883874322937,0.4541382460992605,0.5445560157930067,0.03373405247519563,2.156877276292156,1.898233811203024,1.928337836387608,0.6321350304700696,4.452260967017984,1.8257580011419623,1.7107731786834373,0.10597865143188717
D_W,dw,107,107,0.01,0.02,512,512,0,512,,512,512,0,512,0,0.4888473530667226,0.4572132096325831,0.4838470616216118,0.46884925489085333,0.6184768084564387,0.4543173354503383,0.545245970214784,0.03342672107272779,sample,352,0.48913564741469573,0.45787823363338837,0.48318691323087676,0.4687598693161514,0.618769998765847,0.4534874456772422,0.5452038342219887,0.033345651384508505,2.175317420821865,1.9396151803552166,1.9328386802445907,0.6334800679545655,4.459963377061925,1.8280008826210459,1.712808360300787,0.10475845341873824
D_W,dw,107,107,0.01,0.02,512,512,0,512,,512,512,0,512,0,0.4888473530667226,0.4572132096325831,0.4838470616216118,0.46884925489085333,0.6184768084564387,0.4543173354503383,0.545245970214784,0.03342672107272779,sample,353,0.4900606952907889,0.456179762595924,0.4837886349210927,0.46943563700043667,0.6183373608835169,0.45444264199674184,0.5454529580393592,0.032717615077596476,2.1554798159466015,1.9170486049284687,1.9275898773956672,0.6291992498802603,4.48934294589705,1.8235541219656877,1.7135910058552726,0.10278541917075575
D_W,dw,107,107,0.01,0.02,512,512,0,512,,512,512,0,512,0,0.4888473530667226,0.4572132096325831,0.4838470616216118,0.46884925489085333,0.6184768084564387,0.4543173354503383,0.545245970214784,0.03342672107272779,sample,354,0.4886946503664463,0.4579333186109957,0.48460780965087685,0.46838231469514907,0.6186024304737601,0.45454000555424606,0.5444500820269872,0.0335721800083813,2.1594500810147608,1.9104625453242627,1.9254952810225638,0.6314040158683211,4.449844152522221,1.8313229159831466,1.7104403779423432,0.10547011407932481
D_W,dw,107,107,0.01,0.02,512,512,0,512,,512,512,0,512,0,0.4888473530667226,0.4572132096325831,0.4838470616216118,0.46884925489085333,0.6184768084564387,0.4543173354503383,0.545245970214784,0.03342672107272779,sample,355,0.4887840547764624,0.4568697230652486,0.4849165517983232,0.46899768245938844,0.618228082790797,0.45440436368412257,0.5446804948620804,0.03418233729091758,2.1533153828344886,1.8971549325248591,1.9278526445671682,0.6292843257462638,4.457975897258839,1.8272470393404798,1.7111642412123647,0.10738697971567511
D_W,dw,107,107,0.01,0.02,512,512,0,512,,512,512,0,512,0,0.4888473530667226,0.4572132096325831,0.4838470616216118,0.46884925489085333,0.6184768084564387,0.4543173354503383,0.545245970214784,0.03342672107272779,sample,356,0.48955378026613605,0.4577976738263722,0.4838673924413524,0.4696997778306764,0.6192510142923371,0.4550543494255193,0.5466990929069026,0.03191187934903768,2.1570849322124594,1.9261166676150248,1.9210290053679668,0.6318864966883233,4.469739096160836,1.8196185703180994,1.7175058540005288,0.1002541257251806
D_W,dw,107,107,0.01,0.02,512,512,0,512,,512,512,0,512,0,0.4888473530667226,0.4572132096325831,0.4838470616216118,0.46884925489085333,0.6184768084564387,0.4543173354503383,0.545245970214784,0.03342672107272779,sample,357,0.4882408630790514,0.4575601818510129,0.4849854478062999,0.4686574244812445,0.618746050905295,0.45395818598321985,0.5447003739947843,0.033273092605461976,2.162281542375194,1.899376484604228,1.9294743159617294,0.6326926578833275,4.442091963554639,1.8288571999441152,1.7112266933496272,0.10453050329153221
D_W,dw,107,107,0.01,0.02,512,512,0,512,,512,512,0,512,0,0.4888473530667226,0.4572132096325831,0.4838470616216118,0.46884925489085333,0.6184768084564387,0.4543173354503383,0.545245970214784,0.03342672107272779,sample,358,0.4906786947002843,0.457019328595914,0.4857818938096215,0.47018948235507324,0.6197783185172807,0.4543577233414089,0.5476318719369118,0.03580169677744201,2.138091812668211,1.8834781191840093,1.9249792377129995,0.6348203829011347,4.498824195144382,1.814721300257717,1.7204362657486283,0.11247434758206118
D_W,dw,107,107,0.01,0.02,512,512,0,512,,512,512,0,512,0,0.4888473530667226,0.4572132096325831,0.4838470616216118,0.46884925489085333,0.6184768084564387,0.4543173354503383,0.545245970214784,0.03342672107272779,sample,359,0.48881906579533474,0.4585089287666931,0.48390465311328495,0.46713133473399676,0.6188560825211917,0.45200594252495446,0.5448100974058423,0.03223555764347455,2.1847733889343717,1.9291824497209389,1.9419509678417366,0.6383262428919624,4.449163667240176,1.8405952950155005,1.7115713996117337,0.10127099107710995
D_W,dw,107,107,0.01,0.02,512,512,0,512,,512,512,0,512,0,0.4888473530667226,0.4572132096325831,0.4838470616216118,0.46884925489085333,0.6184768084564387,0.4543173354503383,0.545245970214784,0.03342672107272779,sample,360,0.49018775949814763,0.45770838535528235,0.4835253916135037,0.46940583693865595,0.6190052584505713,0.4547895225681419,0.545659833816768,0.03359923689027916,2.1575765347500906,1.9334786175312562,1.9233621328606103,0.631577497946011,4.484408762279702,1.8224296344111726,1.7142409252777857,0.10555511578072417
D_W,dw,107,107,0.01,0.02,512,512,0,512,,512,512,0,512,0,0.4888473530667226,0.4572132096325831,0.4838470616216118,0.46884925489085333,0.6184768084564387,0.4543173354503383,0.545245970214784,0.03342672107272779,sample,361,0.48952493773463046,0.4582078274632389,0.4841531523042553,0.4687275452294201,0.6183226691409242,0.45498237539004627,0.5449067536414189,0.034047322518815,2.1527180039190146,1.9232439534901136,1.9232701683214872,0.6290406272300436,4.4668019282212565,1.829186085201617,1.711875054131345,0.10696281829951154
D_W,dw,107,107,0.01,0.02,512,512,0,512,,512,512,0,512,0,0.4888473530667226,0.4572132096325831,0.4838470616216118,0.46884925489085333,0.6184768084564387,0.4543173354503383,0.545245970214784,0.03342672107272779,sample,362,0.48962209967072506,0.45763274387825176,0.4836331145470964,0.4702311332042758,0.6182922374211623,0.4531797794689357,0.5457362419370578,0.03335988433533693,2.1618717153615163,1.9297572795782283,1.937289026119893,0.6302706073239904,4.472167965182784,1.8173322980081767,1.714480968467163,0.10480316755249972
D_W,dw,107,107,0.01,0.02,512,512,0,512,,512,512,0,512,0,0.4888473530667226,0.4572132096325831,0.4838470616216118,0.46884925489085333,0.6184768084564387,0.4543173354503383,0.545245970214784,0.03342672107272779,sample,363,0.48988841074370215,0.4567543953537879,0.48308815126973637,0.46895169765368655,0.6174306950154144,0.45381018647632476,0.5455915824459344,0.033697794477259936,2.162649399892439,1.934637401906952,1.9341790686043316,0.6268664998602488,4.482697707518291,1.8292783721532224,1.7140265072725775,0.10586474357193852
D_W,dw,107,107,0.01,0.02,512,512,0,512,,512,512,0,512,0,0.4888473530667226,0.4572132096325831,0.4838470616216118,0.46884925489085333,0.6184768084564387,0.4543173354503383,0.545245970214784,0.03342672107272779,sample,364,0.48950770529627047,0.45699564176643204,0.4840195004479203,0.46654887682772095,0.6152850826535026,0.4579347214567675,0.545090778734524,0.032373862612677176,2.1303205403623493,1.9172476366006872,1.9078513705817364,0.6135786380611812,4.47308217010358,1.8532013590379717,1.71245318601192,0.10170548895231188
D_W,dw,107,107,0.01,0.02,512,512,0,512,,512,512,0,512,0,0.4888473530667226,0.4572132096325831,0.4838470616216118,0.46884925489085333,0.6184768084564387,0.4543173354503383,0.545245970214784,0.03342672107272779,sample,365,0.48931732653247384,0.4563177275085663,0.4840707221265515,0.4689990253730023,0.6186554921702879,0.4533906994840447,0.5467347982962496,0.03459151934138538,2.166530074512119,1.9112288903979264,1.9339910348246794,0.6328725313237424,4.4725425173351,1.826352450739796,1.7176180257893952,0.10867246303940555
D_W,dw,107,107,0.01,0.02,512,512,0,512,,512,512,0,512,0,0.4888473530667226,0.4572132096325831,0.4838470616216118,0.46884925489085333,0.6184768084564387,0.4543173354503383,0.545245970214784,0.03342672107272779,sample,366,0.4889151210370635,0.4579434042191791,0.48296447598428616,0.4688522649733322,0.6182931046998654,0.45435570626774163,0.5450897080580749,0.03339761114150224,2.1708496009446274,1.9441143118723185,1.9279345320385046,0.6298176175084795,4.454679400597415,1.8282621134658001,1.7124498223826532,0.10492168980959206
D_W,dw,107,107,0.01,0.02,512,512,0,512,,512,512,0,512,0,0.4888473530667226,0.4572132096325831,0.4838470616216118,0.46884925489085333,0.6184768084564387,0.4543173354503383,0.545245970214784,0.03342672107272779,sample,367,0.48945907573151193,0.4569074595132496,0.48467665271927074,0.46877916332941383,0.6183513517866259,0.4542819253818499,0.5440176332587098,0.03399581242464447,2.1533282486742307,1.9033744949021218,1.9282630341739553,0.630280825590248,4.472488387964392,1.8287184905702907,1.709081800068869,0.1068009945660797
D_W,dw,107,107,0.01,0.02,512,512,0,512,,512,512,0,512,0,0.4888473530667226,0.4572132096325831,0.4838470616216118,0.46884925489085333,0.6184768084564387,0.4543173354503383,0.545245970214784,0.03342672107272779,sample,368,0.4846652828762385,0.4558398938125054,0.48183741452351736,0.47006912252252636,0.6161594091912148,0.4536319864277539,0.5450161441381659,0.03498958013294934,2.200742922055589,1.9413763851582737,1.939654014744491,0.6203625999778773,4.378163717184071,1.8229813504548482,1.7122187145122978,0.10992300789786502
D_W,dw,107,107,0.01,0.02,512,512,0,512,,512,512,0,512,0,0.4888473530667226,0.4572132096325831,0.4838470616216118,0.46884925489085333,0.6184768084564387,0.4543173354503383,0.545245970214784,0.03342672107272779,sample,369,0.4889038295709793,0.4571101553936541,0.4845369153917025,0.469135755765125,0.6177190992803386,0.45521682117575735,0.5445470783856498,0.03226592205513376,2.147871753124476,1.9066142089872933,1.9234039039861395,0.6255372430208778,4.4592265870207655,1.8272104349925937,1.7107451009901424,0.1013663836897091
D_W,dw,107,107,0.01,0.02,512,512,0,512,,512,512,0,512,0,0.4888473530667226,0.4572132096325831,0.4838470616216118,0.46884925489085333,0.6184768084564387,0.4543173354503383,0.545245970214784,0.03342672107272779,sample,370,0.4883889800015649,0.4579548563797819,0.4840632787066571,0.4697193872410135,0.6210707291502086,0.4544999799230922,0.5466154629392282,0.035365667234359605,2.176340495716772,1.921091126753652,1.9204036239271347,0.640777461538707,4.442948334333747,1.815875505956443,1.7172431227084632,0.11110452037276539
D_W,dw,107,107,0.01,0.02,512,512,0,512,,512,512,0,512,0,0.4888473530667226,0.4572132096325831,0.4838470616216118,0.46884925489085333,0.6184768084564387,0.4543173354503383,0.545245970214784,0.03342672107272779,sample,371,0.48898744241330905,0.45635565073149725,0.48496399351469854,0.46916527471432956,0.6210497201322792,0.4538954901337196,0.5461657676116968,0.033664546263153676,2.1707169205935677,1.8931848123107353,1.9243723959499652,0.6423036085203837,4.465223343119529,1.820219682287578,1.7158303631711367,0.10576029122675731
D_W,dw,107,107,0.01,0.02,512,512,0,512,,512,512,0,512,0,0.4888473530667226,0.4572132096325831,0.4838470616216118,0.46884925489085333,0.6184768084564387,0.4543173354503383,0.545245970214784,0.03342672107272779,sample,372,0.4887128859921424,0.4563637726331018,0.4843174856466746,0.4694687101333053,0.6186557301661164,0.45419600779361996,0.5451457768607252,0.03301272059168553,2.1618194357775358,1.9056353941778816,1.9285555177780442,0.6309712452814681,4.459272886166602,1.822642941685009,1.7126259677211548,0.10371252048585175
D_W,dw,107,107,0.01,0.02,512,512,0,512,,512,512,0,512,0,0.4888473530667226,0.4572132096325831,0.4838470616216118,0.46884925489085333,0.6184768084564387,0.4543173354503383,0.545245970214784,0.03342672107272779,sample,373,0.4892351640213564,0.45817129969761733,0.4838593627572184,0.46952584061457525,0.6181531675802341,0.4538857835500402,0.544492474169094,0.03387731544107596,2.159405787172001,1.9284248268480282,1.932127922841636,0.6292359027080658,4.460499790924709,1.8232158543066055,1.7105735567845557,0.1064287253130283
D_W,dw,107,107,0.01,0.02,512,512,0,512,,512,512,0,512,0,0.4888473530667226,0.4572132096325831,0.4838470616216118,0.46884925489085333,0.6184768084564387,0.4543173354503383,0.545245970214784,0.03342672107272779,sample,374,0.4896081222668998,0.45540973545905616,0.48110537658346164,0.4692677064314034,0.6167774089897778,0.4490333607304854,0.5405564379833816,0.0315946299092434,2.209161296319502,1.9621856256926957,1.970183734783928,0.6322549382105799,4.483423288021653,1.828131225585701,1.6982081344192583,0.09925745721576743
D_W,dw,107,107,0.01,0.02,512,512,0,512,,512,512,0,512,0,0.4888473530667226,0.4572132096325831,0.4838470616216118,0.46884925489085333,0.6184768084564387,0.4543173354503383,0.545245970214784,0.03342672107272779,sample,375,0.48939071332718215,0.4583219115405607,0.4839723749335875,0.46941401209263073,0.6182797252906727,0.453615471880347,0.5455711942982728,0.03349419471133504,2.1598832005719766,1.9275253178733347,1.9336557225668989,0.6303767168921331,4.463129657585936,1.8238434804847208,1.7139624560176636,0.10522511604303625
D_W,dw,107,107,0.01,0.02,512,512,0,512,,512,512,0,512,0,0.4888473530667226,0.4572132096325831,0.4838470616216118,0.46884925489085333,0.6184768084564387,0.4543173354503383,0.545245970214784,0.03342672107272779,sample,376,0.48927901329492823,0.455825961962587,0.4840423797678227,0.46853137670704476,0.6184156842476006,0.4551507175808085,0.5453800917436086,0.0343594333623988,2.1583985991520556,1.9084091420061398,1.9216884160831076,0.6293956435780049,4.4742937370425535,1.8305399945970655,1.7133620896358481,0.10794334343282011
D_W,dw,107,107,0.01,0.02,512,512,0,512,,512,512,0,512,0,0.4888473530667226,0.4572132096325831,0.4838470616216118,0.46884925489085333,0.6184768084564387,0.4543173354503383,0.545245970214784,0.03342672107272779,sample,377,0.4873460332005259,0.4580694820400377,0.4827239824100311,0.46788198747543563,0.6185014069521482,0.45354091748472686,0.5436430175905228,0.03282385911762569,2.192612696266943,1.946504689120213,1.932546831251631,0.6332397987666418,4.4192961323178075,1.835472456734914,1.707904910237773,0.10311919466639922
D_W,dw,107,107,0.01,0.02,512,512,0,512,,512,512,0,512,0,0.4888473530667226,0.4572132096325831,0.4838470616216118,0.46884925489085333,0.6184768084564387,0.4543173354503383,0.545245970214784,0.03342672107272779,sample,378,0.49003809302654433,0.45651572037431765,0.4841775311425516,0.4674358422624113,0.6189886215433749,0.452213599099935,0.5449320628022658,0.03544831786536762,2.175020808554516,1.9116326300921294,1.940359304319244,0.6381751143759102,4.4871830038323575,1.8379298624934153,1.71195456520513,0.11136417498795473
D_W,dw,107,107,0.01,0.02,512,512,0,512,,512,512,0,512,0,0.4888473530667226,0.4572132096325831,0.4838470616216118,0.46884925489085333,0.6184768084564387,0.4543173354503383,0.545245970214784,0.03342672107272779,sample,379,0.4873350183401958,0.4574689847185788,0.48374440168869515,0.46796831868194955,0.617117788909555,0.4544997206333002,0.5439991417152731,0.032543149497366024,2.1702940169193874,1.9219262811296292,1.9293366828172558,0.6254806884552181,4.422968053734656,1.8377671958445039,1.7090237071718546,0.10223731938559946
D_W,dw,107,107,0.01,0.02,512,512,0,512,,512,512,0,512,0,0.4888473530667226,0.4572132096325831,0.4838470616216118,0.46884925489085333,0.6184768084564387,0.4543173354503383,0.545245970214784,0.03342672107272779,sample,380,0.48997395109785613,0.4559466906567465,0.4841538609093115,0.46758948014480545,0.6198192235621182,0.4561692138674339,0.5454581686409846,0.033559984277242084,2.158824007384466,1.9081257161295586,1.9102455336853936,0.6349943972218162,4.4886116550172055,1.8349696177377859,1.7136073754430599,0.1054318000599727
D_W,dw,107,107,0.01,0.02,512,512,0,512,,512,512,0,512,0,0.4888473530667226,0.4572132096325831,0.4838470616216118,0.46884925489085333,0.6184768084564387,0.4543173354503383,0.545245970214784,0.03342672107272779,sample,381,0.488963286217961,0.45723788158211476,0.48456080275364377,0.4704461710048819,0.6192051299201379,0.4535854984172128,0.5471908884741289,0.033062512842000666,2.159865587005595,1.9071079948463452,1.932128913543607,0.6333316814218944,4.459805579961573,1.8138202845114204,1.7190508753415952,0.10386894745364748
D_W,dw,107,107,0.01,0.02,512,512,0,512,,512,512,0,512,0,0.4888473530667226,0.4572132096325831,0.4838470616216118,0.46884925489085333,0.6184768084564387,0.4543173354503383,0.545245970214784,0.03342672107272779,sample,382,0.49033429982495835,0.4563649024913254,0.4847030716817118,0.46964924837540684,0.616971620382568,0.45466590711022536,0.545866856947587,0.03374834908032695,2.134970440196305,1.900566588487982,1.9296917459492096,0.6226062861134336,4.494396882567571,1.824668884190254,1.7148913076246897,0.106023565541539
D_W,dw,107,107,0.01,0.02,512,512,0,512,,512,512,0,512,0,0.4888473530667226,0.4572132096325831,0.4838470616216118,0.46884925489085333,0.6184768084564387,0.4543173354503383,0.545245970214784,0.03342672107272779,sample,383,0.48892195283197787,0.45604851193278834,0.484248301671021,0.46765810748823305,0.6179312490379036,0.45312080141724426,0.5445440359923807,0.03345768803985943,2.170236735337726,1.9052594535051335,1.9368744956047665,0.6317468652485245,4.465480242141331,1.8384592002719575,1.710735543029799,0.10511042695212146
D_W,dw,107,107,0.01,0.02,512,512,0,512,,512,512,0,512,0,0.4888473530667226,0.4572132096325831,0.4838470616216118,0.46884925489085333,0.6184768084564387,0.4543173354503383,0.545245970214784,0.03342672107272779,sample,384,0.48650891631452736,0.45801930318916395,0.48368029930242545,0.46863871276362284,0.6196051399072994,0.4550469794010557,0.5482909683414313,0.03400658248438406,2.1849342799542653,1.9252654091561294,1.9194957301875117,0.6346547519771297,4.401449246558574,1.8272303872019076,1.7225068781710744,0.1068348297066363
D_W,dw,107,107,0.01,0.02,512,512,0,512,,512,512,0,512,0,0.4888473530667226,0.4572132096325831,0.4838470616216118,0.46884925489085333,0.6184768084564387,0.4543173354503383,0.545245970214784,0.03342672107272779,sample,385,0.4881101852653119,0.458299800982689,0.4835157056459842,0.4689553815120487,0.6182768584788145,0.454055544800453,0.5453885822086122,0.03411871418126784,2.1716668226753564,1.9340780452508834,1.9301995661687545,0.6301359214868194,4.434633208603037,1.8274804781747311,1.7133887632183291,0.10718710182180094
D_W,dw,107,107,0.01,0.02,512,512,0,512,,512,512,0,512,0,0.4888473530667226,0.4572132096325831,0.4838470616216118,0.46884925489085333,0.6184768084564387,0.4543173354503383,0.545245970214784,0.03342672107272779,sample,386,0.4887567025891577,0.457091430759433,0.4834894225233098,0.47003201225945596,0.617546147216524,0.4531464904614467,0.5462738270722175,0.0343385986437365,2.1658409028644416,1.927126677726234,1.9393862983780745,0.6272925748337186,4.456121165481539,1.8204251448745952,1.7161698419784595,0.10787788923373103
D_W,dw,107,107,0.01,0.02,512,512,0,512,,512,512,0,512,0,0.4888473530667226,0.4572132096325831,0.4838470616216118,0.46884925489085333,0.6184768084564387,0.4543173354503383,0.545245970214784,0.03342672107272779,sample,387,0.48866463907896596,0.4565973875101956,0.4843199280041224,0.46992141914394087,0.6192239219606297,0.4571038342251914,0.5481080869025517,0.03466862645994914,2.1476705869802855,1.9070665018248725,1.9064586593269217,0.6281955087296616,4.456927461955333,1.8179257889850533,1.7219323391862125,0.10891470219662494
D_W,dw,107,107,0.01,0.02,512,512,0,512,,512,512,0,512,0,0.4888473530667226,0.4572132096325831,0.4838470616216118,0.46884925489085333,0.6184768084564387,0.4543173354503383,0.545245970214784,0.03342672107272779,sample,388,0.4880236835706921,0.4564377122607433,0.48346382202171934,0.4687499606180295,0.6193255489792047,0.45496977904368413,0.547739117861255,0.03502830223042968,2.176628016451403,1.9216692188286377,1.92082537831153,0.6334285724771015,4.444093469387157,1.8269328861203535,1.7207731887566724,0.11004465695484085
D_W,dw,107,107,0.01,0.02,512,512,0,512,,512,512,0,512,0,0.4888473530667226,0.4572132096325831,0.4838470616216118,0.46884925489085333,0.6184768084564387,0.4543173354503383,0.545245970214784,0.03342672107272779,sample,389,0.4923303860834179,0.45637835586745296,0.4836592396625694,0.46708905469076334,0.6183185551369871,0.45796785547171853,0.544808597112939,0.031046028560645894,2.131902237131721,1.924246145436624,1.9005522117522349,0.6261542759437089,4.53834653597681,1.8420937170813712,1.7115666863025707,0.09753397524926403
D_W,dw,107,107,0.01,0.02,512,512,0,512,,512,512,0,512,0,0.4888473530667226,0.4572132096325831,0.4838470616216118,0.46884925489085333,0.6184768084564387,0.4543173354503383,0.545245970214784,0.03342672107272779,sample,390,0.48836851786672403,0.4578213173293922,0.4827888326662121,0.4684763193961391,0.6190183698012073,0.45380875305186497,0.5456599175323114,0.033264252701373676,2.1847857219529185,1.9455744569828932,1.9297119877286668,0.6343439827561881,4.44330998214489,1.8297149698949422,1.7142411882779216,0.10450273191378998
D_W,dw,107,107,0.01,0.02,512,512,0,512,,512,512,0,512,0,0.4888473530667226,0.4572132096325831,0.4838470616216118,0.46884925489085333,0.6184768084564387,0.4543173354503383,0.545245970214784,0.03342672107272779,sample,391,0.4893780651960751,0.4584142323409016,0.4840094324748291,0.46825659077844806,0.618612822073248,0.4535827381060896,0.545294041779875,0.03318361264183423,2.165953181080306,1.9274254107692603,1.9322214627007661,0.6332142825813695,4.462313469189399,1.832290482222966,1.713091755701941,0.10424939369515582
D_W,dw,107,107,0.01,0.02,512,512,0,512,,512,512,0,512,0,0.4888473530667226,0.4572132096325831,0.4838470616216118,0.46884925489085333,0.6184768084564387,0.4543173354503383,0.545245970214784,0.03342672107272779,sample,392,0.48945265865744353,0.45613419332650557,0.4843159011353812,0.46799646435537917,0.6187941104681897,0.4543925562500159,0.5465137956559063,0.03367813363219705,2.1626198759113677,1.905366461347559,1.9257946332911464,0.6329404152297862,4.476422686459748,1.8339520021306959,1.7169237255180687,0.10580297720552559
D_W,dw,107,107,0.01,0.02,512,512,0,512,,512,512,0,512,0,0.4888473530667226,0.4572132096325831,0.4838470616216118,0.46884925489085333,0.6184768084564387,0.4543173354503383,0.545245970214784,0.03342672107272779,sample,393,0.4890895402563592,0.4561121507248716,0.4842246691827692,0.4671414686406733,0.6207431349104361,0.45525616823797527,0.5474493591550547,0.036938181706322605,2.1757159170941955,1.9064275371991533,1.9141959765595533,0.6410553768205337,4.4687296764124795,1.836497782179335,1.71986288493396,0.11604472028554798
D_W,dw,107,107,0.01,0.02,512,512,0,512,,512,512,0,512,0,0.4888473530667226,0.4572132096325831,0.4838470616216118,0.46884925489085333,0.6184768084564387,0.4543173354503383,0.545245970214784,0.03342672107272779,sample,394,0.4871744270835443,0.456438547500183,0.48248180160943566,0.46782875930456824,0.6167220010029123,0.45289555420477845,0.5462271020195851,0.03481988660526742,2.1918882063440996,1.9389807036904374,1.9418307408195583,0.626687907121481,4.426054843460979,1.8397414254688116,1.7160230508963712,0.10938989995793777
D_W,dw,107,107,0.01,0.02,512,512,0,512,,512,512,0,512,0,0.4888473530667226,0.4572132096325831,0.4838470616216118,0.46884925489085333,0.6184768084564387,0.4543173354503383,0.545245970214784,0.03342672107272779,sample,395,0.4887399043515153,0.4569903860912041,0.4833720257017027,0.46906517253465757,0.6174895929702261,0.453569603500307,0.5460010343524955,0.03239381460409033,2.168081811320808,1.9286949213359719,1.9358314967066979,0.6274061004351151,4.456331748505791,1.8282514871326316,1.715312838374228,0.10176816998195995
D_W,dw,107,107,0.01,0.02,512,512,0,512,,512,512,0,512,0,0.4888473530667226,0.4572132096325831,0.4838470616216118,0.46884925489085333,0.6184768084564387,0.4543173354503383,0.545245970214784,0.03342672107272779,sample,396,0.48885108084485074,0.4563797319534217,0.4841256008475272,0.46937826563394236,0.618895733018043,0.45466307386849014,0.5456327875033543,0.03274897205093856,2.161860974299606,1.9097749157261528,1.9245305789137135,0.6313394670982362,4.462155780585746,1.8228692433680804,1.7141559567782585,0.10288393000784604
D_W,dw,107,107,0.01,0.02,512,512,0,512,,512,512,0,512,0,0.4888473530667226,0.4572132096325831,0.4838470616216118,0.46884925489085333,0.6184768084564387,0.4543173354503383,0.545245970214784,0.03342672107272779,sample,397,0.48907402666187816,0.45761538140677993,0.48485272195221313,0.46870988912402006,0.6187651181821063,0.4540852034297773,0.5442313916118119,0.033700940418702426,2.157182547063915,1.9039599474101765,1.9285537053379682,0.6325006932227842,4.460100006141422,1.8284045503385562,1.7097533417406179,0.10587462683846287
D_W,dw,107,107,0.01,0.02,512,512,0,512,,512,512,0,512,0,0.4888473530667226,0.4572132096325831,0.4838470616216118,0.46884925489085333,0.6184768084564387,0.4543173354503383,0.545245970214784,0.03342672107272779,sample,398,0.4862975550740423,0.4566903579813931,0.48154387727948067,0.4697955169095527,0.6190902372829735,0.45443084914296805,0.5460454523615768,0.03419975740672615,2.203802489787302,1.9567165286473491,1.9259680059123154,0.6321133652639859,4.405970276270674,1.8191855826507182,1.715452381665245,0.10744170662352398
D_W,dw,107,107,0.01,0.02,512,512,0,512,,512,512,0,512,0,0.4888473530667226,0.4572132096325831,0.4838470616216118,0.46884925489085333,0.6184768084564387,0.4543173354503383,0.545245970214784,0.03342672107272779,sample,399,0.48807528512859366,0.4582049345405588,0.4834590656991426,0.46950988207036326,0.6183387348989756,0.4560328662391432,0.5445216041181861,0.033804631556807054,2.1600691573762854,1.9344462814093975,1.9161625443128014,0.626483083525106,4.4344594898455565,1.8229630617085977,1.7106650712186229,0.10620038215617474
D_W,dw,107,107,0.01,0.02,512,512,0,512,,512,512,0,512,0,0.4888473530667226,0.4572132096325831,0.4838470616216118,0.46884925489085333,0.6184768084564387,0.4543173354503383,0.545245970214784,0.03342672107272779,sample,400,0.489146878111984,0.4568873436069791,0.484770362761946,0.4681563350406962,0.6187303620237525,0.454706978951117,0.5448466219022271,0.032631349826846436,2.1567428928613213,1.9008316135565493,1.923817659507169,0.6319482910071014,4.465774612064696,1.8328311355224167,1.7116861447012524,0.10251440889273933
D_W,dw,107,107,0.01,0.02,512,512,0,512,,512,512,0,512,0,0.4888473530667226,0.4572132096325831,0.4838470616216118,0.46884925489085333,0.6184768084564387,0.4543173354503383,0.545245970214784,0.03342672107272779,sample,401,0.4878492163474021,0.45646752588773165,0.4837945341007907,0.4682473813925392,0.619761933530529,0.4541264270014129,0.544171591299257,0.03329944085857089,2.1836855441349146,1.9150732363432124,1.9253939123336443,0.6373227399589222,4.440196498464977,1.829964593293425,1.709565473518013,0.10461327876993409
D_W,dw,107,107,0.01,0.02,512,512,0,512,,512,512,0,512,0,0.4888473530667226,0.4572132096325831,0.4838470616216118,0.46884925489085333,0.6184768084564387,0.4543173354503383,0.545245970214784,0.03342672107272779,sample,402,0.489774093920642,0.4580280866045009,0.48393214348745245,0.46891410187174004,0.6187122485772663,0.45428911301661057,0.5449770652688317,0.034041404890767075,2.1587869955487347,1.9268851163030527,1.9273706295196633,0.6316912340048342,4.473408042924053,1.8269051006973855,1.712095944623487,0.1069442275227095
D_W,dw,107,107,0.01,0.02,512,512,0,512,,512,512,0,512,0,0.4888473530667226,0.4572132096325831,0.4838470616216118,0.46884925489085333,0.6184768084564387,0.4543173354503383,0.545245970214784,0.03342672107272779,sample,403,0.49049811729383225,0.45632452538742285,0.4833403249819332,0.46957459724407136,0.61856911502265,0.4536453349465769,0.5451775554229124,0.03342295529813388,2.162270631263202,1.9275698002918982,1.9327911174296557,0.631408982019287,4.498170576261758,1.821981536814152,1.7127258030186636,0.10500131082587746
D_W,dw,107,107,0.01,0.02,512,512,0,512,,512,512,0,512,0,0.4888473530667226,0.4572132096325831,0.4838470616216118,0.46884925489085333,0.6184768084564387,0.4543173354503383,0.545245970214784,0.03342672107272779,sample,404,0.48877921395323337,0.4562828335878394,0.484833968338028,0.4687984370781493,0.6184237043181342,0.4539607625030743,0.5460170346362996,0.03422256174941144,2.159163521296251,1.8949636316710632,1.9303886454442019,0.6311182821074541,4.461144714848092,1.8284156181177007,1.7153631047482825,0.10751334857897404
D_W,dw,107,107,0.01,0.02,512,512,0,512,,512,512,0,512,0,0.4888473530667226,0.4572132096325831,0.4838470616216118,0.46884925489085333,0.6184768084564387,0.4543173354503383,0.545245970214784,0.03342672107272779,sample,405,0.48958639357206923,0.45697111053419803,0.4847735538020157,0.4690014936425969,0.6179567585665736,0.4542928886275688,0.545566753153127,0.03183990437108381,2.148356517494807,1.902059303958201,1.929361392976266,0.6282825263465606,4.474940279835582,1.8277810959937923,1.7139485037487,0.10002800966319844
D_W,dw,107,107,0.01,0.02,512,512,0,512,,512,512,0,512,0,0.4888473530667226,0.4572132096325831,0.4838470616216118,0.46884925489085333,0.6184768084564387,0.4543173354503383,0.545245970214784,0.03342672107272779,sample,406,0.48912498799439985,0.4557226674730808,0.48391583078990513,0.46905680131459526,0.619539147842083,0.45362546973657103,0.5454249601542045,0.034669226739083334,2.1735771763561496,1.9099410950879725,1.9300629581857265,0.6362658179316459,4.47154513011572,1.8240907452878274,1.7135030479049544,0.10891658802914302
D_W,dw,107,107,0.01,0.02,512,512,0,512,,512,512,0,512,0,0.4888473530667226,0.4572132096325831,0.4838470616216118,0.46884925489085333,0.6184768084564387,0.4543173354503383,0.545245970214784,0.03342672107272779,sample,407,0.48767768947979606,0.45828511251488313,0.4833939522803946,0.4681340341419217,0.6176207326275879,0.45447228877940543,0.5453438736548992,0.034349258413141334,2.1727281842935464,1.9354946330797944,1.9283425111183268,0.6275229044939652,4.425163586262928,1.8353666949391023,1.7132483071544318,0.10791137788698221
D_W,dw,107,107,0.01,0.02,512,512,0,512,,512,512,0,512,0,0.4888473530667226,0.4572132096325831,0.4838470616216118,0.46884925489085333,0.6184768084564387,0.4543173354503383,0.545245970214784,0.03342672107272779,sample,408,0.4891220068828112,0.4580273711237525,0.4835269710729969,0.46966105044417816,0.618340518511193,0.45418732246466187,0.5458591355730843,0.03368258653425526,2.162337888920135,1.9338723957640853,1.929565674686925,0.6293905589881512,4.458799709267898,1.8217611673442755,1.7148670502112766,0.1058169664099188
D_W,dw,107,107,0.01,0.02,512,512,0,512,,512,512,0,512,0,0.4888473530667226,0.4572132096325831,0.4838470616216118,0.46884925489085333,0.6184768084564387,0.4543173354503383,0.545245970214784,0.03342672107272779,sample,409,0.48829126173823856,0.4559704402260793,0.4841146921289143,0.4677995427230342,0.6170233350369456,0.45502137805743625,0.5456127500069315,0.034597275311078625,2.159714447889927,1.9062851618432968,1.925688697204343,0.6243920583123679,4.452475376994092,1.839313795839339,1.7140930071267004,0.10869054595150814
D_W,dw,107,107,0.01,0.02,512,512,0,512,,512,512,0,512,0,0.4888473530667226,0.4572132096325831,0.4838470616216118,0.46884925489085333,0.6184768084564387,0.4543173354503383,0.545245970214784,0.03342672107272779,sample,410,0.4864007955314377,0.45832164622381494,0.48255300767031617,0.4711547248689388,0.6173363483106786,0.4547968939425995,0.5435150925768908,0.03333222758225307,2.1743490018222023,1.949544268781921,1.92878232972182,0.622316217966572,4.396991318014651,1.8118503123402825,1.7075030219547365,0.10471628130018933
D_W,dw,107,107,0.01,0.02,512,512,0,512,,512,512,0,512,0,0.4888473530667226,0.4572132096325831,0.4838470616216118,0.46884925489085333,0.6184768084564387,0.4543173354503383,0.545245970214784,0.03342672107272779,sample,411,0.4889503664950437,0.4570093984049274,0.4845550705781695,0.46857570776818497,0.6189088968286575,0.45527852372606664,0.5444715700234993,0.03322588527824489,2.1562288790408477,1.905646863013998,1.919548933165574,0.6312933848592251,4.460810123711807,1.829161705913342,1.7105078844743262,0.1043821970991514
D_W,dw,107,107,0.01,0.02,512,512,0,512,,512,512,0,512,0,0.4888473530667226,0.4572132096325831,0.4838470616216118,0.46884925489085333,0.6184768084564387,0.4543173354503383,0.545245970214784,0.03342672107272779,sample,412,0.4933961875438301,0.4560964602324932,0.48089108606644404,0.46696466447249707,0.6130485047266544,0.4693595846110602,0.5454803763365383,0.03337462907676399,2.062912693187613,1.9772369190581711,1.8253117666449037,0.5870462520991373,4.56309181923722,1.8551027690996351,1.7136771429762645,0.10484948952384604
D_W,dw,107,107,0.01,0.02,512,512,0,512,,512,512,0,512,0,0.4888473530667226,0.4572132096325831,0.4838470616216118,0.46884925489085333,0.6184768084564387,0.4543173354503383,0.545245970214784,0.03342672107272779,sample,413,0.4895804710699425,0.4584542284273441,0.4851062682805402,0.4684976860313654,0.6196810169758856,0.4549629034464295,0.5451098545872168,0.03316959059595422,2.1524574182001626,1.905439283485074,1.9198123501631361,0.6352885109509561,4.46666092788647,1.8281771601412375,1.7125131145706007,0.10420534213883087
D_W,dw,107,107,0.01,0.02,512,512,0,512,,512,512,0,512,0,0.4888473530667226,0.4572132096325831,0.4838470616216118,0.46884925489085333,0.6184768084564387,0.4543173354503383,0.545245970214784,0.03342672107272779,sample,414,0.4862899658383456,0.45810621027388204,0.48205621339028126,0.46836463461534555,0.6184258519994318,0.45558199959950724,0.5458222302025234,0.03378745498269964,2.192744768593472,1.9573846364204885,1.918442956875257,0.6289228068661519,4.3961170967090375,1.8318333499000201,1.7147511085702445,0.10614642035714504
D_W,dw,107,107,0.01,0.02,512,512,0,512,,512,512,0,512,0,0.4888473530667226,0.4572132096325831,0.4838470616216118,0.46884925489085333,0.6184768084564387,0.4543173354503383,0.545245970214784,0.03342672107272779,sample,415,0.4913179408490121,0.4566260756797298,0.4829905873004298,0.46868451560454966,0.6212423434721918,0.4578998407384206,0.5453728990109344,0.0304677035123267,2.155836055032408,1.937895538892505,1.8951301810352394,0.6372726192703773,4.514832165099989,1.8235604456273393,1.7133394929997199,0.0957171135260775
D_W,dw,107,107,0.01,0.02,512,512,0,512,,512,512,0,512,0,0.4888473530667226,0.4572132096325831,0.4838470616216118,0.46884925489085333,0.6184768084564387,0.4543173354503383,0.545245970214784,0.03342672107272779,sample,416,0.4890532972695274,0.45760311419388683,0.4838409285691314,0.4694462410660824,0.6185009654792731,0.4526891308743132,0.543562835678985,0.03416943458471185,2.17023262042684,1.9243278059494286,1.9396986515404921,0.6329040810682158,4.4597115139238594,1.8231358998017362,1.707653011333535,0.10734644466864775
D_W,dw,107,107,0.01,0.02,512,512,0,512,,512,512,0,512,0,0.4888473530667226,0.4572132096325831,0.4838470616216118,0.46884925489085333,0.6184768084564387,0.4543173354503383,0.545245970214784,0.03342672107272779,sample,417,0.48695368625747354,0.45800636243487863,0.4845020541147117,0.46941098145273785,0.6175854821672967,0.4525442173663393,0.544324328917354,0.034510193572325445,2.1730500941980044,1.909641444460213,1.9431604458852936,0.6292122092444039,4.411168902745116,1.8252981544044884,1.7100453128969537,0.10841697060077932
D_W,dw,107,107,0.01,0.02,512,512,0,512,,512,512,0,512,0,0.4888473530667226,0.4572132096325831,0.4838470616216118,0.46884925489085333,0.6184768084564387,0.4543173354503383,0.545245970214784,0.03342672107272779,sample,418,0.4891960991637215,0.4565281119012109,0.4834727590721096,0.4705865814963391,0.6190715789757203,0.4550501192180593,0.5464880286647094,0.03363722210098134,2.1601186117443847,1.9242599093931454,1.9220827361692192,0.6301286344763147,4.468797953689809,1.812971149719809,1.716842776127819,0.10567444983961122
D_W,dw,107,107,0.01,0.02,512,512,0,512,,512,512,0,512,0,0.4888473530667226,0.4572132096325831,0.4838470616216118,0.46884925489085333,0.6184768084564387,0.4543173354503383,0.545245970214784,0.03342672107272779,sample,419,0.488800319716152,0.4584719037682891,0.4833630107605996,0.4690453298609034,0.6181519198322861,0.4551826299262876,0.5444503364786584,0.032381457811656404,2.161260296521552,1.9398723032591645,1.922478334213721,0.6275936408926673,4.448966823052132,1.8270278596798244,1.710441177325844,0.10172934997362758
D_W,dw,107,107,0.01,0.02,512,512,0,512,,512,512,0,512,0,0.4888473530667226,0.4572132096325831,0.4838470616216118,0.46884925489085333,0.6184768084564387,0.4543173354503383,0.545245970214784,0.03342672107272779,sample,420,0.4888151890984054,0.4566115995752231,0.4842783838972017,0.4721306548653977,0.6194568345057094,0.45773508058785567,0.5450954366687857,0.034772572393040435,2.1368858665721393,1.9082507344984088,1.9026134215819714,0.6258540639915785,4.460098253201164,1.7999971687733989,1.7124678193439775,0.10924125797639508
D_W,dw,107,107,0.01,0.02,512,512,0,512,,512,512,0,512,0,0.4888473530667226,0.4572132096325831,0.4838470616216118,0.46884925489085333,0.6184768084564387,0.4543173354503383,0.545245970214784,0.03342672107272779,sample,421,0.4871691056978216,0.45820902586641066,0.4847888504636515,0.46932253035139704,0.6172068882046453,0.45237537389611665,0.5444883820296326,0.03444618332123354,2.1678087443522296,1.9056447824360805,1.945329949901367,0.6279643476144593,4.414499310081469,1.8267914312437126,1.7105607009492865,0.10821587646619454
D_W,dw,107,107,0.01,0.02,512,512,0,512,,512,512,0,512,0,0.4888473530667226,0.4572132096325831,0.4838470616216118,0.46884925489085333,0.6184768084564387,0.4543173354503383,0.545245970214784,0.03342672107272779,sample,422,0.48949454491255584,0.45786891188176976,0.48394130527336854,0.46783031660909935,0.6186332463550912,0.4539287502065032,0.5444207454488419,0.03397888177075866,2.166138389153195,1.9250320567007986,1.9294040153598122,0.6332158983355227,4.468020650008416,1.8355976039470563,1.7103482143639606,0.10674780534821154
D_W,dw,107,107,0.01,0.02,512,512,0,512,,512,512,0,512,0,0.4888473530667226,0.4572132096325831,0.4838470616216118,0.46884925489085333,0.6184768084564387,0.4543173354503383,0.545245970214784,0.03342672107272779,sample,423,0.4885249103425297,0.45597326521104004,0.48350153214231406,0.468890962862749,0.6187623766542194,0.4548982062575287,0.5439539203001362,0.03404559048638311,2.170208968091653,1.918671904829623,1.9228615055373453,0.6309177399721694,4.457422358664202,1.826983996154677,1.7088816399062758,0.10695737695914773
D_W,dw,107,107,0.01,0.02,512,512,0,512,,512,512,0,512,0,0.4888473530667226,0.4572132096325831,0.4838470616216118,0.46884925489085333,0.6184768084564387,0.4543173354503383,0.545245970214784,0.03342672107272779,sample,424,0.4904490470480445,0.45641448342135504,0.48415012386797507,0.4679729461445876,0.6185793784972157,0.4557881610970454,0.5445559563880922,0.03499073804684607,2.1487035919738537,1.9121151834907668,1.9163060417448547,0.6297187103416018,4.496667377524187,1.8345916473693982,1.7107729920573942,0.10992664559165648
D_W,dw,107,107,0.01,0.02,512,512,0,512,,512,512,0,512,0,0.4888473530667226,0.4572132096325831,0.4838470616216118,0.46884925489085333,0.6184768084564387,0.4543173354503383,0.545245970214784,0.03342672107272779,sample,425,0.4893652933389833,0.4573794661066893,0.48295803024421835,0.46917219864560294,0.6173056012194569,0.454906271351498,0.5459415214946284,0.03328373060083037,2.1587236209064065,1.940879271233032,1.9267482607229234,0.6242055997694927,4.467861447272534,1.8277844149724967,1.7151258732171586,0.10456392353963048
D_W,dw,107,107,0.01,0.02,512,512,0,512,,512,512,0,512,0,0.4888473530667226,0.4572132096325831,0.4838470616216118,0.46884925489085333,0.6184768084564387,0.4543173354503383,0.545245970214784,0.03342672107272779,sample,426,0.48976038860890114,0.45646258579917676,0.48327193626625914,0.4687130488597794,0.621245702125266,0.45006897472625185,0.5430976894973395,0.03360678825336015,2.2059186561524706,1.9287054220352888,1.950228738561614,0.6502796923398044,4.481395949461538,1.8233331086372646,1.7061917115064322,0.10557883908750401
D_W,dw,107,107,0.01,0.02,512,512,0,512,,512,512,0,512,0,0.4888473530667226,0.4572132096325831,0.4838470616216118,0.46884925489085333,0.6184768084564387,0.4543173354503383,0.545245970214784,0.03342672107272779,sample,427,0.4903769134101134,0.4580939949284146,0.48408876866295353,0.46997814095079027,0.6177907247069161,0.4533058094989477,0.5439325359457334,0.03340995496548687,2.1497671206419158,1.925226338077102,1.9375523982206075,0.6281430673927366,4.486667256339913,1.8203575223653903,1.7088144589755823,0.10496046907633938
D_W,dw,107,107,0.01,0.02,512,512,0,512,,512,512,0,512,0,0.4888473530667226,0.4572132096325831,0.4838470616216118,0.46884925489085333,0.6184768084564387,0.4543173354503383,0.545245970214784,0.03342672107272779,sample,428,0.4881331483156621,0.45663306907684437,0.4831230911292191,0.4683660943460044,0.6178171602857158,0.4533513965336774,0.5464031304120843,0.03332250820487052,2.1805928251183224,1.9298876215198244,1.9360358640588582,0.6300177955004002,4.445289205010811,1.8331095393447439,1.7165760604010698,0.10468574697560683
D_W,dw,107,107,0.01,0.02,512,512,0,512,,512,512,0,512,0,0.4888473530667226,0.4572132096325831,0.4838470616216118,0.46884925489085333,0.6184768084564387,0.4543173354503383,0.545245970214784,0.03342672107272779,sample,429,0.4884445870402774,0.45594908351838326,0.4838912332946291,0.46875998531824675,0.6189360128636151,0.4540753734116802,0.5450576686170122,0.03355706515095758,2.173091601938777,1.9107792753621187,1.928216958531907,0.633206514159591,4.455849551929771,1.8276565514708205,1.7123491675099856,0.10542262935428239
D_W,dw,107,107,0.01,0.02,512,512,0,512,,512,512,0,512,0,0.4888473530667226,0.4572132096325831,0.4838470616216118,0.46884925489085333,0.6184768084564387,0.4543173354503383,0.545245970214784,0.03342672107272779,sample,430,0.489419897843371,0.4563196379756603,0.4834991123243133,0.4683041167379245,0.6189968702922156,0.4530766857543247,0.5454476102171602,0.031942635882303574,2.1776089785090136,1.9226652354287346,1.9348506943607588,0.6356986117330914,4.474749322137845,1.8311114236156092,1.7135742051763394,0.10035075022413863
D_W,dw,107,107,0.01,0.02,512,512,0,512,,512,512,0,512,0,0.4888473530667226,0.4572132096325831,0.4838470616216118,0.46884925489085333,0.6184768084564387,0.4543173354503383,0.545245970214784,0.03342672107272779,sample,431,0.4879438403460557,0.4566343932508845,0.4848607724607026,0.4680322525906613,0.6183127810938583,0.4545150955258945,0.5468494769721223,0.03404578714030098,2.1633865104424213,1.8952597021016506,1.9261761297664468,0.6305909092457722,4.441224686418806,1.8346916791891485,1.71797829947504,0.1069579947656514
D_W,dw,107,107,0.01,0.02,512,512,0,512,,512,512,0,512,0,0.4888473530667226,0.4572132096325831,0.4838470616216118,0.46884925489085333,0.6184768084564387,0.4543173354503383,0.545245970214784,0.03342672107272779,sample,432,0.48858817810169436,0.45781612114886505,0.4829470178249688,0.46859253034940784,0.6182223852829309,0.45428992778157606,0.5449634960319845,0.034125000780859845,2.1741533053202393,1.9428489412149392,1.9284117063495698,0.6299197780453198,4.4481872625233425,1.8304626848407466,1.7120533156086928,0.10720685175689525
D_W,dw,107,107,0.01,0.02,512,512,0,512,,512,512,0,512,0,0.4888473530667226,0.4572132096325831,0.4838470616216118,0.46884925489085333,0.6184768084564387,0.4543173354503383,0.545245970214784,0.03342672107272779,sample,433,0.4884750605798523,0.4559106518366191,0.4815583854632934,0.47078691712435217,0.6175814432295766,0.4518968503123472,0.5434141695865435,0.032432267954015166,2.192823484296068,1.9553313499026217,1.9487436201537507,0.6288168977501064,4.456710360688571,1.8143154213601234,1.707185963029683,0.10188897474358971
D_W,dw,107,107,0.01,0.02,512,512,0,512,,512,512,0,512,0,0.4888473530667226,0.4572132096325831,0.4838470616216118,0.46884925489085333,0.6184768084564387,0.4543173354503383,0.545245970214784,0.03342672107272779,sample,434,0.48832812255246355,0.4557901588213264,0.48258990488684045,0.47106719074889747,0.6150582538066455,0.45780229751553875,0.5434867006937392,0.0340451734517754,2.1355288736092555,1.9346069070758547,1.9125203299671525,0.6074237769385683,4.454267727312333,1.8171507662730308,1.7074138262232057,0.10695606680628786
D_W,dw,107,107,0.01,0.02,512,512,0,512,,512,512,0,512,0,0.4888473530667226,0.4572132096325831,0.4838470616216118,0.46884925489085333,0.6184768084564387,0.4543173354503383,0.545245970214784,0.03342672107272779,sample,435,0.48869075742282814,0.45781402354272277,0.48352287147428774,0.4693165568305587,0.6176004424031163,0.45322148433136394,0.5462141555028007,0.0332336265799231,2.167624281964685,1.9315485425347567,1.9382092846304078,0.6282033177027158,4.450466976270432,1.8260190573517927,1.7159823782143517,0.10440651711563288
D_W,dw,107,107,0.01,0.02,512,512,0,512,,512,512,0,512,0,0.4888473530667226,0.4572132096325831,0.4838470616216118,0.46884925489085333,0.6184768084564387,0.4543173354503383,0.545245970214784,0.03342672107272779,sample,436,0.48925813703622056,0.4579520331219388,0.4846173735282091,0.4691147023675457,0.6171443908973513,0.4536194535785306,0.543827811172482,0.03395815199470199,2.1494282934858524,1.9114314653237319,1.9364258708588649,0.6257593566858749,4.462271672456812,1.828581647655891,1.7084854563972867,0.10668268083604136
D_W,dw,107,107,0.01,0.02,512,512,0,512,,512,512,0,512,0,0.4888473530667226,0.4572132096325831,0.4838470616216118,0.46884925489085333,0.6184768084564387,0.4543173354503383,0.545245970214784,0.03342672107272779,sample,437,0.4926336722403999,0.45737861613253866,0.4857508621719359,0.4669094129856529,0.6199773312930559,0.4563844243224112,0.5447536376443497,0.032551038437667025,2.128551618289979,1.8890342387722252,1.9078692402879451,0.6361593656297236,4.541247919874569,1.8399126380946154,1.7113940260398053,0.1022621032224937
D_W,dw,107,107,0.01,0.02,512,512,0,512,,512,512,0,512,0,0.4888473530667226,0.4572132096325831,0.4838470616216118,0.46884925489085333,0.6184768084564387,0.4543173354503383,0.545245970214784,0.03342672107272779,sample,438,0.4886437626653939,0.4563537746956595,0.48424774939797005,0.46893886109404215,0.6179526815633528,0.45413300371938536,0.5458208039906716,0.033228061640062014,2.1612617775937464,1.9068281422929008,1.930478001312593,0.6286077429946108,4.457844549326104,1.8282862203207508,1.7147466279935681,0.10438903434144764
D_W,dw,107,107,0.01,0.02,512,512,0,512,,512,512,0,512,0,0.4888473530667226,0.4572132096325831,0.4838470616216118,0.46884925489085333,0.6184768084564387,0.4543173354503383,0.545245970214784,0.03342672107272779,sample,439,0.4880528648563003,0.4584697796036928,0.4850705044680562,0.4694313423672285,0.6205781499969535,0.45228853188227,0.5464345148255023,0.031152549366738783,2.1790220669505485,1.9034335727906544,1.9370463940529348,0.6426744121560044,4.432279105014935,1.8190827230896254,1.716674657443701,0.09786862023113993
D_W,dw,107,107,0.01,0.02,512,512,0,512,,512,512,0,512,0,0.4888473530667226,0.4572132096325831,0.4838470616216118,0.46884925489085333,0.6184768084564387,0.4543173354503383,0.545245970214784,0.03342672107272779,sample,440,0.49347723946000066,0.45690370175632716,0.4848784226986948,0.464922865839704,0.6180431589847548,0.45614798640426596,0.5453449943310675,0.03399243977060787,2.1294519409731323,1.9047314480002102,1.91289666929198,0.630569953579837,4.562175921032814,1.859641139956945,1.7132518278624491,0.1067903990609352
D_W,dw,107,107,0.01,0.02,512,512,0,512,,512,512,0,512,0,0.4888473530667226,0.4572132096325831,0.4838470616216118,0.46884925489085333,0.6184768084564387,0.4543173354503383,0.545245970214784,0.03342672107272779,sample,441,0.4890090278706198,0.4587068268083316,0.4851268279834699,0.46719756783112254,0.6176272520205213,0.4543357486530363,0.5454325290796764,0.03313459745902007,2.151919497965893,1.9057473252505182,1.928640376551934,0.6289034987292392,4.4522510575734175,1.8427546685732974,1.7135268263856127,0.10409540795691247
D_W,dw,107,107,0.01,0.02,512,512,0,512,,512,512,0,512,0,0.4888473530667226,0.4572132096325831,0.4838470616216118,0.46884925489085333,0.6184768084564387,0.4543173354503383,0.545245970214784,0.03342672107272779,sample,442,0.48878731536580305,0.4561701118143289,0.48115467390013,0.4677769904731543,0.6217767082126824,0.4528197966140901,0.5438645989790537,0.033078458167456956,2.223835807614189,1.965488504526089,1.92916518039712,0.6488711458905916,4.461937589467135,1.8294751167805539,1.708601028700154,0.10391904117096007
D_W,dw,107,107,0.01,0.02,512,512,0,512,,512,512,0,512,0,0.4888473530667226,0.4572132096325831,0.4838470616216118,0.46884925489085333,0.6184768084564387,0.4543173354503383,0.545245970214784,0.03342672107272779,sample,443,0.4880250974213383,0.4565104286882247,0.4844140078074868,0.4682252259900148,0.6183937357430503,0.4537524844701741,0.544904630919258,0.03350367679502134,2.170957275448533,1.9034792439009323,1.9315587956160563,0.6320066507331359,4.44369635656696,1.8329996940325575,1.7118683854029986,0.10525490488748586
D_W,dw,107,107,0.01,0.02,512,512,0,512,,512,512,0,512,0,0.4888473530667226,0.4572132096325831,0.4838470616216118,0.46884925489085333,0.6184768084564387,0.4543173354503383,0.545245970214784,0.03342672107272779,sample,444,0.4898157266744124,0.4566686234638951,0.48498916939346104,0.46795520209518693,0.6164234380739687,0.4542141770410937,0.5470394366091341,0.03379927842249377,2.140873577357758,1.8960500335375479,1.9332172109587824,0.6229597368358444,4.48154640545221,1.839388930182901,1.7185750752751552,0.10618356478874244
D_W,dw,107,107,0.01,0.02,512,512,0,512,,512,512,0,512,0,0.4888473530667226,0.4572132096325831,0.4838470616216118,0.46884925489085333,0.6184768084564387,0.4543173354503383,0.545245970214784,0.03342672107272779,sample,445,0.48912649740671166,0.4557208180766948,0.48385464999839317,0.4667469481056256,0.619862962885197,0.4538469596319783,0.5457826015598229,0.033422531039714334,2.183532742655516,1.9111240487773915,1.9260860413968437,0.6400091277277191,4.471586954433922,1.8414161779247917,1.7146266115174649,0.10499997797874339
D_W,dw,107,107,0.01,0.02,512,512,0,512,,512,512,0,512,0,0.4888473530667226,0.4572132096325831,0.4838470616216118,0.46884925489085333,0.6184768084564387,0.4543173354503383,0.545245970214784,0.03342672107272779,sample,446,0.4893537645729283,0.45809529516291225,0.48338604053500706,0.4688674866187227,0.6183296698620645,0.4543222198652407,0.5454543714038866,0.03315725293576901,2.164264846413411,1.9376628875591915,1.9280904680515256,0.6300163976564396,4.463594462431612,1.8280657160296947,1.7135954460708889,0.10416658223623051
D_W,dw,107,107,0.01,0.02,512,512,0,512,,512,512,0,512,0,0.4888473530667226,0.4572132096325831,0.4838470616216118,0.46884925489085333,0.6184768084564387,0.4543173354503383,0.545245970214784,0.03342672107272779,sample,447,0.4840316640621661,0.45793005565792577,0.4821457891156342,0.467906924167441,0.6159277614682239,0.45296170414287223,0.5444741266244663,0.03485969109129132,2.2100888903889757,1.9485178683956639,1.9435610021205365,0.6230378946715901,4.349620942241061,1.840869435427378,1.710515916273142,0.10951494943881036
D_W,dw,107,107,0.01,0.02,512,512,0,512,,512,512,0,512,0,0.4888473530667226,0.4572132096325831,0.4838470616216118,0.46884925489085333,0.6184768084564387,0.4543173354503383,0.545245970214784,0.03342672107272779,sample,448,0.4894584321211661,0.45697437755145176,0.48555921006546304,0.47071305188741885,0.6165939160389111,0.4557085464264864,0.5457280267423824,0.03596337673568919,2.119815495299684,1.8859239149613007,1.92379681514214,0.6180089402115152,4.472115340804337,1.8168924358762573,1.7144551596719226,0.11298228015112323
D_W,dw,107,107,0.01,0.02,512,512,0,512,,512,512,0,512,0,0.4888473530667226,0.4572132096325831,0.4838470616216118,0.46884925489085333,0.6184768084564387,0.4543173354503383,0.545245970214784,0.03342672107272779,sample,449,0.48904343374878595,0.4570855371971946,0.4849034933447318,0.46838863553290744,0.6182013460590957,0.4542392272517408,0.5457155096596343,0.032064367382134,2.154552519470642,1.8992945535549244,1.928689024088439,0.6301508464228305,4.462417312665948,1.8321173851503372,1.714415836096717,0.10073318100971637
D_W,dw,107,107,0.01,0.02,512,512,0,512,,512,512,0,512,0,0.4888473530667226,0.4572132096325831,0.4838470616216118,0.46884925489085333,0.6184768084564387,0.4543173354503383,0.545245970214784,0.03342672107272779,sample,450,0.48920806702220243,0.4566412132837106,0.4828525730118551,0.4692209341891039,0.6181056730560812,0.453622013826092,0.5456602161938156,0.032991178890945244,2.173219813338771,1.9372325068485103,1.9339349815068199,0.6298245806387331,4.468447378349871,1.8257320787376392,1.7142421265507093,0.10364484523706023
D_W,dw,107,107,0.01,0.02,512,512,0,512,,512,512,0,512,0,0.4888473530667226,0.4572132096325831,0.4838470616216118,0.46884925489085333,0.6184768084564387,0.4543173354503383,0.545245970214784,0.03342672107272779,sample,451,0.4896225391656827,0.4580067245592293,0.48379521632272193,0.46795115983402014,0.6193853053997789,0.4531869763544919,0.5454500829680377,0.03354605139373773,2.1746312750191414,1.9292343040021929,1.9328145102477328,0.6376130160122145,4.470120882969021,1.8330617824411333,1.7135819735523303,0.1053880286155121
D_W,dw,107,107,0.01,0.02,512,512,0,512,,512,512,0,512,0,0.4888473530667226,0.4572132096325831,0.4838470616216118,0.46884925489085333,0.6184768084564387,0.4543173354503383,0.545245970214784,0.03342672107272779,sample,452,0.4876637408246114,0.45670874608950707,0.4823853052462149,0.4677201975699253,0.6159827870694219,0.45636833605662047,0.5429689528406416,0.03230811299498856,2.16626949632139,1.9437894136339933,1.9184893609641829,0.6177098184668985,4.434787172076595,1.8422422717496236,1.7057872733715025,0.10149893043640498
D_W,dw,107,107,0.01,0.02,512,512,0,512,,512,512,0,512,0,0.4888473530667226,0.4572132096325831,0.4838470616216118,0.46884925489085333,0.6184768084564387,0.4543173354503383,0.545245970214784,0.03342672107272779,sample,453,0.48798266474626173,0.4564522548223967,0.48392392318106997,0.46941643402436434,0.6195192919890616,0.4556712082747855,0.5465109875450981,0.03329912010581025,2.1673718204541657,1.9126808211677953,1.91574547048877,0.6323694247566767,4.4431326289768,1.8213090187724754,1.716914903577783,0.10461227109541765
D_W,dw,107,107,0.01,0.02,512,512,0,512,,512,512,0,512,0,0.4888473530667226,0.4572132096325831,0.4838470616216118,0.46884925489085333,0.6184768084564387,0.4543173354503383,0.545245970214784,0.03342672107272779,sample,454,0.48836807084051365,0.4576350743738619,0.4849048437542892,0.4684254394263575,0.6184629328400291,0.4544189750970501,0.544696423337264,0.03335603707821022,2.158839342527732,1.9017552934682498,1.9267504114950509,0.6309473012929822,4.444427156835655,1.8312761262888544,1.7112142819929845,0.10479108103777397
D_W,dw,107,107,0.01,0.02,512,512,0,512,,512,512,0,512,0,0.4888473530667226,0.4572132096325831,0.4838470616216118,0.46884925489085333,0.6184768084564387,0.4543173354503383,0.545245970214784,0.03342672107272779,sample,455,0.4883136047131783,0.45602016066336865,0.48416982510726597,0.4682220081127652,0.6188617019911252,0.45448295937903344,0.5454165756554523,0.03421215811332482,2.170658670469537,1.905572234799499,1.925130411540598,0.6328198187934722,4.452669077006943,1.832039056848951,1.7134767072252706,0.10748066459227369
D_W,dw,107,107,0.01,0.02,512,512,0,512,,512,512,0,512,0,0.4888473530667226,0.4572132096325831,0.4838470616216118,0.46884925489085333,0.6184768084564387,0.4543173354503383,0.545245970214784,0.03342672107272779,sample,456,0.4892262413357497,0.45731530439138435,0.4832406024343476,0.46780945304429467,0.6204598649083743,0.45289310451823656,0.5460721712393667,0.0338435169048148,2.1914565650700664,1.9345489280962729,1.9320209596691411,0.6429631482896373,4.465149656110795,1.831925021985533,1.7155363214954218,0.10632254407980814
D_W,dw,107,107,0.01,0.02,512,512,0,512,,512,512,0,512,0,0.4888473530667226,0.4572132096325831,0.4838470616216118,0.46884925489085333,0.6184768084564387,0.4543173354503383,0.545245970214784,0.03342672107272779,sample,457,0.4883606840060026,0.456331456241335,0.48422343975551624,0.4699142664882505,0.6186704959303422,0.4541516716907527,0.5454876143430368,0.03331890883582608,2.163705975949063,1.9066622855684798,1.9291302240585346,0.6306126729695208,4.451906937666621,1.8190882604414031,1.7136998818443068,0.10467443922425927
D_W,dw,107,107,0.01,0.02,512,512,0,512,,512,512,0,512,0,0.4888473530667226,0.4572132096325831,0.4838470616216118,0.46884925489085333,0.6184768084564387,0.4543173354503383,0.545245970214784,0.03342672107272779,sample,458,0.48900662111944654,0.4578112435563649,0.48298570522932144,0.4699199304959684,0.6176090315944658,0.4539402765775815,0.5439258846675116,0.03377811631412311,2.1646088565709936,1.9428764345796041,1.9334372329430685,0.626322989896714,4.457481436760403,1.8211918374202118,1.7087935633687834,0.10611708206455071
D_W,dw,107,107,0.01,0.02,512,512,0,512,,512,512,0,512,0,0.4888473530667226,0.4572132096325831,0.4838470616216118,0.46884925489085333,0.6184768084564387,0.4543173354503383,0.545245970214784,0.03342672107272779,sample,459,0.48848535683980565,0.4563203332135863,0.48404035174844956,0.4689653139604524,0.6191424311991212,0.45429196280494716,0.5450096602677352,0.03272130512077877,2.1701324578866568,1.9104161885526516,1.9262783945232542,0.6335098066339371,4.454637218425017,1.8256175986715217,1.712198344832586,0.10279701178330866
D_W,dw,107,107,0.01,0.02,512,512,0,512,,512,512,0,512,0,0.4888473530667226,0.4572132096325831,0.4838470616216118,0.46884925489085333,0.6184768084564387,0.4543173354503383,0.545245970214784,0.03342672107272779,sample,460,0.48810459931355016,0.4556506459709619,0.4833337851569766,0.4686252578495191,0.619878428860633,0.4551165006532086,0.5454494987362771,0.03397512297987932,2.1812295782646,1.918973692325618,1.9183057653738025,0.6357545974868941,4.450336586277569,1.826776046839884,1.7135801381341234,0.10673599675839864
D_W,dw,107,107,0.01,0.02,512,512,0,512,,512,512,0,512,0,0.4888473530667226,0.4572132096325831,0.4838470616216118,0.46884925489085333,0.6184768084564387,0.4543173354503383,0.545245970214784,0.03342672107272779,sample,461,0.4878776584582531,0.4577655688924742,0.48335087186528086,0.46923961328385766,0.6189515739930703,0.45449306885990864,0.5441623627681912,0.03436402446194096,2.175737887746413,1.9329891681049354,1.925513225254166,0.6320253083078397,4.4328778624535286,1.823848722645151,1.7095364812326135,0.10795776679741366
D_W,dw,107,107,0.01,0.02,512,512,0,512,,512,512,0,512,0,0.4888473530667226,0.4572132096325831,0.4838470616216118,0.46884925489085333,0.6184768084564387,0.4543173354503383,0.545245970214784,0.03342672107272779,sample,462,0.4892663259220585,0.4569196583147706,0.48479201188171644,0.4663148540464786,0.6160469581376647,0.4525766954014786,0.5440574871009138,0.034790473958402256,2.1592685931885764,1.9008120597784808,1.9447830373719988,0.626181095239116,4.468205954144299,1.8533043383717391,1.7092070046067545,0.10929749740262354
D_W,dw,107,107,0.01,0.02,512,512,0,512,,512,512,0,512,0,0.4888473530667226,0.4572132096325831,0.4838470616216118,0.46884925489085333,0.6184768084564387,0.4543173354503383,0.545245970214784,0.03342672107272779,sample,463,0.4884626632413553,0.45770375431261623,0.48436739011033936,0.46990820235704744,0.6160347013733777,0.45555939810999496,0.5438383960782387,0.033318686122184756,2.137129854079463,1.9133126106460174,1.9258184469048063,0.6167073594370621,4.446092985304622,1.8245408943382824,1.7085187098594508,0.10467373954871982
D_W,dw,107,107,0.01,0.02,512,512,0,512,,512,512,0,512,0,0.4888473530667226,0.4572132096325831,0.4838470616216118,0.46884925489085333,0.6184768084564387,0.4543173354503383,0.545245970214784,0.03342672107272779,sample,464,0.4905218444362067,0.4566707527602468,0.4857824843456895,0.4703592896617351,0.6166762688116936,0.4525912449334077,0.5453697972941663,0.03476564239053732,2.1305770178184034,1.8809961972493452,1.945962038793927,0.6241144788256368,4.497033863576892,1.8195758954821908,1.7133297486691077,0.10921948673144193
D_W,dw,107,107,0.01,0.02,512,512,0,512,,512,512,0,512,0,0.4888473530667226,0.4572132096325831,0.4838470616216118,0.46884925489085333,0.6184768084564387,0.4543173354503383,0.545245970214784,0.03342672107272779,sample,465,0.4884989462401653,0.45612717123154684,0.48241319821138057,0.4682662175280441,0.6188647928439502,0.4546431995768775,0.5458824546505833,0.03557903023877611,2.184896096398666,1.940703725637211,1.924006556936936,0.6325139077668592,4.4560125581512775,1.8316854161050358,1.7149403092538358,0.11177482001998812
D_W,dw,107,107,0.01,0.02,512,512,0,512,,512,512,0,512,0,0.4888473530667226,0.4572132096325831,0.4838470616216118,0.46884925489085333,0.6184768084564387,0.4543173354503383,0.545245970214784,0.03342672107272779,sample,466,0.48773890095065925,0.4561278849105238,0.48370302817491123,0.4684139439883661,0.620017171066306,0.454824700800458,0.5450751322796931,0.033444517419069196,2.182763174230919,1.9143645168856362,1.9198987555439695,0.6370867193863793,4.439868451171811,1.8281402237644317,1.7124040312243685,0.10506905022660365
D_W,dw,107,107,0.01,0.02,512,512,0,512,,512,512,0,512,0,0.4888473530667226,0.4572132096325831,0.4838470616216118,0.46884925489085333,0.6184768084564387,0.4543173354503383,0.545245970214784,0.03342672107272779,sample,467,0.4887898615417336,0.457032987820083,0.48536257705245905,0.4710534034882976,0.6171207736109562,0.45587201331253613,0.545604656781187,0.03552689581832767,2.1268050834251695,1.889212246506614,1.9214484289274136,0.6196795870443365,4.457177114256153,1.8130924311851142,1.7140675815081574,0.11161103490770816
D_W,dw,107,107,0.01,0.02,512,512,0,512,,512,512,0,512,0,0.4888473530667226,0.4572132096325831,0.4838470616216118,0.46884925489085333,0.6184768084564387,0.4543173354503383,0.545245970214784,0.03342672107272779,sample,468,0.4889626180419093,0.4567354208614426,0.48470870262594834,0.4670903451720696,0.6175700362384487,0.4552946772834315,0.5450503838694105,0.033896546757964566,2.1529920366326785,1.900745527559359,1.921802820357567,0.6271793563922439,4.462603350637761,1.8437265084535004,1.7123262818004368,0.1064891422768844
D_W,dw,107,107,0.01,0.02,512,512,0,512,,512,512,0,512,0,0.4888473530667226,0.4572132096325831,0.4838470616216118,0.46884925489085333,0.6184768084564387,0.4543173354503383,0.545245970214784,0.03342672107272779,sample,469,0.48727715995292914,0.4581045001980367,0.48387083129733877,0.4679784671752758,0.6150707619172501,0.45517665926969003,0.54503916230069,0.03224487926191371,2.1533632497852984,1.9237454545600527,1.9298031104511661,0.6154090666688895,4.417559147426074,1.8422064691526556,1.7122910282025827,0.10130027580511798
D_W,dw,107,107,0.01,0.02,512,512,0,512,,512,512,0,512,0,0.4888473530667226,0.4572132096325831,0.4838470616216118,0.46884925489085333,0.6184768084564387,0.4543173354503383,0.545245970214784,0.03342672107272779,sample,470,0.48921268749694485,0.4574085652181292,0.48318748963019564,0.4693811614827018,0.6191116360184061,0.4561424291856347,0.5443798862662624,0.03465602612753212,2.1604345549768946,1.936262757844464,1.9133490643550708,0.6298497610302405,4.464331078667508,1.8224085895055402,1.710219851456137,0.10887511708487084
D_W,dw,107,107,0.01,0.02,512,512,0,512,,512,512,0,512,0,0.4888473530667226,0.4572132096325831,0.4838470616216118,0.46884925489085333,0.6184768084564387,0.4543173354503383,0.545245970214784,0.03342672107272779,sample,471,0.48989053779291725,0.4584716336323842,0.48400061102672454,0.46826642961508136,0.6180597208863423,0.45418376945681466,0.5452838527597076,0.03258045602447412,2.1561718724049888,1.928981357310263,1.9293690262563152,0.629769633513654,4.473598522354466,1.8333823878394684,1.7130597459510357,0.1023545212970932
D_W,dw,107,107,0.01,0.02,512,512,0,512,,512,512,0,512,0,0.4888473530667226,0.4572132096325831,0.4838470616216118,0.46884925489085333,0.6184768084564387,0.4543173354503383,0.545245970214784,0.03342672107272779,sample,472,0.49143364788579996,0.4593056228160437,0.4874265198333579,0.4718178023994617,0.6246601577254123,0.4512009996645451,0.5473293386105074,0.03168102507838509,2.159830576154137,1.8644051056939053,1.935533323377851,0.6599275662560787,4.504913582963561,1.7931310812827586,1.7194858292729303,0.09952887564444861
D_W,dw,107,107,0.01,0.02,512,512,0,512,,512,512,0,512,0,0.4888473530667226,0.4572132096325831,0.4838470616216118,0.46884925489085333,0.6184768084564387,0.4543173354503383,0.545245970214784,0.03342672107272779,sample,473,0.487773122449402,0.45734116756625676,0.4841356672912564,0.47014693925144585,0.6182160260925562,0.45430906332979837,0.5437150637355543,0.03308833576807162,2.162827011391533,1.914131756972607,1.9293386734801126,0.6280982690274048,4.433252098417871,1.8181544882301426,1.7081312498777237,0.10395007256848618
D_W,dw,107,107,0.01,0.02,512,512,0,512,,512,512,0,512,0,0.4888473530667226,0.4572132096325831,0.4838470616216118,0.46884925489085333,0.6184768084564387,0.4543173354503383,0.545245970214784,0.03342672107272779,sample,474,0.48939617532098983,0.4584450749508048,0.48378228352273717,0.4686695883563546,0.6179556058161888,0.45458144902929587,0.5452901048073894,0.030992936227898754,2.1570577703646365,1.9323294905662045,1.9270609506935206,0.6281736311035422,4.462544636191354,1.8304137121512636,1.7130793873381027,0.09736718076674368
D_W,dw,107,107,0.01,0.02,512,512,0,512,,512,512,0,512,0,0.4888473530667226,0.4572132096325831,0.4838470616216118,0.46884925489085333,0.6184768084564387,0.4543173354503383,0.545245970214784,0.03342672107272779,sample,475,0.4899156776350112,0.45691857337946723,0.4832891172592913,0.4702868359371819,0.6172356826462608,0.454581990391017,0.5447731658776203,0.03503306862676237,2.1500422039797162,1.9319160468474101,1.930035120830944,0.6231883964090338,4.482452967009481,1.8190176427310016,1.7114553757939857,0.11005963103054373
D_W,dw,107,107,0.01,0.02,512,512,0,512,,512,512,0,512,0,0.4888473530667226,0.4572132096325831,0.4838470616216118,0.46884925489085333,0.6184768084564387,0.4543173354503383,0.545245970214784,0.03342672107272779,sample,476,0.4892544669410591,0.4572473434447587,0.4830713495269372,0.468661562110082,0.6191144494541545,0.4540631675434626,0.546262032509993,0.033352354701787296,2.1755004848441923,1.9374540732632985,1.9277780536562539,0.6341201102383778,4.466147771000788,1.8280613908657262,1.7161327882684225,0.10477951251105597
D_W,dw,107,107,0.01,0.02,512,512,0,512,,512,512,0,512,0,0.4888473530667226,0.4572132096325831,0.4838470616216118,0.46884925489085333,0.6184768084564387,0.4543173354503383,0.545245970214784,0.03342672107272779,sample,477,0.48812510303069584,0.456506518287265,0.4846707811289023,0.46770403829549656,0.619464111187816,0.452747161378166,0.5448203823075944,0.0338797818844661,2.18155549238194,1.8985382567414264,1.9355441918143308,0.6390000404416313,4.445857929801461,1.8348252965924514,1.7116037105835211,0.10643647387346326
D_W,dw,107,107,0.01,0.02,512,512,0,512,,512,512,0,512,0,0.4888473530667226,0.4572132096325831,0.4838470616216118,0.46884925489085333,0.6184768084564387,0.4543173354503383,0.545245970214784,0.03342672107272779,sample,478,0.48854084895687927,0.45751180508920025,0.4821896827870714,0.4681446703522461,0.6182336539558346,0.4550850370596797,0.545412939556639,0.031981268042711446,2.1794144966652547,1.9553663473580745,1.9223612976382602,0.6291609479757152,4.448954920843321,1.8339739464795206,1.713465284083951,0.1004721167354683
D_W,dw,107,107,0.01,0.02,512,512,0,512,,512,512,0,512,0,0.4888473530667226,0.4572132096325831,0.4838470616216118,0.46884925489085333,0.6184768084564387,0.4543173354503383,0.545245970214784,0.03342672107272779,sample,479,0.48821300338101975,0.4568114861721987,0.482111607172593,0.4719512473115017,0.6172319389218753,0.4545301160039176,0.5448753735628268,0.03397763612449625,2.1665430820855174,1.950939875432677,1.9315084024618305,0.6214627489817192,4.44595782637511,1.8056401935535182,1.7117764707069707,0.1067438920350646
D_W,dw,107,107,0.01,0.02,512,512,0,512,,512,512,0,512,0,0.4888473530667226,0.4572132096325831,0.4838470616216118,0.46884925489085333,0.6184768084564387,0.4543173354503383,0.545245970214784,0.03342672107272779,sample,480,0.49028305556431906,0.4560031745998961,0.4839796815004799,0.4689000647279809,0.6187152514673893,0.45414031032056273,0.5438329500890876,0.03397402471834169,2.158327765734315,1.9124123407476383,1.9284177803974516,0.6319713487620928,4.495022739483939,1.8270095536987494,1.7085016007799423,0.1067325464680203
D_W,dw,107,107,0.01,0.02,512,512,0,512,,512,512,0,512,0,0.4888473530667226,0.4572132096325831,0.4838470616216118,0.46884925489085333,0.6184768084564387,0.4543173354503383,0.545245970214784,0.03342672107272779,sample,481,0.4877282075445524,0.4573444935505411,0.48141734901004657,0.4718211991232016,0.6190894729065756,0.45521024928634807,0.543902310967586,0.033659542619206936,2.183138439216136,1.967287383178284,1.921649327358695,0.6286273315422901,4.432258696773074,1.8031417555459393,1.7087195044062793,0.10574457181569305
D_W,dw,107,107,0.01,0.02,512,512,0,512,,512,512,0,512,0,0.4888473530667226,0.4572132096325831,0.4838470616216118,0.46884925489085333,0.6184768084564387,0.4543173354503383,0.545245970214784,0.03342672107272779,sample,482,0.4883809037581783,0.4554305351873889,0.48319039266923264,0.4675411973936296,0.6186840907791332,0.4523613896492785,0.54531580840044,0.03433569865008827,2.193692902248033,1.9207335581894251,1.940195063427263,0.6364712820228238,4.457368786806576,1.8377573040013009,1.7131601375572016,0.1078687786349903
D_W,dw,107,107,0.01,0.02,512,512,0,512,,512,512,0,512,0,0.4888473530667226,0.4572132096325831,0.4838470616216118,0.46884925489085333,0.6184768084564387,0.4543173354503383,0.545245970214784,0.03342672107272779,sample,483,0.4876682513325996,0.4561639862675266,0.4820610222118854,0.4687166113274613,0.6227542629965382,0.45350579389102824,0.546395885835705,0.03372292518261832,2.22060777415819,1.9460660924775328,1.9225590002548443,0.6509318780704129,4.438160862390266,1.8203303665794381,1.716553300893138,0.10594369401127193
D_W,dw,107,107,0.01,0.02,512,512,0,512,,512,512,0,512,0,0.4888473530667226,0.4572132096325831,0.4838470616216118,0.46884925489085333,0.6184768084564387,0.4543173354503383,0.545245970214784,0.03342672107272779,sample,484,0.48867778963068303,0.45617788599436854,0.48434880127385593,0.46969064435801366,0.6173673156634788,0.4539302741624789,0.5453625699007776,0.03395414345069416,2.1552974068496464,1.9037226175358604,1.933993648135935,0.6255417524860538,4.459550652546072,1.823518477557849,1.713307043143133,0.10667008762363477
D_W,dw,107,107,0.01,0.02,512,512,0,512,,512,512,0,512,0,0.4888473530667226,0.4572132096325831,0.4838470616216118,0.46884925489085333,0.6184768084564387,0.4543173354503383,0.545245970214784,0.03342672107272779,sample,485,0.4882959526769817,0.45603354718043454,0.483362468907102,0.4689659578885668,0.6185621359087772,0.45221116031997016,0.5453372598829043,0.032991940363861987,2.1864209088040454,1.921370338744612,1.9425944011206646,0.634547886433828,4.4522185521180795,1.8268060576872314,1.71322752937692,0.10364723747478138
D_W,dw,107,107,0.01,0.02,512,512,0,512,,512,512,0,512,0,0.4888473530667226,0.4572132096325831,0.4838470616216118,0.46884925489085333,0.6184768084564387,0.4543173354503383,0.545245970214784,0.03342672107272779,sample,486,0.4893971790466101,0.45764719437248985,0.48300056590744367,0.46951206601017365,0.6211452439597075,0.45416303630086013,0.5457916604061841,0.03173236349918052,2.183240444573556,1.9420976927880298,1.9224666833367017,0.641891755876314,4.467085463802688,1.8173407830129644,1.7146550707226431,0.09969016005006644
D_W,dw,107,107,0.01,0.02,512,512,0,512,,512,512,0,512,0,0.4888473530667226,0.4572132096325831,0.4838470616216118,0.46884925489085333,0.6184768084564387,0.4543173354503383,0.545245970214784,0.03342672107272779,sample,487,0.4883814314574128,0.45750059217300926,0.48504690601945666,0.4680905756936105,0.6189137494568058,0.45383688875161565,0.5449116676091951,0.03266388353673437,2.1646584278774332,1.8979864755524365,1.9295162429221333,0.634288551472681,4.445527732583363,1.8329611606948144,1.7118904918164104,0.10261661655671729
D_W,dw,107,107,0.01,0.02,512,512,0,512,,512,512,0,512,0,0.4888473530667226,0.4572132096325831,0.4838470616216118,0.46884925489085333,0.6184768084564387,0.4543173354503383,0.545245970214784,0.03342672107272779,sample,488,0.48870335377303903,0.4576520413911985,0.4852425666671838,0.4678653367993367,0.6178811111439432,0.45491720378796024,0.545189816791377,0.0340449469576794,2.149586102919572,1.8955794701324793,1.9242777099575643,0.6282308052452995,4.451701552685098,1.8369320607750643,1.7127643232437553,0.10695535525409978
D_W,dw,107,107,0.01,0.02,512,512,0,512,,512,512,0,512,0,0.4888473530667226,0.4572132096325831,0.4838470616216118,0.46884925489085333,0.6184768084564387,0.4543173354503383,0.545245970214784,0.03342672107272779,sample,489,0.49097416973155256,0.4569253335194089,0.4850168153393342,0.4699519585859803,0.619809635738593,0.4565602115870689,0.5466937319457917,0.032217623758710595,2.1325342128085247,1.8989367677149325,1.9089685575149795,0.6316144729181971,4.505838183787558,1.816526099134707,1.717489012044487,0.10121465011648519
D_W,dw,107,107,0.01,0.02,512,512,0,512,,512,512,0,512,0,0.4888473530667226,0.4572132096325831,0.4838470616216118,0.46884925489085333,0.6184768084564387,0.4543173354503383,0.545245970214784,0.03342672107272779,sample,490,0.489250829003094,0.4568447179733427,0.4820337711730495,0.4681375223199939,0.6176775606637634,0.45507571675983066,0.5448725552520588,0.03130490963732546,2.1740956334669574,1.9547229184778527,1.9238466084346073,0.6267542551081636,4.468275222862832,1.8352171886657898,1.7117676167225666,0.09834727413791398
D_W,dw,107,107,0.01,0.02,512,512,0,512,,512,512,0,512,0,0.4888473530667226,0.4572132096325831,0.4838470616216118,0.46884925489085333,0.6184768084564387,0.4543173354503383,0.545245970214784,0.03342672107272779,sample,491,0.4881862627729765,0.4571422046836553,0.4834196405061915,0.46931510720324715,0.6188689560438657,0.4544498297541779,0.5463385317428398,0.032054841831102465,2.1731811378941863,1.927776707918157,1.9260851469635898,0.6316505862021414,4.443418874853791,1.8234218490497631,1.7163731176963393,0.1007032556085743
D_W,dw,107,107,0.01,0.02,512,512,0,512,,512,512,0,512,0,0.4888473530667226,0.4572132096325831,0.4838470616216118,0.46884925489085333,0.6184768084564387,0.4543173354503383,0.545245970214784,0.03342672107272779,sample,492,0.48877948369236873,0.4580371222403599,0.48316605169567617,0.46911148398185054,0.6182759447289666,0.4543713258189279,0.5446895414527464,0.033733334010593134,2.1685573036756605,1.9405219610963378,1.9280430198512797,0.629419097021427,4.451110010800873,1.8262472262015854,1.7111926619151412,0.10597639430877011
D_W,dw,107,107,0.01,0.02,512,512,0,512,,512,512,0,512,0,0.4888473530667226,0.4572132096325831,0.4838470616216118,0.46884925489085333,0.6184768084564387,0.4543173354503383,0.545245970214784,0.03342672107272779,sample,493,0.48859826928898475,0.4563171370205477,0.4833966323575459,0.47018828560787884,0.6183560498841852,0.4544254566910336,0.5462818425692186,0.03385105973781793,2.1656906009294157,1.9232113657811578,1.9281636442330914,0.6284693024834365,4.457073679207271,1.8175451472758108,1.7161950234049532,0.10634624058855803
D_W,dw,107,107,0.01,0.02,512,512,0,512,,512,512,0,512,0,0.4888473530667226,0.4572132096325831,0.4838470616216118,0.46884925489085333,0.6184768084564387,0.4543173354503383,0.545245970214784,0.03342672107272779,sample,494,0.48798796273965545,0.45607958216319733,0.4838917682610967,0.46745825899539584,0.618449818813664,0.4536241254505163,0.5445403627771799,0.033768649327745176,2.1806810059690345,1.9108233152391731,1.9317876037684234,0.6333766596234002,4.445422015246403,1.838911678437705,1.710724003283909,0.10608734064969415
D_W,dw,107,107,0.01,0.02,512,512,0,512,,512,512,0,512,0,0.4888473530667226,0.4572132096325831,0.4838470616216118,0.46884925489085333,0.6184768084564387,0.4543173354503383,0.545245970214784,0.03342672107272779,sample,495,0.4864948249700711,0.4572855622737062,0.4833258843519579,0.469763112174557,0.616741023164839,0.45045320506004966,0.5431193558259529,0.031087589035718437,2.193578368507918,1.9271115818540572,1.9606284781117391,0.6289076970786859,4.406160907406839,1.8242352060927762,1.7062597782852347,0.09766454133243165
D_W,dw,107,107,0.01,0.02,512,512,0,512,,512,512,0,512,0,0.4888473530667226,0.4572132096325831,0.4838470616216118,0.46884925489085333,0.6184768084564387,0.4543173354503383,0.545245970214784,0.03342672107272779,sample,496,0.48736008060157365,0.4572995313650485,0.4847664131845918,0.47005507169188565,0.6189492660955065,0.45382885666350703,0.5447705377387305,0.03406223133160813,2.1670419183042013,1.9003998423797794,1.9308058799158854,0.632224862778263,4.424593435244539,1.8174170255893163,1.711447119252157,0.10700965571625617
D_W,dw,107,107,0.01,0.02,512,512,0,512,,512,512,0,512,0,0.4888473530667226,0.4572132096325831,0.4838470616216118,0.46884925489085333,0.6184768084564387,0.4543173354503383,0.545245970214784,0.03342672107272779,sample,497,0.48755081569961684,0.45876728616858403,0.48517608772971726,0.4689666116615505,0.6174646553959202,0.45417062444695067,0.5457253299331207,0.03281713105466773,2.154295860790916,1.9022707706562143,1.9315051067291003,0.6263815971136601,4.419167130632752,1.829088246704454,1.714446687395758,0.1030980578332376
D_W,dw,107,107,0.01,0.02,512,512,0,512,,512,512,0,512,0,0.4888473530667226,0.4572132096325831,0.4838470616216118,0.46884925489085333,0.6184768084564387,0.4543173354503383,0.545245970214784,0.03342672107272779,sample,498,0.4881480484516826,0.4568840798306315,0.48426275398827606,0.4670480523698227,0.6197455133151981,0.4536310659585941,0.5447912154800666,0.0349940225857881,2.184080457794364,1.9092017636033662,1.9281203323867977,0.63949806504022,4.444129000772949,1.8393328034269762,1.7115120802924313,0.10993696427506719
D_W,dw,107,107,0.01,0.02,512,512,0,512,,512,512,0,512,0,0.4888473530667226,0.4572132096325831,0.4838470616216118,0.46884925489085333,0.6184768084564387,0.4543173354503383,0.545245970214784,0.03342672107272779,sample,499,0.4889929879479583,0.45776869200447995,0.48296558668746253,0.46820732555364925,0.6190966845808394,0.45446223583156936,0.545780542912787,0.03344453375552362,2.177024585550546,1.942930271155449,1.9246688984761808,0.6338987981266029,4.4574250002497395,1.8316617687330046,1.7146201440870605,0.10506910154908887
D_W,dw,107,107,0.01,0.02,512,512,0,512,,512,512,0,512,0,0.4888473530667226,0.4572132096325831,0.4838470616216118,0.46884925489085333,0.6184768084564387,0.4543173354503383,0.545245970214784,0.03342672107272779,sample,500,0.4891209372659899,0.4559738767378446,0.48323780375338893,0.4697470373056188,0.6186706227578816,0.45371816985553554,0.5456792195925925,0.03421778108580196,2.171728282581073,1.9248381360908693,1.932120405475286,0.6315355805668866,4.470137140267746,1.8204116444182168,1.7143018274887,0.1074983296812992
D_W,dw,107,107,0.01,0.02,512,512,0,512,,512,512,0,512,0,0.4888473530667226,0.4572132096325831,0.4838470616216118,0.46884925489085333,0.6184768084564387,0.4543173354503383,0.545245970214784,0.03342672107272779,sample,501,0.49009079324983484,0.45852280234379816,0.48467202088162625,0.4708465646224005,0.6190895422153527,0.45295918634500704,0.5450398225242183,0.03333223120515217,2.1521866156731884,1.9158530155818543,1.9371502748739935,0.6334691201793707,4.4778774109123995,1.810877415090416,1.712293102355969,0.10471629268186251
D_W,dw,107,107,0.01,0.02,512,512,0,512,,512,512,0,512,0,0.4888473530667226,0.4572132096325831,0.4838470616216118,0.46884925489085333,0.6184768084564387,0.4543173354503383,0.545245970214784,0.03342672107272779,sample,502,0.48731590443418965,0.45739068080019996,0.4846353439155935,0.46845050067932303,0.6186563903452628,0.45457544456433724,0.5452938591877261,0.0333737487567197,2.1689032881380386,1.9035511150427884,1.925149629377718,0.6315011998317215,4.423058675334972,1.830673094456324,1.7130911820717873,0.1048467239168621
D_W,dw,107,107,0.01,0.02,512,512,0,512,,512,512,0,512,0,0.4888473530667226,0.4572132096325831,0.4838470616216118,0.46884925489085333,0.6184768084564387,0.4543173354503383,0.545245970214784,0.03342672107272779,sample,503,0.48830397163982114,0.45709423405413796,0.48386204865131305,0.46903906864113,0.6173936899062608,0.45671600095748166,0.5443388203390144,0.032675192163948055,2.148526977852597,1.9189028020118821,1.9132654552453427,0.6217583265623866,4.446257206736476,1.8286605416595787,1.7100908390407819,0.10265214365689398
D_W,dw,107,107,0.01,0.02,512,512,0,512,,512,512,0,512,0,0.4888473530667226,0.4572132096325831,0.4838470616216118,0.46884925489085333,0.6184768084564387,0.4543173354503383,0.545245970214784,0.03342672107272779,sample,504,0.4881099011931034,0.4560774044232619,0.48385467095529444,0.46863004713961715,0.6185966556057778,0.45395454399939555,0.5453551307973785,0.03336468169831702,2.1746985715203206,1.911754287653121,1.9298685570408405,0.6320780569904695,4.448019474061114,1.8293837717926014,1.7132836725105451,0.10481823891279458
D_W,dw,107,107,0.01,0.02,512,512,0,512,,512,512,0,512,0,0.4888473530667226,0.4572132096325831,0.4838470616216118,0.46884925489085333,0.6184768084564387,0.4543173354503383,0.545245970214784,0.03342672107272779,sample,505,0.48794395976201116,0.45768098854336886,0.4843566692390796,0.4696337695208567,0.6172479487596598,0.45557818627966934,0.544338103552905,0.033842154620424565,2.148689036377288,1.9123692273552715,1.922331775207148,0.6223030867529034,4.434856435197128,1.8242195781770654,1.7100885871908065,0.10631826433717569
D_W,dw,107,107,0.01,0.02,512,512,0,512,,512,512,0,512,0,0.4888473530667226,0.4572132096325831,0.4838470616216118,0.46884925489085333,0.6184768084564387,0.4543173354503383,0.545245970214784,0.03342672107272779,sample,506,0.4874319340174641,0.45700740794655487,0.4832074779992804,0.46869822438372427,0.620304179260516,0.454361800113998,0.5475779068348653,0.03349743673502775,2.1914952882171663,1.929479674937053,1.922652224932818,0.6387853035087663,4.427982761929591,1.8253410323568424,1.720266729380489,0.10523530116085206
D_W,dw,107,107,0.01,0.02,512,512,0,512,,512,512,0,512,0,0.4888473530667226,0.4572132096325831,0.4838470616216118,0.46884925489085333,0.6184768084564387,0.4543173354503383,0.545245970214784,0.03342672107272779,sample,507,0.48909568108672524,0.4569224484397443,0.4825930995677344,0.4685943173516041,0.6192933816860192,0.45299598970692456,0.545366634626596,0.033446947015612245,2.1886807446324936,1.9441510052919868,1.9348491703385873,0.6367943970110002,4.464464467134097,1.8282195060437254,1.7133198128559028,0.10507668302925449
D_W,dw,107,107,0.01,0.02,512,512,0,512,,512,512,0,512,0,0.4888473530667226,0.4572132096325831,0.4838470616216118,0.46884925489085333,0.6184768084564387,0.4543173354503383,0.545245970214784,0.03342672107272779,sample,508,0.49097459466139837,0.4567133849147632,0.4842739978656446,0.4695436107748185,0.6184237894744867,0.4555602379228985,0.5452812457745997,0.03536045732108014,2.1385203521685914,1.912496492902099,1.919388323675583,0.627593892791596,4.506830628320991,1.8225223971663351,1.7130515558657728,0.11108815294748078
D_W,dw,107,107,0.01,0.02,512,512,0,512,,512,512,0,512,0,0.4888473530667226,0.4572132096325831,0.4838470616216118,0.46884925489085333,0.6184768084564387,0.4543173354503383,0.545245970214784,0.03342672107272779,sample,509,0.48758904865475977,0.45637802511170844,0.48221712827935626,0.4684554011583659,0.6157542491006066,0.452418824394108,0.5450768918360003,0.03332253872424915,2.186688210716188,1.9444719659964231,1.9483604107496362,0.6225944775354849,4.4352017296472575,1.8368494184454476,1.7124095590335366,0.10468584285506254
D_W,dw,107,107,0.01,0.02,512,512,0,512,,512,512,0,512,0,0.4888473530667226,0.4572132096325831,0.4838470616216118,0.46884925489085333,0.6184768084564387,0.4543173354503383,0.545245970214784,0.03342672107272779,sample,510,0.4885314450258192,0.4577964088266784,0.48230799230431537,0.46795538489834687,0.6191318527108495,0.4550920859884905,0.5450060910114234,0.03302632745539306,2.1839411855686732,1.9552067803744773,1.9199068093377218,0.6333018957188088,4.4470527501482255,1.8335613667449253,1.7121871316831778,0.10375526770891372
D_W,dw,107,107,0.01,0.02,512,512,0,512,,512,512,0,512,0,0.4888473530667226,0.4572132096325831,0.4838470616216118,0.46884925489085333,0.6184768084564387,0.4543173354503383,0.545245970214784,0.03342672107272779,sample,511,0.4887996256273958,0.45747069446827565,0.4833599178126514,0.468099872068745,0.6179773559840068,0.45287930473727805,0.5463229395582522,0.032998951270948866,2.1774710793713647,1.9325099939555481,1.9387916831679934,0.6318425851993706,4.454879415281788,1.8348734481744753,1.7163241334037855,0.10366926288898053
