objective_name,objective_file_tag,local_minimum_index,local_minimum_id,selection_absolute_threshold,contour_delta,configured_direction_count,target_success_count,previous_success_count,added_success_count,previous_output_variant,initial_success_count,attempted_direction_count,replacement_direction_count,contour_point_count,domain_boundary_point_count,center_u0,center_u1,center_u2,center_u3,center_u4,center_u5,center_u6,center_u7,record_type,contour_sample_id,u0,u1,u2,u3,u4,u5,u6,u7,sqrt_s,theta_p_out,theta_gamma_out,qOut,phi_p_out,phi_gamma_out,alpha_e,alpha_p
D_W,dw,92,92,0.01,0.02,512,512,0,512,,512,512,0,512,0,0.4920178358551269,0.4587880739383244,0.48970374924966187,0.46060647541635946,0.6148206867436918,0.44598732935504243,0.548874437703537,0.034888346641255216,minimum,,,,,,,,,,,,,,,,,
D_W,dw,92,92,0.01,0.02,512,512,0,512,,512,512,0,512,0,0.4920178358551269,0.4587880739383244,0.48970374924966187,0.46060647541635946,0.6148206867436918,0.44598732935504243,0.548874437703537,0.034888346641255216,sample,0,0.4949145643707519,0.4587880739383244,0.48970374924966187,0.46060647541635946,0.6148206867436918,0.44598732935504243,0.548874437703537,0.034888346641255216,2.1304163835011756,1.8138503159762576,1.9894426912677472,0.6409176138616953,4.589612453059357,1.9012996552508732,1.7243399012326606,0.10960497350406152
D_W,dw,92,92,0.01,0.02,512,512,0,512,,512,512,0,512,0,0.4920178358551269,0.4587880739383244,0.48970374924966187,0.46060647541635946,0.6148206867436918,0.44598732935504243,0.548874437703537,0.034888346641255216,sample,1,0.4920178358551269,0.4599514040164494,0.48970374924966187,0.46060647541635946,0.6148206867436918,0.44598732935504243,0.548874437703537,0.034888346641255216,2.1471269225173994,1.81778305276547,1.9894426912677472,0.6409176138616953,4.515655085290519,1.9012996552508732,1.7243399012326606,0.10960497350406152
D_W,dw,92,92,0.01,0.02,512,512,0,512,,512,512,0,512,0,0.4920178358551269,0.4587880739383244,0.48970374924966187,0.46060647541635946,0.6148206867436918,0.44598732935504243,0.548874437703537,0.034888346641255216,sample,2,0.4920178358551269,0.4587880739383244,0.4911899553043494,0.46060647541635946,0.6148206867436918,0.44598732935504243,0.548874437703537,0.034888346641255216,2.135443233367049,1.7776676264199178,1.9894426912677472,0.6409176138616953,4.521072089961109,1.9012996552508732,1.7243399012326606,0.10960497350406152
D_W,dw,92,92,0.01,0.02,512,512,0,512,,512,512,0,512,0,0.4920178358551269,0.4587880739383244,0.48970374924966187,0.46060647541635946,0.6148206867436918,0.44598732935504243,0.548874437703537,0.034888346641255216,sample,3,0.4920178358551269,0.4587880739383244,0.48970374924966187,0.4678228145276876,0.6148206867436918,0.44598732935504243,0.548874437703537,0.034888346641255216,2.119762819284585,1.8113261503914775,1.9961080311803236,0.63147227080782,4.521072089961109,1.844026245399334,1.7243399012326606,0.10960497350406152
D_W,dw,92,92,0.01,0.02,512,512,0,512,,512,512,0,512,0,0.4920178358551269,0.4587880739383244,0.48970374924966187,0.46060647541635946,0.6148206867436918,0.44598732935504243,0.548874437703537,0.034888346641255216,sample,4,0.4920178358551269,0.4587880739383244,0.48970374924966187,0.46060647541635946,0.6232684101323637,0.44598732935504243,0.548874437703537,0.034888346641255216,2.1973640288614162,1.8113261503914775,1.966191948449699,0.6764447042144798,4.521072089961109,1.88011386628667,1.7243399012326606,0.10960497350406152
D_W,dw,92,92,0.01,0.02,512,512,0,512,,512,512,0,512,0,0.4920178358551269,0.4587880739383244,0.48970374924966187,0.46060647541635946,0.6148206867436918,0.44598732935504243,0.548874437703537,0.034888346641255216,sample,5,0.4920178358551269,0.4587880739383244,0.48970374924966187,0.46060647541635946,0.6148206867436918,0.45137444483355804,0.548874437703537,0.034888346641255216,2.118385590468043,1.8113261503914775,1.9517953001231296,0.6308004152023586,4.521072089961109,1.9012996552508732,1.7243399012326606,0.10960497350406152
D_W,dw,92,92,0.01,0.02,512,512,0,512,,512,512,0,512,0,0.4920178358551269,0.4587880739383244,0.48970374924966187,0.46060647541635946,0.6148206867436918,0.44598732935504243,0.548874437703537,0.034888346641255216,sample,6,0.4920178358551269,0.4587880739383244,0.48970374924966187,0.46060647541635946,0.6148206867436918,0.44598732935504243,0.5512200187582246,0.034888346641255216,2.1481085369104944,1.8113261503914775,1.9894426912677472,0.6409176138616953,4.521072089961109,1.9012996552508732,1.7317087614424662,0.10960497350406152
D_W,dw,92,92,0.01,0.02,512,512,0,512,,512,512,0,512,0,0.4920178358551269,0.4587880739383244,0.48970374924966187,0.46060647541635946,0.6148206867436918,0.44598732935504243,0.548874437703537,0.034888346641255216,sample,7,0.4920178358551269,0.4587880739383244,0.48970374924966187,0.46060647541635946,0.6148206867436918,0.44598732935504243,0.548874437703537,0.03758777901430209,2.1481085369104944,1.8113261503914775,1.9894426912677472,0.6409176138616953,4.521072089961109,1.9012996552508732,1.7243399012326606,0.11808549041608804
D_W,dw,92,92,0.01,0.02,512,512,0,512,,512,512,0,512,0,0.4920178358551269,0.4587880739383244,0.48970374924966187,0.46060647541635946,0.6148206867436918,0.44598732935504243,0.548874437703537,0.034888346641255216,sample,8,0.489024214028955,0.4587880739383244,0.48970374924966187,0.46060647541635946,0.6148206867436918,0.44598732935504243,0.548874437703537,0.034888346641255216,2.1684972852858255,1.80768488183509,1.9894426912677472,0.6409176138616953,4.452105151387588,1.9012996552508732,1.7243399012326606,0.10960497350406152
D_W,dw,92,92,0.01,0.02,512,512,0,512,,512,512,0,512,0,0.4920178358551269,0.4587880739383244,0.48970374924966187,0.46060647541635946,0.6148206867436918,0.44598732935504243,0.548874437703537,0.034888346641255216,sample,9,0.4920178358551269,0.45758552877230874,0.48970374924966187,0.46060647541635946,0.6148206867436918,0.44598732935504243,0.548874437703537,0.034888346641255216,2.1495121578064875,1.804984361188112,1.9894426912677472,0.6409176138616953,4.526370339671768,1.9012996552508732,1.7243399012326606,0.10960497350406152
D_W,dw,92,92,0.01,0.02,512,512,0,512,,512,512,0,512,0,0.4920178358551269,0.4587880739383244,0.48970374924966187,0.46060647541635946,0.6148206867436918,0.44598732935504243,0.548874437703537,0.034888346641255216,sample,10,0.4920178358551269,0.4587880739383244,0.488200605939115,0.46060647541635946,0.6148206867436918,0.44598732935504243,0.548874437703537,0.034888346641255216,2.161329102818676,1.8448121272819653,1.9894426912677472,0.6409176138616953,4.521072089961109,1.9012996552508732,1.7243399012326606,0.10960497350406152
D_W,dw,92,92,0.01,0.02,512,512,0,512,,512,512,0,512,0,0.4920178358551269,0.4587880739383244,0.48970374924966187,0.46060647541635946,0.6148206867436918,0.44598732935504243,0.548874437703537,0.034888346641255216,sample,11,0.4920178358551269,0.4587880739383244,0.48970374924966187,0.45346154743784384,0.6148206867436918,0.44598732935504243,0.548874437703537,0.034888346641255216,2.1795766599293,1.8113261503914775,1.9819136383998783,0.6519680198615937,4.521072089961109,1.9558754826310023,1.7243399012326606,0.10960497350406152
D_W,dw,92,92,0.01,0.02,512,512,0,512,,512,512,0,512,0,0.4920178358551269,0.4587880739383244,0.48970374924966187,0.46060647541635946,0.6148206867436918,0.44598732935504243,0.548874437703537,0.034888346641255216,sample,12,0.4920178358551269,0.4587880739383244,0.48970374924966187,0.46060647541635946,0.6061457599858794,0.44598732935504243,0.548874437703537,0.034888346641255216,2.1015303437051975,1.8113261503914775,2.015923589142976,0.6051206278457311,4.521072089961109,1.926166901968751,1.7243399012326606,0.10960497350406152
D_W,dw,92,92,0.01,0.02,512,512,0,512,,512,512,0,512,0,0.4920178358551269,0.4587880739383244,0.48970374924966187,0.46060647541635946,0.6148206867436918,0.44598732935504243,0.548874437703537,0.034888346641255216,sample,13,0.4920178358551269,0.4587880739383244,0.48970374924966187,0.46060647541635946,0.6148206867436918,0.44042717920855806,0.548874437703537,0.034888346641255216,2.1803243833833115,1.8113261503914775,2.027019647413922,0.6522815724582492,4.521072089961109,1.9012996552508732,1.7243399012326606,0.10960497350406152
D_W,dw,92,92,0.01,0.02,512,512,0,512,,512,512,0,512,0,0.4920178358551269,0.4587880739383244,0.48970374924966187,0.46060647541635946,0.6148206867436918,0.44598732935504243,0.548874437703537,0.034888346641255216,sample,14,0.4920178358551269,0.4587880739383244,0.48970374924966187,0.46060647541635946,0.6148206867436918,0.44598732935504243,0.546705706014084,0.034888346641255216,2.1481085369104944,1.8113261503914775,1.9894426912677472,0.6409176138616953,4.521072089961109,1.9012996552508732,1.7175266296894673,0.10960497350406152
D_W,dw,92,92,0.01,0.02,512,512,0,512,,512,512,0,512,0,0.4920178358551269,0.4587880739383244,0.48970374924966187,0.46060647541635946,0.6148206867436918,0.44598732935504243,0.548874437703537,0.034888346641255216,sample,15,0.4920178358551269,0.4587880739383244,0.48970374924966187,0.46060647541635946,0.6148206867436918,0.44598732935504243,0.548874437703537,0.03237736031313022,2.1481085369104944,1.8113261503914775,1.9894426912677472,0.6409176138616953,4.521072089961109,1.9012996552508732,1.7243399012326606,0.10171647730235961
D_W,dw,92,92,0.01,0.02,512,512,0,512,,512,512,0,512,0,0.4920178358551269,0.4587880739383244,0.48970374924966187,0.46060647541635946,0.6148206867436918,0.44598732935504243,0.548874437703537,0.034888346641255216,sample,16,0.4925719503510837,0.45968603751984805,0.4895712018327581,0.46071054121541416,0.6155920937756678,0.44577462104054216,0.549043393692278,0.03506940742005363,2.1501312878179184,1.8199184171459695,1.9887782699307934,0.6444040218170668,4.530177644380396,1.898442913821667,1.724870692125669,0.11017379271658785
D_W,dw,92,92,0.01,0.02,512,512,0,512,,512,512,0,512,0,0.4920178358551269,0.4587880739383244,0.48970374924966187,0.46060647541635946,0.6148206867436918,0.44598732935504243,0.548874437703537,0.034888346641255216,sample,17,0.4931348275028498,0.46024004869828716,0.49020695609301024,0.46196109571575533,0.6150060579631933,0.4464255488829503,0.5493098856321915,0.034349527169910916,2.128690707547247,1.808904730453816,1.987208177220494,0.6389279276962258,4.5414093234041095,1.8902251814679467,1.7257079012463423,0.10791222221127514
D_W,dw,92,92,0.01,0.02,512,512,0,512,,512,512,0,512,0,0.4920178358551269,0.4587880739383244,0.48970374924966187,0.46060647541635946,0.6148206867436918,0.44598732935504243,0.548874437703537,0.034888346641255216,sample,18,0.49309843513524837,0.4586201789451044,0.4895854194687716,0.459339789394727,0.614841154733287,0.4460314323115489,0.548690394422796,0.03705238061450799,2.1475782802384216,1.8141304391875344,1.9878093088754174,0.6427546525571548,4.5471244315202375,1.9110800125661587,1.723761712213942,0.11640348673655117
D_W,dw,92,92,0.01,0.02,512,512,0,512,,512,512,0,512,0,0.4920178358551269,0.4587880739383244,0.48970374924966187,0.46060647541635946,0.6148206867436918,0.44598732935504243,0.548874437703537,0.034888346641255216,sample,19,0.4922844681742289,0.4581427977067235,0.4901914710538202,0.46231245153058775,0.6138488761879298,0.4446724607992264,0.5490906300124151,0.034554782510716725,2.137984990298292,1.7972927821669662,2.0030508508660843,0.6370948747608314,4.530105264734065,1.890473677612179,1.7250190894019943,0.10855705088206073
D_W,dw,92,92,0.01,0.02,512,512,0,512,,512,512,0,512,0,0.4920178358551269,0.4587880739383244,0.48970374924966187,0.46060647541635946,0.6148206867436918,0.44598732935504243,0.548874437703537,0.034888346641255216,sample,20,0.4918223395735015,0.45989440054216485,0.48945617079125503,0.46014894624769453,0.6152527110953848,0.4464989413415836,0.5495435301762572,0.03450509163175521,2.152069211250671,1.8229160990916888,1.9842307875565826,0.6423799785704919,4.511243167600572,1.903698772873285,1.7264419172295304,0.10840094238176483
D_W,dw,92,92,0.01,0.02,512,512,0,512,,512,512,0,512,0,0.4920178358551269,0.4587880739383244,0.48970374924966187,0.46060647541635946,0.6148206867436918,0.44598732935504243,0.548874437703537,0.034888346641255216,sample,21,0.4906184705107822,0.4597515847645148,0.489821473467692,0.4609126473484885,0.6131330764713327,0.44590567240361945,0.5502230050878598,0.034138907339188646,2.1451451029330277,1.8122806213097318,1.995257734789311,0.633616594631412,4.48338720706008,1.903455636992408,1.7285765506201198,0.10725054049837772
D_W,dw,92,92,0.01,0.02,512,512,0,512,,512,512,0,512,0,0.4920178358551269,0.4587880739383244,0.48970374924966187,0.46060647541635946,0.6148206867436918,0.44598732935504243,0.548874437703537,0.034888346641255216,sample,22,0.4909531824865667,0.45731871537016794,0.4892492837489985,0.4621776953771015,0.6151126484667415,0.4463344419005661,0.5483796597583495,0.036080307521584816,2.153905822283188,1.8123924740522874,1.9877349294801088,0.6392532032982247,4.503518240951303,1.888251747555759,1.722785510474901,0.11334962904907141
D_W,dw,92,92,0.01,0.02,512,512,0,512,,512,512,0,512,0,0.4920178358551269,0.4587880739383244,0.48970374924966187,0.46060647541635946,0.6148206867436918,0.44598732935504243,0.548874437703537,0.034888346641255216,sample,23,0.49294819394542766,0.4581785278682567,0.4903171145136759,0.4610214205909292,0.614734224187744,0.44668659020783436,0.547615333431451,0.034882384884538986,2.1313258784917983,1.7952554494258013,1.9852797438136047,0.6386003979045785,4.54534340244709,1.8982921774586277,1.7203843085013715,0.10958624409295932
D_W,dw,92,92,0.01,0.02,512,512,0,512,,512,512,0,512,0,0.4920178358551269,0.4587880739383244,0.48970374924966187,0.46060647541635946,0.6148206867436918,0.44598732935504243,0.548874437703537,0.034888346641255216,sample,24,0.49152204899109103,0.4593225056608088,0.4904692867540007,0.4609468972523915,0.6141572832823106,0.44694058163110933,0.5483675094907334,0.03354757763678633,2.1337957018712235,1.7962668850566679,1.9851109102756166,0.6358020195017884,4.506911764710032,1.9004152079877001,1.7227473392834194,0.10539282344946116
D_W,dw,92,92,0.01,0.02,512,512,0,512,,512,512,0,512,0,0.4920178358551269,0.4587880739383244,0.48970374924966187,0.46060647541635946,0.6148206867436918,0.44598732935504243,0.548874437703537,0.034888346641255216,sample,25,0.49255413077776744,0.4591701688430601,0.4909215574162862,0.46070522761416455,0.6156747012108666,0.44581181316924173,0.5477174651333907,0.034653649669172004,2.1393208241698844,1.78614520459972,1.988281184883347,0.6446836292985622,4.532007703404472,1.8982664874254143,1.720705164705884,0.10886765122074513
D_W,dw,92,92,0.01,0.02,512,512,0,512,,512,512,0,512,0,0.4920178358551269,0.4587880739383244,0.48970374924966187,0.46060647541635946,0.6148206867436918,0.44598732935504243,0.548874437703537,0.034888346641255216,sample,26,0.49251025419103556,0.45983125822373977,0.4897482516224322,0.4602783634536968,0.6155225704007592,0.4453983845884723,0.5486275581028892,0.034754632559293445,2.15239072033577,1.8166153055722147,1.9911234265618851,0.6454688139753123,4.528048732268971,1.901975645722952,1.7235643060929442,0.10918489832648892
D_W,dw,92,92,0.01,0.02,512,512,0,512,,512,512,0,512,0,0.4920178358551269,0.4587880739383244,0.48970374924966187,0.46060647541635946,0.6148206867436918,0.44598732935504243,0.548874437703537,0.034888346641255216,sample,27,0.49279894697108506,0.45973090158291896,0.4902369567552174,0.45969454797553605,0.6145579395685038,0.44680135301999535,0.5482373327571771,0.0352867315079145,2.13545751228466,1.8050731226330305,1.9836764277275012,0.6395571942234284,4.535436047863915,1.9091046380963463,1.7223383770136105,0.11085653647445967
D_W,dw,92,92,0.01,0.02,512,512,0,512,,512,512,0,512,0,0.4920178358551269,0.4587880739383244,0.48970374924966187,0.46060647541635946,0.6148206867436918,0.44598732935504243,0.548874437703537,0.034888346641255216,sample,28,0.4941163785048875,0.459278538841865,0.49067390878821304,0.4624748240940598,0.615104549151493,0.4468787494969093,0.5493407037040013,0.03230036136853503,2.115257169999239,1.793697649870757,1.9842772499322094,0.6377521334183937,4.568897443340067,1.8859410081910064,1.725804719074338,0.1014745779836852
D_W,dw,92,92,0.01,0.02,512,512,0,512,,512,512,0,512,0,0.4920178358551269,0.4587880739383244,0.48970374924966187,0.46060647541635946,0.6148206867436918,0.44598732935504243,0.548874437703537,0.034888346641255216,sample,29,0.49305578353880913,0.45837987648348166,0.48949335480298234,0.4607795137749136,0.6122804265617994,0.44596743329508887,0.5492309875281478,0.03383835397886477,2.129190015610587,1.8148330503655152,1.9972283757099873,0.6301466754798544,4.547064294329889,1.906854809835893,1.7254600355422964,0.1063063242695725
D_W,dw,92,92,0.01,0.02,512,512,0,512,,512,512,0,512,0,0.4920178358551269,0.4587880739383244,0.48970374924966187,0.46060647541635946,0.6148206867436918,0.44598732935504243,0.548874437703537,0.034888346641255216,sample,30,0.49181470056059856,0.4600127539364521,0.4895625649214131,0.46133240526791475,0.6143156519564652,0.4465119694720039,0.5491859958312644,0.03334214521593484,2.14075917444274,1.8211480998654317,1.9880046165713492,0.6367508339162457,4.5104804575654205,1.8969678898906877,1.725318689957895,0.10474743846530497
D_W,dw,92,92,0.01,0.02,512,512,0,512,,512,512,0,512,0,0.4920178358551269,0.4587880739383244,0.48970374924966187,0.46060647541635946,0.6148206867436918,0.44598732935504243,0.548874437703537,0.034888346641255216,sample,31,0.49176184316236854,0.45893088491890244,0.4925325003532631,0.4602138596533231,0.616575558212152,0.4422617046022146,0.5503237687823463,0.035081447975403406,2.1584315325045718,1.7472191721741144,2.0091238989219256,0.6562284997741068,4.514423765287093,1.8996912301662123,1.7288931091024673,0.11021161923681987
D_W,dw,92,92,0.01,0.02,512,512,0,512,,512,512,0,512,0,0.4920178358551269,0.4587880739383244,0.48970374924966187,0.46060647541635946,0.6148206867436918,0.44598732935504243,0.548874437703537,0.034888346641255216,sample,32,0.4942350859635224,0.45767295278142756,0.4895811648671455,0.4612340403282713,0.6166901445615648,0.44566136877532814,0.5468683928498888,0.03328051040120192,2.146518975560876,1.8100246511398292,1.9869088624769269,0.6484804207486393,4.577022610100471,1.8915380625212463,1.7180377254576675,0.10455380698413465
D_W,dw,92,92,0.01,0.02,512,512,0,512,,512,512,0,512,0,0.4920178358551269,0.4587880739383244,0.48970374924966187,0.46060647541635946,0.6148206867436918,0.44598732935504243,0.548874437703537,0.034888346641255216,sample,33,0.4897284618767171,0.4581016379885333,0.48897207653133706,0.4575332757107284,0.6142767105115624,0.44409242465929033,0.5492862128468784,0.03376673326452578,2.1917202180978665,1.8210730488876643,2.000769682112002,0.6469746346578571,4.471976724004897,1.9265943713850848,1.7256335309979125,0.10608132115956029
D_W,dw,92,92,0.01,0.02,512,512,0,512,,512,512,0,512,0,0.4920178358551269,0.4587880739383244,0.48970374924966187,0.46060647541635946,0.6148206867436918,0.44598732935504243,0.548874437703537,0.034888346641255216,sample,34,0.4916935475008165,0.4593682160718051,0.4900958435165096,0.46018257244113936,0.6148000275848727,0.44576796889199766,0.5473014626707375,0.034214244765632375,2.149216313935832,1.8052202161926127,1.9905862087040045,0.6418713746011642,4.510735167205228,1.9046546785363847,1.7193982544253374,0.1074872200038337
D_W,dw,92,92,0.01,0.02,512,512,0,512,,512,512,0,512,0,0.4920178358551269,0.4587880739383244,0.48970374924966187,0.46060647541635946,0.6148206867436918,0.44598732935504243,0.548874437703537,0.034888346641255216,sample,35,0.49067547088540536,0.45796525139879246,0.4900139593399527,0.4605415150051563,0.6136505844929329,0.446116716280239,0.5483686232858775,0.035914267207881434,2.1484314544509924,1.7986955148276647,1.9918916089939123,0.6358844271206591,4.494094718336084,1.9049667034545767,1.7227508383740617,0.11282799801934112
D_W,dw,92,92,0.01,0.02,512,512,0,512,,512,512,0,512,0,0.4920178358551269,0.4587880739383244,0.48970374924966187,0.46060647541635946,0.6148206867436918,0.44598732935504243,0.548874437703537,0.034888346641255216,sample,36,0.49348639203369643,0.45890719090611054,0.48936764175449715,0.46103868909688545,0.6153192543531772,0.4449475170847432,0.5491663624469766,0.03475952871275548,2.1487955011842184,1.8209913312521633,1.9955416642257633,0.6444347977884506,4.555187176496769,1.8966118128717826,1.7252570098620512,0.10920028004623608
D_W,dw,92,92,0.01,0.02,512,512,0,512,,512,512,0,512,0,0.4920178358551269,0.4587880739383244,0.48970374924966187,0.46060647541635946,0.6148206867436918,0.44598732935504243,0.548874437703537,0.034888346641255216,sample,37,0.4933145111956654,0.4582000605441314,0.48903571381110966,0.46141238584956157,0.6116840949339716,0.4452730815962886,0.5485217443955303,0.03600161371673675,2.130191654391695,1.8242386514799684,2.0045320042822485,0.6281627443629576,4.553792069747423,1.9034627002095204,1.7232318825272561,0.1131024051698777
D_W,dw,92,92,0.01,0.02,512,512,0,512,,512,512,0,512,0,0.4920178358551269,0.4587880739383244,0.48970374924966187,0.46060647541635946,0.6148206867436918,0.44598732935504243,0.548874437703537,0.034888346641255216,sample,38,0.49318149962624575,0.4572560105355653,0.48922111083208625,0.45900267846921533,0.6174844946264102,0.4449453413231179,0.5483158729948954,0.035873327120773235,2.174122857035848,1.8148568654204105,1.9873513129013103,0.6563684393190432,4.554202247061111,1.9065438287667837,1.7225851184474372,0.11269938094244468
D_W,dw,92,92,0.01,0.02,512,512,0,512,,512,512,0,512,0,0.4920178358551269,0.4587880739383244,0.48970374924966187,0.46060647541635946,0.6148206867436918,0.44598732935504243,0.548874437703537,0.034888346641255216,sample,39,0.49068808310491646,0.4581051029387977,0.4889122649438307,0.4598596510438809,0.6155801553825064,0.4454387606192053,0.5495666768719403,0.03350078542580859,2.174980598246376,1.823619377025875,1.9902659237967926,0.6462315452533721,4.493675912933545,1.9050588452941808,1.7265146347186433,0.10524582138320827
D_W,dw,92,92,0.01,0.02,512,512,0,512,,512,512,0,512,0,0.4920178358551269,0.4587880739383244,0.48970374924966187,0.46060647541635946,0.6148206867436918,0.44598732935504243,0.548874437703537,0.034888346641255216,sample,40,0.48995129231846796,0.4561456808326095,0.4863376090126041,0.46068463556537836,0.6125483008869788,0.44949947562446807,0.547642710037935,0.03733486922590587,2.163345024046173,1.8656169957721327,1.9714804320979307,0.6245544119345706,4.487139075902894,1.9068651635413347,1.7204703146471818,0.11729095088284153
D_W,dw,92,92,0.01,0.02,512,512,0,512,,512,512,0,512,0,0.4920178358551269,0.4587880739383244,0.48970374924966187,0.46060647541635946,0.6148206867436918,0.44598732935504243,0.548874437703537,0.034888346641255216,sample,41,0.49264300892093466,0.45936578405961914,0.49068049368520616,0.4602189428919856,0.6149562140447333,0.4468304459297237,0.5480060538915368,0.03524587775127223,2.1328679726776025,1.792759845499702,1.9828613233775554,0.6403992509089484,4.533275218694159,1.9039514581109656,1.7216117930283843,0.11072819061272077
D_W,dw,92,92,0.01,0.02,512,512,0,512,,512,512,0,512,0,0.4920178358551269,0.4587880739383244,0.48970374924966187,0.46060647541635946,0.6148206867436918,0.44598732935504243,0.548874437703537,0.034888346641255216,sample,42,0.49279507877350537,0.458148839338905,0.4913012125060108,0.45848616321272034,0.6148287058336295,0.4444283562620818,0.5506318230065804,0.03535515713613783,2.1479511520251515,1.7728387663431389,1.9979021583404046,0.6471363145081779,4.541904297564192,1.9177042815298961,1.7298608899902284,0.11107150192540335
D_W,dw,92,92,0.01,0.02,512,512,0,512,,512,512,0,512,0,0.4920178358551269,0.4587880739383244,0.48970374924966187,0.46060647541635946,0.6148206867436918,0.44598732935504243,0.548874437703537,0.034888346641255216,sample,43,0.49252862390052304,0.45831852942798124,0.48978269005463576,0.45908728912882407,0.6158908523106296,0.4460930926214858,0.5481230290473001,0.03668971431355685,2.156402067149333,1.8075538372624849,1.9841483455031605,0.6473746027040895,4.535023238883987,1.9101661074090461,1.721979281318383,0.11526413694977848
D_W,dw,92,92,0.01,0.02,512,512,0,512,,512,512,0,512,0,0.4920178358551269,0.4587880739383244,0.48970374924966187,0.46060647541635946,0.6148206867436918,0.44598732935504243,0.548874437703537,0.034888346641255216,sample,44,0.49242768441741935,0.4579033138241313,0.490799563629767,0.46091805154305987,0.616242917715329,0.44318386487974604,0.5481191041713374,0.035620412360501764,2.159624627448888,1.7826705550899602,2.0046449129490305,0.651984108526907,4.534413114491854,1.895133002243582,1.721966950956892,0.1119048257895914
D_W,dw,92,92,0.01,0.02,512,512,0,512,,512,512,0,512,0,0.4920178358551269,0.4587880739383244,0.48970374924966187,0.46060647541635946,0.6148206867436918,0.44598732935504243,0.548874437703537,0.034888346641255216,sample,45,0.49179449601638714,0.4583898967247776,0.4900212263652462,0.46058757552716706,0.6142588218042054,0.4462186630493402,0.5501767215058945,0.03415693689532834,2.142890302514368,1.8018782630589965,1.9894588170114158,0.6381494667250001,4.517687366103828,1.9029561526963883,1.7284311464590356,0.10730718201949366
D_W,dw,92,92,0.01,0.02,512,512,0,512,,512,512,0,512,0,0.4920178358551269,0.4587880739383244,0.48970374924966187,0.46060647541635946,0.6148206867436918,0.44598732935504243,0.548874437703537,0.034888346641255216,sample,46,0.4910795600271515,0.45981945339013347,0.4891276329235456,0.46042604352000877,0.6145248490018645,0.445585072340026,0.5489443914413267,0.034366415347825245,2.15964414206015,1.8290535242387063,1.9928859102374257,0.6407363274743734,4.493923303061297,1.9035004737126784,1.7245596673813917,0.1079652779869433
D_W,dw,92,92,0.01,0.02,512,512,0,512,,512,512,0,512,0,0.4920178358551269,0.4587880739383244,0.48970374924966187,0.46060647541635946,0.6148206867436918,0.44598732935504243,0.548874437703537,0.034888346641255216,sample,47,0.48946100165277345,0.45895625458278155,0.4884088655282363,0.45864101923681294,0.6095705957961437,0.4453656827481591,0.5466033772001762,0.03500088155937252,2.160084589513876,1.8378006408358625,2.0072828136469907,0.6233996334153644,4.461044295795361,1.931725667190035,1.717205154239444,0.10995851237609117
D_W,dw,92,92,0.01,0.02,512,512,0,512,,512,512,0,512,0,0.4920178358551269,0.4587880739383244,0.48970374924966187,0.46060647541635946,0.6148206867436918,0.44598732935504243,0.548874437703537,0.034888346641255216,sample,48,0.49393897191055963,0.45941352076253544,0.4923121283423983,0.46057825376475336,0.6178347503370534,0.4420789029213785,0.5485949810966704,0.03603225175819003,2.153048922018246,1.7559916969501292,2.006999190663366,0.6613052105470243,4.564148349104454,1.893642477307501,1.723461962409531,0.11319865741582771
D_W,dw,92,92,0.01,0.02,512,512,0,512,,512,512,0,512,0,0.4920178358551269,0.4587880739383244,0.48970374924966187,0.46060647541635946,0.6148206867436918,0.44598732935504243,0.548874437703537,0.034888346641255216,sample,49,0.49218375300955003,0.46009927041775284,0.4898039665261255,0.4603557233272645,0.6153442159036762,0.4463317248057887,0.5490368363642014,0.033571873208634015,2.147224660778818,1.8164984636608872,1.9853223059078278,0.6427888764146723,4.518946202598106,1.9018513283293903,1.7248500916719565,0.10546915023949262
D_W,dw,92,92,0.01,0.02,512,512,0,512,,512,512,0,512,0,0.4920178358551269,0.4587880739383244,0.48970374924966187,0.46060647541635946,0.6148206867436918,0.44598732935504243,0.548874437703537,0.034888346641255216,sample,50,0.49396151139633154,0.4598613483636681,0.4909104470118282,0.45987232108828513,0.61407626402952,0.44129458495540697,0.5489116974816237,0.032561636127699876,2.150559497764118,1.7910958697178063,2.0227418855292956,0.6484422773352673,4.5630680154773575,1.9090398695943667,1.724456956277772,0.10229539684764594
D_W,dw,92,92,0.01,0.02,512,512,0,512,,512,512,0,512,0,0.4920178358551269,0.4587880739383244,0.48970374924966187,0.46060647541635946,0.6148206867436918,0.44598732935504243,0.548874437703537,0.034888346641255216,sample,51,0.490515781242947,0.459159754484287,0.4906715490562192,0.4605273808381109,0.6152532354009018,0.44536250714587616,0.5485256468944639,0.035384371604260896,2.155813729064644,1.7897228315660223,1.9923943620638602,0.6440620799440253,4.484206256349772,1.9007615368488804,1.7232441425892369,0.11116328188383731
D_W,dw,92,92,0.01,0.02,512,512,0,512,,512,512,0,512,0,0.4920178358551269,0.4587880739383244,0.48970374924966187,0.46060647541635946,0.6148206867436918,0.44598732935504243,0.548874437703537,0.034888346641255216,sample,52,0.4937915812861798,0.4597025137438654,0.49047881304010155,0.46189976283073775,0.6174306487729122,0.4477066871424474,0.5477244228796178,0.034561401382194525,2.1299423623505294,1.800202774709023,1.9714600003730707,0.6467575348030723,4.559526200288893,1.884529635106641,1.7207270231103164,0.10857784468007044
D_W,dw,92,92,0.01,0.02,512,512,0,512,,512,512,0,512,0,0.4920178358551269,0.4587880739383244,0.48970374924966187,0.46060647541635946,0.6148206867436918,0.44598732935504243,0.548874437703537,0.034888346641255216,sample,53,0.49224435813890344,0.4601549728811481,0.49063319523425036,0.4610857349119609,0.6145488440559437,0.4450822726976572,0.5505445879860577,0.033857205121857796,2.139158292014973,1.7975772442663709,1.996927555677765,0.6408941231808221,4.52014756276836,1.898281726925783,1.7295868330906181,0.10636554688191117
D_W,dw,92,92,0.01,0.02,512,512,0,512,,512,512,0,512,0,0.4920178358551269,0.4587880739383244,0.48970374924966187,0.46060647541635946,0.6148206867436918,0.44598732935504243,0.548874437703537,0.034888346641255216,sample,54,0.4932629514311964,0.4587483583768017,0.48897445809822526,0.46103437324701346,0.6146073434858499,0.4470037849363311,0.5495408394825023,0.035776884406275314,2.1379830875203054,1.8287023159181732,1.9834614222841989,0.6374364229854448,4.550502278924659,1.8985280287752135,1.726433464165797,0.11239639721908576
D_W,dw,92,92,0.01,0.02,512,512,0,512,,512,512,0,512,0,0.4920178358551269,0.4587880739383244,0.48970374924966187,0.46060647541635946,0.6148206867436918,0.44598732935504243,0.548874437703537,0.034888346641255216,sample,55,0.49197823120809364,0.45891046772115174,0.4911895899183667,0.4587269223794137,0.6155243920811516,0.4471439193502819,0.5496622719379654,0.03607045550848903,2.1413020816521446,1.7782165023394227,1.9776198558588503,0.6443594591926005,4.519587433922687,1.9139305515404248,1.726814955475787,0.11331867803710662
D_W,dw,92,92,0.01,0.02,512,512,0,512,,512,512,0,512,0,0.4920178358551269,0.4587880739383244,0.48970374924966187,0.46060647541635946,0.6148206867436918,0.44598732935504243,0.548874437703537,0.034888346641255216,sample,56,0.49295952199546283,0.457957268803298,0.48887189533778447,0.4630202856709428,0.612217399783538,0.4460107777728788,0.5460321404684318,0.03632057379430315,2.1262891020935606,1.8261481941275381,1.9994077573088966,0.626636611470097,4.5464684587341715,1.8891257285476273,1.7154105611195354,0.11410444780634875
D_W,dw,92,92,0.01,0.02,512,512,0,512,,512,512,0,512,0,0.4920178358551269,0.4587880739383244,0.48970374924966187,0.46060647541635946,0.6148206867436918,0.44598732935504243,0.548874437703537,0.034888346641255216,sample,57,0.4919608037844292,0.4586565838062822,0.4903168101119681,0.46052631354070755,0.6159136482161208,0.4465568134549066,0.548853384023473,0.033104937695114287,2.146655665978871,1.7967768190812183,1.9823225703095457,0.6444894978114786,4.520336333963852,1.8990222979607387,1.7242737591460402,0.10400222906051886
D_W,dw,92,92,0.01,0.02,512,512,0,512,,512,512,0,512,0,0.4920178358551269,0.4587880739383244,0.48970374924966187,0.46060647541635946,0.6148206867436918,0.44598732935504243,0.548874437703537,0.034888346641255216,sample,58,0.49300752800405934,0.45931868713365803,0.4897538391585531,0.4603246306839353,0.6137394844357148,0.4459560454468674,0.5483661720630638,0.036442417461638586,2.1361534875887838,1.8141027368344145,1.9925215996247625,0.6368848212002225,4.5421681888345855,1.9064255102585097,1.7227431376304778,0.11448723097653618
D_W,dw,92,92,0.01,0.02,512,512,0,512,,512,512,0,512,0,0.4920178358551269,0.4587880739383244,0.48970374924966187,0.46060647541635946,0.6148206867436918,0.44598732935504243,0.548874437703537,0.034888346641255216,sample,59,0.491169883670876,0.45944381868804857,0.4884670899808577,0.46002019619450196,0.6138488578866068,0.44703710594971446,0.5489670244008156,0.035171465995578514,2.1548734619071133,1.8418186867136606,1.9844034713872651,0.6356681144365618,4.4980091696264335,1.9085091752825456,1.724630770920651,0.11049441918769268
D_W,dw,92,92,0.01,0.02,512,512,0,512,,512,512,0,512,0,0.4920178358551269,0.4587880739383244,0.48970374924966187,0.46060647541635946,0.6148206867436918,0.44598732935504243,0.548874437703537,0.034888346641255216,sample,60,0.4938676917500422,0.45771897473465967,0.48823887916919234,0.4598494580201444,0.6149651261389283,0.4451913205382832,0.5475228730363547,0.03468913486721354,2.159400502531718,1.8394275930954265,1.9937193762474532,0.6441774306693386,4.568356432224613,1.9067948662825651,1.720093835603389,0.1089791312582236
D_W,dw,92,92,0.01,0.02,512,512,0,512,,512,512,0,512,0,0.4920178358551269,0.4587880739383244,0.48970374924966187,0.46060647541635946,0.6148206867436918,0.44598732935504243,0.548874437703537,0.034888346641255216,sample,61,0.4910980650815847,0.45915549294109365,0.4899682717704259,0.4613662756545617,0.6142896817714982,0.44530546407555877,0.5469162277397874,0.03470769070759797,2.149188137658456,1.8063170961980615,1.9964401989426412,0.6389755417842302,4.497797805820659,1.8967709178398315,1.7181880031963583,0.10903742615005652
D_W,dw,92,92,0.01,0.02,512,512,0,512,,512,512,0,512,0,0.4920178358551269,0.4587880739383244,0.48970374924966187,0.46060647541635946,0.6148206867436918,0.44598732935504243,0.548874437703537,0.034888346641255216,sample,62,0.49298888898863746,0.45937713443803746,0.49140799562748455,0.457981002061431,0.6149909762753675,0.4450318807757501,0.5508017328873807,0.03301974078531401,2.1442944211580364,1.7762797230027105,1.992805563148242,0.6473659889610255,4.541482399425822,1.9211340483426325,1.7303946776235226,0.10373457507458175
D_W,dw,92,92,0.01,0.02,512,512,0,512,,512,512,0,512,0,0.4920178358551269,0.4587880739383244,0.48970374924966187,0.46060647541635946,0.6148206867436918,0.44598732935504243,0.548874437703537,0.034888346641255216,sample,63,0.492377441567347,0.4591933905007672,0.4893473264698746,0.46053144341855995,0.6161812635189189,0.44387182136417436,0.5476590218855444,0.03527156232133184,2.168612703201652,1.821990177278752,1.9998149930008482,0.6508828068399998,4.527720094534144,1.8982796416918748,1.7205215598277979,0.11080888106933066
D_W,dw,92,92,0.01,0.02,512,512,0,512,,512,512,0,512,0,0.4920178358551269,0.4587880739383244,0.48970374924966187,0.46060647541635946,0.6148206867436918,0.44598732935504243,0.548874437703537,0.034888346641255216,sample,64,0.4911851764819541,0.4579923292559555,0.4900067799880034,0.46119617504086197,0.6147145563846158,0.4458032070627481,0.5488193393996866,0.03464358798137755,2.1498266896416154,1.7995411850428085,1.991601117327796,0.6399993141942416,4.505551540528289,1.8969780562543395,1.7241668048060588,0.10883604149628737
D_W,dw,92,92,0.01,0.02,512,512,0,512,,512,512,0,512,0,0.4920178358551269,0.4587880739383244,0.48970374924966187,0.46060647541635946,0.6148206867436918,0.44598732935504243,0.548874437703537,0.034888346641255216,sample,65,0.49368308764855084,0.4591462277990388,0.4895444526401645,0.4582799141643631,0.6137428397855283,0.44781199454397885,0.5470028344498735,0.0341677823867847,2.1320152036322293,1.8185218483778225,1.9775372033535168,0.6363371402088634,4.558981345630358,1.9223525427716426,1.7184600862005164,0.10734125413577755
D_W,dw,92,92,0.01,0.02,512,512,0,512,,512,512,0,512,0,0.4920178358551269,0.4587880739383244,0.48970374924966187,0.46060647541635946,0.6148206867436918,0.44598732935504243,0.548874437703537,0.034888346641255216,sample,66,0.489738574953166,0.4581408777187017,0.48692248668099114,0.45888984255849485,0.6158201405845627,0.4476081451366852,0.5480355920737188,0.03654280204506855,2.19220525679688,1.8653996411342704,1.9737654284314547,0.6444702988048154,4.471987840952108,1.9118725767697007,1.7217045899645276,0.11480259844637343
D_W,dw,92,92,0.01,0.02,512,512,0,512,,512,512,0,512,0,0.4920178358551269,0.4587880739383244,0.48970374924966187,0.46060647541635946,0.6148206867436918,0.44598732935504243,0.548874437703537,0.034888346641255216,sample,67,0.49204147214389865,0.4579928559986199,0.48892062357937505,0.4600761780341892,0.6143642052960424,0.44628665173321486,0.550123859117186,0.03466455215446601,2.1537000257093277,1.8243587250323519,1.9881702089914162,0.6391943421603912,4.5251516176947675,1.90666351138624,1.7282650743670178,0.10890190238845066
D_W,dw,92,92,0.01,0.02,512,512,0,512,,512,512,0,512,0,0.4920178358551269,0.4587880739383244,0.48970374924966187,0.46060647541635946,0.6148206867436918,0.44598732935504243,0.548874437703537,0.034888346641255216,sample,68,0.49450267682718063,0.457799742660237,0.48867802884914724,0.46259638596742797,0.6141378691611845,0.4463762534310017,0.5470480042064589,0.033947154320297,2.1292740919875452,1.830817005580156,1.9906976525486684,0.6345135006238095,4.582850904165123,1.887473360508452,1.7186019911759696,0.10664813062292405
D_W,dw,92,92,0.01,0.02,512,512,0,512,,512,512,0,512,0,0.4920178358551269,0.4587880739383244,0.48970374924966187,0.46060647541635946,0.6148206867436918,0.44598732935504243,0.548874437703537,0.034888346641255216,sample,69,0.4924794710954199,0.4590564802493482,0.48902862705752753,0.4592531887681007,0.6156048575658105,0.445599381128346,0.5485989187413991,0.03568417963642386,2.1630288316612347,1.8284909304129024,1.9884929689477842,0.6469021011228772,4.5307332848413635,1.9096665637321282,1.7234743328852833,0.1121051565951677
D_W,dw,92,92,0.01,0.02,512,512,0,512,,512,512,0,512,0,0.4920178358551269,0.4587880739383244,0.48970374924966187,0.46060647541635946,0.6148206867436918,0.44598732935504243,0.548874437703537,0.034888346641255216,sample,70,0.49156618682378966,0.45960450260504504,0.4911651847869491,0.46229891198612727,0.6138118803452884,0.4469361195336421,0.54941486857686,0.0338928066115146,2.1197853478923276,1.7817040741186934,1.9874717087590397,0.6324620386373552,4.506564564844987,1.890677857632883,1.7260377148940649,0.10647739226027383
D_W,dw,92,92,0.01,0.02,512,512,0,512,,512,512,0,512,0,0.4920178358551269,0.4587880739383244,0.48970374924966187,0.46060647541635946,0.6148206867436918,0.44598732935504243,0.548874437703537,0.034888346641255216,sample,71,0.4920784363541426,0.4578852359089506,0.4902015484784999,0.4605105961931409,0.6144768209150373,0.4447134444094646,0.5488660837643099,0.03449857205964781,2.1501829300615856,1.7955831976187087,1.9990836016231157,0.6421499452445394,4.526466595913529,1.902970069716788,1.724313656558556,0.10838046054192767
D_W,dw,92,92,0.01,0.02,512,512,0,512,,512,512,0,512,0,0.4920178358551269,0.4587880739383244,0.48970374924966187,0.46060647541635946,0.6148206867436918,0.44598732935504243,0.548874437703537,0.034888346641255216,sample,72,0.49193554491823044,0.45812793822219244,0.4896684992004867,0.46038868790704524,0.6144159496197441,0.4453389155771191,0.5500956277199058,0.03444342437363981,2.1520349394035136,1.8085025916974682,1.994855963296114,0.6408248669247817,4.522121220030432,1.9040858256051585,1.7281763828167218,0.10820720897670244
D_W,dw,92,92,0.01,0.02,512,512,0,512,,512,512,0,512,0,0.4920178358551269,0.4587880739383244,0.48970374924966187,0.46060647541635946,0.6148206867436918,0.44598732935504243,0.548874437703537,0.034888346641255216,sample,73,0.4930800075068243,0.459305342881931,0.48968256701216206,0.45837886198167743,0.6155347294773571,0.44595161187147636,0.5496991777673396,0.03236220613711895,2.154618186231956,1.815723156384476,1.9854058003197939,0.6472187093467425,4.543953427126064,1.9165713049432493,1.7269308985582237,0.10166886905433142
D_W,dw,92,92,0.01,0.02,512,512,0,512,,512,512,0,512,0,0.4920178358551269,0.4587880739383244,0.48970374924966187,0.46060647541635946,0.6148206867436918,0.44598732935504243,0.548874437703537,0.034888346641255216,sample,74,0.4929256362151464,0.45772401064418944,0.4883650961690972,0.4610388301181228,0.6194117098033263,0.44409779240470126,0.5473803852577528,0.03484782436655392,2.190345837547623,1.835848792871477,1.9895314837562976,0.6632066291645445,4.546587546734248,1.8861818520612321,1.7196461970449068,0.10947766902355317
D_W,dw,92,92,0.01,0.02,512,512,0,512,,512,512,0,512,0,0.4920178358551269,0.4587880739383244,0.48970374924966187,0.46060647541635946,0.6148206867436918,0.44598732935504243,0.548874437703537,0.034888346641255216,sample,75,0.4919194270376815,0.4577136926951131,0.487432526913195,0.46182081174163864,0.6138505995767836,0.4452190590268308,0.5475335252792473,0.03529093662864183,2.1644616526747975,1.8548216119566927,1.9987919877157114,0.6366839614431336,4.5235733402527565,1.8943559630742686,1.7201273006114044,0.11086974725084411
D_W,dw,92,92,0.01,0.02,512,512,0,512,,512,512,0,512,0,0.4920178358551269,0.4587880739383244,0.48970374924966187,0.46060647541635946,0.6148206867436918,0.44598732935504243,0.548874437703537,0.034888346641255216,sample,76,0.4923791195351488,0.4583609057512896,0.4904579437198194,0.46092640707314386,0.61401511762049,0.44594642337134077,0.5484679099651791,0.03390589969934405,2.1341214224926817,1.7925073410623076,1.992390190504249,0.6371848522283856,4.531370195931179,1.9009578657428854,1.7230627566763548,0.10651852540881164
D_W,dw,92,92,0.01,0.02,512,512,0,512,,512,512,0,512,0,0.4920178358551269,0.4587880739383244,0.48970374924966187,0.46060647541635946,0.6148206867436918,0.44598732935504243,0.548874437703537,0.034888346641255216,sample,77,0.49258325725748875,0.46000945206864696,0.4903839213803286,0.45836246188934376,0.6145664107572651,0.4465533820494325,0.5487928079109362,0.034207847648097374,2.1425203934555714,1.802960226585272,1.9840065886984575,0.6420544408123325,4.529010159232829,1.9193902016761404,1.7240834536759118,0.10746712286638159
D_W,dw,92,92,0.01,0.02,512,512,0,512,,512,512,0,512,0,0.4920178358551269,0.4587880739383244,0.48970374924966187,0.46060647541635946,0.6148206867436918,0.44598732935504243,0.548874437703537,0.034888346641255216,sample,78,0.4908106290565526,0.4595707207787129,0.4896678563028815,0.4605302072384244,0.6142736521244353,0.4466087588123371,0.5507916208325039,0.0341712108788926,2.1494212155773784,1.8150262858467114,1.986661401063541,0.637531231164648,4.488891249417646,1.9033647334135173,1.730362909666209,0.1073520250613966
D_W,dw,92,92,0.01,0.02,512,512,0,512,,512,512,0,512,0,0.4920178358551269,0.4587880739383244,0.48970374924966187,0.46060647541635946,0.6148206867436918,0.44598732935504243,0.548874437703537,0.034888346641255216,sample,79,0.4912208638299713,0.4574491734692744,0.48939664808752714,0.4602845777169082,0.6142022814451431,0.4447676018185155,0.5492594986688317,0.03531940074677702,2.1625706645505276,1.8101693611671512,1.9992923824298272,0.6412276899258865,4.508922829845222,1.9054776212536952,1.7255496059324145,0.11095916991526855
D_W,dw,92,92,0.01,0.02,512,512,0,512,,512,512,0,512,0,0.4920178358551269,0.4587880739383244,0.48970374924966187,0.46060647541635946,0.6148206867436918,0.44598732935504243,0.548874437703537,0.034888346641255216,sample,80,0.49262395856199287,0.4594193175403011,0.4901282586744665,0.4592319902449611,0.6164455108790374,0.4459224981943432,0.5517754575932483,0.03548736397383671,2.155388635365579,1.8057177209955169,1.9838908926138858,0.6498047215882196,4.532589496993837,1.907563568709384,1.7334537240060952,0.11148684195547248
D_W,dw,92,92,0.01,0.02,512,512,0,512,,512,512,0,512,0,0.4920178358551269,0.4587880739383244,0.48970374924966187,0.46060647541635946,0.6148206867436918,0.44598732935504243,0.548874437703537,0.034888346641255216,sample,81,0.49165974975456334,0.45780819986007254,0.48976834689145093,0.46059139225493184,0.6138341571050625,0.4456047733275778,0.5487035785436042,0.03449375843412763,2.14783122495492,1.8043546343107173,1.9949406254721087,0.6375884891447834,4.517230309591419,1.9040757439564588,1.723803131351017,0.10836533809135633
D_W,dw,92,92,0.01,0.02,512,512,0,512,,512,512,0,512,0,0.4920178358551269,0.4587880739383244,0.48970374924966187,0.46060647541635946,0.6148206867436918,0.44598732935504243,0.548874437703537,0.034888346641255216,sample,82,0.4916782257792189,0.45954591402773964,0.49110877534331016,0.46001335556635153,0.6135707769840839,0.4461753958230557,0.5486521475868877,0.03466311862181883,2.1321399615948122,1.7828380886430655,1.9911787830397218,0.6362046424007198,4.509509962291386,1.909328004800574,1.7236415562352294,0.1088973988128176
D_W,dw,92,92,0.01,0.02,512,512,0,512,,512,512,0,512,0,0.4920178358551269,0.4587880739383244,0.48970374924966187,0.46060647541635946,0.6148206867436918,0.44598732935504243,0.548874437703537,0.034888346641255216,sample,83,0.49241417739334314,0.4593867798363428,0.48872235322459723,0.46110466902160835,0.6142393244035151,0.44737911660129537,0.5493960744071541,0.034311081530139356,2.1403841487386077,1.8372681788535956,1.981980138252142,0.6350713735640996,4.527734637611873,1.8989581749843105,1.7259786712685867,0.10779144167180624
D_W,dw,92,92,0.01,0.02,512,512,0,512,,512,512,0,512,0,0.4920178358551269,0.4587880739383244,0.48970374924966187,0.46060647541635946,0.6148206867436918,0.44598732935504243,0.548874437703537,0.034888346641255216,sample,84,0.492329447683731,0.4592500890908039,0.48903223279923747,0.4599968193275591,0.6150676681260041,0.4442028740974989,0.548803563577945,0.03457596348299098,2.16564309094657,1.829377664954129,2.0002982404558893,0.6463610381333224,4.526331257070153,1.90537534289941,1.724117243600371,0.10862359286895343
D_W,dw,92,92,0.01,0.02,512,512,0,512,,512,512,0,512,0,0.4920178358551269,0.4587880739383244,0.48970374924966187,0.46060647541635946,0.6148206867436918,0.44598732935504243,0.548874437703537,0.034888346641255216,sample,85,0.4927732433890699,0.45737879898757616,0.4895833875551077,0.46077716506493804,0.6154361543474695,0.4452213087557218,0.5480000397697636,0.035028938574272556,2.1530857972935102,1.8072493375891139,1.993075135288596,0.6447479876311863,4.544428644619896,1.8983371387434045,1.721592899107604,0.11004665608798278
D_W,dw,92,92,0.01,0.02,512,512,0,512,,512,512,0,512,0,0.4920178358551269,0.4587880739383244,0.48970374924966187,0.46060647541635946,0.6148206867436918,0.44598732935504243,0.548874437703537,0.034888346641255216,sample,86,0.49227988315091514,0.4595954221893069,0.4891865402486141,0.46115097695281265,0.615728575304983,0.44584483453046525,0.5490061400499401,0.03465057114157981,2.15396549769887,1.8278546046208883,1.988333181921715,0.6442152515973644,4.5235941797114005,1.8946671374955886,1.7247536563565808,0.10885797974107762
D_W,dw,92,92,0.01,0.02,512,512,0,512,,512,512,0,512,0,0.4920178358551269,0.4587880739383244,0.48970374924966187,0.46060647541635946,0.6148206867436918,0.44598732935504243,0.548874437703537,0.034888346641255216,sample,87,0.4916040219082202,0.459946152838115,0.48958568498682675,0.45925788325992395,0.6148644114734292,0.4450835421763211,0.5485262221128148,0.033562572648525926,2.161827252934411,1.8199843393996846,1.9941432620244475,0.6448369255572667,4.505763378952262,1.911649834475441,1.723245949690982,0.10543993166818277
D_W,dw,92,92,0.01,0.02,512,512,0,512,,512,512,0,512,0,0.4920178358551269,0.4587880739383244,0.48970374924966187,0.46060647541635946,0.6148206867436918,0.44598732935504243,0.548874437703537,0.034888346641255216,sample,88,0.4912153629182193,0.45976768224726733,0.4891077159285482,0.45998805518688096,0.6127323479643235,0.4466796979096963,0.5493439673164808,0.0352610567285058,2.144605876067478,1.8293775312123237,1.9901004387592987,0.6317681518640769,4.497415169340412,1.9118551976610993,1.7258149720153275,0.11077587677608677
D_W,dw,92,92,0.01,0.02,512,512,0,512,,512,512,0,512,0,0.4920178358551269,0.4587880739383244,0.48970374924966187,0.46060647541635946,0.6148206867436918,0.44598732935504243,0.548874437703537,0.034888346641255216,sample,89,0.49228524875928314,0.4594745420495853,0.48935183060044496,0.4600712433791887,0.6152503654064315,0.44594588558017423,0.548271969966987,0.03537795890809329,2.153718095982647,1.8233999418333482,1.9879571352475993,0.6435587495315086,4.524271859264113,1.9043071411840207,1.72244719301749,0.11114313580466746
D_W,dw,92,92,0.01,0.02,512,512,0,512,,512,512,0,512,0,0.4920178358551269,0.4587880739383244,0.48970374924966187,0.46060647541635946,0.6148206867436918,0.44598732935504243,0.548874437703537,0.034888346641255216,sample,90,0.4913564312980304,0.4580406469491754,0.48999917258010595,0.4606091194370424,0.6143252941771129,0.44553247625700193,0.5497822778517226,0.0346785430989637,2.150559202035482,1.800133134380518,1.9940148585494888,0.6397477885359345,4.50923222930906,1.902608471404668,1.7271919651728342,0.10894585623690137
D_W,dw,92,92,0.01,0.02,512,512,0,512,,512,512,0,512,0,0.4920178358551269,0.4587880739383244,0.48970374924966187,0.46060647541635946,0.6148206867436918,0.44598732935504243,0.548874437703537,0.034888346641255216,sample,91,0.49100069929941353,0.46005443324493484,0.4896998957779443,0.46190379196281595,0.6151089913101038,0.44620630400072103,0.5490665188596887,0.033202695525001824,2.1487490386108323,1.8172321588111073,1.9883669065219018,0.6398666651881207,4.490799387506632,1.8904072976053012,1.7249433419817197,0.10430934434072443
D_W,dw,92,92,0.01,0.02,512,512,0,512,,512,512,0,512,0,0.4920178358551269,0.4587880739383244,0.48970374924966187,0.46060647541635946,0.6148206867436918,0.44598732935504243,0.548874437703537,0.034888346641255216,sample,92,0.49435863262802704,0.4589574287178673,0.4890801929915042,0.4584515432722216,0.6139740370341656,0.4460332905048851,0.5488497012351367,0.03414460356922121,2.142792124891309,1.8285168506939165,1.9893697062939881,0.6404772950395391,4.575793313398012,1.9203679987589908,1.724262189325258,0.10726843573280118
D_W,dw,92,92,0.01,0.02,512,512,0,512,,512,512,0,512,0,0.4920178358551269,0.4587880739383244,0.48970374924966187,0.46060647541635946,0.6148206867436918,0.44598732935504243,0.548874437703537,0.034888346641255216,sample,93,0.49101096359826235,0.4576381567105168,0.4872041923118134,0.4617988710998073,0.6147627384162122,0.4444140239790292,0.5477479201259349,0.03500783087578605,2.182111579453256,1.858101774256469,2.001575027974916,0.6421255635975076,4.503293958161882,1.8921302638168271,1.7208008418867258,0.10998034429748339
D_W,dw,92,92,0.01,0.02,512,512,0,512,,512,512,0,512,0,0.4920178358551269,0.4587880739383244,0.48970374924966187,0.46060647541635946,0.6148206867436918,0.44598732935504243,0.548874437703537,0.034888346641255216,sample,94,0.49375703022205786,0.4572014757149648,0.4884521542855577,0.4579230031629205,0.6163500592445244,0.4447845495101828,0.5479155468559886,0.03352742605594024,2.1766421180182194,1.831703577895024,1.9905495369904693,0.6535644831047528,4.567541745107891,1.9178042161344677,1.721327456790408,0.10532951539111686
D_W,dw,92,92,0.01,0.02,512,512,0,512,,512,512,0,512,0,0.4920178358551269,0.4587880739383244,0.48970374924966187,0.46060647541635946,0.6148206867436918,0.44598732935504243,0.548874437703537,0.034888346641255216,sample,95,0.4918647972619846,0.4583543978488769,0.48813967514518686,0.4605714051436846,0.6156307607237959,0.4456183259582445,0.5473454701161324,0.036059084256847826,2.170085968670304,1.843349475650702,1.9895992065972201,0.6450693291603824,4.5194746905022285,1.8994193600119076,1.7195365078924933,0.1132829541964885
D_W,dw,92,92,0.01,0.02,512,512,0,512,,512,512,0,512,0,0.4920178358551269,0.4587880739383244,0.48970374924966187,0.46060647541635946,0.6148206867436918,0.44598732935504243,0.548874437703537,0.034888346641255216,sample,96,0.49048664317918594,0.45804163382855045,0.48835667127506993,0.46055391306544885,0.6142565014357722,0.4460686767110358,0.54989666934291,0.034498651398673585,2.1674943644310383,1.8350935319311483,1.9904671290404874,0.6384826555227695,4.489425417233815,1.9032256821178148,1.7275513366411819,0.10838070979282818
D_W,dw,92,92,0.01,0.02,512,512,0,512,,512,512,0,512,0,0.4920178358551269,0.4587880739383244,0.48970374924966187,0.46060647541635946,0.6148206867436918,0.44598732935504243,0.548874437703537,0.034888346641255216,sample,97,0.4923623091203961,0.45861247972349567,0.48853002408861285,0.46039657804939044,0.6163000033053193,0.44612348319882555,0.548744721557096,0.035922755930460674,2.1647956634471512,1.8368687762409468,1.9840678122104738,0.6471284567624647,4.529901142920974,1.899008156453569,1.7239323859399494,0.11285466612783443
D_W,dw,92,92,0.01,0.02,512,512,0,512,,512,512,0,512,0,0.4920178358551269,0.4587880739383244,0.48970374924966187,0.46060647541635946,0.6148206867436918,0.44598732935504243,0.548874437703537,0.034888346641255216,sample,98,0.4918355380938828,0.45879095931120295,0.49054780983092344,0.4612009659285137,0.6151794694579763,0.4468616078012957,0.5480890503634,0.03539284709097213,2.136691535732535,1.7921092089291493,1.98296624661738,0.6398703250294897,4.516798804700864,1.8957150052102014,1.7218725341346637,0.11118990841062493
D_W,dw,92,92,0.01,0.02,512,512,0,512,,512,512,0,512,0,0.4920178358551269,0.4587880739383244,0.48970374924966187,0.46060647541635946,0.6148206867436918,0.44598732935504243,0.548874437703537,0.034888346641255216,sample,99,0.49137824819357045,0.4592708481996581,0.4905083492797813,0.4598232924080577,0.6141293375618665,0.4471064352775928,0.548579981792802,0.034559933305911214,2.138226688350684,1.7949557679709947,1.9829185870172112,0.636991652482575,4.503783473493049,1.909276568242671,1.7234148407066892,0.10857323258240388
D_W,dw,92,92,0.01,0.02,512,512,0,512,,512,512,0,512,0,0.4920178358551269,0.4587880739383244,0.48970374924966187,0.46060647541635946,0.6148206867436918,0.44598732935504243,0.548874437703537,0.034888346641255216,sample,100,0.4906323625425069,0.4597294998232702,0.4891524716738684,0.4614767276484686,0.6150811215887487,0.4465680567013931,0.54751615952178,0.033134110956382155,2.155703871305495,1.827375350895512,1.985541534637316,0.6396396452147196,4.483835688236724,1.893820298822005,1.7200727444753214,0.10409387956379926
D_W,dw,92,92,0.01,0.02,512,512,0,512,,512,512,0,512,0,0.4920178358551269,0.4587880739383244,0.48970374924966187,0.46060647541635946,0.6148206867436918,0.44598732935504243,0.548874437703537,0.034888346641255216,sample,101,0.49082124243268016,0.45867326879026266,0.4884479289545956,0.4599753241206762,0.6133961996179955,0.44342453164204587,0.5489277084549826,0.03575768224213208,2.1765508322682505,1.8371912096978704,2.0105438565690545,0.6410709522816209,4.493834419679049,1.9101084497887337,1.724507256234053,0.11233607184128033
D_W,dw,92,92,0.01,0.02,512,512,0,512,,512,512,0,512,0,0.4920178358551269,0.4587880739383244,0.48970374924966187,0.46060647541635946,0.6148206867436918,0.44598732935504243,0.548874437703537,0.034888346641255216,sample,102,0.49094765959233283,0.45985256229158444,0.48906442975621567,0.4611247579568855,0.6135532368485814,0.44699577337871516,0.5477755115992843,0.03387762344477957,2.144682503926216,1.83050957635591,1.9866560218353067,0.6329176979980783,4.490620175610747,1.900642109689767,1.720887523056702,0.10642969293520084
D_W,dw,92,92,0.01,0.02,512,512,0,512,,512,512,0,512,0,0.4920178358551269,0.4587880739383244,0.48970374924966187,0.46060647541635946,0.6148206867436918,0.44598732935504243,0.548874437703537,0.034888346641255216,sample,103,0.49076160118435685,0.45863089853234856,0.4898628973636101,0.46024839965600806,0.6169089046443632,0.4454586707637071,0.5476765017988339,0.03510084917716506,2.1714390845088825,1.805537218476091,1.9867210919898854,0.6511761263389902,4.49267758926562,1.898554559669237,1.7205764745949736,0.11027256990974507
D_W,dw,92,92,0.01,0.02,512,512,0,512,,512,512,0,512,0,0.4920178358551269,0.4587880739383244,0.48970374924966187,0.46060647541635946,0.6148206867436918,0.44598732935504243,0.548874437703537,0.034888346641255216,sample,104,0.49257801443547106,0.45955982091694253,0.48975773846275644,0.46337303755999054,0.6135051923401141,0.44526205624586335,0.5491596943428957,0.03579858814335315,2.1289184794880964,1.8149360273559552,2.001065944329103,0.6330304742296,4.5308789532129925,1.8829372692319115,1.7252360613952573,0.11246458152004492
D_W,dw,92,92,0.01,0.02,512,512,0,512,,512,512,0,512,0,0.4920178358551269,0.4587880739383244,0.48970374924966187,0.46060647541635946,0.6148206867436918,0.44598732935504243,0.548874437703537,0.034888346641255216,sample,105,0.4893741389331006,0.45865754317911883,0.4893955822109713,0.4642964768611318,0.6136674196751363,0.4446350152736139,0.5502889745572628,0.03668820841418426,2.1544832064079644,1.814294520657345,2.005802421303941,0.6337486979917258,4.460813731753662,1.8751428790927784,1.7287837998205573,0.11525940602737252
D_W,dw,92,92,0.01,0.02,512,512,0,512,,512,512,0,512,0,0.4920178358551269,0.4587880739383244,0.48970374924966187,0.46060647541635946,0.6148206867436918,0.44598732935504243,0.548874437703537,0.034888346641255216,sample,106,0.4934823129846672,0.4586508706753715,0.49040909955632694,0.4613488865570212,0.6144140775673026,0.4463678576255482,0.5487281405244182,0.037547329869864234,2.125378147304612,1.796029135720923,1.9887319256984042,0.6374206226678495,4.556049570139175,1.8965774683744012,1.7238802950894998,0.11795841568107808
D_W,dw,92,92,0.01,0.02,512,512,0,512,,512,512,0,512,0,0.4920178358551269,0.4587880739383244,0.48970374924966187,0.46060647541635946,0.6148206867436918,0.44598732935504243,0.548874437703537,0.034888346641255216,sample,107,0.4945830070803666,0.4589863375442541,0.4891430128229437,0.4637920557081848,0.6148608467656801,0.44687295218735756,0.5459378455783571,0.03466822123996301,2.119959695195152,1.827445907249431,1.9862535655058235,0.6349630028453919,4.581071286268106,1.8761692234346208,1.7151143249856056,0.10891342916049342
D_W,dw,92,92,0.01,0.02,512,512,0,512,,512,512,0,512,0,0.4920178358551269,0.4587880739383244,0.48970374924966187,0.46060647541635946,0.6148206867436918,0.44598732935504243,0.548874437703537,0.034888346641255216,sample,108,0.49126473682419997,0.45741198551951734,0.4886204498929935,0.46333155587443653,0.6162611493884931,0.4462481038781643,0.5462881245458329,0.034066236183360556,2.159460044717667,1.826804268249412,1.9860793421960548,0.6426848888403688,4.510084021606057,1.8763184803252637,1.7162147588165344,0.10702223732910031
D_W,dw,92,92,0.01,0.02,512,512,0,512,,512,512,0,512,0,0.4920178358551269,0.4587880739383244,0.48970374924966187,0.46060647541635946,0.6148206867436918,0.44598732935504243,0.548874437703537,0.034888346641255216,sample,109,0.49235666450656457,0.4596594547405952,0.489423559862421,0.46044136091670473,0.6148780774066533,0.4459779560275181,0.5494364353985788,0.03506414697050197,2.148665403837097,1.8229112516272483,1.9891770726804636,0.6414117599521975,4.525138320856532,1.9024318020954518,1.726105469062738,0.11015726652692179
D_W,dw,92,92,0.01,0.02,512,512,0,512,,512,512,0,512,0,0.4920178358551269,0.4587880739383244,0.48970374924966187,0.46060647541635946,0.6148206867436918,0.44598732935504243,0.548874437703537,0.034888346641255216,sample,110,0.49632739203719684,0.4587765800082939,0.4885618461822445,0.45996382460641255,0.6104483315515232,0.4518883969253106,0.5459020940836322,0.034394128994280425,2.076897140125207,1.8404383127997428,1.959488992031248,0.6123893238565434,4.623533243195831,1.9185525529818763,1.7150020083524231,0.10805234297505108
D_W,dw,92,92,0.01,0.02,512,512,0,512,,512,512,0,512,0,0.4920178358551269,0.4587880739383244,0.48970374924966187,0.46060647541635946,0.6148206867436918,0.44598732935504243,0.548874437703537,0.034888346641255216,sample,111,0.49032199188187925,0.45951689388032324,0.4892255842672358,0.4595191515352873,0.6175003366825474,0.44732746305871396,0.5515591853441859,0.03461096311075305,2.1753570731502463,1.824088693105942,1.9716740584456478,0.6511186994393009,4.4777302654454045,1.9025780732104818,1.7327742846972656,0.10873354744240911
D_W,dw,92,92,0.01,0.02,512,512,0,512,,512,512,0,512,0,0.4920178358551269,0.4587880739383244,0.48970374924966187,0.46060647541635946,0.6148206867436918,0.44598732935504243,0.548874437703537,0.034888346641255216,sample,112,0.49645416145631516,0.4593177761749876,0.4917104111893221,0.4628833894669082,0.6166100940299578,0.45180725309066366,0.5496904535105526,0.03530866315228456,2.0727890863476155,1.7710698407282353,1.945957843276363,0.6344421302346904,4.625449281599977,1.878953443623841,1.7269034904971936,0.11092543676729379
D_W,dw,92,92,0.01,0.02,512,512,0,512,,512,512,0,512,0,0.4920178358551269,0.4587880739383244,0.48970374924966187,0.46060647541635946,0.6148206867436918,0.44598732935504243,0.548874437703537,0.034888346641255216,sample,113,0.49006718781564196,0.45792472110963983,0.4901086487729663,0.4598430162493732,0.6146474257601052,0.44529572828504277,0.5494991018994176,0.035573241255101175,2.164981574973976,1.7957227704449712,1.993922042996599,0.6426609365200294,4.480560984223745,1.9077072314534667,1.7263023416813996,0.1117566333914032
D_W,dw,92,92,0.01,0.02,512,512,0,512,,512,512,0,512,0,0.4920178358551269,0.4587880739383244,0.48970374924966187,0.46060647541635946,0.6148206867436918,0.44598732935504243,0.548874437703537,0.034888346641255216,sample,114,0.49119021741144514,0.4596607396218619,0.4892601051594413,0.4608789867305178,0.6146781506510591,0.4460693090583621,0.5483102619530946,0.035441170160351934,2.1541411339708927,1.8252660571873114,1.9895617041932494,0.6397737188894054,4.497372701259631,1.8995540765927392,1.722567490839737,0.11134171981038743
D_W,dw,92,92,0.01,0.02,512,512,0,512,,512,512,0,512,0,0.4920178358551269,0.4587880739383244,0.48970374924966187,0.46060647541635946,0.6148206867436918,0.44598732935504243,0.548874437703537,0.034888346641255216,sample,115,0.48977708169536077,0.4577284579915267,0.488855371668302,0.46278583279298396,0.6143251515626924,0.4440696725483227,0.5462301189828676,0.034158226754066434,2.1707901563748964,1.8216547387791389,2.0062154249779054,0.6396515851542206,4.475105641461904,1.8854909142031304,1.7160325289660554,0.10731123423022944
D_W,dw,92,92,0.01,0.02,512,512,0,512,,512,512,0,512,0,0.4920178358551269,0.4587880739383244,0.48970374924966187,0.46060647541635946,0.6148206867436918,0.44598732935504243,0.548874437703537,0.034888346641255216,sample,116,0.4925943544242498,0.45803761655863195,0.4890038704995829,0.46156738049083834,0.6159246581411183,0.443959910780007,0.5488267429817733,0.035588600887516746,2.165351468796879,1.8233457416085403,2.0009923251209725,0.6481934348792542,4.537704784728666,1.890923918059504,1.7241900638451524,0.1118048870997618
D_W,dw,92,92,0.01,0.02,512,512,0,512,,512,512,0,512,0,0.4920178358551269,0.4587880739383244,0.48970374924966187,0.46060647541635946,0.6148206867436918,0.44598732935504243,0.548874437703537,0.034888346641255216,sample,117,0.4922799492130283,0.4575249379012575,0.4896154443359641,0.4613320954117935,0.6145626012762555,0.4449368478977218,0.5470620447840658,0.03518239971878622,2.150282893625616,1.8068566016260035,1.9981295353545632,0.6408947168470868,4.532596735277543,1.8963158994975993,1.7186461009514316,0.11052876849219839
D_W,dw,92,92,0.01,0.02,512,512,0,512,,512,512,0,512,0,0.4920178358551269,0.4587880739383244,0.48970374924966187,0.46060647541635946,0.6148206867436918,0.44598732935504243,0.548874437703537,0.034888346641255216,sample,118,0.4920098727324479,0.4580227867238485,0.48994742613372605,0.4609825516931159,0.6148091583928099,0.4456659941772615,0.5498971418408071,0.03461472418351426,2.1470824483290327,1.8018481411964051,1.9920573659076617,0.6409662596899893,4.524294659290367,1.8983969024098635,1.7275528210371038,0.10874536320096534
D_W,dw,92,92,0.01,0.02,512,512,0,512,,512,512,0,512,0,0.4920178358551269,0.4587880739383244,0.48970374924966187,0.46060647541635946,0.6148206867436918,0.44598732935504243,0.548874437703537,0.034888346641255216,sample,119,0.4920828414688797,0.45789644335087715,0.4896333757660911,0.45995180129505614,0.6138225603937264,0.4440480613467257,0.5484308455627505,0.03352524478587207,2.1577042326740496,1.8082092588921759,2.004989688339255,0.6415897370055469,4.526519289430696,1.909116197145408,1.7229463154219753,0.10532266272909521
D_W,dw,92,92,0.01,0.02,512,512,0,512,,512,512,0,512,0,0.4920178358551269,0.4587880739383244,0.48970374924966187,0.46060647541635946,0.6148206867436918,0.44598732935504243,0.548874437703537,0.034888346641255216,sample,120,0.49234628699701066,0.4599642829468868,0.4895828575600243,0.46056500360871705,0.615411941503425,0.4465313092559026,0.5489592658774295,0.034265029594020516,2.1465730809936043,1.8210085911407983,1.9839619316042436,0.6423850298522592,4.523495994331056,1.900048079756353,1.7246063968005785,0.1076467652476117
D_W,dw,92,92,0.01,0.02,512,512,0,512,,512,512,0,512,0,0.4920178358551269,0.4587880739383244,0.48970374924966187,0.46060647541635946,0.6148206867436918,0.44598732935504243,0.548874437703537,0.034888346641255216,sample,121,0.49174301549607435,0.4599329735799971,0.4901989324958414,0.46110876285642843,0.6148480354297864,0.44638335978676963,0.5482548785936673,0.03499501492902971,2.140527918193016,1.8059463355317678,1.987131066798512,0.6395425797403673,4.509154838135577,1.8973082111940807,1.722393498884629,0.10994008181330488
D_W,dw,92,92,0.01,0.02,512,512,0,512,,512,512,0,512,0,0.4920178358551269,0.4587880739383244,0.48970374924966187,0.46060647541635946,0.6148206867436918,0.44598732935504243,0.548874437703537,0.034888346641255216,sample,122,0.4916406953399093,0.459109162047073,0.4904782400198951,0.4598981408109748,0.6154213289872499,0.44585678819655833,0.548201464695145,0.035802998679931065,2.150772770280993,1.7950971348599203,1.9879049523953018,0.6446954401754775,4.510737675934418,1.905187720108941,1.7222256941734317,0.1124784376293565
D_W,dw,92,92,0.01,0.02,512,512,0,512,,512,512,0,512,0,0.4920178358551269,0.4587880739383244,0.48970374924966187,0.46060647541635946,0.6148206867436918,0.44598732935504243,0.548874437703537,0.034888346641255216,sample,123,0.49310364228248815,0.45833501625688805,0.49011416910305755,0.4598304689145805,0.6159542955259669,0.4453117183275894,0.5498697573530315,0.03334025343991369,2.1515263855458278,1.800740642969836,1.990029001195871,0.6480805916693925,4.548356895654454,1.9042832424200773,1.7274667901314857,0.10474149527565467
D_W,dw,92,92,0.01,0.02,512,512,0,512,,512,512,0,512,0,0.4920178358551269,0.4587880739383244,0.48970374924966187,0.46060647541635946,0.6148206867436918,0.44598732935504243,0.548874437703537,0.034888346641255216,sample,124,0.4936659942278268,0.4596660816379873,0.4902849255235517,0.4606877019364842,0.6146250974507523,0.4465332595825126,0.5487483817264868,0.03613306471157117,2.12744589786021,1.8044019748545745,1.986325592861573,0.6389186161787537,4.556621951830277,1.9011894217268948,1.7239438847012183,0.11351537064955658
D_W,dw,92,92,0.01,0.02,512,512,0,512,,512,512,0,512,0,0.4920178358551269,0.4587880739383244,0.48970374924966187,0.46060647541635946,0.6148206867436918,0.44598732935504243,0.548874437703537,0.034888346641255216,sample,125,0.49183728756770917,0.4583013852551199,0.4902201826104666,0.4605467697789521,0.615960596241037,0.4463190510399153,0.5479042105704546,0.0348329835473563,2.150133388717632,1.797023543396708,1.9838387833554851,0.6451163689707838,4.51907846103153,1.8987406504766544,1.7212918427990551,0.10943104521498867
D_W,dw,92,92,0.01,0.02,512,512,0,512,,512,512,0,512,0,0.4920178358551269,0.4587880739383244,0.48970374924966187,0.46060647541635946,0.6148206867436918,0.44598732935504243,0.548874437703537,0.034888346641255216,sample,126,0.4923682364494434,0.4583634676528065,0.49020200072166326,0.4608796545557929,0.6144960030538859,0.4453694222323694,0.5489045942952867,0.03334383022860916,2.142552154703946,1.7982566234619533,1.9949068108845123,0.6403950911363122,4.531106400998129,1.9000349030711556,1.7244346409597586,0.1047527320887438
D_W,dw,92,92,0.01,0.02,512,512,0,512,,512,512,0,512,0,0.4920178358551269,0.4587880739383244,0.48970374924966187,0.46060647541635946,0.6148206867436918,0.44598732935504243,0.548874437703537,0.034888346641255216,sample,127,0.4933091866798914,0.4569702114854598,0.48840709024086165,0.46001823956742904,0.6159021252281094,0.446464222340393,0.5468448421666716,0.034705543840590394,2.159351287142349,1.8309787144572587,1.9824969233165595,0.6453482897815542,4.558131681698057,1.9029753909197098,1.7179637388042854,0.10903068156843727
D_W,dw,92,92,0.01,0.02,512,512,0,512,,512,512,0,512,0,0.4920178358551269,0.4587880739383244,0.48970374924966187,0.46060647541635946,0.6148206867436918,0.44598732935504243,0.548874437703537,0.034888346641255216,sample,128,0.49259796639076087,0.4598303813947205,0.48943205795615097,0.4598070448611102,0.6144555709314183,0.44604600502322966,0.5490125257867343,0.03413864406564411,2.1467794779333644,1.8239716746980392,1.9892923523283095,0.6404377621112477,4.530163678713567,1.9085099108818355,1.7247737177403815,0.10724971340014433
D_W,dw,92,92,0.01,0.02,512,512,0,512,,512,512,0,512,0,0.4920178358551269,0.4587880739383244,0.48970374924966187,0.46060647541635946,0.6148206867436918,0.44598732935504243,0.548874437703537,0.034888346641255216,sample,129,0.49084106258783355,0.45945596081093165,0.4894332995799756,0.459786449541548,0.6149263556498983,0.4446078147712776,0.5472233623431132,0.03455823252887489,2.1693816248168556,1.8197399646550776,1.9977456722684352,0.6452683778136894,4.490217156108484,1.9073884025528651,1.7191528950098298,0.10856788943376117
D_W,dw,92,92,0.01,0.02,512,512,0,512,,512,512,0,512,0,0.4920178358551269,0.4587880739383244,0.48970374924966187,0.46060647541635946,0.6148206867436918,0.44598732935504243,0.548874437703537,0.034888346641255216,sample,130,0.49374218428297295,0.4572201177568575,0.48770623355371806,0.46093668949861993,0.6155927155793558,0.44451212820809133,0.5462319195082127,0.03337954698827274,2.168827505801009,1.8478310069505455,1.9976043903820366,0.6465838450583151,4.567139727616647,1.8966864228908875,1.7160381854832523,0.10486493959851294
D_W,dw,92,92,0.01,0.02,512,512,0,512,,512,512,0,512,0,0.4920178358551269,0.4587880739383244,0.48970374924966187,0.46060647541635946,0.6148206867436918,0.44598732935504243,0.548874437703537,0.034888346641255216,sample,131,0.49241727972283855,0.45916466523495264,0.4876416169757579,0.4619600544698546,0.615791146841353,0.4479254266711255,0.5473979260292253,0.033352347252913854,2.1524685585527665,1.8600066404068185,1.9745818245689866,0.6393432463661981,4.528789965479115,1.8882104989186657,1.7197013030037032,0.10477948910972988
D_W,dw,92,92,0.01,0.02,512,512,0,512,,512,512,0,512,0,0.4920178358551269,0.4587880739383244,0.48970374924966187,0.46060647541635946,0.6148206867436918,0.44598732935504243,0.548874437703537,0.034888346641255216,sample,132,0.4931589809111921,0.45904097500347896,0.4901470431248417,0.4603805877336636,0.6159818238334444,0.44497172982807476,0.5468836992906007,0.035038489741571706,2.1500964916299123,1.8037581629171167,1.9928038341622722,0.6480768893959692,4.5468955238786934,1.8999685034139067,1.7180858120593605,0.110076661965003
D_W,dw,92,92,0.01,0.02,512,512,0,512,,512,512,0,512,0,0.4920178358551269,0.4587880739383244,0.48970374924966187,0.46060647541635946,0.6148206867436918,0.44598732935504243,0.548874437703537,0.034888346641255216,sample,133,0.49122758047529486,0.45950938969188976,0.48944625305590267,0.4604735111376408,0.6156013703868081,0.4463322152900356,0.5478704479517353,0.035027665146857304,2.15788957946658,1.820228194104991,1.9847000160443466,0.643693451768361,4.499033219225834,1.9002554013357575,1.7211857744041208,0.11004265549777015
D_W,dw,92,92,0.01,0.02,512,512,0,512,,512,512,0,512,0,0.4920178358551269,0.4587880739383244,0.48970374924966187,0.46060647541635946,0.6148206867436918,0.44598732935504243,0.548874437703537,0.034888346641255216,sample,134,0.49105432388597897,0.4597891803731507,0.48922906191268734,0.4612734710227584,0.6154952688617493,0.4450418363054724,0.5491105012841633,0.03461389442069796,2.1640012813347855,1.8265402718103623,1.9946151418806706,0.6446516074802994,4.49348451996269,1.8943233490949105,1.725081516843336,0.10874275642419745
D_W,dw,92,92,0.01,0.02,512,512,0,512,,512,512,0,512,0,0.4920178358551269,0.4587880739383244,0.48970374924966187,0.46060647541635946,0.6148206867436918,0.44598732935504243,0.548874437703537,0.034888346641255216,sample,135,0.49286177062671827,0.45901272803581167,0.48891908382532806,0.4607917062513981,0.6144574539775396,0.44519082791472764,0.5489438629512631,0.034578102563442285,2.1512205766442776,1.8310948211728812,1.9961570949012712,0.6407149182742852,4.539961166825968,1.9008258018718946,1.7245580070808904,0.10863031298838467
D_W,dw,92,92,0.01,0.02,512,512,0,512,,512,512,0,512,0,0.4920178358551269,0.4587880739383244,0.48970374924966187,0.46060647541635946,0.6148206867436918,0.44598732935504243,0.548874437703537,0.034888346641255216,sample,136,0.49126810147464983,0.4592953629215062,0.4898214560038822,0.46076034117687753,0.6145460978851782,0.445840427535664,0.547307943193621,0.03510469851982625,2.150154203553042,1.810588292643724,1.9914035721720869,0.6398422263372747,4.5010730722862275,1.900833610516771,1.7194186135884195,0.11028466297637063
D_W,dw,92,92,0.01,0.02,512,512,0,512,,512,512,0,512,0,0.4920178358551269,0.4587880739383244,0.48970374924966187,0.46060647541635946,0.6148206867436918,0.44598732935504243,0.548874437703537,0.034888346641255216,sample,137,0.49184310267491177,0.45892794175425755,0.4911819348980076,0.4599298135148164,0.6149510144188738,0.4467910234722861,0.5492493286775169,0.03544503826978752,2.1357131010604875,1.7783484237338067,1.9828620579175626,0.6408729966219303,4.516340250962695,1.906209911492376,1.7255176559624126,0.11135387183457353
D_W,dw,92,92,0.01,0.02,512,512,0,512,,512,512,0,512,0,0.4920178358551269,0.4587880739383244,0.48970374924966187,0.46060647541635946,0.6148206867436918,0.44598732935504243,0.548874437703537,0.034888346641255216,sample,138,0.4917990815026692,0.4597573632745243,0.4894030335033959,0.4598360093326803,0.6148661747873229,0.4464644396322768,0.5482413714259902,0.03461952452055135,2.152078118910231,1.8233122442337804,1.9852611896140888,0.6412884131539449,4.511354924411474,1.9071673188320093,1.7223510648658837,0.10876044390453583
D_W,dw,92,92,0.01,0.02,512,512,0,512,,512,512,0,512,0,0.4920178358551269,0.4587880739383244,0.48970374924966187,0.46060647541635946,0.6148206867436918,0.44598732935504243,0.548874437703537,0.034888346641255216,sample,139,0.49214500692902974,0.45809725452200784,0.48897672269081344,0.4608148533007545,0.6139126923020919,0.44534025301206953,0.5496540573687108,0.03471100732000243,2.1522732474513124,1.8238191593275952,1.9967588922484603,0.6381205750384209,4.527081876116126,1.90210953458995,1.7267891486453644,0.10904784559522117
D_W,dw,92,92,0.01,0.02,512,512,0,512,,512,512,0,512,0,0.4920178358551269,0.4587880739383244,0.48970374924966187,0.46060647541635946,0.6148206867436918,0.44598732935504243,0.548874437703537,0.034888346641255216,sample,140,0.4927080349179458,0.45790531115155425,0.4884462664444317,0.45989264054710255,0.6144531781973229,0.44632654774488384,0.5494476307298555,0.03460727465027401,2.1548068884820246,1.834920455904239,1.9874533083317227,0.6397540492818158,4.540863490238314,1.9078505281992084,1.7261406402332313,0.1087219598020651
D_W,dw,92,92,0.01,0.02,512,512,0,512,,512,512,0,512,0,0.4920178358551269,0.4587880739383244,0.48970374924966187,0.46060647541635946,0.6148206867436918,0.44598732935504243,0.548874437703537,0.034888346641255216,sample,141,0.4934315660866385,0.459050937515233,0.49166823573657426,0.4605555998214113,0.6140412027862768,0.44917083976885525,0.5501335635801905,0.03737670277818203,2.100152549319824,1.769055607539832,1.9694646541915222,0.6316257341038826,4.553338863192721,1.9037947233919668,1.7282955618366997,0.11742237486334588
D_W,dw,92,92,0.01,0.02,512,512,0,512,,512,512,0,512,0,0.4920178358551269,0.4587880739383244,0.48970374924966187,0.46060647541635946,0.6148206867436918,0.44598732935504243,0.548874437703537,0.034888346641255216,sample,142,0.49309822209942333,0.45802399553087947,0.4877644053584277,0.4582134601266323,0.6168664069713865,0.44579456629295044,0.5456798857797062,0.0337537472487846,2.181705555751911,1.8508645484153932,1.9825728299000658,0.6533071074749787,4.549425111141388,1.9141885600931794,1.7143039203772423,0.10604052438790838
D_W,dw,92,92,0.01,0.02,512,512,0,512,,512,512,0,512,0,0.4920178358551269,0.4587880739383244,0.48970374924966187,0.46060647541635946,0.6148206867436918,0.44598732935504243,0.548874437703537,0.034888346641255216,sample,143,0.49286076924300526,0.45737064753289297,0.4878976393092086,0.4590668492932944,0.6157327510091639,0.44607335539140064,0.5487240512340158,0.03436920902711201,2.1713934673956503,1.8438031492112672,1.9847093321913145,0.6467845104230893,4.546456658971466,1.9107518508011387,1.7238674482048133,0.1079740545892671
D_W,dw,92,92,0.01,0.02,512,512,0,512,,512,512,0,512,0,0.4920178358551269,0.4587880739383244,0.48970374924966187,0.46060647541635946,0.6148206867436918,0.44598732935504243,0.548874437703537,0.034888346641255216,sample,144,0.49187415604919094,0.4583049641776199,0.489930883637591,0.4616043320072236,0.6139225657611571,0.4467055802355034,0.5503898784563852,0.034820482708362084,2.134358317181696,1.803535803893505,1.9880742557453412,0.6343463195233079,4.5199140227152075,1.895872908026484,1.729100798768759,0.10939177267104075
D_W,dw,92,92,0.01,0.02,512,512,0,512,,512,512,0,512,0,0.4920178358551269,0.4587880739383244,0.48970374924966187,0.46060647541635946,0.6148206867436918,0.44598732935504243,0.548874437703537,0.034888346641255216,sample,145,0.49185261789538776,0.459467906641727,0.48888212391557534,0.4606182148409672,0.6147201233630494,0.44672388832001475,0.5495465045872155,0.03503725520308908,2.1509162523146346,1.8335003573966604,1.9846664766635012,0.6390445024394337,4.514021838587487,1.9014771669830879,1.726451261617146,0.1100727835479754
D_W,dw,92,92,0.01,0.02,512,512,0,512,,512,512,0,512,0,0.4920178358551269,0.4587880739383244,0.48970374924966187,0.46060647541635946,0.6148206867436918,0.44598732935504243,0.548874437703537,0.034888346641255216,sample,146,0.4927222172798699,0.4586266414382655,0.4917473168647354,0.45725189683411355,0.6143341527689454,0.4445742000866478,0.5498018392943169,0.034811069134817824,2.145995492106534,1.7647783365525391,1.9970300683789006,0.64667733707988,4.538265292311281,1.9285912414319692,1.727253419257182,0.10936219905755007
D_W,dw,92,92,0.01,0.02,512,512,0,512,,512,512,0,512,0,0.4920178358551269,0.4587880739383244,0.48970374924966187,0.46060647541635946,0.6148206867436918,0.44598732935504243,0.548874437703537,0.034888346641255216,sample,147,0.490779498439227,0.45973315880876053,0.490696891160074,0.46175505367435415,0.6143183846825523,0.4474367577467645,0.5490623949954561,0.03548158276096363,2.131299253089382,1.7923083759180345,1.981982819816166,0.6343718123374013,4.487284835293003,1.8936393628784423,1.724930386480142,0.11146867973958159
D_W,dw,92,92,0.01,0.02,512,512,0,512,,512,512,0,512,0,0.4920178358551269,0.4587880739383244,0.48970374924966187,0.46060647541635946,0.6148206867436918,0.44598732935504243,0.548874437703537,0.034888346641255216,sample,148,0.4937521367600343,0.45850001931394246,0.4909868381223691,0.4584448865459316,0.6172874240183547,0.446578557501851,0.5495873731908908,0.03317186271120316,2.1461260059047027,1.7823473607476377,1.9763241842128993,0.6532165742018798,4.562960209377222,1.911298090172712,1.7265796541222145,0.10421248019940506
D_W,dw,92,92,0.01,0.02,512,512,0,512,,512,512,0,512,0,0.4920178358551269,0.4587880739383244,0.48970374924966187,0.46060647541635946,0.6148206867436918,0.44598732935504243,0.548874437703537,0.034888346641255216,sample,149,0.4902519365629875,0.45782372850884245,0.48829259004811115,0.47282871842930585,0.6247774588569601,0.44101546744750103,0.543833628129074,0.029950220980754658,2.214188671882354,1.8349304198095988,2.0034967800024,0.6785492410264686,4.485250741720874,1.7852070680855199,1.7085037309053823,0.09409139420652972
D_W,dw,92,92,0.01,0.02,512,512,0,512,,512,512,0,512,0,0.4920178358551269,0.4587880739383244,0.48970374924966187,0.46060647541635946,0.6148206867436918,0.44598732935504243,0.548874437703537,0.034888346641255216,sample,150,0.4925429432539176,0.45763726496619694,0.4895995761679122,0.46217955833261926,0.6162982008376323,0.44648150908914735,0.5494968263758151,0.03682576122686951,2.1459488395811834,1.808034343064598,1.9833108208976868,0.6439398548638566,4.538145366232378,1.8852111827449287,1.7262951929131667,0.1156915409331851
D_W,dw,92,92,0.01,0.02,512,512,0,512,,512,512,0,512,0,0.4920178358551269,0.4587880739383244,0.48970374924966187,0.46060647541635946,0.6148206867436918,0.44598732935504243,0.548874437703537,0.034888346641255216,sample,151,0.49355256889306703,0.4585208632674336,0.4883499034592488,0.461303573774517,0.6132239068550995,0.4463427296676739,0.5479353331461008,0.03500005606445979,2.137125824065268,1.8415165591532505,1.9923498005396985,0.6325701530074241,4.558185054120838,1.90011970958963,1.7213896172540661,0.10995591900733777
D_W,dw,92,92,0.01,0.02,512,512,0,512,,512,512,0,512,0,0.4920178358551269,0.4587880739383244,0.48970374924966187,0.46060647541635946,0.6148206867436918,0.44598732935504243,0.548874437703537,0.034888346641255216,sample,152,0.4918055349233345,0.459145603631764,0.4912917831889647,0.45931024479498644,0.6137941787518183,0.4475521137274182,0.5497132703109104,0.03588392218904727,2.1268405699455952,1.7768209748569626,1.9802576225507698,0.6354948841503303,4.5144383728805,1.914201927889259,1.7269751715895765,0.11273266633109867
D_W,dw,92,92,0.01,0.02,512,512,0,512,,512,512,0,512,0,0.4920178358551269,0.4587880739383244,0.48970374924966187,0.46060647541635946,0.6148206867436918,0.44598732935504243,0.548874437703537,0.034888346641255216,sample,153,0.49249491841819365,0.46008445428030553,0.48988223976004724,0.4601671216103242,0.6143369953032976,0.44463591116284445,0.5476259292837194,0.03329980392675401,2.149184241999807,1.8149409052588046,1.9996745403587504,0.6422193395750586,4.526534850177653,1.906028427143579,1.7204175963530166,0.10461441938227094
D_W,dw,92,92,0.01,0.02,512,512,0,512,,512,512,0,512,0,0.4920178358551269,0.4587880739383244,0.48970374924966187,0.46060647541635946,0.6148206867436918,0.44598732935504243,0.548874437703537,0.034888346641255216,sample,154,0.49271770366127887,0.458575051827068,0.49156809564858645,0.4606188984603395,0.6162381245963618,0.44595786981046476,0.5496202395449212,0.035197157495029774,2.1360695539479724,1.7686460871398837,1.985588450387429,0.6468753304120635,4.538372098400836,1.897455891576321,1.726682906818587,0.11057513141362846
D_W,dw,92,92,0.01,0.02,512,512,0,512,,512,512,0,512,0,0.4920178358551269,0.4587880739383244,0.48970374924966187,0.46060647541635946,0.6148206867436918,0.44598732935504243,0.548874437703537,0.034888346641255216,sample,155,0.4934414042968986,0.46063414274382575,0.49371717810458343,0.45826335273394897,0.6144119308486738,0.4454082986503855,0.5517412103150414,0.034704716023927586,2.1152984054993125,1.7269455122148816,1.992199088073112,0.643802619221136,4.547299140529451,1.920588318567578,1.7333461330084752,0.10902808090569088
D_W,dw,92,92,0.01,0.02,512,512,0,512,,512,512,0,512,0,0.4920178358551269,0.4587880739383244,0.48970374924966187,0.46060647541635946,0.6148206867436918,0.44598732935504243,0.548874437703537,0.034888346641255216,sample,156,0.4918557699267164,0.4574036602200118,0.4892968138863608,0.46152166130533556,0.6146731948409808,0.4467669010091238,0.54911207872036,0.035595588032778916,2.1453100932494737,1.8127605954521238,1.985387350401999,0.6374825072594104,4.523473405101455,1.8945385788960851,1.7250864725053032,0.11182683786398699
D_W,dw,92,92,0.01,0.02,512,512,0,512,,512,512,0,512,0,0.4920178358551269,0.4587880739383244,0.48970374924966187,0.46060647541635946,0.6148206867436918,0.44598732935504243,0.548874437703537,0.034888346641255216,sample,157,0.4926215432685093,0.45982161349942274,0.4908040952039327,0.4615631440591935,0.6153500143750685,0.4461699364427184,0.5480516766499846,0.0353363742267312,2.13203801833205,1.7922178206117725,1.9875918404158746,0.6414199882841795,4.530770172127903,1.8924442858817727,1.7217551211511601,0.11101249367519844
D_W,dw,92,92,0.01,0.02,512,512,0,512,,512,512,0,512,0,0.4920178358551269,0.4587880739383244,0.48970374924966187,0.46060647541635946,0.6148206867436918,0.44598732935504243,0.548874437703537,0.034888346641255216,sample,158,0.4922025028224633,0.45818562525321815,0.4884464601436533,0.46075519831418826,0.6144083107043797,0.4458573460578697,0.5493382309674949,0.03425798420588076,2.1565128330447205,1.8360203157572565,1.9916835022593815,0.6392423248413351,4.52802766671354,1.9012430216068237,1.725796950743495,0.10762463150799016
D_W,dw,92,92,0.01,0.02,512,512,0,512,,512,512,0,512,0,0.4920178358551269,0.4587880739383244,0.48970374924966187,0.46060647541635946,0.6148206867436918,0.44598732935504243,0.548874437703537,0.034888346641255216,sample,159,0.49362455880102224,0.45776472779339944,0.4884597353249682,0.46234449241279063,0.6138693697631832,0.4466256287893687,0.5456161955368038,0.03531794290449284,2.1344386323907867,1.834672947273892,1.9895104348053474,0.633247103912039,4.562569445373512,1.8901663594226796,1.714103831578035,0.11095458996865847
D_W,dw,92,92,0.01,0.02,512,512,0,512,,512,512,0,512,0,0.4920178358551269,0.4587880739383244,0.48970374924966187,0.46060647541635946,0.6148206867436918,0.44598732935504243,0.548874437703537,0.034888346641255216,sample,160,0.4903104442279457,0.45901683517550135,0.49003242229818994,0.4624129705012831,0.6154312399766859,0.4471485301234159,0.5481907660428489,0.03480279415736391,2.1458013944282675,1.8032057442038032,1.981410598762525,0.6386886140901136,4.480224460620121,1.8855913138081781,1.7221920833659752,0.10933620244917223
D_W,dw,92,92,0.01,0.02,512,512,0,512,,512,512,0,512,0,0.4920178358551269,0.4587880739383244,0.48970374924966187,0.46060647541635946,0.6148206867436918,0.44598732935504243,0.548874437703537,0.034888346641255216,sample,161,0.49109921475657575,0.45789436490247915,0.48990604224229656,0.4604758723046897,0.6147417617598101,0.4456059095310778,0.5492031540404858,0.03466676356693715,2.1557084802949507,1.8011781273255512,1.9921613931686892,0.6415261322732823,4.504064162974846,1.902528640052387,1.7253725940619338,0.10890884974562405
D_W,dw,92,92,0.01,0.02,512,512,0,512,,512,512,0,512,0,0.4920178358551269,0.4587880739383244,0.48970374924966187,0.46060647541635946,0.6148206867436918,0.44598732935504243,0.548874437703537,0.034888346641255216,sample,162,0.49323845608626044,0.45801643605367526,0.48853776367157165,0.4609142588065101,0.6151608852117837,0.44569302535848937,0.5485180756349772,0.03545942939693247,2.153961450312856,1.8340830216255795,1.9907822198162375,0.6424762353942665,4.552707983952686,1.897997972914411,1.723220356776055,0.11139908289388899
D_W,dw,92,92,0.01,0.02,512,512,0,512,,512,512,0,512,0,0.4920178358551269,0.4587880739383244,0.48970374924966187,0.46060647541635946,0.6148206867436918,0.44598732935504243,0.548874437703537,0.034888346641255216,sample,163,0.49162871602676156,0.4595329441174846,0.4888684998137349,0.46018830134053784,0.6146576031404036,0.4459680801099803,0.5493327270508519,0.03433643274447892,2.158129759533026,1.8339229800147185,1.9896292978189407,0.6408772616577046,4.508399682655971,1.9049946115811867,1.7257796596794033,0.107871084860535
D_W,dw,92,92,0.01,0.02,512,512,0,512,,512,512,0,512,0,0.4920178358551269,0.4587880739383244,0.48970374924966187,0.46060647541635946,0.6148206867436918,0.44598732935504243,0.548874437703537,0.034888346641255216,sample,164,0.4918067997392699,0.45783190133711144,0.489087643745897,0.4586895220414412,0.6144688971288882,0.448922213536329,0.5500039347479475,0.03416302863860393,2.1457847278210886,1.8195658222914055,1.9681858760008808,0.6366485699957122,4.5204815501038675,1.917138009473104,1.7278883208496318,0.10732631979541582
D_W,dw,92,92,0.01,0.02,512,512,0,512,,512,512,0,512,0,0.4920178358551269,0.4587880739383244,0.48970374924966187,0.46060647541635946,0.6148206867436918,0.44598732935504243,0.548874437703537,0.034888346641255216,sample,165,0.49123091890588255,0.45755365388001307,0.48834344815995356,0.46066634190245875,0.6164989695616266,0.4472144181015422,0.5487017041901151,0.0332477850209891,2.1687212389669295,1.8335192295662746,1.9762957776638723,0.6454842278212455,4.5086629430548815,1.8964097391777601,1.7237972428958654,0.10445099717007213
D_W,dw,92,92,0.01,0.02,512,512,0,512,,512,512,0,512,0,0.4920178358551269,0.4587880739383244,0.48970374924966187,0.46060647541635946,0.6148206867436918,0.44598732935504243,0.548874437703537,0.034888346641255216,sample,166,0.4926395537059042,0.4578207370490994,0.4892984821296923,0.46035586279508456,0.6137432102344309,0.4460374700496386,0.549709049895303,0.034956002354051864,2.1436181461133046,1.8157167998365513,1.9919797261321959,0.6366943627621809,4.539624703412078,1.9061705034244805,1.726961912762909,0.10981752019435685
D_W,dw,92,92,0.01,0.02,512,512,0,512,,512,512,0,512,0,0.4920178358551269,0.4587880739383244,0.48970374924966187,0.46060647541635946,0.6148206867436918,0.44598732935504243,0.548874437703537,0.034888346641255216,sample,167,0.4920909047221849,0.4592342185604287,0.4888850988019058,0.4588036323632338,0.6150184960917293,0.44597446566947996,0.5486747064622121,0.035420206839072106,2.1630838822978893,1.832327475264918,1.9871473095848242,0.6443962232933271,4.520756635099662,1.914732407286295,1.7237124270322215,0.11127586159425988
D_W,dw,92,92,0.01,0.02,512,512,0,512,,512,512,0,512,0,0.4920178358551269,0.4587880739383244,0.48970374924966187,0.46060647541635946,0.6148206867436918,0.44598732935504243,0.548874437703537,0.034888346641255216,sample,168,0.4912199013995405,0.45832577158828414,0.4904973712261384,0.4607948754460298,0.614529458643809,0.4454725728503933,0.5492617820599162,0.03457087641095166,2.1475427075060987,1.7903239666394213,1.9940155706415232,0.6404503709566073,4.504741641219311,1.9006082724293165,1.7255567794170705,0.10860761136080642
D_W,dw,92,92,0.01,0.02,512,512,0,512,,512,512,0,512,0,0.4920178358551269,0.4587880739383244,0.48970374924966187,0.46060647541635946,0.6148206867436918,0.44598732935504243,0.548874437703537,0.034888346641255216,sample,169,0.4928464239170443,0.458720053782938,0.49136513055272385,0.4615501230189564,0.6136788049253671,0.4442833378661624,0.548745168357573,0.03398696036531725,2.12801713226401,1.7740564943775787,2.0054660741362196,0.6382362522544057,4.540798884686958,1.8969497153854196,1.7239337896050457,0.10677318500152815
D_W,dw,92,92,0.01,0.02,512,512,0,512,,512,512,0,512,0,0.4920178358551269,0.4587880739383244,0.48970374924966187,0.46060647541635946,0.6148206867436918,0.44598732935504243,0.548874437703537,0.034888346641255216,sample,170,0.4905751720110261,0.45961419994218017,0.4896052364806604,0.4595688407479882,0.61489634173135,0.4466857200287806,0.5498976019084693,0.033496633490309506,2.158747604387184,1.8163882102429108,1.983383771800702,0.6413758541766104,4.483122418842089,1.9091561061054196,1.7275542663822916,0.10523277769314618
D_W,dw,92,92,0.01,0.02,512,512,0,512,,512,512,0,512,0,0.4920178358551269,0.4587880739383244,0.48970374924966187,0.46060647541635946,0.6148206867436918,0.44598732935504243,0.548874437703537,0.034888346641255216,sample,171,0.49179496427815267,0.45801942371537274,0.4881744772401623,0.45845302630428547,0.6155926564926755,0.4442381924021683,0.5493424723760718,0.035121251429335684,2.1871388150502584,1.840518861332391,1.9969437995414054,0.6507213203985094,4.5193737822259505,1.9158434213092774,1.725810275521521,0.11033666547528101
D_W,dw,92,92,0.01,0.02,512,512,0,512,,512,512,0,512,0,0.4920178358551269,0.4587880739383244,0.48970374924966187,0.46060647541635946,0.6148206867436918,0.44598732935504243,0.548874437703537,0.034888346641255216,sample,172,0.4933771918456248,0.4577988940307072,0.4899288972721353,0.4615521070501677,0.614694605946865,0.44491774767436965,0.5484587177173901,0.03450362808071161,2.140283916204086,1.8023283238347625,1.9980889062334455,0.6411742335347406,4.556724151773867,1.8942436615143603,1.7230338783782309,0.1083963445005581
D_W,dw,92,92,0.01,0.02,512,512,0,512,,512,512,0,512,0,0.4920178358551269,0.4587880739383244,0.48970374924966187,0.46060647541635946,0.6148206867436918,0.44598732935504243,0.548874437703537,0.034888346641255216,sample,173,0.4941421080325477,0.45981508089338363,0.4899148661993394,0.45942846023666817,0.6122533756817725,0.44608051407813953,0.5492971231398874,0.03360221527165343,2.121980965960636,1.8142151945763736,1.9950941030410805,0.6317974057804261,4.567635175684746,1.9176157063049313,1.7256678066942783,0.10556447264176916
D_W,dw,92,92,0.01,0.02,512,512,0,512,,512,512,0,512,0,0.4920178358551269,0.4587880739383244,0.48970374924966187,0.46060647541635946,0.6148206867436918,0.44598732935504243,0.548874437703537,0.034888346641255216,sample,174,0.4918027915595511,0.45789293258992975,0.48996661362295146,0.4594666722750462,0.6145998809326217,0.4467482498835254,0.5486350123918688,0.03481999609374424,2.1476038886004747,1.800557878861566,1.9836941551434686,0.6401696968729139,4.520118471268752,1.910758507228244,1.7235877244324402,0.1093902439261322
D_W,dw,92,92,0.01,0.02,512,512,0,512,,512,512,0,512,0,0.4920178358551269,0.4587880739383244,0.48970374924966187,0.46060647541635946,0.6148206867436918,0.44598732935504243,0.548874437703537,0.034888346641255216,sample,175,0.492445280278695,0.4598249352485831,0.48954786540396555,0.459603423073666,0.6157102387611493,0.4461598486692253,0.5483430010281011,0.03410458063764965,2.1541233128961874,1.8211168731502627,1.9847160497122065,0.64573725433873,4.526514599770532,1.906685567647151,1.7226703436772628,0.10714269998500084
D_W,dw,92,92,0.01,0.02,512,512,0,512,,512,512,0,512,0,0.4920178358551269,0.4587880739383244,0.48970374924966187,0.46060647541635946,0.6148206867436918,0.44598732935504243,0.548874437703537,0.034888346641255216,sample,176,0.49234230954677194,0.45858441593722943,0.48883712852600525,0.46020010314688853,0.6146407817219325,0.4455128526465729,0.5498599783217366,0.034689884275675674,2.1572287140472968,1.8298800353390308,1.992816069823128,0.641686510761311,4.529555098284006,1.904948207858787,1.7274360683986105,0.10898148559434277
D_W,dw,92,92,0.01,0.02,512,512,0,512,,512,512,0,512,0,0.4920178358551269,0.4587880739383244,0.48970374924966187,0.46060647541635946,0.6148206867436918,0.44598732935504243,0.548874437703537,0.034888346641255216,sample,177,0.4921567909431457,0.4584878437771225,0.49037101225863866,0.4598368061145763,0.6151791590897212,0.44699985822421645,0.5484700864665549,0.03404678206607388,2.1413707556091266,1.7948915436599442,1.980682342102114,0.6415585988723064,4.52565257302607,1.9063142594869116,1.7230695943570875,0.10696112041715042
D_W,dw,92,92,0.01,0.02,512,512,0,512,,512,512,0,512,0,0.4920178358551269,0.4587880739383244,0.48970374924966187,0.46060647541635946,0.6148206867436918,0.44598732935504243,0.548874437703537,0.034888346641255216,sample,178,0.4940850389918299,0.45871248972588086,0.4899441792771394,0.45998515648378524,0.6153238125557046,0.44614288177843425,0.5503703161030956,0.03581551183643685,2.1376940072702997,1.807375871696841,1.9863108908617713,0.6436050114708458,4.570094483141866,1.9047765454822376,1.7290393418233774,0.1125177488699083
D_W,dw,92,92,0.01,0.02,512,512,0,512,,512,512,0,512,0,0.4920178358551269,0.4587880739383244,0.48970374924966187,0.46060647541635946,0.6148206867436918,0.44598732935504243,0.548874437703537,0.034888346641255216,sample,179,0.493116685390002,0.45770010872569783,0.4886260933715362,0.45883138103194526,0.6145505307109724,0.44757631958213967,0.5481685028219478,0.03264386548877106,2.148765486764491,1.8302124960214217,1.9774659256647449,0.6393165533326242,4.551076379755823,1.915814136503709,1.7221221413947472,0.10255372800429655
D_W,dw,92,92,0.01,0.02,512,512,0,512,,512,512,0,512,0,0.4920178358551269,0.4587880739383244,0.48970374924966187,0.46060647541635946,0.6148206867436918,0.44598732935504243,0.548874437703537,0.034888346641255216,sample,180,0.49274544837644535,0.4588072663260352,0.48869851026067757,0.45900030933811764,0.6150072732202816,0.4436756084616535,0.5485720055789259,0.0335860297839467,2.1732651696541727,1.8346928938538574,2.0030149403506057,0.6486240857667319,4.538064162916454,1.9132469122701983,1.7233897826917728,0.10551362443249494
D_W,dw,92,92,0.01,0.02,512,512,0,512,,512,512,0,512,0,0.4920178358551269,0.4587880739383244,0.48970374924966187,0.46060647541635946,0.6148206867436918,0.44598732935504243,0.548874437703537,0.034888346641255216,sample,181,0.49106484729907185,0.4584064370632254,0.4891560417185668,0.4589495537545609,0.6154295322154122,0.4473119750015923,0.5475361646234609,0.03385395366412066,2.162610121193091,1.8203788428732894,1.976949459667673,0.6433118265963708,4.500784333531378,1.9124797641784252,1.7201355923557964,0.10635533212617072
D_W,dw,92,92,0.01,0.02,512,512,0,512,,512,512,0,512,0,0.4920178358551269,0.4587880739383244,0.48970374924966187,0.46060647541635946,0.6148206867436918,0.44598732935504243,0.548874437703537,0.034888346641255216,sample,182,0.49213654635653853,0.4580106651571054,0.4884239736906962,0.4602011533299859,0.6152621852945664,0.4467797235455452,0.55003297523233,0.03472032834701935,2.1590907384552747,1.8354202973306648,1.9823226530045501,0.6418012278827419,4.527260676491627,1.9032687504856085,1.7279795542220244,0.10907712846522144
D_W,dw,92,92,0.01,0.02,512,512,0,512,,512,512,0,512,0,0.4920178358551269,0.4587880739383244,0.48970374924966187,0.46060647541635946,0.6148206867436918,0.44598732935504243,0.548874437703537,0.034888346641255216,sample,183,0.49172881786923794,0.4595268347398996,0.49204099371693055,0.4602741260254381,0.6168079605104766,0.4437756036560905,0.5493418043443672,0.036003918240169235,2.1548490879094744,1.761130954569612,1.998385833837681,0.6540426733304754,4.5108026079496,1.8986205291725808,1.7258081768380256,0.11310964504376322
D_W,dw,92,92,0.01,0.02,512,512,0,512,,512,512,0,512,0,0.4920178358551269,0.4587880739383244,0.48970374924966187,0.46060647541635946,0.6148206867436918,0.44598732935504243,0.548874437703537,0.034888346641255216,sample,184,0.4910343859615034,0.45919061556526525,0.4901301298843977,0.460073568611142,0.6143602740857356,0.44597446296131754,0.5478234366812272,0.035252658842587985,2.1503145954777585,1.8027636135430634,1.9903306703614163,0.6397937141444442,4.496129699421424,1.906694546735313,1.7210380841420567,0.11074949403938167
D_W,dw,92,92,0.01,0.02,512,512,0,512,,512,512,0,512,0,0.4920178358551269,0.4587880739383244,0.48970374924966187,0.46060647541635946,0.6148206867436918,0.44598732935504243,0.548874437703537,0.034888346641255216,sample,185,0.4913712038206049,0.45860220014549014,0.4916415755258267,0.4617241965338808,0.6153615276112777,0.4447469742138337,0.5497630408395192,0.03674656038801404,2.141428945723734,1.7659380141501386,1.9974582626859245,0.6440542124635881,4.506895096064619,1.8911572560164318,1.727131530316619,0.11544272415967861
D_W,dw,92,92,0.01,0.02,512,512,0,512,,512,512,0,512,0,0.4920178358551269,0.4587880739383244,0.48970374924966187,0.46060647541635946,0.6148206867436918,0.44598732935504243,0.548874437703537,0.034888346641255216,sample,186,0.48891181474937667,0.456837172721026,0.4878561939897058,0.46030960094016604,0.6140744832841126,0.4465860343919311,0.5488284222229783,0.035977186968608986,2.18182427291405,1.836837497728881,1.9871734097173048,0.6370640607358876,4.460934316585554,1.9056294882668403,1.724195339336986,0.11302566627740843
D_W,dw,92,92,0.01,0.02,512,512,0,512,,512,512,0,512,0,0.4920178358551269,0.4587880739383244,0.48970374924966187,0.46060647541635946,0.6148206867436918,0.44598732935504243,0.548874437703537,0.034888346641255216,sample,187,0.4915832699489781,0.4574804533779693,0.4896235700495864,0.46062826254561245,0.6151320684036751,0.44597796973452614,0.548173140945585,0.03553027907294841,2.154867799167423,1.8057681455882917,1.988628964065402,0.6422033536404449,4.516965670655944,1.9002998248702039,1.722136712489892,0.11162166371556989
D_W,dw,92,92,0.01,0.02,512,512,0,512,,512,512,0,512,0,0.4920178358551269,0.4587880739383244,0.48970374924966187,0.46060647541635946,0.6148206867436918,0.44598732935504243,0.548874437703537,0.034888346641255216,sample,188,0.49406706009721735,0.4576713188735666,0.48955340088572613,0.4590780528291211,0.6182728386382489,0.44672961848715614,0.5473985972819451,0.0331915604953616,2.15934711165811,1.8105050993263025,1.973213022874616,0.6561273473205592,4.573132597324749,1.9038998012470838,1.7197034118063164,0.1042743626134092
D_W,dw,92,92,0.01,0.02,512,512,0,512,,512,512,0,512,0,0.4920178358551269,0.4587880739383244,0.48970374924966187,0.46060647541635946,0.6148206867436918,0.44598732935504243,0.548874437703537,0.034888346641255216,sample,189,0.4908111434469327,0.45853793776033236,0.49016736053673415,0.4605538491703932,0.6155199672285048,0.4462895993900359,0.548198091766273,0.03540773009449203,2.154854448087535,1.798317475103311,1.9853032217902313,0.6433213170583113,4.494293201015308,1.8998484122299182,1.7222150978048665,0.11123666474514639
D_W,dw,92,92,0.01,0.02,512,512,0,512,,512,512,0,512,0,0.4920178358551269,0.4587880739383244,0.48970374924966187,0.46060647541635946,0.6148206867436918,0.44598732935504243,0.548874437703537,0.034888346641255216,sample,190,0.4928598684726465,0.45889195269694505,0.4888417212137638,0.4601936271910195,0.615157407507965,0.4450452317085739,0.5487889562962527,0.03495317990535386,2.159227217148103,1.83211470370747,1.9945051790638149,0.6447689353047596,4.540412903320501,1.9036078048215646,1.7240713534715175,0.10980865321026208
D_W,dw,92,92,0.01,0.02,512,512,0,512,,512,512,0,512,0,0.4920178358551269,0.4587880739383244,0.48970374924966187,0.46060647541635946,0.6148206867436918,0.44598732935504243,0.548874437703537,0.034888346641255216,sample,191,0.4907713406632453,0.45817537993314905,0.49005354448775723,0.46181349466337746,0.6147815056383855,0.4474044804539095,0.5504220230220427,0.035381698226178475,2.1407775742370263,1.7989791394458363,1.980931961854041,0.6362951741095214,4.495217469957489,1.8919665632808726,1.7292017839000813,0.11115488321889332
D_W,dw,92,92,0.01,0.02,512,512,0,512,,512,512,0,512,0,0.4920178358551269,0.4587880739383244,0.48970374924966187,0.46060647541635946,0.6148206867436918,0.44598732935504243,0.548874437703537,0.034888346641255216,sample,192,0.4905230726800405,0.45842656445369373,0.48817406396356294,0.45580859194007606,0.6130827210149669,0.4456480474404162,0.5474521389201517,0.035864959234322195,2.185170659392496,1.8413406522775866,1.9917107955676168,0.641674312441915,4.488262459205114,1.943336475606569,1.7198716178235673,0.11267309245184402
D_W,dw,92,92,0.01,0.02,512,512,0,512,,512,512,0,512,0,0.4920178358551269,0.4587880739383244,0.48970374924966187,0.46060647541635946,0.6148206867436918,0.44598732935504243,0.548874437703537,0.034888346641255216,sample,193,0.4920597463468048,0.45768828480363755,0.48998591256518825,0.4590925539170319,0.613747583608788,0.4409132139886728,0.5479413011488986,0.03377166988342025,2.1765767997008045,1.7993455959583635,2.025448717735411,0.6490382314198428,4.526885620020622,1.9160274531756614,1.7214083662878124,0.10609683000521272
D_W,dw,92,92,0.01,0.02,512,512,0,512,,512,512,0,512,0,0.4920178358551269,0.4587880739383244,0.48970374924966187,0.46060647541635946,0.6148206867436918,0.44598732935504243,0.548874437703537,0.034888346641255216,sample,194,0.48986712875817606,0.4596175930723221,0.4900960383412755,0.46233249470000365,0.616927645221627,0.4447584789916642,0.5501835805528913,0.0335237205064745,2.1700219288566,1.8043357482570546,1.9933877834995604,0.6497434299349252,4.466541880627518,1.8824426431027215,1.7284526947906915,0.1053178740641378
D_W,dw,92,92,0.01,0.02,512,512,0,512,,512,512,0,512,0,0.4920178358551269,0.4587880739383244,0.48970374924966187,0.46060647541635946,0.6148206867436918,0.44598732935504243,0.548874437703537,0.034888346641255216,sample,195,0.49097690196697646,0.46003169668390653,0.4898859246221076,0.461025123762569,0.6158957249647884,0.4459057491806553,0.550383557778949,0.03512457526843857,2.1572004831359637,1.812798998987138,1.9873146192606537,0.6449718284134363,4.490354755630072,1.8952078646420565,1.7290809417749595,0.11034710762378834
D_W,dw,92,92,0.01,0.02,512,512,0,512,,512,512,0,512,0,0.4920178358551269,0.4587880739383244,0.48970374924966187,0.46060647541635946,0.6148206867436918,0.44598732935504243,0.548874437703537,0.034888346641255216,sample,196,0.4927516946457302,0.45823248682748396,0.4895349480721013,0.4512955648237551,0.6176941193440595,0.4409751171423645,0.549719207306711,0.03255063878564337,2.2301543408198183,1.8128223419667715,2.0047374421226762,0.6771949772512835,4.5405609516632,1.9631612830006153,1.7269938232119677,0.1022608476786322
D_W,dw,92,92,0.01,0.02,512,512,0,512,,512,512,0,512,0,0.4920178358551269,0.4587880739383244,0.48970374924966187,0.46060647541635946,0.6148206867436918,0.44598732935504243,0.548874437703537,0.034888346641255216,sample,197,0.49168583299427066,0.4590493123345327,0.4883530157295282,0.46037838230705225,0.6144511212554286,0.44523801525660067,0.5488308006048407,0.034352237961017426,2.1649790408189893,1.8426252941685746,1.9954345087413186,0.6411861932607854,4.512082862587496,1.9040712277901848,1.724202811243972,0.10792073841270076
D_W,dw,92,92,0.01,0.02,512,512,0,512,,512,512,0,512,0,0.4920178358551269,0.4587880739383244,0.48970374924966187,0.46060647541635946,0.6148206867436918,0.44598732935504243,0.548874437703537,0.034888346641255216,sample,198,0.4914422887333601,0.460295343181155,0.4906592015022441,0.45976881454096985,0.6123010730784074,0.44562180001690305,0.5491416326138926,0.035184633530929696,2.1338699673111923,1.7968418019729098,1.9985037648033626,0.6324027343686528,4.500102283092781,1.9147965042990058,1.72517931880011,0.11053578622001783
D_W,dw,92,92,0.01,0.02,512,512,0,512,,512,512,0,512,0,0.4920178358551269,0.4587880739383244,0.48970374924966187,0.46060647541635946,0.6148206867436918,0.44598732935504243,0.548874437703537,0.034888346641255216,sample,199,0.49182677434497074,0.45890600393579895,0.4886169711415355,0.46061658019593366,0.614580060705178,0.44548387738022305,0.5492923111511162,0.03546250040083761,2.1602119710118646,1.8360718965385605,1.9936112059385613,0.6408929834468968,4.516060001152745,1.901865271789831,1.7256526893857054,0.11140873073719652
D_W,dw,92,92,0.01,0.02,512,512,0,512,,512,512,0,512,0,0.4920178358551269,0.4587880739383244,0.48970374924966187,0.46060647541635946,0.6148206867436918,0.44598732935504243,0.548874437703537,0.034888346641255216,sample,200,0.4924167281457718,0.45983455436793663,0.49147492508002416,0.46027652365002586,0.6138649576937495,0.4463556263651609,0.5487837982397585,0.035468772501426576,2.123505135176054,1.7764130755827272,1.9893428877961752,0.6366901937820417,4.525784618953697,1.9064594795492151,1.7240551489591287,0.1114284351223294
D_W,dw,92,92,0.01,0.02,512,512,0,512,,512,512,0,512,0,0.4920178358551269,0.4587880739383244,0.48970374924966187,0.46060647541635946,0.6148206867436918,0.44598732935504243,0.548874437703537,0.034888346641255216,sample,201,0.49353559059935515,0.4605786450358274,0.49166338445134466,0.46756858643320587,0.6114258295034474,0.44833678214280304,0.5498552774692295,0.037556470673873084,2.059987135378905,1.776531024003799,1.9896365300358596,0.6127719275861208,4.549853128522828,1.8540296823734002,1.7274213002349086,0.11798713236380019
D_W,dw,92,92,0.01,0.02,512,512,0,512,,512,512,0,512,0,0.4920178358551269,0.4587880739383244,0.48970374924966187,0.46060647541635946,0.6148206867436918,0.44598732935504243,0.548874437703537,0.034888346641255216,sample,202,0.4913969931151037,0.4592168602002696,0.49044657610953213,0.4620050222872335,0.6145236722088119,0.445785220318374,0.5475730255583221,0.03566329903965444,2.1390138707990825,1.796109788708079,1.9930776060174356,0.6381072108777435,4.50449169756496,1.8911349662921186,1.7202513943979607,0.11203955826575432
D_W,dw,92,92,0.01,0.02,512,512,0,512,,512,512,0,512,0,0.4920178358551269,0.4587880739383244,0.48970374924966187,0.46060647541635946,0.6148206867436918,0.44598732935504243,0.548874437703537,0.034888346641255216,sample,203,0.4870858985668922,0.4581676946518812,0.4890743181294055,0.45754507413142526,0.6131818318944094,0.4468772504416291,0.552331944621255,0.03907758233211722,2.189110407773078,1.815357969949509,1.9848491901998173,0.636939989534538,4.412959538200564,1.9296579241550762,1.7352019795650993,0.12276584557462976
D_W,dw,92,92,0.01,0.02,512,512,0,512,,512,512,0,512,0,0.4920178358551269,0.4587880739383244,0.48970374924966187,0.46060647541635946,0.6148206867436918,0.44598732935504243,0.548874437703537,0.034888346641255216,sample,204,0.49025054384421146,0.46000616662447447,0.4897056642660488,0.46073251890793393,0.6131161349790991,0.44603746431218333,0.5489901656123588,0.03536960677819513,2.1483443521619376,1.815845443669614,1.9942086681729698,0.6335438738343121,4.473278625129385,1.9049237231967289,1.7247034711808302,0.11111689681473758
D_W,dw,92,92,0.01,0.02,512,512,0,512,,512,512,0,512,0,0.4920178358551269,0.4587880739383244,0.48970374924966187,0.46060647541635946,0.6148206867436918,0.44598732935504243,0.548874437703537,0.034888346641255216,sample,205,0.4917495685475711,0.45950110341963063,0.4886516764471139,0.46159462713251004,0.6146669675052215,0.4461404463217088,0.5474630324863704,0.03467304041295333,2.15255516147881,1.8387659140961885,1.9898072539473848,0.6385775527336839,4.5114191588433314,1.8939829212230723,1.7199058409711716,0.1089285690389562
D_W,dw,92,92,0.01,0.02,512,512,0,512,,512,512,0,512,0,0.4920178358551269,0.4587880739383244,0.48970374924966187,0.46060647541635946,0.6148206867436918,0.44598732935504243,0.548874437703537,0.034888346641255216,sample,206,0.49255487469326203,0.45965343313402685,0.4892557757050684,0.46087014831535766,0.6152540916651043,0.44668926995276026,0.5484196452113288,0.03490745642305543,2.145247683113207,1.826921801162303,1.983621969871429,0.6409843489100873,4.5299123383186535,1.8980950369719565,1.7229111284802314,0.10966500865417676
D_W,dw,92,92,0.01,0.02,512,512,0,512,,512,512,0,512,0,0.4920178358551269,0.4587880739383244,0.48970374924966187,0.46060647541635946,0.6148206867436918,0.44598732935504243,0.548874437703537,0.034888346641255216,sample,207,0.48801357858353445,0.45849021676979235,0.4875929853909315,0.46363886680017163,0.6136619490104261,0.44697439407287337,0.5495506851239367,0.03563901508707609,2.169290350482247,1.8504332090225344,1.988931201133691,0.6299292588928972,4.431274488971752,1.880413950540933,1.7264643951605971,0.11196326797873406
D_W,dw,92,92,0.01,0.02,512,512,0,512,,512,512,0,512,0,0.4920178358551269,0.4587880739383244,0.48970374924966187,0.46060647541635946,0.6148206867436918,0.44598732935504243,0.548874437703537,0.034888346641255216,sample,208,0.49086414679242274,0.4585432596834071,0.48970351360906184,0.46002266687307825,0.6167359820466223,0.4449664861157284,0.5502004054267761,0.03816540580510345,2.174916357960886,1.8087485484973818,1.990324816067808,0.6517391653630786,4.495485063040088,1.9007377229022957,1.7285055516908854,0.11990015849858623
D_W,dw,92,92,0.01,0.02,512,512,0,512,,512,512,0,512,0,0.4920178358551269,0.4587880739383244,0.48970374924966187,0.46060647541635946,0.6148206867436918,0.44598732935504243,0.548874437703537,0.034888346641255216,sample,209,0.4927741337261172,0.45873855903549277,0.491009500561594,0.46095419082525607,0.6147525162319593,0.44698050734381045,0.5490183698754464,0.03404526846728136,2.124675921919574,1.7822138575539705,1.983127699445422,0.6382029211314356,4.539023055526402,1.898768795161656,1.7247920774865462,0.10695636530630337
D_W,dw,92,92,0.01,0.02,512,512,0,512,,512,512,0,512,0,0.4920178358551269,0.4587880739383244,0.48970374924966187,0.46060647541635946,0.6148206867436918,0.44598732935504243,0.548874437703537,0.034888346641255216,sample,210,0.49020501606935746,0.45765518800941146,0.488928929409698,0.46040076509587374,0.6134206657724814,0.44801358326682145,0.5511081731826084,0.03944793384740472,2.150187093972176,1.8202166500639803,1.979199785831288,0.6314428715064954,4.485072160387638,1.9067012075388632,1.731357388203774,0.12392933917430281
D_W,dw,92,92,0.01,0.02,512,512,0,512,,512,512,0,512,0,0.4920178358551269,0.4587880739383244,0.48970374924966187,0.46060647541635946,0.6148206867436918,0.44598732935504243,0.548874437703537,0.034888346641255216,sample,211,0.49241498693292146,0.45774923342699914,0.48958401227858106,0.4606120417006624,0.6172443409056708,0.4459537442363304,0.547400472096087,0.035579019974590335,2.1614826957771056,1.8088442005173238,1.9827632458689104,0.6511047640288596,4.534757452709954,1.8948978987610308,1.7197093017086515,0.11177478777409751
D_W,dw,92,92,0.01,0.02,512,512,0,512,,512,512,0,512,0,0.4920178358551269,0.4587880739383244,0.48970374924966187,0.46060647541635946,0.6148206867436918,0.44598732935504243,0.548874437703537,0.034888346641255216,sample,212,0.4922257252333374,0.4594382888642758,0.4893302219967781,0.46123159366957817,0.614785521643094,0.44580997915355863,0.5489638060048858,0.035844184259212965,2.1476636232896213,1.8236163701010135,1.9913825332409552,0.6402320577411051,4.523020195540007,1.8965134443029212,1.7246206600316416,0.11260782594266235
D_W,dw,92,92,0.01,0.02,512,512,0,512,,512,512,0,512,0,0.4920178358551269,0.4587880739383244,0.48970374924966187,0.46060647541635946,0.6148206867436918,0.44598732935504243,0.548874437703537,0.034888346641255216,sample,213,0.4936582594572809,0.4585849526155668,0.49081971133274543,0.46023440272295824,0.6144447111010342,0.4462889287987138,0.5479969360297252,0.03343316193516864,2.1260070635306416,1.786499074647404,1.9880811359810269,0.6392956655169646,4.5604427591327,1.905211524172139,1.7215831484207005,0.10503337592180371
D_W,dw,92,92,0.01,0.02,512,512,0,512,,512,512,0,512,0,0.4920178358551269,0.4587880739383244,0.48970374924966187,0.46060647541635946,0.6148206867436918,0.44598732935504243,0.548874437703537,0.034888346641255216,sample,214,0.49315768291257606,0.4579157926358716,0.4886528862952633,0.46189538125126733,0.6167542623025402,0.447613645869936,0.5495327367081394,0.034501570228435974,2.1475447297045123,1.8309015281314045,1.973976512833266,0.6440837259297976,4.551212961954894,1.88626320779035,1.7264080085493847,0.10838987956696677
D_W,dw,92,92,0.01,0.02,512,512,0,512,,512,512,0,512,0,0.4920178358551269,0.4587880739383244,0.48970374924966187,0.46060647541635946,0.6148206867436918,0.44598732935504243,0.548874437703537,0.034888346641255216,sample,215,0.4946263351681744,0.4600121515662911,0.4932269731328977,0.4589511192136658,0.6171758231146088,0.447412584345221,0.550745371534451,0.034659648696102524,2.114242832204475,1.7371138091094243,1.9714404725301975,0.65042494981372,4.578806803800734,1.9077550283699207,1.7302176132112126,0.10888649771967875
D_W,dw,92,92,0.01,0.02,512,512,0,512,,512,512,0,512,0,0.4920178358551269,0.4587880739383244,0.48970374924966187,0.46060647541635946,0.6148206867436918,0.44598732935504243,0.548874437703537,0.034888346641255216,sample,216,0.49072150482443705,0.4586109018873611,0.48969326258853246,0.45926494016069697,0.6136712438725385,0.445930365739053,0.5487182614139945,0.03347119915953884,2.1567175860399335,1.8091662089239673,1.9918047813271544,0.638207302536849,4.491857758617003,1.9148980049718833,1.7238492589487688,0.10515287338644808
D_W,dw,92,92,0.01,0.02,512,512,0,512,,512,512,0,512,0,0.4920178358551269,0.4587880739383244,0.48970374924966187,0.46060647541635946,0.6148206867436918,0.44598732935504243,0.548874437703537,0.034888346641255216,sample,217,0.4904873146712119,0.4584381656175084,0.4909901995929685,0.46102828453204464,0.6156202142704327,0.4458928060433477,0.5500848663405769,0.03781640628206543,2.1510199436660002,1.779048840234066,1.988197838229725,0.6438410296513127,4.487384291257602,1.8959030726658808,1.7281425749464796,0.11880374416090365
D_W,dw,92,92,0.01,0.02,512,512,0,512,,512,512,0,512,0,0.4920178358551269,0.4587880739383244,0.48970374924966187,0.46060647541635946,0.6148206867436918,0.44598732935504243,0.548874437703537,0.034888346641255216,sample,218,0.49255510002407715,0.4590299072604455,0.4903520519082729,0.45999355686753296,0.6165451866718095,0.4468204965120475,0.5478932875482552,0.03505646432502891,2.146582365053997,1.7984723754433354,1.9782270139047435,0.6473900836655326,4.532634899920058,1.9014628877766715,1.7212575271127586,0.11013313078434349
D_W,dw,92,92,0.01,0.02,512,512,0,512,,512,512,0,512,0,0.4920178358551269,0.4587880739383244,0.48970374924966187,0.46060647541635946,0.6148206867436918,0.44598732935504243,0.548874437703537,0.034888346641255216,sample,219,0.4931879309542812,0.45956820440206725,0.48970948106380724,0.4608525396861813,0.6152039300217328,0.44506199342326297,0.5491324039962096,0.034861261498603004,2.1464680236234854,1.8166954698164428,1.9949131225194154,0.6439898563774649,4.545473610123632,1.8983646117938986,1.7251503262425942,0.10951988301888389
D_W,dw,92,92,0.01,0.02,512,512,0,512,,512,512,0,512,0,0.4920178358551269,0.4587880739383244,0.48970374924966187,0.46060647541635946,0.6148206867436918,0.44598732935504243,0.548874437703537,0.034888346641255216,sample,220,0.49099994090308274,0.4580192380588846,0.48940793349851014,0.46096966517838245,0.6137928916767441,0.44597076852237844,0.5506729982411442,0.03565847079402042,2.1511468231308117,1.8126685638531477,1.992917582387795,0.6361498858563654,4.501200415998833,1.9012165763606579,1.729990245804644,0.11202438988474075
D_W,dw,92,92,0.01,0.02,512,512,0,512,,512,512,0,512,0,0.4920178358551269,0.4587880739383244,0.48970374924966187,0.46060647541635946,0.6148206867436918,0.44598732935504243,0.548874437703537,0.034888346641255216,sample,221,0.49317699070251847,0.4582632910444539,0.49045945025817766,0.4578590501049849,0.6154243137326328,0.4468871449718131,0.5483645190011414,0.03513670310479097,2.1446875974429127,1.7926763787020463,1.9787882454038805,0.6457391020731548,4.550344954167574,1.9208558525745203,1.7227379443832862,0.11038520834537699
D_W,dw,92,92,0.01,0.02,512,512,0,512,,512,512,0,512,0,0.4920178358551269,0.4587880739383244,0.48970374924966187,0.46060647541635946,0.6148206867436918,0.44598732935504243,0.548874437703537,0.034888346641255216,sample,222,0.4908392710147571,0.45716864780002076,0.4880730254253668,0.46133879386886206,0.6160954999668203,0.4466429054926012,0.5473474779848406,0.03353155511147732,2.1723842013644896,1.8366553828152983,1.981992097794536,0.6439389028771118,4.50168448878654,1.892257742456395,1.7195428157980763,0.10534248720165842
D_W,dw,92,92,0.01,0.02,512,512,0,512,,512,512,0,512,0,0.4920178358551269,0.4587880739383244,0.48970374924966187,0.46060647541635946,0.6148206867436918,0.44598732935504243,0.548874437703537,0.034888346641255216,sample,223,0.4919066313313534,0.4596576711086035,0.48984821002364637,0.46137944448925555,0.6146749207524872,0.44700629807304104,0.5475576850076069,0.03478637432303452,2.1370488296723003,1.812690378470093,1.9835854565410602,0.6372256673295398,4.5143999435946585,1.8956482963131234,1.720203200636532,0.10928461801826986
D_W,dw,92,92,0.01,0.02,512,512,0,512,,512,512,0,512,0,0.4920178358551269,0.4587880739383244,0.48970374924966187,0.46060647541635946,0.6148206867436918,0.44598732935504243,0.548874437703537,0.034888346641255216,sample,224,0.49268779328049495,0.45827026656239156,0.4903062300238926,0.4598100267813027,0.6151166233802541,0.44551623978540045,0.5473173342752511,0.03432906323524783,2.1467969175492043,1.795736691672877,1.9910212815698645,0.644222825532891,4.538922353526387,1.9066905105336733,1.7194481165414779,0.10784793286447403
D_W,dw,92,92,0.01,0.02,512,512,0,512,,512,512,0,512,0,0.4920178358551269,0.4587880739383244,0.48970374924966187,0.46060647541635946,0.6148206867436918,0.44598732935504243,0.548874437703537,0.034888346641255216,sample,225,0.4932217831827773,0.4585046743235934,0.4893692476359192,0.46077597061093606,0.6146505670017458,0.44571399672419837,0.5498526362381534,0.035832757710561824,2.143664822473171,1.8184466236828292,1.99198439699239,0.6405042893966111,4.550470102965836,1.9004321889012712,1.7274130025627636,0.11257192838136404
D_W,dw,92,92,0.01,0.02,512,512,0,512,,512,512,0,512,0,0.4920178358551269,0.4587880739383244,0.48970374924966187,0.46060647541635946,0.6148206867436918,0.44598732935504243,0.548874437703537,0.034888346641255216,sample,226,0.49179497955446455,0.4595097388358666,0.48877129025656874,0.4603008967708426,0.6153107381865254,0.44693884382539284,0.5490596919668608,0.03489542161327654,2.1556879784672143,1.8361799509043304,1.9811858453169933,0.6415538034501548,4.512454498852247,1.9023657149800532,1.7249218946653646,0.10962720018418805
D_W,dw,92,92,0.01,0.02,512,512,0,512,,512,512,0,512,0,0.4920178358551269,0.4587880739383244,0.48970374924966187,0.46060647541635946,0.6148206867436918,0.44598732935504243,0.548874437703537,0.034888346641255216,sample,227,0.49192489463994393,0.4598274992741309,0.4892726267024083,0.4604146110380129,0.6161034883798534,0.4463097982959453,0.5488015500679762,0.034096585526406153,2.1578702718534197,1.8268460591596685,1.9833688701380758,0.6459202184672389,4.5140217141412435,1.8993854104685777,1.724110917972245,0.10711758260225364
D_W,dw,92,92,0.01,0.02,512,512,0,512,,512,512,0,512,0,0.4920178358551269,0.4587880739383244,0.48970374924966187,0.46060647541635946,0.6148206867436918,0.44598732935504243,0.548874437703537,0.034888346641255216,sample,228,0.4921388183613119,0.4577534663881721,0.48986482806618015,0.45974881667268214,0.6154923312234045,0.4471997310925594,0.5485517153805406,0.03501724503063452,2.1476320968402036,1.8024201389601227,1.9783349930163503,0.6426126298066644,4.528414376272089,1.9061504780437692,1.7233260391535854,0.1100099197371951
D_W,dw,92,92,0.01,0.02,512,512,0,512,,512,512,0,512,0,0.4920178358551269,0.4587880739383244,0.48970374924966187,0.46060647541635946,0.6148206867436918,0.44598732935504243,0.548874437703537,0.034888346641255216,sample,229,0.4924590274482969,0.45977145515453455,0.48930588823635635,0.4602028038022415,0.616332661014806,0.4460605916516475,0.5488935377840602,0.03383458660282612,2.157817599902903,1.8263657489048812,1.9842171220755125,0.6476633578304292,4.5270861671567095,1.9004144284950617,1.7243999059053152,0.10629448870868619
D_W,dw,92,92,0.01,0.02,512,512,0,512,,512,512,0,512,0,0.4920178358551269,0.4587880739383244,0.48970374924966187,0.46060647541635946,0.6148206867436918,0.44598732935504243,0.548874437703537,0.034888346641255216,sample,230,0.4913780094022598,0.4582439201211151,0.4886939993962634,0.4603266151465452,0.6161246594380022,0.44671996366763705,0.5503828769665523,0.03393817014105677,2.1659844606309924,1.8300000710067432,1.9804149608374528,0.6453438363030731,4.508766002297041,1.9000084481584745,1.7290788029397357,0.10661990599142442
D_W,dw,92,92,0.01,0.02,512,512,0,512,,512,512,0,512,0,0.4920178358551269,0.4587880739383244,0.48970374924966187,0.46060647541635946,0.6148206867436918,0.44598732935504243,0.548874437703537,0.034888346641255216,sample,231,0.4928643510338771,0.46022324487743194,0.4903542388040527,0.46066456774726966,0.6152128284744498,0.44532115470502603,0.5481794648547236,0.03384282173510931,2.141795131638358,1.805099615374675,1.9929304227781646,0.6437801500191854,4.534884601904935,1.899803007200783,1.7221565796363838,0.10632036013976838
D_W,dw,92,92,0.01,0.02,512,512,0,512,,512,512,0,512,0,0.4920178358551269,0.4587880739383244,0.48970374924966187,0.46060647541635946,0.6148206867436918,0.44598732935504243,0.548874437703537,0.034888346641255216,sample,232,0.4915533189347281,0.45940050411554756,0.4890669577802718,0.46029539900978866,0.6156641308541226,0.44640999904458833,0.5475812969154276,0.03482847669391081,2.1597722721850943,1.8285752592852802,1.983813894400341,0.6440599690790137,4.507266194028529,1.9014675106972319,1.7202773796326785,0.10941688651731352
D_W,dw,92,92,0.01,0.02,512,512,0,512,,512,512,0,512,0,0.4920178358551269,0.4587880739383244,0.48970374924966187,0.46060647541635946,0.6148206867436918,0.44598732935504243,0.548874437703537,0.034888346641255216,sample,233,0.49080219192998836,0.4578922715633248,0.48985390144634244,0.46313066592323004,0.6163238543548907,0.4457605934730979,0.5483119103561174,0.03493489815382398,2.1549935648128327,1.8019921719917227,1.9890561558482391,0.6441677228718015,4.497331770273292,1.8777339515672054,1.7225726694505636,0.10975121939396104
D_W,dw,92,92,0.01,0.02,512,512,0,512,,512,512,0,512,0,0.4920178358551269,0.4587880739383244,0.48970374924966187,0.46060647541635946,0.6148206867436918,0.44598732935504243,0.548874437703537,0.034888346641255216,sample,234,0.4934431529774095,0.45731144297729165,0.48936302397995507,0.4598516082571983,0.6160062169204148,0.44559496689483424,0.5474585534206236,0.034644534302086354,2.1557634402919237,1.81227829462964,1.9879744104833765,0.6477114771866368,4.559982762838955,1.9039820736100104,1.7198917695711262,0.10883901445047407
D_W,dw,92,92,0.01,0.02,512,512,0,512,,512,512,0,512,0,0.4920178358551269,0.4587880739383244,0.48970374924966187,0.46060647541635946,0.6148206867436918,0.44598732935504243,0.548874437703537,0.034888346641255216,sample,235,0.4892625325492762,0.45850089941444694,0.4872986123350178,0.4569546601695366,0.6143838775139979,0.4454921663700855,0.547421571903564,0.032671185573024536,2.2042434361883325,1.858861175924583,1.9903176625181427,0.6455241049567322,4.459201722979176,1.9307268106970024,1.7197755887088133,0.10263955658028272
D_W,dw,92,92,0.01,0.02,512,512,0,512,,512,512,0,512,0,0.4920178358551269,0.4587880739383244,0.48970374924966187,0.46060647541635946,0.6148206867436918,0.44598732935504243,0.548874437703537,0.034888346641255216,sample,236,0.4915706144398439,0.45825500846592565,0.49042054231530124,0.4603212822851898,0.6148134241907554,0.446272603993825,0.549000776127321,0.034622125880694396,2.145030746492399,1.7920495394166946,1.9872172949160913,0.6407387365902399,4.513142498274968,1.9035397218580292,1.7247368050966863,0.10876861631845056
D_W,dw,92,92,0.01,0.02,512,512,0,512,,512,512,0,512,0,0.4920178358551269,0.4587880739383244,0.48970374924966187,0.46060647541635946,0.6148206867436918,0.44598732935504243,0.548874437703537,0.034888346641255216,sample,237,0.49269309885595425,0.45752408524849153,0.48932323711295184,0.45953314892922587,0.6135824284929381,0.447081089788484,0.5503171097977776,0.03735509279761126,2.1401066125139145,1.8136296307218576,1.9843685367800705,0.6351907700754825,4.54203177642848,1.9130524924755608,1.7288721892854657,0.11735448510714053
D_W,dw,92,92,0.01,0.02,512,512,0,512,,512,512,0,512,0,0.4920178358551269,0.4587880739383244,0.48970374924966187,0.46060647541635946,0.6148206867436918,0.44598732935504243,0.548874437703537,0.034888346641255216,sample,238,0.4927642141455043,0.45897456630412736,0.4899472724788694,0.46090320847656907,0.6148384189246521,0.44610420127595457,0.54756202222746,0.03630835671777889,2.1392712863109584,1.8075813978591184,1.9888807988059694,0.6403395403284053,4.537811257537504,1.898938552845587,1.7202168264145592,0.11406606672849177
D_W,dw,92,92,0.01,0.02,512,512,0,512,,512,512,0,512,0,0.4920178358551269,0.4587880739383244,0.48970374924966187,0.46060647541635946,0.6148206867436918,0.44598732935504243,0.548874437703537,0.034888346641255216,sample,239,0.4912149455489189,0.4589961774616149,0.4890567963717382,0.45953383634253386,0.61361225227789,0.44460941633479084,0.5473821738356089,0.031704685191577806,2.1644096401423543,1.8260636726476425,2.0013386835280276,0.6401976625314445,4.501330132506243,1.9129641303435934,1.7196518160279601,0.09960320608223794
D_W,dw,92,92,0.01,0.02,512,512,0,512,,512,512,0,512,0,0.4920178358551269,0.4587880739383244,0.48970374924966187,0.46060647541635946,0.6148206867436918,0.44598732935504243,0.548874437703537,0.034888346641255216,sample,240,0.493488399649969,0.4580916193149586,0.49046029050716794,0.4612345226128459,0.6153848860283715,0.4471808628059837,0.5492389741062542,0.0372929135740323,2.1267885624958236,1.7920474895131075,1.9802061988229573,0.6400690600679741,4.558244502311486,1.8949150203068463,1.725485126117403,0.11715914331513894
D_W,dw,92,92,0.01,0.02,512,512,0,512,,512,512,0,512,0,0.4920178358551269,0.4587880739383244,0.48970374924966187,0.46060647541635946,0.6148206867436918,0.44598732935504243,0.548874437703537,0.034888346641255216,sample,241,0.4931896099705575,0.45889586298285306,0.4890370621753017,0.46029515418662154,0.6145362716482674,0.4455337780279163,0.5489738891201816,0.03536725266590902,2.148759314402354,1.8280884538890088,1.9930727662947842,0.6410735884556691,4.548194380207757,1.9044902283033074,1.7246523370725804,0.1111095011528738
D_W,dw,92,92,0.01,0.02,512,512,0,512,,512,512,0,512,0,0.4920178358551269,0.4587880739383244,0.48970374924966187,0.46060647541635946,0.6148206867436918,0.44598732935504243,0.548874437703537,0.034888346641255216,sample,242,0.4936491682136329,0.46021743864733916,0.4893055931156433,0.4663454716318838,0.6080470404287895,0.44537464135071264,0.5446334265806624,0.03381162459784868,2.083677996668183,1.8302720109886297,2.0205055625015516,0.606169121018838,4.55408613215813,1.872751978381224,1.711016371845245,0.10622235144253735
D_W,dw,92,92,0.01,0.02,512,512,0,512,,512,512,0,512,0,0.4920178358551269,0.4587880739383244,0.48970374924966187,0.46060647541635946,0.6148206867436918,0.44598732935504243,0.548874437703537,0.034888346641255216,sample,243,0.49279861820377263,0.45784393389386513,0.48902400320077116,0.4604798079670462,0.6149284024310898,0.4454312543176314,0.548912143424752,0.0368821788135935,2.1544991840138517,1.8220220609961766,1.9928198448748635,0.642642078204681,4.543195450510963,1.9019978686878585,1.7244583572494279,0.11586878200917045
D_W,dw,92,92,0.01,0.02,512,512,0,512,,512,512,0,512,0,0.4920178358551269,0.4587880739383244,0.48970374924966187,0.46060647541635946,0.6148206867436918,0.44598732935504243,0.548874437703537,0.034888346641255216,sample,244,0.4907277007784322,0.4584539935878038,0.48907365964749294,0.46141414527436336,0.6143183246242311,0.4440622434242633,0.5499180503347789,0.03466242064990169,2.1672449035003543,1.8220510259688103,2.0049176651805354,0.6415267579785859,4.492806103669295,1.8963190403378034,1.7276185070081636,0.10889520606937028
D_W,dw,92,92,0.01,0.02,512,512,0,512,,512,512,0,512,0,0.4920178358551269,0.4587880739383244,0.48970374924966187,0.46060647541635946,0.6148206867436918,0.44598732935504243,0.548874437703537,0.034888346641255216,sample,245,0.4922520551840996,0.458814337863294,0.4900475224384179,0.46041942008147185,0.6146190803400129,0.44595403050861965,0.5501913939349692,0.03335906387514433,2.143440365707246,1.8039603657125522,1.9900691594280862,0.6404111974816025,4.5264398548968545,1.903298299906731,1.7284772412544271,0.10480059000078609
D_W,dw,92,92,0.01,0.02,512,512,0,512,,512,512,0,512,0,0.4920178358551269,0.4587880739383244,0.48970374924966187,0.46060647541635946,0.6148206867436918,0.44598732935504243,0.548874437703537,0.034888346641255216,sample,246,0.4936256580136252,0.45977264642815036,0.493167940101004,0.4612772674595464,0.6142514054232912,0.4468301919445538,0.5512085991830591,0.035371564578605845,2.0972053659720933,1.7369923623681356,1.985930519614475,0.6359398000406076,4.555237686121507,1.8975714995153212,1.7316728857890193,0.11112304742612507
D_W,dw,92,92,0.01,0.02,512,512,0,512,,512,512,0,512,0,0.4920178358551269,0.4587880739383244,0.48970374924966187,0.46060647541635946,0.6148206867436918,0.44598732935504243,0.548874437703537,0.034888346641255216,sample,247,0.49090993341941364,0.45894286516652244,0.49014166231972606,0.46040737083969013,0.6135131925379917,0.44610620288016445,0.5516518045788177,0.03520161787914507,2.144421095920767,1.8010733525484848,1.992230243288049,0.6355280294155073,4.494503307164037,1.9063956376933078,1.7330652566043658,0.11058914412359726
D_W,dw,92,92,0.01,0.02,512,512,0,512,,512,512,0,512,0,0.4920178358551269,0.4587880739383244,0.48970374924966187,0.46060647541635946,0.6148206867436918,0.44598732935504243,0.548874437703537,0.034888346641255216,sample,248,0.4934750315140768,0.45938491714920904,0.48883201433508444,0.46005646649832554,0.6147720917565782,0.4463401815946841,0.547072692860194,0.033943294151797684,2.1460686252254355,1.835896560103161,1.9866067684308477,0.6408175192629694,4.553096276670611,1.905710413917348,1.7186795528691707,0.10663600354592499
D_W,dw,92,92,0.01,0.02,512,512,0,512,,512,512,0,512,0,0.4920178358551269,0.4587880739383244,0.48970374924966187,0.46060647541635946,0.6148206867436918,0.44598732935504243,0.548874437703537,0.034888346641255216,sample,249,0.4924303945033244,0.45863277444840167,0.48876004097376713,0.46106400048246926,0.6158754089216785,0.4459899635291064,0.5495025924571789,0.03334439639050225,2.157952596041249,1.8319655306496327,1.9868341450909877,0.6446679508423782,4.531405677938064,1.8949593978789139,1.7263133075920194,0.10475451073878787
D_W,dw,92,92,0.01,0.02,512,512,0,512,,512,512,0,512,0,0.4920178358551269,0.4587880739383244,0.48970374924966187,0.46060647541635946,0.6148206867436918,0.44598732935504243,0.548874437703537,0.034888346641255216,sample,250,0.4916100424860112,0.4599951039700103,0.4898065086935316,0.4602503772063023,0.6148794443073686,0.44380993581323247,0.548068583328841,0.032325329870829686,2.162990017825738,1.815192078354151,2.0037771819177137,0.6460099467266394,4.505661844906906,1.9039136158322436,1.7218082350492523,0.10155301884706523
D_W,dw,92,92,0.01,0.02,512,512,0,512,,512,512,0,512,0,0.4920178358551269,0.4587880739383244,0.48970374924966187,0.46060647541635946,0.6148206867436918,0.44598732935504243,0.548874437703537,0.034888346641255216,sample,251,0.49144356511397774,0.4600884110294577,0.48970170123982953,0.4626694293692159,0.6144043018272879,0.44668044686763453,0.5479903767307756,0.03457083581822181,2.1359691210205543,1.817933885585734,1.9878733173137355,0.6349332809185971,4.501200988527418,1.8862071125094266,1.7215625417753075,0.10860748383498453
D_W,dw,92,92,0.01,0.02,512,512,0,512,,512,512,0,512,0,0.4920178358551269,0.4587880739383244,0.48970374924966187,0.46060647541635946,0.6148206867436918,0.44598732935504243,0.548874437703537,0.034888346641255216,sample,252,0.49257946873380265,0.45814275035751084,0.4904765427258026,0.4611015029227962,0.6143352361774427,0.44580084637488887,0.5488153816976711,0.03438117992343439,2.134804824252026,1.7911863996205368,1.992632033461898,0.638556598528146,4.536930115972831,1.8987270304803856,1.7241543713184817,0.10801166226921036
D_W,dw,92,92,0.01,0.02,512,512,0,512,,512,512,0,512,0,0.4920178358551269,0.4587880739383244,0.48970374924966187,0.46060647541635946,0.6148206867436918,0.44598732935504243,0.548874437703537,0.034888346641255216,sample,253,0.49358198175895074,0.4603499836577021,0.49100153171415656,0.4606213181914046,0.6133276065991231,0.4431994390172105,0.5491875897153586,0.034592490971593094,2.13329741114726,1.7911887218052849,2.0129706623993036,0.6403204989909137,4.551914121672014,1.905221286282217,1.7253236972924562,0.10867551550572811
D_W,dw,92,92,0.01,0.02,512,512,0,512,,512,512,0,512,0,0.4920178358551269,0.4587880739383244,0.48970374924966187,0.46060647541635946,0.6148206867436918,0.44598732935504243,0.548874437703537,0.034888346641255216,sample,254,0.49220179678434167,0.4583226915324093,0.4881459087159637,0.4620236789730166,0.6138738012773997,0.44549879417220467,0.5484382531876197,0.03506981824582409,2.153037454771166,1.8434097114061723,1.9969947734444438,0.6359391206905765,4.527418691974713,1.8926921976661903,1.7229695871618451,0.11017508336381025
D_W,dw,92,92,0.01,0.02,512,512,0,512,,512,512,0,512,0,0.4920178358551269,0.4587880739383244,0.48970374924966187,0.46060647541635946,0.6148206867436918,0.44598732935504243,0.548874437703537,0.034888346641255216,sample,255,0.49121450236211245,0.4590831207480812,0.49061915984828136,0.4595681925730467,0.6142732383474463,0.4475081054627409,0.5490847724396976,0.03588101759775622,2.138309603712076,1.7913081151461177,1.979463430406441,0.637194368851564,4.500884545493516,1.9108674822899998,1.7250006872945771,0.11272354128843703
D_W,dw,92,92,0.01,0.02,512,512,0,512,,512,512,0,512,0,0.4920178358551269,0.4587880739383244,0.48970374924966187,0.46060647541635946,0.6148206867436918,0.44598732935504243,0.548874437703537,0.034888346641255216,sample,256,0.49377471601625716,0.4587308011652383,0.4889382559095669,0.4633089488147124,0.6133074974472889,0.44654958982750304,0.5483711919343875,0.03486180121735994,2.121589520033409,1.829879693518487,1.9926400532040947,0.6297238961744266,4.5626719788298296,1.8839591274153102,1.7227589080213503,0.1095215785953657
D_W,dw,92,92,0.01,0.02,512,512,0,512,,512,512,0,512,0,0.4920178358551269,0.4587880739383244,0.48970374924966187,0.46060647541635946,0.6148206867436918,0.44598732935504243,0.548874437703537,0.034888346641255216,sample,257,0.4914305680693215,0.45819939451554886,0.4902737912279378,0.46034376234071395,0.6159964199683986,0.4458242938178117,0.549398694238852,0.034107739192159585,2.156299825895588,1.79490772077067,1.986922060961513,0.6465167546548277,4.510183316808296,1.9002142855126842,1.7259869017126024,0.10715262287664522
D_W,dw,92,92,0.01,0.02,512,512,0,512,,512,512,0,512,0,0.4920178358551269,0.4587880739383244,0.48970374924966187,0.46060647541635946,0.6148206867436918,0.44598732935504243,0.548874437703537,0.034888346641255216,sample,258,0.4918502808774013,0.4586321873001837,0.490157815918979,0.46008484082226453,0.6145357707005162,0.44590179918261863,0.5473514560928635,0.03508616498489429,2.1465399693154303,1.8001219141052591,1.9903335085197924,0.6406501532570502,4.517873642316595,1.90612988303751,1.7195553133930161,0.11022643815918333
D_W,dw,92,92,0.01,0.02,512,512,0,512,,512,512,0,512,0,0.4920178358551269,0.4587880739383244,0.48970374924966187,0.46060647541635946,0.6148206867436918,0.44598732935504243,0.548874437703537,0.034888346641255216,sample,259,0.49191877693414204,0.4587999513157705,0.488478524841263,0.4613754485651846,0.6153050054715163,0.44524133721507986,0.5490905139034803,0.03375176213873836,2.1633071956288488,1.83862144075311,1.9939077898649966,0.6433202795512317,4.518701960691216,1.8940256585813569,1.725018724635018,0.10603428798077055
D_W,dw,92,92,0.01,0.02,512,512,0,512,,512,512,0,512,0,0.4920178358551269,0.4587880739383244,0.48970374924966187,0.46060647541635946,0.6148206867436918,0.44598732935504243,0.548874437703537,0.034888346641255216,sample,260,0.4930611823222845,0.458194601277094,0.48990489684838234,0.46069914098369297,0.6150121960020719,0.4461249809452502,0.5496931177647125,0.03383015415835998,2.140261014069214,1.8046569995612434,1.988034487382593,0.6413145371583316,4.547909472466751,1.9000671646842329,1.7269118604984899,0.10628056377371391
D_W,dw,92,92,0.01,0.02,512,512,0,512,,512,512,0,512,0,0.4920178358551269,0.4587880739383244,0.48970374924966187,0.46060647541635946,0.6148206867436918,0.44598732935504243,0.548874437703537,0.034888346641255216,sample,261,0.4928134472176052,0.45786967310263044,0.48931841748988636,0.4609612610272314,0.6150983877248843,0.446223900264853,0.5473245282836059,0.036610153593733014,2.1461789856267597,1.8157059528845976,1.9873628383972517,0.6411086012465853,4.543436053716359,1.8977970312361945,1.7194707171852752,0.1150141895768656
D_W,dw,92,92,0.01,0.02,512,512,0,512,,512,512,0,512,0,0.4920178358551269,0.4587880739383244,0.48970374924966187,0.46060647541635946,0.6148206867436918,0.44598732935504243,0.548874437703537,0.034888346641255216,sample,262,0.4925579300577959,0.45977489600056487,0.48943238237715714,0.4591800236060847,0.6150978446270473,0.4460044801256466,0.5489251563524161,0.034295924574291266,2.153579326808317,1.8235976721170277,1.9870980804660994,0.6441099297645925,4.529446981385413,1.9116117219083333,1.724499238567379,0.1077438246906631
D_W,dw,92,92,0.01,0.02,512,512,0,512,,512,512,0,512,0,0.4920178358551269,0.4587880739383244,0.48970374924966187,0.46060647541635946,0.6148206867436918,0.44598732935504243,0.548874437703537,0.034888346641255216,sample,263,0.49193653359010076,0.45944214971904707,0.4893825262291172,0.46197601803391675,0.6169352813645813,0.448189814219757,0.547911528209544,0.03505973782190456,2.1450425262315322,1.8221277182072106,1.96957199714491,0.6436523717506731,4.516134113097989,1.8851830332605002,1.7213148318402602,0.11014341477807958
D_W,dw,92,92,0.01,0.02,512,512,0,512,,512,512,0,512,0,0.4920178358551269,0.4587880739383244,0.48970374924966187,0.46060647541635946,0.6148206867436918,0.44598732935504243,0.548874437703537,0.034888346641255216,sample,264,0.4912213878057895,0.45942880814772813,0.489785027764091,0.458879748907311,0.6146435489914459,0.4498752228213371,0.5500233387537763,0.034050118725106014,2.137185073960466,1.812086164298044,1.9612201354875203,0.6353293497547027,4.4992984594951855,1.9151821107567821,1.7279492803317937,0.10697160284065331
D_W,dw,92,92,0.01,0.02,512,512,0,512,,512,512,0,512,0,0.4920178358551269,0.4587880739383244,0.48970374924966187,0.46060647541635946,0.6148206867436918,0.44598732935504243,0.548874437703537,0.034888346641255216,sample,265,0.49281919884202696,0.4586032866657809,0.48838117885504845,0.45985426245210315,0.6147165530598506,0.4465375291846416,0.5486703268833298,0.03565177368945263,2.154261206046725,1.840594159685213,1.9852039454927994,0.6404962318910336,4.540634958153751,1.907431881455313,1.7236986681793793,0.11200335031023026
D_W,dw,92,92,0.01,0.02,512,512,0,512,,512,512,0,512,0,0.4920178358551269,0.4587880739383244,0.48970374924966187,0.46060647541635946,0.6148206867436918,0.44598732935504243,0.548874437703537,0.034888346641255216,sample,266,0.4923086340719391,0.4603713215133068,0.49047638813615835,0.46262194288899466,0.6156288848589067,0.4458325988908892,0.5498643401849631,0.0339759083335666,2.1357549640962956,1.8024788539133012,1.9901087792154697,0.6417930362137603,4.520686512388244,1.8834525848010266,1.727449771596079,0.10673846401977305
D_W,dw,92,92,0.01,0.02,512,512,0,512,,512,512,0,512,0,0.4920178358551269,0.4587880739383244,0.48970374924966187,0.46060647541635946,0.6148206867436918,0.44598732935504243,0.548874437703537,0.034888346641255216,sample,267,0.49181668769383885,0.4577461882761245,0.4897814455391116,0.4595100037158751,0.6143803458112311,0.4450916897216134,0.5483717654558719,0.034147296928836036,2.1572603673768915,1.8039058300289392,1.9957546515493634,0.6424446106120367,4.521086923358874,1.9110251467356147,1.7227607097922322,0.10727689717158059
D_W,dw,92,92,0.01,0.02,512,512,0,512,,512,512,0,512,0,0.4920178358551269,0.4587880739383244,0.48970374924966187,0.46060647541635946,0.6148206867436918,0.44598732935504243,0.548874437703537,0.034888346641255216,sample,268,0.4942841189367643,0.4601700494912617,0.4908895497355134,0.4600966818333139,0.6145617045776216,0.44696822418530113,0.549287926335489,0.03564464472830179,2.1178012760286298,1.7934563406411688,1.9829138682132872,0.6386630081035736,4.56985501665514,1.9059673610811505,1.7256389140811434,0.11198095401825105
D_W,dw,92,92,0.01,0.02,512,512,0,512,,512,512,0,512,0,0.4920178358551269,0.4587880739383244,0.48970374924966187,0.46060647541635946,0.6148206867436918,0.44598732935504243,0.548874437703537,0.034888346641255216,sample,269,0.4924182291992992,0.4597747697430672,0.489954074192977,0.461752529869714,0.6157845382306973,0.44634104323859813,0.5475321307353336,0.03461677193021807,2.1413962534735904,1.8114603153418756,1.9853454017381449,0.642643538083875,4.526091615212204,1.8898442816823364,1.72012291952249,0.10875179638696644
D_W,dw,92,92,0.01,0.02,512,512,0,512,,512,512,0,512,0,0.4920178358551269,0.4587880739383244,0.48970374924966187,0.46060647541635946,0.6148206867436918,0.44598732935504243,0.548874437703537,0.034888346641255216,sample,270,0.49167315637744996,0.45977588762450433,0.48989047273514275,0.4598369456597685,0.6145115060458877,0.4457555168759878,0.5482030590144353,0.03510035281252746,2.150668288731374,1.81211231068416,1.9911580592789289,0.6411973197237445,4.5082610170975075,1.9081247056705155,1.722230702875202,0.11027101053424611
D_W,dw,92,92,0.01,0.02,512,512,0,512,,512,512,0,512,0,0.4920178358551269,0.4587880739383244,0.48970374924966187,0.46060647541635946,0.6148206867436918,0.44598732935504243,0.548874437703537,0.034888346641255216,sample,271,0.4923864600827896,0.4593635301313954,0.4896986489305829,0.46065836621358053,0.6148229639744832,0.4459609638273205,0.548438441884997,0.03631685169796526,2.1452103885121456,1.8149886526655925,1.989668899656445,0.6409046552731174,4.5271788722949085,1.900889182643465,1.7229701799721393,0.11409275449583767
D_W,dw,92,92,0.01,0.02,512,512,0,512,,512,512,0,512,0,0.4920178358551269,0.4587880739383244,0.48970374924966187,0.46060647541635946,0.6148206867436918,0.44598732935504243,0.548874437703537,0.034888346641255216,sample,272,0.49219457196166483,0.459947000720526,0.48965020877444493,0.46078195550095674,0.6152098683709883,0.4459870470707401,0.5495680384406422,0.03402667101356485,2.1479675785183168,1.8191896346598446,1.9884935038258462,0.6422914178543955,4.5199237261195755,1.8988980496694163,1.7265189122128746,0.1068979396823321
D_W,dw,92,92,0.01,0.02,512,512,0,512,,512,512,0,512,0,0.4920178358551269,0.4587880739383244,0.48970374924966187,0.46060647541635946,0.6148206867436918,0.44598732935504243,0.548874437703537,0.034888346641255216,sample,273,0.49137872398709304,0.4573684341277154,0.4892211174051968,0.46222480150212225,0.6156485182018122,0.44532752832139044,0.5485469387336417,0.035164695032064486,2.1598045379595368,1.8137234870680907,1.9931357786045485,0.6434109377466836,4.512852490865177,1.8865090096670645,1.7233110328747792,0.11047314757845929
D_W,dw,92,92,0.01,0.02,512,512,0,512,,512,512,0,512,0,0.4920178358551269,0.4587880739383244,0.48970374924966187,0.46060647541635946,0.6148206867436918,0.44598732935504243,0.548874437703537,0.034888346641255216,sample,274,0.4918320893028919,0.45943675660709976,0.489309461007519,0.4593594366742248,0.6152238798887839,0.4456428673739786,0.5489542493068498,0.03571692781330317,2.161574410768993,1.8236336638198032,1.9893928308625193,0.6450773077167578,4.5136837962624305,1.9098829607597785,1.7245906367792991,0.11220803802707019
D_W,dw,92,92,0.01,0.02,512,512,0,512,,512,512,0,512,0,0.4920178358551269,0.4587880739383244,0.48970374924966187,0.46060647541635946,0.6148206867436918,0.44598732935504243,0.548874437703537,0.034888346641255216,sample,275,0.49205852969219604,0.4579775747730721,0.4905462523016664,0.4621649015621854,0.6131814303677309,0.44284311890358363,0.5481542525192474,0.037179624236664925,2.1441481757423912,1.7883539703351494,2.017462577981308,0.6382878348898107,4.525610015473365,1.8934050755582161,1.7220773727484722,0.11680323436513555
D_W,dw,92,92,0.01,0.02,512,512,0,512,,512,512,0,512,0,0.4920178358551269,0.4587880739383244,0.48970374924966187,0.46060647541635946,0.6148206867436918,0.44598732935504243,0.548874437703537,0.034888346641255216,sample,276,0.49207075792978916,0.4587642514699868,0.49018393014564293,0.46227047661757115,0.6142013995306254,0.44542365023695546,0.5473439897776857,0.03671658405314214,2.136499214328117,1.800437596608979,1.9967829814019116,0.6371131371826969,4.522417286483135,1.8898838856940452,1.7195318572721043,0.1153485507262635
D_W,dw,92,92,0.01,0.02,512,512,0,512,,512,512,0,512,0,0.4920178358551269,0.4587880739383244,0.48970374924966187,0.46060647541635946,0.6148206867436918,0.44598732935504243,0.548874437703537,0.034888346641255216,sample,277,0.49180074744717384,0.45972584386033183,0.48905246083744897,0.4603031599725897,0.6147763970565926,0.4458416362278493,0.54884745494824,0.03411610762869831,2.1561600811506123,1.8311137725905744,1.990269718761501,0.6414543669676005,4.51154777634833,1.903780342484071,1.7242551324068458,0.1071789130953973
D_W,dw,92,92,0.01,0.02,512,512,0,512,,512,512,0,512,0,0.4920178358551269,0.4587880739383244,0.48970374924966187,0.46060647541635946,0.6148206867436918,0.44598732935504243,0.548874437703537,0.034888346641255216,sample,278,0.4915105757215658,0.4593733089995211,0.4889426425821515,0.46083910178166904,0.6147080288460914,0.44592436452019574,0.5484480673050106,0.035787035511095085,2.1562095679774824,1.831164124303974,1.9904333138765546,0.6402396632400129,4.50639139462517,1.8997859264226977,1.7230004191209418,0.11242828785541337
D_W,dw,92,92,0.01,0.02,512,512,0,512,,512,512,0,512,0,0.4920178358551269,0.4587880739383244,0.48970374924966187,0.46060647541635946,0.6148206867436918,0.44598732935504243,0.548874437703537,0.034888346641255216,sample,279,0.49375013201018386,0.45908582520629737,0.48969820472860554,0.46058696236721774,0.6146492476786114,0.4459276248993473,0.5484614421360824,0.03618336043911329,2.1365090789825754,1.814742377123964,1.9903307527580096,0.6403482723805761,4.560805196699447,1.901910802794171,1.72304243739198,0.11367337933770987
D_W,dw,92,92,0.01,0.02,512,512,0,512,,512,512,0,512,0,0.4920178358551269,0.4587880739383244,0.48970374924966187,0.46060647541635946,0.6148206867436918,0.44598732935504243,0.548874437703537,0.034888346641255216,sample,280,0.49260957016817747,0.4577805267572579,0.48859215730734973,0.46143522225515055,0.6160287019780634,0.44559524381316196,0.5491038252615184,0.035288728942570416,2.1608857433047644,1.8309222285259874,1.9894482906017013,0.6455620007315456,4.539096844516139,1.8916820993579087,1.7250605434996396,0.11086281160050072
D_W,dw,92,92,0.01,0.02,512,512,0,512,,512,512,0,512,0,0.4920178358551269,0.4587880739383244,0.48970374924966187,0.46060647541635946,0.6148206867436918,0.44598732935504243,0.548874437703537,0.034888346641255216,sample,281,0.49081542797033206,0.4585438564912727,0.4901590417853457,0.46225135711844184,0.6147530495863935,0.4460802575903857,0.5484510783507208,0.034122797026898584,2.1445801063939403,1.7985381121722206,1.9906079125937803,0.6381442028308232,4.494361554602812,1.888601639352817,1.7230098786000245,0.10719992845964023
D_W,dw,92,92,0.01,0.02,512,512,0,512,,512,512,0,512,0,0.4920178358551269,0.4587880739383244,0.48970374924966187,0.46060647541635946,0.6148206867436918,0.44598732935504243,0.548874437703537,0.034888346641255216,sample,282,0.49241072627091553,0.4596068428627048,0.48919550624338337,0.4602774666970649,0.6151008491333483,0.44603691235058124,0.5487701407959088,0.034789191186174455,2.151961286358141,1.82786341035018,1.987967179020236,0.6424604405560482,4.5266690026765835,1.903108789382727,1.7240122428338636,0.10929346745481645
D_W,dw,92,92,0.01,0.02,512,512,0,512,,512,512,0,512,0,0.4920178358551269,0.4587880739383244,0.48970374924966187,0.46060647541635946,0.6148206867436918,0.44598732935504243,0.548874437703537,0.034888346641255216,sample,283,0.49181943187673854,0.45923574383192844,0.48998813759615495,0.4606366909050704,0.6142911340339416,0.44662578944963593,0.5478215212728285,0.036027870122766974,2.139822574218625,1.807100389029061,1.9865991227977247,0.6374177635771537,4.514339726101607,1.9024848805454084,1.7210320667091024,0.11318489210217192
D_W,dw,92,92,0.01,0.02,512,512,0,512,,512,512,0,512,0,0.4920178358551269,0.4587880739383244,0.48970374924966187,0.46060647541635946,0.6148206867436918,0.44598732935504243,0.548874437703537,0.034888346641255216,sample,284,0.4926181093131415,0.4587431884339026,0.49058843373185107,0.46461148809844244,0.6169698567168581,0.4478950052266371,0.5478987520161429,0.033821683438805795,2.1221322988123026,1.7916874950816537,1.9738271085554353,0.6408489213610673,4.535337131843627,1.8645853002748767,1.7212746942449304,0.10625395222339186
D_W,dw,92,92,0.01,0.02,512,512,0,512,,512,512,0,512,0,0.4920178358551269,0.4587880739383244,0.48970374924966187,0.46060647541635946,0.6148206867436918,0.44598732935504243,0.548874437703537,0.034888346641255216,sample,285,0.49209913481863626,0.459131205944878,0.49125048021194573,0.45835438924963967,0.6173391238792432,0.4454906385665502,0.5496418993833758,0.033324301872441286,2.1608864948943953,1.7779763921564575,1.98344999026012,0.6556536095592501,4.521422078026359,1.9118445179074794,1.7267509532079537,0.10469138194847014
D_W,dw,92,92,0.01,0.02,512,512,0,512,,512,512,0,512,0,0.4920178358551269,0.4587880739383244,0.48970374924966187,0.46060647541635946,0.6148206867436918,0.44598732935504243,0.548874437703537,0.034888346641255216,sample,286,0.49155656886860594,0.46013980421300066,0.4906779461483217,0.4597752491608503,0.6133234484537758,0.447959261676333,0.5497892369538381,0.034531165988860926,2.1258540827083694,1.7957171804102412,1.9792286361838758,0.6320605389688381,4.5036484281577955,1.9118787673617659,1.7272138278369158,0.10848285739049521
D_W,dw,92,92,0.01,0.02,512,512,0,512,,512,512,0,512,0,0.4920178358551269,0.4587880739383244,0.48970374924966187,0.46060647541635946,0.6148206867436918,0.44598732935504243,0.548874437703537,0.034888346641255216,sample,287,0.4900914316957924,0.4578047319129718,0.4872516248153083,0.45876891671817494,0.6153283105488928,0.4481164978765903,0.5488149516379379,0.033001397380523725,2.182318088437529,1.8568566440959873,1.9714960341384005,0.6416344602124315,4.48174141967829,1.9141462936359837,1.7241530202459834,0.10367694756885078
D_W,dw,92,92,0.01,0.02,512,512,0,512,,512,512,0,512,0,0.4920178358551269,0.4587880739383244,0.48970374924966187,0.46060647541635946,0.6148206867436918,0.44598732935504243,0.548874437703537,0.034888346641255216,sample,288,0.49159454653399576,0.45754121024683736,0.488911958273447,0.46137400398162975,0.6144307854354073,0.44753776903142395,0.5488523030005965,0.034470671694768605,2.1451192959488554,1.8215798039998075,1.9805877833101238,0.635185508457685,4.516948667666769,1.8963361615030643,1.7242703630125131,0.10829280896059067
D_W,dw,92,92,0.01,0.02,512,512,0,512,,512,512,0,512,0,0.4920178358551269,0.4587880739383244,0.48970374924966187,0.46060647541635946,0.6148206867436918,0.44598732935504243,0.548874437703537,0.034888346641255216,sample,289,0.49146075012778795,0.45905137546433533,0.488724006800748,0.46226638585735125,0.6149309831588433,0.4456194853173692,0.5495426439158939,0.03491412375373923,2.155897273623263,1.8341075539933882,1.9932753413434596,0.6397763660236545,4.506799655181557,1.8880239823975178,1.726439132960484,0.10968595469127206
D_W,dw,92,92,0.01,0.02,512,512,0,512,,512,512,0,512,0,0.4920178358551269,0.4587880739383244,0.48970374924966187,0.46060647541635946,0.6148206867436918,0.44598732935504243,0.548874437703537,0.034888346641255216,sample,290,0.4933182544404865,0.4594470726325308,0.4899637868373104,0.4591071951040985,0.6128364830685491,0.44718692525710924,0.5487869662756458,0.03667884303911531,2.1253169755164585,1.8103010808425124,1.9853395286731272,0.6325213205724495,4.54909012200894,1.9184816899751604,1.7240651016373985,0.11522998383385778
D_W,dw,92,92,0.01,0.02,512,512,0,512,,512,512,0,512,0,0.4920178358551269,0.4587880739383244,0.48970374924966187,0.46060647541635946,0.6148206867436918,0.44598732935504243,0.548874437703537,0.034888346641255216,sample,291,0.4915923539241661,0.4578852126664626,0.4897326089104622,0.46127000457041734,0.6127555636048868,0.4445934957286603,0.5489269773662089,0.034756696662315865,2.145593364393767,1.8054691046158322,2.0058359281290956,0.6341782343648455,4.51534302505538,1.9016565837562212,1.7245049594509325,0.10919138289738041
D_W,dw,92,92,0.01,0.02,512,512,0,512,,512,512,0,512,0,0.4920178358551269,0.4587880739383244,0.48970374924966187,0.46060647541635946,0.6148206867436918,0.44598732935504243,0.548874437703537,0.034888346641255216,sample,292,0.4929669869795491,0.4584346157400936,0.4886395095646154,0.46133672211735144,0.6156422940783914,0.4461020349199833,0.5492368176694281,0.034464846736214604,2.1528649772757316,1.83402873959509,1.9869979860065565,0.643091792454034,4.544772946850987,1.8934481995118435,1.7254783514713121,0.10827450931358995
D_W,dw,92,92,0.01,0.02,512,512,0,512,,512,512,0,512,0,0.4920178358551269,0.4587880739383244,0.48970374924966187,0.46060647541635946,0.6148206867436918,0.44598732935504243,0.548874437703537,0.034888346641255216,sample,293,0.49185189705242877,0.45749015305363544,0.48971593311989176,0.4611313377516493,0.6148803950727367,0.44610463195824557,0.5486387934504633,0.035596481024645216,2.148078420409555,1.8040677199837982,1.9889805307853705,0.6401907155489589,4.523010256270842,1.8970463224414764,1.7235996029783434,0.11182964328067388
D_W,dw,92,92,0.01,0.02,512,512,0,512,,512,512,0,512,0,0.4920178358551269,0.4587880739383244,0.48970374924966187,0.46060647541635946,0.6148206867436918,0.44598732935504243,0.548874437703537,0.034888346641255216,sample,294,0.4907305980321119,0.4592619706605625,0.48884799778602983,0.46092021656191073,0.6170074958754549,0.44540836742692214,0.5502339152455102,0.03520940127703192,2.1778446668758993,1.83164135917487,1.9874249590600401,0.6507398697460464,4.488661264565754,1.8931412238260483,1.7286108258912438,0.11061359638921855
D_W,dw,92,92,0.01,0.02,512,512,0,512,,512,512,0,512,0,0.4920178358551269,0.4587880739383244,0.48970374924966187,0.46060647541635946,0.6148206867436918,0.44598732935504243,0.548874437703537,0.034888346641255216,sample,295,0.4910566930665113,0.4596184537609087,0.4889454081639027,0.46047840883013136,0.6151731143913627,0.44624848962767727,0.5483603636502528,0.03500943044001983,2.1612545281889886,1.831968610171165,1.9865049444590464,0.6420605890886157,4.4944368331314735,1.9013552210308295,1.7227248899634615,0.10998536947672917
D_W,dw,92,92,0.01,0.02,512,512,0,512,,512,512,0,512,0,0.4920178358551269,0.4587880739383244,0.48970374924966187,0.46060647541635946,0.6148206867436918,0.44598732935504243,0.548874437703537,0.034888346641255216,sample,296,0.4910516212940433,0.4595256322357599,0.491604538540478,0.4590049327735317,0.6122204337747476,0.4435762293880953,0.5514087970026739,0.03483358626685931,2.1437882171925713,1.7706288990673034,2.012013606900644,0.637361604458918,4.4948015722219345,1.9210432996678786,1.7323018257883858,0.10943293871415152
D_W,dw,92,92,0.01,0.02,512,512,0,512,,512,512,0,512,0,0.4920178358551269,0.4587880739383244,0.48970374924966187,0.46060647541635946,0.6148206867436918,0.44598732935504243,0.548874437703537,0.034888346641255216,sample,297,0.4901649604623451,0.45962865178404455,0.48944416213836706,0.46008694124396177,0.6143844285691964,0.4455696433400743,0.5483322224068727,0.035522223307437345,2.1639885293074905,1.8195726358106077,1.993057940831016,0.6406725896252499,4.473429316848695,1.9065246138747374,1.722636481639996,0.11159635578182128
D_W,dw,92,92,0.01,0.02,512,512,0,512,,512,512,0,512,0,0.4920178358551269,0.4587880739383244,0.48970374924966187,0.46060647541635946,0.6148206867436918,0.44598732935504243,0.548874437703537,0.034888346641255216,sample,298,0.49158510143218875,0.45826063671958517,0.4903471340669416,0.4606171979423383,0.6159424673039801,0.4452875883320861,0.5478773761192709,0.03561148227361177,2.15614231628181,1.7937320629247986,1.9910021143838739,0.6469541800892548,4.513449840574033,1.898243825594418,1.7212075398843534,0.11187677109422188
D_W,dw,92,92,0.01,0.02,512,512,0,512,,512,512,0,512,0,0.4920178358551269,0.4587880739383244,0.48970374924966187,0.46060647541635946,0.6148206867436918,0.44598732935504243,0.548874437703537,0.034888346641255216,sample,299,0.4907625870170469,0.4586481315806311,0.4898573658787531,0.46077548207589186,0.611817282237644,0.44702489727267386,0.5476379388833116,0.036350280436278574,2.132143645828897,1.8057516328944316,1.9911997867237508,0.6261341509992453,4.492611653364783,1.9081758219376777,1.7204553256228678,0.11419777397454155
D_W,dw,92,92,0.01,0.02,512,512,0,512,,512,512,0,512,0,0.4920178358551269,0.4587880739383244,0.48970374924966187,0.46060647541635946,0.6148206867436918,0.44598732935504243,0.548874437703537,0.034888346641255216,sample,300,0.49264591049154555,0.4581290813117597,0.4899106151931315,0.46139357167954453,0.6147117759806581,0.44681199474141675,0.5502248182052043,0.03477207347081701,2.1344493211612128,1.8038163124818714,1.9848394087188321,0.6377365979976557,4.538525147981547,1.8954404925405306,1.7285822466962493,0.10923969056600326
D_W,dw,92,92,0.01,0.02,512,512,0,512,,512,512,0,512,0,0.4920178358551269,0.4587880739383244,0.48970374924966187,0.46060647541635946,0.6148206867436918,0.44598732935504243,0.548874437703537,0.034888346641255216,sample,301,0.4933068369609271,0.45848775051156787,0.48874635497474433,0.45980794974911054,0.6147938834992016,0.44605052259502037,0.5493835285874514,0.034369382354505075,2.1515218078198335,1.8323032103991963,1.9882871499115817,0.6418350419842427,4.552531292132024,1.9075812727131511,1.7259392574135755,0.1079745991133318
D_W,dw,92,92,0.01,0.02,512,512,0,512,,512,512,0,512,0,0.4920178358551269,0.4587880739383244,0.48970374924966187,0.46060647541635946,0.6148206867436918,0.44598732935504243,0.548874437703537,0.034888346641255216,sample,302,0.4906747252546653,0.4600941165210005,0.48985883335554514,0.46063160734296293,0.6111128609149611,0.44604435071850723,0.5488657893799388,0.03433911110154225,2.1333187754682648,1.813383313552873,2.0000456148909236,0.62537409021901,4.482826691957351,1.9113055772341054,1.7243127317227784,0.10787949916740885
D_W,dw,92,92,0.01,0.02,512,512,0,512,,512,512,0,512,0,0.4920178358551269,0.4587880739383244,0.48970374924966187,0.46060647541635946,0.6148206867436918,0.44598732935504243,0.548874437703537,0.034888346641255216,sample,303,0.49086384373767755,0.45878656353448444,0.48830751067865086,0.46004243800107725,0.6153098587671133,0.4430113155600318,0.5478466958009439,0.03551655417794798,2.1899373563065225,1.8410039858464478,2.007680480609224,0.64971011609433,4.494237686235028,1.904370583375869,1.7211111548216875,0.11157854568626525
D_W,dw,92,92,0.01,0.02,512,512,0,512,,512,512,0,512,0,0.4920178358551269,0.4587880739383244,0.48970374924966187,0.46060647541635946,0.6148206867436918,0.44598732935504243,0.548874437703537,0.034888346641255216,sample,304,0.49409818236766995,0.4584772682318143,0.4900711215647707,0.45907464209382803,0.6166408901411881,0.4468772257635804,0.5491725689212134,0.03678794502928479,2.1437965221399677,1.8032563231326617,1.9766862494051687,0.6490172775021591,4.571200071319733,1.9082426997852995,1.7252765080759183,0.11557273784466625
D_W,dw,92,92,0.01,0.02,512,512,0,512,,512,512,0,512,0,0.4920178358551269,0.4587880739383244,0.48970374924966187,0.46060647541635946,0.6148206867436918,0.44598732935504243,0.548874437703537,0.034888346641255216,sample,305,0.49212766401862096,0.4581117500793577,0.49053324491368894,0.46081911298426564,0.615581583434015,0.44536064024564703,0.5482960220196048,0.03652335205401759,2.147884028195018,1.789360022908302,1.99174388661616,0.6450197377034449,4.5266192752879935,1.897628328352512,1.7225227547692978,0.11474149449737535
D_W,dw,92,92,0.01,0.02,512,512,0,512,,512,512,0,512,0,0.4920178358551269,0.4587880739383244,0.48970374924966187,0.46060647541635946,0.6148206867436918,0.44598732935504243,0.548874437703537,0.034888346641255216,sample,306,0.4924784085708195,0.4594708100718663,0.48923379428024594,0.46036776915880473,0.613926379711621,0.4473111307554381,0.5495032164547966,0.03287773626826135,2.1370837518464985,1.8262703856711486,1.9826239255404796,0.6349545391698403,4.528892068558224,1.9055775139535118,1.7263152679383509,0.10328845472703255
D_W,dw,92,92,0.01,0.02,512,512,0,512,,512,512,0,512,0,0.4920178358551269,0.4587880739383244,0.48970374924966187,0.46060647541635946,0.6148206867436918,0.44598732935504243,0.548874437703537,0.034888346641255216,sample,307,0.4932245136134659,0.45929917627787326,0.4899037812612972,0.45937109364391465,0.6143426469643196,0.4431987806360111,0.5495448008797337,0.034347115936057354,2.156693091349032,1.8107730079040745,2.0085928794906627,0.6463103741568216,4.547431176029707,1.9122079404455228,1.726445909262237,0.1079046470967147
D_W,dw,92,92,0.01,0.02,512,512,0,512,,512,512,0,512,0,0.4920178358551269,0.4587880739383244,0.48970374924966187,0.46060647541635946,0.6148206867436918,0.44598732935504243,0.548874437703537,0.034888346641255216,sample,308,0.49335039051874136,0.45861768667921443,0.4905758118594149,0.45973794527133893,0.6140624538372205,0.44496082433274015,0.5467749807316801,0.03461788978678216,2.137498615865573,1.791968301932444,1.997817321059426,0.6410551788593121,4.553063709773138,1.9101257229199027,1.7177442626333468,0.10875530823693597
D_W,dw,92,92,0.01,0.02,512,512,0,512,,512,512,0,512,0,0.4920178358551269,0.4587880739383244,0.48970374924966187,0.46060647541635946,0.6148206867436918,0.44598732935504243,0.548874437703537,0.034888346641255216,sample,309,0.4924254422232706,0.45913552572588373,0.48870012671986146,0.46069522373504873,0.6147507317583868,0.4461855570441074,0.5490383891184017,0.03497634290912094,2.152083821428926,1.836268360003765,1.9883687612184964,0.6401107706949338,4.529111070300763,1.9007947440488147,1.7248549697931452,0.10988142193273179
D_W,dw,92,92,0.01,0.02,512,512,0,512,,512,512,0,512,0,0.4920178358551269,0.4587880739383244,0.48970374924966187,0.46060647541635946,0.6148206867436918,0.44598732935504243,0.548874437703537,0.034888346641255216,sample,310,0.49153298108928234,0.45822309603106964,0.4901957088533049,0.460312708956323,0.6152696287360939,0.4462601213775545,0.5483557941777154,0.03450124192466698,2.1498795658965535,1.7968701904436535,1.9859851486919555,0.6426784973552899,4.512425279721543,1.9023838712768901,1.7227105345421074,0.10838884817025794
D_W,dw,92,92,0.01,0.02,512,512,0,512,,512,512,0,512,0,0.4920178358551269,0.4587880739383244,0.48970374924966187,0.46060647541635946,0.6148206867436918,0.44598732935504243,0.548874437703537,0.034888346641255216,sample,311,0.4884214533952791,0.4588550752589106,0.48688883998164395,0.4587496348342762,0.6153794143104152,0.44871641385053423,0.5497101210819563,0.03523753788409012,2.1930804555041923,1.8684284915299856,1.9671770076999118,0.6407542069995886,4.438074314930097,1.9141540687566148,1.7269652779950295,0.11070199014724955
D_W,dw,92,92,0.01,0.02,512,512,0,512,,512,512,0,512,0,0.4920178358551269,0.4587880739383244,0.48970374924966187,0.46060647541635946,0.6148206867436918,0.44598732935504243,0.548874437703537,0.034888346641255216,sample,312,0.4916577234530397,0.45983740387160826,0.48941626764552937,0.4598068121764368,0.614587712531899,0.4465581025468938,0.5490140812044263,0.03497020599790645,2.150846256049018,1.8233041085489363,1.9853834111874105,0.6399886605405105,4.507588594475368,1.9081511679505556,1.7247786042291757,0.10986214225754462
D_W,dw,92,92,0.01,0.02,512,512,0,512,,512,512,0,512,0,0.4920178358551269,0.4587880739383244,0.48970374924966187,0.46060647541635946,0.6148206867436918,0.44598732935504243,0.548874437703537,0.034888346641255216,sample,313,0.49150105781810594,0.45820029120119093,0.4902924279482197,0.46102388789122023,0.6150333726746721,0.4461926839776672,0.5492448576168855,0.034467827703499515,2.1453370460870267,1.7945684495476177,1.987826518882972,0.6408092831817046,4.511797982475435,1.8974806628919179,1.7255036097111793,0.10828387429851283
D_W,dw,92,92,0.01,0.02,512,512,0,512,,512,512,0,512,0,0.4920178358551269,0.4587880739383244,0.48970374924966187,0.46060647541635946,0.6148206867436918,0.44598732935504243,0.548874437703537,0.034888346641255216,sample,314,0.491975348969338,0.4582817269519825,0.4903123748636569,0.4613395395943373,0.6138704035668943,0.44689390983572025,0.5488556765278069,0.0345079747512015,2.1301906923423903,1.7949977171744271,1.9866553152523765,0.6341350540853071,4.522356629850751,1.8980980598008683,1.7242809612608139,0.1084099999686367
D_W,dw,92,92,0.01,0.02,512,512,0,512,,512,512,0,512,0,0.4920178358551269,0.4587880739383244,0.48970374924966187,0.46060647541635946,0.6148206867436918,0.44598732935504243,0.548874437703537,0.034888346641255216,sample,315,0.49388881409315877,0.4588819388785434,0.4895346131055528,0.460352662116274,0.6149830987463983,0.44521818901932725,0.5490763932852578,0.03540777280616637,2.144220038907104,1.817426122677881,1.9939910484550003,0.6434732603913744,4.564843711691825,1.9028401982248695,1.724974363404546,0.11123679892782871
D_W,dw,92,92,0.01,0.02,512,512,0,512,,512,512,0,512,0,0.4920178358551269,0.4587880739383244,0.48970374924966187,0.46060647541635946,0.6148206867436918,0.44598732935504243,0.548874437703537,0.034888346641255216,sample,316,0.4924776014385321,0.4601275389828596,0.4905386121621604,0.4612574468937121,0.6144850060788998,0.4451046019255279,0.5504776782005815,0.03519299678522311,2.137305535757944,1.7998807601087794,1.9971343354344941,0.6403418674718532,4.525919207811858,1.897106410854789,1.729376629800113,0.11056206015826614
D_W,dw,92,92,0.01,0.02,512,512,0,512,,512,512,0,512,0,0.4920178358551269,0.4587880739383244,0.48970374924966187,0.46060647541635946,0.6148206867436918,0.44598732935504243,0.548874437703537,0.034888346641255216,sample,317,0.49195363060271513,0.4597745429975769,0.49276570254613666,0.46022845158635806,0.6164263390334429,0.4443630986721207,0.5511963102425415,0.03437000726187881,2.1420624454544597,1.745351808499925,1.9954906792347513,0.6513493254427082,4.514962871831067,1.8999707314611478,1.7316342789437686,0.10797656231774631
D_W,dw,92,92,0.01,0.02,512,512,0,512,,512,512,0,512,0,0.4920178358551269,0.4587880739383244,0.48970374924966187,0.46060647541635946,0.6148206867436918,0.44598732935504243,0.548874437703537,0.034888346641255216,sample,318,0.49253591211284975,0.4580842301363398,0.4892534694477625,0.46013687778663126,0.6130434784574414,0.44664922594040785,0.5505260791355461,0.035862743664988726,2.1379133034510054,1.8180448958995303,1.9895564275851771,0.632901733274615,4.536162706290671,1.9098169304002903,1.7295286858218246,0.11266613203550248
D_W,dw,92,92,0.01,0.02,512,512,0,512,,512,512,0,512,0,0.4920178358551269,0.4587880739383244,0.48970374924966187,0.46060647541635946,0.6148206867436918,0.44598732935504243,0.548874437703537,0.034888346641255216,sample,319,0.49225769343670933,0.4587962763040902,0.4882990966676144,0.4580408204242647,0.6162879245011875,0.44540237097206653,0.5491357277416496,0.03306254076341699,2.181137401225712,1.8429633460747585,1.986671789595994,0.65192106604415,4.526651668970197,1.9170789367608165,1.7251607680968513,0.1038690351713639
D_W,dw,92,92,0.01,0.02,512,512,0,512,,512,512,0,512,0,0.4920178358551269,0.4587880739383244,0.48970374924966187,0.46060647541635946,0.6148206867436918,0.44598732935504243,0.548874437703537,0.034888346641255216,sample,320,0.4919734585434667,0.458989621907925,0.490341964028211,0.4596155087559064,0.6148056142466124,0.44668549782829586,0.547871364150822,0.034641436836081216,2.1429340344507266,1.7979255497047117,1.9836903344400927,0.6409296650085301,4.5191124007525,1.9090418441713335,1.7211886527284408,0.1088292834740276
D_W,dw,92,92,0.01,0.02,512,512,0,512,,512,512,0,512,0,0.4920178358551269,0.4587880739383244,0.48970374924966187,0.46060647541635946,0.6148206867436918,0.44598732935504243,0.548874437703537,0.034888346641255216,sample,321,0.49360930525224966,0.4586690231455692,0.4911323780704781,0.46055499449716475,0.617511861880589,0.44519703516066966,0.5481887278547719,0.03578735015315606,2.1459326234408405,1.7797337115535392,1.9870765655719873,0.6537737144933304,4.558981444397874,1.8946468663349167,1.7221856802092859,0.11242927633260064
D_W,dw,92,92,0.01,0.02,512,512,0,512,,512,512,0,512,0,0.4920178358551269,0.4587880739383244,0.48970374924966187,0.46060647541635946,0.6148206867436918,0.44598732935504243,0.548874437703537,0.034888346641255216,sample,322,0.48994470464195555,0.4591181167977841,0.4893451051588683,0.460494524636163,0.6164595419627824,0.4470121640599794,0.5482584623641744,0.03371829203959449,2.168790111700629,1.818674935518562,1.9776314577562328,0.645948271846664,4.47121656114943,1.8978360276019408,1.7224047576317265,0.10592913856318525
D_W,dw,92,92,0.01,0.02,512,512,0,512,,512,512,0,512,0,0.4920178358551269,0.4587880739383244,0.48970374924966187,0.46060647541635946,0.6148206867436918,0.44598732935504243,0.548874437703537,0.034888346641255216,sample,323,0.4907786325398422,0.45750477130240436,0.488824030541064,0.4632342607937152,0.6156233351407328,0.44598461323341837,0.5494943020968854,0.03602437789194761,2.1590219009088245,1.8223635764929023,1.9896526215796493,0.6406475958888234,4.498704157081959,1.8786645059393527,1.7262872626570258,0.11317392093548517
D_W,dw,92,92,0.01,0.02,512,512,0,512,,512,512,0,512,0,0.4920178358551269,0.4587880739383244,0.48970374924966187,0.46060647541635946,0.6148206867436918,0.44598732935504243,0.548874437703537,0.034888346641255216,sample,324,0.49149099532012525,0.45981151317289565,0.4894393714540378,0.4601821908996589,0.6149071610484749,0.4465155662408854,0.5501082284044707,0.03511708101276217,2.1522307040732747,1.8224258487773335,1.9851365664067961,0.6408575196043991,4.50374290270968,1.9043689616510697,1.7282159690347811,0.11032356372521124
D_W,dw,92,92,0.01,0.02,512,512,0,512,,512,512,0,512,0,0.4920178358551269,0.4587880739383244,0.48970374924966187,0.46060647541635946,0.6148206867436918,0.44598732935504243,0.548874437703537,0.034888346641255216,sample,325,0.48960753285325087,0.458465569396434,0.4883433009328238,0.45993979312570543,0.611293311151677,0.4480569324196597,0.5480111889798723,0.03404241664606536,2.148547041555624,1.8366117723297681,1.984582368568798,0.6231740308868158,4.4672095698216925,1.916309071271756,1.7216279253841746,0.10694740604572182
D_W,dw,92,92,0.01,0.02,512,512,0,512,,512,512,0,512,0,0.4920178358551269,0.4587880739383244,0.48970374924966187,0.46060647541635946,0.6148206867436918,0.44598732935504243,0.548874437703537,0.034888346641255216,sample,326,0.48908555151957894,0.4569834220179191,0.48715430998822606,0.461459927014908,0.6158689373556961,0.44532504254540994,0.5453352025380301,0.03434470818197308,2.1984063270933256,1.852546494470822,1.9917777768249316,0.6453911162081895,4.46390605094325,1.8919027781943298,1.7132210660373774,0.10789708291417188
D_W,dw,92,92,0.01,0.02,512,512,0,512,,512,512,0,512,0,0.4920178358551269,0.4587880739383244,0.48970374924966187,0.46060647541635946,0.6148206867436918,0.44598732935504243,0.548874437703537,0.034888346641255216,sample,327,0.4923543808974616,0.4580854036374854,0.48963533860186964,0.45946081469964734,0.614724660433078,0.4459207246986883,0.5491347558520274,0.03328637591645368,2.1519648310123882,1.8094275741834536,1.9890263257935556,0.6423090502423054,4.531963177991142,1.910461937465618,1.725157714815554,0.1045722340437591
D_W,dw,92,92,0.01,0.02,512,512,0,512,,512,512,0,512,0,0.4920178358551269,0.4587880739383244,0.48970374924966187,0.46060647541635946,0.6148206867436918,0.44598732935504243,0.548874437703537,0.034888346641255216,sample,328,0.4890951145638877,0.45931169065409744,0.4875214772495761,0.46087366652322326,0.6150970171461653,0.44735643633059974,0.5475924646694497,0.03379694202135154,2.1789242996896254,1.8587918529396075,1.979462707059081,0.6390365341785764,4.450532592117633,1.89848302396143,1.7203124641666714,0.10617622476807818
D_W,dw,92,92,0.01,0.02,512,512,0,512,,512,512,0,512,0,0.4920178358551269,0.4587880739383244,0.48970374924966187,0.46060647541635946,0.6148206867436918,0.44598732935504243,0.548874437703537,0.034888346641255216,sample,329,0.4917946723816582,0.4597270803197117,0.48965033152831283,0.4609097751148101,0.6149592276592829,0.4466393873034687,0.548227663209472,0.03531833400091872,2.1450542602838376,1.8174823564760498,1.9848495617371151,0.6397914196935897,4.511396935218314,1.8985667047964119,1.7223079992335766,0.11095581863431686
D_W,dw,92,92,0.01,0.02,512,512,0,512,,512,512,0,512,0,0.4920178358551269,0.4587880739383244,0.48970374924966187,0.46060647541635946,0.6148206867436918,0.44598732935504243,0.548874437703537,0.034888346641255216,sample,330,0.49200390456759696,0.45966239888782984,0.48940435150047557,0.4589587426740253,0.615739755596844,0.4461831558462969,0.5502031389693722,0.03387443330702776,2.1610619108301785,1.822971909052443,1.9838314807616186,0.6467602805032681,4.516696571146407,1.9115627889885682,1.7285141393682237,0.10641967082187581
D_W,dw,92,92,0.01,0.02,512,512,0,512,,512,512,0,512,0,0.4920178358551269,0.4587880739383244,0.48970374924966187,0.46060647541635946,0.6148206867436918,0.44598732935504243,0.548874437703537,0.034888346641255216,sample,331,0.49258417042657726,0.4587561048057269,0.48942565778685243,0.46058426139264774,0.6144212035402439,0.4449701812863472,0.5496597446815551,0.033475818954678986,2.150631574073948,1.8179752539175398,1.9975661204323596,0.6413002554616497,4.534485610012789,1.9025445066591724,1.7268070158656148,0.10516738690092145
D_W,dw,92,92,0.01,0.02,512,512,0,512,,512,512,0,512,0,0.4920178358551269,0.4587880739383244,0.48970374924966187,0.46060647541635946,0.6148206867436918,0.44598732935504243,0.548874437703537,0.034888346641255216,sample,332,0.4915904733796443,0.45773627934833505,0.48997231466902313,0.46068356120276716,0.6156349650987086,0.4458763880253898,0.5483236178426028,0.03529787784578173,2.1545968108289406,1.799430145445977,1.9879323533853557,0.6444222110307876,4.5159768516519065,1.8985391022015652,1.722609449604098,0.11089155372761779
D_W,dw,92,92,0.01,0.02,512,512,0,512,,512,512,0,512,0,0.4920178358551269,0.4587880739383244,0.48970374924966187,0.46060647541635946,0.6148206867436918,0.44598732935504243,0.548874437703537,0.034888346641255216,sample,333,0.4919336179471205,0.45885071998942456,0.49049647437943017,0.4579650314138817,0.6154496716271728,0.44635272965003114,0.5498525371768788,0.03321593784392594,2.1546577486465317,1.7936702148377013,1.9824842154806148,0.6467111021430264,4.518816231109911,1.9199747940487977,1.727412691352591,0.10435094631257291
D_W,dw,92,92,0.01,0.02,512,512,0,512,,512,512,0,512,0,0.4920178358551269,0.4587880739383244,0.48970374924966187,0.46060647541635946,0.6148206867436918,0.44598732935504243,0.548874437703537,0.034888346641255216,sample,334,0.49010581515745716,0.45861660744081745,0.48871810753733547,0.45963667744229075,0.6165737011355514,0.44720650664130146,0.5478550102695713,0.03579541552635756,2.1767286354402238,1.8299784730845954,1.9751627060583583,0.6472898462863058,4.477708512779099,1.9041240282472598,1.7211372754952459,0.11245461444979893
D_W,dw,92,92,0.01,0.02,512,512,0,512,,512,512,0,512,0,0.4920178358551269,0.4587880739383244,0.48970374924966187,0.46060647541635946,0.6148206867436918,0.44598732935504243,0.548874437703537,0.034888346641255216,sample,335,0.4925180605605238,0.4585972635703957,0.4905391842502053,0.45936380499520335,0.6140195039506717,0.445727673547343,0.5482313226144401,0.03693736154183702,2.1401262786408632,1.791982134348258,1.992291490590118,0.639904309634356,4.533607218016173,1.9131585167666798,1.7223194955933407,0.11604214366282534
D_W,dw,92,92,0.01,0.02,512,512,0,512,,512,512,0,512,0,0.4920178358551269,0.4587880739383244,0.48970374924966187,0.46060647541635946,0.6148206867436918,0.44598732935504243,0.548874437703537,0.034888346641255216,sample,336,0.49302322501212703,0.45834456589476763,0.48977101708838233,0.4596006691737311,0.6142604719741359,0.44557187005208454,0.5501144267347536,0.0340093737940216,2.145033036884905,1.8084094265724524,1.9929063021800684,0.6408626842988024,4.54644151633696,1.9106499896758902,1.7282354416636625,0.1068435988644875
D_W,dw,92,92,0.01,0.02,512,512,0,512,,512,512,0,512,0,0.4920178358551269,0.4587880739383244,0.48970374924966187,0.46060647541635946,0.6148206867436918,0.44598732935504243,0.548874437703537,0.034888346641255216,sample,337,0.4925444964115106,0.4595708664026813,0.4896656175860006,0.46000101272598853,0.6136956968040478,0.4441032722635478,0.5469911198455536,0.034827434289901094,2.151316561830414,1.8170721310137812,2.0050433303724335,0.6408825073605946,4.530028537697483,1.9090803921527468,1.7184232836856452,0.10941361170853453
D_W,dw,92,92,0.01,0.02,512,512,0,512,,512,512,0,512,0,0.4920178358551269,0.4587880739383244,0.48970374924966187,0.46060647541635946,0.6148206867436918,0.44598732935504243,0.548874437703537,0.034888346641255216,sample,338,0.4929297136197126,0.45764379566484775,0.4896255494852267,0.4624355798993261,0.6171379866773099,0.4472331600630016,0.5487109008770688,0.03452705570983162,2.1427805214403137,1.807844869662401,1.9760083972450662,0.6456873126987496,4.5469894910979285,1.8811207115892048,1.7238261351400364,0.10846994456809253
D_W,dw,92,92,0.01,0.02,512,512,0,512,,512,512,0,512,0,0.4920178358551269,0.4587880739383244,0.48970374924966187,0.46060647541635946,0.6148206867436918,0.44598732935504243,0.548874437703537,0.034888346641255216,sample,339,0.4919226310450402,0.4574747021103698,0.48963060481649806,0.4605436170132884,0.6143447217358342,0.4457138382024948,0.5480249672138383,0.03525873980359586,2.1501390692750753,1.8059228742367146,1.9926446096197825,0.6395637775997961,4.5246823594312096,1.9030681313119946,1.7216712109827816,0.11076859794181078
D_W,dw,92,92,0.01,0.02,512,512,0,512,,512,512,0,512,0,0.4920178358551269,0.4587880739383244,0.48970374924966187,0.46060647541635946,0.6148206867436918,0.44598732935504243,0.548874437703537,0.034888346641255216,sample,340,0.4916186083906638,0.4576424821189397,0.48776661863232823,0.45638237160785544,0.6158174925854759,0.4483958392646483,0.5468968394520651,0.0334461814864986,2.179244971810813,1.8468803477216933,1.965849601572117,0.6468115469832105,4.517039845073557,1.930974750514332,1.7181270930940844,0.10507427804861494
D_W,dw,92,92,0.01,0.02,512,512,0,512,,512,512,0,512,0,0.4920178358551269,0.4587880739383244,0.48970374924966187,0.46060647541635946,0.6148206867436918,0.44598732935504243,0.548874437703537,0.034888346641255216,sample,341,0.4914641025838083,0.4587688262475474,0.48991706797379003,0.46091676992371466,0.6139089288372109,0.44659345045275345,0.5472863587425406,0.03400518675564107,2.1400940585996855,1.8058386152042314,1.9882110878748998,0.6354848220345604,4.508247510411623,1.9013194332427368,1.7193508040354737,0.10683044489547092
D_W,dw,92,92,0.01,0.02,512,512,0,512,,512,512,0,512,0,0.4920178358551269,0.4587880739383244,0.48970374924966187,0.46060647541635946,0.6148206867436918,0.44598732935504243,0.548874437703537,0.034888346641255216,sample,342,0.4921936975509204,0.45769243047738817,0.4897086257903155,0.46082467533052124,0.6139754793331313,0.4460437849601324,0.5489915591285123,0.03482245797030482,2.142315684405584,1.8055974411008355,1.9917312699951637,0.6369731383350143,4.529928004870657,1.9018630069785196,1.7247078490409407,0.10939797813944895
D_W,dw,92,92,0.01,0.02,512,512,0,512,,512,512,0,512,0,0.4920178358551269,0.4587880739383244,0.48970374924966187,0.46060647541635946,0.6148206867436918,0.44598732935504243,0.548874437703537,0.034888346641255216,sample,343,0.49280544114198216,0.45907764477066854,0.4897257403214248,0.4587955503999152,0.618826557593045,0.4445604623315727,0.5465862448837399,0.03244207290775046,2.18108324850289,1.8132083807307646,1.9859803018976723,0.6630121137953379,4.538357501140869,1.9045829665811667,1.7171513314799889,0.1019197779142133
D_W,dw,92,92,0.01,0.02,512,512,0,512,,512,512,0,512,0,0.4920178358551269,0.4587880739383244,0.48970374924966187,0.46060647541635946,0.6148206867436918,0.44598732935504243,0.548874437703537,0.034888346641255216,sample,344,0.4923121879930768,0.4596792209829332,0.4892933405068203,0.46077130147685996,0.6150069616218206,0.4470987294427496,0.5478317086562485,0.034674997819385024,2.1431217789649626,1.8259492927544905,1.981403781847967,0.639300445363766,4.523984069554917,1.8995191477863345,1.7210640713180143,0.10893471841262209
D_W,dw,92,92,0.01,0.02,512,512,0,512,,512,512,0,512,0,0.4920178358551269,0.4587880739383244,0.48970374924966187,0.46060647541635946,0.6148206867436918,0.44598732935504243,0.548874437703537,0.034888346641255216,sample,345,0.49270765920177284,0.45912924484408685,0.488683459706175,0.4593822774836917,0.6138665095667885,0.44798258321624745,0.5474715895216375,0.03522279086294631,2.1407827641019823,1.8369123686719662,1.9771244355963247,0.6348655232774184,4.535822593253938,1.9134394386753701,1.7199327236903033,0.1106556610139618
D_W,dw,92,92,0.01,0.02,512,512,0,512,,512,512,0,512,0,0.4920178358551269,0.4587880739383244,0.48970374924966187,0.46060647541635946,0.6148206867436918,0.44598732935504243,0.548874437703537,0.034888346641255216,sample,346,0.49097848222790136,0.457476284944798,0.48841360851016363,0.4616329753970659,0.614185474908864,0.44610417207286746,0.5496846959534034,0.03655793499757993,2.1594003188100968,1.8312773892494234,1.9915033319791744,0.6365843715769383,4.503335977503278,1.8949505062198349,1.7268854025979512,0.11485014001881029
D_W,dw,92,92,0.01,0.02,512,512,0,512,,512,512,0,512,0,0.4920178358551269,0.4587880739383244,0.48970374924966187,0.46060647541635946,0.6148206867436918,0.44598732935504243,0.548874437703537,0.034888346641255216,sample,347,0.49226287682253156,0.4582371298384423,0.4886334163380177,0.46069453781307107,0.613025565853371,0.444816910040341,0.5489500926727764,0.0359773509695978,2.1531079526796346,1.8322845646974284,2.0028810741059733,0.6356654789842761,4.529202731194126,1.9054717726976669,1.7245775783282304,0.11302618150171008
D_W,dw,92,92,0.01,0.02,512,512,0,512,,512,512,0,512,0,0.4920178358551269,0.4587880739383244,0.48970374924966187,0.46060647541635946,0.6148206867436918,0.44598732935504243,0.548874437703537,0.034888346641255216,sample,348,0.4919027857843858,0.45917516648673634,0.4897279859545436,0.4602932379603606,0.6147196542930875,0.4462063295829028,0.5476875545999571,0.03592211010238545,2.1477841789786134,1.8127649459216557,1.987915799497214,0.6405176924789524,4.516589688284165,1.9040103663999113,1.720611197993784,0.11285263719909781
D_W,dw,92,92,0.01,0.02,512,512,0,512,,512,512,0,512,0,0.4920178358551269,0.4587880739383244,0.48970374924966187,0.46060647541635946,0.6148206867436918,0.44598732935504243,0.548874437703537,0.034888346641255216,sample,349,0.4919249456527287,0.4578005214888473,0.49027132324396516,0.4609395710553964,0.6149294591256148,0.4463160500987761,0.5489317449123463,0.035807240986980786,2.142273726941963,1.7934732643770483,1.9871943165064565,0.6402538735203988,4.523320184762482,1.8984132583673965,1.7245199371388535,0.11249176523001816
D_W,dw,92,92,0.01,0.02,512,512,0,512,,512,512,0,512,0,0.4920178358551269,0.4587880739383244,0.48970374924966187,0.46060647541635946,0.6148206867436918,0.44598732935504243,0.548874437703537,0.034888346641255216,sample,350,0.4916096443467743,0.4587238546230462,0.49014330264566425,0.460676355874095,0.6150025194979788,0.4470809655115781,0.5478403214455032,0.03513015173179363,2.1416694231973588,1.8006728162915875,1.9814469073571266,0.6394517760510935,4.511847602892771,1.9002703078506784,1.7210911291934636,0.11036462660009762
D_W,dw,92,92,0.01,0.02,512,512,0,512,,512,512,0,512,0,0.4920178358551269,0.4587880739383244,0.48970374924966187,0.46060647541635946,0.6148206867436918,0.44598732935504243,0.548874437703537,0.034888346641255216,sample,351,0.4909031342409022,0.45824222378969237,0.4906838222023484,0.45977526732202834,0.6139541544895668,0.4451173489996529,0.5487927154460418,0.035935807450627334,2.151428804637751,1.7854264802696092,1.997101335631295,0.6402396930737952,4.497891846252518,1.910132790485332,1.7240831631888787,0.11289566868770819
D_W,dw,92,92,0.01,0.02,512,512,0,512,,512,512,0,512,0,0.4920178358551269,0.4587880739383244,0.48970374924966187,0.46060647541635946,0.6148206867436918,0.44598732935504243,0.548874437703537,0.034888346641255216,sample,352,0.492331234821956,0.4591782738596457,0.4889029121770928,0.4605936705805512,0.6148280293076623,0.4457447782240758,0.5494437327682827,0.03474662718396078,2.154207933957782,1.8318678170619485,1.9910752844794974,0.64144303798637,4.526693381113615,1.9013797944633963,1.7261283944257906,0.10915974869815459
D_W,dw,92,92,0.01,0.02,512,512,0,512,,512,512,0,512,0,0.4920178358551269,0.4587880739383244,0.48970374924966187,0.46060647541635946,0.6148206867436918,0.44598732935504243,0.548874437703537,0.034888346641255216,sample,353,0.49137078810393087,0.45950187196059156,0.48878614440302715,0.46028325652629165,0.6150023949628985,0.4453877226353946,0.5490700985373004,0.03442440538300873,2.1653817096630426,1.8352709334241357,1.9927060769847411,0.6433177473710876,4.502451764317202,1.903327793042658,1.7249545878706067,0.10814745905545714
D_W,dw,92,92,0.01,0.02,512,512,0,512,,512,512,0,512,0,0.4920178358551269,0.4587880739383244,0.48970374924966187,0.46060647541635946,0.6148206867436918,0.44598732935504243,0.548874437703537,0.034888346641255216,sample,354,0.49057582971059666,0.45820271369075666,0.4898523864162278,0.4595681129046063,0.614344749105642,0.44686334189931437,0.5484778237204255,0.0354696129322676,2.154058717215124,1.8033475876315532,1.9837294181328498,0.6387346959503359,4.490624130629521,1.91067143096762,1.7230939016570064,0.11143107541368541
D_W,dw,92,92,0.01,0.02,512,512,0,512,,512,512,0,512,0,0.4920178358551269,0.4587880739383244,0.48970374924966187,0.46060647541635946,0.6148206867436918,0.44598732935504243,0.548874437703537,0.034888346641255216,sample,355,0.49165751749661357,0.45822254736784457,0.49043491880975953,0.4610823706564506,0.6143575896387327,0.44652486721279977,0.5485224559226123,0.0353197714089008,2.137178192955965,1.791654337557803,1.9875471300209837,0.637255113901979,4.515292827566203,1.8988173712591685,1.72323411785551,0.11096033438467358
D_W,dw,92,92,0.01,0.02,512,512,0,512,,512,512,0,512,0,0.4920178358551269,0.4587880739383244,0.48970374924966187,0.46060647541635946,0.6148206867436918,0.44598732935504243,0.548874437703537,0.034888346641255216,sample,356,0.49218761421278184,0.45745238083918416,0.4890804048072221,0.4603668423589247,0.6150858346144754,0.44580211231057637,0.5488968780099391,0.034370269482007845,2.1575780900131774,1.8180552748622205,1.9897100263300609,0.642729268530247,4.530796605465053,1.9024549249438034,1.7244103995343976,0.10797738610657731
D_W,dw,92,92,0.01,0.02,512,512,0,512,,512,512,0,512,0,0.4920178358551269,0.4587880739383244,0.48970374924966187,0.46060647541635946,0.6148206867436918,0.44598732935504243,0.548874437703537,0.034888346641255216,sample,357,0.4926320020023921,0.4587439033488774,0.48884442285519236,0.4623535423930811,0.6177858939088172,0.44798790718624626,0.5505006456123881,0.03469657202813491,2.150368068711517,1.8309504488493802,1.9689509825545375,0.6471146040118504,4.535660442714916,1.8801524525377045,1.7294487840523167,0.10900249578833775
D_W,dw,92,92,0.01,0.02,512,512,0,512,,512,512,0,512,0,0.4920178358551269,0.4587880739383244,0.48970374924966187,0.46060647541635946,0.6148206867436918,0.44598732935504243,0.548874437703537,0.034888346641255216,sample,358,0.4909906803428378,0.4589115692908345,0.48856330571469975,0.4595460317549371,0.6158824236839319,0.44625587221225005,0.5486879396446237,0.03633641215767444,2.1735349656311644,1.8362636299746335,1.9835151830155844,0.6463529193286753,4.496538344723025,1.9066646330858965,1.7237540003008696,0.11415420549236087
D_W,dw,92,92,0.01,0.02,512,512,0,512,,512,512,0,512,0,0.4920178358551269,0.4587880739383244,0.48970374924966187,0.46060647541635946,0.6148206867436918,0.44598732935504243,0.548874437703537,0.034888346641255216,sample,359,0.4930894618365368,0.45811637484909823,0.48987104341540694,0.4608398331998863,0.6139580690267948,0.44473775110770075,0.5494266943883005,0.03445046019279089,2.1420327255417417,1.8050263098954602,2.0007892447240727,0.6394794975109855,4.548868404406242,1.901791010538465,1.7260748667764092,0.10822931265445947
D_W,dw,92,92,0.01,0.02,512,512,0,512,,512,512,0,512,0,0.4920178358551269,0.4587880739383244,0.48970374924966187,0.46060647541635946,0.6148206867436918,0.44598732935504243,0.548874437703537,0.034888346641255216,sample,360,0.4938795578192567,0.459264309911677,0.4909051571359797,0.4608604646690485,0.6161685339620434,0.44766261270380675,0.5499161924500777,0.03743923586186553,2.122965999641475,1.7880967750111385,1.9743161697942564,0.6429697286483992,4.563256829714394,1.8957716545152752,1.727612670291235,0.11761882833965229
D_W,dw,92,92,0.01,0.02,512,512,0,512,,512,512,0,512,0,0.4920178358551269,0.4587880739383244,0.48970374924966187,0.46060647541635946,0.6148206867436918,0.44598732935504243,0.548874437703537,0.034888346641255216,sample,361,0.4906247673372387,0.45918851167693536,0.4882303109732841,0.46115030870119306,0.6155579140681832,0.44455165091891513,0.5479362249302524,0.03504874068458804,2.1797080867429943,1.8447975685230447,1.9976485969282114,0.6460604970467856,4.4865861320145095,1.895117821265045,1.7213924188766054,0.11010886625227549
D_W,dw,92,92,0.01,0.02,512,512,0,512,,512,512,0,512,0,0.4920178358551269,0.4587880739383244,0.48970374924966187,0.46060647541635946,0.6148206867436918,0.44598732935504243,0.548874437703537,0.034888346641255216,sample,362,0.49200423852722447,0.45965336738040485,0.48901566652189105,0.4607421586935157,0.615133617043804,0.445902366567105,0.5487477573593459,0.03436058765358449,2.1551045995325313,1.8317616210348933,1.9892557178029928,0.6421956572151788,4.516747231456907,1.8994097585466676,1.7239419231939954,0.10794696974552918
D_W,dw,92,92,0.01,0.02,512,512,0,512,,512,512,0,512,0,0.4920178358551269,0.4587880739383244,0.48970374924966187,0.46060647541635946,0.6148206867436918,0.44598732935504243,0.548874437703537,0.034888346641255216,sample,363,0.4948389538484127,0.45854431475358887,0.4909137309177117,0.45995192886505826,0.6127635821202653,0.44503550206234593,0.5487412671736603,0.0369793208989135,2.1170618866876723,1.7849619734512177,2.001376637522419,0.6352205220709481,4.58853075774102,1.9120524008338908,1.7239215336743252,0.11617396287076616
D_W,dw,92,92,0.01,0.02,512,512,0,512,,512,512,0,512,0,0.4920178358551269,0.4587880739383244,0.48970374924966187,0.46060647541635946,0.6148206867436918,0.44598732935504243,0.548874437703537,0.034888346641255216,sample,364,0.4920714178870604,0.45784073650252627,0.48925955513242625,0.45968378783717173,0.6134555245836704,0.44462975373100055,0.5493887178285827,0.03442528319431166,2.1569307236394857,1.8161230266646748,2.001822542191107,0.6392891755924387,4.526497560791729,1.91222768818093,1.725955559895391,0.10815021678099768
D_W,dw,92,92,0.01,0.02,512,512,0,512,,512,512,0,512,0,0.4920178358551269,0.4587880739383244,0.48970374924966187,0.46060647541635946,0.6148206867436918,0.44598732935504243,0.548874437703537,0.034888346641255216,sample,365,0.4905408823048942,0.4597643973398185,0.48917064322367326,0.46188511282863864,0.6145247127458272,0.44601711823028944,0.5495365347106419,0.033887059111410114,2.1543528794930324,1.8270420852516807,1.9913575611459828,0.6378204083021044,4.481488673234798,1.8920751589087323,1.7264199403261449,0.10645933595616908
D_W,dw,92,92,0.01,0.02,512,512,0,512,,512,512,0,512,0,0.4920178358551269,0.4587880739383244,0.48970374924966187,0.46060647541635946,0.6148206867436918,0.44598732935504243,0.548874437703537,0.034888346641255216,sample,366,0.492858322775784,0.46029321384661065,0.49083776616343705,0.4602533637096651,0.6137552620874519,0.44667674602869906,0.5503320092124556,0.03621175398698796,2.1233633329625246,1.794111697350467,1.987412169142996,0.6356389909793609,4.534431294017282,1.9069408160718482,1.728918997177161,0.11376258029912228
D_W,dw,92,92,0.01,0.02,512,512,0,512,,512,512,0,512,0,0.4920178358551269,0.4587880739383244,0.48970374924966187,0.46060647541635946,0.6148206867436918,0.44598732935504243,0.548874437703537,0.034888346641255216,sample,367,0.48939785350152276,0.4595202973421202,0.4900458103295087,0.4615773849826871,0.6148033629694438,0.4457284239436297,0.5493663731009104,0.03416239408872365,2.159403768452119,1.8043375905269894,1.9922307715194987,0.6399821312703898,4.456230209051621,1.8937601575125533,1.7258853618630894,0.1073243262981736
D_W,dw,92,92,0.01,0.02,512,512,0,512,,512,512,0,512,0,0.4920178358551269,0.4587880739383244,0.48970374924966187,0.46060647541635946,0.6148206867436918,0.44598732935504243,0.548874437703537,0.034888346641255216,sample,368,0.49221099439214333,0.4598557284811404,0.4895134327326993,0.4602312649698954,0.6145894411416428,0.44655662275420643,0.5486509589194773,0.03484230082498986,2.144636507789823,1.8218266033701989,1.985813612395417,0.639381434427601,4.520744838536045,1.9048443269654824,1.7236378219264255,0.10946031630595374
D_W,dw,92,92,0.01,0.02,512,512,0,512,,512,512,0,512,0,0.4920178358551269,0.4587880739383244,0.48970374924966187,0.46060647541635946,0.6148206867436918,0.44598732935504243,0.548874437703537,0.034888346641255216,sample,369,0.49139985150919524,0.4590478645571394,0.48925283008177334,0.46007813237227174,0.6162225821080396,0.4460273465839903,0.5510044371379,0.03414951225437202,2.165690439180411,1.8221930095789323,1.9846346260703898,0.6474464370011531,4.505392107577833,1.9016642700102184,1.7310314918078058,0.10728385682200976
D_W,dw,92,92,0.01,0.02,512,512,0,512,,512,512,0,512,0,0.4920178358551269,0.4587880739383244,0.48970374924966187,0.46060647541635946,0.6148206867436918,0.44598732935504243,0.548874437703537,0.034888346641255216,sample,370,0.4928337235842974,0.4582668964032547,0.49106961601344695,0.4625718522277722,0.614380556362999,0.44595284923874745,0.5497058759313042,0.03608459340558054,2.1212889578688787,1.7786515162261083,1.992891939755742,0.6363972062698465,4.542330686998025,1.88703910900935,1.7269519414609273,0.11336309355074652
D_W,dw,92,92,0.01,0.02,512,512,0,512,,512,512,0,512,0,0.4920178358551269,0.4587880739383244,0.48970374924966187,0.46060647541635946,0.6148206867436918,0.44598732935504243,0.548874437703537,0.034888346641255216,sample,371,0.4915152387069164,0.45783132399466253,0.49017823185822285,0.46076102411816494,0.6152749757173755,0.44572456883618944,0.5489600950296282,0.035148757031368785,2.1517417346362726,1.7952873977601065,1.9900849803545488,0.6431073477524449,4.513830184739021,1.898888475856129,1.7246090016590345,0.11042307687256075
D_W,dw,92,92,0.01,0.02,512,512,0,512,,512,512,0,512,0,0.4920178358551269,0.4587880739383244,0.48970374924966187,0.46060647541635946,0.6148206867436918,0.44598732935504243,0.548874437703537,0.034888346641255216,sample,372,0.49212727041516824,0.45971921689524003,0.48960904256121285,0.4601925640916808,0.6149092087634813,0.4457068544440906,0.549367236527444,0.035435608685725185,2.151216034139926,1.8187590607015474,1.9906995706249404,0.6424315354105422,4.519375798266696,1.9042828506839249,1.7258880743975444,0.11132424792255691
D_W,dw,92,92,0.01,0.02,512,512,0,512,,512,512,0,512,0,0.4920178358551269,0.4587880739383244,0.48970374924966187,0.46060647541635946,0.6148206867436918,0.44598732935504243,0.548874437703537,0.034888346641255216,sample,373,0.49253302881013533,0.4592409849328655,0.48865011655683305,0.4601288421911927,0.6145455815544189,0.44602917904719824,0.5486256231905463,0.03458203077502192,2.153819962653526,1.8381440026800775,1.989473171396464,0.6403771558253704,4.531200114429117,1.905760681681583,1.7235582273865424,0.10864265382902501
D_W,dw,92,92,0.01,0.02,512,512,0,512,,512,512,0,512,0,0.4920178358551269,0.4587880739383244,0.48970374924966187,0.46060647541635946,0.6148206867436918,0.44598732935504243,0.548874437703537,0.034888346641255216,sample,374,0.4910383386133644,0.458579095677883,0.49041310771087665,0.46000054261228485,0.6147730912861401,0.4463114195925087,0.5485568375504825,0.03503334142344951,2.1492688924634433,1.7932683878633118,1.9867460020418868,0.6409588977877159,4.499317088969327,1.9061422605241671,1.7233421309250452,0.11006048804661196
D_W,dw,92,92,0.01,0.02,512,512,0,512,,512,512,0,512,0,0.4920178358551269,0.4587880739383244,0.48970374924966187,0.46060647541635946,0.6148206867436918,0.44598732935504243,0.548874437703537,0.034888346641255216,sample,375,0.49194366688288893,0.45794001047586214,0.489939566896599,0.4609483921514164,0.6146484557483542,0.4469744227322312,0.5480929916158765,0.035007284767840145,2.1395293993275137,1.8015341483213252,1.9834627777340577,0.6377876158344907,4.523137379651409,1.8990908807079199,1.7218849159444898,0.10997862864877246
D_W,dw,92,92,0.01,0.02,512,512,0,512,,512,512,0,512,0,0.4920178358551269,0.4587880739383244,0.48970374924966187,0.46060647541635946,0.6148206867436918,0.44598732935504243,0.548874437703537,0.034888346641255216,sample,376,0.4908645570307587,0.4598642930941337,0.4889783592815631,0.4625125454035552,0.6154251322831926,0.44568705465087705,0.5485567854209101,0.034158952925420843,2.1582389655465914,1.8324199842449844,1.9915988746534161,0.6413741492936348,4.48858803030471,1.8848267237523648,1.7233419671551637,0.10731351556482169
D_W,dw,92,92,0.01,0.02,512,512,0,512,,512,512,0,512,0,0.4920178358551269,0.4587880739383244,0.48970374924966187,0.46060647541635946,0.6148206867436918,0.44598732935504243,0.548874437703537,0.034888346641255216,sample,377,0.49080167974072725,0.4586662333765313,0.49104049251321163,0.4583537518842891,0.6145078207716255,0.44454533341771285,0.549628902371416,0.03486276136331459,2.161134734233938,1.7793052944904089,1.997900621819879,0.645776286188229,4.49341944813619,1.919621633954675,1.7267101218906622,0.1095245949828432
D_W,dw,92,92,0.01,0.02,512,512,0,512,,512,512,0,512,0,0.4920178358551269,0.4587880739383244,0.48970374924966187,0.46060647541635946,0.6148206867436918,0.44598732935504243,0.548874437703537,0.034888346641255216,sample,378,0.49442908594870955,0.4595136296615248,0.49283995669175124,0.4592527345647205,0.6148070717048242,0.4441755406626001,0.5495446939133436,0.033402314873915165,2.121561090774899,1.7442359431807817,2.0004813833922968,0.6464192061697647,4.575647929465924,1.911847010410132,1.7264455732174118,0.10493646702078496
D_W,dw,92,92,0.01,0.02,512,512,0,512,,512,512,0,512,0,0.4920178358551269,0.4587880739383244,0.48970374924966187,0.46060647541635946,0.6148206867436918,0.44598732935504243,0.548874437703537,0.034888346641255216,sample,379,0.49243233839257755,0.4583589275536982,0.49050968425788855,0.46083089133207494,0.6145976067314044,0.4464439910676263,0.5486537489604505,0.034049791654326596,2.1341674787223046,1.791382192850944,1.9871630355783931,0.638773184691457,4.532615506462031,1.9001446685006362,1.72364658709865,0.10697057531749549
D_W,dw,92,92,0.01,0.02,512,512,0,512,,512,512,0,512,0,0.4920178358551269,0.4587880739383244,0.48970374924966187,0.46060647541635946,0.6148206867436918,0.44598732935504243,0.548874437703537,0.034888346641255216,sample,380,0.4934621386456188,0.46088868892995777,0.4923741710656004,0.46341756013314683,0.6138504067297068,0.4451703958131624,0.5483327822782442,0.034287074228242474,2.102575937424539,1.7607861510344291,2.0007005756837066,0.6345957488389049,4.546759978359184,1.88169641602821,1.7226382405277836,0.10771602050853449
D_W,dw,92,92,0.01,0.02,512,512,0,512,,512,512,0,512,0,0.4920178358551269,0.4587880739383244,0.48970374924966187,0.46060647541635946,0.6148206867436918,0.44598732935504243,0.548874437703537,0.034888346641255216,sample,381,0.49084771630954416,0.45963490037442384,0.48940419309377925,0.4605624615961794,0.614226933115367,0.44347417962310676,0.5490656408660484,0.03546434811295442,2.1687038687570657,1.821415138232539,2.0083218837627776,0.6435493564197471,4.489421332070053,1.9032386643577215,1.7249405836833491,0.11141453549600866
D_W,dw,92,92,0.01,0.02,512,512,0,512,,512,512,0,512,0,0.4920178358551269,0.4587880739383244,0.48970374924966187,0.46060647541635946,0.6148206867436918,0.44598732935504243,0.548874437703537,0.034888346641255216,sample,382,0.4924363028269919,0.4581066620033767,0.4899586203516683,0.46223276933492635,0.6140207533553099,0.44616666426361834,0.548512130912184,0.033974950151508386,2.131773479566541,1.8024378819701405,1.9921437523602834,0.6349375581255111,4.533766705995859,1.8906537672585082,1.7232016808786002,0.10673545380205818
D_W,dw,92,92,0.01,0.02,512,512,0,512,,512,512,0,512,0,0.4920178358551269,0.4587880739383244,0.48970374924966187,0.46060647541635946,0.6148206867436918,0.44598732935504243,0.548874437703537,0.034888346641255216,sample,383,0.48932441644262425,0.45698998172890437,0.4884489320926539,0.46058196968007525,0.6123667715969809,0.44641132201372774,0.5486472013014533,0.03657705068566807,2.1642112544621095,1.8257801503108542,1.9936686105565498,0.6299095574618051,4.469094265729545,1.9081818156129444,1.723626017021246,0.11491019372407632
D_W,dw,92,92,0.01,0.02,512,512,0,512,,512,512,0,512,0,0.4920178358551269,0.4587880739383244,0.48970374924966187,0.46060647541635946,0.6148206867436918,0.44598732935504243,0.548874437703537,0.034888346641255216,sample,384,0.49094438588796513,0.45654152226482947,0.4868483321557012,0.4617246253131315,0.6158466947103693,0.44646014598138684,0.5476184779149683,0.035072857489693306,2.181803612888384,1.8588207821423974,1.9843223208212137,0.6427116985832947,4.5069546766203805,1.8899016573000251,1.7203941871876889,0.11018463143002225
D_W,dw,92,92,0.01,0.02,512,512,0,512,,512,512,0,512,0,0.4920178358551269,0.4587880739383244,0.48970374924966187,0.46060647541635946,0.6148206867436918,0.44598732935504243,0.548874437703537,0.034888346641255216,sample,385,0.49313896582371664,0.4587962736458434,0.4916806540265615,0.4616761565719153,0.6156029999909849,0.4458201097298889,0.5487924927486582,0.03584963885597296,2.125024425470958,1.7673892010264407,1.9893707119200141,0.6430058724697909,4.5473879761250995,1.8909072673500207,1.7240824635644143,0.11262496206377186
D_W,dw,92,92,0.01,0.02,512,512,0,512,,512,512,0,512,0,0.4920178358551269,0.4587880739383244,0.48970374924966187,0.46060647541635946,0.6148206867436918,0.44598732935504243,0.548874437703537,0.034888346641255216,sample,386,0.4907822949507531,0.4600602445667547,0.49103922139343886,0.46059149348186684,0.6144006578172971,0.44526401619787476,0.5497188802522449,0.03388173637624723,2.145664069976041,1.7860212208224984,1.995619891964953,0.6406191117905972,4.4855702019236645,1.902543299304499,1.7269927957400597,0.10644261409048436
D_W,dw,92,92,0.01,0.02,512,512,0,512,,512,512,0,512,0,0.4920178358551269,0.4587880739383244,0.48970374924966187,0.46060647541635946,0.6148206867436918,0.44598732935504243,0.548874437703537,0.034888346641255216,sample,387,0.49211672289221164,0.45962211453882734,0.4892755898347664,0.45956906962297867,0.6149466728622035,0.446166723497882,0.5496844305275174,0.03492132350862093,2.154473015499133,1.825800569453022,1.9868101841099801,0.6425929791554092,4.519576920526832,1.9090172235149883,1.7268845687379375,0.10970857338831605
D_W,dw,92,92,0.01,0.02,512,512,0,512,,512,512,0,512,0,0.4920178358551269,0.4587880739383244,0.48970374924966187,0.46060647541635946,0.6148206867436918,0.44598732935504243,0.548874437703537,0.034888346641255216,sample,388,0.49170602054020157,0.45780639860873057,0.48963530353078,0.46076458959183053,0.6146214356989516,0.4480249951666075,0.5489054391872134,0.03487634037160989,2.138629763171961,1.8073183667942259,1.97605958283983,0.6359220521341797,4.518294044943373,1.9005989071174798,1.7244372952660285,0.10956725469554673
D_W,dw,92,92,0.01,0.02,512,512,0,512,,512,512,0,512,0,0.4920178358551269,0.4587880739383244,0.48970374924966187,0.46060647541635946,0.6148206867436918,0.44598732935504243,0.548874437703537,0.034888346641255216,sample,389,0.49395377350451347,0.45809336123194244,0.48932554049934074,0.4604364208592178,0.6128039402866035,0.4441474379055613,0.5481381068132026,0.03556568927597467,2.140503945986843,1.817759446846563,2.0078826031001156,0.636482066495297,4.569099285165832,1.9081201730639703,1.7220266495169747,0.11173290814925932
D_W,dw,92,92,0.01,0.02,512,512,0,512,,512,512,0,512,0,0.4920178358551269,0.4587880739383244,0.48970374924966187,0.46060647541635946,0.6148206867436918,0.44598732935504243,0.548874437703537,0.034888346641255216,sample,390,0.4918877101826997,0.45902947644335534,0.4891114655496839,0.45980695326977744,0.6150567767447904,0.4455944991384588,0.5475844603964709,0.03580662744048929,2.1607504899673717,1.8258234487299025,1.9906555455530546,0.6438244840446526,4.5169142720574165,1.9068761760966315,1.720287318001484,0.11248983771686785
D_W,dw,92,92,0.01,0.02,512,512,0,512,,512,512,0,512,0,0.4920178358551269,0.4587880739383244,0.48970374924966187,0.46060647541635946,0.6148206867436918,0.44598732935504243,0.548874437703537,0.034888346641255216,sample,391,0.4924238044917058,0.4596982310383197,0.48905367388213633,0.4592467975088551,0.6166450389233861,0.4479051043774088,0.5489214448669224,0.03356384829824746,2.1557866254745597,1.8316477675218588,1.9697995322540789,0.6468401157931184,4.526570926298556,1.9069168579876832,1.7244875785918181,0.10544393923997651
D_W,dw,92,92,0.01,0.02,512,512,0,512,,512,512,0,512,0,0.4920178358551269,0.4587880739383244,0.48970374924966187,0.46060647541635946,0.6148206867436918,0.44598732935504243,0.548874437703537,0.034888346641255216,sample,392,0.49097092120515207,0.45850429402286114,0.4908159514180301,0.4607487005834837,0.6154936072427042,0.44568347640635286,0.5493754280935762,0.0350075490173761,2.1507421722547435,1.7837811607799041,1.9897228914162508,0.6441175538168379,4.498137928120176,1.8984065568919848,1.7259138089615267,0.10997945881317334
D_W,dw,92,92,0.01,0.02,512,512,0,512,,512,512,0,512,0,0.4920178358551269,0.4587880739383244,0.48970374924966187,0.46060647541635946,0.6148206867436918,0.44598732935504243,0.548874437703537,0.034888346641255216,sample,393,0.49264555193848947,0.4581878136738351,0.49076647998058576,0.46073067675032026,0.6150298895458958,0.4452478800811116,0.5504300647511217,0.03518624757424517,2.1403938689534074,1.7849554669232586,1.994029547886823,0.6430695390511046,4.538277510568264,1.8997745820813028,1.729227047737078,0.1105408568866403
D_W,dw,92,92,0.01,0.02,512,512,0,512,,512,512,0,512,0,0.4920178358551269,0.4587880739383244,0.48970374924966187,0.46060647541635946,0.6148206867436918,0.44598732935504243,0.548874437703537,0.034888346641255216,sample,394,0.4928925221485448,0.4590662193740137,0.4891787080081187,0.46072466241604243,0.6150461722375212,0.44643060352786557,0.5477646509120726,0.03587768326512608,2.145161651780591,1.8255987377231118,1.985858341593471,0.6408240390874946,4.540469461924596,1.8997781295703629,1.7208534032015448,0.11271306617354156
D_W,dw,92,92,0.01,0.02,512,512,0,512,,512,512,0,512,0,0.4920178358551269,0.4587880739383244,0.48970374924966187,0.46060647541635946,0.6148206867436918,0.44598732935504243,0.548874437703537,0.034888346641255216,sample,395,0.49252939678923463,0.458861093445117,0.4883030118706843,0.45960652607181895,0.6162819381889243,0.4460685960252102,0.548689122514042,0.034530437032613936,2.168983761300394,1.843576755383687,1.9837250027805398,0.6482945543958891,4.532751917941271,1.9051309783365693,1.7237577163947444,0.10848056730690488
D_W,dw,92,92,0.01,0.02,512,512,0,512,,512,512,0,512,0,0.4920178358551269,0.4587880739383244,0.48970374924966187,0.46060647541635946,0.6148206867436918,0.44598732935504243,0.548874437703537,0.034888346641255216,sample,396,0.49196779720108846,0.4592548873707229,0.4893356172809069,0.46075919834320117,0.6172807496173868,0.44734518216363806,0.5487813588929299,0.03594185997549462,2.15703837139886,1.8221571232389542,1.9733138332770916,0.6483919321782208,4.517751747488088,1.893676194171685,1.7240474855250523,0.11291468325536692
D_W,dw,92,92,0.01,0.02,512,512,0,512,,512,512,0,512,0,0.4920178358551269,0.4587880739383244,0.48970374924966187,0.46060647541635946,0.6148206867436918,0.44598732935504243,0.548874437703537,0.034888346641255216,sample,397,0.4913546627382561,0.457675111657642,0.4890360406868754,0.46141745335438944,0.6145507639641683,0.44687367608567213,0.5489553495026275,0.0343104534150197,2.1496558155487078,1.8193504002689138,1.9848999054827028,0.6369093448053227,4.510899382159831,1.8956781291582676,1.7245940931462718,0.1077894683899607
D_W,dw,92,92,0.01,0.02,512,512,0,512,,512,512,0,512,0,0.4920178358551269,0.4587880739383244,0.48970374924966187,0.46060647541635946,0.6148206867436918,0.44598732935504243,0.548874437703537,0.034888346641255216,sample,398,0.4929236814162397,0.4589776651600578,0.49102055417893264,0.457776050712038,0.6137215329987565,0.4455599395089867,0.5481093745454348,0.03501761906345363,2.1391372677748186,1.7832470896161794,1.9926338146409086,0.6413923383070782,4.54157086090971,1.9263126076139783,1.7219363844356346,0.11001109479595182
D_W,dw,92,92,0.01,0.02,512,512,0,512,,512,512,0,512,0,0.4920178358551269,0.4587880739383244,0.48970374924966187,0.46060647541635946,0.6148206867436918,0.44598732935504243,0.548874437703537,0.034888346641255216,sample,399,0.4907074803608384,0.4587344336596429,0.48999736034046903,0.4608467459310904,0.6148642918509805,0.44719804491770243,0.5486375367962563,0.03416602259342994,2.1468197722135667,1.8030057373068238,1.9811964466165133,0.6384042902141638,4.490895389964243,1.8993102869430176,1.7235956550827185,0.1073357255819024
D_W,dw,92,92,0.01,0.02,512,512,0,512,,512,512,0,512,0,0.4920178358551269,0.4587880739383244,0.48970374924966187,0.46060647541635946,0.6148206867436918,0.44598732935504243,0.548874437703537,0.034888346641255216,sample,400,0.4913308227274744,0.4586197534881555,0.4903191442878646,0.4601271494087886,0.614209456213202,0.4457062968004315,0.5481413956746718,0.033995927432106776,2.1477377334946373,1.7958935765623536,1.9926694071065185,0.6396172842479534,4.505875353829149,1.9066873198721441,1.722036981780005,0.10680135587267837
D_W,dw,92,92,0.01,0.02,512,512,0,512,,512,512,0,512,0,0.4920178358551269,0.4587880739383244,0.48970374924966187,0.46060647541635946,0.6148206867436918,0.44598732935504243,0.548874437703537,0.034888346641255216,sample,401,0.4910036381833178,0.45917757994812325,0.4901555389600543,0.462489368579527,0.6137862357014087,0.44932338939476174,0.5504795665405544,0.03434267969047612,2.118237780091171,1.802084280110234,1.9709513752721248,0.6275159471357181,4.495478188942748,1.8892361438752576,1.7293825621950993,0.10789071022018717
D_W,dw,92,92,0.01,0.02,512,512,0,512,,512,512,0,512,0,0.4920178358551269,0.4587880739383244,0.48970374924966187,0.46060647541635946,0.6148206867436918,0.44598732935504243,0.548874437703537,0.034888346641255216,sample,402,0.4923231977993731,0.4589858913856876,0.48866785798546153,0.45994765291183193,0.6138855213251474,0.44502168548662646,0.548999584516112,0.03438764068538353,2.158090692637405,1.8359822949340858,1.9981383123180656,0.6398949367170875,4.52735533100685,1.9089755144241447,1.724733061539666,0.10803195935148638
D_W,dw,92,92,0.01,0.02,512,512,0,512,,512,512,0,512,0,0.4920178358551269,0.4587880739383244,0.48970374924966187,0.46060647541635946,0.6148206867436918,0.44598732935504243,0.548874437703537,0.034888346641255216,sample,403,0.49123656713101205,0.4588826911838772,0.48978702781694883,0.46018501241215776,0.613662412779086,0.44819155381793185,0.5480387775607656,0.03464702936297762,2.135465166111834,1.8091097693758835,1.9770469617785624,0.6324289408818105,4.502398538065457,1.9077308932241896,1.7217145974672319,0.10884685291544036
D_W,dw,92,92,0.01,0.02,512,512,0,512,,512,512,0,512,0,0.4920178358551269,0.4587880739383244,0.48970374924966187,0.46060647541635946,0.6148206867436918,0.44598732935504243,0.548874437703537,0.034888346641255216,sample,404,0.49222416739441804,0.4599103393441582,0.490509972942278,0.4595883380832959,0.6141890068547398,0.4458871602615254,0.5486366754803316,0.03551930129998988,2.1401848456135393,1.7991325752321796,1.9909336975757417,0.6399624544529668,4.520806790759118,1.9109426415925796,1.723592949178937,0.1115871760246906
D_W,dw,92,92,0.01,0.02,512,512,0,512,,512,512,0,512,0,0.4920178358551269,0.4587880739383244,0.48970374924966187,0.46060647541635946,0.6148206867436918,0.44598732935504243,0.548874437703537,0.034888346641255216,sample,405,0.4943108903133767,0.4585075227697776,0.48911862980124,0.4602152629483004,0.61300323341865,0.4474156224448318,0.549394149089047,0.03554148792056718,2.122640427789051,1.8249942334172142,1.984403727834251,0.6311247374059237,4.576126800381832,1.9093116013318505,1.7259726227033658,0.11165687734890423
D_W,dw,92,92,0.01,0.02,512,512,0,512,,512,512,0,512,0,0.4920178358551269,0.4587880739383244,0.48970374924966187,0.46060647541635946,0.6148206867436918,0.44598732935504243,0.548874437703537,0.034888346641255216,sample,406,0.4949194643680342,0.4598478986807481,0.49162805939625986,0.4604369015061996,0.6175603608453377,0.44565301316620354,0.5498841867565814,0.035944896062555444,2.1315285535979744,1.7747757198257306,1.9837474265509036,0.653256726615174,4.586525596729192,1.895425015714431,1.7275121214396738,0.11292422140417287
D_W,dw,92,92,0.01,0.02,512,512,0,512,,512,512,0,512,0,0.4920178358551269,0.4587880739383244,0.48970374924966187,0.46060647541635946,0.6148206867436918,0.44598732935504243,0.548874437703537,0.034888346641255216,sample,407,0.4923419227194736,0.45693542763947526,0.4886428794827508,0.4604143479899247,0.6155306378614018,0.4461783291528376,0.5479408266013474,0.03596856422770857,2.161298956543751,1.8248361381340001,1.9858996476403312,0.6437815268548509,4.536400885456697,1.9009011808618108,1.7214068754527114,0.11299857713794187
D_W,dw,92,92,0.01,0.02,512,512,0,512,,512,512,0,512,0,0.4920178358551269,0.4587880739383244,0.48970374924966187,0.46060647541635946,0.6148206867436918,0.44598732935504243,0.548874437703537,0.034888346641255216,sample,408,0.4919377909742562,0.45961423255721434,0.4922558754256293,0.46121633397114903,0.6146503282192041,0.44682036118874463,0.5514673555630674,0.03504505944248079,2.11834258869561,1.7566692137528992,1.984786214091912,0.6377134779150871,4.515349256234717,1.8969903217619588,1.7324857929315227,0.11009730128911527
D_W,dw,92,92,0.01,0.02,512,512,0,512,,512,512,0,512,0,0.4920178358551269,0.4587880739383244,0.48970374924966187,0.46060647541635946,0.6148206867436918,0.44598732935504243,0.548874437703537,0.034888346641255216,sample,409,0.4920795359559059,0.4579102493526623,0.4880948125514891,0.4594560228957064,0.6152924612652472,0.44658168296263007,0.5496128996950345,0.034109017755282425,2.16691222345865,1.8419248255340566,1.9828623904077902,0.6433938990471183,4.526383866871317,1.9089509986622253,1.726659848000104,0.10715663960115908
D_W,dw,92,92,0.01,0.02,512,512,0,512,,512,512,0,512,0,0.4920178358551269,0.4587880739383244,0.48970374924966187,0.46060647541635946,0.6148206867436918,0.44598732935504243,0.548874437703537,0.034888346641255216,sample,410,0.49164442608138,0.45932442425211695,0.48942969918511287,0.4600962626481327,0.614692623043967,0.4451158229949425,0.5474904495711223,0.0355013222983667,2.1587413960027653,1.8200557947103033,1.995278687551761,0.6428384395159633,4.509787422743307,1.9056160053247992,1.7199919742832108,0.11153069332527234
D_W,dw,92,92,0.01,0.02,512,512,0,512,,512,512,0,512,0,0.4920178358551269,0.4587880739383244,0.48970374924966187,0.46060647541635946,0.6148206867436918,0.44598732935504243,0.548874437703537,0.034888346641255216,sample,411,0.4918019685765103,0.45973085172313777,0.4886988391995075,0.46089715373916107,0.6137709013952082,0.4480901395539771,0.5483476308241579,0.032924530423807066,2.138410619749866,1.8391623638050039,1.9781529428504405,0.632042337401832,4.511552583398515,1.9018460158127786,1.7226848886105426,0.10343546290232591
D_W,dw,92,92,0.01,0.02,512,512,0,512,,512,512,0,512,0,0.4920178358551269,0.4587880739383244,0.48970374924966187,0.46060647541635946,0.6148206867436918,0.44598732935504243,0.548874437703537,0.034888346641255216,sample,412,0.4912783611565913,0.45864280019930137,0.4906498173437326,0.46058038624912595,0.6152438474795148,0.4465459656965748,0.5488017505043965,0.03506381579127165,2.144434080182908,1.7885080810095306,1.9843561602601485,0.6416320100537889,4.504548720832918,1.9003748005469132,1.7241115476618305,0.1101562260966848
D_W,dw,92,92,0.01,0.02,512,512,0,512,,512,512,0,512,0,0.4920178358551269,0.4587880739383244,0.48970374924966187,0.46060647541635946,0.6148206867436918,0.44598732935504243,0.548874437703537,0.034888346641255216,sample,413,0.4916159979681906,0.4595527878257671,0.49114405982814635,0.4627936289654791,0.6145169202795592,0.4465608130079226,0.5483918776468857,0.03561677906060818,2.123751165245544,1.781992417750648,1.9884925603498071,0.6354698694882106,4.508000857908882,1.8849363836157147,1.7228238941037688,0.11189341144133742
D_W,dw,92,92,0.01,0.02,512,512,0,512,,512,512,0,512,0,0.4920178358551269,0.4587880739383244,0.48970374924966187,0.46060647541635946,0.6148206867436918,0.44598732935504243,0.548874437703537,0.034888346641255216,sample,414,0.4931333986197579,0.4598466908933567,0.49082848596944884,0.46108309020659305,0.61482323966584,0.4457301531819647,0.5472011058597427,0.03397303517973481,2.130009048943012,1.7922478672344522,1.9916750016494371,0.6407562121235072,4.543017743863723,1.8975743738844701,1.7190829742051783,0.10672943774080247
D_W,dw,92,92,0.01,0.02,512,512,0,512,,512,512,0,512,0,0.4920178358551269,0.4587880739383244,0.48970374924966187,0.46060647541635946,0.6148206867436918,0.44598732935504243,0.548874437703537,0.034888346641255216,sample,415,0.49191331589837156,0.4590867110084727,0.4888686530754168,0.46071531949637506,0.6143048414767529,0.4462022606933772,0.5483896571338827,0.03630039524934541,2.151208620519953,1.8316239692266074,1.9895661732053058,0.6381901207732201,4.517249995225199,1.901832871252061,1.7228169181564312,0.11404105503774938
D_W,dw,92,92,0.01,0.02,512,512,0,512,,512,512,0,512,0,0.4920178358551269,0.4587880739383244,0.48970374924966187,0.46060647541635946,0.6148206867436918,0.44598732935504243,0.548874437703537,0.034888346641255216,sample,416,0.49065312023391827,0.4580258686262034,0.4888280281287335,0.4570530674113014,0.6179104063306864,0.44514268098565424,0.5520229943700782,0.03570536060539982,2.202764269147192,1.8249768718100576,1.9829138095070296,0.6606481594283043,4.493282021285015,1.9200947213924633,1.7342313837256773,0.11217169857169848
D_W,dw,92,92,0.01,0.02,512,512,0,512,,512,512,0,512,0,0.4920178358551269,0.4587880739383244,0.48970374924966187,0.46060647541635946,0.6148206867436918,0.44598732935504243,0.548874437703537,0.034888346641255216,sample,417,0.49214694266371284,0.4587595913954139,0.4903281544266172,0.4613097438127608,0.6152161821773193,0.44673665985769173,0.5475023325689697,0.034989495704232744,2.1370100678654445,1.7972292127028169,1.983828625302041,0.6401125485959911,4.524220324581244,1.8947704010911213,1.7200293058219511,0.10992274265722922
D_W,dw,92,92,0.01,0.02,512,512,0,512,,512,512,0,512,0,0.4920178358551269,0.4587880739383244,0.48970374924966187,0.46060647541635946,0.6148206867436918,0.44598732935504243,0.548874437703537,0.034888346641255216,sample,418,0.49070427145320317,0.459727472216709,0.49062426287254696,0.46100347185745405,0.6154973413054299,0.4472925492777994,0.5493343735786053,0.035079634837635876,2.143194816887556,1.7938640774756456,1.9788942746406122,0.6406531022649465,4.485541372277521,1.8964179057928148,1.7257848323988974,0.11020592309652945
D_W,dw,92,92,0.01,0.02,512,512,0,512,,512,512,0,512,0,0.4920178358551269,0.4587880739383244,0.48970374924966187,0.46060647541635946,0.6148206867436918,0.44598732935504243,0.548874437703537,0.034888346641255216,sample,419,0.49271090237968174,0.45780696011297195,0.48878927841809655,0.46105807692789896,0.6153697705589716,0.4460084780949988,0.5491134584981415,0.03402838220714402,2.153944268646485,1.8268706899215696,1.9881551972334928,0.6425263890893991,4.541321533164712,1.896328174657321,1.7250908072050453,0.10690331555550928
D_W,dw,92,92,0.01,0.02,512,512,0,512,,512,512,0,512,0,0.4920178358551269,0.4587880739383244,0.48970374924966187,0.46060647541635946,0.6148206867436918,0.44598732935504243,0.548874437703537,0.034888346641255216,sample,420,0.49232572366063965,0.4597020102174691,0.4897507235586928,0.45982761918885706,0.6159284236841639,0.4461585826980744,0.5487949171525562,0.035234815083753326,2.1535492142354014,1.815630937707335,1.9843271898405204,0.6463246016289218,4.524204142876495,1.9043742153339285,1.7240900800538899,0.11069343621771428
D_W,dw,92,92,0.01,0.02,512,512,0,512,,512,512,0,512,0,0.4920178358551269,0.4587880739383244,0.48970374924966187,0.46060647541635946,0.6148206867436918,0.44598732935504243,0.548874437703537,0.034888346641255216,sample,421,0.4908688077471846,0.45946713995367566,0.49058823361553905,0.4586290526025901,0.6161477918974175,0.44518993691010167,0.5491359263577563,0.03354363283358031,2.1680701785362597,1.7935607912374212,1.9891013218786784,0.650878918573452,4.490809230742167,1.9129769721822312,1.7251613920677529,0.10538043048468929
D_W,dw,92,92,0.01,0.02,512,512,0,512,,512,512,0,512,0,0.4920178358551269,0.4587880739383244,0.48970374924966187,0.46060647541635946,0.6148206867436918,0.44598732935504243,0.548874437703537,0.034888346641255216,sample,422,0.4935960542053135,0.45914122835945426,0.4907465602163907,0.46088118095731306,0.6156104135567672,0.44494019705569127,0.5511730993323785,0.034675362579371684,2.138180611776904,1.7909133237722947,1.9945873095599074,0.6458836668445833,4.556920116787538,1.897070864581563,1.7315613597189174,0.1089358643399165
D_W,dw,92,92,0.01,0.02,512,512,0,512,,512,512,0,512,0,0.4920178358551269,0.4587880739383244,0.48970374924966187,0.46060647541635946,0.6148206867436918,0.44598732935504243,0.548874437703537,0.034888346641255216,sample,423,0.49210747295671653,0.4582941821787724,0.49065671597065574,0.4603063828335336,0.614653284499507,0.4457171071594802,0.5489342592514349,0.03439460915047253,2.141718012259438,1.7874624224397828,1.9914850907760815,0.641182285177563,4.525357922570614,1.9040869057026633,1.724527836168063,0.10805385143021677
D_W,dw,92,92,0.01,0.02,512,512,0,512,,512,512,0,512,0,0.4920178358551269,0.4587880739383244,0.48970374924966187,0.46060647541635946,0.6148206867436918,0.44598732935504243,0.548874437703537,0.034888346641255216,sample,424,0.4906354080574236,0.45772888122128846,0.49074360381499604,0.45811446154458735,0.6170516607315796,0.4458635642106613,0.5528800218494679,0.038258945151242195,2.1737115735082977,1.781418878927113,1.9814932304311312,0.6540927622706227,4.494373667111925,1.9144366857923392,1.7369238149588528,0.12019402102123732
D_W,dw,92,92,0.01,0.02,512,512,0,512,,512,512,0,512,0,0.4920178358551269,0.4587880739383244,0.48970374924966187,0.46060647541635946,0.6148206867436918,0.44598732935504243,0.548874437703537,0.034888346641255216,sample,425,0.4931321076593398,0.4578383660796133,0.4894769786934733,0.45993051605392665,0.6154954510518947,0.4464237447598677,0.5503725290425665,0.03648587485482701,2.1481438042016188,1.812328018170856,1.9838411125730393,0.6438547793959972,4.550912886283473,1.9047385669005557,1.729046293977762,0.11462375640372109
D_W,dw,92,92,0.01,0.02,512,512,0,512,,512,512,0,512,0,0.4920178358551269,0.4587880739383244,0.48970374924966187,0.46060647541635946,0.6148206867436918,0.44598732935504243,0.548874437703537,0.034888346641255216,sample,426,0.4929555744954474,0.45774562461335705,0.48792561582974114,0.4582816992701487,0.6172363153700274,0.44460461681756064,0.5482522795227978,0.034533688865130086,2.190038961818969,1.8455330981642901,1.9896223470625132,0.6570596764333816,4.547193568468831,1.9126713587392923,1.722385333662679,0.10849078324004832
D_W,dw,92,92,0.01,0.02,512,512,0,512,,512,512,0,512,0,0.4920178358551269,0.4587880739383244,0.48970374924966187,0.46060647541635946,0.6148206867436918,0.44598732935504243,0.548874437703537,0.034888346641255216,sample,427,0.4928007244475843,0.45697337295330376,0.48832336456059855,0.46056790788499485,0.6145868870929343,0.44629334088130573,0.5478450990242341,0.03533132884641284,2.1548029914364033,1.8323265291534367,1.9879731123917148,0.6393989565932278,4.546603331091062,1.9022267964847557,1.7211061383997064,0.11099664314545571
D_W,dw,92,92,0.01,0.02,512,512,0,512,,512,512,0,512,0,0.4920178358551269,0.4587880739383244,0.48970374924966187,0.46060647541635946,0.6148206867436918,0.44598732935504243,0.548874437703537,0.034888346641255216,sample,428,0.49052064795436845,0.45930568827882734,0.49072259467321955,0.4585311620653653,0.614956602936801,0.4437581231647911,0.5506403334170152,0.03379151207411332,2.1711629573689333,1.7892855189662995,2.0021133793749226,0.6489423840684306,4.483529659223002,1.917002179658944,1.7298876262331293,0.1061591660857252
D_W,dw,92,92,0.01,0.02,512,512,0,512,,512,512,0,512,0,0.4920178358551269,0.4587880739383244,0.48970374924966187,0.46060647541635946,0.6148206867436918,0.44598732935504243,0.548874437703537,0.034888346641255216,sample,429,0.49137677079635567,0.4600639228726318,0.490043108553786,0.4600553313026973,0.6166684610280538,0.4440389698395085,0.5495601282472703,0.03404654286178348,2.1721637227813777,1.8098408216088613,1.9968040337187087,0.6532473061363586,4.499728097980408,1.9006645247632994,1.7264940616074889,0.10696036893470898
D_W,dw,92,92,0.01,0.02,512,512,0,512,,512,512,0,512,0,0.4920178358551269,0.4587880739383244,0.48970374924966187,0.46060647541635946,0.6148206867436918,0.44598732935504243,0.548874437703537,0.034888346641255216,sample,430,0.4901245653287635,0.4574915297604764,0.4880498925140884,0.4601236852836751,0.6163833657700984,0.4468222539513986,0.5474459476024246,0.036953185309439744,2.182647020144905,1.8380750313821204,1.9787923339531466,0.6465219232108904,4.484121245522544,1.9008895103327952,1.71985216722528,0.11609185549487816
D_W,dw,92,92,0.01,0.02,512,512,0,512,,512,512,0,512,0,0.4920178358551269,0.4587880739383244,0.48970374924966187,0.46060647541635946,0.6148206867436918,0.44598732935504243,0.548874437703537,0.034888346641255216,sample,431,0.49226376643286446,0.4579985304162447,0.4900211392720691,0.4613641017446614,0.6149559857497775,0.4466146111556518,0.5494996310338179,0.03450970645651389,2.1386821717598434,1.800331617223976,1.9854718535003442,0.6391834979604953,4.530240916756678,1.8950284913472446,1.7263040040061444,0.10841544028132429
D_W,dw,92,92,0.01,0.02,512,512,0,512,,512,512,0,512,0,0.4920178358551269,0.4587880739383244,0.48970374924966187,0.46060647541635946,0.6148206867436918,0.44598732935504243,0.548874437703537,0.034888346641255216,sample,432,0.49253273877131487,0.459724519582342,0.48961555007712526,0.46083885306335165,0.6152546759892601,0.4455765027781337,0.5489022008107696,0.03509759964193029,2.148630380875375,1.819080546716751,1.9912344339291224,0.6432034626067505,4.529065986254883,1.8983369413373503,1.7244271216063831,0.11026236119372394
D_W,dw,92,92,0.01,0.02,512,512,0,512,,512,512,0,512,0,0.4920178358551269,0.4587880739383244,0.48970374924966187,0.46060647541635946,0.6148206867436918,0.44598732935504243,0.548874437703537,0.034888346641255216,sample,433,0.4915608462581721,0.4585266621360418,0.4906176724006018,0.4614748780260303,0.6155636644485486,0.44610591201904526,0.5487433533567289,0.034288548715982185,2.1434077593350263,1.7889509992627306,1.987330514037962,0.6425621783363011,4.511645836723667,1.8925772575773947,1.7239280876117273,0.10772065274838537
D_W,dw,92,92,0.01,0.02,512,512,0,512,,512,512,0,512,0,0.4920178358551269,0.4587880739383244,0.48970374924966187,0.46060647541635946,0.6148206867436918,0.44598732935504243,0.548874437703537,0.034888346641255216,sample,434,0.49274882589218805,0.45772990043147566,0.4900939482472667,0.46045937108076057,0.6142560222491438,0.44515508984819835,0.5488137697753881,0.03483964352493307,2.1434957894718765,1.797792808049344,1.9966579890729568,0.6404246671764829,4.542498755805516,1.9039661211623418,1.7241493073152794,0.10945196815161695
D_W,dw,92,92,0.01,0.02,512,512,0,512,,512,512,0,512,0,0.4920178358551269,0.4587880739383244,0.48970374924966187,0.46060647541635946,0.6148206867436918,0.44598732935504243,0.548874437703537,0.034888346641255216,sample,435,0.49277857920955115,0.45905707797121464,0.48882703185522297,0.46042926208107343,0.6148676997819277,0.44686604353179343,0.548636114540247,0.035788518424290545,2.146708088472008,1.8333363458444758,1.9830753602238633,0.6396572789306569,4.537806809514118,1.9025537720153074,1.7235911869336882,0.11243294656461414
D_W,dw,92,92,0.01,0.02,512,512,0,512,,512,512,0,512,0,0.4920178358551269,0.4587880739383244,0.48970374924966187,0.46060647541635946,0.6148206867436918,0.44598732935504243,0.548874437703537,0.034888346641255216,sample,436,0.49112258764055144,0.45905092800163066,0.49064127404892705,0.4596768165590361,0.6132478844253146,0.4454106232460338,0.5490566880065397,0.03378335696848629,2.144228313371423,1.7905464152134085,1.9970606875277093,0.6368754720393646,4.498901067719349,1.9128606865688556,1.7249124574456882,0.10613354606579808
D_W,dw,92,92,0.01,0.02,512,512,0,512,,512,512,0,512,0,0.4920178358551269,0.4587880739383244,0.48970374924966187,0.46060647541635946,0.6148206867436918,0.44598732935504243,0.548874437703537,0.034888346641255216,sample,437,0.49113491090301603,0.45803767927093864,0.48891115008703023,0.46205016368336155,0.6143965185327973,0.44495358912992994,0.5499097196041582,0.03637174603781424,2.1592174531015345,1.8238061568945239,1.9992199172098362,0.639169843106635,4.504187363683777,1.8911116865648179,1.7275923352460465,0.11426521015063089
D_W,dw,92,92,0.01,0.02,512,512,0,512,,512,512,0,512,0,0.4920178358551269,0.4587880739383244,0.48970374924966187,0.46060647541635946,0.6148206867436918,0.44598732935504243,0.548874437703537,0.034888346641255216,sample,438,0.49184721405402043,0.45969771743898363,0.4897020483774987,0.4607383972091021,0.6143543055863367,0.4447275808910407,0.5495257237015103,0.035583028054133645,2.1523750201486296,1.8161936741257065,1.9995803628249533,0.6412880592532803,4.512791583379987,1.9015193915899848,1.7263859765392793,0.11178737952734577
D_W,dw,92,92,0.01,0.02,512,512,0,512,,512,512,0,512,0,0.4920178358551269,0.4587880739383244,0.48970374924966187,0.46060647541635946,0.6148206867436918,0.44598732935504243,0.548874437703537,0.034888346641255216,sample,439,0.4930284390769223,0.45916221295900606,0.48904279095337194,0.46052609993755406,0.614537477559659,0.44595664979523986,0.5491895243657302,0.034886958227112116,2.1460780960266366,1.8293601164297266,1.9903946216066926,0.6399129134430203,4.543305461162939,1.9026858216806213,1.7253297751758507,0.10960061167238942
D_W,dw,92,92,0.01,0.02,512,512,0,512,,512,512,0,512,0,0.4920178358551269,0.4587880739383244,0.48970374924966187,0.46060647541635946,0.6148206867436918,0.44598732935504243,0.548874437703537,0.034888346641255216,sample,440,0.49096255222291907,0.45949758599276097,0.48891974206423827,0.46148821806689266,0.6152589753021529,0.44768803609130775,0.5477016128559616,0.034919099784478255,2.1504251513687134,1.8317137854292376,1.977291309059689,0.6382129205558779,4.492851752155404,1.893266055197654,1.72065536330757,0.10970158735288582
D_W,dw,92,92,0.01,0.02,512,512,0,512,,512,512,0,512,0,0.4920178358551269,0.4587880739383244,0.48970374924966187,0.46060647541635946,0.6148206867436918,0.44598732935504243,0.548874437703537,0.034888346641255216,sample,441,0.4920792855159035,0.4577414041320927,0.49069054734507067,0.4591495072444586,0.6154683785204891,0.4446136691792857,0.5499203708620714,0.035832971171712205,2.1579437755240183,1.7840311950753729,1.9954797080243225,0.6484315916099155,4.527104404983319,1.9108353436977275,1.7276257971596578,0.1125725989893459
D_W,dw,92,92,0.01,0.02,512,512,0,512,,512,512,0,512,0,0.4920178358551269,0.4587880739383244,0.48970374924966187,0.46060647541635946,0.6148206867436918,0.44598732935504243,0.548874437703537,0.034888346641255216,sample,442,0.4927583958864358,0.457709912221913,0.4899186347768009,0.4584834118939355,0.6162946618530923,0.4441203437774876,0.5473233948608679,0.03361799906799843,2.1704070425995616,1.8015761318707069,1.9957512011532152,0.6538146507210184,4.542797357891206,1.9136889414535194,1.7194671564327282,0.10561405890041238
D_W,dw,92,92,0.01,0.02,512,512,0,512,,512,512,0,512,0,0.4920178358551269,0.4587880739383244,0.48970374924966187,0.46060647541635946,0.6148206867436918,0.44598732935504243,0.548874437703537,0.034888346641255216,sample,443,0.4918867316358959,0.4595631477197854,0.490668524691493,0.4592176920198252,0.6142849067373789,0.44695479829684615,0.5486551087069141,0.034013108128939984,2.1375533983386394,1.7933072277521354,1.9829123089512768,0.6388269750303581,4.514377676145964,1.9135584889061894,1.7236508588681507,0.10685533062363313
D_W,dw,92,92,0.01,0.02,512,512,0,512,,512,512,0,512,0,0.4920178358551269,0.4587880739383244,0.48970374924966187,0.46060647541635946,0.6148206867436918,0.44598732935504243,0.548874437703537,0.034888346641255216,sample,444,0.49329187111160255,0.4582745393663368,0.4911436567519789,0.4602737319883717,0.6156385714069523,0.4456135387607804,0.5496526264630557,0.03462301728084541,2.13622502587966,1.7773687948714527,1.9893165066283869,0.6455361102316299,4.552984743693493,1.9017029838890849,1.7267846533226705,0.10877141673461639
D_W,dw,92,92,0.01,0.02,512,512,0,512,,512,512,0,512,0,0.4920178358551269,0.4587880739383244,0.48970374924966187,0.46060647541635946,0.6148206867436918,0.44598732935504243,0.548874437703537,0.034888346641255216,sample,445,0.4925796998553392,0.4589258776486061,0.4888469656996875,0.4607701826135659,0.6150639434574937,0.4458424339353594,0.5493209936466752,0.03527150388055646,2.153434165089708,1.8319049112281451,1.9898961609468457,0.6419827425019643,4.533660384055722,1.8993765378859366,1.7257427981030402,0.11080869747222004
D_W,dw,92,92,0.01,0.02,512,512,0,512,,512,512,0,512,0,0.4920178358551269,0.4587880739383244,0.48970374924966187,0.46060647541635946,0.6148206867436918,0.44598732935504243,0.548874437703537,0.034888346641255216,sample,446,0.4924273445366379,0.4589987184192831,0.4890951765660145,0.46072410601499386,0.615698313196198,0.44495497781878424,0.5496898434736038,0.03413451823970049,2.160961623820415,1.8266059882514896,1.994076603993853,0.6464421789129943,4.529753935120063,1.8980580301072363,1.726901574009597,0.10723675173566986
D_W,dw,92,92,0.01,0.02,512,512,0,512,,512,512,0,512,0,0.4920178358551269,0.4587880739383244,0.48970374924966187,0.46060647541635946,0.6148206867436918,0.44598732935504243,0.548874437703537,0.034888346641255216,sample,447,0.4929920013667851,0.45885843426474865,0.4885914848460273,0.4606878437730105,0.6186566885913721,0.4459746076744795,0.5473671053379846,0.03429303853020199,2.173344675090944,1.8376386308396109,1.978753928601095,0.6568857622176636,4.543669706892055,1.8907248434845132,1.7196044769465229,0.10773475791575429
D_W,dw,92,92,0.01,0.02,512,512,0,512,,512,512,0,512,0,0.4920178358551269,0.4587880739383244,0.48970374924966187,0.46060647541635946,0.6148206867436918,0.44598732935504243,0.548874437703537,0.034888346641255216,sample,448,0.4932647164926094,0.45919355556297964,0.49055264584008684,0.46153508976277957,0.6147884905150578,0.4440497036157409,0.5503652828060046,0.034097023490903836,2.139651235116881,1.7953689429995188,2.003719086110838,0.6433342255951613,4.548809396544788,1.8941304537570813,1.7290235292542129,0.1071189585083021
D_W,dw,92,92,0.01,0.02,512,512,0,512,,512,512,0,512,0,0.4920178358551269,0.4587880739383244,0.48970374924966187,0.46060647541635946,0.6148206867436918,0.44598732935504243,0.548874437703537,0.034888346641255216,sample,449,0.488913996042344,0.459289819250661,0.4900408709193744,0.46089957808067744,0.6132520295927928,0.4471922474495787,0.5496905112398682,0.03726517783968035,2.1493049883434234,1.802593179862193,1.985936311360271,0.6316011197734382,4.446520448611091,1.9032345211663728,1.7269036718591877,0.11707200893585694
D_W,dw,92,92,0.01,0.02,512,512,0,512,,512,512,0,512,0,0.4920178358551269,0.4587880739383244,0.48970374924966187,0.46060647541635946,0.6148206867436918,0.44598732935504243,0.548874437703537,0.034888346641255216,sample,450,0.49183647696646815,0.4597041790039022,0.48890606312131,0.4608535349956338,0.6139771398176117,0.4459751517873907,0.5481472191343263,0.034384202283966124,2.149674399881152,1.8343503949993074,1.9922297425316366,0.6370741256199505,4.512504455866656,1.9016320579427664,1.722055276718074,0.10802115729485336
D_W,dw,92,92,0.01,0.02,512,512,0,512,,512,512,0,512,0,0.4920178358551269,0.4587880739383244,0.48970374924966187,0.46060647541635946,0.6148206867436918,0.44598732935504243,0.548874437703537,0.034888346641255216,sample,451,0.49258295707068567,0.4581550912101582,0.4905526800969305,0.46084185445000625,0.6125926148782763,0.4454584070542107,0.5485323254086212,0.0347346086967034,2.127564779884135,1.7895438832209718,1.9998982022560141,0.6323691526033276,4.536960248805513,1.905497485464922,1.72326512376025,0.10912199150687955
D_W,dw,92,92,0.01,0.02,512,512,0,512,,512,512,0,512,0,0.4920178358551269,0.4587880739383244,0.48970374924966187,0.46060647541635946,0.6148206867436918,0.44598732935504243,0.548874437703537,0.034888346641255216,sample,452,0.49241014767528,0.4594520164144733,0.4894116561641307,0.4605765432652681,0.6138259578383541,0.4457363984948147,0.5499601496760512,0.03483611059005336,2.1434741605451593,1.8220458814553726,1.9940416317122107,0.6373147413239226,4.527348256147426,1.9042144977987663,1.7277507659894256,0.10944086910935322
D_W,dw,92,92,0.01,0.02,512,512,0,512,,512,512,0,512,0,0.4920178358551269,0.4587880739383244,0.48970374924966187,0.46060647541635946,0.6148206867436918,0.44598732935504243,0.548874437703537,0.034888346641255216,sample,453,0.4908952503555916,0.45981784453527763,0.4894346738148416,0.46060355378405965,0.6147274961797482,0.4456183716062277,0.5486770839504497,0.03526645087829269,2.158433381798692,1.8218224804429168,1.992245116252826,0.6412593729099386,4.489564627475457,1.9015717471759523,1.723719896131803,0.11079282299742964
D_W,dw,92,92,0.01,0.02,512,512,0,512,,512,512,0,512,0,0.4920178358551269,0.4587880739383244,0.48970374924966187,0.46060647541635946,0.6148206867436918,0.44598732935504243,0.548874437703537,0.034888346641255216,sample,454,0.49107411010980895,0.45956014084366303,0.49065676154899024,0.4612816080258181,0.6142395771773611,0.44717373696173707,0.5489665250641992,0.03407373401944066,2.1327825389935167,1.7926914104592744,1.9835818078572691,0.6352175814185743,4.495151919987613,1.8975688953661136,1.724629202208405,0.10704579247584739
D_W,dw,92,92,0.01,0.02,512,512,0,512,,512,512,0,512,0,0.4920178358551269,0.4587880739383244,0.48970374924966187,0.46060647541635946,0.6148206867436918,0.44598732935504243,0.548874437703537,0.034888346641255216,sample,455,0.4937382463980656,0.458598690647115,0.4907112685603277,0.46042448414034426,0.6131899196649163,0.4446924073860057,0.547066677785403,0.0361454355272133,2.127815402493433,1.7890967049388093,2.0029631427710974,0.6369862908468147,4.562281355011158,1.9071487627877404,1.7186606559543964,0.11355423471309681
D_W,dw,92,92,0.01,0.02,512,512,0,512,,512,512,0,512,0,0.4920178358551269,0.4587880739383244,0.48970374924966187,0.46060647541635946,0.6148206867436918,0.44598732935504243,0.548874437703537,0.034888346641255216,sample,456,0.4909704486137428,0.45865575772131095,0.4905713323691856,0.46223727165432466,0.6163020854445546,0.4455220883090377,0.5515962209110445,0.03528780468451013,2.1518791251570777,1.790016769984399,1.9899190550773063,0.6457469282726968,4.497366040464373,1.8847525157444243,1.7328906353620301,0.11085990795816851
D_W,dw,92,92,0.01,0.02,512,512,0,512,,512,512,0,512,0,0.4920178358551269,0.4587880739383244,0.48970374924966187,0.46060647541635946,0.6148206867436918,0.44598732935504243,0.548874437703537,0.034888346641255216,sample,457,0.49253910928166633,0.4598982734457977,0.4897155674219576,0.46044562153566515,0.6152748544602326,0.44571468745077436,0.5490859570100065,0.034591435309885975,2.148550707261947,1.8177806035384403,1.989841730889666,0.6435756794403061,4.528443007984097,1.9013387306247667,1.7250044087319574,0.10867219904666435
D_W,dw,92,92,0.01,0.02,512,512,0,512,,512,512,0,512,0,0.4920178358551269,0.4587880739383244,0.48970374924966187,0.46060647541635946,0.6148206867436918,0.44598732935504243,0.548874437703537,0.034888346641255216,sample,458,0.4917841366783578,0.4581920713515016,0.49025978711355434,0.4602775466026764,0.6145361581518334,0.4461499260949724,0.5497011150529597,0.03437356574649298,2.144385325180128,1.795537480101362,1.9888183902365233,0.6398861682094038,4.518347118308327,1.9046277658708448,1.7269369847204958,0.1079877416268681
D_W,dw,92,92,0.01,0.02,512,512,0,512,,512,512,0,512,0,0.4920178358551269,0.4587880739383244,0.48970374924966187,0.46060647541635946,0.6148206867436918,0.44598732935504243,0.548874437703537,0.034888346641255216,sample,459,0.4922658160733248,0.45899930793071747,0.488617294822731,0.46132872075818143,0.6141896449051727,0.445154633074963,0.5485760540554288,0.03492168431969956,2.154152383535246,1.837126244538654,1.9977352629801524,0.6389130628197065,4.5259443705266875,1.897331735548317,1.7234025013558123,0.10970970690975002
D_W,dw,92,92,0.01,0.02,512,512,0,512,,512,512,0,512,0,0.4920178358551269,0.4587880739383244,0.48970374924966187,0.46060647541635946,0.6148206867436918,0.44598732935504243,0.548874437703537,0.034888346641255216,sample,460,0.49154876242079726,0.4596497234072584,0.4889880635120415,0.46116527214254627,0.6140162699017178,0.4461535006652614,0.5488851674341213,0.03510485475371707,2.148771032810176,1.8318150116664076,1.9911942454232512,0.6364414284601214,4.505926649283026,1.8990787420958275,1.724373609675439,0.11028515379961429
D_W,dw,92,92,0.01,0.02,512,512,0,512,,512,512,0,512,0,0.4920178358551269,0.4587880739383244,0.48970374924966187,0.46060647541635946,0.6148206867436918,0.44598732935504243,0.548874437703537,0.034888346641255216,sample,461,0.491426955093658,0.4584225225362364,0.4889311793738821,0.46000237245685943,0.6158956239001181,0.44711273941381585,0.5477877319528183,0.036530595531035596,2.161293819187157,1.8258541186059782,1.9780487229028156,0.6440985083386964,4.509044380042349,1.903115026683799,1.7209259144295888,0.11476425055156156
D_W,dw,92,92,0.01,0.02,512,512,0,512,,512,512,0,512,0,0.4920178358551269,0.4587880739383244,0.48970374924966187,0.46060647541635946,0.6148206867436918,0.44598732935504243,0.548874437703537,0.034888346641255216,sample,462,0.49246081554796844,0.4576464203258552,0.4896616444953017,0.4598087130933903,0.6156203204042884,0.4482033773233366,0.5488955752052617,0.0348820618365389,2.1422680023706198,1.8066426224955028,1.971100567447628,0.6411586374021934,4.536228290182075,1.9053443004453563,1.724406306652794,0.10958522920773549
D_W,dw,92,92,0.01,0.02,512,512,0,512,,512,512,0,512,0,0.4920178358551269,0.4587880739383244,0.48970374924966187,0.46060647541635946,0.6148206867436918,0.44598732935504243,0.548874437703537,0.034888346641255216,sample,463,0.49246004542016303,0.4581300175571704,0.4904335244201281,0.45875069975931676,0.6146604646033595,0.4458152690115773,0.5486357886026816,0.03420340746413526,2.1476278623039393,1.7919809169887864,1.989206773531847,0.6433003956947515,4.534218365548953,1.916132102193091,1.7235901629706272,0.10745317361706563
D_W,dw,92,92,0.01,0.02,512,512,0,512,,512,512,0,512,0,0.4920178358551269,0.4587880739383244,0.48970374924966187,0.46060647541635946,0.6148206867436918,0.44598732935504243,0.548874437703537,0.034888346641255216,sample,464,0.4948522181819671,0.45924283532644705,0.49111939407142596,0.461379498159484,0.6155993881396726,0.4486396861999056,0.5521792172862401,0.03619434278576652,2.104412750799354,1.7836936064475277,1.9696140357282839,0.6379998335019905,4.586750522393933,1.893226965900482,1.734722172491414,0.11370788139727482
D_W,dw,92,92,0.01,0.02,512,512,0,512,,512,512,0,512,0,0.4920178358551269,0.4587880739383244,0.48970374924966187,0.46060647541635946,0.6148206867436918,0.44598732935504243,0.548874437703537,0.034888346641255216,sample,465,0.49159820447911756,0.4595156486952101,0.49274381752125546,0.4591809087813938,0.619616736818863,0.44689378341517905,0.5527937349612725,0.036383828440533804,2.154401475344791,1.7445221027522557,1.9685758584928181,0.6613171076462596,4.507761782005082,1.8996539794823404,1.7366527367047968,0.11430316813825238
D_W,dw,92,92,0.01,0.02,512,512,0,512,,512,512,0,512,0,0.4920178358551269,0.4587880739383244,0.48970374924966187,0.46060647541635946,0.6148206867436918,0.44598732935504243,0.548874437703537,0.034888346641255216,sample,466,0.49138023426102434,0.4581613292170061,0.49008729537561807,0.46022698767095516,0.6149130175182401,0.4458445166491061,0.5494097566114334,0.03416576760205586,2.152606055626182,1.7988138677381507,1.9897787256746153,0.6421273279134817,4.509207984587882,1.9040051085036274,1.7260216551810355,0.10733492450287486
D_W,dw,92,92,0.01,0.02,512,512,0,512,,512,512,0,512,0,0.4920178358551269,0.4587880739383244,0.48970374924966187,0.46060647541635946,0.6148206867436918,0.44598732935504243,0.548874437703537,0.034888346641255216,sample,467,0.4916310886947085,0.4585613724579557,0.4901267244452166,0.460206676061009,0.6144984977196863,0.4473477799393333,0.5481279042929144,0.03600029597659321,2.1395198954204435,1.8002311733872562,1.980572815992926,0.6375077642810952,4.51311030378749,1.9052819519290636,1.721994597354189,0.11309826536712342
D_W,dw,92,92,0.01,0.02,512,512,0,512,,512,512,0,512,0,0.4920178358551269,0.4587880739383244,0.48970374924966187,0.46060647541635946,0.6148206867436918,0.44598732935504243,0.548874437703537,0.034888346641255216,sample,468,0.4925684287783966,0.4596132213690992,0.4896591403570412,0.4607255669028747,0.6151789242067939,0.44597816974180793,0.5489257823300387,0.03567043035567019,2.1458616198106673,1.8174852390207699,1.9885882840189433,0.6422598247304023,4.530414619862555,1.8994186495331045,1.7245012051340796,0.11206196195575982
D_W,dw,92,92,0.01,0.02,512,512,0,512,,512,512,0,512,0,0.4920178358551269,0.4587880739383244,0.48970374924966187,0.46060647541635946,0.6148206867436918,0.44598732935504243,0.548874437703537,0.034888346641255216,sample,469,0.4926406690597284,0.4590722964461074,0.4891912951547414,0.4601184965869387,0.6146342514753358,0.44638750386138476,0.5503505731320769,0.034911080143221626,2.147036066638939,1.8250932286010906,1.9867388827351602,0.6400608848440572,4.534477231917936,1.9056010230898768,1.728977317450665,0.10967639290682957
D_W,dw,92,92,0.01,0.02,512,512,0,512,,512,512,0,512,0,0.4920178358551269,0.4587880739383244,0.48970374924966187,0.46060647541635946,0.6148206867436918,0.44598732935504243,0.548874437703537,0.034888346641255216,sample,470,0.4914266316101724,0.4586085770951838,0.48887856617182535,0.4602994283104672,0.6144427974180402,0.44560903259115664,0.5490180637772798,0.03272952525153765,2.1606651448900562,1.8280702759933112,1.992832712129092,0.6405300733009137,4.508148003689872,1.9047096374097614,1.7247911158507947,0.1028228360857123
D_W,dw,92,92,0.01,0.02,512,512,0,512,,512,512,0,512,0,0.4920178358551269,0.4587880739383244,0.48970374924966187,0.46060647541635946,0.6148206867436918,0.44598732935504243,0.548874437703537,0.034888346641255216,sample,471,0.49309652303376394,0.4578445359242942,0.4899744556493489,0.4600022456228032,0.615163400811657,0.4449246212215872,0.5491887819907518,0.03415535002677574,2.150421480726418,1.8013210186216984,1.9951170682584984,0.6453086851844552,4.5500674692673275,1.905075442786599,1.7253274429360723,0.10730219672490661
D_W,dw,92,92,0.01,0.02,512,512,0,512,,512,512,0,512,0,0.4920178358551269,0.4587880739383244,0.48970374924966187,0.46060647541635946,0.6148206867436918,0.44598732935504243,0.548874437703537,0.034888346641255216,sample,472,0.4910333512242129,0.45853791287063844,0.4890075486196833,0.46071230308094174,0.6154905443039578,0.4467560042799612,0.5498373332258937,0.03326745035162424,2.1598400232256916,1.8243494541269476,1.9823348164452879,0.6420693725632015,4.499407470787532,1.8986971317632217,1.7273649267318707,0.10451277762832589
D_W,dw,92,92,0.01,0.02,512,512,0,512,,512,512,0,512,0,0.4920178358551269,0.4587880739383244,0.48970374924966187,0.46060647541635946,0.6148206867436918,0.44598732935504243,0.548874437703537,0.034888346641255216,sample,473,0.49114279248555953,0.45906352089653407,0.4916467191559821,0.46139548326764096,0.6137795508625101,0.44722759289560954,0.5504360865488704,0.03763991172078503,2.121151627074334,1.767653207527498,1.9846494707739872,0.6330270980375757,4.499308818028566,1.8979002605077107,1.7292459657726469,0.11824927014378658
D_W,dw,92,92,0.01,0.02,512,512,0,512,,512,512,0,512,0,0.4920178358551269,0.4587880739383244,0.48970374924966187,0.46060647541635946,0.6148206867436918,0.44598732935504243,0.548874437703537,0.034888346641255216,sample,474,0.4930829600934188,0.45897646336982134,0.49053362950861784,0.4597688884107949,0.6131103398314895,0.4478147561475829,0.5479219982334047,0.03378084463552629,2.117585104721733,1.7945297047392101,1.9808445487878634,0.6314586553854429,4.545348634866041,1.912522494369337,1.721347724390304,0.10612565333902756
D_W,dw,92,92,0.01,0.02,512,512,0,512,,512,512,0,512,0,0.4920178358551269,0.4587880739383244,0.48970374924966187,0.46060647541635946,0.6148206867436918,0.44598732935504243,0.548874437703537,0.034888346641255216,sample,475,0.4934646786878908,0.4595711938566475,0.4896544035586114,0.46094812644067135,0.6148819420660239,0.4460781131805105,0.5496909984232989,0.03416400468651816,2.13723232800565,1.8182369052888239,1.9889785946221175,0.6405085067797307,4.552125203570901,1.8984725148384003,1.7269052023910745,0.10732938614037271
D_W,dw,92,92,0.01,0.02,512,512,0,512,,512,512,0,512,0,0.4920178358551269,0.4587880739383244,0.48970374924966187,0.46060647541635946,0.6148206867436918,0.44598732935504243,0.548874437703537,0.034888346641255216,sample,476,0.4921700113502592,0.4573864829288303,0.4893897901906838,0.4604964300761538,0.6154784585173625,0.4447554485920788,0.5492563962140777,0.03555298941696142,2.162665170020866,1.8109573093693796,1.995847411270529,0.6462462741657972,4.530671682471995,1.9004035354599298,1.7255398592833513,0.11169301036548165
D_W,dw,92,92,0.01,0.02,512,512,0,512,,512,512,0,512,0,0.4920178358551269,0.4587880739383244,0.48970374924966187,0.46060647541635946,0.6148206867436918,0.44598732935504243,0.548874437703537,0.034888346641255216,sample,477,0.49287187273925304,0.4594798800992446,0.4886026046610362,0.46164599725001065,0.6168334500012794,0.44677070874593044,0.5481547113165083,0.03299617544390883,2.154677970593419,1.8410429404283937,1.9793154530960573,0.6463664389792082,4.538254914318088,1.8879913722080202,1.7220788141025762,0.1036605423711439
D_W,dw,92,92,0.01,0.02,512,512,0,512,,512,512,0,512,0,0.4920178358551269,0.4587880739383244,0.48970374924966187,0.46060647541635946,0.6148206867436918,0.44598732935504243,0.548874437703537,0.034888346641255216,sample,478,0.49082230286272016,0.45991867573616274,0.48941508782799453,0.46052566502131914,0.6151225597824815,0.4448322740596217,0.5491142073142192,0.03438823852473997,2.165999175089058,1.8227496901378066,1.9963919350721495,0.6445722623261406,4.487292512218015,1.901122774983906,1.7250931596801338,0.1080338375192166
D_W,dw,92,92,0.01,0.02,512,512,0,512,,512,512,0,512,0,0.4920178358551269,0.4587880739383244,0.48970374924966187,0.46060647541635946,0.6148206867436918,0.44598732935504243,0.548874437703537,0.034888346641255216,sample,479,0.4929847460032775,0.45961807844659214,0.490666710461326,0.4602120312314675,0.6153100346206435,0.44646990418884064,0.5479548182602781,0.03510482696792142,2.1346984836863006,1.7946932659820884,1.9843291074756808,0.6425846197650051,4.540382986023712,1.903056428761789,1.72145083154562,0.1102850665079628
D_W,dw,92,92,0.01,0.02,512,512,0,512,,512,512,0,512,0,0.4920178358551269,0.4587880739383244,0.48970374924966187,0.46060647541635946,0.6148206867436918,0.44598732935504243,0.548874437703537,0.034888346641255216,sample,480,0.4920571318944534,0.4584473309623452,0.4907064677386226,0.4602231632453949,0.6152251004786793,0.446113737843598,0.5483866222459199,0.035042306766326685,2.1427852325004517,1.7870406793105478,1.9870292506347789,0.6429066844081746,4.52351558583249,1.903197372258051,1.722807383774703,0.11008865350193181
D_W,dw,92,92,0.01,0.02,512,512,0,512,,512,512,0,512,0,0.4920178358551269,0.4587880739383244,0.48970374924966187,0.46060647541635946,0.6148206867436918,0.44598732935504243,0.548874437703537,0.034888346641255216,sample,481,0.49271280931209077,0.4575364354348964,0.4887099237298725,0.4595896928144406,0.6137173875340354,0.445513874234102,0.5489602878506342,0.03457581196148362,2.1548702108476574,1.8270800091057544,1.994878248163369,0.6387421911025167,4.54243404243799,1.912235827843809,1.7246096074240906,0.10862311685009904
D_W,dw,92,92,0.01,0.02,512,512,0,512,,512,512,0,512,0,0.4920178358551269,0.4587880739383244,0.48970374924966187,0.46060647541635946,0.6148206867436918,0.44598732935504243,0.548874437703537,0.034888346641255216,sample,482,0.4916326941268933,0.45897815587774093,0.4905854234232318,0.46047322196310303,0.6145537384865176,0.44551858390161875,0.5482108105941798,0.03332913092181576,2.1445951988602214,1.7919883389472195,1.9933056923631267,0.6409201808965582,4.511177163535919,1.9030546410776226,1.7222550551811806,0.1047065528545088
D_W,dw,92,92,0.01,0.02,512,512,0,512,,512,512,0,512,0,0.4920178358551269,0.4587880739383244,0.48970374924966187,0.46060647541635946,0.6148206867436918,0.44598732935504243,0.548874437703537,0.034888346641255216,sample,483,0.4910089282762409,0.45906644478295955,0.4891944865106067,0.46097852461668926,0.6143604938017343,0.44475388436421437,0.5473011202396914,0.036189414239145345,2.1617141416526713,1.8231311769734606,1.999625323035048,0.6409198449401116,4.496172161609579,1.899623212759644,1.7193971786464783,0.11369239791141687
D_W,dw,92,92,0.01,0.02,512,512,0,512,,512,512,0,512,0,0.4920178358551269,0.4587880739383244,0.48970374924966187,0.46060647541635946,0.6148206867436918,0.44598732935504243,0.548874437703537,0.034888346641255216,sample,484,0.4915921168562262,0.459311502915352,0.4885687849153373,0.4612892905499515,0.6172126377386232,0.4463451748178654,0.5491439267151119,0.034631484583751974,2.169064801414335,1.839285200814957,1.9808245817626169,0.6492708977777214,4.508616748485656,1.8897788257506645,1.7251865259316472,0.10879801755122338
D_W,dw,92,92,0.01,0.02,512,512,0,512,,512,512,0,512,0,0.4920178358551269,0.4587880739383244,0.48970374924966187,0.46060647541635946,0.6148206867436918,0.44598732935504243,0.548874437703537,0.034888346641255216,sample,485,0.49140180004184103,0.4586259875631122,0.48879490487298494,0.46072733731103743,0.6142687632051995,0.44662389632294053,0.5500660724886848,0.03391177551609489,2.1530242294014545,1.8299907960580495,1.9867670963524366,0.6371979782735229,4.507489034581487,1.9018358586605943,1.7280835323194428,0.10653698483154991
D_W,dw,92,92,0.01,0.02,512,512,0,512,,512,512,0,512,0,0.4920178358551269,0.4587880739383244,0.48970374924966187,0.46060647541635946,0.6148206867436918,0.44598732935504243,0.548874437703537,0.034888346641255216,sample,486,0.4927710307488219,0.45786260083735175,0.4893333845029073,0.4620065859790671,0.6135061684757485,0.44610769379298815,0.5490439388402173,0.03481238372587554,2.1339432931312925,1.8152987040907693,1.9938522260322504,0.6332202112803199,4.542485867157151,1.893799347269365,1.7248724047584303,0.10936632896715948
D_W,dw,92,92,0.01,0.02,512,512,0,512,,512,512,0,512,0,0.4920178358551269,0.4587880739383244,0.48970374924966187,0.46060647541635946,0.6148206867436918,0.44598732935504243,0.548874437703537,0.034888346641255216,sample,487,0.4923525584654678,0.4584562103201749,0.4908667550152827,0.460573188178395,0.6146894427715335,0.4466204914721775,0.5491213787913581,0.034659147749640344,2.1321513631588216,1.7837320172790057,1.9854245865188411,0.6391817262863915,4.530345501386326,1.9019104620250822,1.7251156895400288,0.10888492394995332
D_W,dw,92,92,0.01,0.02,512,512,0,512,,512,512,0,512,0,0.4920178358551269,0.4587880739383244,0.48970374924966187,0.46060647541635946,0.6148206867436918,0.44598732935504243,0.548874437703537,0.034888346641255216,sample,488,0.49168082537292085,0.4580824579953635,0.4905227634050204,0.4591682950913591,0.6145885153248881,0.44645017247363344,0.5493613167353097,0.03534082287369343,2.1463625440781082,1.7890314553358522,1.9854793314863006,0.6411414315629569,4.51646959526012,1.9131021134311053,1.7258694768220646,0.1110264695118134
D_W,dw,92,92,0.01,0.02,512,512,0,512,,512,512,0,512,0,0.4920178358551269,0.4587880739383244,0.48970374924966187,0.46060647541635946,0.6148206867436918,0.44598732935504243,0.548874437703537,0.034888346641255216,sample,489,0.492366161816768,0.4578753882216507,0.4886066049071223,0.4603658881461118,0.6151839308756479,0.44543083262389127,0.549471910559808,0.03476355679842402,2.1627661671794485,1.8309014565524309,1.991967501075088,0.6438695409291574,4.53311421290201,1.9022001139353093,1.7262169175686408,0.10921293465058042
D_W,dw,92,92,0.01,0.02,512,512,0,512,,512,512,0,512,0,0.4920178358551269,0.4587880739383244,0.48970374924966187,0.46060647541635946,0.6148206867436918,0.44598732935504243,0.548874437703537,0.034888346641255216,sample,490,0.4914226698649986,0.4594605930854387,0.4887157978152935,0.4608961476216595,0.6147994674283395,0.44606832935829344,0.5493197522015972,0.034282733546157976,2.158150527833488,1.8366718220377902,1.9892336154894001,0.6402573249181358,4.503883945909455,1.899097178478701,1.7257388979883035,0.10770238385358626
D_W,dw,92,92,0.01,0.02,512,512,0,512,,512,512,0,512,0,0.4920178358551269,0.4587880739383244,0.48970374924966187,0.46060647541635946,0.6148206867436918,0.44598732935504243,0.548874437703537,0.034888346641255216,sample,491,0.4926741800070661,0.457265439558279,0.48943540349056075,0.4602785657123016,0.6150678789480036,0.4460662403373255,0.5485791522398525,0.03579895615622929,2.150360264516619,1.809799146735574,1.9878617305092474,0.6422640948096345,4.542613085439545,1.9031886127543194,1.7234122345892375,0.11246573766659304
D_W,dw,92,92,0.01,0.02,512,512,0,512,,512,512,0,512,0,0.4920178358551269,0.4587880739383244,0.48970374924966187,0.46060647541635946,0.6148206867436918,0.44598732935504243,0.548874437703537,0.034888346641255216,sample,492,0.4929697653775785,0.4581190022511269,0.48998728245491896,0.46084705304661394,0.6148801560268412,0.446002035773888,0.5468093486053555,0.034606926402577114,2.1395523534624106,1.802344195747092,1.9894075543822438,0.640793709313511,4.546077349095437,1.899265719840609,1.717852232492805,0.1087208657496589
D_W,dw,92,92,0.01,0.02,512,512,0,512,,512,512,0,512,0,0.4920178358551269,0.4587880739383244,0.48970374924966187,0.46060647541635946,0.6148206867436918,0.44598732935504243,0.548874437703537,0.034888346641255216,sample,493,0.49092018127612347,0.4590360483429522,0.4889613487174879,0.4603899831057627,0.6145732405848625,0.4460086314525583,0.5502059013861748,0.03690859124661772,2.1609011397353406,1.8280537578921032,1.9897967747421554,0.6401554573723073,4.4942616987063415,1.903651250882631,1.7285228177565568,0.11595175911472276
D_W,dw,92,92,0.01,0.02,512,512,0,512,,512,512,0,512,0,0.4920178358551269,0.4587880739383244,0.48970374924966187,0.46060647541635946,0.6148206867436918,0.44598732935504243,0.548874437703537,0.034888346641255216,sample,494,0.491938702975372,0.4579306287532702,0.490105135621543,0.4607500645768369,0.6151560920409392,0.4458379454276045,0.5494613321261518,0.034584204449925944,2.1482119071697148,1.79781504597771,1.9896405932751493,0.6424045005608369,4.523064766842601,1.89928863360866,1.7261836844391798,0.10864948263013478
D_W,dw,92,92,0.01,0.02,512,512,0,512,,512,512,0,512,0,0.4920178358551269,0.4587880739383244,0.48970374924966187,0.46060647541635946,0.6148206867436918,0.44598732935504243,0.548874437703537,0.034888346641255216,sample,495,0.4936676465154121,0.4589360730170555,0.48954699187495154,0.46049767388029544,0.6149539639259511,0.44371129447699376,0.5472959781693654,0.0353820807028969,2.153378910505963,1.8172622603114021,2.0044774625475323,0.6461652366795775,4.559386966130423,1.9017904919964892,1.719381024356118,0.11115608480494207
D_W,dw,92,92,0.01,0.02,512,512,0,512,,512,512,0,512,0,0.4920178358551269,0.4587880739383244,0.48970374924966187,0.46060647541635946,0.6148206867436918,0.44598732935504243,0.548874437703537,0.034888346641255216,sample,496,0.4915411031942288,0.45854845091973584,0.49149126299705137,0.4588818634092202,0.615845253998519,0.4446425181189255,0.5496125681504502,0.035826059126988975,2.1570339222172232,1.7692728265878253,1.9939258308147936,0.650329321580753,4.511085837653637,1.9118654101577697,1.726658806422074,0.11255088416042212
D_W,dw,92,92,0.01,0.02,512,512,0,512,,512,512,0,512,0,0.4920178358551269,0.4587880739383244,0.48970374924966187,0.46060647541635946,0.6148206867436918,0.44598732935504243,0.548874437703537,0.034888346641255216,sample,497,0.4897183786932728,0.45628883610933413,0.4855503208182423,0.45988159519320065,0.6149371030820582,0.44837056447888707,0.5477922819175112,0.0370121307170899,2.194228838970308,1.8821219757717966,1.971908267760223,0.637871786744707,4.48137111625382,1.9066215378552573,1.7209402085652419,0.11627703795451474
D_W,dw,92,92,0.01,0.02,512,512,0,512,,512,512,0,512,0,0.4920178358551269,0.4587880739383244,0.48970374924966187,0.46060647541635946,0.6148206867436918,0.44598732935504243,0.548874437703537,0.034888346641255216,sample,498,0.49309763708987836,0.45857988011496664,0.4889663869513693,0.4628461591128664,0.61585339669038,0.4462661346485624,0.5491726351890636,0.0351101556589828,2.1432863778015236,1.8277474375774385,1.986687732062062,0.6415841659720141,4.547263567994706,1.8811314325675246,1.7252767162625096,0.11030180708465448
D_W,dw,92,92,0.01,0.02,512,512,0,512,,512,512,0,512,0,0.4920178358551269,0.4587880739383244,0.48970374924966187,0.46060647541635946,0.6148206867436918,0.44598732935504243,0.548874437703537,0.034888346641255216,sample,499,0.49220610996455655,0.4577972577004918,0.4902554148485151,0.4582893845293013,0.6144529351743535,0.44666034120764164,0.5501206036279889,0.03519748161892495,2.147369060656331,1.7940704306372666,1.9835164959333496,0.6414866557721798,4.529769218058529,1.9202722061460868,1.7282548469460723,0.1105761496788764
D_W,dw,92,92,0.01,0.02,512,512,0,512,,512,512,0,512,0,0.4920178358551269,0.4587880739383244,0.48970374924966187,0.46060647541635946,0.6148206867436918,0.44598732935504243,0.548874437703537,0.034888346641255216,sample,500,0.4896327907382843,0.45891296484787253,0.4878594747631913,0.4613408552968365,0.6144774568614532,0.44734108876618073,0.5499586224738936,0.03474803664237585,2.1673067539826345,1.8498254270870325,1.9817907226600915,0.6358065301228286,4.465225041108578,1.8964725625601253,1.7277459681423466,0.1091641766423569
D_W,dw,92,92,0.01,0.02,512,512,0,512,,512,512,0,512,0,0.4920178358551269,0.4587880739383244,0.48970374924966187,0.46060647541635946,0.6148206867436918,0.44598732935504243,0.548874437703537,0.034888346641255216,sample,501,0.4908786598284708,0.4589731298616247,0.4903979976736951,0.46090197869260324,0.6146188832347661,0.44638102813648545,0.5489285743749446,0.033859520375180995,2.1449557465334568,1.7954049700273371,1.987606476282951,0.6388835742874956,4.493621136965836,1.8995324003032197,1.7245099766018444,0.10637282046474253
D_W,dw,92,92,0.01,0.02,512,512,0,512,,512,512,0,512,0,0.4920178358551269,0.4587880739383244,0.48970374924966187,0.46060647541635946,0.6148206867436918,0.44598732935504243,0.548874437703537,0.034888346641255216,sample,502,0.49028113921440303,0.45837206729208513,0.4881864353189526,0.4598532959749913,0.6150524080081238,0.4490526557601771,0.5472221626508486,0.033957059444279555,2.160744792790443,1.8404240996784365,1.9668044329793992,0.6371202915813552,4.483027729399276,1.9065289679902062,1.7191491260654246,0.10667924848766056
D_W,dw,92,92,0.01,0.02,512,512,0,512,,512,512,0,512,0,0.4920178358551269,0.4587880739383244,0.48970374924966187,0.46060647541635946,0.6148206867436918,0.44598732935504243,0.548874437703537,0.034888346641255216,sample,503,0.49589397491910703,0.45927540069755846,0.49320144020430357,0.4593163651596523,0.6144767989255868,0.4460219976469672,0.5509551423122748,0.0360307635563331,2.0972652249835333,1.7353914432624702,1.9888965360436706,0.641293491164104,4.611904356615349,1.912262703995554,1.7308766275457617,0.11319398209180691
D_W,dw,92,92,0.01,0.02,512,512,0,512,,512,512,0,512,0,0.4920178358551269,0.4587880739383244,0.48970374924966187,0.46060647541635946,0.6148206867436918,0.44598732935504243,0.548874437703537,0.034888346641255216,sample,504,0.49191966081499167,0.45771335368216354,0.48893358149291316,0.46249254994525185,0.6151280274768863,0.44496252807338127,0.5490208363665156,0.036454026960020036,2.156616418286978,1.8223985161213243,1.997419777260021,0.6415959374784199,4.523580151910427,1.8857417239385474,1.7247998261967692,0.1145237032913632
D_W,dw,92,92,0.01,0.02,512,512,0,512,,512,512,0,512,0,0.4920178358551269,0.4587880739383244,0.48970374924966187,0.46060647541635946,0.6148206867436918,0.44598732935504243,0.548874437703537,0.034888346641255216,sample,505,0.49223505949265217,0.4592513194854745,0.48868252608371776,0.4608018701301846,0.6149216288695636,0.4458038867094517,0.5490069727764099,0.03418232623376099,2.156030615745401,1.8371431602658415,1.990604499618057,0.6414199775749674,4.524089633409757,1.8995077536105378,1.7247562724439407,0.10738694497859318
D_W,dw,92,92,0.01,0.02,512,512,0,512,,512,512,0,512,0,0.4920178358551269,0.4587880739383244,0.48970374924966187,0.46060647541635946,0.6148206867436918,0.44598732935504243,0.548874437703537,0.034888346641255216,sample,506,0.49309241920654556,0.4592876909907377,0.4896931600738766,0.46322448000275573,0.6158210126820698,0.4475563903733398,0.5495632448529845,0.03251027807617171,2.1272904893064957,1.8153943857757024,1.9782152746045187,0.6384489160335498,4.544321402257161,1.8782482687210083,1.7265038527131047,0.10213405077026236
D_W,dw,92,92,0.01,0.02,512,512,0,512,,512,512,0,512,0,0.4920178358551269,0.4587880739383244,0.48970374924966187,0.46060647541635946,0.6148206867436918,0.44598732935504243,0.548874437703537,0.034888346641255216,sample,507,0.49245187469408613,0.45875416609944514,0.49027454470170456,0.45989979554941174,0.6145863797188768,0.4472010027311494,0.5478446635450437,0.03564135726614442,2.135265000684075,1.7987069765914432,1.9810358956093923,0.6386041767182983,4.531388488607636,1.9074320512175558,1.7211047703014812,0.1119706261512885
D_W,dw,92,92,0.01,0.02,512,512,0,512,,512,512,0,512,0,0.4920178358551269,0.4587880739383244,0.48970374924966187,0.46060647541635946,0.6148206867436918,0.44598732935504243,0.548874437703537,0.034888346641255216,sample,508,0.4936510395748946,0.45800021323455653,0.48922975728841833,0.4616316343210465,0.6134860252253993,0.44976200121205023,0.5481150714720712,0.03347193696570522,2.109787823921386,1.8191180488147223,1.967881045618202,0.6266363464425471,4.562358405102102,1.8968207696445274,1.7219542818585032,0.10515519127288014
D_W,dw,92,92,0.01,0.02,512,512,0,512,,512,512,0,512,0,0.4920178358551269,0.4587880739383244,0.48970374924966187,0.46060647541635946,0.6148206867436918,0.44598732935504243,0.548874437703537,0.034888346641255216,sample,509,0.4917141925190094,0.4602265910342193,0.49204690257176364,0.460630915840815,0.6135067631736946,0.4457219056125678,0.5501960080961914,0.03435146444681494,2.123153245532089,1.7641091555271748,1.9951369476135026,0.6359390583262033,4.507001287335011,1.9046563655547744,1.7284917370694253,0.10791830834616477
D_W,dw,92,92,0.01,0.02,512,512,0,512,,512,512,0,512,0,0.4920178358551269,0.4587880739383244,0.48970374924966187,0.46060647541635946,0.6148206867436918,0.44598732935504243,0.548874437703537,0.034888346641255216,sample,510,0.49274193179577225,0.4579755101110602,0.49053250318129576,0.4603994699869233,0.6153376653570165,0.44623891528803894,0.5493459384025654,0.034878921101188204,2.139506201200773,1.789252136873529,1.9860213964080624,0.6428792393773505,4.541365698542793,1.901529531647705,1.7258211643648904,0.10957536229663088
D_W,dw,92,92,0.01,0.02,512,512,0,512,,512,512,0,512,0,0.4920178358551269,0.4587880739383244,0.48970374924966187,0.46060647541635946,0.6148206867436918,0.44598732935504243,0.548874437703537,0.034888346641255216,sample,511,0.49204301290456426,0.4587618591562224,0.48772537028980506,0.45895261324316955,0.6133493277686877,0.4457150548623557,0.5459701891764359,0.03416904316312406,2.165787819802344,1.8551385892385148,1.993900089719871,0.6377658160614975,4.521779312326214,1.9182377677314493,1.7152159353957206,0.10734521498146309
