objective_name,objective_file_tag,local_minimum_index,local_minimum_id,selection_absolute_threshold,contour_delta,configured_direction_count,target_success_count,previous_success_count,added_success_count,previous_output_variant,initial_success_count,attempted_direction_count,replacement_direction_count,contour_point_count,domain_boundary_point_count,center_u0,center_u1,center_u2,center_u3,center_u4,center_u5,center_u6,center_u7,record_type,contour_sample_id,u0,u1,u2,u3,u4,u5,u6,u7,sqrt_s,theta_p_out,theta_gamma_out,qOut,phi_p_out,phi_gamma_out,alpha_e,alpha_p
D_W,dw,1,1,0.01,0.02,512,512,0,512,,512,512,0,512,0,0.5158518685652514,0.4747437209531852,0.47827586811350764,0.5028424452627709,0.5552153605363201,0.4387049809881615,0.5223271745220144,0.007570339060459808,minimum,,,,,,,,,,,,,,,,,
D_W,dw,1,1,0.01,0.02,512,512,0,512,,512,512,0,512,0,0.5158518685652514,0.4747437209531852,0.47827586811350764,0.5028424452627709,0.5552153605363201,0.4387049809881615,0.5223271745220144,0.007570339060459808,sample,0,0.5169602670027514,0.4747437209531852,0.47827586811350764,0.5028424452627709,0.5552153605363201,0.4387049809881615,0.5223271745220144,0.007570339060459808,1.9528050215045827,2.1909098483472755,2.407670363199561,0.3981901908458754,5.3037487144123645,1.5193624814579194,1.640939214248674,0.023782921577524388
D_W,dw,1,1,0.01,0.02,512,512,0,512,,512,512,0,512,0,0.5158518685652514,0.4747437209531852,0.47827586811350764,0.5028424452627709,0.5552153605363201,0.4387049809881615,0.5223271745220144,0.007570339060459808,sample,1,0.5158518685652514,0.47575736231060706,0.47827586811350764,0.5028424452627709,0.5552153605363201,0.4387049809881615,0.5223271745220144,0.007570339060459808,1.9452351010242388,2.214301298225131,2.407670363199561,0.3981901908458754,5.291489635873332,1.5193624814579194,1.640939214248674,0.023782921577524388
D_W,dw,1,1,0.01,0.02,512,512,0,512,,512,512,0,512,0,0.5158518685652514,0.4747437209531852,0.47827586811350764,0.5028424452627709,0.5552153605363201,0.4387049809881615,0.5223271745220144,0.007570339060459808,sample,2,0.5158518685652514,0.4747437209531852,0.4794117323713201,0.5028424452627709,0.5552153605363201,0.4387049809881615,0.5223271745220144,0.007570339060459808,1.9342352416831683,2.175081168226705,2.407670363199561,0.3981901908458754,5.272884970051406,1.5193624814579194,1.640939214248674,0.023782921577524388
D_W,dw,1,1,0.01,0.02,512,512,0,512,,512,512,0,512,0,0.5158518685652514,0.4747437209531852,0.47827586811350764,0.5028424452627709,0.5552153605363201,0.4387049809881615,0.5223271745220144,0.007570339060459808,sample,3,0.5158518685652514,0.4747437209531852,0.47827586811350764,0.5073027418936302,0.5552153605363201,0.4387049809881615,0.5223271745220144,0.007570339060459808,1.9559201408142477,2.2004195939735305,2.4040148004687985,0.39951017797731825,5.272884970051406,1.4393002696464268,1.640939214248674,0.023782921577524388
D_W,dw,1,1,0.01,0.02,512,512,0,512,,512,512,0,512,0,0.5158518685652514,0.4747437209531852,0.47827586811350764,0.5028424452627709,0.5552153605363201,0.4387049809881615,0.5223271745220144,0.007570339060459808,sample,4,0.5158518685652514,0.4747437209531852,0.47827586811350764,0.5028424452627709,0.5602315348527264,0.4387049809881615,0.5223271745220144,0.007570339060459808,1.9651059077056727,2.2004195939735305,2.364389238564227,0.41476595072398376,5.272884970051406,1.5236393356176567,1.640939214248674,0.023782921577524388
D_W,dw,1,1,0.01,0.02,512,512,0,512,,512,512,0,512,0,0.5158518685652514,0.4747437209531852,0.47827586811350764,0.5028424452627709,0.5552153605363201,0.4387049809881615,0.5223271745220144,0.007570339060459808,sample,5,0.5158518685652514,0.4747437209531852,0.47827586811350764,0.5028424452627709,0.5552153605363201,0.44278930105652087,0.5223271745220144,0.007570339060459808,1.9143378227226142,2.2004195939735305,2.3732793827608827,0.3837872717138886,5.272884970051406,1.5193624814579194,1.640939214248674,0.023782921577524388
D_W,dw,1,1,0.01,0.02,512,512,0,512,,512,512,0,512,0,0.5158518685652514,0.4747437209531852,0.47827586811350764,0.5028424452627709,0.5552153605363201,0.4387049809881615,0.5223271745220144,0.007570339060459808,sample,6,0.5158518685652514,0.4747437209531852,0.47827586811350764,0.5028424452627709,0.5552153605363201,0.4387049809881615,0.5232823747173269,0.007570339060459808,1.9473741003432754,2.2004195939735305,2.407670363199561,0.3981901908458754,5.272884970051406,1.5193624814579194,1.6439400641649753,0.023782921577524388
D_W,dw,1,1,0.01,0.02,512,512,0,512,,512,512,0,512,0,0.5158518685652514,0.4747437209531852,0.47827586811350764,0.5028424452627709,0.5552153605363201,0.4387049809881615,0.5223271745220144,0.007570339060459808,sample,7,0.5158518685652514,0.4747437209531852,0.47827586811350764,0.5028424452627709,0.5552153605363201,0.4387049809881615,0.5223271745220144,0.009448695994053558,1.9473741003432754,2.2004195939735305,2.407670363199561,0.3981901908458754,5.272884970051406,1.5193624814579194,1.640939214248674,0.029683953920921966
D_W,dw,1,1,0.01,0.02,512,512,0,512,,512,512,0,512,0,0.5158518685652514,0.4747437209531852,0.47827586811350764,0.5028424452627709,0.5552153605363201,0.4387049809881615,0.5223271745220144,0.007570339060459808,sample,8,0.5147604073836108,0.4747437209531852,0.47827586811350764,0.5028424452627709,0.5552153605363201,0.4387049809881615,0.5223271745220144,0.007570339060459808,1.9423416438175845,2.209560261841727,2.407670363199561,0.3981901908458754,5.24127774147847,1.5193624814579194,1.640939214248674,0.023782921577524388
D_W,dw,1,1,0.01,0.02,512,512,0,512,,512,512,0,512,0,0.5158518685652514,0.4747437209531852,0.47827586811350764,0.5028424452627709,0.5552153605363201,0.4387049809881615,0.5223271745220144,0.007570339060459808,sample,9,0.5158518685652514,0.47368964380474765,0.47827586811350764,0.5028424452627709,0.5552153605363201,0.4387049809881615,0.5223271745220144,0.007570339060459808,1.9499009470240192,2.1863657619630272,2.407670363199561,0.3981901908458754,5.254641313343036,1.5193624814579194,1.640939214248674,0.023782921577524388
D_W,dw,1,1,0.01,0.02,512,512,0,512,,512,512,0,512,0,0.5158518685652514,0.4747437209531852,0.47827586811350764,0.5028424452627709,0.5552153605363201,0.4387049809881615,0.5223271745220144,0.007570339060459808,sample,10,0.5158518685652514,0.4747437209531852,0.4771342055158514,0.5028424452627709,0.5552153605363201,0.4387049809881615,0.5223271745220144,0.007570339060459808,1.960727503809331,2.2249784742863787,2.407670363199561,0.3981901908458754,5.272884970051406,1.5193624814579194,1.640939214248674,0.023782921577524388
D_W,dw,1,1,0.01,0.02,512,512,0,512,,512,512,0,512,0,0.5158518685652514,0.4747437209531852,0.47827586811350764,0.5028424452627709,0.5552153605363201,0.4387049809881615,0.5223271745220144,0.007570339060459808,sample,11,0.5158518685652514,0.4747437209531852,0.47827586811350764,0.4984845351065209,0.5552153605363201,0.4387049809881615,0.5223271745220144,0.007570339060459808,1.9408869960341428,2.2004195939735305,2.408141229752382,0.39802118564224614,5.272884970051406,1.5982358746662666,1.640939214248674,0.023782921577524388
D_W,dw,1,1,0.01,0.02,512,512,0,512,,512,512,0,512,0,0.5158518685652514,0.4747437209531852,0.47827586811350764,0.5028424452627709,0.5552153605363201,0.4387049809881615,0.5223271745220144,0.007570339060459808,sample,12,0.5158518685652514,0.4747437209531852,0.47827586811350764,0.5028424452627709,0.5504480570695233,0.4387049809881615,0.5223271745220144,0.007570339060459808,1.9322758044536927,2.2004195939735305,2.452184135710156,0.38318915640430584,5.272884970051406,1.5145118388511298,1.640939214248674,0.023782921577524388
D_W,dw,1,1,0.01,0.02,512,512,0,512,,512,512,0,512,0,0.5158518685652514,0.4747437209531852,0.47827586811350764,0.5028424452627709,0.5552153605363201,0.4387049809881615,0.5223271745220144,0.007570339060459808,sample,13,0.5158518685652514,0.4747437209531852,0.47827586811350764,0.5028424452627709,0.5552153605363201,0.43459533132995837,0.5223271745220144,0.007570339060459808,1.981130881641514,2.2004195939735305,2.4398164929255777,0.4131242147479102,5.272884970051406,1.5193624814579194,1.640939214248674,0.023782921577524388
D_W,dw,1,1,0.01,0.02,512,512,0,512,,512,512,0,512,0,0.5158518685652514,0.4747437209531852,0.47827586811350764,0.5028424452627709,0.5552153605363201,0.4387049809881615,0.5223271745220144,0.007570339060459808,sample,14,0.5158518685652514,0.4747437209531852,0.47827586811350764,0.5028424452627709,0.5552153605363201,0.4387049809881615,0.5214305680767019,0.007570339060459808,1.9473741003432754,2.2004195939735305,2.407670363199561,0.3981901908458754,5.272884970051406,1.5193624814579194,1.638122442026919,0.023782921577524388
D_W,dw,1,1,0.01,0.02,512,512,0,512,,512,512,0,512,0,0.5158518685652514,0.4747437209531852,0.47827586811350764,0.5028424452627709,0.5552153605363201,0.4387049809881615,0.5223271745220144,0.007570339060459808,sample,15,0.5158518685652514,0.4747437209531852,0.47827586811350764,0.5028424452627709,0.5552153605363201,0.4387049809881615,0.5223271745220144,0.005627437449131683,1.9473741003432754,2.2004195939735305,2.407670363199561,0.3981901908458754,5.272884970051406,1.5193624814579194,1.640939214248674,0.01767911614872818
D_W,dw,1,1,0.01,0.02,512,512,0,512,,512,512,0,512,0,0.5158518685652514,0.4747437209531852,0.47827586811350764,0.5028424452627709,0.5552153605363201,0.4387049809881615,0.5223271745220144,0.007570339060459808,sample,16,0.5160063710303545,0.4745550433474277,0.47848089704433183,0.5028804762947389,0.5547133980823827,0.4382463800391575,0.5217289546778362,0.007761499998012359,1.9483091648911683,2.192083115432276,2.415882250781721,0.39823307504679173,5.273901579864917,1.5181982508021892,1.6390598511809724,0.024383471374592822
D_W,dw,1,1,0.01,0.02,512,512,0,512,,512,512,0,512,0,0.5158518685652514,0.4747437209531852,0.47827586811350764,0.5028424452627709,0.5552153605363201,0.4387049809881615,0.5223271745220144,0.007570339060459808,sample,17,0.5166927748467218,0.47502017840440164,0.4773999907524845,0.5034752275340212,0.5546370707415231,0.43808132099358194,0.5224361536927868,0.008411018022410285,1.9653146271873734,2.2157238020096233,2.417584927234032,0.3986957856549549,5.301487187769025,1.507276224492228,1.6412815824109672,0.0264239924284155
D_W,dw,1,1,0.01,0.02,512,512,0,512,,512,512,0,512,0,0.5158518685652514,0.4747437209531852,0.47827586811350764,0.5028424452627709,0.5552153605363201,0.4387049809881615,0.5223271745220144,0.007570339060459808,sample,18,0.5153098738641056,0.47353331512933744,0.47814182363714797,0.5028401939555875,0.5545966569670258,0.43645341455732606,0.5220466718096505,0.005875017053281195,1.9658462707610962,2.191442909683515,2.431136964485472,0.4043698356640732,5.236818389635953,1.5188217884734467,1.6400579889881997,0.018456910414302957
D_W,dw,1,1,0.01,0.02,512,512,0,512,,512,512,0,512,0,0.5158518685652514,0.4747437209531852,0.47827586811350764,0.5028424452627709,0.5552153605363201,0.4387049809881615,0.5223271745220144,0.007570339060459808,sample,19,0.5153307209098972,0.4745267162694563,0.4781515591566672,0.5022179953586694,0.5561450743282599,0.4375151512641508,0.5223438419465918,0.006725853863157065,1.958710099075363,2.2045477188202693,2.4091976662711336,0.40536170114149356,5.254156860495062,1.5313121396892273,1.6409915765072807,0.021129893085612767
D_W,dw,1,1,0.01,0.02,512,512,0,512,,512,512,0,512,0,0.5158518685652514,0.4747437209531852,0.47827586811350764,0.5028424452627709,0.5552153605363201,0.4387049809881615,0.5223271745220144,0.007570339060459808,sample,20,0.5148754846925035,0.4745468189780478,0.4782177463098931,0.5024727900680999,0.5560941452406561,0.4388057130757736,0.522427098695616,0.0075072437131295305,1.9455298850100302,2.207123765221829,2.399167329948725,0.4006229444530908,5.2412778241036575,1.5267419939737443,1.641253135298377,0.023584701697875892
D_W,dw,1,1,0.01,0.02,512,512,0,512,,512,512,0,512,0,0.5158518685652514,0.4747437209531852,0.47827586811350764,0.5028424452627709,0.5552153605363201,0.4387049809881615,0.5223271745220144,0.007570339060459808,sample,21,0.5148929922816944,0.47316523677161015,0.4782706701999447,0.5026146941035535,0.5560924038161701,0.4396173950785462,0.522158737564786,0.00807620225987512,1.941945898400523,2.1868814203401836,2.3924703289195968,0.39776215037383983,5.219054272111646,1.5242159951549994,1.6404100539412525,0.025372137688528966
D_W,dw,1,1,0.01,0.02,512,512,0,512,,512,512,0,512,0,0.5158518685652514,0.4747437209531852,0.47827586811350764,0.5028424452627709,0.5552153605363201,0.4387049809881615,0.5223271745220144,0.007570339060459808,sample,22,0.5150473482793371,0.4750307928191732,0.4782884674204455,0.5026164804460205,0.5552772199595762,0.43810014619630405,0.5220691373300453,0.007708983986413327,1.9476435275590456,2.210929117215752,2.4120966297711908,0.4005242009906065,5.254744613127155,1.5234978373571195,1.6401285665020313,0.024218487458357467
D_W,dw,1,1,0.01,0.02,512,512,0,512,,512,512,0,512,0,0.5158518685652514,0.4747437209531852,0.47827586811350764,0.5028424452627709,0.5552153605363201,0.4387049809881615,0.5223271745220144,0.007570339060459808,sample,23,0.5104815179550914,0.4718823989745448,0.47807552901792755,0.506523292872988,0.5523813403926682,0.43073820100562793,0.5197046015603967,0.007430523359739699,1.9996164979385567,2.201783847741247,2.4903782701259036,0.42007734642198774,5.06920689174886,1.4468995307935817,1.6327001582989527,0.023343677599285583
D_W,dw,1,1,0.01,0.02,512,512,0,512,,512,512,0,512,0,0.5158518685652514,0.4747437209531852,0.47827586811350764,0.5028424452627709,0.5552153605363201,0.4387049809881615,0.5223271745220144,0.007570339060459808,sample,24,0.516006451686327,0.47510701726514915,0.47783346635335533,0.5021929823476431,0.555868106191381,0.4376989424994098,0.5222722314854562,0.006904306930015395,1.9618110415770205,2.2136536633271624,2.410196661113788,0.4038068286003864,5.2838350338212825,1.5315636190563662,1.6407666056086572,0.021690519929465465
D_W,dw,1,1,0.01,0.02,512,512,0,512,,512,512,0,512,0,0.5158518685652514,0.4747437209531852,0.47827586811350764,0.5028424452627709,0.5552153605363201,0.4387049809881615,0.5223271745220144,0.007570339060459808,sample,25,0.5163857077480943,0.47427483764495615,0.4782989170109126,0.5023752187761934,0.5553509224214759,0.43800251648225813,0.5218998118440772,0.007116905086089127,1.9561395307697884,2.189199587009274,2.412316572129374,0.4010770615645194,5.279537253681778,1.5279106378070062,1.6395966147992482,0.022358416734753434
D_W,dw,1,1,0.01,0.02,512,512,0,512,,512,512,0,512,0,0.5158518685652514,0.4747437209531852,0.47827586811350764,0.5028424452627709,0.5552153605363201,0.4387049809881615,0.5223271745220144,0.007570339060459808,sample,26,0.5155105034822033,0.47462435721243584,0.4788311663018349,0.5011587368961091,0.5567323529237094,0.43850116512290915,0.5217129400452558,0.007804020370688745,1.9436956521160447,2.189387360480208,2.3963836673284824,0.40364927964956604,5.2610292245562915,1.550374543659157,1.639009539728908,0.024517053065020857
D_W,dw,1,1,0.01,0.02,512,512,0,512,,512,512,0,512,0,0.5158518685652514,0.4747437209531852,0.47827586811350764,0.5028424452627709,0.5552153605363201,0.4387049809881615,0.5223271745220144,0.007570339060459808,sample,27,0.5158059770101152,0.47511026984444155,0.47813774425056743,0.5026574587547193,0.5552374339543374,0.4384897552131731,0.5228453583554903,0.007751163716437493,1.949477185205185,2.208826486341343,2.4092978404430943,0.39900315413270016,5.278175594743183,1.5227236497026004,1.642567136773131,0.024350998988331787
D_W,dw,1,1,0.01,0.02,512,512,0,512,,512,512,0,512,0,0.5158518685652514,0.4747437209531852,0.47827586811350764,0.5028424452627709,0.5552153605363201,0.4387049809881615,0.5223271745220144,0.007570339060459808,sample,28,0.5161450122433038,0.4752174312311562,0.4783479601544411,0.5025530604429146,0.554849014284719,0.4389116824084289,0.5215132134336417,0.008016369654143842,1.943488431470413,2.2027040419576442,2.4094208203600207,0.3962224013080848,5.28979441072176,1.5242828383656146,1.6383820800731344,0.025184168013918446
D_W,dw,1,1,0.01,0.02,512,512,0,512,,512,512,0,512,0,0.5158518685652514,0.4747437209531852,0.47827586811350764,0.5028424452627709,0.5552153605363201,0.4387049809881615,0.5223271745220144,0.007570339060459808,sample,29,0.5151314710774444,0.4741451646781259,0.4797282542284851,0.5021075864514536,0.5540061590688565,0.4372521038709084,0.523280708216564,0.010025386766271524,1.9353931206328046,2.1657062582062863,2.430551911972792,0.3994886318151007,5.241890233723085,1.531791191980156,1.6439348286984217,0.031495681414314955
D_W,dw,1,1,0.01,0.02,512,512,0,512,,512,512,0,512,0,0.5158518685652514,0.4747437209531852,0.47827586811350764,0.5028424452627709,0.5552153605363201,0.4387049809881615,0.5223271745220144,0.007570339060459808,sample,30,0.5156419290424971,0.47541028182102824,0.4783565669486311,0.5030442696039348,0.555229768925958,0.43861236257215874,0.5226550454942938,0.007670510052994964,1.9451499689087433,2.2095825675972764,2.408195273556082,0.39860319424542967,5.278942378881551,1.5157319618047609,1.6419692512865123,0.024097618031775632
D_W,dw,1,1,0.01,0.02,512,512,0,512,,512,512,0,512,0,0.5158518685652514,0.4747437209531852,0.47827586811350764,0.5028424452627709,0.5552153605363201,0.4387049809881615,0.5223271745220144,0.007570339060459808,sample,31,0.5162158832848093,0.4747746678764999,0.47848221233554167,0.5014875558822728,0.5539458137939713,0.4389998363701593,0.5227612710221669,0.0063632388252481825,1.9377831471526648,2.193203803001275,2.4173000155385087,0.39288043233110487,5.283715193636032,1.5432283115339511,1.642302968624502,0.019990704346437037
D_W,dw,1,1,0.01,0.02,512,512,0,512,,512,512,0,512,0,0.5158518685652514,0.4747437209531852,0.47827586811350764,0.5028424452627709,0.5552153605363201,0.4387049809881615,0.5223271745220144,0.007570339060459808,sample,32,0.5143799465400755,0.47540105380095093,0.47904942348334434,0.5059092812521823,0.5538901491172838,0.4418216957314974,0.5219627480725777,0.008355435448946076,1.905802534483732,2.2048036820355086,2.3914595374905545,0.38360240119678857,5.241389885247523,1.4615784775400174,1.63979433479235,0.02624937462395273
D_W,dw,1,1,0.01,0.02,512,512,0,512,,512,512,0,512,0,0.5158518685652514,0.4747437209531852,0.47827586811350764,0.5028424452627709,0.5552153605363201,0.4387049809881615,0.5223271745220144,0.007570339060459808,sample,33,0.515994831429198,0.4747339674297447,0.47868900084701554,0.5042988842065561,0.554991309727708,0.4388630868985935,0.5222316554889793,0.00604526086064361,1.943866652434294,2.1899710963788843,2.407551138538695,0.3972058079498007,5.2767609172701135,1.4927811068065,1.6406391323562133,0.018991747108831877
D_W,dw,1,1,0.01,0.02,512,512,0,512,,512,512,0,512,0,0.5158518685652514,0.4747437209531852,0.47827586811350764,0.5028424452627709,0.5552153605363201,0.4387049809881615,0.5223271745220144,0.007570339060459808,sample,34,0.5161562751554812,0.474997142027602,0.47748523418494915,0.5035599868108794,0.5552319697516043,0.438594087949759,0.5227149711076075,0.0069709688958728205,1.9596967097319618,2.218334173193574,2.408046915549095,0.3987751674302916,5.286072078407069,1.506430179334693,1.6421575131530606,0.021899944671677003
D_W,dw,1,1,0.01,0.02,512,512,0,512,,512,512,0,512,0,0.5158518685652514,0.4747437209531852,0.47827586811350764,0.5028424452627709,0.5552153605363201,0.4387049809881615,0.5223271745220144,0.007570339060459808,sample,35,0.5161954231239104,0.4744154177384762,0.4788171920106081,0.5017264864986103,0.55446580206255,0.43771478254147295,0.5223337960453861,0.008946731387129946,1.947266361292729,2.1812338893305685,2.4228209127859444,0.39921322922505725,5.276731106782701,1.5391083955581453,1.6409600163778544,0.028106985599448655
D_W,dw,1,1,0.01,0.02,512,512,0,512,,512,512,0,512,0,0.5158518685652514,0.4747437209531852,0.47827586811350764,0.5028424452627709,0.5552153605363201,0.4387049809881615,0.5223271745220144,0.007570339060459808,sample,36,0.515163376822856,0.47568072669218114,0.4792403009760442,0.5033405791932583,0.5558456865482407,0.4385002575770624,0.5217001635672769,0.008494306487500136,1.9356618484206258,2.1976861237229834,2.4034513719460384,0.40104991589031314,5.269918093042879,1.5110494866208992,1.6389694012395506,0.026685650858470546
D_W,dw,1,1,0.01,0.02,512,512,0,512,,512,512,0,512,0,0.5158518685652514,0.4747437209531852,0.47827586811350764,0.5028424452627709,0.5552153605363201,0.4387049809881615,0.5223271745220144,0.007570339060459808,sample,37,0.5154258416442451,0.47455003854157807,0.47770473210156744,0.5028155104455979,0.5550456661594533,0.4385525570959,0.5227266047828147,0.0076948594644492335,1.9531273694431626,2.2137654779190843,2.410444089912178,0.3981856855909174,5.257299523054455,1.519692231005439,1.642194061421626,0.0241741139639196
D_W,dw,1,1,0.01,0.02,512,512,0,512,,512,512,0,512,0,0.5158518685652514,0.4747437209531852,0.47827586811350764,0.5028424452627709,0.5552153605363201,0.4387049809881615,0.5223271745220144,0.007570339060459808,sample,38,0.5163428609641713,0.47632915287086736,0.4789148954112196,0.504892078964116,0.5542744399682481,0.44013581641019606,0.5214771836130718,0.0067864967140852895,1.9280933555875148,2.2033443094184446,2.4031150528528604,0.39050366300884237,5.3166574287656045,1.480903282756855,1.6382688890535222,0.021320408220581618
D_W,dw,1,1,0.01,0.02,512,512,0,512,,512,512,0,512,0,0.5158518685652514,0.4747437209531852,0.47827586811350764,0.5028424452627709,0.5552153605363201,0.4387049809881615,0.5223271745220144,0.007570339060459808,sample,39,0.5176480602962948,0.47659724335249737,0.47835429886477926,0.5023890343227022,0.5574591964428618,0.43849928590704473,0.5218507124465406,0.007416607719479356,1.9606373080110129,2.206883973036249,2.389724381874506,0.40616626448498266,5.3585100599775,1.529242333069172,1.6394423644926515,0.023299960326073694
D_W,dw,1,1,0.01,0.02,512,512,0,512,,512,512,0,512,0,0.5158518685652514,0.4747437209531852,0.47827586811350764,0.5028424452627709,0.5552153605363201,0.4387049809881615,0.5223271745220144,0.007570339060459808,sample,40,0.5159874995678422,0.47404109100943764,0.4782331466006925,0.5028015246219852,0.5552375675651567,0.4387715510306955,0.5219859644557168,0.007266297070211817,1.9496284075260109,2.1908357967830647,2.406949174507957,0.39801675253804625,5.2644011495513325,1.5201220061213665,1.6398672712110627,0.022827745494578482
D_W,dw,1,1,0.01,0.02,512,512,0,512,,512,512,0,512,0,0.5158518685652514,0.4747437209531852,0.47827586811350764,0.5028424452627709,0.5552153605363201,0.4387049809881615,0.5223271745220144,0.007570339060459808,sample,41,0.5159538028312244,0.4758085970294857,0.4782471207431231,0.5022812167775184,0.5550253459156694,0.4381504470768193,0.5213961830103758,0.006325511165627039,1.948889346056347,2.2147186369017224,2.414090840945831,0.3994872989020135,5.2954013076685955,1.5293624901856115,1.638014418155156,0.019872179408134114
D_W,dw,1,1,0.01,0.02,512,512,0,512,,512,512,0,512,0,0.5158518685652514,0.4747437209531852,0.47827586811350764,0.5028424452627709,0.5552153605363201,0.4387049809881615,0.5223271745220144,0.007570339060459808,sample,42,0.5152386283093275,0.47400159488052035,0.4790129281919859,0.5043562154424215,0.5557180856738619,0.4390590684646694,0.5231002405734226,0.007149774766999954,1.9391138754383306,2.1791219539828393,2.3994171909339075,0.3988728603795534,5.242552763508437,1.4927718961250545,1.643367872876518,0.022461679882828732
D_W,dw,1,1,0.01,0.02,512,512,0,512,,512,512,0,512,0,0.5158518685652514,0.4747437209531852,0.47827586811350764,0.5028424452627709,0.5552153605363201,0.4387049809881615,0.5223271745220144,0.007570339060459808,sample,43,0.5156723520058958,0.4749871946271408,0.47892491454325703,0.5022549062747236,0.5548441853205396,0.4387044285590952,0.5232245618701538,0.007268386207123754,1.9362251404905173,2.190852769891472,2.4112662633342214,0.396908964902286,5.272118742821179,1.529704696649224,1.6437584397490133,0.022834308711753366
D_W,dw,1,1,0.01,0.02,512,512,0,512,,512,512,0,512,0,0.5158518685652514,0.4747437209531852,0.47827586811350764,0.5028424452627709,0.5552153605363201,0.4387049809881615,0.5223271745220144,0.007570339060459808,sample,44,0.5161281379681428,0.47511557642440594,0.4787484232314908,0.5035751710545949,0.5548829773467545,0.4382063424559932,0.5215694751704523,0.0073881159493457945,1.9466442077484944,2.1926126892165545,2.4143033703259253,0.39905076146245233,5.287442732198659,1.505746523507807,1.6385588315321769,0.023210450790334326
D_W,dw,1,1,0.01,0.02,512,512,0,512,,512,512,0,512,0,0.5158518685652514,0.4747437209531852,0.47827586811350764,0.5028424452627709,0.5552153605363201,0.4387049809881615,0.5223271745220144,0.007570339060459808,sample,45,0.5171842841452332,0.47748686371819055,0.4830892381880998,0.4995023028774519,0.5565608396159621,0.4370467699196467,0.5237205609062398,0.01015951107428615,1.9070516246549132,2.1090713844799693,2.40961083666284,0.408248613935677,5.364348094275415,1.5795954231533949,1.6453166666769685,0.031917045355041515
D_W,dw,1,1,0.01,0.02,512,512,0,512,,512,512,0,512,0,0.5158518685652514,0.4747437209531852,0.47827586811350764,0.5028424452627709,0.5552153605363201,0.4387049809881615,0.5223271745220144,0.007570339060459808,sample,46,0.5131645888109553,0.4721246040596998,0.47876592663318623,0.5027127886271473,0.5553710031864839,0.43817374740587856,0.5224346642585584,0.008437496889173828,1.9413359328029174,2.1739656101029947,2.410623328045386,0.4005760149851687,5.153603876570013,1.5218425227900667,1.6412769032153374,0.02650717824171523
D_W,dw,1,1,0.01,0.02,512,512,0,512,,512,512,0,512,0,0.5158518685652514,0.4747437209531852,0.47827586811350764,0.5028424452627709,0.5552153605363201,0.4387049809881615,0.5223271745220144,0.007570339060459808,sample,47,0.5160066933069338,0.4756849943927822,0.4785937280554658,0.5026817075672472,0.5537527868217584,0.436336127397479,0.5221758075236203,0.008671494312275334,1.9566974254464722,2.2048487994097736,2.4397916658781904,0.4021370326139911,5.2945804777409124,1.5209480093457244,1.6404636807985231,0.027242302827089865
D_W,dw,1,1,0.01,0.02,512,512,0,512,,512,512,0,512,0,0.5158518685652514,0.4747437209531852,0.47827586811350764,0.5028424452627709,0.5552153605363201,0.4387049809881615,0.5223271745220144,0.007570339060459808,sample,48,0.5145935076642666,0.47366145745528704,0.4778081342969434,0.5029185184585113,0.5544669843658652,0.44054760328363163,0.523010845964859,0.007117028071004161,1.9323149414787002,2.2059221827656676,2.3992151529787304,0.38920216848729194,5.218354816194662,1.5172642630823054,1.643087031430984,0.02235880310325901
D_W,dw,1,1,0.01,0.02,512,512,0,512,,512,512,0,512,0,0.5158518685652514,0.4747437209531852,0.47827586811350764,0.5028424452627709,0.5552153605363201,0.4387049809881615,0.5223271745220144,0.007570339060459808,sample,49,0.5151943853407102,0.47559224248403725,0.47840859125480845,0.5046223462766701,0.5550467899891047,0.43638066193167335,0.5207621107266104,0.0066325217766526395,1.9624777899833752,2.214927450868253,2.426571312947905,0.4064334584938211,5.2692049486374115,1.487021638021284,1.6360224213266337,0.020836681688306255
D_W,dw,1,1,0.01,0.02,512,512,0,512,,512,512,0,512,0,0.5158518685652514,0.4747437209531852,0.47827586811350764,0.5028424452627709,0.5552153605363201,0.4387049809881615,0.5223271745220144,0.007570339060459808,sample,50,0.5165028914936898,0.4757342050417188,0.4782681185224324,0.502707128435374,0.5551508177331507,0.4393268171050347,0.5214599561854963,0.007721447083090003,1.943011231365816,2.208219119384276,2.4032384093234223,0.39573646024866765,5.309626248726782,1.521749776359449,1.6382147674936107,0.02425764143131789
D_W,dw,1,1,0.01,0.02,512,512,0,512,,512,512,0,512,0,0.5158518685652514,0.4747437209531852,0.47827586811350764,0.5028424452627709,0.5552153605363201,0.4387049809881615,0.5223271745220144,0.007570339060459808,sample,51,0.5148649521697433,0.4755536053342137,0.4794557415366798,0.503283684749673,0.5547875712313078,0.4405576469867398,0.5231294561590482,0.008120600900079324,1.9115535510492623,2.193535872246009,2.396027660853733,0.3902797296912035,5.258716195777488,1.5109330902999818,1.6434596563456894,0.025511620130423865
D_W,dw,1,1,0.01,0.02,512,512,0,512,,512,512,0,512,0,0.5158518685652514,0.4747437209531852,0.47827586811350764,0.5028424452627709,0.5552153605363201,0.4387049809881615,0.5223271745220144,0.007570339060459808,sample,52,0.5155355428793564,0.47466310480524915,0.47766513637159186,0.5019341804387463,0.5552972181796922,0.43764165309043596,0.5221617329260234,0.007943768262268145,1.9607203764774488,2.215253885491365,2.415834352115314,0.4021498927859923,5.262428001497628,1.5358326832744231,1.6404194641461107,0.024956084014561362
D_W,dw,1,1,0.01,0.02,512,512,0,512,,512,512,0,512,0,0.5158518685652514,0.4747437209531852,0.47827586811350764,0.5028424452627709,0.5552153605363201,0.4387049809881615,0.5223271745220144,0.007570339060459808,sample,53,0.5155246592472578,0.47521200108253403,0.4783049970399511,0.5029675035603763,0.5559084040653304,0.4392786325794388,0.5214184029388254,0.0066040696514858485,1.9423845932223767,2.208999051062088,2.3967371347733275,0.3984164362051607,5.271920712809697,1.5177681361457094,1.6380842241191362,0.020747296700903247
D_W,dw,1,1,0.01,0.02,512,512,0,512,,512,512,0,512,0,0.5158518685652514,0.4747437209531852,0.47827586811350764,0.5028424452627709,0.5552153605363201,0.4387049809881615,0.5223271745220144,0.007570339060459808,sample,54,0.5172335552768395,0.4765916411960524,0.4772526429357882,0.5028664682395803,0.5514894763311003,0.4383598380742234,0.5203772192489249,0.004875606958118018,1.9527273568123888,2.234810775308488,2.4449196335493792,0.3876786337576947,5.3470083377393625,1.5151827794689543,1.6348132490879075,0.015317171001414845
D_W,dw,1,1,0.01,0.02,512,512,0,512,,512,512,0,512,0,0.5158518685652514,0.4747437209531852,0.47827586811350764,0.5028424452627709,0.5552153605363201,0.4387049809881615,0.5223271745220144,0.007570339060459808,sample,55,0.5155501412711117,0.473686373802026,0.4784300162123894,0.5034165073372919,0.5548944223565025,0.4386910715820826,0.5224460847583886,0.007303310605538582,1.9467477318601938,2.1853446730047823,2.410378478576753,0.3973114812824006,5.246130418726674,1.5086387142958584,1.641312781773704,0.022944026945244434
D_W,dw,1,1,0.01,0.02,512,512,0,512,,512,512,0,512,0,0.5158518685652514,0.4747437209531852,0.47827586811350764,0.5028424452627709,0.5552153605363201,0.4387049809881615,0.5223271745220144,0.007570339060459808,sample,56,0.5147121575100989,0.47459021546817604,0.4784499818058444,0.5015558422576452,0.554368015964106,0.43910658777990524,0.5218723636812369,0.006912506291107171,1.9323434600556144,2.2039473215616754,2.4125446532246464,0.3938542873450835,5.237220994867628,1.5421872680945643,1.6395103838525147,0.021716278982035517
D_W,dw,1,1,0.01,0.02,512,512,0,512,,512,512,0,512,0,0.5158518685652514,0.4747437209531852,0.47827586811350764,0.5028424452627709,0.5552153605363201,0.4387049809881615,0.5223271745220144,0.007570339060459808,sample,57,0.5153383479605849,0.4747564049897114,0.47742289310362696,0.5021568055964678,0.5551258494699165,0.43959752119444384,0.5221122771332207,0.007642830366374399,1.9462327105407011,2.2234098064983874,2.4014558476101366,0.39461160431905207,5.2583878103728185,1.5316911502084762,1.6402640941907645,0.0240106597316348
D_W,dw,1,1,0.01,0.02,512,512,0,512,,512,512,0,512,0,0.5158518685652514,0.4747437209531852,0.47827586811350764,0.5028424452627709,0.5552153605363201,0.4387049809881615,0.5223271745220144,0.007570339060459808,sample,58,0.5149608560095948,0.47499275380694983,0.478764228985331,0.5024272650476577,0.5554469005791437,0.4383045353162364,0.5225508740127358,0.00769108810610956,1.9403818532074473,2.2005440555119455,2.409009667058839,0.4003083644681566,5.251528702233207,1.527047870374304,1.6416419869253362,0.024162265892265628
D_W,dw,1,1,0.01,0.02,512,512,0,512,,512,512,0,512,0,0.5158518685652514,0.4747437209531852,0.47827586811350764,0.5028424452627709,0.5552153605363201,0.4387049809881615,0.5223271745220144,0.007570339060459808,sample,59,0.5153951875008624,0.4749798789363106,0.47841030028874376,0.5029102676577535,0.5553209358491055,0.4392052943885592,0.5228429389061411,0.007094913480239105,1.9395308358280205,2.2045723759382927,2.4026123940884507,0.3967552011225893,5.263991487918851,1.518237790947125,1.6425595358488299,0.022289328067374364
D_W,dw,1,1,0.01,0.02,512,512,0,512,,512,512,0,512,0,0.5158518685652514,0.4747437209531852,0.47827586811350764,0.5028424452627709,0.5552153605363201,0.4387049809881615,0.5223271745220144,0.007570339060459808,sample,60,0.5162267120822038,0.47473503559901503,0.47857722802667596,0.5028580722329387,0.5552531855402586,0.4385024962531657,0.5217817738716163,0.00737092029498936,1.947503478447533,2.1904913924935876,2.408963528584862,0.3990404661556342,5.28330482843578,1.5191155556663776,1.6392257875721203,0.023156429048934484
D_W,dw,1,1,0.01,0.02,512,512,0,512,,512,512,0,512,0,0.5158518685652514,0.4747437209531852,0.47827586811350764,0.5028424452627709,0.5552153605363201,0.4387049809881615,0.5223271745220144,0.007570339060459808,sample,61,0.5152617237406872,0.4751689883742787,0.4790111439116429,0.5036445754758716,0.5552488374555975,0.4388420343591319,0.5232457289583758,0.008067946617519672,1.9355038313694584,2.1949009953408165,2.405833619795716,0.39795984478062807,5.263491735354025,1.5049252091025704,1.6438249381178696,0.025346201823154422
D_W,dw,1,1,0.01,0.02,512,512,0,512,,512,512,0,512,0,0.5158518685652514,0.4747437209531852,0.47827586811350764,0.5028424452627709,0.5552153605363201,0.4387049809881615,0.5223271745220144,0.007570339060459808,sample,62,0.5146251041847172,0.47341471563784443,0.47854981293056814,0.5018831013867193,0.5545019818922153,0.43930021976448874,0.5226877108500788,0.007131393746412893,1.9331089699662463,2.1861608154793846,2.4096456306728014,0.3936227967899504,5.215324535216733,1.5362590031245995,1.6420718725282737,0.022403934203586936
D_W,dw,1,1,0.01,0.02,512,512,0,512,,512,512,0,512,0,0.5158518685652514,0.4747437209531852,0.47827586811350764,0.5028424452627709,0.5552153605363201,0.4387049809881615,0.5223271745220144,0.007570339060459808,sample,63,0.5162510718644099,0.4748829429115325,0.47879409315687954,0.5022455238973658,0.555414301224688,0.43948152189372014,0.5220703024033166,0.008018693381564253,1.936315580319534,2.187436953169001,2.399784505809507,0.39597444135220494,5.286661773874702,1.5302960235354524,1.6401322266876612,0.025191468218911352
D_W,dw,1,1,0.01,0.02,512,512,0,512,,512,512,0,512,0,0.5158518685652514,0.4747437209531852,0.47827586811350764,0.5028424452627709,0.5552153605363201,0.4387049809881615,0.5223271745220144,0.007570339060459808,sample,64,0.5161556492051966,0.4746302799585143,0.47857552108013723,0.5027321630618219,0.5550717620443707,0.43915994379546647,0.5235021124949557,0.007355662271604188,1.9412391620331324,2.189743186907216,2.4053064179060275,0.39608028579527177,5.279434655683932,1.521226006997754,1.6446303907528903,0.023108494554759326
D_W,dw,1,1,0.01,0.02,512,512,0,512,,512,512,0,512,0,0.5158518685652514,0.4747437209531852,0.47827586811350764,0.5028424452627709,0.5552153605363201,0.4387049809881615,0.5223271745220144,0.007570339060459808,sample,65,0.5157137608307892,0.4752290077970387,0.4779535135671623,0.5038868072833992,0.5540827648873102,0.4383456176915625,0.5222845404971052,0.00882889944776953,1.9503763792269928,2.2152886185056055,2.420245047530831,0.3960638197343501,5.277691770777651,1.4990519143471437,1.6408052755092264,0.027736805644395734
D_W,dw,1,1,0.01,0.02,512,512,0,512,,512,512,0,512,0,0.5158518685652514,0.4747437209531852,0.47827586811350764,0.5028424452627709,0.5552153605363201,0.4387049809881615,0.5223271745220144,0.007570339060459808,sample,66,0.5170537716680778,0.47393390275485153,0.4770783769998078,0.5027760532539275,0.5556738488336659,0.43898859968488957,0.5221939700670952,0.007483316446219788,1.968201824301918,2.2051898692969414,2.4012875354102103,0.3986509996273278,5.291746838980283,1.5209748030455854,1.6405207401116746,0.023509531971931764
D_W,dw,1,1,0.01,0.02,512,512,0,512,,512,512,0,512,0,0.5158518685652514,0.4747437209531852,0.47827586811350764,0.5028424452627709,0.5552153605363201,0.4387049809881615,0.5223271745220144,0.007570339060459808,sample,67,0.5154929016851699,0.47621323909019886,0.4784580147156633,0.5033873525376414,0.5534972088387571,0.43850381266599986,0.5211841128364915,0.007282062661115012,1.937265229042002,2.219943378620404,2.4246521504925185,0.3935261640443513,5.289694789861564,1.5075624384683506,1.6373481800548353,0.022877274559139463
D_W,dw,1,1,0.01,0.02,512,512,0,512,,512,512,0,512,0,0.5158518685652514,0.4747437209531852,0.47827586811350764,0.5028424452627709,0.5552153605363201,0.4387049809881615,0.5223271745220144,0.007570339060459808,sample,68,0.5162010243161174,0.4747845315887402,0.47757613225455736,0.5036454081817717,0.5551452205550428,0.4388348416507851,0.5211743562121078,0.006872043272631722,1.9572238948506282,2.2131265505253426,2.406821472490836,0.397651204947697,5.283476121765606,1.5047867626003975,1.6373175287153479,0.021589160660450978
D_W,dw,1,1,0.01,0.02,512,512,0,512,,512,512,0,512,0,0.5158518685652514,0.4747437209531852,0.47827586811350764,0.5028424452627709,0.5552153605363201,0.4387049809881615,0.5223271745220144,0.007570339060459808,sample,69,0.5152582350500245,0.4752161580047606,0.47857457666293385,0.5025137861296864,0.5553005390606511,0.43888318102594825,0.522569365824915,0.0074998552170273975,1.9383787582970222,2.2053830517200406,2.4056000702901064,0.3977762176618193,5.264238264669567,1.5253707869070083,1.64170008066663,0.023561490052800355
D_W,dw,1,1,0.01,0.02,512,512,0,512,,512,512,0,512,0,0.5158518685652514,0.4747437209531852,0.47827586811350764,0.5028424452627709,0.5552153605363201,0.4387049809881615,0.5223271745220144,0.007570339060459808,sample,70,0.5156394962629911,0.47452177125265227,0.4778191036594462,0.5033473233974599,0.5561197030608528,0.4385220551020237,0.5229570472732099,0.008184786859311413,1.9575917470034212,2.2091258465368915,2.4008429606836303,0.40186269156745785,5.262921146006161,1.5112207745517718,1.6429180178565264,0.02571326626841101
D_W,dw,1,1,0.01,0.02,512,512,0,512,,512,512,0,512,0,0.5158518685652514,0.4747437209531852,0.47827586811350764,0.5028424452627709,0.5552153605363201,0.4387049809881615,0.5223271745220144,0.007570339060459808,sample,71,0.5150583838582147,0.4740098224061464,0.478119309832281,0.5031503249507632,0.5547402594056169,0.43818772010519025,0.52259640964922,0.006340797242916015,1.950436484582716,2.200361312025788,2.4159762034747256,0.39857813526692315,5.237514326560967,1.5133093169043443,1.6417850413463917,0.019920202036247368
D_W,dw,1,1,0.01,0.02,512,512,0,512,,512,512,0,512,0,0.5158518685652514,0.4747437209531852,0.47827586811350764,0.5028424452627709,0.5552153605363201,0.4387049809881615,0.5223271745220144,0.007570339060459808,sample,72,0.5160037390851304,0.4740600288433757,0.4783312881293769,0.5021060715115687,0.555395122177883,0.43869105352962434,0.5219652783180047,0.007569500772312211,1.9485283667439828,2.188818064262551,2.406465595339257,0.3987142428025957,5.265180640294017,1.5327955504204698,1.6398022837927952,0.023780288017638308
D_W,dw,1,1,0.01,0.02,512,512,0,512,,512,512,0,512,0,0.5158518685652514,0.4747437209531852,0.47827586811350764,0.5028424452627709,0.5552153605363201,0.4387049809881615,0.5223271745220144,0.007570339060459808,sample,73,0.5163307635813172,0.47364712240667023,0.47698883052386937,0.5031319911071335,0.5535130489413069,0.44043725398352485,0.5224094350126558,0.007944469898451415,1.948253861016613,2.2093066517272044,2.4087946828468043,0.3865450762891229,5.267164834452024,1.5123354035531305,1.6411976432017539,0.024958288269640215
D_W,dw,1,1,0.01,0.02,512,512,0,512,,512,512,0,512,0,0.5158518685652514,0.4747437209531852,0.47827586811350764,0.5028424452627709,0.5552153605363201,0.4387049809881615,0.5223271745220144,0.007570339060459808,sample,74,0.5163204655801666,0.47394381926422374,0.478398181533633,0.5025622078345615,0.5555597677751605,0.43916280555918713,0.5234498187336051,0.007800431590860305,1.9470291693751283,2.1832666843530157,2.4009744016553003,0.39762650948908723,5.271963366037692,1.5247127325806138,1.6444661050564027,0.024505778580676478
D_W,dw,1,1,0.01,0.02,512,512,0,512,,512,512,0,512,0,0.5158518685652514,0.4747437209531852,0.47827586811350764,0.5028424452627709,0.5552153605363201,0.4387049809881615,0.5223271745220144,0.007570339060459808,sample,75,0.5164071188782702,0.47539046237933164,0.4779100640952476,0.502494358106653,0.5548930505660383,0.43786290206292816,0.5226354237774984,0.006844308201627373,1.9580941462810042,2.2122794905452436,2.4175028315858205,0.4001312360538118,5.3004129767725665,1.5253872376313093,1.6419076078451773,0.021502028365136924
D_W,dw,1,1,0.01,0.02,512,512,0,512,,512,512,0,512,0,0.5158518685652514,0.4747437209531852,0.47827586811350764,0.5028424452627709,0.5552153605363201,0.4387049809881615,0.5223271745220144,0.007570339060459808,sample,76,0.5160432441446514,0.474927891291892,0.4782928808072012,0.5046116927402606,0.5550595131127656,0.4382091155099296,0.523163264428915,0.007834742408068286,1.9543798509719372,2.2008953774677003,2.412001116737128,0.3998532580892324,5.281619957387717,1.4872330464415564,1.6435658681579337,0.024613569191955734
D_W,dw,1,1,0.01,0.02,512,512,0,512,,512,512,0,512,0,0.5158518685652514,0.4747437209531852,0.47827586811350764,0.5028424452627709,0.5552153605363201,0.4387049809881615,0.5223271745220144,0.007570339060459808,sample,77,0.5156111236871844,0.47455541282616776,0.4784693317996254,0.5026585333962902,0.5552336347944967,0.4387194769721308,0.5215311350439426,0.007661427968671608,1.9440489860338332,2.1956422652351097,2.4074708424144284,0.39816768648108747,5.262700686113955,1.5227009368542626,1.6384383824723963,0.024069085822386097
D_W,dw,1,1,0.01,0.02,512,512,0,512,,512,512,0,512,0,0.5158518685652514,0.4747437209531852,0.47827586811350764,0.5028424452627709,0.5552153605363201,0.4387049809881615,0.5223271745220144,0.007570339060459808,sample,78,0.5151482619357389,0.47500295816043286,0.4784639403201337,0.5026916990920448,0.5551445796911598,0.4392870531899219,0.52140021599051,0.00780477491013496,1.9360869416794795,2.2058022040544367,2.4036275019138076,0.39585567344841655,5.2572101666088855,1.5220233661683948,1.6380270881359176,0.024519423520601928
D_W,dw,1,1,0.01,0.02,512,512,0,512,,512,512,0,512,0,0.5158518685652514,0.4747437209531852,0.47827586811350764,0.5028424452627709,0.5552153605363201,0.4387049809881615,0.5223271745220144,0.007570339060459808,sample,79,0.5172614557153976,0.4761232607234381,0.4771816938882996,0.5025075174533491,0.5504416838072188,0.43640289091796974,0.5207883092780142,0.004326638172751661,1.967038745622947,2.2297805375117994,2.470445109522152,0.39174932429514503,5.338345744231891,1.5211259987735701,1.6361047265032587,0.013592534698257785
D_W,dw,1,1,0.01,0.02,512,512,0,512,,512,512,0,512,0,0.5158518685652514,0.4747437209531852,0.47827586811350764,0.5028424452627709,0.5552153605363201,0.4387049809881615,0.5223271745220144,0.007570339060459808,sample,80,0.515651108278889,0.4747220217172731,0.478158488044157,0.5029963097549159,0.5555472994038805,0.43894043617996487,0.5232034585585547,0.007888086487102665,1.9472988676921763,2.2043925427454063,2.402708359589726,0.3984488639435165,5.266777582432362,1.516906961625126,1.6436921417403272,0.02478115455876265
D_W,dw,1,1,0.01,0.02,512,512,0,512,,512,512,0,512,0,0.5158518685652514,0.4747437209531852,0.47827586811350764,0.5028424452627709,0.5552153605363201,0.4387049809881615,0.5223271745220144,0.007570339060459808,sample,81,0.5155772958506696,0.47520246255435117,0.4775059174238188,0.5028259453810948,0.5548465179036105,0.4387631389063994,0.521648505830034,0.007729578112675559,1.9523291417587514,2.225798650616238,2.410529719720678,0.39679061841774615,5.273271156100476,1.5193172410583555,1.638807113671727,0.024283185814129995
D_W,dw,1,1,0.01,0.02,512,512,0,512,,512,512,0,512,0,0.5158518685652514,0.4747437209531852,0.47827586811350764,0.5028424452627709,0.5552153605363201,0.4387049809881615,0.5223271745220144,0.007570339060459808,sample,82,0.517221747138283,0.47585034026375217,0.4789224430147979,0.5040315185818552,0.5603450235801515,0.4435674715077391,0.5232968487962391,0.006379927613098376,1.9271265008541323,2.1886058132696067,2.32159243161475,0.3990223660857356,5.331870040766062,1.5040876502812892,1.6439855358249533,0.020043133719744522
D_W,dw,1,1,0.01,0.02,512,512,0,512,,512,512,0,512,0,0.5158518685652514,0.4747437209531852,0.47827586811350764,0.5028424452627709,0.5552153605363201,0.4387049809881615,0.5223271745220144,0.007570339060459808,sample,83,0.5163221665057819,0.47465739701755405,0.47854964569936415,0.5030615709955881,0.5548678278950234,0.4388288733081409,0.5220543025545746,0.007375523682156277,1.9448812017797523,2.1892626411454126,2.409689032204733,0.39666389308603967,5.28457738226412,1.5150551100574872,1.6400819616803948,0.0231708910162397
D_W,dw,1,1,0.01,0.02,512,512,0,512,,512,512,0,512,0,0.5158518685652514,0.4747437209531852,0.47827586811350764,0.5028424452627709,0.5552153605363201,0.4387049809881615,0.5223271745220144,0.007570339060459808,sample,84,0.5166972237138706,0.4751089155700912,0.47817430308911824,0.5044433611175553,0.5556152544779426,0.43829352247765985,0.5222712856654894,0.008278212845183286,1.9594998150388747,2.2001894409285336,2.406484458784959,0.401292686487702,5.303255542668614,1.4910710251086325,1.6407636342275977,0.02600677265928047
D_W,dw,1,1,0.01,0.02,512,512,0,512,,512,512,0,512,0,0.5158518685652514,0.4747437209531852,0.47827586811350764,0.5028424452627709,0.5552153605363201,0.4387049809881615,0.5223271745220144,0.007570339060459808,sample,85,0.5158120440273738,0.4740944312334166,0.47847040994012174,0.5027642402337923,0.5557959913943478,0.438577329169293,0.5219184798888749,0.007578343807027488,1.9492743567791164,2.18778869189372,2.4035491736915873,0.40051168818962823,5.260400353624025,1.5212948846467909,1.6396552621916414,0.02380806923053526
D_W,dw,1,1,0.01,0.02,512,512,0,512,,512,512,0,512,0,0.5158518685652514,0.4747437209531852,0.47827586811350764,0.5028424452627709,0.5552153605363201,0.4387049809881615,0.5223271745220144,0.007570339060459808,sample,86,0.5153945977126182,0.4749049846063299,0.4778053447854159,0.5027709191959348,0.5543459261484015,0.43835869435439917,0.5222170321108327,0.00865074216612156,1.950192545791797,2.216774237791373,2.4183658627537956,0.3966360198760173,5.26264128441113,1.5198537447694738,1.6405931916588572,0.027177108037186946
D_W,dw,1,1,0.01,0.02,512,512,0,512,,512,512,0,512,0,0.5158518685652514,0.4747437209531852,0.47827586811350764,0.5028424452627709,0.5552153605363201,0.4387049809881615,0.5223271745220144,0.007570339060459808,sample,87,0.515309924076624,0.4742235056992514,0.4772937314101544,0.5021585022360147,0.5566673241638006,0.4391482329218904,0.521521923193748,0.0073814468818254346,1.9577278295005116,2.2189986400423005,2.3914243936321875,0.4012431910613529,5.248347366668205,1.5327239588653352,1.638409442591499,0.02318949929680607
D_W,dw,1,1,0.01,0.02,512,512,0,512,,512,512,0,512,0,0.5158518685652514,0.4747437209531852,0.47827586811350764,0.5028424452627709,0.5552153605363201,0.4387049809881615,0.5223271745220144,0.007570339060459808,sample,88,0.5190618842563687,0.47694836390031653,0.4753068418710473,0.49725886124642965,0.5527087865389739,0.45001206138275535,0.522552686924273,0.0068202390231680956,1.885548190075299,2.260908214679003,2.329032423180303,0.35066771281449255,5.403331033685083,1.6227548663070597,1.6416476823549033,0.021426412810911316
D_W,dw,1,1,0.01,0.02,512,512,0,512,,512,512,0,512,0,0.5158518685652514,0.4747437209531852,0.47827586811350764,0.5028424452627709,0.5552153605363201,0.4387049809881615,0.5223271745220144,0.007570339060459808,sample,89,0.5157615038915219,0.47474582997512893,0.4773087868847016,0.5032180973656788,0.555446168615528,0.43941736959781813,0.5226327448729298,0.008008932261106397,1.9538562016276888,2.222085755619243,2.3995969392549044,0.3964623460767084,5.270351568738102,1.5128213361098835,1.6418991918182648,0.025160802754590147
D_W,dw,1,1,0.01,0.02,512,512,0,512,,512,512,0,512,0,0.5158518685652514,0.4747437209531852,0.47827586811350764,0.5028424452627709,0.5552153605363201,0.4387049809881615,0.5223271745220144,0.007570339060459808,sample,90,0.5159783999588625,0.4753841729453904,0.4782198811620182,0.5030259610483421,0.5554217342213496,0.438548002776563,0.5228290990215808,0.007598803683311497,1.9495422409396523,2.2092593115081787,2.4070049160925957,0.39944981986190037,5.288138872224421,1.5162516679188442,1.6425160565691688,0.02387234582756246
D_W,dw,1,1,0.01,0.02,512,512,0,512,,512,512,0,512,0,0.5158518685652514,0.4747437209531852,0.47827586811350764,0.5028424452627709,0.5552153605363201,0.4387049809881615,0.5223271745220144,0.007570339060459808,sample,91,0.5164006944048443,0.47441903769735616,0.4784845817753707,0.5027108295549645,0.555518672321308,0.43872975214559023,0.5221826880095385,0.007545642228089842,1.9489295895492316,2.186902786730597,2.4048098751408746,0.3990605484824896,5.282502631596221,1.5220077262593414,1.6404852964825372,0.023705334190383967
D_W,dw,1,1,0.01,0.02,512,512,0,512,,512,512,0,512,0,0.5158518685652514,0.4747437209531852,0.47827586811350764,0.5028424452627709,0.5552153605363201,0.4387049809881615,0.5223271745220144,0.007570339060459808,sample,92,0.5153800678031759,0.4751700103920239,0.47834640749670626,0.5017330321416895,0.5552793800330291,0.4389042742416649,0.522248588695193,0.008689719666142615,1.9402043221569223,2.2087528352321257,2.4058878586438244,0.3975353245290409,5.266962025170723,1.5394561651385492,1.6406923295924558,0.02729955946490839
D_W,dw,1,1,0.01,0.02,512,512,0,512,,512,512,0,512,0,0.5158518685652514,0.4747437209531852,0.47827586811350764,0.5028424452627709,0.5552153605363201,0.4387049809881615,0.5223271745220144,0.007570339060459808,sample,93,0.5163597006241847,0.47250498245019024,0.47683653355843575,0.5004422481820481,0.5560032449051395,0.4384976842746752,0.5231494185069724,0.007550383972190668,1.9727421682509398,2.197444907239955,2.4029432374289024,0.401252224771856,5.249128335864768,1.5628996595520694,1.6435223699112766,0.023720230818816326
D_W,dw,1,1,0.01,0.02,512,512,0,512,,512,512,0,512,0,0.5158518685652514,0.4747437209531852,0.47827586811350764,0.5028424452627709,0.5552153605363201,0.4387049809881615,0.5223271745220144,0.007570339060459808,sample,94,0.516796564902309,0.47527139171464067,0.47696149355956563,0.5021525282364333,0.5557221606636109,0.4392338184786901,0.5218799457657711,0.007888115644732845,1.9624024907249913,2.2274036777453827,2.399096706540265,0.3978460322052959,5.309043132594216,1.5321858625835811,1.6395342036735863,0.02478124616015942
D_W,dw,1,1,0.01,0.02,512,512,0,512,,512,512,0,512,0,0.5158518685652514,0.4747437209531852,0.47827586811350764,0.5028424452627709,0.5552153605363201,0.4387049809881615,0.5223271745220144,0.007570339060459808,sample,95,0.5160299276840603,0.4751266957388595,0.4791836174096791,0.5029056607291865,0.5550293553352605,0.4381840283117454,0.5233160804501895,0.0071491521089080655,1.9406093595234535,2.1838440203790874,2.413519941934546,0.39947353253311463,5.284862001279389,1.5180433035853802,1.6440459538477206,0.022459723744741554
D_W,dw,1,1,0.01,0.02,512,512,0,512,,512,512,0,512,0,0.5158518685652514,0.4747437209531852,0.47827586811350764,0.5028424452627709,0.5552153605363201,0.4387049809881615,0.5223271745220144,0.007570339060459808,sample,96,0.516051327356712,0.4746913916537657,0.477931052413461,0.5028262056012507,0.5554099030410624,0.4390512106712559,0.5232466177920857,0.007366520188860115,1.950265259963618,2.205523697614528,2.403113764812692,0.3975791862199447,5.277593819235491,1.519835064939342,1.6438277304713227,0.023142605707843832
D_W,dw,1,1,0.01,0.02,512,512,0,512,,512,512,0,512,0,0.5158518685652514,0.4747437209531852,0.47827586811350764,0.5028424452627709,0.5552153605363201,0.4387049809881615,0.5223271745220144,0.007570339060459808,sample,97,0.5159383513659128,0.4750857744252444,0.47830158355280716,0.5014511181615866,0.5547957478740587,0.43834031978311144,0.521721030950333,0.005690042730304384,1.9460239111167437,2.203748004843709,2.414892747074617,0.39797686443146835,5.281509859197355,1.544320201707788,1.639034958056859,0.01787579644013626
D_W,dw,1,1,0.01,0.02,512,512,0,512,,512,512,0,512,0,0.5158518685652514,0.4747437209531852,0.47827586811350764,0.5028424452627709,0.5552153605363201,0.4387049809881615,0.5223271745220144,0.007570339060459808,sample,98,0.5134712784389901,0.4719907967081982,0.4781329289550555,0.5006285828478928,0.5527617712650303,0.4409896920062135,0.5232776766908528,0.010754201838927183,1.9163774455822573,2.1839107860237768,2.412005372225002,0.3818584945403719,5.160688086176734,1.5588832864198185,1.643925304879518,0.03378532149239548
D_W,dw,1,1,0.01,0.02,512,512,0,512,,512,512,0,512,0,0.5158518685652514,0.4747437209531852,0.47827586811350764,0.5028424452627709,0.5552153605363201,0.4387049809881615,0.5223271745220144,0.007570339060459808,sample,99,0.5156698515291588,0.47484551443442147,0.47904222528692286,0.5024683100556169,0.554272340695471,0.43923643574294147,0.5220121110702695,0.006946894458160395,1.9292827877988965,2.186320111079194,2.412049192631335,0.3931884927952976,5.269508906338436,1.5253475717760976,1.6399494132232577,0.021824312595020344
D_W,dw,1,1,0.01,0.02,512,512,0,512,,512,512,0,512,0,0.5158518685652514,0.4747437209531852,0.47827586811350764,0.5028424452627709,0.5552153605363201,0.4387049809881615,0.5223271745220144,0.007570339060459808,sample,100,0.5149878904670574,0.4738314522975817,0.4786145532735374,0.5028503222834715,0.5550045483987922,0.4380307477184973,0.5233410483213524,0.007793012943721014,1.9464344104051623,2.1876321339034415,2.414999258407245,0.3999371026380006,5.232526502507508,1.51902287972801,1.6441243927283418,0.024482472213324107
D_W,dw,1,1,0.01,0.02,512,512,0,512,,512,512,0,512,0,0.5158518685652514,0.4747437209531852,0.47827586811350764,0.5028424452627709,0.5552153605363201,0.4387049809881615,0.5223271745220144,0.007570339060459808,sample,101,0.5154785562231747,0.47525626827655526,0.47781471717358487,0.5024055359298545,0.5544572851093811,0.43930871670041016,0.522008026647694,0.006846303789315118,1.9416763597574045,2.220747622992534,2.409795914680578,0.3935145685392957,5.271387039505778,1.526652129046898,1.6399365816313003,0.02150829768875634
D_W,dw,1,1,0.01,0.02,512,512,0,512,,512,512,0,512,0,0.5158518685652514,0.4747437209531852,0.47827586811350764,0.5028424452627709,0.5552153605363201,0.4387049809881615,0.5223271745220144,0.007570339060459808,sample,102,0.5159229545777383,0.47447476588342546,0.47784406393460815,0.5027714897185472,0.5554847423075658,0.4390394378633362,0.5214073206258549,0.007319763308402868,1.9514141257860258,2.205573083339514,2.4025644238056914,0.39785499654382656,5.270133751410642,1.520887323971242,1.6380494080061236,0.02299571463569457
D_W,dw,1,1,0.01,0.02,512,512,0,512,,512,512,0,512,0,0.5158518685652514,0.4747437209531852,0.47827586811350764,0.5028424452627709,0.5552153605363201,0.4387049809881615,0.5223271745220144,0.007570339060459808,sample,103,0.5152924199445099,0.47502685673362144,0.47818100215251513,0.5032723263981901,0.5556636979076572,0.43915228584203975,0.5226286268704792,0.007452393864893778,1.943833999181547,2.2111530840076505,2.3997996405133053,0.3981231221670658,5.2618432765985546,1.5120764673794023,1.6418862547320185,0.023412385817607937
D_W,dw,1,1,0.01,0.02,512,512,0,512,,512,512,0,512,0,0.5158518685652514,0.4747437209531852,0.47827586811350764,0.5028424452627709,0.5552153605363201,0.4387049809881615,0.5223271745220144,0.007570339060459808,sample,104,0.5163447128374062,0.47432682081850025,0.47812995809451486,0.5036260152617753,0.5555156043520163,0.4385431139450513,0.5219779380860041,0.007343710933689676,1.9561082070208227,2.1938918703434127,2.4058841190111493,0.3998866622228644,5.279318760755027,1.5055737255015371,1.6398420556269384,0.023070948319366527
D_W,dw,1,1,0.01,0.02,512,512,0,512,,512,512,0,512,0,0.5158518685652514,0.4747437209531852,0.47827586811350764,0.5028424452627709,0.5552153605363201,0.4387049809881615,0.5223271745220144,0.007570339060459808,sample,105,0.5157473260256076,0.4734586690965257,0.47746898535131593,0.5024301987428978,0.5541162081692889,0.43930254598835566,0.5219799397276691,0.008320547858137335,1.9503366506086826,2.2014218031488455,2.4129525545362775,0.39244389341490177,5.247877321262101,1.5259194371342413,1.6398483439696883,0.026139772024966538
D_W,dw,1,1,0.01,0.02,512,512,0,512,,512,512,0,512,0,0.5158518685652514,0.4747437209531852,0.47827586811350764,0.5028424452627709,0.5552153605363201,0.4387049809881615,0.5223271745220144,0.007570339060459808,sample,106,0.5166807793065542,0.4757071289360283,0.47657327632303736,0.5022904425820397,0.5524682053660194,0.4376792191581747,0.5205244436701963,0.004835261533810647,1.9676403420354012,2.242465928203403,2.441347661821558,0.39313665142412374,5.314101130041793,1.5271701099429422,1.6352757682482029,0.015190422112804844
D_W,dw,1,1,0.01,0.02,512,512,0,512,,512,512,0,512,0,0.5158518685652514,0.4747437209531852,0.47827586811350764,0.5028424452627709,0.5552153605363201,0.4387049809881615,0.5223271745220144,0.007570339060459808,sample,107,0.5151378479559501,0.4749979256910744,0.47840658861789753,0.5031650695952458,0.5556840875346116,0.43919951553076375,0.5226419623713958,0.007336061271110194,1.9400554365214089,2.207090601030218,2.399286324895004,0.39800137074154796,5.256816211580041,1.5140176705655626,1.6419281494437301,0.023046916195604384
D_W,dw,1,1,0.01,0.02,512,512,0,512,,512,512,0,512,0,0.5158518685652514,0.4747437209531852,0.47827586811350764,0.5028424452627709,0.5552153605363201,0.4387049809881615,0.5223271745220144,0.007570339060459808,sample,108,0.5150251675956854,0.47577752514194954,0.4803193910000465,0.5039558268770986,0.5566407570416569,0.43865874722572845,0.522756354153095,0.007355859851660747,1.9250313264476557,2.1750829184537137,2.394801489339167,0.4032041093028607,5.267600378502516,1.5010689071357077,1.6422875218247472,0.02310911527081351
D_W,dw,1,1,0.01,0.02,512,512,0,512,,512,512,0,512,0,0.5158518685652514,0.4747437209531852,0.47827586811350764,0.5028424452627709,0.5552153605363201,0.4387049809881615,0.5223271745220144,0.007570339060459808,sample,109,0.5142830827699472,0.4742397060819131,0.47825904021342464,0.5039847181622842,0.5575802414184176,0.43838573780816903,0.5219170254319634,0.007988314217755811,1.9540821271419604,2.2066421641923375,2.3888338301983203,0.4072554674465728,5.218650822422695,1.5017036086801623,1.6396506928804935,0.02509602926106855
D_W,dw,1,1,0.01,0.02,512,512,0,512,,512,512,0,512,0,0.5158518685652514,0.4747437209531852,0.47827586811350764,0.5028424452627709,0.5552153605363201,0.4387049809881615,0.5223271745220144,0.007570339060459808,sample,110,0.5157095344844259,0.4749235655430788,0.477878517948276,0.5027598316794544,0.5550065641374174,0.4385383074198553,0.5226971621169596,0.00724757726720857,1.9514563465179964,2.2127462210743847,2.4109370438775803,0.39810204301398106,5.272041829112399,1.5206655936161535,1.6421015645588735,0.02276893549898683
D_W,dw,1,1,0.01,0.02,512,512,0,512,,512,512,0,512,0,0.5158518685652514,0.4747437209531852,0.47827586811350764,0.5028424452627709,0.5552153605363201,0.4387049809881615,0.5223271745220144,0.007570339060459808,sample,111,0.5173877798712259,0.4738985044440387,0.4774981160489019,0.49862186747129494,0.5574340987339964,0.4402608577884123,0.5237303941115199,0.006985273622569539,1.9541134141789804,2.193152030960147,2.3757202627842076,0.39980696014912487,5.300040934123749,1.5947867464008998,1.645347558602438,0.021944884295979024
D_W,dw,1,1,0.01,0.02,512,512,0,512,,512,512,0,512,0,0.5158518685652514,0.4747437209531852,0.47827586811350764,0.5028424452627709,0.5552153605363201,0.4387049809881615,0.5223271745220144,0.007570339060459808,sample,112,0.5150221002363474,0.47369610866096323,0.4792703940444374,0.5040013446612388,0.5556270908318998,0.43813015066367283,0.5233013276366434,0.008146935631252804,1.9424952077751478,2.170937204813015,2.4079927093138935,0.4018076471061139,5.2312858734905205,1.4989884224425292,1.6439996065170643,0.025594353128412736
D_W,dw,1,1,0.01,0.02,512,512,0,512,,512,512,0,512,0,0.5158518685652514,0.4747437209531852,0.47827586811350764,0.5028424452627709,0.5552153605363201,0.4387049809881615,0.5223271745220144,0.007570339060459808,sample,113,0.5151780410975536,0.4748875020514027,0.4787777423483244,0.5046750790437893,0.5550546968557206,0.4376271496976887,0.5214197967175516,0.008352790809579345,1.9495279689735738,2.1969553136645614,2.4166518312642107,0.4019520016404238,5.2560388761001,1.4860825691811066,1.6380886028041433,0.02624106624434681
D_W,dw,1,1,0.01,0.02,512,512,0,512,,512,512,0,512,0,0.5158518685652514,0.4747437209531852,0.47827586811350764,0.5028424452627709,0.5552153605363201,0.4387049809881615,0.5223271745220144,0.007570339060459808,sample,114,0.5183087301193225,0.4756145595082894,0.47725157229798726,0.5014009893956074,0.5550968605952143,0.4350979184153853,0.5219856207387142,0.007056058922039593,1.9962962933994688,2.2117368607509924,2.437564807056818,0.4107324923170494,5.356405600759243,1.5453740513449032,1.6398661913922525,0.0221672628727763
D_W,dw,1,1,0.01,0.02,512,512,0,512,,512,512,0,512,0,0.5158518685652514,0.4747437209531852,0.47827586811350764,0.5028424452627709,0.5552153605363201,0.4387049809881615,0.5223271745220144,0.007570339060459808,sample,115,0.5175656847437216,0.47519283373057963,0.47750156654753184,0.5023055668005263,0.5558174742578532,0.438139513475104,0.5217073580828708,0.007339936216280898,1.9695645044504575,2.207973029634004,2.407077589431272,0.4020786878099136,5.328523284024035,1.529514327492232,1.6389920034768866,0.02305908969488573
D_W,dw,1,1,0.01,0.02,512,512,0,512,,512,512,0,512,0,0.5158518685652514,0.4747437209531852,0.47827586811350764,0.5028424452627709,0.5552153605363201,0.4387049809881615,0.5223271745220144,0.007570339060459808,sample,116,0.515876672659439,0.47440767055656496,0.4783002566609869,0.5027618947791861,0.5545549731682535,0.43964975222751607,0.521906766660273,0.007711436618731336,1.9379589460695785,2.1951576984202226,2.4059503309416135,0.39266247162378254,5.267650777251698,1.5202136085099032,1.6396184639987161,0.02422619263002968
D_W,dw,1,1,0.01,0.02,512,512,0,512,,512,512,0,512,0,0.5158518685652514,0.4747437209531852,0.47827586811350764,0.5028424452627709,0.5552153605363201,0.4387049809881615,0.5223271745220144,0.007570339060459808,sample,117,0.5173952420304058,0.47440778645179854,0.47819956147467896,0.501219944449342,0.5568683220866532,0.437579148917512,0.5230364719067996,0.008642518157990645,1.9685605914811775,2.1845384057733575,2.4025931897488495,0.40737479481537286,5.309366200016765,1.5493475250732853,1.6431675377019257,0.0271512715536598
D_W,dw,1,1,0.01,0.02,512,512,0,512,,512,512,0,512,0,0.5158518685652514,0.4747437209531852,0.47827586811350764,0.5028424452627709,0.5552153605363201,0.4387049809881615,0.5223271745220144,0.007570339060459808,sample,118,0.5157778266683086,0.4747311444220303,0.47892957998470315,0.5022800589957752,0.5554213781722945,0.43955691291031496,0.5219753821676003,0.007831827613063136,1.9322793690702156,2.1864009225343186,2.3990874106441993,0.39573405651010973,5.2705553874400435,1.529679089797555,1.6398340259724578,0.024604412093380833
D_W,dw,1,1,0.01,0.02,512,512,0,512,,512,512,0,512,0,0.5158518685652514,0.4747437209531852,0.47827586811350764,0.5028424452627709,0.5552153605363201,0.4387049809881615,0.5223271745220144,0.007570339060459808,sample,119,0.5151687704686845,0.4754254678902827,0.479054669768322,0.5023729660412165,0.554451531626867,0.4396045527231003,0.5217236087929974,0.008835442097491188,1.9229460537165262,2.1982865885592235,2.4074316135969576,0.3924308349615928,5.265399981457583,1.5272444658776234,1.6390430565884357,0.02775735998469631
D_W,dw,1,1,0.01,0.02,512,512,0,512,,512,512,0,512,0,0.5158518685652514,0.4747437209531852,0.47827586811350764,0.5028424452627709,0.5552153605363201,0.4387049809881615,0.5223271745220144,0.007570339060459808,sample,120,0.5157674319535128,0.4750756978137567,0.4774833736169859,0.5033058085141116,0.55452238258033,0.43898395417426805,0.5224904137852909,0.007285901885922655,1.9516835607949476,2.2228553907182347,2.4114272213840193,0.3950420089301978,5.276443929671071,1.5102383271148363,1.6414520455189612,0.02288933583959063
D_W,dw,1,1,0.01,0.02,512,512,0,512,,512,512,0,512,0,0.5158518685652514,0.4747437209531852,0.47827586811350764,0.5028424452627709,0.5552153605363201,0.4387049809881615,0.5223271745220144,0.007570339060459808,sample,121,0.5153639384517753,0.4754465046136225,0.4793542656634662,0.5032946149841413,0.5555202737386226,0.43863301177996517,0.5231449791317445,0.007657184439133832,1.933467820011151,2.190062580956971,2.4052984776783566,0.3995135880007914,5.271515402424891,1.5115250772937332,1.6435084232026742,0.024055754381164925
D_W,dw,1,1,0.01,0.02,512,512,0,512,,512,512,0,512,0,0.5158518685652514,0.4747437209531852,0.47827586811350764,0.5028424452627709,0.5552153605363201,0.4387049809881615,0.5223271745220144,0.007570339060459808,sample,122,0.5164106350155124,0.4748370174594031,0.4787658570729405,0.5035244883307359,0.5541412872960866,0.43885194653728266,0.522625485995062,0.007899370145134074,1.9406555844053306,2.1860913328653098,2.41584576682991,0.39434069861614135,5.290290756417295,1.5057900719093977,1.641876387380882,0.024816603215939745
D_W,dw,1,1,0.01,0.02,512,512,0,512,,512,512,0,512,0,0.5158518685652514,0.4747437209531852,0.47827586811350764,0.5028424452627709,0.5552153605363201,0.4387049809881615,0.5223271745220144,0.007570339060459808,sample,123,0.5153305105498638,0.4746136170451817,0.47944581830916905,0.5045470898620393,0.5560114354957386,0.43950261602904545,0.5231328994988654,0.006926609866114605,1.9309074864853417,2.176863563622407,2.3930410173355705,0.3983069184836512,5.255661781095906,1.4897925095248983,1.6434704739167632,0.021760586669668222
D_W,dw,1,1,0.01,0.02,512,512,0,512,,512,512,0,512,0,0.5158518685652514,0.4747437209531852,0.47827586811350764,0.5028424452627709,0.5552153605363201,0.4387049809881615,0.5223271745220144,0.007570339060459808,sample,124,0.5170719744662473,0.474922984728236,0.47865583688947627,0.5022308698475021,0.5558667271465015,0.4375488422146141,0.5227677844928388,0.00875561913216345,1.9591000402458596,2.183919646473723,2.411391607260953,0.40434638301442305,5.310100014045003,1.5308855366073464,1.6423234312961146,0.027506588743234934
D_W,dw,1,1,0.01,0.02,512,512,0,512,,512,512,0,512,0,0.5158518685652514,0.4747437209531852,0.47827586811350764,0.5028424452627709,0.5552153605363201,0.4387049809881615,0.5223271745220144,0.007570339060459808,sample,125,0.5155523603818597,0.47426673094591715,0.4785517571682834,0.5032268407994067,0.5555254631625491,0.4386336126799319,0.5217369593436003,0.00684743376223061,1.946123235624167,2.190411062967304,2.405282805736743,0.3995153506637016,5.256013944030625,1.512747005264781,1.6390849985801312,0.021511847603366403
D_W,dw,1,1,0.01,0.02,512,512,0,512,,512,512,0,512,0,0.5158518685652514,0.4747437209531852,0.47827586811350764,0.5028424452627709,0.5552153605363201,0.4387049809881615,0.5223271745220144,0.007570339060459808,sample,126,0.515390471336856,0.4745401799339124,0.47760619050943104,0.5023371186169427,0.5559511369787516,0.4366770756154222,0.5212542957150996,0.007454531883213195,1.971759078139181,2.216042544265568,2.4174889018256,0.4077723770804627,5.256111026943139,1.5290498869141333,1.6375686660706785,0.02341910260025346
D_W,dw,1,1,0.01,0.02,512,512,0,512,,512,512,0,512,0,0.5158518685652514,0.4747437209531852,0.47827586811350764,0.5028424452627709,0.5552153605363201,0.4387049809881615,0.5223271745220144,0.007570339060459808,sample,127,0.5164301757314986,0.476456648829201,0.4794694311791277,0.5008881628291457,0.5538545809934665,0.436903088691786,0.5223461883834811,0.006541524127595858,1.939776991314604,2.1915927966180613,2.4349904862231315,0.4001846526469652,5.321683333800819,1.5543059502193437,1.6409989480561744,0.020550804142535527
D_W,dw,1,1,0.01,0.02,512,512,0,512,,512,512,0,512,0,0.5158518685652514,0.4747437209531852,0.47827586811350764,0.5028424452627709,0.5552153605363201,0.4387049809881615,0.5223271745220144,0.007570339060459808,sample,128,0.51602526923451,0.47514375578635265,0.4776672659716742,0.5022611142562048,0.5545594250551394,0.4380498494044737,0.5218980381178686,0.008555877401481261,1.956610116799135,2.2175780658035045,2.419118500383953,0.39835874196731674,5.285042086914836,1.5293768823549199,1.6395910424740219,0.02687908158950846
D_W,dw,1,1,0.01,0.02,512,512,0,512,,512,512,0,512,0,0.5158518685652514,0.4747437209531852,0.47827586811350764,0.5028424452627709,0.5552153605363201,0.4387049809881615,0.5223271745220144,0.007570339060459808,sample,129,0.5162342593275996,0.4749357370778634,0.47782703884771305,0.5032348689639587,0.55583102984955,0.4390915947917857,0.5213477583389506,0.0072432969591525774,1.9536364520666583,2.2094814375214424,2.398825567072279,0.39887645619085704,5.287149458624328,1.5129206913550932,1.637862287563154,0.022755488514643023
D_W,dw,1,1,0.01,0.02,512,512,0,512,,512,512,0,512,0,0.5158518685652514,0.4747437209531852,0.47827586811350764,0.5028424452627709,0.5552153605363201,0.4387049809881615,0.5223271745220144,0.007570339060459808,sample,130,0.5152713383768317,0.47529156769389813,0.4786320206324778,0.5021234609850771,0.5549824291084339,0.43797391203221286,0.5223282181492522,0.007661550319889106,1.9433467193694391,2.205042242250655,2.4159498257806775,0.3999661718715732,5.265983470192577,1.5321947915983274,1.6409424929003376,0.024069470200072145
D_W,dw,1,1,0.01,0.02,512,512,0,512,,512,512,0,512,0,0.5158518685652514,0.4747437209531852,0.47827586811350764,0.5028424452627709,0.5552153605363201,0.4387049809881615,0.5223271745220144,0.007570339060459808,sample,131,0.5158159592827342,0.47501883459903604,0.4786980636009195,0.503073615248607,0.5557288661559356,0.4387879967227259,0.5215130055158981,0.007529115403559656,1.9431587103945844,2.1951255576038227,2.402292259248007,0.39959513498811244,5.2768027800028,1.5156991278359864,1.6383814268802785,0.023653413639852766
D_W,dw,1,1,0.01,0.02,512,512,0,512,,512,512,0,512,0,0.5158518685652514,0.4747437209531852,0.47827586811350764,0.5028424452627709,0.5552153605363201,0.4387049809881615,0.5223271745220144,0.007570339060459808,sample,132,0.5158628145250184,0.4739772770451697,0.4790658952738605,0.5021740302045212,0.5563591109103957,0.4372656891131923,0.5222307965743208,0.007125945783274259,1.9544771762902278,2.1726731252686164,2.4093049157538116,0.40694080763588547,5.259819560649923,1.5322408419360036,1.640636433996232,0.022386818922613575
D_W,dw,1,1,0.01,0.02,512,512,0,512,,512,512,0,512,0,0.5158518685652514,0.4747437209531852,0.47827586811350764,0.5028424452627709,0.5552153605363201,0.4387049809881615,0.5223271745220144,0.007570339060459808,sample,133,0.5165276486392314,0.47471368490504856,0.47731770678290825,0.5024500330368422,0.5540654309170866,0.43909467432333515,0.5219979421230653,0.0087597975196349,1.9542185747874812,2.2148443609038466,2.415107651145952,0.3930328717845585,5.2913050126010015,1.5255112347671038,1.6399049001628119,0.027519715534619096
D_W,dw,1,1,0.01,0.02,512,512,0,512,,512,512,0,512,0,0.5158518685652514,0.4747437209531852,0.47827586811350764,0.5028424452627709,0.5552153605363201,0.4387049809881615,0.5223271745220144,0.007570339060459808,sample,134,0.5162664506270471,0.4752665259313408,0.47812438912541405,0.5038828564979566,0.5539227185931018,0.43840711824738704,0.522919232983392,0.008508026684835556,1.9499513013560228,2.207196962746048,2.421214737130384,0.39533179170815763,5.294136859271714,1.4989125944798698,1.642799220761434,0.026728754129625307
D_W,dw,1,1,0.01,0.02,512,512,0,512,,512,512,0,512,0,0.5158518685652514,0.4747437209531852,0.47827586811350764,0.5028424452627709,0.5552153605363201,0.4387049809881615,0.5223271745220144,0.007570339060459808,sample,135,0.5149974350543068,0.47434959416260514,0.4782042115932254,0.5023151880571813,0.5555775730779399,0.4388678765747162,0.5228923049714815,0.007604017139053579,1.9441832503807182,2.203680961772871,2.4033199766170603,0.39870027159104005,5.241472132413647,1.5291635216305661,1.64271462391704,0.0238887243818216
D_W,dw,1,1,0.01,0.02,512,512,0,512,,512,512,0,512,0,0.5158518685652514,0.4747437209531852,0.47827586811350764,0.5028424452627709,0.5552153605363201,0.4387049809881615,0.5223271745220144,0.007570339060459808,sample,136,0.5172278336543633,0.47453142027864725,0.4780255354668578,0.5027212730727817,0.555455957682053,0.4391471581421249,0.522849090879981,0.007119813323240371,1.9545429109380954,2.19129390815891,2.4019638573517765,0.39736952007411575,5.307123685472974,1.5217647690495055,1.6425788628446505,0.02236755323122268
D_W,dw,1,1,0.01,0.02,512,512,0,512,,512,512,0,512,0,0.5158518685652514,0.4747437209531852,0.47827586811350764,0.5028424452627709,0.5552153605363201,0.4387049809881615,0.5223271745220144,0.007570339060459808,sample,137,0.5160044290300451,0.4757032334941552,0.4779805065668054,0.502927254822736,0.5550413434922938,0.4387851289097868,0.5221148068656445,0.008181927972320306,1.948403758147757,2.21865655871091,2.408545247874042,0.3973561047927711,5.294860176272599,1.5176635454780758,1.6402720415795624,0.025704284810042305
D_W,dw,1,1,0.01,0.02,512,512,0,512,,512,512,0,512,0,0.5158518685652514,0.4747437209531852,0.47827586811350764,0.5028424452627709,0.5552153605363201,0.4387049809881615,0.5223271745220144,0.007570339060459808,sample,138,0.516229835671725,0.47460983594870576,0.4784471172201582,0.5029130398415281,0.5553275224920577,0.4385417680429267,0.5235396079700596,0.00796231551488358,1.9493334883744315,2.1916713044929947,2.40795338731801,0.39914858695686706,5.281146809792423,1.5181940698452092,1.6447481862620195,0.025014351927122286
D_W,dw,1,1,0.01,0.02,512,512,0,512,,512,512,0,512,0,0.5158518685652514,0.4747437209531852,0.47827586811350764,0.5028424452627709,0.5552153605363201,0.4387049809881615,0.5223271745220144,0.007570339060459808,sample,139,0.5155996663424582,0.47497325202863305,0.47779001069974714,0.5018070203291145,0.5557008615257449,0.4389828408261023,0.5222083851428314,0.00792950893527069,1.9490490806480933,2.2162940170858203,2.401449354920174,0.3986296975551223,5.269779115061221,1.538366185758323,1.6405660264077084,0.024911287017621023
D_W,dw,1,1,0.01,0.02,512,512,0,512,,512,512,0,512,0,0.5158518685652514,0.4747437209531852,0.47827586811350764,0.5028424452627709,0.5552153605363201,0.4387049809881615,0.5223271745220144,0.007570339060459808,sample,140,0.5173546597652262,0.47464412991794847,0.47800396305595905,0.5039970185068632,0.5585058404960035,0.4382323705839294,0.5225422015528105,0.007444255215098347,1.9754999848591137,2.1920943809626467,2.3821451216268583,0.4108526526439682,5.312597843626233,1.5025840374771007,1.6416147415889464,0.02338681749520047
D_W,dw,1,1,0.01,0.02,512,512,0,512,,512,512,0,512,0,0.5158518685652514,0.4747437209531852,0.47827586811350764,0.5028424452627709,0.5552153605363201,0.4387049809881615,0.5223271745220144,0.007570339060459808,sample,141,0.5164804226339972,0.47468856635849127,0.4787204399051258,0.5030868593554887,0.554962010681595,0.43882624634662104,0.5223980126188421,0.007212051984568368,1.9439984360502451,2.184556899749879,2.4088475626846035,0.3969811602546115,5.289541210413899,1.5146917596849236,1.6411617586932625,0.022657329532027676
D_W,dw,1,1,0.01,0.02,512,512,0,512,,512,512,0,512,0,0.5158518685652514,0.4747437209531852,0.47827586811350764,0.5028424452627709,0.5552153605363201,0.4387049809881615,0.5223271745220144,0.007570339060459808,sample,142,0.5180103797074587,0.47484713868808304,0.47688853552567395,0.502646557472621,0.5554699992697366,0.43690986099377893,0.5219267732013388,0.007004898097114055,1.9891730143364268,2.2124207852904654,2.4198147518780146,0.40544049580422836,5.333797150498784,1.5231209698742934,1.6396813164011523,0.022006536401038636
D_W,dw,1,1,0.01,0.02,512,512,0,512,,512,512,0,512,0,0.5158518685652514,0.4747437209531852,0.47827586811350764,0.5028424452627709,0.5552153605363201,0.4387049809881615,0.5223271745220144,0.007570339060459808,sample,143,0.5156915336119907,0.47496698176220364,0.4777256461885546,0.502598735245924,0.5549538637339515,0.43882379605782645,0.5225997015534463,0.00778777745447106,1.9502877561107936,2.2168054104030794,2.409168805121187,0.3968823518940901,5.2723056576143525,1.5235421304262446,1.6417953831685252,0.0244660244387585
D_W,dw,1,1,0.01,0.02,512,512,0,512,,512,512,0,512,0,0.5158518685652514,0.4747437209531852,0.47827586811350764,0.5028424452627709,0.5552153605363201,0.4387049809881615,0.5223271745220144,0.007570339060459808,sample,144,0.5160077015941985,0.47477838829503155,0.4789263006070703,0.5024693123257157,0.5552376467179957,0.43901729579921833,0.52196619041833,0.007362606229138531,1.9373969995009437,2.1851712501421123,2.4050900503367054,0.3970868270826964,5.277920318088392,1.5261226385905284,1.6398051492404766,0.023130309640736056
D_W,dw,1,1,0.01,0.02,512,512,0,512,,512,512,0,512,0,0.5158518685652514,0.4747437209531852,0.47827586811350764,0.5028424452627709,0.5552153605363201,0.4387049809881615,0.5223271745220144,0.007570339060459808,sample,145,0.5157931123557987,0.47571127651975653,0.4785877898619981,0.5030752355512851,0.5557384152222663,0.4399610001678521,0.5229102320686532,0.007523940105770252,1.9334440705450198,2.20726614935456,2.3925649036314707,0.39546391934850633,5.288921695181214,1.5156795663712477,1.6427709435538147,0.023637154962337432
D_W,dw,1,1,0.01,0.02,512,512,0,512,,512,512,0,512,0,0.5158518685652514,0.4747437209531852,0.47827586811350764,0.5028424452627709,0.5552153605363201,0.4387049809881615,0.5223271745220144,0.007570339060459808,sample,146,0.5156803222402689,0.4738574911952382,0.4777007587756108,0.5041591442006682,0.5555234859262348,0.43723795070333804,0.5224290901898488,0.008928165779183641,1.9706444355290351,2.2023486550121274,2.4159252754724894,0.40472072541977244,5.252662687682474,1.4960281277835663,1.6412593917620286,0.02804866002191512
D_W,dw,1,1,0.01,0.02,512,512,0,512,,512,512,0,512,0,0.5158518685652514,0.4747437209531852,0.47827586811350764,0.5028424452627709,0.5552153605363201,0.4387049809881615,0.5223271745220144,0.007570339060459808,sample,147,0.5159992320870366,0.47556647540772823,0.47807237127658553,0.5025244730177578,0.5556398672213735,0.4386434677184174,0.5223656677985539,0.007348913214702438,1.9501101106398486,2.2148091033619206,2.404505854574191,0.3997327980538704,5.29213573289287,1.5254557643976978,1.6410601444434632,0.02308729176717813
D_W,dw,1,1,0.01,0.02,512,512,0,512,,512,512,0,512,0,0.5158518685652514,0.4747437209531852,0.47827586811350764,0.5028424452627709,0.5552153605363201,0.4387049809881615,0.5223271745220144,0.007570339060459808,sample,148,0.5162258135545877,0.4735970610413283,0.4768510107853891,0.503443699191909,0.553431140545348,0.43572507371777064,0.5218564810521592,0.007746536264536433,1.9885147839118569,2.212360445546358,2.4470420641261215,0.40353404754067945,5.26343527748646,1.5064341835744295,1.6394604871016845,0.024336461419434574
D_W,dw,1,1,0.01,0.02,512,512,0,512,,512,512,0,512,0,0.5158518685652514,0.4747437209531852,0.47827586811350764,0.5028424452627709,0.5552153605363201,0.4387049809881615,0.5223271745220144,0.007570339060459808,sample,149,0.5172214368195234,0.4739898764092343,0.4769157397204169,0.5000246821666016,0.5534959248891442,0.4366946200798647,0.5224294367884406,0.007907951711774518,1.9781495677751244,2.207871633858968,2.4399819351637344,0.39980828880216296,5.297226959877832,1.5703349427754352,1.641260480633618,0.024843563002653654
D_W,dw,1,1,0.01,0.02,512,512,0,512,,512,512,0,512,0,0.5158518685652514,0.4747437209531852,0.47827586811350764,0.5028424452627709,0.5552153605363201,0.4387049809881615,0.5223271745220144,0.007570339060459808,sample,150,0.5165812655989958,0.4751251453900621,0.4794451482138357,0.5028132920127696,0.5559169359291389,0.4387481511610096,0.5234977600096196,0.009293516848511834,1.9385954437021518,2.17313371823336,2.401065481020448,0.4003033235066314,5.30033673114231,1.5205267294591744,1.6446167170169335,0.029196444257297744
D_W,dw,1,1,0.01,0.02,512,512,0,512,,512,512,0,512,0,0.5158518685652514,0.4747437209531852,0.47827586811350764,0.5028424452627709,0.5552153605363201,0.4387049809881615,0.5223271745220144,0.007570339060459808,sample,151,0.5145008612338636,0.47366110383623033,0.47850690425442644,0.5027377711583013,0.5563788527068876,0.4371550709928415,0.5229666950930455,0.009346306380335304,1.9574398951789322,2.191415931834632,2.4097907805416137,0.40748041263925655,5.215653832246053,1.522274193243663,1.6429483273764451,0.0293622874626608
D_W,dw,1,1,0.01,0.02,512,512,0,512,,512,512,0,512,0,0.5158518685652514,0.4747437209531852,0.47827586811350764,0.5028424452627709,0.5552153605363201,0.4387049809881615,0.5223271745220144,0.007570339060459808,sample,152,0.5151224398664322,0.47491612119840826,0.4787344871713725,0.5035144783175575,0.5544471629089261,0.4417992180960494,0.5222231940396741,0.006956711908258491,1.9116531034207243,2.198785565010704,2.3884666217124053,0.3848255840361388,5.254919665911325,1.5063373307137284,1.6406125499292372,0.021855155024125505
D_W,dw,1,1,0.01,0.02,512,512,0,512,,512,512,0,512,0,0.5158518685652514,0.4747437209531852,0.47827586811350764,0.5028424452627709,0.5552153605363201,0.4387049809881615,0.5223271745220144,0.007570339060459808,sample,153,0.513372981924199,0.47307410090147783,0.4775141534414301,0.5035726988827405,0.555106630310738,0.43954187464391725,0.5220821557940605,0.009571005205831809,1.943447660868536,2.212973908930448,2.401424537868957,0.39498644067447375,5.173359974897532,1.5060544654040855,1.6401694652129422,0.030068199642110875
D_W,dw,1,1,0.01,0.02,512,512,0,512,,512,512,0,512,0,0.5158518685652514,0.4747437209531852,0.47827586811350764,0.5028424452627709,0.5552153605363201,0.4387049809881615,0.5223271745220144,0.007570339060459808,sample,154,0.5154013060280793,0.47488600216893023,0.47821083168423956,0.502105658729934,0.5552980901954728,0.43806355410907777,0.5223363797582633,0.006886608724170695,1.9500277677671312,2.20761433502665,2.412398734910208,0.4006527787305995,5.262498453806988,1.5327363883644511,1.6409681333512482,0.021634919376002034
D_W,dw,1,1,0.01,0.02,512,512,0,512,,512,512,0,512,0,0.5158518685652514,0.4747437209531852,0.47827586811350764,0.5028424452627709,0.5552153605363201,0.4387049809881615,0.5223271745220144,0.007570339060459808,sample,155,0.5154247614333881,0.47440197355549857,0.4786533344315489,0.5029261844378823,0.5546729436201128,0.4384632920418718,0.5216147514382323,0.007423786113736728,1.9420896053602679,2.1910327947166888,2.4144793816083707,0.3973291949451889,5.254700590625466,1.5173257258675252,1.6387010711224166,0.023322511916737225
D_W,dw,1,1,0.01,0.02,512,512,0,512,,512,512,0,512,0,0.5158518685652514,0.4747437209531852,0.47827586811350764,0.5028424452627709,0.5552153605363201,0.4387049809881615,0.5223271745220144,0.007570339060459808,sample,156,0.5162787723195739,0.4754594448437118,0.479547196834668,0.5036739339438681,0.5569658440708466,0.4373148483692728,0.5222080043695843,0.008750834871260507,1.9520610302428523,2.177834006646303,2.4029249804670068,0.4089760593530016,5.298086114529179,1.5063918953812425,1.6405648301732725,0.027491558544329393
D_W,dw,1,1,0.01,0.02,512,512,0,512,,512,512,0,512,0,0.5158518685652514,0.4747437209531852,0.47827586811350764,0.5028424452627709,0.5552153605363201,0.4387049809881615,0.5223271745220144,0.007570339060459808,sample,157,0.5160129559026659,0.4744679396635693,0.47872651554249235,0.5024722832825692,0.5555118233329425,0.4389491541848175,0.5220340082697184,0.007280814214017849,1.941918645669123,2.1854499954349933,2.4031852980385167,0.39821898801430006,5.2725476064052375,1.5262895801099472,1.6400182053041805,0.022873352446910616
D_W,dw,1,1,0.01,0.02,512,512,0,512,,512,512,0,512,0,0.5158518685652514,0.4747437209531852,0.47827586811350764,0.5028424452627709,0.5552153605363201,0.4387049809881615,0.5223271745220144,0.007570339060459808,sample,158,0.515111412948985,0.4751865046387626,0.47788041709765017,0.50295300739119,0.5528013034389778,0.43702466095312714,0.5215484084513418,0.008164557285442568,1.95370077181488,2.221527278833692,2.4430768702407386,0.39668831748194044,5.259399691891174,1.5149277373298835,1.638492648482184,0.025649713187759396
D_W,dw,1,1,0.01,0.02,512,512,0,512,,512,512,0,512,0,0.5158518685652514,0.4747437209531852,0.47827586811350764,0.5028424452627709,0.5552153605363201,0.4387049809881615,0.5223271745220144,0.007570339060459808,sample,159,0.5158219849344912,0.473919391738462,0.4786280484951424,0.5017965098242365,0.5542535021689834,0.43914567623560025,0.5229447505460255,0.007456113935885205,1.9366323454913053,2.1819336046521403,2.4132042533643503,0.3933697946629061,5.257688999544188,1.5376951707901567,1.6428793865487408,0.023424072765305438
D_W,dw,1,1,0.01,0.02,512,512,0,512,,512,512,0,512,0,0.5158518685652514,0.4747437209531852,0.47827586811350764,0.5028424452627709,0.5552153605363201,0.4387049809881615,0.5223271745220144,0.007570339060459808,sample,160,0.5154981612709415,0.4753434692447991,0.4781851734276778,0.5031214456350727,0.5553410925826077,0.4385059963022782,0.5223009624613821,0.007289472373996455,1.9479867558895552,2.213697798752051,2.408019338002898,0.3993571687000521,5.273545721124642,1.5144522681326735,1.6408568666315564,0.022900552858693014
D_W,dw,1,1,0.01,0.02,512,512,0,512,,512,512,0,512,0,0.5158518685652514,0.4747437209531852,0.47827586811350764,0.5028424452627709,0.5552153605363201,0.4387049809881615,0.5223271745220144,0.007570339060459808,sample,161,0.5155544346663242,0.47364083495624343,0.4774640995552781,0.5023128556824772,0.5573570979464898,0.4388620485884946,0.5231026440200827,0.00885677019110195,1.9631117622345013,2.205481724485774,2.3876855820528773,0.4045425748919252,5.2454942091597685,1.5304943691869517,1.6433754235268885,0.027824364166898954
D_W,dw,1,1,0.01,0.02,512,512,0,512,,512,512,0,512,0,0.5158518685652514,0.4747437209531852,0.47827586811350764,0.5028424452627709,0.5552153605363201,0.4387049809881615,0.5223271745220144,0.007570339060459808,sample,162,0.5154036422532909,0.4751121086298692,0.47762695754794665,0.5043376750052295,0.5555987496247581,0.4388392084318788,0.5221670945800796,0.007490055426268201,1.9548281812765063,2.223444610109367,2.402284813242096,0.39926353303275397,5.266605037761709,1.4929365496380145,1.6404363082791047,0.023530703102144546
D_W,dw,1,1,0.01,0.02,512,512,0,512,,512,512,0,512,0,0.5158518685652514,0.4747437209531852,0.47827586811350764,0.5028424452627709,0.5552153605363201,0.4387049809881615,0.5223271745220144,0.007570339060459808,sample,163,0.516343417309674,0.47437215438450653,0.47846391526352994,0.5021568060587073,0.5553507334301846,0.43992666019562626,0.522410333962393,0.007865157958710109,1.9377667286033526,2.187221486172567,2.3967088985550675,0.3941747381320622,5.280083782333939,1.5318498609736497,1.6412004673356442,0.02470912246240697
D_W,dw,1,1,0.01,0.02,512,512,0,512,,512,512,0,512,0,0.5158518685652514,0.4747437209531852,0.47827586811350764,0.5028424452627709,0.5552153605363201,0.4387049809881615,0.5223271745220144,0.007570339060459808,sample,164,0.5172443196138349,0.4743053072866897,0.4772677668625031,0.5034773656929078,0.5570213591661335,0.4363095751391868,0.5220670545470255,0.007544432952478271,1.9936053483987464,2.20437142233347,2.410463754564455,0.41271315726357044,5.303470941834596,1.509888193971423,1.640122023246197,0.02370153513900649
D_W,dw,1,1,0.01,0.02,512,512,0,512,,512,512,0,512,0,0.5158518685652514,0.4747437209531852,0.47827586811350764,0.5028424452627709,0.5552153605363201,0.4387049809881615,0.5223271745220144,0.007570339060459808,sample,165,0.5158444704836692,0.47507353018043785,0.4777357658763034,0.502507456492982,0.5554592824453751,0.43822742692964345,0.5223155521362782,0.007959491213697023,1.957075727047227,2.2167247119193894,2.4094879523907045,0.400636348590647,5.2786089479831055,1.5256145300952715,1.6409027014470283,0.025005479123263074
D_W,dw,1,1,0.01,0.02,512,512,0,512,,512,512,0,512,0,0.5158518685652514,0.4747437209531852,0.47827586811350764,0.5028424452627709,0.5552153605363201,0.4387049809881615,0.5223271745220144,0.007570339060459808,sample,166,0.5151377436522707,0.4739819192876592,0.47797292058723356,0.5018794353381444,0.5543194549482948,0.4390781667939615,0.5215988996920438,0.00636555236949578,1.9418787702964901,2.202523631575766,2.413126548810806,0.39383348330509327,5.2393308073877956,1.5362104514866397,1.6386512713930441,0.019997972560049045
D_W,dw,1,1,0.01,0.02,512,512,0,512,,512,512,0,512,0,0.5158518685652514,0.4747437209531852,0.47827586811350764,0.5028424452627709,0.5552153605363201,0.4387049809881615,0.5223271745220144,0.007570339060459808,sample,167,0.5155878720125586,0.4749321679714679,0.4780364582753742,0.5025544101137238,0.5550649484751836,0.4388816465305747,0.5228066472151998,0.00752454738686246,1.9460739353488625,2.210475203615677,2.4077150874621953,0.3970265040616948,5.268703828874842,1.5244405191248358,1.6424455221391823,0.02363906279215538
D_W,dw,1,1,0.01,0.02,512,512,0,512,,512,512,0,512,0,0.5158518685652514,0.4747437209531852,0.47827586811350764,0.5028424452627709,0.5552153605363201,0.4387049809881615,0.5223271745220144,0.007570339060459808,sample,168,0.5165704251437506,0.4749344168426197,0.4776956553311338,0.502549960375353,0.5559415180184787,0.43790522001044574,0.5229313171459425,0.007627581506584476,1.9656404320252505,2.209350325961116,2.4077614769512246,0.4033525218058301,5.296515840127799,1.5252452480370597,1.6428371842777274,0.023962754025743157
D_W,dw,1,1,0.01,0.02,512,512,0,512,,512,512,0,512,0,0.5158518685652514,0.4747437209531852,0.47827586811350764,0.5028424452627709,0.5552153605363201,0.4387049809881615,0.5223271745220144,0.007570339060459808,sample,169,0.5155924848683086,0.47490606657736223,0.47833333825605784,0.5032306615334715,0.555551078044584,0.43849691336745084,0.5230743565166118,0.008085377346513092,1.948607319335797,2.2035731363151663,2.406159224197425,0.4000876570214194,5.2683698883916605,1.512705164859317,1.6432865557137961,0.025400962073306867
D_W,dw,1,1,0.01,0.02,512,512,0,512,,512,512,0,512,0,0.5158518685652514,0.4747437209531852,0.47827586811350764,0.5028424452627709,0.5552153605363201,0.4387049809881615,0.5223271745220144,0.007570339060459808,sample,170,0.5166360454846611,0.4759990330618491,0.477716351259433,0.5040929067879123,0.5568936287227473,0.43881610689460543,0.5219649579675498,0.007308300023905991,1.9623434324196505,2.222606787092749,2.3912256084453833,0.4035079149994566,5.318496494359671,1.4989804128625213,1.6398012773821597,0.02295970166533317
D_W,dw,1,1,0.01,0.02,512,512,0,512,,512,512,0,512,0,0.5158518685652514,0.4747437209531852,0.47827586811350764,0.5028424452627709,0.5552153605363201,0.4387049809881615,0.5223271745220144,0.007570339060459808,sample,171,0.5150983389596472,0.4749772696870074,0.4781890978790263,0.5018263536696775,0.5547143830152257,0.4384815336078445,0.5214034366219698,0.007284467754356716,1.9429007693257625,2.211932535267751,2.4143896430398635,0.3972431319066917,5.255293700399239,1.537428943141707,1.6380372060480515,0.0228848303823988
D_W,dw,1,1,0.01,0.02,512,512,0,512,,512,512,0,512,0,0.5158518685652514,0.4747437209531852,0.47827586811350764,0.5028424452627709,0.5552153605363201,0.4387049809881615,0.5223271745220144,0.007570339060459808,sample,172,0.5165367148930015,0.4744101395201222,0.4782749704066893,0.5031664914921911,0.5545124857229824,0.43915025009967756,0.5226851583068268,0.007871814475605633,1.946101345128859,2.190221981229731,2.4102358155474426,0.39438626172509006,5.286103287851409,1.5127740730894028,1.6420638534771452,0.024730034526984444
D_W,dw,1,1,0.01,0.02,512,512,0,512,,512,512,0,512,0,0.5158518685652514,0.4747437209531852,0.47827586811350764,0.5028424452627709,0.5552153605363201,0.4387049809881615,0.5223271745220144,0.007570339060459808,sample,173,0.5153709845927487,0.47516667665010187,0.4780373734299106,0.5031839061627057,0.5544467227891818,0.4389436348488422,0.5224271629570324,0.007074968766123744,1.9430122504759237,2.2155782203668024,2.412509003340712,0.39492083096077396,5.266637519468453,1.5123853851419504,1.6412533371815707,0.0222266699000316
D_W,dw,1,1,0.01,0.02,512,512,0,512,,512,512,0,512,0,0.5158518685652514,0.4747437209531852,0.47827586811350764,0.5028424452627709,0.5552153605363201,0.4387049809881615,0.5223271745220144,0.007570339060459808,sample,174,0.516111111478292,0.4745611184006288,0.47936739966324055,0.5028413000624418,0.5555484529566594,0.43781229442461456,0.5226187896159161,0.00852340900494038,1.944799267001799,2.171524163736885,2.411876639287388,0.40246591567141665,5.276953318266095,1.519690924563838,1.6418553500853517,0.026777079113461787
D_W,dw,1,1,0.01,0.02,512,512,0,512,,512,512,0,512,0,0.5158518685652514,0.4747437209531852,0.47827586811350764,0.5028424452627709,0.5552153605363201,0.4387049809881615,0.5223271745220144,0.007570339060459808,sample,175,0.5167678734619803,0.4749615611038489,0.4782174968068423,0.5040465078999908,0.5555440726944114,0.438789512052844,0.5219399233011133,0.007163560378536646,1.9546612306052156,2.1966898292877186,2.4033718492122977,0.39919251913531034,5.3024784688364495,1.4980726040814663,1.6397226286579976,0.022504988658757646
D_W,dw,1,1,0.01,0.02,512,512,0,512,,512,512,0,512,0,0.5158518685652514,0.4747437209531852,0.47827586811350764,0.5028424452627709,0.5552153605363201,0.4387049809881615,0.5223271745220144,0.007570339060459808,sample,176,0.5161209011261829,0.4748059767223922,0.4774386673513611,0.5029704677025053,0.5555848724905194,0.43912937177428396,0.5228011827071872,0.0083427266058524,1.9562984162754196,2.217044635490576,2.400841929933803,0.39789322160953633,5.281609982174963,1.5174068943559142,1.6424283548809546,0.026209448615854006
D_W,dw,1,1,0.01,0.02,512,512,0,512,,512,512,0,512,0,0.5158518685652514,0.4747437209531852,0.47827586811350764,0.5028424452627709,0.5552153605363201,0.4387049809881615,0.5223271745220144,0.007570339060459808,sample,177,0.5161101378253493,0.47463169482546047,0.47887219817803495,0.503057115705301,0.5551793520835148,0.43807059968563616,0.5219768736866467,0.00751169035736199,1.9473821876371158,2.183569804852942,2.4130087327592196,0.4003890598012284,5.278182518607551,1.5154496549283056,1.6398387117177367,0.023598671242729716
D_W,dw,1,1,0.01,0.02,512,512,0,512,,512,512,0,512,0,0.5158518685652514,0.4747437209531852,0.47827586811350764,0.5028424452627709,0.5552153605363201,0.4387049809881615,0.5223271745220144,0.007570339060459808,sample,178,0.5165941636970632,0.47643578192733455,0.4781812397363633,0.5016706326581688,0.554801769388658,0.43896538756184295,0.5218797528063833,0.007657827038564341,1.943107588444136,2.218793568877078,2.409719061949603,0.395767990467298,5.325935024622683,1.5403207520313242,1.639533597473791,0.024057773166815014
D_W,dw,1,1,0.01,0.02,512,512,0,512,,512,512,0,512,0,0.5158518685652514,0.4747437209531852,0.47827586811350764,0.5028424452627709,0.5552153605363201,0.4387049809881615,0.5223271745220144,0.007570339060459808,sample,179,0.5163189591918053,0.4760382281339308,0.4784070436275373,0.5029410873824169,0.5574981675309885,0.4396194917033962,0.5219311575401557,0.006804133587220318,1.946337192932946,2.2109722117177877,2.3799888847067625,0.4024509034585861,5.310277425971067,1.5196898918320316,1.6396950902077703,0.021375816091654915
D_W,dw,1,1,0.01,0.02,512,512,0,512,,512,512,0,512,0,0.5158518685652514,0.4747437209531852,0.47827586811350764,0.5028424452627709,0.5552153605363201,0.4387049809881615,0.5223271745220144,0.007570339060459808,sample,180,0.5154299592484283,0.47470413443046494,0.4777160002585747,0.5039671704658651,0.5540896238111453,0.43812679281958344,0.5225981803347902,0.0070402635894636035,1.9549674626829852,2.215616951531308,2.4218858743817333,0.3968973352141223,5.260114048068409,1.4975830301526958,1.6417906041191708,0.022117640371994565
D_W,dw,1,1,0.01,0.02,512,512,0,512,,512,512,0,512,0,0.5158518685652514,0.4747437209531852,0.47827586811350764,0.5028424452627709,0.5552153605363201,0.4387049809881615,0.5223271745220144,0.007570339060459808,sample,181,0.5154215444289894,0.47465168115667594,0.47789212862818997,0.501807205842657,0.5528635989291574,0.43648023701332445,0.5213908414613063,0.008839400011435149,1.9591599238307729,2.2111561421179533,2.447213631079895,0.39873596303819897,5.258951336103726,1.5366234299927686,1.6379976371838405,0.027769794138066198
D_W,dw,1,1,0.01,0.02,512,512,0,512,,512,512,0,512,0,0.5158518685652514,0.4747437209531852,0.47827586811350764,0.5028424452627709,0.5552153605363201,0.4387049809881615,0.5223271745220144,0.007570339060459808,sample,182,0.5150516973090514,0.47419523116282486,0.47941224548275374,0.5021133184013855,0.5552365693430351,0.4379537064894424,0.5231233248685244,0.007224094474572417,1.9367652066699246,2.1742094564408543,2.4138285355527302,0.4008516880584448,5.240432070853359,1.5325555709839673,1.643440394328423,0.022695162130155322
D_W,dw,1,1,0.01,0.02,512,512,0,512,,512,512,0,512,0,0.5158518685652514,0.4747437209531852,0.47827586811350764,0.5028424452627709,0.5552153605363201,0.4387049809881615,0.5223271745220144,0.007570339060459808,sample,183,0.5162899507040258,0.4746478916576511,0.47769417548531445,0.5024185919510876,0.555781042471266,0.4379773991569165,0.5229945628963225,0.007745614412783863,1.9635782040869343,2.208000612477829,2.4086607775608684,0.4025573420733582,5.2835078028316715,1.5274647947736553,1.6430358766624917,0.024333565336741005
D_W,dw,1,1,0.01,0.02,512,512,0,512,,512,512,0,512,0,0.5158518685652514,0.4747437209531852,0.47827586811350764,0.5028424452627709,0.5552153605363201,0.4387049809881615,0.5223271745220144,0.007570339060459808,sample,184,0.5154112131726758,0.4749450202377727,0.47792091709360507,0.5025694788348605,0.5552425636774899,0.43875420879613186,0.5224434278081216,0.0075284406792387,1.948242781319764,2.214681085528184,2.4071465005677126,0.39805854086814113,5.2638344619756126,1.5243171610089254,1.6413044347182641,0.02365129393088285
D_W,dw,1,1,0.01,0.02,512,512,0,512,,512,512,0,512,0,0.5158518685652514,0.4747437209531852,0.47827586811350764,0.5028424452627709,0.5552153605363201,0.4387049809881615,0.5223271745220144,0.007570339060459808,sample,185,0.5160574898675896,0.4749327234236701,0.47785895226427116,0.5028480542602456,0.554668141792525,0.438357234248719,0.522894265369194,0.007138098346327261,1.9538127884726022,2.2102882206270125,2.415415309137686,0.39768300082387875,5.282110524510309,1.5187462349503846,1.6427207826880919,0.022424997325423173
D_W,dw,1,1,0.01,0.02,512,512,0,512,,512,512,0,512,0,0.5158518685652514,0.4747437209531852,0.47827586811350764,0.5028424452627709,0.5552153605363201,0.4387049809881615,0.5223271745220144,0.007570339060459808,sample,186,0.5151934488611343,0.4735224892102169,0.4781353307293604,0.5017126228201203,0.5561887345763701,0.43769671691513634,0.5215513122158695,0.0069030490610120275,1.9585378465078516,2.1923384635534098,2.4075208810787885,0.4047947507220495,5.233339519038513,1.5403259349097815,1.638501770927492,0.021686568217445305
D_W,dw,1,1,0.01,0.02,512,512,0,512,,512,512,0,512,0,0.5158518685652514,0.4747437209531852,0.47827586811350764,0.5028424452627709,0.5552153605363201,0.4387049809881615,0.5223271745220144,0.007570339060459808,sample,187,0.5159368542566769,0.47602928912716325,0.479640331974764,0.5019261367235878,0.5559416560480646,0.43913177397345654,0.5217599623012414,0.007915445217465483,1.926879004085901,2.186405113934854,2.3980503219618456,0.398897390827322,5.299130728839972,1.5363787522722336,1.6391572645028676,0.024867104545082026
D_W,dw,1,1,0.01,0.02,512,512,0,512,,512,512,0,512,0,0.5158518685652514,0.4747437209531852,0.47827586811350764,0.5028424452627709,0.5552153605363201,0.4387049809881615,0.5223271745220144,0.007570339060459808,sample,188,0.5142806136749144,0.47432927881089465,0.47906009715353104,0.5021062742580751,0.5543170408342416,0.43910660029284765,0.5227839388081237,0.007542303346096437,1.9246347701958397,2.190084451055397,2.412840675399956,0.393750112846177,5.2200559193783445,1.5320383338887353,1.6423741815743373,0.023694844783242283
D_W,dw,1,1,0.01,0.02,512,512,0,512,,512,512,0,512,0,0.5158518685652514,0.4747437209531852,0.47827586811350764,0.5028424452627709,0.5552153605363201,0.4387049809881615,0.5223271745220144,0.007570339060459808,sample,189,0.5164983605852707,0.4746898332306469,0.4782871485545013,0.5032132362620232,0.556319501330941,0.4381843877192625,0.5217653582576929,0.007478124118073239,1.9591072297652141,2.193942276220756,2.401875896262197,0.40368881846845966,5.290061643050626,1.5138044059830675,1.6391742164000145,0.023493219791971536
D_W,dw,1,1,0.01,0.02,512,512,0,512,,512,512,0,512,0,0.5158518685652514,0.4747437209531852,0.47827586811350764,0.5028424452627709,0.5552153605363201,0.4387049809881615,0.5223271745220144,0.007570339060459808,sample,190,0.5165764741853107,0.47464668243439073,0.4786217752127918,0.5035472559228387,0.5550532238973033,0.4386177679581401,0.5231882070172835,0.008005964437053077,1.948544756281943,2.185372129582294,2.409467642462765,0.3981119933560325,5.291444046713084,1.5064520633835594,1.6436442276103138,0.02515147906034709
D_W,dw,1,1,0.01,0.02,512,512,0,512,,512,512,0,512,0,0.5158518685652514,0.4747437209531852,0.47827586811350764,0.5028424452627709,0.5552153605363201,0.4387049809881615,0.5223271745220144,0.007570339060459808,sample,191,0.5159873866182109,0.4753000464449508,0.4779758992172834,0.5027512479661532,0.5549556134173254,0.43876033292899685,0.522708676480495,0.008334279442238642,1.9488169541103306,2.2133661564276172,2.4096015014527374,0.3971395728148851,5.28683830387299,1.5207749959592842,1.642137737998767,0.026182911068701353
D_W,dw,1,1,0.01,0.02,512,512,0,512,,512,512,0,512,0,0.5158518685652514,0.4747437209531852,0.47827586811350764,0.5028424452627709,0.5552153605363201,0.4387049809881615,0.5223271745220144,0.007570339060459808,sample,192,0.5166455350331373,0.47472416463775846,0.4781983094331034,0.5031959735390121,0.5562948995215634,0.4372778808340011,0.5232332479818617,0.007459718921521169,1.9680418175748866,2.1950637132558657,2.4093447529669456,0.4068471520771982,5.2947549716073,1.5140852110956031,1.6437857279737431,0.023435398161695677
D_W,dw,1,1,0.01,0.02,512,512,0,512,,512,512,0,512,0,0.5158518685652514,0.4747437209531852,0.47827586811350764,0.5028424452627709,0.5552153605363201,0.4387049809881615,0.5223271745220144,0.007570339060459808,sample,193,0.5159391257295308,0.4752981039162519,0.47787673810757,0.5027086086629139,0.555429945129559,0.43859651193005117,0.522474033596207,0.007934352322820838,1.952623198305232,2.2159238655356157,2.406685546230624,0.39924968862578136,5.285424254749389,1.5219697252176823,1.6414005856372709,0.024926502968367056
D_W,dw,1,1,0.01,0.02,512,512,0,512,,512,512,0,512,0,0.5158518685652514,0.4747437209531852,0.47827586811350764,0.5028424452627709,0.5552153605363201,0.4387049809881615,0.5223271745220144,0.007570339060459808,sample,194,0.5154913935263512,0.4752719134835476,0.47821480595318844,0.5030562911672588,0.55529389926645,0.43838088799506436,0.5224035890322511,0.007370497669044323,1.94850985026325,2.212107870448512,2.4094854306440348,0.3996419569206557,5.272044361434633,1.5155789446408048,1.6411792775126617,0.02315510133037034
D_W,dw,1,1,0.01,0.02,512,512,0,512,,512,512,0,512,0,0.5158518685652514,0.4747437209531852,0.47827586811350764,0.5028424452627709,0.5552153605363201,0.4387049809881615,0.5223271745220144,0.007570339060459808,sample,195,0.5156904452128419,0.47398167372834277,0.4786982503723103,0.5025414391128509,0.5552059314644604,0.43901484800629714,0.5224773958365554,0.007022714409824343,1.940434689346055,2.1822609554921275,2.405365792514435,0.3970035242588611,5.25505074714142,1.5247931893378213,1.6414111484268488,0.022062507998163335
D_W,dw,1,1,0.01,0.02,512,512,0,512,,512,512,0,512,0,0.5158518685652514,0.4747437209531852,0.47827586811350764,0.5028424452627709,0.5552153605363201,0.4387049809881615,0.5223271745220144,0.007570339060459808,sample,196,0.5151683494054539,0.47544759764696876,0.47881028285511884,0.503543140903511,0.5552528296413631,0.43840408995380853,0.5224520731262703,0.008770272891829366,1.9402171740705318,2.204124478322648,2.4094057941641935,0.3995200716603688,5.265790327774141,1.506758045956806,1.6413315947862481,0.02755262488694885
D_W,dw,1,1,0.01,0.02,512,512,0,512,,512,512,0,512,0,0.5158518685652514,0.4747437209531852,0.47827586811350764,0.5028424452627709,0.5552153605363201,0.4387049809881615,0.5223271745220144,0.007570339060459808,sample,197,0.5168587934537684,0.4740539867743549,0.47738697509633415,0.5023421393938295,0.556280734966676,0.4396800042290825,0.5232245363529047,0.008950741997093292,1.9590244812400783,2.201906870086451,2.390390897023283,0.39812046079747065,5.288598497938159,1.5292050303448288,1.643758359584211,0.02811958530224592
D_W,dw,1,1,0.01,0.02,512,512,0,512,,512,512,0,512,0,0.5158518685652514,0.4747437209531852,0.47827586811350764,0.5028424452627709,0.5552153605363201,0.4387049809881615,0.5223271745220144,0.007570339060459808,sample,198,0.5155265530874441,0.47439178962847006,0.47730252917080895,0.5031128322887812,0.5559857019322462,0.43929393758911184,0.522716685508619,0.0076458842160961734,1.956279175330061,2.219339408268812,2.3958547907117183,0.39864048333069985,5.257436388467728,1.5152530285325114,1.642162899102684,0.02402025368348589
D_W,dw,1,1,0.01,0.02,512,512,0,512,,512,512,0,512,0,0.5158518685652514,0.4747437209531852,0.47827586811350764,0.5028424452627709,0.5552153605363201,0.4387049809881615,0.5223271745220144,0.007570339060459808,sample,199,0.5160255722501187,0.4746012628908442,0.4785937532714801,0.5032796296189398,0.5551516193070088,0.43868633269241625,0.5218928665978129,0.007701488475490215,1.9455410216617572,2.190050536974409,2.408176446609773,0.39812964425474046,5.27526224272758,1.5114005725786641,1.6395747956646067,0.024194939616306515
D_W,dw,1,1,0.01,0.02,512,512,0,512,,512,512,0,512,0,0.5158518685652514,0.4747437209531852,0.47827586811350764,0.5028424452627709,0.5552153605363201,0.4387049809881615,0.5223271745220144,0.007570339060459808,sample,200,0.5148805819124967,0.4742382499370444,0.4786879322407524,0.5024668409664047,0.5554662871817122,0.43915877817296717,0.5216550015788523,0.007686026022952619,1.9357673140879443,2.1924160352027457,2.4018828432441777,0.3973230118133684,5.236192354326113,1.5263510149327646,1.6388275206684941,0.024146362889007924
D_W,dw,1,1,0.01,0.02,512,512,0,512,,512,512,0,512,0,0.5158518685652514,0.4747437209531852,0.47827586811350764,0.5028424452627709,0.5552153605363201,0.4387049809881615,0.5223271745220144,0.007570339060459808,sample,201,0.516039010215768,0.474245865492986,0.4785910142835917,0.5031509436166882,0.5552845031803355,0.4387877841201612,0.522241568923014,0.007388742514522903,1.945858542920028,2.185292122961389,2.406227060257883,0.3981710583965729,5.269386110712,1.513862861001753,1.6406702763277483,0.023212419202891726
D_W,dw,1,1,0.01,0.02,512,512,0,512,,512,512,0,512,0,0.5158518685652514,0.4747437209531852,0.47827586811350764,0.5028424452627709,0.5552153605363201,0.4387049809881615,0.5223271745220144,0.007570339060459808,sample,202,0.5148941087133238,0.4731709508349445,0.47811333375405707,0.5032748969232951,0.5551334312988514,0.4371163749452044,0.5218807732343953,0.008927488118009785,1.9622053604361493,2.190356562518371,2.4208973872495947,0.4037288620325818,5.21917644503894,1.5114665630616373,1.639536803242937,0.028046531086549708
D_W,dw,1,1,0.01,0.02,512,512,0,512,,512,512,0,512,0,0.5158518685652514,0.4747437209531852,0.47827586811350764,0.5028424452627709,0.5552153605363201,0.4387049809881615,0.5223271745220144,0.007570339060459808,sample,203,0.5157587147050627,0.47468010228311336,0.4779640686305894,0.5029808928747859,0.5550613495587696,0.4391474578675562,0.5230180831314931,0.006933720552313839,1.9468221784880415,2.207143184353822,2.405386084050708,0.3961329713636134,5.269105355867413,1.516711459834745,1.6431097676605144,0.02178292554919372
D_W,dw,1,1,0.01,0.02,512,512,0,512,,512,512,0,512,0,0.5158518685652514,0.4747437209531852,0.47827586811350764,0.5028424452627709,0.5552153605363201,0.4387049809881615,0.5223271745220144,0.007570339060459808,sample,204,0.5166827044017296,0.4755600162369272,0.47795698178388535,0.5033694665779965,0.5547230443884814,0.4386024591624633,0.5229975543612392,0.007181575153877778,1.9534705064578892,2.2110407725303056,2.4126704365063185,0.3970703478278539,5.311340593226885,1.509300879705813,1.6430452746266975,0.022561583744625413
D_W,dw,1,1,0.01,0.02,512,512,0,512,,512,512,0,512,0,0.5158518685652514,0.4747437209531852,0.47827586811350764,0.5028424452627709,0.5552153605363201,0.4387049809881615,0.5223271745220144,0.007570339060459808,sample,205,0.5161708505127328,0.47677641909351515,0.4801208781589723,0.5026935187816386,0.553527842873967,0.4399191506261148,0.5219554478826792,0.008064256265603574,1.9076542538621184,2.1831769427695846,2.4131830749962595,0.38837729868676346,5.320635267005196,1.520518776517082,1.639771400569395,0.02533460824068565
D_W,dw,1,1,0.01,0.02,512,512,0,512,,512,512,0,512,0,0.5158518685652514,0.4747437209531852,0.47827586811350764,0.5028424452627709,0.5552153605363201,0.4387049809881615,0.5223271745220144,0.007570339060459808,sample,206,0.5163892837044193,0.4746826174363984,0.4788229938702285,0.5027568273843775,0.5541559177008205,0.4384315687739953,0.5224976007630762,0.0071989118083219,1.9423582754596391,2.182979568944728,2.4195185273994753,0.39576465044403075,5.286901145442235,1.5199348533187673,1.6414746240755727,0.022616048450864894
D_W,dw,1,1,0.01,0.02,512,512,0,512,,512,512,0,512,0,0.5158518685652514,0.4747437209531852,0.47827586811350764,0.5028424452627709,0.5552153605363201,0.4387049809881615,0.5223271745220144,0.007570339060459808,sample,207,0.5164692137421183,0.4745433311858091,0.47778613591020924,0.5017483632992213,0.5555462883321264,0.4389985152394171,0.5215217500356476,0.006865564057073572,1.9533816432560096,2.20310544122236,2.402720397444715,0.39806549901941657,5.286617704583528,1.5393309253781122,1.6384088985992828,0.021568805604452467
D_W,dw,1,1,0.01,0.02,512,512,0,512,,512,512,0,512,0,0.5158518685652514,0.4747437209531852,0.47827586811350764,0.5028424452627709,0.5552153605363201,0.4387049809881615,0.5223271745220144,0.007570339060459808,sample,208,0.5155489064753638,0.4737319815944707,0.47818824216117295,0.5034756628893751,0.5548805338487224,0.4385688058028465,0.5220905704979286,0.006633671552904907,1.950492332736729,2.1912229525923417,2.41146042182114,0.39771802307828363,5.2468557344023985,1.5075493613331512,1.6401959007847966,0.02084029381693365
D_W,dw,1,1,0.01,0.02,512,512,0,512,,512,512,0,512,0,0.5158518685652514,0.4747437209531852,0.47827586811350764,0.5028424452627709,0.5552153605363201,0.4387049809881615,0.5223271745220144,0.007570339060459808,sample,209,0.5167709383609056,0.47590748659704857,0.47755280898952934,0.5013590340376565,0.555566982034214,0.439559779632581,0.5221808761031786,0.007322382462122932,1.9496002496173446,2.22362751819578,2.3980288993230365,0.39610027694189365,5.320496604715564,1.5463436193448659,1.640479604210828,0.023003942949780143
D_W,dw,1,1,0.01,0.02,512,512,0,512,,512,512,0,512,0,0.5158518685652514,0.4747437209531852,0.47827586811350764,0.5028424452627709,0.5552153605363201,0.4387049809881615,0.5223271745220144,0.007570339060459808,sample,210,0.5156868424287014,0.4750775892576158,0.4777369939616073,0.5026607820499098,0.5548421912925884,0.43878909543537487,0.5224913934673393,0.00769652288797843,1.9499013073432567,2.2181280253889812,2.4104327899549247,0.3966569135814926,5.274165545046837,1.5223172783136576,1.6414551232808872,0.024179339763058735
D_W,dw,1,1,0.01,0.02,512,512,0,512,,512,512,0,512,0,0.5158518685652514,0.4747437209531852,0.47827586811350764,0.5028424452627709,0.5552153605363201,0.4387049809881615,0.5223271745220144,0.007570339060459808,sample,211,0.5162763896604741,0.4737513935767464,0.47800253150557515,0.5025910384804761,0.5548664999025977,0.4390489478299336,0.5225822530820212,0.007553234867357902,1.950592034792716,2.189681853155598,2.4081280215049734,0.39579233685562243,5.267446724235045,1.5236069684924256,1.6417405671788798,0.02372918717012986
D_W,dw,1,1,0.01,0.02,512,512,0,512,,512,512,0,512,0,0.5158518685652514,0.4747437209531852,0.47827586811350764,0.5028424452627709,0.5552153605363201,0.4387049809881615,0.5223271745220144,0.007570339060459808,sample,212,0.5167640266884873,0.47502188335990436,0.47935308205414673,0.5027836618032582,0.5562793502943519,0.438853773365882,0.5229491684117269,0.008289516042960464,1.9411279363578444,2.172302313875772,2.397008459167447,0.4011037728621977,5.303488009068626,1.5213750898171927,1.6428932656831727,0.026042282702379325
D_W,dw,1,1,0.01,0.02,512,512,0,512,,512,512,0,512,0,0.5158518685652514,0.4747437209531852,0.47827586811350764,0.5028424452627709,0.5552153605363201,0.4387049809881615,0.5223271745220144,0.007570339060459808,sample,213,0.5148569251837817,0.4751681167311731,0.47869101713288265,0.5027922451220943,0.5553630604571254,0.43883402086220136,0.5222086420009149,0.007596200302863727,1.9363650097948963,2.2055312541150993,2.4053194187278106,0.39819741400567304,5.2515578225769675,1.5204038601256071,1.6405668333511765,0.023864167066673245
D_W,dw,1,1,0.01,0.02,512,512,0,512,,512,512,0,512,0,0.5158518685652514,0.4747437209531852,0.47827586811350764,0.5028424452627709,0.5552153605363201,0.4387049809881615,0.5223271745220144,0.007570339060459808,sample,214,0.5158080289916553,0.4748019818146138,0.4791608233047343,0.5036654200218257,0.5550411017848957,0.43809805010639263,0.5220877672799402,0.0063515745644012345,1.9425954667242222,2.181902731174223,2.413696802049016,0.3999660963691418,5.272677887724675,1.504300275353892,1.6401870942157577,0.019954059990250708
D_W,dw,1,1,0.01,0.02,512,512,0,512,,512,512,0,512,0,0.5158518685652514,0.4747437209531852,0.47827586811350764,0.5028424452627709,0.5552153605363201,0.4387049809881615,0.5223271745220144,0.007570339060459808,sample,215,0.5162120873857585,0.47422356863682386,0.47836635602525945,0.5033309879335006,0.5555913268327237,0.43875800741994514,0.5222674563280487,0.00788898992099934,1.950935818396826,2.1884973025835572,2.403630156719722,0.3993041511398351,5.2738237283681855,1.5109486803842285,1.640751604009226,0.02478399278005545
D_W,dw,1,1,0.01,0.02,512,512,0,512,,512,512,0,512,0,0.5158518685652514,0.4747437209531852,0.47827586811350764,0.5028424452627709,0.5552153605363201,0.4387049809881615,0.5223271745220144,0.007570339060459808,sample,216,0.5150807192922575,0.4747960954625249,0.4773345516770605,0.5022279762547394,0.5540490579080521,0.43974124933079256,0.5217589490864709,0.007589035002218468,1.9413682682701285,2.228035557185642,2.4100434932336157,0.3906232330555399,5.251593281505006,1.5295982800734649,1.639154081394788,0.023841656610805336
D_W,dw,1,1,0.01,0.02,512,512,0,512,,512,512,0,512,0,0.5158518685652514,0.4747437209531852,0.47827586811350764,0.5028424452627709,0.5552153605363201,0.4387049809881615,0.5223271745220144,0.007570339060459808,sample,217,0.5158045015788053,0.4751795784525442,0.47905564063260875,0.50206306985037,0.5548594986574434,0.43955515906746057,0.5218418963162923,0.008260781138004223,1.927711227595733,2.1893885529600574,2.4042449880044416,0.393886490916211,5.279395963643118,1.5332076108165693,1.6394146678026305,0.025952009336067196
D_W,dw,1,1,0.01,0.02,512,512,0,512,,512,512,0,512,0,0.5158518685652514,0.4747437209531852,0.47827586811350764,0.5028424452627709,0.5552153605363201,0.4387049809881615,0.5223271745220144,0.007570339060459808,sample,218,0.5158428882897704,0.47473207629801306,0.47760688934352524,0.5031762466533759,0.5553135999113973,0.4385278786577883,0.5227653980065349,0.007163004229601119,1.9575052499076473,2.214837665178077,2.40806071781895,0.39920017001676705,5.272422368240477,1.5134367897731957,1.6423159339282742,0.02250324146534749
D_W,dw,1,1,0.01,0.02,512,512,0,512,,512,512,0,512,0,0.5158518685652514,0.4747437209531852,0.47827586811350764,0.5028424452627709,0.5552153605363201,0.4387049809881615,0.5223271745220144,0.007570339060459808,sample,219,0.5158671253293646,0.4750431957093945,0.47772624657602625,0.5028622710001737,0.5554552921038317,0.4389172719889893,0.5226825803451657,0.007648146087828894,1.9523108497910084,2.216316217749298,2.403783357847637,0.39821025761736306,5.278705195882874,1.5192280590522502,1.6420557545717294,0.02402735956310477
D_W,dw,1,1,0.01,0.02,512,512,0,512,,512,512,0,512,0,0.5158518685652514,0.4747437209531852,0.47827586811350764,0.5028424452627709,0.5552153605363201,0.4387049809881615,0.5223271745220144,0.007570339060459808,sample,220,0.5151339547738318,0.4748204365584908,0.4780237264513467,0.503172654512334,0.5557100316864985,0.43833488644766583,0.5221722523837006,0.006938573948375474,1.952038553127876,2.213055115444269,2.4060810774944783,0.4011700339396343,5.253573709859877,1.5139083447808395,1.640452511997069,0.02179817294260591
D_W,dw,1,1,0.01,0.02,512,512,0,512,,512,512,0,512,0,0.5158518685652514,0.4747437209531852,0.47827586811350764,0.5028424452627709,0.5552153605363201,0.4387049809881615,0.5223271745220144,0.007570339060459808,sample,221,0.5153864535931835,0.4750849741645115,0.47819112355567533,0.5018957615386017,0.5546169083718498,0.43877680536708447,0.5223825950904525,0.007231545076142569,1.9412979614947163,2.2109348548869394,2.4128630622926552,0.3958747282313288,5.265618258142971,1.5361000979119845,1.641113323099337,0.022718568885312936
D_W,dw,1,1,0.01,0.02,512,512,0,512,,512,512,0,512,0,0.5158518685652514,0.4747437209531852,0.47827586811350764,0.5028424452627709,0.5552153605363201,0.4387049809881615,0.5223271745220144,0.007570339060459808,sample,222,0.5157729864547623,0.47529688963975636,0.4778946104670936,0.5031771115434407,0.5555031038930166,0.4385892089256216,0.522395111211319,0.007753819052725709,1.9527345709998956,2.2169880861079907,2.4058680646241193,0.3995925395847613,5.280638766937406,1.5136166732209033,1.6411526436527026,0.024359340973307657
D_W,dw,1,1,0.01,0.02,512,512,0,512,,512,512,0,512,0,0.5158518685652514,0.4747437209531852,0.47827586811350764,0.5028424452627709,0.5552153605363201,0.4387049809881615,0.5223271745220144,0.007570339060459808,sample,223,0.5164772360377746,0.47501987818466196,0.4784751956796165,0.5025106271131519,0.5557882423574708,0.4385243679832275,0.5217761417920326,0.007966299462502978,1.9503148685432974,2.1943527050072924,2.404153844825023,0.40063676777807306,5.295493005817725,1.525823870601693,1.6392080938722757,0.025026867867695674
D_W,dw,1,1,0.01,0.02,512,512,0,512,,512,512,0,512,0,0.5158518685652514,0.4747437209531852,0.47827586811350764,0.5028424452627709,0.5552153605363201,0.4387049809881615,0.5223271745220144,0.007570339060459808,sample,224,0.5156514029458433,0.47459792465696565,0.4784261066917979,0.5034643475012233,0.554840497569501,0.4391382761689355,0.5216809327223717,0.007915261660073893,1.941300719313261,2.1968346082316716,2.4071979089564097,0.39554398770241267,5.264596475909316,1.5077088209974265,1.638908985758474,0.02486652788252909
D_W,dw,1,1,0.01,0.02,512,512,0,512,,512,512,0,512,0,0.5158518685652514,0.4747437209531852,0.47827586811350764,0.5028424452627709,0.5552153605363201,0.4387049809881615,0.5223271745220144,0.007570339060459808,sample,225,0.5145747852703813,0.4749357440232722,0.4785151437448826,0.5028124623718846,0.5548890069684586,0.43874531522980886,0.5217518029404947,0.007338724004960814,1.9368181584737814,2.2085222949882928,2.4102967266826463,0.3969890728006146,5.239092088953701,1.5196020152813177,1.6391316311150876,0.02305528142070796
D_W,dw,1,1,0.01,0.02,512,512,0,512,,512,512,0,512,0,0.5158518685652514,0.4747437209531852,0.47827586811350764,0.5028424452627709,0.5552153605363201,0.4387049809881615,0.5223271745220144,0.007570339060459808,sample,226,0.515133628234624,0.4752130539022795,0.4780375743968857,0.5033190405775763,0.5553471921007966,0.4388205319793297,0.521837159779823,0.0074333837724474645,1.9460811115670131,2.218277831570224,2.4053107476633504,0.39828835807749097,5.260528515847396,1.51090041409771,1.639399787534455,0.023352663850834537
D_W,dw,1,1,0.01,0.02,512,512,0,512,,512,512,0,512,0,0.5158518685652514,0.4747437209531852,0.47827586811350764,0.5028424452627709,0.5552153605363201,0.4387049809881615,0.5223271745220144,0.007570339060459808,sample,227,0.5155721780630873,0.47420512948230503,0.4777726278907294,0.5032018549946348,0.5551924966883688,0.4388675460483872,0.5231208747220274,0.007216976056354611,1.9523863493847369,2.206375509731983,2.406378008969595,0.3975979374486418,5.255519364551299,1.5128487700243203,1.6434326969661879,0.02267279895977708
D_W,dw,1,1,0.01,0.02,512,512,0,512,,512,512,0,512,0,0.5158518685652514,0.4747437209531852,0.47827586811350764,0.5028424452627709,0.5552153605363201,0.4387049809881615,0.5223271745220144,0.007570339060459808,sample,228,0.515671130739893,0.47476002304854636,0.47839149492074495,0.5032196870909191,0.5551767323801426,0.4392168327079939,0.5215422930603995,0.007788909310470921,1.9414828514513367,2.1996314167639603,2.403659014246106,0.39630216306471416,5.2680239392452375,1.512510160332534,1.6384734364149258,0.024469580269252587
D_W,dw,1,1,0.01,0.02,512,512,0,512,,512,512,0,512,0,0.5158518685652514,0.4747437209531852,0.47827586811350764,0.5028424452627709,0.5552153605363201,0.4387049809881615,0.5223271745220144,0.007570339060459808,sample,229,0.515046615464061,0.47465753000996525,0.4781626273548902,0.5027371957640878,0.5560034898070582,0.4388292559909195,0.5221221550126919,0.006604276371249925,1.9466223302709578,2.2084705552667434,2.399670625879866,0.4002840156806612,5.2481863285390205,1.5219597391895852,1.640295126464344,0.02074794613019542
D_W,dw,1,1,0.01,0.02,512,512,0,512,,512,512,0,512,0,0.5158518685652514,0.4747437209531852,0.47827586811350764,0.5028424452627709,0.5552153605363201,0.4387049809881615,0.5223271745220144,0.007570339060459808,sample,230,0.5162784010509469,0.47432127828369963,0.4785463743164925,0.5025714357047899,0.5553896231064887,0.4385638568593938,0.5221952192494096,0.007695042667625089,1.9485244575206218,2.1852882977149135,2.407369700490441,0.399215259096891,5.277381028018558,1.5244051329764365,1.6405246645336564,0.024174689513670983
D_W,dw,1,1,0.01,0.02,512,512,0,512,,512,512,0,512,0,0.5158518685652514,0.4747437209531852,0.47827586811350764,0.5028424452627709,0.5552153605363201,0.4387049809881615,0.5223271745220144,0.007570339060459808,sample,231,0.5143805942442871,0.47429393607206843,0.47873094995515814,0.5034790783046151,0.5540243142103289,0.4378414129845419,0.5222800718224474,0.006537500022556665,1.940638732413062,2.196190297503316,2.4250683829761313,0.3976207603586557,5.222438857200546,1.506486749414656,1.6407912367537503,0.020538162043707123
D_W,dw,1,1,0.01,0.02,512,512,0,512,,512,512,0,512,0,0.5158518685652514,0.4747437209531852,0.47827586811350764,0.5028424452627709,0.5552153605363201,0.4387049809881615,0.5223271745220144,0.007570339060459808,sample,232,0.5152350769011018,0.47546455418461697,0.47854056027317227,0.5032504313152715,0.5555002363389181,0.4389584820035888,0.5222160847555241,0.007314546585023271,1.9394507223028539,2.209826207441233,2.402854079134264,0.398278234477434,5.268064509979483,1.5122970689933501,1.6405902154543792,0.022979325815849418
D_W,dw,1,1,0.01,0.02,512,512,0,512,,512,512,0,512,0,0.5158518685652514,0.4747437209531852,0.47827586811350764,0.5028424452627709,0.5552153605363201,0.4387049809881615,0.5223271745220144,0.007570339060459808,sample,233,0.5163466558303832,0.47455136709275625,0.478638865634977,0.5027022216839047,0.555697842201469,0.4390440056286012,0.5221857563789009,0.00750069738184811,1.9446123809948919,2.18569576007155,2.4006534332865943,0.3985199363032628,5.283359924159845,1.522318604418862,1.6404949360491843,0.02356413579161422
D_W,dw,1,1,0.01,0.02,512,512,0,512,,512,512,0,512,0,0.5158518685652514,0.4747437209531852,0.47827586811350764,0.5028424452627709,0.5552153605363201,0.4387049809881615,0.5223271745220144,0.007570339060459808,sample,234,0.5165582756905597,0.474752148387641,0.47706291915395366,0.5037765845051116,0.5548634610307661,0.4380802065281865,0.5222283482919978,0.008285779093482356,1.9704941157770879,2.2204617178224884,2.4153702159699244,0.3994862192833094,5.292851075077764,1.5020686828864689,1.6406287424904722,0.026030542729352065
D_W,dw,1,1,0.01,0.02,512,512,0,512,,512,512,0,512,0,0.5158518685652514,0.4747437209531852,0.47827586811350764,0.5028424452627709,0.5552153605363201,0.4387049809881615,0.5223271745220144,0.007570339060459808,sample,235,0.5164987089642006,0.4743728633197185,0.47812490755395864,0.5028384937389017,0.554809460076782,0.43933680013343157,0.5222303250581027,0.007416680982908128,1.9466192815622085,2.1933128139413123,2.406178637456629,0.3946171249355,5.284392173668671,1.519054161082042,1.6406349526843451,0.0233001904899233
D_W,dw,1,1,0.01,0.02,512,512,0,512,,512,512,0,512,0,0.5158518685652514,0.4747437209531852,0.47827586811350764,0.5028424452627709,0.5552153605363201,0.4387049809881615,0.5223271745220144,0.007570339060459808,sample,236,0.5171596134154007,0.4755939273998752,0.4794499018741338,0.5019192803233713,0.5542833240550714,0.43801277059515803,0.5227719039792618,0.00808935630601805,1.9393492547585107,2.1739650736135836,2.422046609817285,0.39757274234575596,5.3251843307229905,1.5354543282444115,1.6423363730443974,0.025413462343256574
D_W,dw,1,1,0.01,0.02,512,512,0,512,,512,512,0,512,0,0.5158518685652514,0.4747437209531852,0.47827586811350764,0.5028424452627709,0.5552153605363201,0.4387049809881615,0.5223271745220144,0.007570339060459808,sample,237,0.5150326395526611,0.47439620852152675,0.4778041321876756,0.5032056490824852,0.5560665692045548,0.4389421770078074,0.5225589226241141,0.007222688711058312,1.951403896555811,2.212741122117403,2.397970670767006,0.4001692194273508,5.243288167474363,1.5136827419678855,1.641667272383714,0.022690745793826725
D_W,dw,1,1,0.01,0.02,512,512,0,512,,512,512,0,512,0,0.5158518685652514,0.4747437209531852,0.47827586811350764,0.5028424452627709,0.5552153605363201,0.4387049809881615,0.5223271745220144,0.007570339060459808,sample,238,0.5155519739669349,0.4743898813115214,0.4785804013089984,0.5025815659727899,0.5558704680146205,0.43889699115747577,0.5216863713700474,0.007561364560421453,1.9434229159290268,2.191441822596129,2.4003663193055718,0.3995860619609401,5.258128860361705,1.5246228977330234,1.6389260717740575,0.023754727354134253
D_W,dw,1,1,0.01,0.02,512,512,0,512,,512,512,0,512,0,0.5158518685652514,0.4747437209531852,0.47827586811350764,0.5028424452627709,0.5552153605363201,0.4387049809881615,0.5223271745220144,0.007570339060459808,sample,239,0.5161803700283895,0.4744972523003756,0.47824367629830894,0.5028178903329589,0.5542175600600386,0.4389945422894045,0.5219478444652168,0.007875499917654483,1.9441962534279476,2.1950479070260123,2.4143676380631334,0.39393819568007526,5.2777592009042245,1.518869291740826,1.639747513728953,0.024741612684650343
D_W,dw,1,1,0.01,0.02,512,512,0,512,,512,512,0,512,0,0.5158518685652514,0.4747437209531852,0.47827586811350764,0.5028424452627709,0.5552153605363201,0.4387049809881615,0.5223271745220144,0.007570339060459808,sample,240,0.5160166153746402,0.47412734401517725,0.47771383500659864,0.5023698454281034,0.5547288570324733,0.43879236550397355,0.5216127193237154,0.007883201989387198,1.9530494885128957,2.2029366345569423,2.4115531277801017,0.39623777159514867,5.2667023246507005,1.5275217903484788,1.6386946870463792,0.024765809456623263
D_W,dw,1,1,0.01,0.02,512,512,0,512,,512,512,0,512,0,0.5158518685652514,0.4747437209531852,0.47827586811350764,0.5028424452627709,0.5552153605363201,0.4387049809881615,0.5223271745220144,0.007570339060459808,sample,241,0.5163324385442625,0.4745029861641238,0.47878097772559136,0.5033833534674296,0.5554294815440847,0.4389333578793097,0.522788032378806,0.008341495585250979,1.9442158797289086,2.1820406225087647,2.403620585300953,0.398164313523656,5.282101330833011,1.509833082974241,1.6423870419059199,0.026205581250576166
D_W,dw,1,1,0.01,0.02,512,512,0,512,,512,512,0,512,0,0.5158518685652514,0.4747437209531852,0.47827586811350764,0.5028424452627709,0.5552153605363201,0.4387049809881615,0.5223271745220144,0.007570339060459808,sample,242,0.5151362319136659,0.4746438758623998,0.47836882282467375,0.5032179407732904,0.5551625015269392,0.4378873376946023,0.5226791743366802,0.0070431417657501275,1.950317564072428,2.2030081804081307,2.414545502789723,0.4010244159692527,5.250559722138773,1.5125267079496334,1.6420450542804932,0.022126682429472043
D_W,dw,1,1,0.01,0.02,512,512,0,512,,512,512,0,512,0,0.5158518685652514,0.4747437209531852,0.47827586811350764,0.5028424452627709,0.5552153605363201,0.4387049809881615,0.5223271745220144,0.007570339060459808,sample,243,0.5157682686209453,0.47520042469762475,0.4783819686916955,0.5037350265892414,0.5552635948607799,0.4378027165086947,0.5228286210199795,0.007304805085908918,1.9538169364758002,2.2050216398716453,2.4140242465416573,0.40175712057868923,5.278736980547883,1.5033132910662783,1.6425145548828497,0.022948721993796814
D_W,dw,1,1,0.01,0.02,512,512,0,512,,512,512,0,512,0,0.5158518685652514,0.4747437209531852,0.47827586811350764,0.5028424452627709,0.5552153605363201,0.4387049809881615,0.5223271745220144,0.007570339060459808,sample,244,0.5154879482108624,0.4734676885398785,0.47793956586155384,0.5026416600474877,0.5556834231406449,0.43830322283487577,0.5217727240730228,0.00792431335827994,1.957155184013379,2.193545026725701,2.406820344640422,0.40110781112701943,5.240766140347837,1.5233911785432748,1.6391973567913425,0.02489496463111572
D_W,dw,1,1,0.01,0.02,512,512,0,512,,512,512,0,512,0,0.5158518685652514,0.4747437209531852,0.47827586811350764,0.5028424452627709,0.5552153605363201,0.4387049809881615,0.5223271745220144,0.007570339060459808,sample,245,0.515722996022378,0.47486386699251415,0.4778784589982695,0.50320056160874,0.5553545588011826,0.43859038663994193,0.5228488841634984,0.007693584338732866,1.9531400881321983,2.2118128336161638,2.4071752388652796,0.399112923702623,5.271357625879355,1.5130413334083144,1.6425782134256672,0.02417010803833666
D_W,dw,1,1,0.01,0.02,512,512,0,512,,512,512,0,512,0,0.5158518685652514,0.4747437209531852,0.47827586811350764,0.5028424452627709,0.5552153605363201,0.4387049809881615,0.5223271745220144,0.007570339060459808,sample,246,0.5156793199676974,0.47524397349173003,0.4780542921944018,0.5026253311333049,0.5556015004397248,0.43893267288031035,0.5224847307237788,0.007350582658884943,1.947147068179547,2.213598084135665,2.402455006150529,0.3985915382709567,5.276972880635233,1.523614457331661,1.6414341916546646,0.023092536480757465
D_W,dw,1,1,0.01,0.02,512,512,0,512,,512,512,0,512,0,0.5158518685652514,0.4747437209531852,0.47827586811350764,0.5028424452627709,0.5552153605363201,0.4387049809881615,0.5223271745220144,0.007570339060459808,sample,247,0.515951491413539,0.4738264419221931,0.47819602560397795,0.5005836758383891,0.5543933426616874,0.43857689853761,0.5219255331115161,0.0076077368301612665,1.9457393478555587,2.1891021610654695,2.416788955954078,0.39578342224184637,5.259728508749823,1.5600660901782188,1.6396774205440754,0.023900410136079134
D_W,dw,1,1,0.01,0.02,512,512,0,512,,512,512,0,512,0,0.5158518685652514,0.4747437209531852,0.47827586811350764,0.5028424452627709,0.5552153605363201,0.4387049809881615,0.5223271745220144,0.007570339060459808,sample,248,0.5151689005033372,0.47491885433335307,0.4780981454865021,0.5015335854336955,0.5551328893138068,0.43901747717947187,0.5220909252456019,0.0078274316411708,1.940973171736931,2.212510920971915,2.4063373046907777,0.39663740482772936,5.2563252701558385,1.5429873346539202,1.6401970152574807,0.02459060174037848
D_W,dw,1,1,0.01,0.02,512,512,0,512,,512,512,0,512,0,0.5158518685652514,0.4747437209531852,0.47827586811350764,0.5028424452627709,0.5552153605363201,0.4387049809881615,0.5223271745220144,0.007570339060459808,sample,249,0.5157597526040774,0.47496662602160744,0.47800929813935966,0.5026241145157623,0.554708025092989,0.4384715842881865,0.5228424002232092,0.007540015343499701,1.949392157487488,2.210062987469742,2.414233544090417,0.39736258066068747,5.274253288609497,1.522867255417226,1.6425578435264883,0.02368765681109298
D_W,dw,1,1,0.01,0.02,512,512,0,512,,512,512,0,512,0,0.5158518685652514,0.4747437209531852,0.47827586811350764,0.5028424452627709,0.5552153605363201,0.4387049809881615,0.5223271745220144,0.007570339060459808,sample,250,0.5160370935282511,0.47430937733652867,0.47827051464706205,0.502723561408251,0.5552591805216442,0.4391114324207172,0.5219211415656948,0.007775753750466526,1.9459571303074534,2.193166976074093,2.4040202994447966,0.39685901588893857,5.27044101061386,1.5215491388742908,1.6396636240959852,0.02442825085858892
D_W,dw,1,1,0.01,0.02,512,512,0,512,,512,512,0,512,0,0.5158518685652514,0.4747437209531852,0.47827586811350764,0.5028424452627709,0.5552153605363201,0.4387049809881615,0.5223271745220144,0.007570339060459808,sample,251,0.5168183721793299,0.47395525466313865,0.4777777210910625,0.5027442760920396,0.5557113199962853,0.43827460326613865,0.5231800898332318,0.007780238924089445,1.9646894580911185,2.1926942939507272,2.406758263451482,0.4013163868258211,5.285770099366963,1.5215772503968756,1.643618726724529,0.024442341447092755
D_W,dw,1,1,0.01,0.02,512,512,0,512,,512,512,0,512,0,0.5158518685652514,0.4747437209531852,0.47827586811350764,0.5028424452627709,0.5552153605363201,0.4387049809881615,0.5223271745220144,0.007570339060459808,sample,252,0.5157160277171783,0.47377313863935366,0.4789333121830583,0.5041583668248827,0.556625347430414,0.4381589859314544,0.5230049828066903,0.008147248510564128,1.9528477005068328,2.174110112127232,2.3988530780576256,0.4049736878617236,5.252245073997751,1.497491422464914,1.6430686117763542,0.02559533606775865
D_W,dw,1,1,0.01,0.02,512,512,0,512,,512,512,0,512,0,0.5158518685652514,0.4747437209531852,0.47827586811350764,0.5028424452627709,0.5552153605363201,0.4387049809881615,0.5223271745220144,0.007570339060459808,sample,253,0.5155869533548362,0.47400798779978354,0.47859754287328427,0.5025312544913269,0.5545110769711051,0.43922605846525953,0.5222957918751,0.007359176801726636,1.9370392187411223,2.185657588529566,2.409930846560805,0.39400276834142217,5.252574949585667,1.5243940608631419,1.6408406227556778,0.02311953577677283
D_W,dw,1,1,0.01,0.02,512,512,0,512,,512,512,0,512,0,0.5158518685652514,0.4747437209531852,0.47827586811350764,0.5028424452627709,0.5552153605363201,0.4387049809881615,0.5223271745220144,0.007570339060459808,sample,254,0.5167420989219106,0.4751204381046102,0.47910916091506045,0.5035451909616414,0.554908635998746,0.43830283587899704,0.522927129112707,0.00728681264574055,1.9447933205895744,2.179260974062918,2.413313507564773,0.3987791564665691,5.304712316533173,1.5063205492871257,1.6428240271832815,0.022892197075943716
D_W,dw,1,1,0.01,0.02,512,512,0,512,,512,512,0,512,0,0.5158518685652514,0.4747437209531852,0.47827586811350764,0.5028424452627709,0.5552153605363201,0.4387049809881615,0.5223271745220144,0.007570339060459808,sample,255,0.5168012253464063,0.4755456387165348,0.4781996013604865,0.5025384352570028,0.5552247192177648,0.43834022635501524,0.5215500341994637,0.0078504361252656,1.953639726719727,2.204477032554902,2.4106692920517125,0.3994809239398905,5.314366703618757,1.5248630963014456,1.6384977559205405,0.024662872458610333
D_W,dw,1,1,0.01,0.02,512,512,0,512,,512,512,0,512,0,0.5158518685652514,0.4747437209531852,0.47827586811350764,0.5028424452627709,0.5552153605363201,0.4387049809881615,0.5223271745220144,0.007570339060459808,sample,256,0.5158499361066795,0.4744240428916461,0.4787802462556912,0.5034667521744806,0.5553796049871738,0.43874223132368095,0.5221172055778858,0.00677414612810464,1.9435793190696757,2.1850251445401367,2.405575892238959,0.3987023143832306,5.2671825407577,1.5082781061358084,1.6402795773563177,0.021281607710397277
D_W,dw,1,1,0.01,0.02,512,512,0,512,,512,512,0,512,0,0.5158518685652514,0.4747437209531852,0.47827586811350764,0.5028424452627709,0.5552153605363201,0.4387049809881615,0.5223271745220144,0.007570339060459808,sample,257,0.5161555650808154,0.4744178036291595,0.4774841927771205,0.5049714205994983,0.5535380741903521,0.43857136371961886,0.5220390995482775,0.008006270553073652,1.958292047872022,2.210553354990306,2.422593590954286,0.3938013560709545,5.275660207856122,1.478204178538071,1.6400342000274994,0.025152440752188476
D_W,dw,1,1,0.01,0.02,512,512,0,512,,512,512,0,512,0,0.5158518685652514,0.4747437209531852,0.47827586811350764,0.5028424452627709,0.5552153605363201,0.4387049809881615,0.5223271745220144,0.007570339060459808,sample,258,0.5154750149199135,0.47521331782201626,0.47793449772306024,0.5027636177602948,0.5552444872158331,0.43888176767058457,0.5222184341355813,0.007492166022006077,1.9470841274357735,2.217572395689599,2.4060078655463517,0.39763857460918073,5.2705047747429425,1.5208127715862312,1.6405975962495076,0.023537333734209357
D_W,dw,1,1,0.01,0.02,512,512,0,512,,512,512,0,512,0,0.5158518685652514,0.4747437209531852,0.47827586811350764,0.5028424452627709,0.5552153605363201,0.4387049809881615,0.5223271745220144,0.007570339060459808,sample,259,0.5149497557522487,0.4738965415623678,0.4780636091654616,0.5023471903215633,0.5533385983070461,0.4384330715262449,0.5225462882182352,0.00667420612376076,1.9431208380703522,2.2008757234572447,2.42720323719765,0.3931059792108747,5.232501832704793,1.5268192247175296,1.6416275802270224,0.020967636926950813
D_W,dw,1,1,0.01,0.02,512,512,0,512,,512,512,0,512,0,0.5158518685652514,0.4747437209531852,0.47827586811350764,0.5028424452627709,0.5552153605363201,0.4387049809881615,0.5223271745220144,0.007570339060459808,sample,260,0.5155515174177316,0.474649216098039,0.47804038619350964,0.502437770908813,0.5555580625324948,0.43911930203115135,0.5226899351345744,0.006559587795640268,1.9460217849211903,2.2068112770146655,2.4013957070640037,0.39775767668022094,5.262641797349713,1.526946556897932,1.6420788603241043,0.02060755282936073
D_W,dw,1,1,0.01,0.02,512,512,0,512,,512,512,0,512,0,0.5158518685652514,0.4747437209531852,0.47827586811350764,0.5028424452627709,0.5552153605363201,0.4387049809881615,0.5223271745220144,0.007570339060459808,sample,261,0.5156997801443499,0.4740017797543239,0.47848781661520473,0.5024994069497071,0.5549851025804177,0.43888169075611044,0.5220588213823554,0.007507239389925037,1.9431634653512844,2.187081739618118,2.4084576273497067,0.39676060955887826,5.25565583151903,1.5253715209285155,1.6400961579965536,0.02358468811612842
D_W,dw,1,1,0.01,0.02,512,512,0,512,,512,512,0,512,0,0.5158518685652514,0.4747437209531852,0.47827586811350764,0.5028424452627709,0.5552153605363201,0.4387049809881615,0.5223271745220144,0.007570339060459808,sample,262,0.5157921134528913,0.4750416195244015,0.47875290034366086,0.5027884906046185,0.5541156023567907,0.43784909388207094,0.5214234440945645,0.007985018061046355,1.9441494524130558,2.1944169066886845,2.424539178379286,0.39775500914923734,5.276533293240951,1.5193134562463635,1.638100061376972,0.025085674079365045
D_W,dw,1,1,0.01,0.02,512,512,0,512,,512,512,0,512,0,0.5158518685652514,0.4747437209531852,0.47827586811350764,0.5028424452627709,0.5552153605363201,0.4387049809881615,0.5223271745220144,0.007570339060459808,sample,263,0.5162867709831512,0.4745366609507073,0.47816707474153836,0.5032095647641963,0.5567717988254742,0.4380911031440082,0.5216345875548503,0.00750527339753444,1.9620906676174386,2.196339728309724,2.398657688729335,0.4054909764349631,5.281430038321313,1.5143219511796762,1.6387633881206594,0.023578511768877104
D_W,dw,1,1,0.01,0.02,512,512,0,512,,512,512,0,512,0,0.5158518685652514,0.4747437209531852,0.47827586811350764,0.5028424452627709,0.5552153605363201,0.4387049809881615,0.5223271745220144,0.007570339060459808,sample,264,0.5183707658041777,0.47641922949087195,0.47789012811193626,0.5025346220468927,0.5553339906669635,0.43714743050655885,0.5218319264448426,0.0071666196342646295,1.9737007390864907,2.2076443212936714,2.4192052652913403,0.40413067010917625,5.3742287479910615,1.525022444445292,1.6393833465277265,0.02251459959407813
D_W,dw,1,1,0.01,0.02,512,512,0,512,,512,512,0,512,0,0.5158518685652514,0.4747437209531852,0.47827586811350764,0.5028424452627709,0.5552153605363201,0.4387049809881615,0.5223271745220144,0.007570339060459808,sample,265,0.5137249819750073,0.4734358511293346,0.4786156036265406,0.5039574775401728,0.5539916940281832,0.4380460364517329,0.5219657616904668,0.006659291391934312,1.9403705448805426,2.191644042243509,2.4234320526564477,0.3968779475115454,5.189285950506792,1.4976292761951244,1.6398038023521713,0.02092078091501458
D_W,dw,1,1,0.01,0.02,512,512,0,512,,512,512,0,512,0,0.5158518685652514,0.4747437209531852,0.47827586811350764,0.5028424452627709,0.5552153605363201,0.4387049809881615,0.5223271745220144,0.007570339060459808,sample,266,0.5161132576272054,0.4748684445155241,0.47899284272301074,0.5033466413764556,0.5559803691888949,0.43826337657121744,0.5218814757823754,0.007615417597137933,1.9471156680669806,2.183984198798586,2.4041669520427114,0.40233285872273633,5.2825221149886294,1.5110849840895233,1.6395390103625103,0.023924539977186965
D_W,dw,1,1,0.01,0.02,512,512,0,512,,512,512,0,512,0,0.5158518685652514,0.4747437209531852,0.47827586811350764,0.5028424452627709,0.5552153605363201,0.4387049809881615,0.5223271745220144,0.007570339060459808,sample,267,0.5163744125031821,0.47472995964370074,0.4778825916600148,0.5029406889240227,0.5554024775580864,0.43892461908363173,0.5233580384769617,0.007875577822054489,1.9535086616846127,2.2043160532312474,2.4041596772174847,0.3980262220722928,5.2873409527780995,1.5177674358707796,1.6441777688763872,0.024741857428541084
D_W,dw,1,1,0.01,0.02,512,512,0,512,,512,512,0,512,0,0.5158518685652514,0.4747437209531852,0.47827586811350764,0.5028424452627709,0.5552153605363201,0.4387049809881615,0.5223271745220144,0.007570339060459808,sample,268,0.515825815896538,0.4754752862082682,0.47806967089806895,0.5019826906524881,0.5558796804108326,0.4388590485213178,0.5218794905376524,0.007706736549862023,1.9476903240145946,2.2151652460492413,2.4008111581722047,0.399671491294154,5.285453580448421,1.5353297807813642,1.6395327735322727,0.024211426928198478
D_W,dw,1,1,0.01,0.02,512,512,0,512,,512,512,0,512,0,0.5158518685652514,0.4747437209531852,0.47827586811350764,0.5028424452627709,0.5552153605363201,0.4387049809881615,0.5223271745220144,0.007570339060459808,sample,269,0.515859961129031,0.47517567671907474,0.47780016187061203,0.5024620595653493,0.5555208820337877,0.4386658185627179,0.522388236308656,0.007115996170684158,1.9527345647374261,2.216600500682904,2.4054127272252748,0.39925866894474143,5.28091286474967,1.526480611119313,1.6411310455090027,0.02235556129279445
D_W,dw,1,1,0.01,0.02,512,512,0,512,,512,512,0,512,0,0.5158518685652514,0.4747437209531852,0.47827586811350764,0.5028424452627709,0.5552153605363201,0.4387049809881615,0.5223271745220144,0.007570339060459808,sample,270,0.5154034618780131,0.4745753657132118,0.47859122481519994,0.503136225367738,0.5539872368265337,0.4393172260622844,0.5217027145692693,0.007057280791904142,1.9334262547200258,2.194941824514049,2.4136812707616917,0.392094080735707,5.257097332647553,1.5127695641514824,1.6389774154486692,0.02217110149016641
D_W,dw,1,1,0.01,0.02,512,512,0,512,,512,512,0,512,0,0.5158518685652514,0.4747437209531852,0.47827586811350764,0.5028424452627709,0.5552153605363201,0.4387049809881615,0.5223271745220144,0.007570339060459808,sample,271,0.5161838397696124,0.47427321246356013,0.4784114342630709,0.5041557909262628,0.5560604014461916,0.439905700782477,0.5226117876280416,0.007780837688836977,1.9439590348870313,2.18839805243853,2.3895423015962893,0.39694553634084184,5.27390660873219,1.4968010766840747,1.6418333526916846,0.02444422252202483
D_W,dw,1,1,0.01,0.02,512,512,0,512,,512,512,0,512,0,0.5158518685652514,0.4747437209531852,0.47827586811350764,0.5028424452627709,0.5552153605363201,0.4387049809881615,0.5223271745220144,0.007570339060459808,sample,272,0.5157386434046571,0.47507950620465617,0.47772429077057227,0.5027731975122608,0.5559457457399649,0.4383623694728521,0.522176733203441,0.007681445436824423,1.9576958762759142,2.2179778103086094,2.4039532610847485,0.40176572650576753,5.275687576290753,1.5212674581935781,1.6404665889074477,0.02413197255327845
D_W,dw,1,1,0.01,0.02,512,512,0,512,,512,512,0,512,0,0.5158518685652514,0.4747437209531852,0.47827586811350764,0.5028424452627709,0.5552153605363201,0.4387049809881615,0.5223271745220144,0.007570339060459808,sample,273,0.5157379110481786,0.47517971265311426,0.4776092478636605,0.502728175443541,0.5553989333402974,0.438704743947601,0.5220273529403143,0.007810587205996555,1.9540968950826187,2.221850146234846,2.4060770338884594,0.3987653392610625,5.277487174843046,1.5215900866194543,1.6399972969702177,0.024537683386581206
D_W,dw,1,1,0.01,0.02,512,512,0,512,,512,512,0,512,0,0.5158518685652514,0.4747437209531852,0.47827586811350764,0.5028424452627709,0.5552153605363201,0.4387049809881615,0.5223271745220144,0.007570339060459808,sample,274,0.5157072673478872,0.4749539982162796,0.477833412576686,0.5024193079738793,0.5556073328560008,0.43879047081743017,0.5225961632278799,0.007494904877526136,1.9513112627244937,2.214161249698722,2.4036442429082676,0.3990873743790874,5.272523336421133,1.5273167511408252,1.64178426719092,0.023545938102590418
D_W,dw,1,1,0.01,0.02,512,512,0,512,,512,512,0,512,0,0.5158518685652514,0.4747437209531852,0.47827586811350764,0.5028424452627709,0.5552153605363201,0.4387049809881615,0.5223271745220144,0.007570339060459808,sample,275,0.516724207004515,0.4754419120875031,0.4779716302971765,0.5028362533265751,0.5538837464105951,0.4399379430950906,0.522223826923738,0.008871465223057404,1.9391108074107157,2.2087694789992143,2.4096752414490608,0.38947696033839013,5.310253276741564,1.5182083298060771,1.640614538193163,0.027870529971334476
D_W,dw,1,1,0.01,0.02,512,512,0,512,,512,512,0,512,0,0.5158518685652514,0.4747437209531852,0.47827586811350764,0.5028424452627709,0.5552153605363201,0.4387049809881615,0.5223271745220144,0.007570339060459808,sample,276,0.5161061455313354,0.4743833520854057,0.47796096944857647,0.5026635100901778,0.555793123444135,0.4392300175619321,0.5216385902094501,0.007270137963557382,1.9504410684381785,2.200290919697843,2.3982982028609516,0.3981628054411245,5.273671376882554,1.5230935043984348,1.638775962830945,0.022839812016896128
D_W,dw,1,1,0.01,0.02,512,512,0,512,,512,512,0,512,0,0.5158518685652514,0.4747437209531852,0.47827586811350764,0.5028424452627709,0.5552153605363201,0.4387049809881615,0.5223271745220144,0.007570339060459808,sample,277,0.5161904726847882,0.4745350047972674,0.4780632929061417,0.5020124546645756,0.5557197993058701,0.43861079487504073,0.5233990271262792,0.007734904882042464,1.9530066336870187,2.1993855471463557,2.4042436899588315,0.40004087562928636,5.278712129574609,1.5346946122589198,1.6443065385159634,0.024299920353640432
D_W,dw,1,1,0.01,0.02,512,512,0,512,,512,512,0,512,0,0.5158518685652514,0.4747437209531852,0.47827586811350764,0.5028424452627709,0.5552153605363201,0.4387049809881615,0.5223271745220144,0.007570339060459808,sample,278,0.5155340365809056,0.47501866622420824,0.4783256998784132,0.5022333640809231,0.5555073798663883,0.43875555184340675,0.5228480546893902,0.007845469118448046,1.9442601778761608,2.2057888586737056,2.4048915350244773,0.39886296451269676,5.268702431009643,1.530582573873907,1.6425756075559026,0.02464726814648197
D_W,dw,1,1,0.01,0.02,512,512,0,512,,512,512,0,512,0,0.5158518685652514,0.4747437209531852,0.47827586811350764,0.5028424452627709,0.5552153605363201,0.4387049809881615,0.5223271745220144,0.007570339060459808,sample,279,0.5160716393106791,0.47515546811114057,0.478144155165487,0.5020160809661854,0.5545321309196077,0.43855783366835654,0.522873740065911,0.00893786822517124,1.9465772536864665,2.2069814810609762,2.415367536226449,0.39640566891007,5.2865736685460085,1.5338426419579148,1.6426563005460852,0.02807914115495161
D_W,dw,1,1,0.01,0.02,512,512,0,512,,512,512,0,512,0,0.5158518685652514,0.4747437209531852,0.47827586811350764,0.5028424452627709,0.5552153605363201,0.4387049809881615,0.5223271745220144,0.007570339060459808,sample,280,0.5146057564518962,0.474232661620262,0.4800133289551111,0.5029740286571064,0.5558260051900971,0.4388789050541758,0.5237894283628663,0.008499418996817934,1.92351197954261,2.164403590244067,2.400735587635885,0.3995693071737007,5.228063258424706,1.5175734611091518,1.6455330201727782,0.02670171228018475
D_W,dw,1,1,0.01,0.02,512,512,0,512,,512,512,0,512,0,0.5158518685652514,0.4747437209531852,0.47827586811350764,0.5028424452627709,0.5552153605363201,0.4387049809881615,0.5223271745220144,0.007570339060459808,sample,281,0.5175984119803402,0.47437542017141093,0.47656962364065353,0.49976325714715614,0.5553804660576769,0.43811146041535504,0.5226541906059413,0.007719760156590169,1.977086882615105,2.216682867083453,2.411630041307439,0.4006181475348175,5.314186269759711,1.575071144751656,1.6419665655755447,0.024252341795418866
D_W,dw,1,1,0.01,0.02,512,512,0,512,,512,512,0,512,0,0.5158518685652514,0.4747437209531852,0.47827586811350764,0.5028424452627709,0.5552153605363201,0.4387049809881615,0.5223271745220144,0.007570339060459808,sample,282,0.5155171653936119,0.47470721615139533,0.47783263533202186,0.5027452541612133,0.5551702664198024,0.4378554577263871,0.5224447561730473,0.006911795399847326,1.9576938851603947,2.212404449046441,2.4149599085427114,0.4010824168768513,5.262677081021159,1.5210776662361747,1.641308607899756,0.021714045651276086
D_W,dw,1,1,0.01,0.02,512,512,0,512,,512,512,0,512,0,0.5158518685652514,0.4747437209531852,0.47827586811350764,0.5028424452627709,0.5552153605363201,0.4387049809881615,0.5223271745220144,0.007570339060459808,sample,283,0.5162515925620917,0.4748043617770206,0.4782580327668239,0.5024056827331628,0.5551574881235669,0.4390651772024255,0.5218646774846983,0.00841914108876832,1.9454914487187,2.198210464423766,2.4054456905772286,0.3966471720451686,5.28525260507504,1.527209152147183,1.639486236953935,0.02644951179401053
D_W,dw,1,1,0.01,0.02,512,512,0,512,,512,512,0,512,0,0.5158518685652514,0.4747437209531852,0.47827586811350764,0.5028424452627709,0.5552153605363201,0.4387049809881615,0.5223271745220144,0.007570339060459808,sample,284,0.5163493854638691,0.47412912208853913,0.47843869663768174,0.5027976691206035,0.5551660132337661,0.43914334778521774,0.5227967933209157,0.008119118587589595,1.9455131414790787,2.1845532167071493,2.4045637644503155,0.39645527989269985,5.275978294281412,1.520126100063565,1.6424145652172901,0.02550696330839581
D_W,dw,1,1,0.01,0.02,512,512,0,512,,512,512,0,512,0,0.5158518685652514,0.4747437209531852,0.47827586811350764,0.5028424452627709,0.5552153605363201,0.4387049809881615,0.5223271745220144,0.007570339060459808,sample,285,0.5159675611093808,0.47337544359583994,0.4774060105382954,0.5026873359572269,0.5547089665577397,0.4381522405017667,0.5217586888548736,0.007222501849138899,1.9640546230355136,2.1999161911181635,2.416767425872468,0.3985273305084163,5.252610366732252,1.5217152001113923,1.6391532638531137,0.022690158749793462
D_W,dw,1,1,0.01,0.02,512,512,0,512,,512,512,0,512,0,0.5158518685652514,0.4747437209531852,0.47827586811350764,0.5028424452627709,0.5552153605363201,0.4387049809881615,0.5223271745220144,0.007570339060459808,sample,286,0.5156899872802299,0.4753573724577652,0.47751457398751296,0.5028963949475199,0.5551516099901682,0.439100990414258,0.5216902374014266,0.007021202540235316,1.9508166782629035,2.226780517662815,2.40499376049354,0.3965764776282649,5.2793583332979175,1.5183275672561438,1.638938217269837,0.022057758319769263
D_W,dw,1,1,0.01,0.02,512,512,0,512,,512,512,0,512,0,0.5158518685652514,0.4747437209531852,0.47827586811350764,0.5028424452627709,0.5552153605363201,0.4387049809881615,0.5223271745220144,0.007570339060459808,sample,287,0.5172583414901782,0.4756166343806515,0.4786456962364293,0.5023721975094246,0.554384316685849,0.43984952515514747,0.5223919088811159,0.007778537067774946,1.9352354778993188,2.1914095456072906,2.4060233589603843,0.391336804036527,5.328325090978858,1.5272048118571935,1.641142583235662,0.02443699490779766
D_W,dw,1,1,0.01,0.02,512,512,0,512,,512,512,0,512,0,0.5158518685652514,0.4747437209531852,0.47827586811350764,0.5028424452627709,0.5552153605363201,0.4387049809881615,0.5223271745220144,0.007570339060459808,sample,288,0.515521033477522,0.47365401096856563,0.47855291173944625,0.5022342427236323,0.5560696505509684,0.43839930179447,0.5233008751051939,0.007059915323067378,1.9495041341562844,2.1824543528180267,2.4027696086089385,0.4019576491076297,5.244772447284175,1.5309697665837398,1.6439981848475869,0.022179378113914485
D_W,dw,1,1,0.01,0.02,512,512,0,512,,512,512,0,512,0,0.5158518685652514,0.4747437209531852,0.47827586811350764,0.5028424452627709,0.5552153605363201,0.4387049809881615,0.5223271745220144,0.007570339060459808,sample,289,0.5168144545435596,0.47556301843873056,0.4770599646397938,0.5014308640481904,0.5552316717662926,0.4394755033000179,0.5212605276154558,0.006837696974201511,1.955895325547353,2.2290784245682342,2.4017195439152106,0.3953135563390788,5.31506607430482,1.5448955343223698,1.6375882441630556,0.021481258581624623
D_W,dw,1,1,0.01,0.02,512,512,0,512,,512,512,0,512,0,0.5158518685652514,0.4747437209531852,0.47827586811350764,0.5028424452627709,0.5552153605363201,0.4387049809881615,0.5223271745220144,0.007570339060459808,sample,290,0.515753189806357,0.47447210856715394,0.47876843646669837,0.5029714645855035,0.5551507101759303,0.438904980883164,0.5219444942668111,0.007611538307218969,1.9401857031102998,2.1867268267808164,2.4065647499086693,0.39728737907622197,5.265285173853697,1.5169693816752938,1.6397369887702538,0.023912352828476403
D_W,dw,1,1,0.01,0.02,512,512,0,512,,512,512,0,512,0,0.5158518685652514,0.4747437209531852,0.47827586811350764,0.5028424452627709,0.5552153605363201,0.4387049809881615,0.5223271745220144,0.007570339060459808,sample,291,0.5150191480370059,0.47446997265549307,0.47782403808404605,0.5022405560181432,0.5558377054373735,0.4393671010051754,0.5218265494682494,0.008632953131287906,1.9451451046443051,2.213449931622581,2.3969412431396875,0.3977611123352088,5.244156257331893,1.5306916225543301,1.639366454257563,0.027121222136039087
D_W,dw,1,1,0.01,0.02,512,512,0,512,,512,512,0,512,0,0.5158518685652514,0.4747437209531852,0.47827586811350764,0.5028424452627709,0.5552153605363201,0.4387049809881615,0.5223271745220144,0.007570339060459808,sample,292,0.5159493851554146,0.4742659097330283,0.4784921567625419,0.5031162748260154,0.5550015514137875,0.43838386033573107,0.521987376711836,0.007769863714082198,1.9488216412118,2.188465667889282,2.4120578839498226,0.398702234176985,5.267223271094531,1.5141988924965317,1.639871707944512,0.02440974676355454
D_W,dw,1,1,0.01,0.02,512,512,0,512,,512,512,0,512,0,0.5158518685652514,0.4747437209531852,0.47827586811350764,0.5028424452627709,0.5552153605363201,0.4387049809881615,0.5223271745220144,0.007570339060459808,sample,293,0.5158937175138057,0.4760102292189731,0.47887758449719536,0.5026073503415986,0.5548030010725499,0.43795602110605586,0.5220972325798111,0.006424024240326007,1.9422644596099403,2.20397970658144,2.417524131076464,0.3995240716284541,5.297515740138085,1.5232553952980419,1.6402168303322961,0.020181667359890933
D_W,dw,1,1,0.01,0.02,512,512,0,512,,512,512,0,512,0,0.5158518685652514,0.4747437209531852,0.47827586811350764,0.5028424452627709,0.5552153605363201,0.4387049809881615,0.5223271745220144,0.007570339060459808,sample,294,0.5157024394875742,0.4749347386601896,0.47839106254270564,0.501053692637975,0.5565578871194885,0.43863578512354556,0.5227484385508853,0.00848423789662276,1.9471849223104731,2.201755444420574,2.396843970394341,0.4025947519385987,5.272039095239525,1.5521681423197056,1.6422626542269965,0.026654019447338185
D_W,dw,1,1,0.01,0.02,512,512,0,512,,512,512,0,512,0,0.5158518685652514,0.4747437209531852,0.47827586811350764,0.5028424452627709,0.5552153605363201,0.4387049809881615,0.5223271745220144,0.007570339060459808,sample,295,0.5169062423044586,0.4744508472117633,0.4783792850797651,0.5027608963328003,0.5561989646142838,0.43963161427579944,0.5228224922493031,0.007420433430016687,1.9476786627597362,2.1853529953355166,2.3913464638239277,0.39808479211968095,5.296955250734831,1.5217086177851886,1.6424953007819172,0.023311979150192536
D_W,dw,1,1,0.01,0.02,512,512,0,512,,512,512,0,512,0,0.5158518685652514,0.4747437209531852,0.47827586811350764,0.5028424452627709,0.5552153605363201,0.4387049809881615,0.5223271745220144,0.007570339060459808,sample,296,0.514339226026521,0.47446289685557896,0.4791732221341799,0.502879971335797,0.5556306716206342,0.4375864891022159,0.5214157312085309,0.007876889492158451,1.941266784386137,2.1889432440293475,2.4129267805132875,0.4035484693551744,5.224022718006571,1.5190730142706579,1.638075830630871,0.024745978161703625
D_W,dw,1,1,0.01,0.02,512,512,0,512,,512,512,0,512,0,0.5158518685652514,0.4747437209531852,0.47827586811350764,0.5028424452627709,0.5552153605363201,0.4387049809881615,0.5223271745220144,0.007570339060459808,sample,297,0.5161898997248329,0.4747974070157287,0.47786661030668426,0.5035845732706274,0.5555842323035215,0.43794999593390876,0.5229313205911807,0.006814478041038679,1.962323747078353,2.207152655959445,2.4100728693278657,0.4022243038001002,5.283396017484283,1.506396473295431,1.6428371951012624,0.02140831415177608
D_W,dw,1,1,0.01,0.02,512,512,0,512,,512,512,0,512,0,0.5158518685652514,0.4747437209531852,0.47827586811350764,0.5028424452627709,0.5552153605363201,0.4387049809881615,0.5223271745220144,0.007570339060459808,sample,298,0.5161326667269672,0.4747112583820052,0.4787157086126776,0.502543046960803,0.5551462101555984,0.43878560222256296,0.5218873050894676,0.007349976930021251,1.9422915081853902,2.187910803470898,2.4077689125795843,0.39763110761772863,5.28023846659195,1.5247143457518124,1.6395573236708463,0.023090633527409223
D_W,dw,1,1,0.01,0.02,512,512,0,512,,512,512,0,512,0,0.5158518685652514,0.4747437209531852,0.47827586811350764,0.5028424452627709,0.5552153605363201,0.4387049809881615,0.5223271745220144,0.007570339060459808,sample,299,0.5157325332340684,0.4749215970428849,0.4781724878257662,0.502328634335084,0.5559206348074645,0.43883004323977814,0.5213252676731134,0.007100522683961068,1.9481360576835673,2.206118867632077,2.4005643660739913,0.3999513756269338,5.272664871448644,1.529178599059181,1.6377916310525855,0.022306949900579773
D_W,dw,1,1,0.01,0.02,512,512,0,512,,512,512,0,512,0,0.5158518685652514,0.4747437209531852,0.47827586811350764,0.5028424452627709,0.5552153605363201,0.4387049809881615,0.5223271745220144,0.007570339060459808,sample,300,0.5179387400690467,0.4776231702413339,0.48090930722458713,0.5033444019432213,0.5557160616269627,0.43604134689591584,0.5231806625540019,0.007162434981911405,1.9469878056939791,2.158097175350619,2.424070078220508,0.4094918005544255,5.388144854816948,1.5108424504680196,1.6436205259798928,0.022501453120987412
D_W,dw,1,1,0.01,0.02,512,512,0,512,,512,512,0,512,0,0.5158518685652514,0.4747437209531852,0.47827586811350764,0.5028424452627709,0.5552153605363201,0.4387049809881615,0.5223271745220144,0.007570339060459808,sample,301,0.5159017157892439,0.47528780018882444,0.47865181667272083,0.5033179034060815,0.5547211731277151,0.44010440889149344,0.5235995780534102,0.008331947442749383,1.929838074209714,2.199064799423803,2.400395497637841,0.3916796348206594,5.284164466275024,1.510237566104518,1.6449365878353088,0.026175584876237726
D_W,dw,1,1,0.01,0.02,512,512,0,512,,512,512,0,512,0,0.5158518685652514,0.4747437209531852,0.47827586811350764,0.5028424452627709,0.5552153605363201,0.4387049809881615,0.5223271745220144,0.007570339060459808,sample,302,0.5160361249712745,0.47410743370507197,0.4785546674481301,0.502004273899919,0.5557859080403939,0.4402257025935515,0.5225635810659777,0.00855009864739216,1.9346429714021798,2.184292752213244,2.390372578946942,0.39452552370366334,5.266902884151411,1.53488381316769,1.6416819073104498,0.026860927098115234
D_W,dw,1,1,0.01,0.02,512,512,0,512,,512,512,0,512,0,0.5158518685652514,0.4747437209531852,0.47827586811350764,0.5028424452627709,0.5552153605363201,0.4387049809881615,0.5223271745220144,0.007570339060459808,sample,303,0.5149549221626413,0.47357137578246916,0.4789905628051762,0.5028124024975915,0.5551079924048641,0.43948740076764575,0.5227040904434659,0.008300501702524658,1.9309433566966494,2.1760404780756812,2.4022573323604797,0.39504197005915503,5.227327777381371,1.5198061792422473,1.6421233305385272,0.02607679516976104
D_W,dw,1,1,0.01,0.02,512,512,0,512,,512,512,0,512,0,0.5158518685652514,0.4747437209531852,0.47827586811350764,0.5028424452627709,0.5552153605363201,0.4387049809881615,0.5223271745220144,0.007570339060459808,sample,304,0.5151356125224024,0.47495823698824924,0.47809791615483377,0.5027187756205391,0.5553142163070909,0.4371993075597425,0.5217927418133306,0.00753340696813983,1.9581082387928261,2.2133499333651394,2.4188943497500683,0.40390780435303053,5.25604834542821,1.5216843702493958,1.639260244377235,0.023666895987610247
D_W,dw,1,1,0.01,0.02,512,512,0,512,,512,512,0,512,0,0.5158518685652514,0.4747437209531852,0.47827586811350764,0.5028424452627709,0.5552153605363201,0.4387049809881615,0.5223271745220144,0.007570339060459808,sample,305,0.5158499466267187,0.47440565137978347,0.4784620539265014,0.5028365923241627,0.5548117266370293,0.43901977491639316,0.5218719401696259,0.007786964188896638,1.942065717485974,2.1918065781109033,2.408751513533625,0.39575948344578893,5.266861025419472,1.5190908940987815,1.6395090533515488,0.02446346948960448
D_W,dw,1,1,0.01,0.02,512,512,0,512,,512,512,0,512,0,0.5158518685652514,0.4747437209531852,0.47827586811350764,0.5028424452627709,0.5552153605363201,0.4387049809881615,0.5223271745220144,0.007570339060459808,sample,306,0.5155772603937966,0.47508563877861165,0.47810718592689827,0.5024302194041683,0.5552172146304528,0.4385695507131526,0.522613822915703,0.0077917774118720215,1.9477218175909492,2.2111396335814137,2.4089280923888032,0.39861807657537085,5.2711552396100965,1.5268127233965747,1.6418397467364496,0.024478590675544035
D_W,dw,1,1,0.01,0.02,512,512,0,512,,512,512,0,512,0,0.5158518685652514,0.4747437209531852,0.47827586811350764,0.5028424452627709,0.5552153605363201,0.4387049809881615,0.5223271745220144,0.007570339060459808,sample,307,0.5175581849297378,0.4750466714859431,0.4775234396981639,0.5027886277491016,0.5542626880958965,0.43796952000818284,0.522805941823086,0.006451444217516196,1.9666256388720824,2.205702397993292,2.422236736116927,0.39778387828282175,5.325554388664815,1.5194502407299133,1.6424433060844998,0.02026780975879323
D_W,dw,1,1,0.01,0.02,512,512,0,512,,512,512,0,512,0,0.5158518685652514,0.4747437209531852,0.47827586811350764,0.5028424452627709,0.5552153605363201,0.4387049809881615,0.5223271745220144,0.007570339060459808,sample,308,0.5167451083033624,0.4747796173414473,0.4777922862643737,0.5031878673848854,0.5573082016025681,0.4374622186097582,0.5228547106418192,0.008226937289974184,1.9750923672755465,2.2037034671869016,2.3990331590835394,0.4094688629046956,5.298509425470822,1.515226874601372,1.6425965178471562,0.025845685751726816
D_W,dw,1,1,0.01,0.02,512,512,0,512,,512,512,0,512,0,0.5158518685652514,0.4747437209531852,0.47827586811350764,0.5028424452627709,0.5552153605363201,0.4387049809881615,0.5223271745220144,0.007570339060459808,sample,309,0.5143185927959149,0.4736506090923709,0.4783567974846967,0.5025824433426822,0.5531114614722502,0.43978452405654583,0.5225241820710459,0.00716369697567722,1.9260976268651455,2.195948460341731,2.4182128173186195,0.3875137626440534,5.210160674648186,1.5222115013822963,1.6415581317174133,0.022505417791330973
D_W,dw,1,1,0.01,0.02,512,512,0,512,,512,512,0,512,0,0.5158518685652514,0.4747437209531852,0.47827586811350764,0.5028424452627709,0.5552153605363201,0.4387049809881615,0.5223271745220144,0.007570339060459808,sample,310,0.5155251275279727,0.47504483113852847,0.4778565282098291,0.5022586508657269,0.5553718569166861,0.4380336567255522,0.5219568156297333,0.007865046688385767,1.9551300137533612,2.216487595051174,2.4119230850210895,0.4010166464892286,5.268915119750552,1.5300283349264117,1.6397756974734923,0.02470877289637346
D_W,dw,1,1,0.01,0.02,512,512,0,512,,512,512,0,512,0,0.5158518685652514,0.4747437209531852,0.47827586811350764,0.5028424452627709,0.5552153605363201,0.4387049809881615,0.5223271745220144,0.007570339060459808,sample,311,0.5161076058452785,0.47458627639762074,0.47672097177315215,0.5027823767926334,0.5553037356382474,0.44091905389787606,0.5224884749920182,0.005960111663040116,1.9493613186144425,2.2292859406981815,2.388573846051207,0.39060599958999614,5.277302259831248,1.520527881918161,1.6414459546202589,0.01872424301518167
D_W,dw,1,1,0.01,0.02,512,512,0,512,,512,512,0,512,0,0.5158518685652514,0.4747437209531852,0.47827586811350764,0.5028424452627709,0.5552153605363201,0.4387049809881615,0.5223271745220144,0.007570339060459808,sample,312,0.5167143056142761,0.4746239400971336,0.4771622775850061,0.5037800977187719,0.5540899699934069,0.43859773699756494,0.522831661995468,0.007810280137056352,1.9636528072630002,2.215311445897969,2.4182157673364086,0.39515024357183565,5.294831027814537,1.5010243943169086,1.6425241083891042,0.024536718701054516
D_W,dw,1,1,0.01,0.02,512,512,0,512,,512,512,0,512,0,0.5158518685652514,0.4747437209531852,0.47827586811350764,0.5028424452627709,0.5552153605363201,0.4387049809881615,0.5223271745220144,0.007570339060459808,sample,313,0.5162090861157186,0.4745883697650339,0.4787707765124936,0.5032926848020973,0.5552014045648783,0.4389235535386811,0.52230396533169,0.007687807083012477,1.9426813729300392,2.1844212749322147,2.4057939845001797,0.39744365485634287,5.280183196596994,1.5112183491684084,1.6408663004268553,0.024151958254207573
D_W,dw,1,1,0.01,0.02,512,512,0,512,,512,512,0,512,0,0.5158518685652514,0.4747437209531852,0.47827586811350764,0.5028424452627709,0.5552153605363201,0.4387049809881615,0.5223271745220144,0.007570339060459808,sample,314,0.5161843986422404,0.474571809218073,0.4783450901867742,0.5022960095126517,0.5547450397380351,0.43876208041738807,0.5217750824167353,0.007694731960748793,1.9456000274050642,2.193787732565808,2.4116808139449777,0.39638853199621216,5.279197204322564,1.5288808447609692,1.6392047657466244,0.02417371339923099
D_W,dw,1,1,0.01,0.02,512,512,0,512,,512,512,0,512,0,0.5158518685652514,0.4747437209531852,0.47827586811350764,0.5028424452627709,0.5552153605363201,0.4387049809881615,0.5223271745220144,0.007570339060459808,sample,315,0.5144691937726268,0.4748725920729474,0.47908837372348256,0.5019839655128291,0.5562538140294352,0.4405428623291473,0.5225271459106291,0.008866707340018262,1.9185252534230215,2.1956094011273883,2.3835609666991147,0.3949537175213966,5.234849148625532,1.5355428318582343,1.6415674428940743,0.027855582640932065
D_W,dw,1,1,0.01,0.02,512,512,0,512,,512,512,0,512,0,0.5158518685652514,0.4747437209531852,0.47827586811350764,0.5028424452627709,0.5552153605363201,0.4387049809881615,0.5223271745220144,0.007570339060459808,sample,316,0.5157266500905783,0.4760224774151814,0.4789644388338229,0.502696500781072,0.5555901889717416,0.4380906966066265,0.5218347046195,0.006780877712280029,1.9422033204591358,2.203710942971869,2.409338476942628,0.401577086632444,5.292894617547493,1.5223275422931841,1.6393920744208208,0.0213027556057897
D_W,dw,1,1,0.01,0.02,512,512,0,512,,512,512,0,512,0,0.5158518685652514,0.4747437209531852,0.47827586811350764,0.5028424452627709,0.5552153605363201,0.4387049809881615,0.5223271745220144,0.007570339060459808,sample,317,0.5163864427946778,0.47475357331747553,0.4787310698189682,0.5044240045136761,0.5555717870149112,0.43911163867864367,0.5224822147904251,0.007362911435702098,1.9454683147260514,2.1859733325067827,2.400241217524889,0.3982279686899918,5.28810302764066,1.4913550432992597,1.6414262876169239,0.023131268475433987
D_W,dw,1,1,0.01,0.02,512,512,0,512,,512,512,0,512,0,0.5158518685652514,0.4747437209531852,0.47827586811350764,0.5028424452627709,0.5552153605363201,0.4387049809881615,0.5223271745220144,0.007570339060459808,sample,318,0.5164441929244442,0.47469764108785134,0.4786798479965665,0.5027881086889125,0.5549970783651017,0.438861472028726,0.5222696352855476,0.007790319466604677,1.9435673994071738,2.185881530025986,2.4083888396155646,0.396916452540223,5.288699174636885,1.5201441116292238,1.640758449406097,0.02447401040540281
D_W,dw,1,1,0.01,0.02,512,512,0,512,,512,512,0,512,0,0.5158518685652514,0.4747437209531852,0.47827586811350764,0.5028424452627709,0.5552153605363201,0.4387049809881615,0.5223271745220144,0.007570339060459808,sample,319,0.5152292425747943,0.4745743804004161,0.47862272074751544,0.5029327704523806,0.5552730408980253,0.4391001380727687,0.5215312953832785,0.007364451069557155,1.9379288402836656,2.195666628478938,2.403891950825281,0.3969789305126137,5.252052497229881,1.5177863457102512,1.638438886193276,0.023136105377842255
D_W,dw,1,1,0.01,0.02,512,512,0,512,,512,512,0,512,0,0.5158518685652514,0.4747437209531852,0.47827586811350764,0.5028424452627709,0.5552153605363201,0.4387049809881615,0.5223271745220144,0.007570339060459808,sample,320,0.5156528393587168,0.4749233091473409,0.47776719903043136,0.5030939204567089,0.5552060939294762,0.4381216842164242,0.5225030445753578,0.007671973799077423,1.957127387597196,2.215639747215429,2.4123403772006835,0.40029762076302516,5.270411916325559,1.5148117937622636,1.6414917263162443,0.024102216525715005
D_W,dw,1,1,0.01,0.02,512,512,0,512,,512,512,0,512,0,0.5158518685652514,0.4747437209531852,0.47827586811350764,0.5028424452627709,0.5552153605363201,0.4387049809881615,0.5223271745220144,0.007570339060459808,sample,321,0.515288334733552,0.47504373739488664,0.478136268972428,0.5022625864185962,0.5554193887131506,0.43829061354472887,0.5219600280695407,0.00826801321290742,1.948840154003873,2.212405321944813,2.409430534779845,0.4002471954789184,5.262025446702696,1.5299923658712224,1.6397857896507912,0.025974729569453292
D_W,dw,1,1,0.01,0.02,512,512,0,512,,512,512,0,512,0,0.5158518685652514,0.4747437209531852,0.47827586811350764,0.5028424452627709,0.5552153605363201,0.4387049809881615,0.5223271745220144,0.007570339060459808,sample,322,0.5151759017222596,0.4747613717092435,0.4792076554281806,0.5027845635969426,0.555848536591109,0.43889284211801005,0.5217285403886686,0.007622832869997135,1.933866783797439,2.1855540729190164,2.4005084917637256,0.39956120144378876,5.2537613276318025,1.5209783766255376,1.6390585496531669,0.023947835743925797
D_W,dw,1,1,0.01,0.02,512,512,0,512,,512,512,0,512,0,0.5158518685652514,0.4747437209531852,0.47827586811350764,0.5028424452627709,0.5552153605363201,0.4387049809881615,0.5223271745220144,0.007570339060459808,sample,323,0.5160264836352318,0.4766018859631066,0.47938962314343414,0.5047974236876304,0.5569403369857381,0.4375492201848361,0.5213260287912352,0.007080577035913394,1.9507273766906916,2.1992358320095167,2.4005551452572846,0.40832930658971495,5.312941111873558,1.4867413265221678,1.6377940221756857,0.02224428879920211
D_W,dw,1,1,0.01,0.02,512,512,0,512,,512,512,0,512,0,0.5158518685652514,0.4747437209531852,0.47827586811350764,0.5028424452627709,0.5552153605363201,0.4387049809881615,0.5223271745220144,0.007570339060459808,sample,324,0.5142977758423735,0.47244871254667536,0.4769280123144419,0.5018644435656419,0.5572561373490308,0.4375123547405719,0.5224362448780052,0.008049368969324027,1.9769627389187865,2.2099901773315356,2.3995919600416777,0.4089309322351061,5.191082412928118,1.5382446201048052,1.6412818688777793,0.025287838420062006
D_W,dw,1,1,0.01,0.02,512,512,0,512,,512,512,0,512,0,0.5158518685652514,0.4747437209531852,0.47827586811350764,0.5028424452627709,0.5552153605363201,0.4387049809881615,0.5223271745220144,0.007570339060459808,sample,325,0.5165917712419107,0.47447447471644816,0.47722689869392526,0.5031158832513483,0.5546828990995218,0.4378467198652485,0.5220158853271356,0.00845397742208558,1.9695260619290473,2.2130364797816933,2.41924263260626,0.3996212058484588,5.288769152965064,1.5138769313140379,1.639961270400901,0.026558953362838034
D_W,dw,1,1,0.01,0.02,512,512,0,512,,512,512,0,512,0,0.5158518685652514,0.4747437209531852,0.47827586811350764,0.5028424452627709,0.5552153605363201,0.4387049809881615,0.5223271745220144,0.007570339060459808,sample,326,0.515641350305896,0.4737850667046063,0.4786246451484621,0.5020033096214649,0.554445522029353,0.43813680790866,0.5221872347909676,0.007933125165189245,1.9453919309817684,2.1816700270352785,2.419548429536887,0.3976489142117404,5.2503475220663995,1.5340181636400665,1.6404995806176723,0.024922647738966845
D_W,dw,1,1,0.01,0.02,512,512,0,512,,512,512,0,512,0,0.5158518685652514,0.4747437209531852,0.47827586811350764,0.5028424452627709,0.5552153605363201,0.4387049809881615,0.5223271745220144,0.007570339060459808,sample,327,0.5148997040340506,0.47544245740181246,0.47885677436760493,0.5030963301300805,0.5546855024861241,0.43900030944784635,0.5224680376349192,0.008476516652686887,1.9308950719552023,2.205328681476232,2.4099256582799082,0.3954681612751029,5.257739529299228,1.5142360412160052,1.6413817487693378,0.026629762444112668
D_W,dw,1,1,0.01,0.02,512,512,0,512,,512,512,0,512,0,0.5158518685652514,0.4747437209531852,0.47827586811350764,0.5028424452627709,0.5552153605363201,0.4387049809881615,0.5223271745220144,0.007570339060459808,sample,328,0.5155968368722885,0.47515397515374463,0.47798265059196043,0.5023776151353754,0.5554111928922086,0.43838156257266797,0.5222674370520306,0.007487484893612326,1.9512287355245412,2.214636296586516,2.4087274705314012,0.399910112873199,5.272956011554317,1.527914059825166,1.6407515434518292,0.023522627535637036
D_W,dw,1,1,0.01,0.02,512,512,0,512,,512,512,0,512,0,0.5158518685652514,0.4747437209531852,0.47827586811350764,0.5028424452627709,0.5552153605363201,0.4387049809881615,0.5223271745220144,0.007570339060459808,sample,329,0.513225098457858,0.47299255693144454,0.47746904388053224,0.5009494651616744,0.550395504126999,0.4407116820197378,0.5223640450971563,0.009479970329822422,1.9158346559667545,2.213812128797157,2.4370067754831712,0.37538376285211217,5.167749356732999,1.5519582803739294,1.6410550465766736,0.02978220514441933
D_W,dw,1,1,0.01,0.02,512,512,0,512,,512,512,0,512,0,0.5158518685652514,0.4747437209531852,0.47827586811350764,0.5028424452627709,0.5552153605363201,0.4387049809881615,0.5223271745220144,0.007570339060459808,sample,330,0.5154365820398376,0.4744875692023719,0.4777889437051494,0.5035512666620242,0.5554040359197597,0.43793869017447984,0.5227348656314917,0.008152290968769706,1.9597800334269895,2.2110015033743378,2.4117897175074385,0.40167913803954364,5.256521644419694,1.5067862760462876,1.6422200136431422,0.02561117741741333
D_W,dw,1,1,0.01,0.02,512,512,0,512,,512,512,0,512,0,0.5158518685652514,0.4747437209531852,0.47827586811350764,0.5028424452627709,0.5552153605363201,0.4387049809881615,0.5223271745220144,0.007570339060459808,sample,331,0.5160179259579438,0.47482056664920913,0.47765654049194733,0.5031512436559271,0.5556038643529215,0.43892312816208795,0.5229424379308268,0.007293515278532566,1.9552779803177742,2.2134722600049686,2.402267758368025,0.39872189753794723,5.278966956501479,1.5141837798990458,1.642872121253822,0.022913254017882825
D_W,dw,1,1,0.01,0.02,512,512,0,512,,512,512,0,512,0,0.5158518685652514,0.4747437209531852,0.47827586811350764,0.5028424452627709,0.5552153605363201,0.4387049809881615,0.5223271745220144,0.007570339060459808,sample,332,0.5150003643851229,0.4741842016318465,0.4787244802772603,0.5034915726819197,0.5553070575187901,0.43919517095198723,0.5228708255295615,0.0065737784784556325,1.9368906053492838,2.189908983545492,2.402518031424085,0.39685539364677447,5.238760852459567,1.5077493059750242,1.642647144260101,0.020652134174242904
D_W,dw,1,1,0.01,0.02,512,512,0,512,,512,512,0,512,0,0.5158518685652514,0.4747437209531852,0.47827586811350764,0.5028424452627709,0.5552153605363201,0.4387049809881615,0.5223271745220144,0.007570339060459808,sample,333,0.5158572165577295,0.47542286426146746,0.4779661425367481,0.5025976179454473,0.5548711543612745,0.43878653402165413,0.5224585876390365,0.008012642391501259,1.9472962236175424,2.2164236671214597,2.410219117421513,0.39674956445874504,5.285383851260413,1.523491325312423,1.6413520607316963,0.025172458472982506
D_W,dw,1,1,0.01,0.02,512,512,0,512,,512,512,0,512,0,0.5158518685652514,0.4747437209531852,0.47827586811350764,0.5028424452627709,0.5552153605363201,0.4387049809881615,0.5223271745220144,0.007570339060459808,sample,334,0.5150386594142314,0.4741648450741869,0.4790961969016473,0.5005912590997651,0.5543655348727828,0.43943243413158306,0.522288358813095,0.0075604950663796175,1.9231679699724853,2.1810374003686883,2.4100749033456133,0.3926140360524711,5.239543182418371,1.5599211318467219,1.6408172711026892,0.02375199575804008
D_W,dw,1,1,0.01,0.02,512,512,0,512,,512,512,0,512,0,0.5158518685652514,0.4747437209531852,0.47827586811350764,0.5028424452627709,0.5552153605363201,0.4387049809881615,0.5223271745220144,0.007570339060459808,sample,335,0.514936812191396,0.4747322912285452,0.47923647427033145,0.5021782353470263,0.5548235176648629,0.43984081434092015,0.5223159476337167,0.006939349750381494,1.920319386377611,2.1864626983605353,2.4021726558379086,0.3927651228437414,5.246270028557395,1.5310854449151972,1.6409039439388755,0.021800610196488667
D_W,dw,1,1,0.01,0.02,512,512,0,512,,512,512,0,512,0,0.5158518685652514,0.4747437209531852,0.47827586811350764,0.5028424452627709,0.5552153605363201,0.4387049809881615,0.5223271745220144,0.007570339060459808,sample,336,0.5174964949711146,0.47621933480608064,0.47743224966224423,0.5050472974758405,0.5551512282840966,0.4404439949673347,0.5215103665539814,0.006634144190941867,1.952288019046129,2.2234467805181586,2.392496472481463,0.3923074988617394,5.346704005277601,1.4795331415974724,1.6383731363369083,0.02084177865311837
D_W,dw,1,1,0.01,0.02,512,512,0,512,,512,512,0,512,0,0.5158518685652514,0.4747437209531852,0.47827586811350764,0.5028424452627709,0.5552153605363201,0.4387049809881615,0.5223271745220144,0.007570339060459808,sample,337,0.5154366743485795,0.47519742196211723,0.47827222021911875,0.5031328443461331,0.5557927079840824,0.4383713700326024,0.522443205600164,0.007511691889648501,1.9496477565847146,2.21028221651022,2.4050711318023064,0.4012996346980328,5.269103363749833,1.5147037286045226,1.641303736631377,0.02359867605654976
D_W,dw,1,1,0.01,0.02,512,512,0,512,,512,512,0,512,0,0.5158518685652514,0.4747437209531852,0.47827586811350764,0.5028424452627709,0.5552153605363201,0.4387049809881615,0.5223271745220144,0.007570339060459808,sample,338,0.5167555876739037,0.4761091853560392,0.47771502143404043,0.5036216168955723,0.5550763790043227,0.4387990772866826,0.5223657601118867,0.007585321787971204,1.955628045731804,2.222998841846868,2.4077449446830768,0.39755217064587245,5.3240138122860765,1.5051345922830073,1.6410604344543516,0.02382999120420493
D_W,dw,1,1,0.01,0.02,512,512,0,512,,512,512,0,512,0,0.5158518685652514,0.4747437209531852,0.47827586811350764,0.5028424452627709,0.5552153605363201,0.4387049809881615,0.5223271745220144,0.007570339060459808,sample,339,0.5147488085653241,0.4740312637522252,0.47794639197412364,0.5027874929733378,0.5547379276002773,0.4375616669190892,0.5226385615819636,0.007631340819720966,1.9555724947482283,2.20686418396081,2.4211745933233404,0.4007724137785739,5.228904921553254,1.5199159364246482,1.6419174655486337,0.023974564256275296
D_W,dw,1,1,0.01,0.02,512,512,0,512,,512,512,0,512,0,0.5158518685652514,0.4747437209531852,0.47827586811350764,0.5028424452627709,0.5552153605363201,0.4387049809881615,0.5223271745220144,0.007570339060459808,sample,340,0.5163526393807895,0.47443077851248583,0.47866021769386524,0.5022334039008949,0.5555234588687599,0.4389233784648585,0.5222665288073326,0.007418320588695934,1.9442571662250623,2.183596938860855,2.4033818878194912,0.3983158531519958,5.281378530588546,1.5305934907877004,1.6407486901169581,0.023305341463421055
D_W,dw,1,1,0.01,0.02,512,512,0,512,,512,512,0,512,0,0.5158518685652514,0.4747437209531852,0.47827586811350764,0.5028424452627709,0.5552153605363201,0.4387049809881615,0.5223271745220144,0.007570339060459808,sample,341,0.5163293044459971,0.47446856397356313,0.47778234125610475,0.5018488344167301,0.5566341817615916,0.4383352196553396,0.5229734498748813,0.00890582194084033,1.9621732263873206,2.203388355068823,2.39842800750353,0.40397729507118113,5.281401616951712,1.5381627121559944,1.6429695481494369,0.027978464783522776
D_W,dw,1,1,0.01,0.02,512,512,0,512,,512,512,0,512,0,0.5158518685652514,0.4747437209531852,0.47827586811350764,0.5028424452627709,0.5552153605363201,0.4387049809881615,0.5223271745220144,0.007570339060459808,sample,342,0.5166686229283944,0.47522767855283676,0.47896907139060463,0.5045338823586566,0.5565517182774355,0.4361450890034207,0.522114696476291,0.00803383036319706,1.9707656148081902,2.1844429480957714,2.4151843587731623,0.4120389845561962,5.304675885196775,1.4907951209446264,1.6402716947811806,0.0252390224492065
D_W,dw,1,1,0.01,0.02,512,512,0,512,,512,512,0,512,0,0.5158518685652514,0.4747437209531852,0.47827586811350764,0.5028424452627709,0.5552153605363201,0.4387049809881615,0.5223271745220144,0.007570339060459808,sample,343,0.5150545823741687,0.47433924276724954,0.47901855311841834,0.5030757176213466,0.5555509899614525,0.4390901858029284,0.5232487274694423,0.007154896886443575,1.934325681683781,2.185028974888506,2.4014139924053572,0.3979412578636922,5.242954737591523,1.5154853330017313,1.6438343582182076,0.02247777149564362
D_W,dw,1,1,0.01,0.02,512,512,0,512,,512,512,0,512,0,0.5158518685652514,0.4747437209531852,0.47827586811350764,0.5028424452627709,0.5552153605363201,0.4387049809881615,0.5223271745220144,0.007570339060459808,sample,344,0.5162016469975221,0.4742474295140771,0.47829743491953175,0.503696926023704,0.555156027448343,0.43847590534668535,0.5223088094053708,0.00803922245377923,1.953135384211159,2.190399845703065,2.409603428745028,0.3989833963123101,5.2739507896184445,1.503869740020573,1.6408815185331445,0.02525596220136694
D_W,dw,1,1,0.01,0.02,512,512,0,512,,512,512,0,512,0,0.5158518685652514,0.4747437209531852,0.47827586811350764,0.5028424452627709,0.5552153605363201,0.4387049809881615,0.5223271745220144,0.007570339060459808,sample,345,0.5149703670907646,0.4744037018534298,0.4783946519756321,0.5022004555272053,0.5549140310872633,0.43744675602936983,0.5223374149759016,0.006617734521234721,1.9509883980531648,2.200468849486107,2.4207379924078984,0.4016639680351315,5.2416051207007,1.5307468371513877,1.6409713855833756,0.020790226155318565
D_W,dw,1,1,0.01,0.02,512,512,0,512,,512,512,0,512,0,0.5158518685652514,0.4747437209531852,0.47827586811350764,0.5028424452627709,0.5552153605363201,0.4387049809881615,0.5223271745220144,0.007570339060459808,sample,346,0.5154991671151066,0.47522807418225876,0.4783883901587371,0.5025100401358387,0.5550300563223871,0.4387735031420109,0.5226104965969841,0.007234360687271603,1.9416059477108503,2.207601212418358,2.408927151560262,0.39729497921225576,5.271473322097468,1.525215751641252,1.6418292967979988,0.022727414388551276
D_W,dw,1,1,0.01,0.02,512,512,0,512,,512,512,0,512,0,0.5158518685652514,0.4747437209531852,0.47827586811350764,0.5028424452627709,0.5552153605363201,0.4387049809881615,0.5223271745220144,0.007570339060459808,sample,347,0.5154049813265656,0.4741666920011797,0.47688933289777385,0.502945603099145,0.5561013592272405,0.4398608564984881,0.5218347389146785,0.005810956375095131,1.9566100961897348,2.2259467276332914,2.390230375297452,0.39698632460743605,5.250100006583097,1.5183394733874693,1.6393921821623016,0.018255657858329638
D_W,dw,1,1,0.01,0.02,512,512,0,512,,512,512,0,512,0,0.5158518685652514,0.4747437209531852,0.47827586811350764,0.5028424452627709,0.5552153605363201,0.4387049809881615,0.5223271745220144,0.007570339060459808,sample,348,0.5150122829739893,0.47434638713532584,0.478167318063343,0.5026702877066214,0.5554438557014723,0.43942872956990764,0.523008146721218,0.007447116240746129,1.940233634914812,2.2043229524619408,2.399784841585161,0.3963197413547996,5.241848908650646,1.5226715004572595,1.643078551506991,0.023395805672357276
D_W,dw,1,1,0.01,0.02,512,512,0,512,,512,512,0,512,0,0.5158518685652514,0.4747437209531852,0.47827586811350764,0.5028424452627709,0.5552153605363201,0.4387049809881615,0.5223271745220144,0.007570339060459808,sample,349,0.5166161229308113,0.4748373127122225,0.47830909537583394,0.503034499218833,0.5553141378839077,0.4390999594420233,0.5219078234905038,0.007100409578884936,1.9479553643920027,2.1943848783893167,2.4034752645548916,0.39713053014751876,5.296004154091552,1.5159918833108579,1.6396217841288052,0.02230659457050351
D_W,dw,1,1,0.01,0.02,512,512,0,512,,512,512,0,512,0,0.5158518685652514,0.4747437209531852,0.47827586811350764,0.5028424452627709,0.5552153605363201,0.4387049809881615,0.5223271745220144,0.007570339060459808,sample,350,0.5157529679759087,0.475294294262212,0.4784473843278583,0.5026975189551389,0.5545774218382802,0.4383986540205474,0.5229040908835204,0.007588294748910015,1.943820645861011,2.2049967397017074,2.4159733107619177,0.39721900980130387,5.280015259143964,1.521410967384936,1.6427516504517172,0.02383933103644971
D_W,dw,1,1,0.01,0.02,512,512,0,512,,512,512,0,512,0,0.5158518685652514,0.4747437209531852,0.47827586811350764,0.5028424452627709,0.5552153605363201,0.4387049809881615,0.5223271745220144,0.007570339060459808,sample,351,0.5156874322807101,0.4750069033714086,0.4778560207480379,0.5027796956907629,0.5556653691882577,0.4382011459269565,0.5224211364070503,0.007819195506858436,1.956439904833887,2.2145710691720377,2.4077436080459735,0.4014367285231221,5.272906431863549,1.5209019541892663,1.6412344042164206,0.02456472716132878
D_W,dw,1,1,0.01,0.02,512,512,0,512,,512,512,0,512,0,0.5158518685652514,0.4747437209531852,0.47827586811350764,0.5028424452627709,0.5552153605363201,0.4387049809881615,0.5223271745220144,0.007570339060459808,sample,352,0.5150156909412289,0.4747325128635727,0.47796615808643855,0.5034100327714232,0.5553959824509044,0.4380359445460625,0.5222856616453071,0.007807070896154546,1.9541520646675887,2.2140686502638918,2.4111615956165804,0.40127523246225444,5.248584047521792,1.5093165017401207,1.640808797700181,0.024526636573413804
D_W,dw,1,1,0.01,0.02,512,512,0,512,,512,512,0,512,0,0.5158518685652514,0.4747437209531852,0.47827586811350764,0.5028424452627709,0.5552153605363201,0.4387049809881615,0.5223271745220144,0.007570339060459808,sample,353,0.5155183610144132,0.4737859736030142,0.4788798541906026,0.5026546848424573,0.5543380088087766,0.4381394786102569,0.5227197906983482,0.007913735700141528,1.9425550794899238,2.177014672450638,2.4202516616817182,0.39738573252178033,5.246895683426052,1.5219801143339426,1.642172654343925,0.0248617339380159
D_W,dw,1,1,0.01,0.02,512,512,0,512,,512,512,0,512,0,0.5158518685652514,0.4747437209531852,0.47827586811350764,0.5028424452627709,0.5552153605363201,0.4387049809881615,0.5223271745220144,0.007570339060459808,sample,354,0.5167911691302158,0.47565550220924,0.47741399084232555,0.5025571104471799,0.5537666492292477,0.4389276563063915,0.5224515606752544,0.008288709450670067,1.9528360101291715,2.2230218015736756,2.419165399654697,0.39269793694972616,5.316190097469433,1.5232727202148864,1.6413299848739014,0.026039748717965373
D_W,dw,1,1,0.01,0.02,512,512,0,512,,512,512,0,512,0,0.5158518685652514,0.4747437209531852,0.47827586811350764,0.5028424452627709,0.5552153605363201,0.4387049809881615,0.5223271745220144,0.007570339060459808,sample,355,0.5156210412094109,0.4754820226028069,0.47936633407484786,0.5038066925553757,0.5548285709441185,0.4385178060862376,0.5233202454765711,0.007684008538415336,1.9339705348378904,2.1880409558853673,2.41214325466864,0.397805143261295,5.279660644006661,1.5014785688292078,1.6440590386640028,0.02414002477440686
D_W,dw,1,1,0.01,0.02,512,512,0,512,,512,512,0,512,0,0.5158518685652514,0.4747437209531852,0.47827586811350764,0.5028424452627709,0.5552153605363201,0.4387049809881615,0.5223271745220144,0.007570339060459808,sample,356,0.5151230952957221,0.47481102730028385,0.47874143105955996,0.5031553803788749,0.5552126840202145,0.4384383719968648,0.5229969060337178,0.007482930704483262,1.9410961748801836,2.1971662117406257,2.409699913748318,0.39919219480424195,5.253091927050891,1.5137088673086585,1.6430432378457194,0.023508320128526113
D_W,dw,1,1,0.01,0.02,512,512,0,512,,512,512,0,512,0,0.5158518685652514,0.4747437209531852,0.47827586811350764,0.5028424452627709,0.5552153605363201,0.4387049809881615,0.5223271745220144,0.007570339060459808,sample,357,0.5158798648227436,0.47502383042632657,0.4782878805889787,0.5032025049867548,0.5551709685915501,0.4386026302546317,0.5231313099775954,0.008572759171286056,1.9480520522411542,2.2037141692274558,2.408721714782151,0.39847742485946686,5.27871738113665,1.5128144672372053,1.6434654802884185,0.026932117233506796
D_W,dw,1,1,0.01,0.02,512,512,0,512,,512,512,0,512,0,0.5158518685652514,0.4747437209531852,0.47827586811350764,0.5028424452627709,0.5552153605363201,0.4387049809881615,0.5223271745220144,0.007570339060459808,sample,358,0.5158476687869882,0.47384196556981384,0.47860658554792074,0.5031476554137881,0.5551488767464019,0.4390794885982628,0.5229566478580059,0.007762514541938274,1.9429162411111156,2.181181998305192,2.405070156317416,0.396689016255365,5.2570939196988125,1.5137825795593098,1.6429167630566557,0.02438665865833722
D_W,dw,1,1,0.01,0.02,512,512,0,512,,512,512,0,512,0,0.5158518685652514,0.4747437209531852,0.47827586811350764,0.5028424452627709,0.5552153605363201,0.4387049809881615,0.5223271745220144,0.007570339060459808,sample,359,0.5163571424599706,0.4747514431876448,0.47837652733674546,0.5025213901832558,0.5557098342482193,0.4388490445117142,0.5217477984624634,0.007427976054222934,1.9485657305973358,2.1940091029787947,2.402212207761602,0.3992257532352707,5.287247524121019,1.5255678546861011,1.6391190506763231,0.023335675002987666
D_W,dw,1,1,0.01,0.02,512,512,0,512,,512,512,0,512,0,0.5158518685652514,0.4747437209531852,0.47827586811350764,0.5028424452627709,0.5552153605363201,0.4387049809881615,0.5223271745220144,0.007570339060459808,sample,360,0.5159111413896802,0.47491268815438875,0.47775959405058993,0.5025364731792042,0.5553552382023463,0.43851862959554294,0.5227236138431696,0.007292818336320008,1.9547772464314699,2.213429852762744,2.408058335452801,0.3992610907627511,5.277598526351665,1.5250066188141276,1.6421846651076093,0.022911064509347875
D_W,dw,1,1,0.01,0.02,512,512,0,512,,512,512,0,512,0,0.5158518685652514,0.4747437209531852,0.47827586811350764,0.5028424452627709,0.5552153605363201,0.4387049809881615,0.5223271745220144,0.007570339060459808,sample,361,0.5161163887339627,0.4747315243819039,0.4788083961640161,0.5029148833738036,0.5555086345320289,0.43818981104343346,0.5218172558479771,0.0075238380192178675,1.947803360297709,2.186258794946919,2.4091714710990955,0.4009943862114338,5.280144245728141,1.518332263799063,1.6393372574883904,0.02363683424797443
D_W,dw,1,1,0.01,0.02,512,512,0,512,,512,512,0,512,0,0.5158518685652514,0.4747437209531852,0.47827586811350764,0.5028424452627709,0.5552153605363201,0.4387049809881615,0.5223271745220144,0.007570339060459808,sample,362,0.5154186823500977,0.47436847705460117,0.47786435610463657,0.5031484356760432,0.5540108849708975,0.437743871684201,0.5210934172744248,0.0077576108983160395,1.9554782730371052,2.2078877029617416,2.4261527306296977,0.397869206786005,5.253948545178415,1.5125696050433308,1.6370632515433337,0.024371253407557785
D_W,dw,1,1,0.01,0.02,512,512,0,512,,512,512,0,512,0,0.5158518685652514,0.4747437209531852,0.47827586811350764,0.5028424452627709,0.5552153605363201,0.4387049809881615,0.5223271745220144,0.007570339060459808,sample,363,0.515442337657833,0.47318699346524157,0.47571430875477866,0.5058718623079362,0.5574108259613605,0.43641504437526124,0.5214139943967818,0.006917467676643691,2.010589912413112,2.236249283453312,2.4045891418531165,0.41421947855742874,5.234919737058936,1.4688727782270457,1.6380703742758393,0.021731865634388673
D_W,dw,1,1,0.01,0.02,512,512,0,512,,512,512,0,512,0,0.5158518685652514,0.4747437209531852,0.47827586811350764,0.5028424452627709,0.5552153605363201,0.4387049809881615,0.5223271745220144,0.007570339060459808,sample,364,0.5160361466852306,0.4754550624540192,0.47899975213512036,0.5012831544006578,0.5552765685650205,0.4375713825066661,0.522144438670347,0.005981932613645255,1.9452338197573251,2.192354612393285,2.4167485800989836,0.40227690936541155,5.29110737519359,1.5475871438011395,1.6403651326395283,0.018792795553297124
D_W,dw,1,1,0.01,0.02,512,512,0,512,,512,512,0,512,0,0.5158518685652514,0.4747437209531852,0.47827586811350764,0.5028424452627709,0.5552153605363201,0.4387049809881615,0.5223271745220144,0.007570339060459808,sample,365,0.5166178875225942,0.47435721530207586,0.47694275307194206,0.5033243173134423,0.555944136908624,0.439543993933052,0.5218313206128522,0.008032895393729015,1.9640059600811908,2.217218818347022,2.394058203038015,0.3976589660890249,5.287394375050402,1.5114440324990552,1.6393814432503964,0.02523608515599436
D_W,dw,1,1,0.01,0.02,512,512,0,512,,512,512,0,512,0,0.5158518685652514,0.4747437209531852,0.47827586811350764,0.5028424452627709,0.5552153605363201,0.4387049809881615,0.5223271745220144,0.007570339060459808,sample,366,0.5160822133821538,0.4753523666233517,0.4779092558416811,0.5024628055302341,0.5554427422168253,0.4383584679232094,0.5222728418549619,0.008387100313002183,1.9543839283987543,2.2146889319622263,2.408597998898768,0.40010662982916995,5.290509208223227,1.5264048072083423,1.6407685231410123,0.02634885272824831
D_W,dw,1,1,0.01,0.02,512,512,0,512,,512,512,0,512,0,0.5158518685652514,0.4747437209531852,0.47827586811350764,0.5028424452627709,0.5552153605363201,0.4387049809881615,0.5223271745220144,0.007570339060459808,sample,367,0.5157245517260924,0.4749072845900549,0.4782037856516877,0.5020521689907296,0.5547567242503294,0.4384355029965471,0.5229844354413481,0.007850904514031422,1.9466117933879332,2.205306479290445,2.414304914411475,0.3975703433268934,5.272179702020336,1.533335923434659,1.6430040603243445,0.02466434394531606
D_W,dw,1,1,0.01,0.02,512,512,0,512,,512,512,0,512,0,0.5158518685652514,0.4747437209531852,0.47827586811350764,0.5028424452627709,0.5552153605363201,0.4387049809881615,0.5223271745220144,0.007570339060459808,sample,368,0.5162436276646586,0.47550008202471006,0.4780471824804728,0.5033726643226657,0.5557285424459864,0.4387838688649133,0.5227652479918833,0.008196734865001965,1.9523423197346608,2.212250260398434,2.402174709721053,0.3996649217191728,5.2978539863418055,1.5103505370186527,1.642315462643347,0.0257508020353135
D_W,dw,1,1,0.01,0.02,512,512,0,512,,512,512,0,512,0,0.5158518685652514,0.4747437209531852,0.47827586811350764,0.5028424452627709,0.5552153605363201,0.4387049809881615,0.5223271745220144,0.007570339060459808,sample,369,0.5159585099853056,0.47450092578875674,0.47946518278805506,0.5026596122356499,0.5550804686703807,0.43849869039901335,0.52359209445165,0.00865199423328489,1.9356074712246196,2.169780712742016,2.410636036575876,0.398466149152681,5.2715968857435875,1.5225478605753042,1.6449130774069967,0.027181041522189062
D_W,dw,1,1,0.01,0.02,512,512,0,512,,512,512,0,512,0,0.5158518685652514,0.4747437209531852,0.47827586811350764,0.5028424452627709,0.5552153605363201,0.4387049809881615,0.5223271745220144,0.007570339060459808,sample,370,0.5147230953955368,0.47418955441931837,0.4793366952449786,0.5021937906759585,0.5553757456491422,0.43848768999056187,0.5226248315756854,0.006849736051505134,1.932389378103064,2.178425532165,2.4082559167950155,0.39939089712933196,5.230783256325843,1.5312005789021288,1.6418743314617763,0.021519080458437687
D_W,dw,1,1,0.01,0.02,512,512,0,512,,512,512,0,512,0,0.5158518685652514,0.4747437209531852,0.47827586811350764,0.5028424452627709,0.5552153605363201,0.4387049809881615,0.5223271745220144,0.007570339060459808,sample,371,0.5162459706880737,0.4745753125082592,0.47788159279098574,0.5033496802217831,0.5557902094040288,0.4374521019612918,0.5222200785695919,0.008844510399938416,1.967250951418994,2.2033794830522204,2.4123436205695814,0.4046280492261284,5.280981127887461,1.5108276714176434,1.6406027623913144,0.027785848897045048
D_W,dw,1,1,0.01,0.02,512,512,0,512,,512,512,0,512,0,0.5158518685652514,0.4747437209531852,0.47827586811350764,0.5028424452627709,0.5552153605363201,0.4387049809881615,0.5223271745220144,0.007570339060459808,sample,372,0.5148875406541338,0.47509744241626173,0.47835832212927004,0.5033346430453502,0.5557542324451669,0.4387803380497369,0.5220075359067017,0.007753983788672677,1.9431989578541287,2.2116814981922737,2.4019951439039966,0.399753446846929,5.251212685784311,1.5110578067712825,1.6399350399230042,0.024359858506548433
D_W,dw,1,1,0.01,0.02,512,512,0,512,,512,512,0,512,0,0.5158518685652514,0.4747437209531852,0.47827586811350764,0.5028424452627709,0.5552153605363201,0.4387049809881615,0.5223271745220144,0.007570339060459808,sample,373,0.515974711091469,0.4745100025833171,0.4785690268833169,0.5035630502318124,0.5549730602195598,0.43846374653689574,0.5221165709304564,0.008387954275550811,1.9475162525025507,2.1898071062420965,2.411425415998947,0.3984106828015031,5.27221348739661,1.5060723802485627,1.640277583552616,0.026351535530717524
D_W,dw,1,1,0.01,0.02,512,512,0,512,,512,512,0,512,0,0.5158518685652514,0.4747437209531852,0.47827586811350764,0.5028424452627709,0.5552153605363201,0.4387049809881615,0.5223271745220144,0.007570339060459808,sample,374,0.515668990427086,0.4739019746005928,0.47876767861508335,0.5030150663791056,0.5551758673473822,0.4386954784816653,0.5228392686934699,0.007186938163412936,1.9430341754662135,2.1798440345504795,2.408020009001563,0.39812638407771866,5.253095110331526,1.5162059623053552,1.642548005535665,0.0225784321359822
D_W,dw,1,1,0.01,0.02,512,512,0,512,,512,512,0,512,0,0.5158518685652514,0.4747437209531852,0.47827586811350764,0.5028424452627709,0.5552153605363201,0.4387049809881615,0.5223271745220144,0.007570339060459808,sample,375,0.5159622899530424,0.47474453359716295,0.478139062114091,0.5034667008885025,0.5555856374889497,0.4382979795493744,0.5213694846743279,0.0074913621236339795,1.9551313066191436,2.2024813144117523,2.4073305070203603,0.4009571275249704,5.276029805223158,1.5085101538708616,1.6379305428587647,0.023534808212989342
D_W,dw,1,1,0.01,0.02,512,512,0,512,,512,512,0,512,0,0.5158518685652514,0.4747437209531852,0.47827586811350764,0.5028424452627709,0.5552153605363201,0.4387049809881615,0.5223271745220144,0.007570339060459808,sample,376,0.5157732767878038,0.47531003161818863,0.47795105206354416,0.5018291145603142,0.554786580827393,0.4376610642890041,0.52132355623168,0.007800940375421412,1.955006846958556,2.2159384852066095,2.4203100063436884,0.4004384715880263,5.280888513882208,1.537422544614816,1.6377862544007513,0.02450737697451591
D_W,dw,1,1,0.01,0.02,512,512,0,512,,512,512,0,512,0,0.5158518685652514,0.4747437209531852,0.47827586811350764,0.5028424452627709,0.5552153605363201,0.4387049809881615,0.5223271745220144,0.007570339060459808,sample,377,0.5153472920718876,0.47433538867404723,0.4790685466182048,0.5033814431960321,0.5555126222922162,0.43911126428940567,0.522156857863738,0.007189101140531183,1.9353463901621333,2.181501936328751,2.4014256744185936,0.3977993013647141,5.251332418769996,1.5099584457188908,1.640404148686249,0.022585227329006766
D_W,dw,1,1,0.01,0.02,512,512,0,512,,512,512,0,512,0,0.5158518685652514,0.4747437209531852,0.47827586811350764,0.5028424452627709,0.5552153605363201,0.4387049809881615,0.5223271745220144,0.007570339060459808,sample,378,0.5158999067165475,0.4756700426870811,0.47820681552465727,0.5023694429067261,0.554923001231034,0.43886286434553406,0.5223343356826611,0.007057527299946958,1.9433566903472748,2.2141806599985534,2.4092235569989966,0.3966093676436823,5.2912287774885876,1.527681884370044,1.640961711698353,0.022171875918022773
D_W,dw,1,1,0.01,0.02,512,512,0,512,,512,512,0,512,0,0.5158518685652514,0.4747437209531852,0.47827586811350764,0.5028424452627709,0.5552153605363201,0.4387049809881615,0.5223271745220144,0.007570339060459808,sample,379,0.5156880678621004,0.4744707316982279,0.47892915023004606,0.5029309036841907,0.5552920707064242,0.4383914873846415,0.5218956474663685,0.007624551172684187,1.9426056248119077,2.183665756522152,2.4094771576377334,0.39957618355952196,5.263411532578148,1.5178382232448584,1.6395835320208318,0.023953233951024083
D_W,dw,1,1,0.01,0.02,512,512,0,512,,512,512,0,512,0,0.5158518685652514,0.4747437209531852,0.47827586811350764,0.5028424452627709,0.5552153605363201,0.4387049809881615,0.5223271745220144,0.007570339060459808,sample,380,0.5161193302987858,0.47404281845165847,0.4787773501689991,0.5027074031092752,0.5552594951623181,0.43866923765310395,0.5232084957356028,0.007822918145479241,1.9446929788218426,2.1778700786155536,2.4076248484203693,0.3984387480574116,5.268104510082528,1.5218411220705241,1.6437079664987364,0.024576422175471874
D_W,dw,1,1,0.01,0.02,512,512,0,512,,512,512,0,512,0,0.5158518685652514,0.4747437209531852,0.47827586811350764,0.5028424452627709,0.5552153605363201,0.4387049809881615,0.5223271745220144,0.007570339060459808,sample,381,0.515032967621959,0.4748504284971712,0.4783671895337422,0.5028052677094625,0.5556107568038782,0.43841990917941376,0.5223085933178302,0.007033912402997382,1.9458655993555076,2.206780697617042,2.406455256523071,0.40048133637060085,5.251146897276039,1.5203943541202327,1.6408808396741144,0.022097687531250704
D_W,dw,1,1,0.01,0.02,512,512,0,512,,512,512,0,512,0,0.5158518685652514,0.4747437209531852,0.47827586811350764,0.5028424452627709,0.5552153605363201,0.4387049809881615,0.5223271745220144,0.007570339060459808,sample,382,0.5165631626894835,0.47470371792187344,0.4783231230901562,0.5033355936832924,0.5548042515413223,0.4386570688015393,0.5222777447899603,0.008111369276753235,1.9502656469932687,2.1927834373368382,2.4115129850689234,0.3971279052765768,5.292107824728998,1.5100075388847871,1.6407839261655839,0.025482618130401917
D_W,dw,1,1,0.01,0.02,512,512,0,512,,512,512,0,512,0,0.5158518685652514,0.4747437209531852,0.47827586811350764,0.5028424452627709,0.5552153605363201,0.4387049809881615,0.5223271745220144,0.007570339060459808,sample,383,0.515369593363668,0.4743721699365673,0.47918931251532304,0.5030758095351638,0.5542966286541114,0.43834497774330605,0.5228726192637753,0.007100337736887547,1.935692376219422,2.179101540193498,2.418775755703027,0.39658081081686003,5.252604613835263,1.5142085456609466,1.6426527794423293,0.022306368872212295
D_W,dw,1,1,0.01,0.02,512,512,0,512,,512,512,0,512,0,0.5158518685652514,0.4747437209531852,0.47827586811350764,0.5028424452627709,0.5552153605363201,0.4387049809881615,0.5223271745220144,0.007570339060459808,sample,384,0.5152412521388263,0.47424974828430405,0.47755238406851214,0.5035271247276158,0.5552935531193078,0.4379233699715656,0.522557358090439,0.0070406806493474115,1.9619268549507813,2.2144161336698547,2.4129138864542403,0.4013749101161443,5.246822053454417,1.5070935592292043,1.6416623572562141,0.022118950604261643
D_W,dw,1,1,0.01,0.02,512,512,0,512,,512,512,0,512,0,0.5158518685652514,0.4747437209531852,0.47827586811350764,0.5028424452627709,0.5552153605363201,0.4387049809881615,0.5223271745220144,0.007570339060459808,sample,385,0.5158811560811611,0.4763824336823253,0.48009734157738304,0.5041579902736676,0.553516095151726,0.43738656240091267,0.5214174129767556,0.007164216427544277,1.9305485013599841,2.1810576394544823,2.432886093754461,0.39783382276890855,5.304370859950565,1.4932560350640383,1.6380811140615705,0.022507049697500413
D_W,dw,1,1,0.01,0.02,512,512,0,512,,512,512,0,512,0,0.5158518685652514,0.4747437209531852,0.47827586811350764,0.5028424452627709,0.5552153605363201,0.4387049809881615,0.5223271745220144,0.007570339060459808,sample,386,0.5155572580995273,0.4750644364707851,0.47808068811044446,0.5025733194559726,0.555853054989023,0.439591053565496,0.5214103313973452,0.006973187712951038,1.9420694368939413,2.2115987934033026,2.3948323544566823,0.3970645936052922,5.270195739119879,1.5247558558427512,1.638058866623719,0.021906915291109594
D_W,dw,1,1,0.01,0.02,512,512,0,512,,512,512,0,512,0,0.5158518685652514,0.4747437209531852,0.47827586811350764,0.5028424452627709,0.5552153605363201,0.4387049809881615,0.5223271745220144,0.007570339060459808,sample,387,0.5156710597927687,0.47487955090931827,0.4779818243526294,0.502723007539211,0.5554830260326048,0.4385596710391926,0.5213964709390322,0.008135294673229492,1.9515315907940405,2.210229071850116,2.406502600870886,0.399555301724843,5.2701513775546704,1.5217574655088455,1.6380153227097076,0.02555778198020595
D_W,dw,1,1,0.01,0.02,512,512,0,512,,512,512,0,512,0,0.5158518685652514,0.4747437209531852,0.47827586811350764,0.5028424452627709,0.5552153605363201,0.4387049809881615,0.5223271745220144,0.007570339060459808,sample,388,0.5154996722838464,0.47416877079863395,0.4775075588973499,0.5029934342291524,0.5562856326364893,0.4393076968394996,0.5230523709519562,0.008298608759971338,1.954965573897235,2.212147846274019,2.3931434969186243,0.3995522087370576,5.252835088555985,1.5176634643519953,1.643217486025389,0.02607084831534186
D_W,dw,1,1,0.01,0.02,512,512,0,512,,512,512,0,512,0,0.5158518685652514,0.4747437209531852,0.47827586811350764,0.5028424452627709,0.5552153605363201,0.4387049809881615,0.5223271745220144,0.007570339060459808,sample,389,0.5162451019817343,0.47397550201117195,0.4778228551266544,0.5030317740518625,0.55542448283762,0.438151599560029,0.5218118415183082,0.007456179168295995,1.9618680240130573,2.1967174369325826,2.410174795770013,0.4008807799868296,5.270429684578419,1.5161497983223255,1.6393202478700784,0.02342427769896795
D_W,dw,1,1,0.01,0.02,512,512,0,512,,512,512,0,512,0,0.5158518685652514,0.4747437209531852,0.47827586811350764,0.5028424452627709,0.5552153605363201,0.4387049809881615,0.5223271745220144,0.007570339060459808,sample,390,0.5164298241751886,0.4748595659086648,0.47910293286402666,0.5035070948952471,0.556030688011375,0.4376943800449965,0.5228867679069381,0.008942753387636278,1.9525133425413082,2.178700446437528,2.4081989789961735,0.4045625023968813,5.2912360681144515,1.5082854829245764,1.642697228715748,0.028094488345463367
D_W,dw,1,1,0.01,0.02,512,512,0,512,,512,512,0,512,0,0.5158518685652514,0.4747437209531852,0.47827586811350764,0.5028424452627709,0.5552153605363201,0.4387049809881615,0.5223271745220144,0.007570339060459808,sample,391,0.5166805246363786,0.47466533405139505,0.4786433858212067,0.5023546721422376,0.5553486739561575,0.4389510105666472,0.5224037636400203,0.007687920761530714,1.9449239503171198,2.1842513676786517,2.404678246778826,0.39766695610495245,5.294651623036897,1.5282794430553102,1.6411798260591464,0.02415231538580534
D_W,dw,1,1,0.01,0.02,512,512,0,512,,512,512,0,512,0,0.5158518685652514,0.4747437209531852,0.47827586811350764,0.5028424452627709,0.5552153605363201,0.4387049809881615,0.5223271745220144,0.007570339060459808,sample,392,0.516445045690495,0.4750393340209475,0.47874341687033256,0.5031549225842782,0.554842377890785,0.43852822678920483,0.5219432929229533,0.007585552238377768,1.9449184240411228,2.1889568003620834,2.4123077943918276,0.39767923088433205,5.294952428863682,1.5133325672956712,1.6397332146372154,0.023830715185509208
D_W,dw,1,1,0.01,0.02,512,512,0,512,,512,512,0,512,0,0.5158518685652514,0.4747437209531852,0.47827586811350764,0.5028424452627709,0.5552153605363201,0.4387049809881615,0.5223271745220144,0.007570339060459808,sample,393,0.5156591125883351,0.474874776594219,0.47759966103631635,0.5020212062723481,0.5554881659249817,0.43904430066454064,0.5223593171120641,0.007899415904333204,1.9508821768885594,2.218525902054313,2.40278422751968,0.39774359773271234,5.269723635917912,1.5343865264980612,1.6410401931734415,0.024816746972703564
D_W,dw,1,1,0.01,0.02,512,512,0,512,,512,512,0,512,0,0.5158518685652514,0.4747437209531852,0.47827586811350764,0.5028424452627709,0.5552153605363201,0.4387049809881615,0.5223271745220144,0.007570339060459808,sample,394,0.516400093884693,0.4738570995109563,0.47725290156085315,0.5020825725169483,0.5576195094155969,0.43666107772320734,0.5212736779650885,0.006791290386437749,1.9874421749007873,2.2059754906071767,2.403118487764681,0.4131686484076998,5.27265842709209,1.534668522364482,1.6376295572048536,0.021335467986427818
D_W,dw,1,1,0.01,0.02,512,512,0,512,,512,512,0,512,0,0.5158518685652514,0.4747437209531852,0.47827586811350764,0.5028424452627709,0.5552153605363201,0.4387049809881615,0.5223271745220144,0.007570339060459808,sample,395,0.5165606677118103,0.4741153554244056,0.4784493148441482,0.5027623068262987,0.5554812718241412,0.43837709328828356,0.5230367119932996,0.007711836366058586,1.9536737003317932,2.182404008546825,2.407976800323622,0.40020964187523245,5.281551286269664,1.521049309970356,1.6431682919559105,0.02422744847329626
D_W,dw,1,1,0.01,0.02,512,512,0,512,,512,512,0,512,0,0.5158518685652514,0.4747437209531852,0.47827586811350764,0.5028424452627709,0.5552153605363201,0.4387049809881615,0.5223271745220144,0.007570339060459808,sample,396,0.5171685758723533,0.4757357517901823,0.4793056375028307,0.5038006964361127,0.5589668364399661,0.4373722512761275,0.5220207349535029,0.00725408627451856,1.9658088141416872,2.178979687052986,2.385258284491695,0.41534820520209703,5.328175285618986,1.506430549141665,1.6399765059514693,0.02278938414853406
D_W,dw,1,1,0.01,0.02,512,512,0,512,,512,512,0,512,0,0.5158518685652514,0.4747437209531852,0.47827586811350764,0.5028424452627709,0.5552153605363201,0.4387049809881615,0.5223271745220144,0.007570339060459808,sample,397,0.5162038210047838,0.4742335194885636,0.47850914408795275,0.5027646447324791,0.555664422779127,0.4387254368376666,0.5221947805578676,0.0074299024070341065,1.9487330246985448,2.185572600664274,2.403519538053675,0.3995567094576868,5.273767891017643,1.5211708257315653,1.640523286343531,0.02334172681882747
D_W,dw,1,1,0.01,0.02,512,512,0,512,,512,512,0,512,0,0.5158518685652514,0.4747437209531852,0.47827586811350764,0.5028424452627709,0.5552153605363201,0.4387049809881615,0.5223271745220144,0.007570339060459808,sample,398,0.5156959179086708,0.4755142342251798,0.47873081638213316,0.5026604823584895,0.5553896809811221,0.43872580977689457,0.5228891452272192,0.008694371925574118,1.9398192219470807,2.2022128432901704,2.406018423283719,0.39864943614435,5.2824269607280385,1.5228011198321705,1.6427046972876782,0.027314174968960995
D_W,dw,1,1,0.01,0.02,512,512,0,512,,512,512,0,512,0,0.5158518685652514,0.4747437209531852,0.47827586811350764,0.5028424452627709,0.5552153605363201,0.4387049809881615,0.5223271745220144,0.007570339060459808,sample,399,0.5159471452691325,0.47440543349749753,0.4777306785941855,0.503103750287197,0.5554830612206892,0.4386738452757095,0.5231581247786691,0.007313574020030866,1.95655131672794,2.206875386967601,2.405398093867695,0.3992117119137329,5.269597501804337,1.5149140679352504,1.643549721470479,0.022976270412814137
D_W,dw,1,1,0.01,0.02,512,512,0,512,,512,512,0,512,0,0.5158518685652514,0.4747437209531852,0.47827586811350764,0.5028424452627709,0.5552153605363201,0.4387049809881615,0.5223271745220144,0.007570339060459808,sample,400,0.5155981247535483,0.4756485159577314,0.4782853680547602,0.5035803209028791,0.5554136156208939,0.43835745308977125,0.5221636164323272,0.007569954177868491,1.9489203905545924,2.214862449344998,2.4083218334643814,0.4002127405906931,5.282085897730932,1.5062751578757643,1.6404253813556777,0.023781712433203015
D_W,dw,1,1,0.01,0.02,512,512,0,512,,512,512,0,512,0,0.5158518685652514,0.4747437209531852,0.47827586811350764,0.5028424452627709,0.5552153605363201,0.4387049809881615,0.5223271745220144,0.007570339060459808,sample,401,0.5161832940585904,0.47398186843509377,0.4779999820288425,0.5021764290851842,0.5546997231149765,0.4380838843150456,0.5231619422379579,0.007114457592808037,1.9562417470486495,2.193503458326082,2.41760496211005,0.3986722181670123,5.268828532716464,1.5310286365431975,1.643561714372536,0.022350727707841855
D_W,dw,1,1,0.01,0.02,512,512,0,512,,512,512,0,512,0,0.5158518685652514,0.4747437209531852,0.47827586811350764,0.5028424452627709,0.5552153605363201,0.4387049809881615,0.5223271745220144,0.007570339060459808,sample,402,0.5149409814226352,0.4738070823930383,0.47903256502361047,0.5024080301057204,0.5565385442127215,0.4379777244695922,0.5218644983014209,0.008145850324658525,1.9461876195034133,2.178381503512946,2.4019628539388607,0.4050063016412669,5.230774956718278,1.52823110557364,1.639485674033067,0.025590943537189253
D_W,dw,1,1,0.01,0.02,512,512,0,512,,512,512,0,512,0,0.5158518685652514,0.4747437209531852,0.47827586811350764,0.5028424452627709,0.5552153605363201,0.4387049809881615,0.5223271745220144,0.007570339060459808,sample,403,0.5157166923383445,0.4754580912752379,0.47818423058324844,0.5027634029350254,0.5553243843303121,0.43944997241295275,0.5224548290134994,0.00692955105319601,1.9404371248495118,2.2133843878020563,2.4006409713195156,0.39587030753071223,5.281987448519917,1.520888709143209,1.6413402526613212,0.021769826681395998
D_W,dw,1,1,0.01,0.02,512,512,0,512,,512,512,0,512,0,0.5158518685652514,0.4747437209531852,0.47827586811350764,0.5028424452627709,0.5552153605363201,0.4387049809881615,0.5223271745220144,0.007570339060459808,sample,404,0.5154728737348061,0.4750146791850413,0.47868155229279497,0.5011879864005533,0.5557481249786823,0.4383733062852132,0.522468829722589,0.009288953425918853,1.9421445687480428,2.198369482623058,2.406123471455683,0.4009047097905944,5.266863425206207,1.549489661791708,1.6413842371861422,0.02918210784240441
D_W,dw,1,1,0.01,0.02,512,512,0,512,,512,512,0,512,0,0.5158518685652514,0.4747437209531852,0.47827586811350764,0.5028424452627709,0.5552153605363201,0.4387049809881615,0.5223271745220144,0.007570339060459808,sample,405,0.5139183646041692,0.4741007724221956,0.4778619763575193,0.50343461341624,0.554878340490794,0.4392815632138017,0.5214646124271755,0.007583284462064694,1.94014441642289,2.2161744716972316,2.405700388635368,0.39514746099700904,5.205510635097379,1.5082918954817857,1.6382293955082632,0.023823590756104067
D_W,dw,1,1,0.01,0.02,512,512,0,512,,512,512,0,512,0,0.5158518685652514,0.4747437209531852,0.47827586811350764,0.5028424452627709,0.5552153605363201,0.4387049809881615,0.5223271745220144,0.007570339060459808,sample,406,0.516319764002179,0.47418869692442017,0.4786628378655509,0.5027032734995945,0.5556042585995137,0.43872524251810613,0.5226177583038686,0.007478562036788789,1.9473195325325516,2.1806578945640522,2.404084998002784,0.399352644942948,5.2762005105870955,1.5222182715640518,1.6418521101229997,0.02349459555419118
D_W,dw,1,1,0.01,0.02,512,512,0,512,,512,512,0,512,0,0.5158518685652514,0.4747437209531852,0.47827586811350764,0.5028424452627709,0.5552153605363201,0.4387049809881615,0.5223271745220144,0.007570339060459808,sample,407,0.5156431968997236,0.4742363412601562,0.47684177323595667,0.5033354512459627,0.5568285648070592,0.4383628551314781,0.5217947820203368,0.007728054395105882,1.9734039807928685,2.2259267400089495,2.3959057260972934,0.4047356117220967,5.258071700413909,1.5121703688315442,1.6392666538765777,0.02427839891420695
D_W,dw,1,1,0.01,0.02,512,512,0,512,,512,512,0,512,0,0.5158518685652514,0.4747437209531852,0.47827586811350764,0.5028424452627709,0.5552153605363201,0.4387049809881615,0.5223271745220144,0.007570339060459808,sample,408,0.5147345460802316,0.4736682795874181,0.47720814750866997,0.5031605100442483,0.5562327754565115,0.4379599449505097,0.5221970834849701,0.006988721109177512,1.9673031674858765,2.217712034894588,2.4044710486704375,0.4041986641667098,5.222552942675563,1.5146513400937305,1.640530521202398,0.021955714894579984
D_W,dw,1,1,0.01,0.02,512,512,0,512,,512,512,0,512,0,0.5158518685652514,0.4747437209531852,0.47827586811350764,0.5028424452627709,0.5552153605363201,0.4387049809881615,0.5223271745220144,0.007570339060459808,sample,409,0.5158369498504424,0.47419802910838554,0.4789374883517972,0.5027615049518824,0.5547564608586131,0.4388756631138095,0.5229541712797504,0.007396663346879476,1.9378628951689754,2.1786412515906624,2.4104599571824172,0.396086288353339,5.262885351678874,1.5204065237023405,1.6429089826566023,0.023237303231633453
D_W,dw,1,1,0.01,0.02,512,512,0,512,,512,512,0,512,0,0.5158518685652514,0.4747437209531852,0.47827586811350764,0.5028424452627709,0.5552153605363201,0.4387049809881615,0.5223271745220144,0.007570339060459808,sample,410,0.5155038060778596,0.475405004754119,0.47898653190663487,0.504442106252939,0.5544045129409143,0.43656286372536157,0.5213018100486254,0.008348620438496794,1.953685096195671,2.1966378401845525,2.4310532787475476,0.40370243777116505,5.274836447475099,1.4893274562831724,1.6377179367518233,0.026227964637191126
D_W,dw,1,1,0.01,0.02,512,512,0,512,,512,512,0,512,0,0.5158518685652514,0.4747437209531852,0.47827586811350764,0.5028424452627709,0.5552153605363201,0.4387049809881615,0.5223271745220144,0.007570339060459808,sample,411,0.5158649851929717,0.475852246413224,0.4784529152070591,0.5027196998845187,0.5548674719421072,0.43856855189255994,0.5224323259155216,0.007595256967000327,1.9427642365109605,2.2115729634921224,2.411965581209767,0.3975399515802237,5.293666813790665,1.5212683351319611,1.641269557094031,0.023861203489654922
D_W,dw,1,1,0.01,0.02,512,512,0,512,,512,512,0,512,0,0.5158518685652514,0.4747437209531852,0.47827586811350764,0.5028424452627709,0.5552153605363201,0.4387049809881615,0.5223271745220144,0.007570339060459808,sample,412,0.5165060416145941,0.47398582384982585,0.47831901009677535,0.5021508100191394,0.5548969527387174,0.43855069626782855,0.5228032759896409,0.007653530122081684,1.950851628323277,2.184018232055336,2.412071693774955,0.3976177722724516,5.277791891392802,1.5316373128887253,1.642434931121733,0.02404427400556001
D_W,dw,1,1,0.01,0.02,512,512,0,512,,512,512,0,512,0,0.5158518685652514,0.4747437209531852,0.47827586811350764,0.5028424452627709,0.5552153605363201,0.4387049809881615,0.5223271745220144,0.007570339060459808,sample,413,0.5157425751833007,0.47503281182135904,0.4774717461364014,0.5037222404536158,0.5560106073179257,0.43893353142022073,0.5221858621866456,0.007974973268192923,1.957967955266769,2.222728627347852,2.398254046360727,0.40012161218672077,5.27495544697689,1.5044379087505628,1.6404952684540182,0.025054117431929868
D_W,dw,1,1,0.01,0.02,512,512,0,512,,512,512,0,512,0,0.5158518685652514,0.4747437209531852,0.47827586811350764,0.5028424452627709,0.5552153605363201,0.4387049809881615,0.5223271745220144,0.007570339060459808,sample,414,0.5158599232207963,0.4742962211266481,0.47765734614141825,0.5027078334991687,0.5546564182567961,0.43709073545168525,0.5214109536338466,0.008357301410769697,1.966839301935448,2.207704713502878,2.425670361444035,0.40221195032848045,5.265234281106416,1.5212939739007045,1.6380608214373407,0.026255236715909694
D_W,dw,1,1,0.01,0.02,512,512,0,512,,512,512,0,512,0,0.5158518685652514,0.4747437209531852,0.47827586811350764,0.5028424452627709,0.5552153605363201,0.4387049809881615,0.5223271745220144,0.007570339060459808,sample,415,0.5161032025699259,0.4744252711983413,0.4786823848844765,0.5026503077548462,0.5552310172798568,0.4388572653398801,0.5221849500091316,0.007983534479519036,1.9430760013720896,2.1851127975159272,2.4063781935564355,0.3976647355254507,5.27432721818303,1.5228472493746779,1.640492402763841,0.025081013270537817
D_W,dw,1,1,0.01,0.02,512,512,0,512,,512,512,0,512,0,0.5158518685652514,0.4747437209531852,0.47827586811350764,0.5028424452627709,0.5552153605363201,0.4387049809881615,0.5223271745220144,0.007570339060459808,sample,416,0.515090771089555,0.47370639117204993,0.47827170838884153,0.5034312266458847,0.5561195408965082,0.4387674676211358,0.5217333146576261,0.008053368482796917,1.949815758717362,2.19265384617618,2.398807260246359,0.40100583803666145,5.233421048676062,1.5097309556397673,1.63907354846145,0.025300403262206374
D_W,dw,1,1,0.01,0.02,512,512,0,512,,512,512,0,512,0,0.5158518685652514,0.4747437209531852,0.47827586811350764,0.5028424452627709,0.5552153605363201,0.4387049809881615,0.5223271745220144,0.007570339060459808,sample,417,0.5151122014998706,0.47438932734389544,0.47840177734555717,0.5033016435370066,0.5553632314541631,0.4384295690577884,0.5230912408536871,0.007476699144338532,1.9467820604949266,2.198962446603278,2.4083451679354586,0.3997361269614017,5.245478254342793,1.5112308402659578,1.6433395994231124,0.023488743104955027
D_W,dw,1,1,0.01,0.02,512,512,0,512,,512,512,0,512,0,0.5158518685652514,0.4747437209531852,0.47827586811350764,0.5028424452627709,0.5552153605363201,0.4387049809881615,0.5223271745220144,0.007570339060459808,sample,418,0.5150393012181873,0.4749772314488975,0.4778046555657046,0.5019675745861948,0.5543154149304746,0.44061220913314897,0.5222462225094872,0.008141586724383825,1.9285916404428194,2.2208299303284194,2.4004490454777065,0.38833990680791863,5.253561574106385,1.534587184021396,1.6406848960008253,0.02557754904188841
D_W,dw,1,1,0.01,0.02,512,512,0,512,,512,512,0,512,0,0.5158518685652514,0.4747437209531852,0.47827586811350764,0.5028424452627709,0.5552153605363201,0.4387049809881615,0.5223271745220144,0.007570339060459808,sample,419,0.5145302757071137,0.47231002619485873,0.4787579559471663,0.5032737274314723,0.5575400007613504,0.43824066924793,0.523659265570367,0.009352052935842785,1.9539596993209938,2.167489410810035,2.3907413709623118,0.40748693372140954,5.1956389020532185,1.5139627873462267,1.6451241017000915,0.02938034079922655
D_W,dw,1,1,0.01,0.02,512,512,0,512,,512,512,0,512,0,0.5158518685652514,0.4747437209531852,0.47827586811350764,0.5028424452627709,0.5552153605363201,0.4387049809881615,0.5223271745220144,0.007570339060459808,sample,420,0.5164324883970443,0.4742980728797785,0.4785412884318316,0.5023661659744524,0.5551620750324152,0.43913326590477625,0.5225879026996192,0.0072990780614777305,1.9436486093282774,2.1838179542323872,2.404863444054385,0.39641315011436334,5.2812398426441955,1.5279278097320972,1.6417583159760212,0.022930730015916865
D_W,dw,1,1,0.01,0.02,512,512,0,512,,512,512,0,512,0,0.5158518685652514,0.4747437209531852,0.47827586811350764,0.5028424452627709,0.5552153605363201,0.4387049809881615,0.5223271745220144,0.007570339060459808,sample,421,0.5154957868400316,0.47478132006726437,0.4776752182454586,0.5027182566679735,0.5551564143678749,0.4386220479561486,0.5215297079265634,0.008407101892249408,1.9529081831755102,2.217006089475628,2.4089288098458073,0.3982771683827911,5.263370646522058,1.5215534741812027,1.638433899050922,0.02641168954267159
D_W,dw,1,1,0.01,0.02,512,512,0,512,,512,512,0,512,0,0.5158518685652514,0.4747437209531852,0.47827586811350764,0.5028424452627709,0.5552153605363201,0.4387049809881615,0.5223271745220144,0.007570339060459808,sample,422,0.516268404701434,0.47420472591123236,0.4783302969250436,0.5029895815439447,0.5552503228915595,0.4386694850078367,0.5223129114966851,0.008065428389462089,1.9506597340679148,2.1885715929716034,2.4075745937307613,0.3984552052468668,5.275057963941585,1.5167392859548543,1.6408944056330819,0.025338290576388655
D_W,dw,1,1,0.01,0.02,512,512,0,512,,512,512,0,512,0,0.5158518685652514,0.4747437209531852,0.47827586811350764,0.5028424452627709,0.5552153605363201,0.4387049809881615,0.5223271745220144,0.007570339060459808,sample,423,0.5159111461507898,0.47394362599675244,0.47829851762474934,0.5023483585401036,0.5562612875196205,0.4380569981271387,0.521784996458017,0.00717985123749236,1.957195736797506,2.188745764513726,2.4037912338390917,0.40381566000489943,5.260597589996861,1.5290803216808007,1.6392359116258826,0.022556167901573585
D_W,dw,1,1,0.01,0.02,512,512,0,512,,512,512,0,512,0,0.5158518685652514,0.4747437209531852,0.47827586811350764,0.5028424452627709,0.5552153605363201,0.4387049809881615,0.5223271745220144,0.007570339060459808,sample,424,0.5157381137021464,0.4745357637510409,0.47879239698675746,0.503653014977078,0.5542718859876083,0.4376392936618844,0.5217802541227289,0.007675291362119443,1.9483407908569799,2.1871713536015727,2.424317179489878,0.3991749657901876,5.2659732907885,1.503588174560706,1.6392210131401803,0.024112638957395637
D_W,dw,1,1,0.01,0.02,512,512,0,512,,512,512,0,512,0,0.5158518685652514,0.4747437209531852,0.47827586811350764,0.5028424452627709,0.5552153605363201,0.4387049809881615,0.5223271745220144,0.007570339060459808,sample,425,0.5157430001516662,0.47392099744974797,0.4784143347344269,0.5027451273483861,0.5559785625700299,0.43891295193548546,0.5231399317134702,0.006615214970856647,1.947860635417175,2.187271354900054,2.3992063904688337,0.3999065474808647,5.255499512938161,1.521796676122919,1.643492566270504,0.02078231075436046
D_W,dw,1,1,0.01,0.02,512,512,0,512,,512,512,0,512,0,0.5158518685652514,0.4747437209531852,0.47827586811350764,0.5028424452627709,0.5552153605363201,0.4387049809881615,0.5223271745220144,0.007570339060459808,sample,426,0.514209083395324,0.4731954504391447,0.47838190826372345,0.503062221975989,0.5558856149667423,0.43950236632787343,0.5220139389193855,0.007215289002184137,1.9385118592994934,2.1899150994028362,2.3950544456649916,0.3975658161963126,5.199825384260227,1.5160566092147354,1.6399551555806124,0.022667498922788912
D_W,dw,1,1,0.01,0.02,512,512,0,512,,512,512,0,512,0,0.5158518685652514,0.4747437209531852,0.47827586811350764,0.5028424452627709,0.5552153605363201,0.4387049809881615,0.5223271745220144,0.007570339060459808,sample,427,0.5158097186233073,0.4745387248552166,0.4790488491013789,0.5028357815222401,0.5553356881937422,0.43849446483515014,0.522046948943234,0.007398232007320206,1.9407874150625826,2.180892403810267,2.4082987878815323,0.3993314854014855,5.268057589430187,1.519594235786614,1.6400588596290298,0.02324223132375003
D_W,dw,1,1,0.01,0.02,512,512,0,512,,512,512,0,512,0,0.5158518685652514,0.4747437209531852,0.47827586811350764,0.5028424452627709,0.5552153605363201,0.4387049809881615,0.5223271745220144,0.007570339060459808,sample,428,0.5163867609425006,0.47455560148340464,0.4777001686345997,0.5021715315743612,0.5550192802785864,0.4382017749793811,0.5215136218651606,0.007929716577529042,1.9594002299373017,2.2058151858229587,2.413773151674585,0.39926873625459586,5.28455049129076,1.5313482453939489,1.6383833631985938,0.024911939345014435
D_W,dw,1,1,0.01,0.02,512,512,0,512,,512,512,0,512,0,0.5158518685652514,0.4747437209531852,0.47827586811350764,0.5028424452627709,0.5552153605363201,0.4387049809881615,0.5223271745220144,0.007570339060459808,sample,429,0.515713197204372,0.47368754348423425,0.4785327989062676,0.5025220007405954,0.5553286799107604,0.4393313753572143,0.5234669326101707,0.007728685762385226,1.9409903819644363,2.181832570223781,2.4016803635452537,0.3962690960656837,5.250730254042125,1.5252456966828536,1.6445198698852956,0.024280382413013456
D_W,dw,1,1,0.01,0.02,512,512,0,512,,512,512,0,512,0,0.5158518685652514,0.4747437209531852,0.47827586811350764,0.5028424452627709,0.5552153605363201,0.4387049809881615,0.5223271745220144,0.007570339060459808,sample,430,0.5163602644787866,0.47434807881227753,0.4773720776730226,0.5021487689137643,0.5539041342840267,0.43831988704328084,0.5230006116686808,0.007360027765921612,1.9589786460625778,2.210271551332653,2.4229752991909352,0.3952814627026995,5.28012517517593,1.530954636261721,1.643054879441296,0.023122209159636233
D_W,dw,1,1,0.01,0.02,512,512,0,512,,512,512,0,512,0,0.5158518685652514,0.4747437209531852,0.47827586811350764,0.5028424452627709,0.5552153605363201,0.4387049809881615,0.5223271745220144,0.007570339060459808,sample,431,0.5159193055740937,0.47462027215314306,0.4792792034273206,0.5033101301169374,0.5553394499278651,0.43974799836799744,0.523020913014794,0.007460172871864112,1.9291382983428411,2.175885007739675,2.3977784853001274,0.394957737053978,5.272600997660166,1.5110524935429819,1.6431186580011032,0.023436824288758165
D_W,dw,1,1,0.01,0.02,512,512,0,512,,512,512,0,512,0,0.5158518685652514,0.4747437209531852,0.47827586811350764,0.5028424452627709,0.5552153605363201,0.4387049809881615,0.5223271745220144,0.007570339060459808,sample,432,0.5156491507536386,0.4749410240156858,0.47951663430307534,0.5030432553674679,0.5537256075963647,0.4381728343321307,0.5222525956382077,0.007279102009470866,1.9313902836086918,2.17702307880367,2.425398156858424,0.3953871606016594,5.27062350390332,1.5142123828786807,1.6407049177751942,0.02286797339768437
D_W,dw,1,1,0.01,0.02,512,512,0,512,,512,512,0,512,0,0.5158518685652514,0.4747437209531852,0.47827586811350764,0.5028424452627709,0.5552153605363201,0.4387049809881615,0.5223271745220144,0.007570339060459808,sample,433,0.5167218140375387,0.47466694445250646,0.47874984695147244,0.5030301883396078,0.5557917591157503,0.43788324371053317,0.5228748952150589,0.008556528622084386,1.9552538962149124,2.18156986680314,2.409054177290355,0.40302575994188455,5.295816906439365,1.516537165195304,1.642659929554162,0.026881127459371105
D_W,dw,1,1,0.01,0.02,512,512,0,512,,512,512,0,512,0,0.5158518685652514,0.4747437209531852,0.47827586811350764,0.5028424452627709,0.5552153605363201,0.4387049809881615,0.5223271745220144,0.007570339060459808,sample,434,0.5136867438209264,0.4743432999814127,0.4792680153352446,0.5031080802618463,0.5532454696847515,0.4339577966339137,0.5206521215733325,0.008342395680899494,1.9605654953087828,2.1901619497667,2.4622308419101526,0.4094957491959627,5.202442509124294,1.512489820069203,1.6356768802107213,0.02620840898445307
D_W,dw,1,1,0.01,0.02,512,512,0,512,,512,512,0,512,0,0.5158518685652514,0.4747437209531852,0.47827586811350764,0.5028424452627709,0.5552153605363201,0.4387049809881615,0.5223271745220144,0.007570339060459808,sample,435,0.5153430312477704,0.47412574030886107,0.47876975330391275,0.5026200480606772,0.5549316616199302,0.4389826878364265,0.5222758438728,0.006624906430934693,1.9371175604636752,2.1853787874642316,2.4080669618408,0.3962444076798737,5.247633949843768,1.5231359455229656,1.6407779542581984,0.02081275737414421
D_W,dw,1,1,0.01,0.02,512,512,0,512,,512,512,0,512,0,0.5158518685652514,0.4747437209531852,0.47827586811350764,0.5028424452627709,0.5552153605363201,0.4387049809881615,0.5223271745220144,0.007570339060459808,sample,436,0.5155874958603098,0.47523916854857495,0.47779427249755896,0.5022600030581598,0.5552787116713254,0.43840501363515616,0.5215368538969805,0.007282226504219358,1.952380079282048,2.219998105864971,2.409770452074949,0.3993831981811953,5.274233687634132,1.5299352961221822,1.638456348779087,0.022877789287432417
D_W,dw,1,1,0.01,0.02,512,512,0,512,,512,512,0,512,0,0.5158518685652514,0.4747437209531852,0.47827586811350764,0.5028424452627709,0.5552153605363201,0.4387049809881615,0.5223271745220144,0.007570339060459808,sample,437,0.515635409828859,0.475233453181686,0.4778986429169798,0.5022557371772087,0.5553531747858971,0.4385985814238704,0.5221070390560529,0.007598470571788921,1.9500547177117569,2.217231618509582,2.4075386452541587,0.3989287935638763,5.275514149331575,1.53006714142017,1.6402476382860152,0.02387129932685031
D_W,dw,1,1,0.01,0.02,512,512,0,512,,512,512,0,512,0,0.5158518685652514,0.4747437209531852,0.47827586811350764,0.5028424452627709,0.5552153605363201,0.4387049809881615,0.5223271745220144,0.007570339060459808,sample,438,0.5160070161265653,0.47631594531851473,0.4791178994074044,0.5048329131340462,0.554927909943328,0.43791094487327786,0.5210019902152089,0.006595178776900313,1.9442739238891105,2.2017009269575234,2.415401749189005,0.40056702200731376,5.3067266414522445,1.4830358562912034,1.6367760249657615,0.02071936519462134
D_W,dw,1,1,0.01,0.02,512,512,0,512,,512,512,0,512,0,0.5158518685652514,0.4747437209531852,0.47827586811350764,0.5028424452627709,0.5552153605363201,0.4387049809881615,0.5223271745220144,0.007570339060459808,sample,439,0.5148671759239198,0.4744562597786076,0.47749317967799787,0.5039301027744576,0.5557601957998242,0.43867504651551636,0.5214151740580979,0.008075007760933487,1.956526225783486,2.221626786482734,2.4024527741710884,0.40027390139122415,5.239489061795128,1.500430465768597,1.6380740802911635,0.025368385059429205
D_W,dw,1,1,0.01,0.02,512,512,0,512,,512,512,0,512,0,0.5158518685652514,0.4747437209531852,0.47827586811350764,0.5028424452627709,0.5552153605363201,0.4387049809881615,0.5223271745220144,0.007570339060459808,sample,440,0.5158981596517501,0.47503634198923417,0.47878038936110173,0.5026418427840121,0.5551056501965703,0.43758416092966274,0.5213016109938956,0.006795351591716132,1.9495392758120405,2.1928213307229822,2.4177478959997494,0.4018391132459675,5.279465838447622,1.5228915915149144,1.6377173114029466,0.021348226639095108
D_W,dw,1,1,0.01,0.02,512,512,0,512,,512,512,0,512,0,0.5158518685652514,0.4747437209531852,0.47827586811350764,0.5028424452627709,0.5552153605363201,0.4387049809881615,0.5223271745220144,0.007570339060459808,sample,441,0.5153510713243604,0.4749625698579583,0.47819151534829124,0.5026928166331104,0.5550789086931883,0.43859216914049787,0.5225630719137375,0.007226642843865733,1.9457398560778523,2.2095268104289514,2.4098794461013457,0.39813070371349385,5.262403273204084,1.5219450646859707,1.6416803077615125,0.022703168068405836
D_W,dw,1,1,0.01,0.02,512,512,0,512,,512,512,0,512,0,0.5158518685652514,0.4747437209531852,0.47827586811350764,0.5028424452627709,0.5552153605363201,0.4387049809881615,0.5223271745220144,0.007570339060459808,sample,442,0.5157753744396485,0.4753150009583807,0.4783569293141867,0.5026846937262068,0.555291558612305,0.43874835878078783,0.5228363820045874,0.007488498941925834,1.9444668271240695,2.2070850908270994,2.406704847860781,0.3982554226244975,5.281040178281652,1.5222792121866722,1.6425389367350784,0.02352581326236914
D_W,dw,1,1,0.01,0.02,512,512,0,512,,512,512,0,512,0,0.5158518685652514,0.4747437209531852,0.47827586811350764,0.5028424452627709,0.5552153605363201,0.4387049809881615,0.5223271745220144,0.007570339060459808,sample,443,0.5156534944757741,0.47523834971073675,0.47826494990463714,0.5026242930323195,0.5554756432057391,0.4383744761377262,0.5225907975486266,0.007493028929004496,1.9487005326939162,2.209124433745604,2.408108177020966,0.40017924934006777,5.276125393735673,1.523526246392433,1.641767410412396,0.02354004463649632
D_W,dw,1,1,0.01,0.02,512,512,0,512,,512,512,0,512,0,0.5158518685652514,0.4747437209531852,0.47827586811350764,0.5028424452627709,0.5552153605363201,0.4387049809881615,0.5223271745220144,0.007570339060459808,sample,444,0.5160383854784565,0.4755207209851977,0.4785220329552859,0.5019463665004055,0.5561441361448536,0.43828128244032366,0.521389999802994,0.006608473434189495,1.948895695826892,2.2039152033548177,2.4031575126951235,0.4025855252119853,5.292398533028583,1.536142888937078,1.6379949930362698,0.02076113159229303
D_W,dw,1,1,0.01,0.02,512,512,0,512,,512,512,0,512,0,0.5158518685652514,0.4747437209531852,0.47827586811350764,0.5028424452627709,0.5552153605363201,0.4387049809881615,0.5223271745220144,0.007570339060459808,sample,445,0.5156442577990886,0.47531701754077127,0.47893088235344494,0.5032194648916344,0.5553987644113949,0.4388186053246323,0.5215449189125547,0.008135532422410474,1.937893733877376,2.195460259408918,2.4049172222608983,0.3984430364482505,5.277296676991015,1.51274723659861,1.6384816857727662,0.02555852889128632
D_W,dw,1,1,0.01,0.02,512,512,0,512,,512,512,0,512,0,0.5158518685652514,0.4747437209531852,0.47827586811350764,0.5028424452627709,0.5552153605363201,0.4387049809881615,0.5223271745220144,0.007570339060459808,sample,446,0.5169359454017145,0.47623561278284016,0.4772653801643345,0.5033006494495827,0.5548700431441721,0.4403939481632207,0.5224433801403611,0.007047779253427392,1.947308810503269,2.2326446369871538,2.396642097537449,0.39113269393210703,5.331561632131892,1.5107147822593066,1.641304284965578,0.02214125152669005
D_W,dw,1,1,0.01,0.02,512,512,0,512,,512,512,0,512,0,0.5158518685652514,0.4747437209531852,0.47827586811350764,0.5028424452627709,0.5552153605363201,0.4387049809881615,0.5223271745220144,0.007570339060459808,sample,447,0.5173001664757179,0.4744865835505252,0.4776521714647923,0.5031562448750515,0.5556572249309082,0.4378726463917223,0.5226445585973447,0.005942511076160936,1.9711432785864078,2.1980858236223573,2.4102733030155328,0.40265326603158147,5.308252335738841,1.5141483707371812,1.6419363057280982,0.01866894914074317
D_W,dw,1,1,0.01,0.02,512,512,0,512,,512,512,0,512,0,0.5158518685652514,0.4747437209531852,0.47827586811350764,0.5028424452627709,0.5552153605363201,0.4387049809881615,0.5223271745220144,0.007570339060459808,sample,448,0.5151519082574519,0.4739486503080068,0.4784035965853685,0.503249382708752,0.5554242901245855,0.43834975513276586,0.5215672463992046,0.007317929640873336,1.9487657272626637,2.1925778466608175,2.408470795201938,0.4002090203879971,5.239181903464179,1.512235947166171,1.6385518296407986,0.022989953999254666
D_W,dw,1,1,0.01,0.02,512,512,0,512,,512,512,0,512,0,0.5158518685652514,0.4747437209531852,0.47827586811350764,0.5028424452627709,0.5552153605363201,0.4387049809881615,0.5223271745220144,0.007570339060459808,sample,449,0.5162307087749416,0.4743736348150887,0.4782273466239041,0.5025040987371636,0.5552071637411559,0.43894191478598293,0.5219014591948251,0.007603966848939061,1.9480722699373194,2.193346520925114,2.405964734974423,0.3972627614079562,5.276977242617166,1.5254691735788322,1.6396017901042557,0.023888566390767283
D_W,dw,1,1,0.01,0.02,512,512,0,512,,512,512,0,512,0,0.5158518685652514,0.4747437209531852,0.47827586811350764,0.5028424452627709,0.5552153605363201,0.4387049809881615,0.5223271745220144,0.007570339060459808,sample,450,0.5162814698210025,0.4741787330105823,0.4782559124326739,0.5036117932797753,0.5547882521308408,0.43790767462275804,0.5221814951399473,0.0071796455237248475,1.9574529385541255,2.189741983359675,2.417529285430095,0.399833570054694,5.274965751051144,1.504968805706111,1.6404815489721927,0.022555521632712825
D_W,dw,1,1,0.01,0.02,512,512,0,512,,512,512,0,512,0,0.5158518685652514,0.4747437209531852,0.47827586811350764,0.5028424452627709,0.5552153605363201,0.4387049809881615,0.5223271745220144,0.007570339060459808,sample,451,0.5157714348180774,0.4751216121137256,0.4787105466936182,0.502065177844798,0.5551425416717611,0.4368095377607199,0.5213010732701475,0.008221469273654292,1.9550992403910405,2.1966265318282825,2.4237535052531767,0.40468532354762743,5.277392093761553,1.5333621963070554,1.63771562209397,0.025828507471826537
D_W,dw,1,1,0.01,0.02,512,512,0,512,,512,512,0,512,0,0.5158518685652514,0.4747437209531852,0.47827586811350764,0.5028424452627709,0.5552153605363201,0.4387049809881615,0.5223271745220144,0.007570339060459808,sample,452,0.5151905765936339,0.47357853940710526,0.4780794100849222,0.5037290657778879,0.5545118604405308,0.4394972624451032,0.5221417605852803,0.0070093681062426754,1.9421538670533804,2.1943255135384034,2.407074411175892,0.3932547659329712,5.23417310531328,1.5024944002818172,1.640356719187157,0.02202057934887859
D_W,dw,1,1,0.01,0.02,512,512,0,512,,512,512,0,512,0,0.5158518685652514,0.4747437209531852,0.47827586811350764,0.5028424452627709,0.5552153605363201,0.4387049809881615,0.5223271745220144,0.007570339060459808,sample,453,0.5160577008489324,0.47477330552477176,0.4771698409966761,0.5024179962866817,0.5552709712529768,0.4390359602276463,0.5220466808398051,0.00848042319544139,1.9579918342965728,2.2228525572531224,2.4046585788081973,0.3971206903326517,5.279240917355937,1.5270761712124308,1.6400580173572672,0.026642035210131147
D_W,dw,1,1,0.01,0.02,512,512,0,512,,512,512,0,512,0,0.5158518685652514,0.4747437209531852,0.47827586811350764,0.5028424452627709,0.5552153605363201,0.4387049809881615,0.5223271745220144,0.007570339060459808,sample,454,0.5168412102094159,0.47484999300303166,0.47840636193525504,0.5024530870074301,0.5560226129848149,0.43871060713661864,0.5222438839118672,0.008233860478332312,1.9524632735683136,2.1904695382325245,2.400582881906124,0.4007255033662504,5.302440620116797,1.5270368361685023,1.6406775490797225,0.02586743558941213
D_W,dw,1,1,0.01,0.02,512,512,0,512,,512,512,0,512,0,0.5158518685652514,0.4747437209531852,0.47827586811350764,0.5028424452627709,0.5552153605363201,0.4387049809881615,0.5223271745220144,0.007570339060459808,sample,455,0.5167174834543464,0.47486692216689,0.477982397924812,0.4995949263294171,0.5526336437927063,0.4390968049632428,0.5225431816300771,0.00632307197335226,1.9378458965705532,2.200993857206224,2.42888729023113,0.3883015067026875,5.299346827216225,1.5784922726611665,1.641617820592487,0.019864516459602976
D_W,dw,1,1,0.01,0.02,512,512,0,512,,512,512,0,512,0,0.5158518685652514,0.4747437209531852,0.47827586811350764,0.5028424452627709,0.5552153605363201,0.4387049809881615,0.5223271745220144,0.007570339060459808,sample,456,0.5155876170134144,0.47532865492475285,0.47822300303043525,0.502668305293799,0.5555064694760439,0.4385231953167479,0.5223853012369305,0.00751283768531313,1.9476586504155524,2.211874689710985,2.406611953678667,0.39975298791770286,5.275870812475081,1.5227613363519366,1.6411218247092318,0.023602275679792274
D_W,dw,1,1,0.01,0.02,512,512,0,512,,512,512,0,512,0,0.5158518685652514,0.4747437209531852,0.47827586811350764,0.5028424452627709,0.5552153605363201,0.4387049809881615,0.5223271745220144,0.007570339060459808,sample,457,0.5152889971564398,0.4747388355971452,0.4781165045349455,0.5027178822550753,0.5565049167049078,0.43860914804992296,0.5225675607667392,0.008201042590769503,1.9515669174790933,2.2085897900512803,2.3970378475898806,0.4026975472089717,5.256650488609248,1.5227334451031265,1.6416944099091255,0.025764335154938475
D_W,dw,1,1,0.01,0.02,512,512,0,512,,512,512,0,512,0,0.5158518685652514,0.4747437209531852,0.47827586811350764,0.5028424452627709,0.5552153605363201,0.4387049809881615,0.5223271745220144,0.007570339060459808,sample,458,0.5163970717522512,0.47557762628743977,0.478967921389061,0.502513761685167,0.5523763188998518,0.4402174361955624,0.5222912925745252,0.007834926242861443,1.9178340541108236,2.191506329053905,2.421562026128376,0.38359542065168417,5.303658248726457,1.5228388854298274,1.6408264877860457,0.02461414672599139
D_W,dw,1,1,0.01,0.02,512,512,0,512,,512,512,0,512,0,0.5158518685652514,0.4747437209531852,0.47827586811350764,0.5028424452627709,0.5552153605363201,0.4387049809881615,0.5223271745220144,0.007570339060459808,sample,459,0.5158596523643574,0.4742576695279075,0.4778978456058059,0.5041867208060744,0.5553128198018945,0.4389944141326008,0.5232319261115731,0.006992511725973519,1.9532736310582997,2.2020234298710903,2.403675111363568,0.3977464953632582,5.264557121785444,1.4952486937273,1.6437815751957554,0.021967623468458892
D_W,dw,1,1,0.01,0.02,512,512,0,512,,512,512,0,512,0,0.5158518685652514,0.4747437209531852,0.47827586811350764,0.5028424452627709,0.5552153605363201,0.4387049809881615,0.5223271745220144,0.007570339060459808,sample,460,0.5158891625190667,0.4746042645386409,0.478693360635024,0.5026779410122414,0.5545110489118048,0.43820804457750956,0.5217100344364952,0.007045604107277728,1.9444744410792245,2.189030068953792,2.418117841260357,0.39769247584151407,5.271464648396329,1.5217092178948617,1.6390004114897714,0.02213441810352578
D_W,dw,1,1,0.01,0.02,512,512,0,512,,512,512,0,512,0,0.5158518685652514,0.4747437209531852,0.47827586811350764,0.5028424452627709,0.5552153605363201,0.4387049809881615,0.5223271745220144,0.007570339060459808,sample,461,0.5159537045847726,0.47527947149175664,0.4773119595087295,0.5021928370995529,0.5545756216456958,0.4379829988169885,0.5214831000583825,0.007313945759593133,1.9606409923472583,2.227688997917164,2.419531772827794,0.398643427868706,5.285497255642241,1.530638136653791,1.6382874761146455,0.022977438267092004
D_W,dw,1,1,0.01,0.02,512,512,0,512,,512,512,0,512,0,0.5158518685652514,0.4747437209531852,0.47827586811350764,0.5028424452627709,0.5552153605363201,0.4387049809881615,0.5223271745220144,0.007570339060459808,sample,462,0.5157598997862456,0.4760510023616212,0.47799231863636304,0.5038845804225242,0.5538552837435442,0.439532399387273,0.5214075990159731,0.007954143611254353,1.9379464237374209,2.225491289397801,2.4126802314841465,0.3910528154005179,5.294410083207952,1.4987910509418556,1.6380502825944738,0.024988679134714864
D_W,dw,1,1,0.01,0.02,512,512,0,512,,512,512,0,512,0,0.5158518685652514,0.4747437209531852,0.47827586811350764,0.5028424452627709,0.5552153605363201,0.4387049809881615,0.5223271745220144,0.007570339060459808,sample,463,0.516402276641984,0.47381983907385866,0.47788711087907176,0.5032390419568864,0.5555581720058618,0.4379454661577926,0.5223250039998293,0.007850724814504072,1.9647459211728857,2.1920265473309253,2.410530424220413,0.40208856009441696,5.272077352071447,1.512562234693483,1.640932395352123,0.024663779402601085
D_W,dw,1,1,0.01,0.02,512,512,0,512,,512,512,0,512,0,0.5158518685652514,0.4747437209531852,0.47827586811350764,0.5028424452627709,0.5552153605363201,0.4387049809881615,0.5223271745220144,0.007570339060459808,sample,464,0.5151986388003604,0.4733862159311563,0.47791789853315114,0.5023118906244536,0.5567983479459365,0.4385732976305491,0.5222341180784627,0.00945424340059398,1.9572426064143003,2.1951552308247626,2.3949105891842613,0.4037250129186094,5.231273390805725,1.5301152996888439,1.6406468688092428,0.029701381612555828
D_W,dw,1,1,0.01,0.02,512,512,0,512,,512,512,0,512,0,0.5158518685652514,0.4747437209531852,0.47827586811350764,0.5028424452627709,0.5552153605363201,0.4387049809881615,0.5223271745220144,0.007570339060459808,sample,465,0.5167288902380585,0.4745728712650281,0.47743427654170884,0.5035265107416982,0.5552434211094447,0.43780648649342413,0.5229475582926475,0.007648302390542675,1.970444467316542,2.2087692032953723,2.414297321151278,0.40163511165778887,5.294308263447348,1.507046976130733,1.6428882073449014,0.024027850602562118
D_W,dw,1,1,0.01,0.02,512,512,0,512,,512,512,0,512,0,0.5158518685652514,0.4747437209531852,0.47827586811350764,0.5028424452627709,0.5552153605363201,0.4387049809881615,0.5223271745220144,0.007570339060459808,sample,466,0.5152629812878873,0.47438328377100286,0.4779132336370688,0.5034365778968491,0.5551303721430316,0.43858002071347735,0.5212348695893774,0.007807403503695854,1.951420841667956,2.2083146684805706,2.4091429021329933,0.39847313363674214,5.249730130255563,1.5085414039806553,1.6375076370968218,0.024527681490822108
D_W,dw,1,1,0.01,0.02,512,512,0,512,,512,512,0,512,0,0.5158518685652514,0.4747437209531852,0.47827586811350764,0.5028424452627709,0.5552153605363201,0.4387049809881615,0.5223271745220144,0.007570339060459808,sample,467,0.5172101196402462,0.4745858773434411,0.4781853637723521,0.5024673732476901,0.5553513232572699,0.4387066440468849,0.5228391587129371,0.006863880874011302,1.9552472545648918,2.1886903246139875,2.4065980725809264,0.39856511339058914,5.307639737404887,1.5262492271916759,1.6425476600216309,0.021563517728909395
D_W,dw,1,1,0.01,0.02,512,512,0,512,,512,512,0,512,0,0.5158518685652514,0.4747437209531852,0.47827586811350764,0.5028424452627709,0.5552153605363201,0.4387049809881615,0.5223271745220144,0.007570339060459808,sample,468,0.5156992302191232,0.47525105900844256,0.47831044551103563,0.5029084270738104,0.5556083738954495,0.43903367087611395,0.5228800320388942,0.007651497400798166,1.943919376988982,2.2078979466622712,2.4014436240169363,0.39829970584934504,5.277676149713627,1.518541976985203,1.6426760673621856,0.024037888023308914
D_W,dw,1,1,0.01,0.02,512,512,0,512,,512,512,0,512,0,0.5158518685652514,0.4747437209531852,0.47827586811350764,0.5028424452627709,0.5552153605363201,0.4387049809881615,0.5223271745220144,0.007570339060459808,sample,469,0.5161720278732276,0.47417703158849145,0.4777882018920289,0.5022525421391374,0.5529300200146678,0.4386964078829106,0.521945017881379,0.008340579106905048,1.9476396484494398,2.2007191529891252,2.428918237554705,0.3908438716477213,5.271897624012368,1.52826500417679,1.6397386337539337,0.026202702048937418
D_W,dw,1,1,0.01,0.02,512,512,0,512,,512,512,0,512,0,0.5158518685652514,0.4747437209531852,0.47827586811350764,0.5028424452627709,0.5552153605363201,0.4387049809881615,0.5223271745220144,0.007570339060459808,sample,470,0.5161176373744221,0.47471707508367633,0.4780451648718147,0.5024476345056943,0.555643234874603,0.4374325698788423,0.5229879889533503,0.007576674303749346,1.9625425853258145,2.2028291892154317,2.4142226929164976,0.4040766427426563,5.279920213914206,1.5268366673155818,1.6430152240115452,0.023802824331301507
D_W,dw,1,1,0.01,0.02,512,512,0,512,,512,512,0,512,0,0.5158518685652514,0.4747437209531852,0.47827586811350764,0.5028424452627709,0.5552153605363201,0.4387049809881615,0.5223271745220144,0.007570339060459808,sample,471,0.5154708645103232,0.4748581076631855,0.4786478653466088,0.5009971950148803,0.5552996508534698,0.43713348926962464,0.522676394458416,0.007853443487384025,1.9512434832930678,2.19698768961014,2.4200623191185766,0.4039153719223387,5.264013115809241,1.552765707552714,1.6420363210353603,0.02467232036534826
D_W,dw,1,1,0.01,0.02,512,512,0,512,,512,512,0,512,0,0.5158518685652514,0.4747437209531852,0.47827586811350764,0.5028424452627709,0.5552153605363201,0.4387049809881615,0.5223271745220144,0.007570339060459808,sample,472,0.515620625779863,0.47437281173196094,0.47779671292784853,0.5025972874272121,0.5550870670152706,0.4386531789101773,0.5230007621667289,0.007284112892809841,1.9523205564165131,2.207736519268707,2.4093531181021213,0.39792328595660287,5.259788820547811,1.5236824480713747,1.643055352244858,0.022883715551970094
D_W,dw,1,1,0.01,0.02,512,512,0,512,,512,512,0,512,0,0.5158518685652514,0.4747437209531852,0.47827586811350764,0.5028424452627709,0.5552153605363201,0.4387049809881615,0.5223271745220144,0.007570339060459808,sample,473,0.5152282470009859,0.4741405369592323,0.4786160195949998,0.5037230223877484,0.55594400388713,0.4392325622014692,0.521831807516523,0.007157784904448075,1.9415410276233742,2.189900440391624,2.396397760447611,0.3988435486424621,5.244595513937345,1.5043452232290995,1.6393829729033917,0.02248684447178999
D_W,dw,1,1,0.01,0.02,512,512,0,512,,512,512,0,512,0,0.5158518685652514,0.4747437209531852,0.47827586811350764,0.5028424452627709,0.5552153605363201,0.4387049809881615,0.5223271745220144,0.007570339060459808,sample,474,0.5157114391264163,0.4753333550312421,0.47824652428845627,0.5027541627005544,0.5553362002750888,0.4378846843829474,0.5223524163039046,0.007015962019398238,1.952732887806468,2.2103342649847653,2.4132344688940877,0.40151017863155236,5.279536005666088,1.5210659177669401,1.641018513645224,0.022041294738006513
D_W,dw,1,1,0.01,0.02,512,512,0,512,,512,512,0,512,0,0.5158518685652514,0.4747437209531852,0.47827586811350764,0.5028424452627709,0.5552153605363201,0.4387049809881615,0.5223271745220144,0.007570339060459808,sample,475,0.51570520042488,0.47424487417986394,0.47854404574882076,0.5031904689789257,0.5555257527979305,0.43902953499280795,0.5219338100519532,0.007532655001848508,1.9437048812056477,2.189043309800857,2.4020772458910193,0.3980964169384174,5.259975427393778,1.5134001714105285,1.6397034233193466,0.023664533615833684
D_W,dw,1,1,0.01,0.02,512,512,0,512,,512,512,0,512,0,0.5158518685652514,0.4747437209531852,0.47827586811350764,0.5028424452627709,0.5552153605363201,0.4387049809881615,0.5223271745220144,0.007570339060459808,sample,476,0.5158561094420695,0.4750468234403876,0.48027380758066235,0.5023169450910966,0.5546851004493853,0.43823925110868805,0.523332241371289,0.008259820067334774,1.9248235829242817,2.1591811722869485,2.4164381924099683,0.3980827574116876,5.278456597997609,1.5284527969239257,1.644096724878722,0.025948990043512477
D_W,dw,1,1,0.01,0.02,512,512,0,512,,512,512,0,512,0,0.5158518685652514,0.4747437209531852,0.47827586811350764,0.5028424452627709,0.5552153605363201,0.4387049809881615,0.5223271745220144,0.007570339060459808,sample,477,0.5161563658762954,0.4747106586029802,0.4791797892616415,0.5029746968798553,0.5551576376378462,0.4399242737605528,0.523116703050055,0.007477614566968486,1.9285992761448507,2.177338226903413,2.3981245029909317,0.39367692188195136,5.28089349665683,1.5169176976975778,1.643419591272166,0.023491618989964217
D_W,dw,1,1,0.01,0.02,512,512,0,512,,512,512,0,512,0,0.5158518685652514,0.4747437209531852,0.47827586811350764,0.5028424452627709,0.5552153605363201,0.4387049809881615,0.5223271745220144,0.007570339060459808,sample,478,0.5163653572018433,0.474374040535003,0.47776310988165666,0.5036294460016234,0.5559000441973877,0.43856995647973934,0.5233183655349185,0.007492638427165255,1.9614365801333755,2.2022452821706633,2.402244498156231,0.40103597815416614,5.280725521858697,1.5059599057743551,1.644053132653118,0.023538817838786946
D_W,dw,1,1,0.01,0.02,512,512,0,512,,512,512,0,512,0,0.5158518685652514,0.4747437209531852,0.47827586811350764,0.5028424452627709,0.5552153605363201,0.4387049809881615,0.5223271745220144,0.007570339060459808,sample,479,0.5165709750050055,0.4743476132140522,0.4781814890297651,0.5024012997415753,0.5555241057089902,0.43924333452111886,0.5222265221256808,0.007670873972313314,1.9487557769296817,2.191149954646095,2.400698219595095,0.39720048451848144,5.285934267757686,1.5275753820303648,1.6406230054197863,0.024098761318032662
D_W,dw,1,1,0.01,0.02,512,512,0,512,,512,512,0,512,0,0.5158518685652514,0.4747437209531852,0.47827586811350764,0.5028424452627709,0.5552153605363201,0.4387049809881615,0.5223271745220144,0.007570339060459808,sample,480,0.5160721700073625,0.47313226406738845,0.4775956485883239,0.5025217633670684,0.555638973936444,0.43891845340983326,0.5233206976121375,0.007787405130309861,1.9594258401911984,2.1919231007012936,2.4022790074110056,0.3987483251229178,5.251480895177938,1.525503638093705,1.6440604590897767,0.024464854747908923
D_W,dw,1,1,0.01,0.02,512,512,0,512,,512,512,0,512,0,0.5158518685652514,0.4747437209531852,0.47827586811350764,0.5028424452627709,0.5552153605363201,0.4387049809881615,0.5223271745220144,0.007570339060459808,sample,481,0.5160240043134665,0.47581300348511557,0.4780227079324292,0.5030387392405709,0.5557574375353889,0.4391548859436889,0.5214283154945709,0.0074558377329690066,1.9474547687686647,2.2190717208753252,2.399060795432598,0.39837594494999373,5.297504841340142,1.5163509254059262,1.6381153653314449,0.023423205048253008
D_W,dw,1,1,0.01,0.02,512,512,0,512,,512,512,0,512,0,0.5158518685652514,0.4747437209531852,0.47827586811350764,0.5028424452627709,0.5552153605363201,0.4387049809881615,0.5223271745220144,0.007570339060459808,sample,482,0.5158121737930529,0.4742870688785626,0.47872403322116847,0.5024597292759472,0.5553825151956076,0.43869192885319613,0.5219940198087407,0.0075187023264308706,1.9430533879660845,2.18475970988158,2.4064408351594326,0.3987174768622872,5.263728857596961,1.526412032201642,1.6398925778489448,0.023620699993243708
D_W,dw,1,1,0.01,0.02,512,512,0,512,,512,512,0,512,0,0.5158518685652514,0.4747437209531852,0.47827586811350764,0.5028424452627709,0.5552153605363201,0.4387049809881615,0.5223271745220144,0.007570339060459808,sample,483,0.515484861836182,0.4750954851672976,0.47903836672779104,0.5009067290356066,0.5534145028309015,0.43959079283967706,0.521786835991763,0.007459278356548392,1.91966983566313,2.191372499968866,2.4174979064300293,0.38900619455814717,5.268661695145554,1.5538226228817413,1.639241690691585,0.023434014086013776
D_W,dw,1,1,0.01,0.02,512,512,0,512,,512,512,0,512,0,0.5158518685652514,0.4747437209531852,0.47827586811350764,0.5028424452627709,0.5552153605363201,0.4387049809881615,0.5223271745220144,0.007570339060459808,sample,484,0.5167760078759674,0.47587883569023903,0.4785036984760791,0.5017855748296426,0.556194429123765,0.4367350925416029,0.5216021481347314,0.008007273019772766,1.9644905468948715,2.202436790940764,2.4150623137795417,0.4082761203206893,5.320081103455205,1.5390320703055105,1.6386614766767271,0.025155590094205878
D_W,dw,1,1,0.01,0.02,512,512,0,512,,512,512,0,512,0,0.5158518685652514,0.4747437209531852,0.47827586811350764,0.5028424452627709,0.5552153605363201,0.4387049809881615,0.5223271745220144,0.007570339060459808,sample,485,0.5149905686812358,0.4749885541244537,0.47925314804721236,0.5021476872548367,0.5557509070442271,0.4390236801214242,0.5224269721010812,0.006879481118944443,1.929562295761941,2.1891921262961667,2.400561379871541,0.3986863967598226,5.2523291845047835,1.5322924545927976,1.6412527375899166,0.02161252734378555
D_W,dw,1,1,0.01,0.02,512,512,0,512,,512,512,0,512,0,0.5158518685652514,0.4747437209531852,0.47827586811350764,0.5028424452627709,0.5552153605363201,0.4387049809881615,0.5223271745220144,0.007570339060459808,sample,486,0.5156518212725579,0.47437487196205647,0.47952295799169226,0.5036243085099205,0.5556851900774533,0.4387772189648892,0.523507579891393,0.008220536643120996,1.9352001500985816,2.1693066008811863,2.4024740352954908,0.39959926786962324,5.260711637581531,1.5058023171950443,1.6446475670853717,0.02582557752659462
D_W,dw,1,1,0.01,0.02,512,512,0,512,,512,512,0,512,0,0.5158518685652514,0.4747437209531852,0.47827586811350764,0.5028424452627709,0.5552153605363201,0.4387049809881615,0.5223271745220144,0.007570339060459808,sample,487,0.5158423080411842,0.4752472355244623,0.4776816190308141,0.5026155155051008,0.5538094731600955,0.4388757153111638,0.5222690638660024,0.006443680114731199,1.9466873024934008,2.220304248964042,2.419167238712302,0.3930312828413632,5.281717612826795,1.522227581772241,1.6407566542386516,0.02024341811052217
D_W,dw,1,1,0.01,0.02,512,512,0,512,,512,512,0,512,0,0.5158518685652514,0.4747437209531852,0.47827586811350764,0.5028424452627709,0.5552153605363201,0.4387049809881615,0.5223271745220144,0.007570339060459808,sample,488,0.5128544836400025,0.4733990060224523,0.4798208807214325,0.5057259621248219,0.5555128157331272,0.4344224758512699,0.5211871074871534,0.007378234986337386,1.9604486789669857,2.1700339210085167,2.4365106445514826,0.4153791018785006,5.162533408558797,1.4680131391576148,1.6373575880273548,0.02317940882953672
D_W,dw,1,1,0.01,0.02,512,512,0,512,,512,512,0,512,0,0.5158518685652514,0.4747437209531852,0.47827586811350764,0.5028424452627709,0.5552153605363201,0.4387049809881615,0.5223271745220144,0.007570339060459808,sample,489,0.5153217285492709,0.47461510595153783,0.4778475656061316,0.5024707460052732,0.5552164728464007,0.4392413080837939,0.5226180627380504,0.007021244685714496,1.9452050742826712,2.212451739281252,2.403448336560568,0.3962184979483718,5.255434199096142,1.5260796175059481,1.6418530665311888,0.022057890723697036
D_W,dw,1,1,0.01,0.02,512,512,0,512,,512,512,0,512,0,0.5158518685652514,0.4747437209531852,0.47827586811350764,0.5028424452627709,0.5552153605363201,0.4387049809881615,0.5223271745220144,0.007570339060459808,sample,490,0.5148609569905022,0.4743814729710175,0.47908978180094425,0.5018844937190133,0.5550967654253804,0.4381716503789778,0.5233593207614589,0.008265755148367034,1.9366006886880642,2.1855542913442134,2.413412390311205,0.3995918365349109,5.238037360690932,1.5366063094738143,1.6441817972919432,0.025967635650481883
D_W,dw,1,1,0.01,0.02,512,512,0,512,,512,512,0,512,0,0.5158518685652514,0.4747437209531852,0.47827586811350764,0.5028424452627709,0.5552153605363201,0.4387049809881615,0.5223271745220144,0.007570339060459808,sample,491,0.5152188176175763,0.4740617556378007,0.4775879774052645,0.5024623596569133,0.5528561415645776,0.43795476473259093,0.5227593450663924,0.007850652019376084,1.9521065195514733,2.211247857150071,2.4354632555834113,0.39335581836476674,5.242996033595072,1.524243919096967,1.64229691805599,0.02466355070996178
D_W,dw,1,1,0.01,0.02,512,512,0,512,,512,512,0,512,0,0.5158518685652514,0.4747437209531852,0.47827586811350764,0.5028424452627709,0.5552153605363201,0.4387049809881615,0.5223271745220144,0.007570339060459808,sample,492,0.5161865077749894,0.4739049697023264,0.47862295079350586,0.5024294405176736,0.5558420001850168,0.4390732928673223,0.522951563553024,0.007430832951820045,1.9453076533784448,2.178933461840931,2.3992411474777056,0.3988441567053274,5.267594750640985,1.527318129689166,1.6429007902414758,0.02334465021149081
D_W,dw,1,1,0.01,0.02,512,512,0,512,,512,512,0,512,0,0.5158518685652514,0.4747437209531852,0.47827586811350764,0.5028424452627709,0.5552153605363201,0.4387049809881615,0.5223271745220144,0.007570339060459808,sample,493,0.5155275745201897,0.47381619123148033,0.4782126732879352,0.5029128571389117,0.5563045270887635,0.4379097982923876,0.5218033279859938,0.005824848892041096,1.9589863237903442,2.191985981449724,2.4043582504388787,0.40456680652075155,5.247661795910776,1.519108428978918,1.6392935018195034,0.018299302487506955
D_W,dw,1,1,0.01,0.02,512,512,0,512,,512,512,0,512,0,0.5158518685652514,0.4747437209531852,0.47827586811350764,0.5028424452627709,0.5552153605363201,0.4387049809881615,0.5223271745220144,0.007570339060459808,sample,494,0.5165603197476486,0.4763496026011114,0.4791067304138598,0.5037124851657522,0.5543324356252919,0.43924558818976295,0.5231634999922279,0.006924713628751529,1.9321032457617866,2.1972220962494196,2.4107803925506577,0.3935760698644541,5.323257997935592,1.502573292801987,1.643566608201907,0.021754629464298923
D_W,dw,1,1,0.01,0.02,512,512,0,512,,512,512,0,512,0,0.5158518685652514,0.4747437209531852,0.47827586811350764,0.5028424452627709,0.5552153605363201,0.4387049809881615,0.5223271745220144,0.007570339060459808,sample,495,0.515119555370616,0.47476426452805875,0.4781862187506557,0.5034880125814108,0.5553802743860267,0.4389412834791491,0.5226696398254648,0.00710007616841783,1.944668826504743,2.2088357418420372,2.4039382672177245,0.3979976787389831,5.252170546397435,1.5078964689581882,1.6420151007301034,0.022305547130629422
D_W,dw,1,1,0.01,0.02,512,512,0,512,,512,512,0,512,0,0.5158518685652514,0.4747437209531852,0.47827586811350764,0.5028424452627709,0.5552153605363201,0.4387049809881615,0.5223271745220144,0.007570339060459808,sample,496,0.5152631015778344,0.4744976140609321,0.4785104177208232,0.5036644005555629,0.5556618613622447,0.4393846932504498,0.5217717071371079,0.00610188610107713,1.9398130278795722,2.1968220863467214,2.3976917312856307,0.3973709583405364,5.25170260365136,1.505057949855507,1.639194161992943,0.01916964054818558
D_W,dw,1,1,0.01,0.02,512,512,0,512,,512,512,0,512,0,0.5158518685652514,0.4747437209531852,0.47827586811350764,0.5028424452627709,0.5552153605363201,0.4387049809881615,0.5223271745220144,0.007570339060459808,sample,497,0.5162102688770821,0.47415877873002754,0.4787728285851314,0.5028917879120722,0.5558403862565593,0.43954374562913184,0.5236644189693164,0.00862182021166023,1.94006504843489,2.178740922105515,2.3951966397137747,0.39724163476960545,5.272642484306054,1.519055872717667,1.645140291580372,0.027086247037523773
D_W,dw,1,1,0.01,0.02,512,512,0,512,,512,512,0,512,0,0.5158518685652514,0.4747437209531852,0.47827586811350764,0.5028424452627709,0.5552153605363201,0.4387049809881615,0.5223271745220144,0.007570339060459808,sample,498,0.5147992525431416,0.4747789378806154,0.4788438738121028,0.5030016074620794,0.555411473097574,0.4390666380300259,0.5225394110464456,0.006854812452145923,1.9337806234965806,2.1971032487081787,2.402891037284658,0.3975591658619028,5.243032289794636,1.516679795433546,1.6416059749546508,0.02153502844139747
D_W,dw,1,1,0.01,0.02,512,512,0,512,,512,512,0,512,0,0.5158518685652514,0.4747437209531852,0.47827586811350764,0.5028424452627709,0.5552153605363201,0.4387049809881615,0.5223271745220144,0.007570339060459808,sample,499,0.515320759554379,0.474251117519907,0.47718253539255195,0.5029287546231163,0.5550018366385783,0.43900693247001343,0.5225586153884363,0.007378071962575292,1.95581449983816,2.2216440455254594,2.407095316403517,0.396434320892069,5.2491289033979545,1.5175982618688024,1.6416663071743656,0.023178896675283365
D_W,dw,1,1,0.01,0.02,512,512,0,512,,512,512,0,512,0,0.5158518685652514,0.4747437209531852,0.47827586811350764,0.5028424452627709,0.5552153605363201,0.4387049809881615,0.5223271745220144,0.007570339060459808,sample,500,0.5162430186531808,0.47436848038930196,0.4780462991134726,0.5029848576140538,0.5546981586852109,0.43840430314277906,0.5217317119480079,0.007436093680952863,1.9537824852445553,2.1971032134561006,2.4146981665438725,0.39763267982336475,5.277229065418899,1.5162807790043633,1.639068513400688,0.023361177279486996
D_W,dw,1,1,0.01,0.02,512,512,0,512,,512,512,0,512,0,0.5158518685652514,0.4747437209531852,0.47827586811350764,0.5028424452627709,0.5552153605363201,0.4387049809881615,0.5223271745220144,0.007570339060459808,sample,501,0.5160206770122708,0.47479317592857617,0.4773446708876666,0.5027248520243974,0.5546007839515145,0.4381378911415954,0.5218467925884446,0.008588462313275255,1.9613391602372154,2.2197387237102317,2.417845630645235,0.3982397445991408,5.278552429708198,1.5209326964171723,1.6394300498952539,0.02698145010901834
D_W,dw,1,1,0.01,0.02,512,512,0,512,,512,512,0,512,0,0.5158518685652514,0.4747437209531852,0.47827586811350764,0.5028424452627709,0.5552153605363201,0.4387049809881615,0.5223271745220144,0.007570339060459808,sample,502,0.5156202904013462,0.47400123321201376,0.4789380171484836,0.5017048884844101,0.5557760118243735,0.4396943120330898,0.5224694771101472,0.008507139703908166,1.9322732401705585,2.1777672808973914,2.394963385745477,0.3963378179716946,5.253403045726618,1.540239143626912,1.6413862710141391,0.026725967596859943
D_W,dw,1,1,0.01,0.02,512,512,0,512,,512,512,0,512,0,0.5158518685652514,0.4747437209531852,0.47827586811350764,0.5028424452627709,0.5552153605363201,0.4387049809881615,0.5223271745220144,0.007570339060459808,sample,503,0.5160991017423128,0.4751953215503894,0.47885251861525435,0.5025387037426576,0.5552290189925327,0.44001154746133536,0.5218852015771891,0.007418362441313134,1.9297986243480547,2.191610505938004,2.3969533754101673,0.39352904446674736,5.288085441100085,1.5248618162729028,1.6395507152921256,0.023305472947295784
D_W,dw,1,1,0.01,0.02,512,512,0,512,,512,512,0,512,0,0.5158518685652514,0.4747437209531852,0.47827586811350764,0.5028424452627709,0.5552153605363201,0.4387049809881615,0.5223271745220144,0.007570339060459808,sample,504,0.5178341024392251,0.47475493619984943,0.4761961236975163,0.500993367667607,0.5555019991976303,0.4388003764700463,0.5224559179478744,0.007483688541660305,1.9784970319567394,2.227054642012077,2.4048982159950967,0.3985686225844337,5.327423488628853,1.552900365701668,1.641343673649554,0.023510700944234127
D_W,dw,1,1,0.01,0.02,512,512,0,512,,512,512,0,512,0,0.5158518685652514,0.4747437209531852,0.47827586811350764,0.5028424452627709,0.5552153605363201,0.4387049809881615,0.5223271745220144,0.007570339060459808,sample,505,0.5150141289033872,0.4736785037724529,0.47682926570900025,0.5047372804182534,0.5545028764142554,0.43880102675492505,0.5208970695630059,0.007139943026485555,1.9631675863743085,2.2236052101173494,2.4121343046460804,0.3959758029150313,5.230769326322588,1.4840962317067525,1.6364464070155906,0.022430792559056695
D_W,dw,1,1,0.01,0.02,512,512,0,512,,512,512,0,512,0,0.5158518685652514,0.4747437209531852,0.47827586811350764,0.5028424452627709,0.5552153605363201,0.4387049809881615,0.5223271745220144,0.007570339060459808,sample,506,0.5166604216466191,0.47417736543426925,0.4783282816879134,0.502474282699453,0.5554639298176163,0.4385724590124544,0.5227783092995731,0.008226374459051417,1.9532714098750974,2.1850124769221755,2.406674177062763,0.39941018646288784,5.285373099412529,1.5262152215841538,1.6423564959516317,0.02584391756623464
D_W,dw,1,1,0.01,0.02,512,512,0,512,,512,512,0,512,0,0.5158518685652514,0.4747437209531852,0.47827586811350764,0.5028424452627709,0.5552153605363201,0.4387049809881615,0.5223271745220144,0.007570339060459808,sample,507,0.5147133047999538,0.47416772169953836,0.47859287104916126,0.5028256923886696,0.5549333624026157,0.4386615176711898,0.52151553634395,0.007016380144639004,1.9391752493079353,2.1948760402510805,2.410569664700595,0.3974348464053369,5.230133306624842,1.5194030745903495,1.638389377711094,0.022042608317191185
D_W,dw,1,1,0.01,0.02,512,512,0,512,,512,512,0,512,0,0.5158518685652514,0.4747437209531852,0.47827586811350764,0.5028424452627709,0.5552153605363201,0.4387049809881615,0.5223271745220144,0.007570339060459808,sample,508,0.5154235152254796,0.4750687650867956,0.47861749058370007,0.5022767347931183,0.5548724392138831,0.4383774211826606,0.5229608102385125,0.00804119556266378,1.9412621838104653,2.2009631287664058,2.4136462055917955,0.39817895414107,5.266403360473758,1.5293287033543428,1.6429298395606766,0.02526216090574337
D_W,dw,1,1,0.01,0.02,512,512,0,512,,512,512,0,512,0,0.5158518685652514,0.4747437209531852,0.47827586811350764,0.5028424452627709,0.5552153605363201,0.4387049809881615,0.5223271745220144,0.007570339060459808,sample,509,0.5158988582377826,0.4759052238735892,0.478888007098366,0.5038865048780622,0.5566663137747071,0.43836354179688564,0.522663555461112,0.007970981837315006,1.9477736496834388,2.202248665608712,2.39701264418967,0.4043180085945732,5.295655187239054,1.502317759804018,1.6419959861357507,0.025041577982006492
D_W,dw,1,1,0.01,0.02,512,512,0,512,,512,512,0,512,0,0.5158518685652514,0.4747437209531852,0.47827586811350764,0.5028424452627709,0.5552153605363201,0.4387049809881615,0.5223271745220144,0.007570339060459808,sample,510,0.5160510321208346,0.4750790563036872,0.4778496826399795,0.5025664007815844,0.5552157125872266,0.43853237827602043,0.5228089110322397,0.007560379437879825,1.9534921396822966,2.212531156183414,2.4091869966599937,0.39876640943312824,5.284589851643929,1.5243502166660283,1.642452634130164,0.02375163250039459
D_W,dw,1,1,0.01,0.02,512,512,0,512,,512,512,0,512,0,0.5158518685652514,0.4747437209531852,0.47827586811350764,0.5028424452627709,0.5552153605363201,0.4387049809881615,0.5223271745220144,0.007570339060459808,sample,511,0.5169848954748405,0.4754851384764908,0.47848402011261637,0.5031592219237165,0.5546389850141918,0.4384388268148626,0.5216632708016015,0.006071000219755854,1.9497175663363167,2.19576322397805,2.414866845554667,0.39735020926372755,5.318293912972319,1.513040707972417,1.638853499197934,0.01907260969032701
