objective_name,objective_file_tag,local_minimum_index,local_minimum_id,selection_absolute_threshold,contour_delta,configured_direction_count,target_success_count,previous_success_count,added_success_count,previous_output_variant,initial_success_count,attempted_direction_count,replacement_direction_count,contour_point_count,domain_boundary_point_count,center_u0,center_u1,center_u2,center_u3,center_u4,center_u5,center_u6,center_u7,record_type,contour_sample_id,u0,u1,u2,u3,u4,u5,u6,u7,sqrt_s,theta_p_out,theta_gamma_out,qOut,phi_p_out,phi_gamma_out,alpha_e,alpha_p
D_W,dw,83,83,0.01,0.02,512,512,0,512,,512,512,0,512,0,0.5178843495009857,0.544476671554633,0.4721393749741445,0.5178187540646843,0.3740241726085082,0.47071113271164317,0.039599990863444554,0.46950313399594595,minimum,,,,,,,,,,,,,,,,,
D_W,dw,83,83,0.01,0.02,512,512,0,512,,512,512,0,512,0,0.5178843495009857,0.544476671554633,0.4721393749741445,0.5178187540646843,0.3740241726085082,0.47071113271164317,0.039599990863444554,0.46950313399594595,sample,0,0.5201720997451263,0.544476671554633,0.4721393749741445,0.5178187540646843,0.3740241726085082,0.47071113271164317,0.039599990863444554,0.46950313399594595,2.257818540989597,2.0892253230002518,1.7970589259808392,0.6297883048058405,1.144999637320991,4.85290266504152,0.12440704037882033,1.474987596599048
D_W,dw,83,83,0.01,0.02,512,512,0,512,,512,512,0,512,0,0.5178843495009857,0.544476671554633,0.4721393749741445,0.5178187540646843,0.3740241726085082,0.47071113271164317,0.039599990863444554,0.46950313399594595,sample,1,0.5178843495009857,0.5459766105194768,0.4721393749741445,0.5178187540646843,0.3740241726085082,0.47071113271164317,0.039599990863444554,0.46950313399594595,2.2435987201940075,2.084894538526663,1.7970589259808392,0.6297883048058405,1.199818954845941,4.85290266504152,0.12440704037882033,1.474987596599048
D_W,dw,83,83,0.01,0.02,512,512,0,512,,512,512,0,512,0,0.5178843495009857,0.544476671554633,0.4721393749741445,0.5178187540646843,0.3740241726085082,0.47071113271164317,0.039599990863444554,0.46950313399594595,sample,2,0.5178843495009857,0.544476671554633,0.47382699704445697,0.5178187540646843,0.3740241726085082,0.47071113271164317,0.039599990863444554,0.46950313399594595,2.2242154402813896,2.0705474569977502,1.7970589259808392,0.6297883048058405,1.1884755001387912,4.85290266504152,0.12440704037882033,1.474987596599048
D_W,dw,83,83,0.01,0.02,512,512,0,512,,512,512,0,512,0,0.5178843495009857,0.544476671554633,0.4721393749741445,0.5178187540646843,0.3740241726085082,0.47071113271164317,0.039599990863444554,0.46950313399594595,sample,3,0.5178843495009857,0.544476671554633,0.4721393749741445,0.5259632853146843,0.3740241726085082,0.47071113271164317,0.039599990863444554,0.46950313399594595,2.2693937241289004,2.097265527350946,1.7946887817532775,0.636341746638082,1.1884755001387912,4.915640451885264,0.12440704037882033,1.474987596599048
D_W,dw,83,83,0.01,0.02,512,512,0,512,,512,512,0,512,0,0.5178843495009857,0.544476671554633,0.4721393749741445,0.5178187540646843,0.3740241726085082,0.47071113271164317,0.039599990863444554,0.46950313399594595,sample,4,0.5178843495009857,0.544476671554633,0.4721393749741445,0.5178187540646843,0.3820267971202269,0.47071113271164317,0.039599990863444554,0.46950313399594595,2.1939882710870817,2.097265527350946,1.8115189864060466,0.5926263392258835,1.1884755001387912,4.862296562843798,0.12440704037882033,1.474987596599048
D_W,dw,83,83,0.01,0.02,512,512,0,512,,512,512,0,512,0,0.5178843495009857,0.544476671554633,0.4721393749741445,0.5178187540646843,0.3740241726085082,0.47071113271164317,0.039599990863444554,0.46950313399594595,sample,5,0.5178843495009857,0.544476671554633,0.4721393749741445,0.5178187540646843,0.3740241726085082,0.4771530882780494,0.039599990863444554,0.46950313399594595,2.211005778461134,2.097265527350946,1.7484747083865677,0.6235528234439057,1.1884755001387912,4.85290266504152,0.12440704037882033,1.474987596599048
D_W,dw,83,83,0.01,0.02,512,512,0,512,,512,512,0,512,0,0.5178843495009857,0.544476671554633,0.4721393749741445,0.5178187540646843,0.3740241726085082,0.47071113271164317,0.039599990863444554,0.46950313399594595,sample,6,0.5178843495009857,0.544476671554633,0.4721393749741445,0.5178187540646843,0.3740241726085082,0.47071113271164317,0.041369857806803925,0.46950313399594595,2.2418718006439278,2.097265527350946,1.7970589259808392,0.6297883048058405,1.1884755001387912,4.85290266504152,0.12996724136590956,1.474987596599048
D_W,dw,83,83,0.01,0.02,512,512,0,512,,512,512,0,512,0,0.5178843495009857,0.544476671554633,0.4721393749741445,0.5178187540646843,0.3740241726085082,0.47071113271164317,0.039599990863444554,0.46950313399594595,sample,7,0.5178843495009857,0.544476671554633,0.4721393749741445,0.5178187540646843,0.3740241726085082,0.47071113271164317,0.039599990863444554,0.47186183760922723,2.2418718006439278,2.097265527350946,1.7970589259808392,0.6297883048058405,1.1884755001387912,4.85290266504152,0.12440704037882033,1.4823976825425282
D_W,dw,83,83,0.01,0.02,512,512,0,512,,512,512,0,512,0,0.5178843495009857,0.544476671554633,0.4721393749741445,0.5178187540646843,0.3740241726085082,0.47071113271164317,0.039599990863444554,0.46950313399594595,sample,8,0.5155959889052826,0.544476671554633,0.4721393749741445,0.5178187540646843,0.3740241726085082,0.47071113271164317,0.039599990863444554,0.46950313399594595,2.2271331754672428,2.1046617568572854,1.7970589259808392,0.6297883048058405,1.2335376743937885,4.85290266504152,0.12440704037882033,1.474987596599048
D_W,dw,83,83,0.01,0.02,512,512,0,512,,512,512,0,512,0,0.5178843495009857,0.544476671554633,0.4721393749741445,0.5178187540646843,0.3740241726085082,0.47071113271164317,0.039599990863444554,0.46950313399594595,sample,9,0.5178843495009857,0.542993059494086,0.4721393749741445,0.5178187540646843,0.3740241726085082,0.47071113271164317,0.039599990863444554,0.46950313399594595,2.240715359115125,2.109981996123794,1.7970589259808392,0.6297883048058405,1.1765885227789206,4.85290266504152,0.12440704037882033,1.474987596599048
D_W,dw,83,83,0.01,0.02,512,512,0,512,,512,512,0,512,0,0.5178843495009857,0.544476671554633,0.4721393749741445,0.5178187540646843,0.3740241726085082,0.47071113271164317,0.039599990863444554,0.46950313399594595,sample,10,0.5178843495009857,0.544476671554633,0.4704270336655507,0.5178187540646843,0.3740241726085082,0.47071113271164317,0.039599990863444554,0.46950313399594595,2.2602337790005795,2.1235526020064035,1.7970589259808392,0.6297883048058405,1.1884755001387912,4.85290266504152,0.12440704037882033,1.474987596599048
D_W,dw,83,83,0.01,0.02,512,512,0,512,,512,512,0,512,0,0.5178843495009857,0.544476671554633,0.4721393749741445,0.5178187540646843,0.3740241726085082,0.47071113271164317,0.039599990863444554,0.46950313399594595,sample,11,0.5178843495009857,0.544476671554633,0.4721393749741445,0.5097039774533562,0.3740241726085082,0.47071113271164317,0.039599990863444554,0.46950313399594595,2.2190243185233465,2.097265527350946,1.7985823417266293,0.6256487002011136,1.1884755001387912,4.78926763418788,0.12440704037882033,1.474987596599048
D_W,dw,83,83,0.01,0.02,512,512,0,512,,512,512,0,512,0,0.5178843495009857,0.544476671554633,0.4721393749741445,0.5178187540646843,0.3740241726085082,0.47071113271164317,0.039599990863444554,0.46950313399594595,sample,12,0.5178843495009857,0.544476671554633,0.4721393749741445,0.5178187540646843,0.3657668789073363,0.47071113271164317,0.039599990863444554,0.46950313399594595,2.2941456855478566,2.097265527350946,1.7838115277511473,0.6683042005067136,1.1884755001387912,4.844362253331154,0.12440704037882033,1.474987596599048
D_W,dw,83,83,0.01,0.02,512,512,0,512,,512,512,0,512,0,0.5178843495009857,0.544476671554633,0.4721393749741445,0.5178187540646843,0.3740241726085082,0.47071113271164317,0.039599990863444554,0.46950313399594595,sample,13,0.5178843495009857,0.544476671554633,0.4721393749741445,0.5178187540646843,0.3740241726085082,0.4640566222135963,0.039599990863444554,0.46950313399594595,2.27597152894744,2.097265527350946,1.8461287934987887,0.6377572446811123,1.1884755001387912,4.85290266504152,0.12440704037882033,1.474987596599048
D_W,dw,83,83,0.01,0.02,512,512,0,512,,512,512,0,512,0,0.5178843495009857,0.544476671554633,0.4721393749741445,0.5178187540646843,0.3740241726085082,0.47071113271164317,0.039599990863444554,0.46950313399594595,sample,14,0.5178843495009857,0.544476671554633,0.4721393749741445,0.5178187540646843,0.3740241726085082,0.47071113271164317,0.037950820941569555,0.46950313399594595,2.2418718006439278,2.097265527350946,1.7970589259808392,0.6297883048058405,1.1884755001387912,4.85290266504152,0.11922602026773658,1.474987596599048
D_W,dw,83,83,0.01,0.02,512,512,0,512,,512,512,0,512,0,0.5178843495009857,0.544476671554633,0.4721393749741445,0.5178187540646843,0.3740241726085082,0.47071113271164317,0.039599990863444554,0.46950313399594595,sample,15,0.5178843495009857,0.544476671554633,0.4721393749741445,0.5178187540646843,0.3740241726085082,0.47071113271164317,0.039599990863444554,0.46711223433774285,2.2418718006439278,2.097265527350946,1.7970589259808392,0.6297883048058405,1.1884755001387912,4.85290266504152,0.12440704037882033,1.467476363797367
D_W,dw,83,83,0.01,0.02,512,512,0,512,,512,512,0,512,0,0.5178843495009857,0.544476671554633,0.4721393749741445,0.5178187540646843,0.3740241726085082,0.47071113271164317,0.039599990863444554,0.46950313399594595,sample,16,0.5189031634532708,0.5441105896934099,0.47100429401180866,0.517984598334077,0.373994494432712,0.47043714835911427,0.04002794549318812,0.47102580185043397,2.262553740922798,2.1142973700354077,1.7990117423427272,0.6303338013849012,1.1659308752259319,4.85416013019435,0.12575149949969247,1.479771198744565
D_W,dw,83,83,0.01,0.02,512,512,0,512,,512,512,0,512,0,0.5178843495009857,0.544476671554633,0.4721393749741445,0.5178187540646843,0.3740241726085082,0.47071113271164317,0.039599990863444554,0.46950313399594595,sample,17,0.5174957936228742,0.5451686801234191,0.47286000776075543,0.5195686970883756,0.3735220806632617,0.47136289473113013,0.03913233077484215,0.4689338771963585,2.2377938222533147,2.081509242184285,1.7909277743428607,0.6326347568292332,1.201248133403801,4.865892096067895,0.12293784288008987,1.473199223619458
D_W,dw,83,83,0.01,0.02,512,512,0,512,,512,512,0,512,0,0.5178843495009857,0.544476671554633,0.4721393749741445,0.5178187540646843,0.3740241726085082,0.47071113271164317,0.039599990863444554,0.46950313399594595,sample,18,0.5175615688797005,0.5457697092005327,0.47260697743075053,0.5177656404661318,0.37361532942575304,0.4707861961563966,0.039615004424143625,0.4698034616829761,2.238135966058296,2.080352840827403,1.79581926205667,0.6315757967100186,1.2044252744038613,4.852041960293761,0.12445420687081676,1.4759311038542915
D_W,dw,83,83,0.01,0.02,512,512,0,512,,512,512,0,512,0,0.5178843495009857,0.544476671554633,0.4721393749741445,0.5178187540646843,0.3740241726085082,0.47071113271164317,0.039599990863444554,0.46950313399594595,sample,19,0.5189457933847894,0.5442356871896994,0.4717206031279724,0.5230995742106137,0.3738634218993237,0.46714957526706824,0.03945107742487255,0.4716658126698838,2.289380108063341,2.1020920753527923,1.8215783450495089,0.6385564073694733,1.1661405866151404,4.89351342752898,0.12393921501418173,1.4817818520331665
D_W,dw,83,83,0.01,0.02,512,512,0,512,,512,512,0,512,0,0.5178843495009857,0.544476671554633,0.4721393749741445,0.5178187540646843,0.3740241726085082,0.47071113271164317,0.039599990863444554,0.46950313399594595,sample,20,0.5173981001977745,0.5436130822313527,0.47229521768571897,0.5176816973587718,0.3746049742495732,0.47036923908444656,0.04061448054735635,0.468810231514838,2.2339205998865275,2.1038492206347175,1.8006458064388724,0.6273687731225626,1.1912219353807711,4.852473373063438,0.12759415371694027,1.4728107792547454
D_W,dw,83,83,0.01,0.02,512,512,0,512,,512,512,0,512,0,0.5178843495009857,0.544476671554633,0.4721393749741445,0.5178187540646843,0.3740241726085082,0.47071113271164317,0.039599990863444554,0.46950313399594595,sample,21,0.5174873313041637,0.5442272573224757,0.470873817682479,0.517818214594317,0.37551601291595643,0.4701664801133704,0.039362294930022364,0.470584689923474,2.246165377537833,2.12029982634512,1.8037295414022616,0.6234481813056384,1.1942642146183942,4.854559891706059,0.12366029658059302,1.4783854047554168
D_W,dw,83,83,0.01,0.02,512,512,0,512,,512,512,0,512,0,0.5178843495009857,0.544476671554633,0.4721393749741445,0.5178187540646843,0.3740241726085082,0.47071113271164317,0.039599990863444554,0.46950313399594595,sample,22,0.5155037366230731,0.5462376542463888,0.4728067463037183,0.5171110975595702,0.37363648439097985,0.470844478087309,0.03930171963399247,0.4694091792597262,2.2209278587171193,2.079461931350178,1.7955733066369566,0.6309938244514608,1.2472719350833095,4.846982010263667,0.12346999367559647,1.4746924290899701
D_W,dw,83,83,0.01,0.02,512,512,0,512,,512,512,0,512,0,0.5178843495009857,0.544476671554633,0.4721393749741445,0.5178187540646843,0.3740241726085082,0.47071113271164317,0.039599990863444554,0.46950313399594595,sample,23,0.5171779598835663,0.5454646793873922,0.47154034993958543,0.5197208497224317,0.37361760635851543,0.4699131861283057,0.040033066519138905,0.467348648080433,2.2570519590498765,2.1005377740023747,1.8018123698854067,0.6338649394487383,1.2095461007477744,4.867181809797994,0.12576758767719828,1.46821907947461
D_W,dw,83,83,0.01,0.02,512,512,0,512,,512,512,0,512,0,0.5178843495009857,0.544476671554633,0.4721393749741445,0.5178187540646843,0.3740241726085082,0.47071113271164317,0.039599990863444554,0.46950313399594595,sample,24,0.5164897485723271,0.5459493227570423,0.47025572993404985,0.5194555969806134,0.37271373247345285,0.4692664003393177,0.03838602128038911,0.46944912475387873,2.275084927173896,2.118012865756677,1.8050933572315195,0.6385872214809798,1.2262430969708473,4.864064205120542,0.12059324245501188,1.4748179215609438
D_W,dw,83,83,0.01,0.02,512,512,0,512,,512,512,0,512,0,0.5178843495009857,0.544476671554633,0.4721393749741445,0.5178187540646843,0.3740241726085082,0.47071113271164317,0.039599990863444554,0.46950313399594595,sample,25,0.5184954434059093,0.5444652659225818,0.4729133483542344,0.5167773635390297,0.3728538941502414,0.47116661102138524,0.039188192690569605,0.4703143167152634,2.2396555842410684,2.083146262624551,1.791944028078634,0.63409137959662,1.1766137884557035,4.843584458579494,0.1231133382641547,1.4775360022707749
D_W,dw,83,83,0.01,0.02,512,512,0,512,,512,512,0,512,0,0.5178843495009857,0.544476671554633,0.4721393749741445,0.5178187540646843,0.3740241726085082,0.47071113271164317,0.039599990863444554,0.46950313399594595,sample,26,0.5180806586505221,0.5448741004294015,0.47307529905304974,0.5182086080231969,0.37421726185063636,0.47090650966295533,0.03922255971556952,0.46978126051265584,2.232842365685643,2.0786383256514367,1.7958324744328271,0.6289384253356645,1.1877755120425917,4.856152663323216,0.12322130545742016,1.4758613568207124
D_W,dw,83,83,0.01,0.02,512,512,0,512,,512,512,0,512,0,0.5178843495009857,0.544476671554633,0.4721393749741445,0.5178187540646843,0.3740241726085082,0.47071113271164317,0.039599990863444554,0.46950313399594595,sample,27,0.5181193451572638,0.5455250870234614,0.47293884899335825,0.517897872150036,0.37288303095247716,0.46863334405144813,0.03898696360881209,0.4694225234189869,2.2537354594862973,2.075393163467811,1.8104448407740545,0.6374576445041017,1.1920084395056032,4.85226793661056,0.12248115845921667,1.4747343510026718
D_W,dw,83,83,0.01,0.02,512,512,0,512,,512,512,0,512,0,0.5178843495009857,0.544476671554633,0.4721393749741445,0.5178187540646843,0.3740241726085082,0.47071113271164317,0.039599990863444554,0.46950313399594595,sample,28,0.5186822989158711,0.5450860348299502,0.47263996719512474,0.5166862195610116,0.3731343714033403,0.47116461220254874,0.03962097591798636,0.4697550362003352,2.242351004598495,2.0817538686124273,1.7924438251034598,0.6327288274578737,1.1779637499165414,4.843165034089423,0.12447296687200407,1.4757789707137805
D_W,dw,83,83,0.01,0.02,512,512,0,512,,512,512,0,512,0,0.5178843495009857,0.544476671554633,0.4721393749741445,0.5178187540646843,0.3740241726085082,0.47071113271164317,0.039599990863444554,0.46950313399594595,sample,29,0.5184947321793651,0.5440995188547216,0.4715009897493823,0.520018064442824,0.3746035455561445,0.4701328822118985,0.038648822714530975,0.47234104276135025,2.258730339245043,2.1082363189486673,1.8018010040961436,0.6292668186735985,1.173690161815448,4.870691454876898,0.12141885750986484,1.4839031499280002
D_W,dw,83,83,0.01,0.02,512,512,0,512,,512,512,0,512,0,0.5178843495009857,0.544476671554633,0.4721393749741445,0.5178187540646843,0.3740241726085082,0.47071113271164317,0.039599990863444554,0.46950313399594595,sample,30,0.5175858433025046,0.5446592734224226,0.47142385553709204,0.5192363203451307,0.37331736452489067,0.4702019648088277,0.04087465173640116,0.4686944744277204,2.258967626927215,2.107807028898744,1.7992873779252478,0.6345952636862076,1.195665147629784,4.863084347688097,0.12841150561311918,1.4724471176402556
D_W,dw,83,83,0.01,0.02,512,512,0,512,,512,512,0,512,0,0.5178843495009857,0.544476671554633,0.4721393749741445,0.5178187540646843,0.3740241726085082,0.47071113271164317,0.039599990863444554,0.46950313399594595,sample,31,0.5183779797458279,0.5447334995448184,0.4730393119061813,0.5180354679062763,0.3735488998054152,0.4709117592931001,0.03936482096796636,0.4697684332647451,2.2386617290364033,2.0793659432899623,1.7947084740046013,0.6319282038909615,1.1809865260917112,4.854061470793571,0.12366823236284057,1.4758210588329101
D_W,dw,83,83,0.01,0.02,512,512,0,512,,512,512,0,512,0,0.5178843495009857,0.544476671554633,0.4721393749741445,0.5178187540646843,0.3740241726085082,0.47071113271164317,0.039599990863444554,0.46950313399594595,sample,32,0.5158164374796741,0.5457381326622558,0.4734213689900992,0.5171460862408561,0.37414539991075046,0.4688925964144436,0.03829084558980328,0.4692746073283748,2.2226089063061116,2.0730212218261848,1.8109758834260261,0.6308180237218023,1.2378643104563694,4.847792625839133,0.12029423920466711,1.4742696588990571
D_W,dw,83,83,0.01,0.02,512,512,0,512,,512,512,0,512,0,0.5178843495009857,0.544476671554633,0.4721393749741445,0.5178187540646843,0.3740241726085082,0.47071113271164317,0.039599990863444554,0.46950313399594595,sample,33,0.5186495329479014,0.5443086128361814,0.47284621025349083,0.518729754703753,0.3749169848287322,0.4708432907081648,0.03891777893349781,0.4691624238496267,2.236300905240211,2.0849611430837194,1.7973668674003087,0.6261090496127432,1.1724028104471313,4.861023263457541,0.12226380839150833,1.473917224106368
D_W,dw,83,83,0.01,0.02,512,512,0,512,,512,512,0,512,0,0.5178843495009857,0.544476671554633,0.4721393749741445,0.5178187540646843,0.3740241726085082,0.47071113271164317,0.039599990863444554,0.46950313399594595,sample,34,0.5178156892470183,0.5442405121780052,0.4735674323342308,0.5172228503956836,0.37464073076578314,0.47090214960003346,0.03927974359369427,0.46805506846928757,2.219594189497589,2.076876195083831,1.7968225034972414,0.6263241943940296,1.1879638521152975,4.848922149853633,0.12340095390884066,1.4704383645785815
D_W,dw,83,83,0.01,0.02,512,512,0,512,,512,512,0,512,0,0.5178843495009857,0.544476671554633,0.4721393749741445,0.5178187540646843,0.3740241726085082,0.47071113271164317,0.039599990863444554,0.46950313399594595,sample,35,0.5176655821960858,0.5429893114052996,0.4722630677229222,0.5177541889132569,0.37490541871524297,0.47095060059235017,0.03883253339638655,0.47010405572254754,2.2310487018975036,2.108846681054445,1.796784397047931,0.6253849328886082,1.1809035002571038,4.8533735167103265,0.12199600163836828,1.476875447880722
D_W,dw,83,83,0.01,0.02,512,512,0,512,,512,512,0,512,0,0.5178843495009857,0.544476671554633,0.4721393749741445,0.5178187540646843,0.3740241726085082,0.47071113271164317,0.039599990863444554,0.46950313399594595,sample,36,0.5184548789714132,0.5451180638230896,0.4729281530995352,0.517757942193243,0.3741479518102616,0.47079159814822624,0.04003390042695535,0.46964573893868794,2.2367793073190003,2.077745150974817,1.796683109091991,0.629085132453372,1.1825252805398485,4.8525653128636925,0.1257702074758682,1.475435603239532
D_W,dw,83,83,0.01,0.02,512,512,0,512,,512,512,0,512,0,0.5178843495009857,0.544476671554633,0.4721393749741445,0.5178187540646843,0.3740241726085082,0.47071113271164317,0.039599990863444554,0.46950313399594595,sample,37,0.5202603562079556,0.5427422112030093,0.4704092303527293,0.5184905232678207,0.37065549006176446,0.47018666995700353,0.03937113932507872,0.47151712929559114,2.301009614396205,2.129816401716473,1.7951314553231417,0.6464797282533942,1.128153746031678,4.854382531075316,0.12368808206712752,1.4813147494367778
D_W,dw,83,83,0.01,0.02,512,512,0,512,,512,512,0,512,0,0.5178843495009857,0.544476671554633,0.4721393749741445,0.5178187540646843,0.3740241726085082,0.47071113271164317,0.039599990863444554,0.46950313399594595,sample,38,0.5177980125829232,0.5448826125780709,0.4730466297268085,0.5173126868502607,0.3736538465511719,0.4703283573138951,0.039746519794948795,0.4708429314669657,2.2347349691431186,2.079944466929525,1.7993989862396207,0.6316004209988486,1.193271229878404,4.848566743942381,0.12486737459357243,1.479196694491302
D_W,dw,83,83,0.01,0.02,512,512,0,512,,512,512,0,512,0,0.5178843495009857,0.544476671554633,0.4721393749741445,0.5178187540646843,0.3740241726085082,0.47071113271164317,0.039599990863444554,0.46950313399594595,sample,39,0.5186836897130612,0.544591477188172,0.4691610169672621,0.5187935993724028,0.3763380366948666,0.4719156265871711,0.038510554746329896,0.4689494681169818,2.262508107998273,2.13859063142491,1.7916613578558083,0.618396883789352,1.1740213456926403,4.863210479504734,0.12098447587673754,1.473248203941151
D_W,dw,83,83,0.01,0.02,512,512,0,512,,512,512,0,512,0,0.5178843495009857,0.544476671554633,0.4721393749741445,0.5178187540646843,0.3740241726085082,0.47071113271164317,0.039599990863444554,0.46950313399594595,sample,40,0.5173050873482952,0.5456277420375364,0.47108963244157837,0.5178730371930835,0.3721287974629927,0.47178886485651395,0.03759805609740949,0.4697677544777775,2.25692061325896,2.10563542591838,1.7859130002947814,0.6375203049549646,1.20829016485878,4.851263011910697,0.11811777682487858,1.4758189263607595
D_W,dw,83,83,0.01,0.02,512,512,0,512,,512,512,0,512,0,0.5178843495009857,0.544476671554633,0.4721393749741445,0.5178187540646843,0.3740241726085082,0.47071113271164317,0.039599990863444554,0.46950313399594595,sample,41,0.5174684992576856,0.545062725126874,0.4737723724604765,0.5209835441405716,0.3735985270859106,0.47250513583779685,0.042143925003478654,0.4691916586656059,2.2267903350589737,2.0679998762843357,1.7821742934278453,0.6321550740358964,1.2009829034713542,4.876895865534246,0.13239904518436774,1.4740090679894773
D_W,dw,83,83,0.01,0.02,512,512,0,512,,512,512,0,512,0,0.5178843495009857,0.544476671554633,0.4721393749741445,0.5178187540646843,0.3740241726085082,0.47071113271164317,0.039599990863444554,0.46950313399594595,sample,42,0.5192863544784619,0.5452148456138303,0.47117186506608144,0.5184943190870808,0.37353237658181665,0.47181262415989267,0.04040199334661537,0.4698501081655159,2.2622791098960082,2.101199057112589,1.787858297526307,0.6313635150965842,1.1676142578112674,4.857597283344222,0.12692660548811055,1.4760776481011544
D_W,dw,83,83,0.01,0.02,512,512,0,512,,512,512,0,512,0,0.5178843495009857,0.544476671554633,0.4721393749741445,0.5178187540646843,0.3740241726085082,0.47071113271164317,0.039599990863444554,0.46950313399594595,sample,43,0.518431055843756,0.5446017528666739,0.4728388223142463,0.5181142427161295,0.37422302115298095,0.4711168678300282,0.0397983645856359,0.4705411115045536,2.236081501656317,2.0834214085859943,1.7942918084120203,0.6286225263704008,1.1789318221527034,4.8554242200670075,0.12503024980712193,1.4782484991146811
D_W,dw,83,83,0.01,0.02,512,512,0,512,,512,512,0,512,0,0.5178843495009857,0.544476671554633,0.4721393749741445,0.5178187540646843,0.3740241726085082,0.47071113271164317,0.039599990863444554,0.46950313399594595,sample,44,0.5150695693008913,0.5447754867451381,0.4742793185693911,0.5159155354633351,0.3740787190663347,0.4710420394463401,0.04152602830994715,0.4679591700316211,2.193805358442409,2.0693526463237464,1.7951103642900927,0.6279897289341251,1.2461459634503427,4.838115050262774,0.13045786547129173,1.4701370907513176
D_W,dw,83,83,0.01,0.02,512,512,0,512,,512,512,0,512,0,0.5178843495009857,0.544476671554633,0.4721393749741445,0.5178187540646843,0.3740241726085082,0.47071113271164317,0.039599990863444554,0.46950313399594595,sample,45,0.5185888368967311,0.5455138925423626,0.4725712796289675,0.5175355322531129,0.37410913695701103,0.4710348913426192,0.039806224823022825,0.4690872939425169,2.2402404872175,2.0796899803679603,1.7948512813944448,0.6288588748454682,1.1830514731730295,4.850790013794587,0.12505494347115217,1.473681196542127
D_W,dw,83,83,0.01,0.02,512,512,0,512,,512,512,0,512,0,0.5178843495009857,0.544476671554633,0.4721393749741445,0.5178187540646843,0.3740241726085082,0.47071113271164317,0.039599990863444554,0.46950313399594595,sample,46,0.5190096246135493,0.5458678471885294,0.4721147698154928,0.5192925493443008,0.3736116105089091,0.4720647230441914,0.04013999195673436,0.4679161494650553,2.2521154990328736,2.0825203586070047,1.7859119594504718,0.631289419263509,1.1779011181871513,4.863864666709285,0.12610350384643004,1.4700019376554412
D_W,dw,83,83,0.01,0.02,512,512,0,512,,512,512,0,512,0,0.5178843495009857,0.544476671554633,0.4721393749741445,0.5178187540646843,0.3740241726085082,0.47071113271164317,0.039599990863444554,0.46950313399594595,sample,47,0.5195593441868042,0.5421373944644295,0.47255466045125283,0.5157953642914274,0.3735693665991103,0.4691669420346833,0.039922006751154794,0.4698125173924356,2.251595061670622,2.104413095264657,1.8082240500184352,0.6323624078142254,1.1362129181439071,4.836678051640957,0.12541868312599003,1.4759595532046026
D_W,dw,83,83,0.01,0.02,512,512,0,512,,512,512,0,512,0,0.5178843495009857,0.544476671554633,0.4721393749741445,0.5178187540646843,0.3740241726085082,0.47071113271164317,0.039599990863444554,0.46950313399594595,sample,48,0.5176804164050498,0.545470068677321,0.47241848021262567,0.5185689500466051,0.3734965016326991,0.47035453852277537,0.041287558141921504,0.4690339418089212,2.245956205637005,2.0853491022582578,1.7986309770615863,0.6331331853437615,1.1999506592394198,4.858134237659557,0.12970868934332205,1.4735135858711694
D_W,dw,83,83,0.01,0.02,512,512,0,512,,512,512,0,512,0,0.5178843495009857,0.544476671554633,0.4721393749741445,0.5178187540646843,0.3740241726085082,0.47071113271164317,0.039599990863444554,0.46950313399594595,sample,49,0.5189237004531524,0.5434078825424242,0.47088154220001444,0.515843234626618,0.3715162560739703,0.4713671921222451,0.03742001120097686,0.47132153024930873,2.2678506756568986,2.122112170826295,1.7884684744414117,0.6395712236436001,1.159686949667754,4.835078895549236,0.11755843228623669,1.4807002569099277
D_W,dw,83,83,0.01,0.02,512,512,0,512,,512,512,0,512,0,0.5178843495009857,0.544476671554633,0.4721393749741445,0.5178187540646843,0.3740241726085082,0.47071113271164317,0.039599990863444554,0.46950313399594595,sample,50,0.5173591817356546,0.543088189110083,0.4720736984652513,0.5181664698278684,0.3742379142738588,0.4702828866393424,0.03924311315670019,0.4702458615458735,2.2398396308878126,2.1120727503514862,1.8005361246480267,0.6294921860596586,1.1878134110561969,4.8558477492429,0.12328587599708228,1.477320944013519
D_W,dw,83,83,0.01,0.02,512,512,0,512,,512,512,0,512,0,0.5178843495009857,0.544476671554633,0.4721393749741445,0.5178187540646843,0.3740241726085082,0.47071113271164317,0.039599990863444554,0.46950313399594595,sample,51,0.519883112458747,0.5434604343328604,0.47149211565815274,0.5187131075933085,0.37627687640376506,0.4721727018190036,0.0385292648262687,0.4691202802953548,2.243534364694197,2.1086306914265425,1.7896218825105237,0.6183543178810585,1.1417236204374803,4.862501079793844,0.12104325532642136,1.4737848262258713
D_W,dw,83,83,0.01,0.02,512,512,0,512,,512,512,0,512,0,0.5178843495009857,0.544476671554633,0.4721393749741445,0.5178187540646843,0.3740241726085082,0.47071113271164317,0.039599990863444554,0.46950313399594595,sample,52,0.5209371172090043,0.5442939976256871,0.46996189259590754,0.5145386671479547,0.37194885511567094,0.4666477730793453,0.03659870424374766,0.4725434746220454,2.309143377671049,2.1207992871166668,1.8240376787262573,0.6421477858983141,1.129238351527331,4.825442822431137,0.11497822038306323,1.4845391083744126
D_W,dw,83,83,0.01,0.02,512,512,0,512,,512,512,0,512,0,0.5178843495009857,0.544476671554633,0.4721393749741445,0.5178187540646843,0.3740241726085082,0.47071113271164317,0.039599990863444554,0.46950313399594595,sample,53,0.5166126038064818,0.5435635833777475,0.472803179396566,0.5168182126538533,0.37295619584916573,0.4694040698690023,0.038527924641201285,0.4699933467223738,2.2360061509529086,2.0988658710731767,1.8051560828359823,0.6355596791182199,1.2064775777489818,4.8440049049582035,0.12103904501085912,1.47652764529909
D_W,dw,83,83,0.01,0.02,512,512,0,512,,512,512,0,512,0,0.5178843495009857,0.544476671554633,0.4721393749741445,0.5178187540646843,0.3740241726085082,0.47071113271164317,0.039599990863444554,0.46950313399594595,sample,54,0.5182118965492238,0.5436290900032082,0.47407879972311756,0.5173168981135107,0.3726179930137793,0.47027559725534573,0.03978995454099126,0.469647819392772,2.2326068102172387,2.0723154772167063,1.7980247274655066,0.6364834621779587,1.175358765533206,4.847505301093006,0.12500382887264996,1.4754421391787984
D_W,dw,83,83,0.01,0.02,512,512,0,512,,512,512,0,512,0,0.5178843495009857,0.544476671554633,0.4721393749741445,0.5178187540646843,0.3740241726085082,0.47071113271164317,0.039599990863444554,0.46950313399594595,sample,55,0.5175402367455512,0.5447530321252609,0.47104110773922686,0.5172253455473597,0.3748883965697067,0.46947019666968065,0.03957338606288209,0.47031724127935304,2.2508432442132196,2.1130240361812165,1.8079860168922142,0.6267594109181015,1.19726264319022,4.849208641619506,0.12432345893282308,1.4775451900598338
D_W,dw,83,83,0.01,0.02,512,512,0,512,,512,512,0,512,0,0.5178843495009857,0.544476671554633,0.4721393749741445,0.5178187540646843,0.3740241726085082,0.47071113271164317,0.039599990863444554,0.46950313399594595,sample,56,0.5183616685509932,0.5444630679061082,0.47201087127022057,0.5183866328793721,0.37371555860924993,0.4700104626323337,0.038435697146061536,0.4683674219377518,2.2535972627534666,2.0977491582498273,1.8016067368489495,0.6323683818562885,1.179163858205174,4.856970036253804,0.1207493037896691,1.4714196519404321
D_W,dw,83,83,0.01,0.02,512,512,0,512,,512,512,0,512,0,0.5178843495009857,0.544476671554633,0.4721393749741445,0.5178187540646843,0.3740241726085082,0.47071113271164317,0.039599990863444554,0.46950313399594595,sample,57,0.5170997851491915,0.5432577541211892,0.47367977849018567,0.5187802934951329,0.37215085393011427,0.4710003384581778,0.039632433016486564,0.47031363134349696,2.233031134522122,2.085723127800449,1.7915575639337409,0.6388461702652509,1.194348329851262,4.858240060841473,0.12450896040848375,1.4775338491118684
D_W,dw,83,83,0.01,0.02,512,512,0,512,,512,512,0,512,0,0.5178843495009857,0.544476671554633,0.4721393749741445,0.5178187540646843,0.3740241726085082,0.47071113271164317,0.039599990863444554,0.46950313399594595,sample,58,0.518218088296601,0.5441752815454952,0.47411260210543416,0.5201612023388971,0.3742045438927854,0.4702694961913982,0.04109492281902019,0.4699048403339867,2.232019430907016,2.0672862388797717,1.8000553860644295,0.6310731339356306,1.1796422976985295,4.871307217556684,0.12910350762807338,1.4762495942795373
D_W,dw,83,83,0.01,0.02,512,512,0,512,,512,512,0,512,0,0.5178843495009857,0.544476671554633,0.4721393749741445,0.5178187540646843,0.3740241726085082,0.47071113271164317,0.039599990863444554,0.46950313399594595,sample,59,0.5191189397264927,0.5446202934896078,0.47278992987783564,0.516728180724312,0.3732680136517495,0.47029547777172215,0.0390326979657486,0.4693443280015795,2.246924578265717,2.081684756375145,1.7991172536201576,0.6330668916244676,1.1659810957425711,4.843626817028419,0.12262483717898505,1.4744886928538004
D_W,dw,83,83,0.01,0.02,512,512,0,512,,512,512,0,512,0,0.5178843495009857,0.544476671554633,0.4721393749741445,0.5178187540646843,0.3740241726085082,0.47071113271164317,0.039599990863444554,0.46950313399594595,sample,60,0.5189818821368062,0.5430399162773449,0.47348871542238147,0.5159646372953612,0.37323142866684417,0.4721638501322387,0.040091733822796176,0.47041016983005635,2.2264470813347232,2.084015074729939,1.7853060469662856,0.6307987010290799,1.1554270804067035,4.837664773494491,0.1259518964473739,1.477837133712032
D_W,dw,83,83,0.01,0.02,512,512,0,512,,512,512,0,512,0,0.5178843495009857,0.544476671554633,0.4721393749741445,0.5178187540646843,0.3740241726085082,0.47071113271164317,0.039599990863444554,0.46950313399594595,sample,61,0.5155510414418732,0.5459855657129749,0.4731878154013652,0.5164093166889442,0.372823921580601,0.46915391673917023,0.039578499022003104,0.47002664517799825,2.228361943837604,2.0754258535332704,1.8068633115770867,0.6362075742075606,1.2446971030037286,4.840708341815411,0.12433952176763577,1.4766322554826556
D_W,dw,83,83,0.01,0.02,512,512,0,512,,512,512,0,512,0,0.5178843495009857,0.544476671554633,0.4721393749741445,0.5178187540646843,0.3740241726085082,0.47071113271164317,0.039599990863444554,0.46950313399594595,sample,62,0.5183631760910772,0.5433092493752931,0.47165059929188263,0.5191727131031045,0.37343516464299636,0.47122471997731846,0.04090564004516337,0.4687788223895682,2.2547212113840063,2.1131601348387288,1.7919122472352231,0.632902939021883,1.1697719293497846,4.862731234771894,0.1285088582562737,1.4727121045775418
D_W,dw,83,83,0.01,0.02,512,512,0,512,,512,512,0,512,0,0.5178843495009857,0.544476671554633,0.4721393749741445,0.5178187540646843,0.3740241726085082,0.47071113271164317,0.039599990863444554,0.46950313399594595,sample,63,0.517499671760241,0.5449785472538532,0.47284443189288133,0.5178812195994508,0.3738833337742268,0.4708488162132462,0.03852345599067335,0.46931100204155296,2.2327287656615793,2.083306702768967,1.7957776763462725,0.630336526203279,1.1997502701266414,4.85323337493811,0.1210250063311891,1.474383996262607
D_W,dw,83,83,0.01,0.02,512,512,0,512,,512,512,0,512,0,0.5178843495009857,0.544476671554633,0.4721393749741445,0.5178187540646843,0.3740241726085082,0.47071113271164317,0.039599990863444554,0.46950313399594595,sample,64,0.5166841205911318,0.5447313822879871,0.47239388593819714,0.517410267286249,0.3741913519941031,0.47057042023990026,0.03847386105041793,0.46841873995354794,2.2299572083635963,2.0950626939751533,1.7984930210678158,0.6288968323997709,1.2137936764720951,4.849902469938486,0.12086919923122745,1.471580872241854
D_W,dw,83,83,0.01,0.02,512,512,0,512,,512,512,0,512,0,0.5178843495009857,0.544476671554633,0.4721393749741445,0.5178187540646843,0.3740241726085082,0.47071113271164317,0.039599990863444554,0.46950313399594595,sample,65,0.5183015304019052,0.5432406370398076,0.47195919705038997,0.5176409209646535,0.3749156332311909,0.47063244192490045,0.038586062186372394,0.4693502956758315,2.239854010232318,2.1091504287563034,1.799220115332122,0.6256085376782368,1.170410236086211,4.852497116514179,0.12122168949566642,1.4745074408553893
D_W,dw,83,83,0.01,0.02,512,512,0,512,,512,512,0,512,0,0.5178843495009857,0.544476671554633,0.4721393749741445,0.5178187540646843,0.3740241726085082,0.47071113271164317,0.039599990863444554,0.46950313399594595,sample,66,0.518082706380979,0.5442831807074385,0.47144058202662703,0.5171950666515088,0.37643767602882533,0.4692622923201137,0.03946393222695949,0.470946465203314,2.241121681367916,2.109056173419865,1.8123730232594655,0.6197859333628293,1.183118859585024,4.850662035601707,0.12397959956598142,1.4795219553168124
D_W,dw,83,83,0.01,0.02,512,512,0,512,,512,512,0,512,0,0.5178843495009857,0.544476671554633,0.4721393749741445,0.5178187540646843,0.3740241726085082,0.47071113271164317,0.039599990863444554,0.46950313399594595,sample,67,0.5175907873038171,0.5432682269473919,0.4722688750197565,0.5166634035134525,0.37189120057447317,0.4697931062489228,0.03899720039241058,0.4697764437992473,2.2520945574895572,2.106586100921435,1.8004909295159603,0.6399907934156663,1.1846544043997813,4.841735061655182,0.12251331826336608,1.4758462246692536
D_W,dw,83,83,0.01,0.02,512,512,0,512,,512,512,0,512,0,0.5178843495009857,0.544476671554633,0.4721393749741445,0.5178187540646843,0.3740241726085082,0.47071113271164317,0.039599990863444554,0.46950313399594595,sample,68,0.5168467520520147,0.5443592390485594,0.4719232689505979,0.5176629967577114,0.37389322480967196,0.4705462031824889,0.040593618268979795,0.46937212330745637,2.2384027106915987,2.1050942450622454,1.7981033528920858,0.6304746377375562,1.207841566516564,4.8515475152438166,0.12752861293645534,1.4745760143825475
D_W,dw,83,83,0.01,0.02,512,512,0,512,,512,512,0,512,0,0.5178843495009857,0.544476671554633,0.4721393749741445,0.5178187540646843,0.3740241726085082,0.47071113271164317,0.039599990863444554,0.46950313399594595,sample,69,0.5168565961583959,0.5438916847920021,0.4712427916738951,0.5183147884255053,0.3731096903307821,0.47148566284610366,0.03985191329804298,0.4702788675945639,2.247534695299044,2.119723873143289,1.7896457745078953,0.6335530425095924,1.2041152189661521,4.8557346178580865,0.1251984780486292,1.477424635573609
D_W,dw,83,83,0.01,0.02,512,512,0,512,,512,512,0,512,0,0.5178843495009857,0.544476671554633,0.4721393749741445,0.5178187540646843,0.3740241726085082,0.47071113271164317,0.039599990863444554,0.46950313399594595,sample,70,0.5165751231031637,0.5458892433948327,0.47259291877786097,0.5183092257122882,0.3734044720794235,0.4723422786654126,0.03991963751109786,0.4702113338022239,2.227165374669486,2.0825965813007583,1.783741578884841,0.6312893792360126,1.2241802102043038,4.856020793189997,0.12541123993883257,1.4772124719077246
D_W,dw,83,83,0.01,0.02,512,512,0,512,,512,512,0,512,0,0.5178843495009857,0.544476671554633,0.4721393749741445,0.5178187540646843,0.3740241726085082,0.47071113271164317,0.039599990863444554,0.46950313399594595,sample,71,0.5175740769211414,0.5435502135664816,0.47090642563346363,0.5176470399529908,0.3739333016085529,0.46971793443034326,0.03885321104094888,0.47103483998126244,2.2572122924652986,2.1254362319176305,1.8043427327962869,0.6311903830105388,1.187245436185353,4.851467045171842,0.12206096237461884,1.4797995928699779
D_W,dw,83,83,0.01,0.02,512,512,0,512,,512,512,0,512,0,0.5178843495009857,0.544476671554633,0.4721393749741445,0.5178187540646843,0.3740241726085082,0.47071113271164317,0.039599990863444554,0.46950313399594595,sample,72,0.5177032693306378,0.5461214664186866,0.47267300689978076,0.5177224972176437,0.3745827811981129,0.470538026854478,0.039881476217566346,0.4682087240101927,2.234106107783182,2.0760557563312054,1.7993335272405513,0.6273138145321435,1.2042980253485167,4.852767866265431,0.1252913526994225,1.4709210876970724
D_W,dw,83,83,0.01,0.02,512,512,0,512,,512,512,0,512,0,0.5178843495009857,0.544476671554633,0.4721393749741445,0.5178187540646843,0.3740241726085082,0.47071113271164317,0.039599990863444554,0.46950313399594595,sample,73,0.517597899884092,0.5444016195452146,0.47352052179920073,0.5176010387026827,0.37375060312314684,0.4699409117364402,0.038845601828472895,0.46912108456874607,2.23019974316974,2.0770167312471965,1.8023779098757111,0.6317619445381087,1.1934537312692373,4.850910958547542,0.12203705732860468,1.4737873529252488
D_W,dw,83,83,0.01,0.02,512,512,0,512,,512,512,0,512,0,0.5178843495009857,0.544476671554633,0.4721393749741445,0.5178187540646843,0.3740241726085082,0.47071113271164317,0.039599990863444554,0.46950313399594595,sample,74,0.5188389261758088,0.545029655336558,0.47260358109456285,0.5169828720762726,0.3742470965420128,0.46991682605592733,0.03912053740267144,0.46993374682728317,2.2440228187409437,2.082249635088926,1.803571271619888,0.629085035234293,1.1745571950108522,4.846626363736968,0.12290079290871733,1.4763404067065187
D_W,dw,83,83,0.01,0.02,512,512,0,512,,512,512,0,512,0,0.5178843495009857,0.544476671554633,0.4721393749741445,0.5178187540646843,0.3740241726085082,0.47071113271164317,0.039599990863444554,0.46950313399594595,sample,75,0.5165847283467901,0.5446949061257976,0.4723411030844968,0.517724417808777,0.3740540636620412,0.46982184062065285,0.03939980977951169,0.4679576297541107,2.2354064879683193,2.0965170060084954,1.8037621115533975,0.6305637419811079,1.2154797189010405,4.852201176638599,0.12377815295614922,1.4701322518268065
D_W,dw,83,83,0.01,0.02,512,512,0,512,,512,512,0,512,0,0.5178843495009857,0.544476671554633,0.4721393749741445,0.5178187540646843,0.3740241726085082,0.47071113271164317,0.039599990863444554,0.46950313399594595,sample,76,0.5187488283350202,0.544818037795269,0.47216037308039804,0.5181307851678726,0.37393637141824965,0.4715494369666138,0.03920705028888196,0.47051791983157704,2.2453051103133737,2.091162687353716,1.7905736498488896,0.6295100899979716,1.174586894347245,4.855231948675279,0.12317258115647714,1.4781756403252337
D_W,dw,83,83,0.01,0.02,512,512,0,512,,512,512,0,512,0,0.5178843495009857,0.544476671554633,0.4721393749741445,0.5178187540646843,0.3740241726085082,0.47071113271164317,0.039599990863444554,0.46950313399594595,sample,77,0.5165899958537737,0.5442017986152881,0.4722599462852158,0.5176211275370878,0.3738721364093,0.47026214441497843,0.04042037920941244,0.4689356553831676,2.2344473533274014,2.102015949148819,1.800193544725536,0.6308557028223792,1.2117416321844536,4.851198958838123,0.12698436637960372,1.4732048099580743
D_W,dw,83,83,0.01,0.02,512,512,0,512,,512,512,0,512,0,0.5178843495009857,0.544476671554633,0.4721393749741445,0.5178187540646843,0.3740241726085082,0.47071113271164317,0.039599990863444554,0.46950313399594595,sample,78,0.5145486660834249,0.5444047772613588,0.47454011029388754,0.5199574647669709,0.3725000256309466,0.4745354792904545,0.04361699757738527,0.46696118113353213,2.1926932488328084,2.0696848840520468,1.7656127781882178,0.6345317627785071,1.2541808356592883,4.867658224425334,0.13702683916075736,1.4670018161607172
D_W,dw,83,83,0.01,0.02,512,512,0,512,,512,512,0,512,0,0.5178843495009857,0.544476671554633,0.4721393749741445,0.5178187540646843,0.3740241726085082,0.47071113271164317,0.039599990863444554,0.46950313399594595,sample,79,0.516535801626627,0.5442640867827963,0.4747962297828493,0.5183884588197701,0.37506049324566826,0.46715108883775264,0.04192894294894308,0.4664005765673992,2.218158986156024,2.060799070160361,1.8252733645772061,0.6294522080405566,1.2132786213178377,4.858518767946784,0.13172365914118514,1.4652406249741852
D_W,dw,83,83,0.01,0.02,512,512,0,512,,512,512,0,512,0,0.5178843495009857,0.544476671554633,0.4721393749741445,0.5178187540646843,0.3740241726085082,0.47071113271164317,0.039599990863444554,0.46950313399594595,sample,80,0.5167912073255095,0.5448287394343764,0.4714012544915677,0.5168666353656803,0.37496330027175,0.47070874502458354,0.03964847725281033,0.4689259862432468,2.2343957098544696,2.1093181898802498,1.7989138696571492,0.624806156005973,1.2124084397451782,4.846473091959962,0.12455936486345096,1.4731744334591323
D_W,dw,83,83,0.01,0.02,512,512,0,512,,512,512,0,512,0,0.5178843495009857,0.544476671554633,0.4721393749741445,0.5178187540646843,0.3740241726085082,0.47071113271164317,0.039599990863444554,0.46950313399594595,sample,81,0.5162873053389755,0.5452920619535926,0.4719901942269336,0.516489252268687,0.37375804275697616,0.4716517829483065,0.03913013332619112,0.46800369339346715,2.2268684820913824,2.097832499364569,1.789885540929908,0.6291837999166195,1.2255894275168135,4.842269954586707,0.12293093939155116,1.4702769650178065
D_W,dw,83,83,0.01,0.02,512,512,0,512,,512,512,0,512,0,0.5178843495009857,0.544476671554633,0.4721393749741445,0.5178187540646843,0.3740241726085082,0.47071113271164317,0.039599990863444554,0.46950313399594595,sample,82,0.5178151295428971,0.5443679674637536,0.4720296840931015,0.5164513213883487,0.3724643842659622,0.47094179870307773,0.04092006255844597,0.4706536611147314,2.2468563898678475,2.100126774851511,1.7930353137657953,0.6359488776209457,1.1889705242634685,4.840674515991077,0.1285541679180486,1.4786020841431802
D_W,dw,83,83,0.01,0.02,512,512,0,512,,512,512,0,512,0,0.5178843495009857,0.544476671554633,0.4721393749741445,0.5178187540646843,0.3740241726085082,0.47071113271164317,0.039599990863444554,0.46950313399594595,sample,83,0.5177720676821163,0.5458864030378368,0.4734232738311223,0.5199096399595208,0.37319919795881795,0.4693330374451919,0.04074099847557836,0.4684004796754425,2.2477357529281212,2.066000544854104,1.8053238803885492,0.6365878117869487,1.2012809403089721,4.868132495963616,0.12799162151078994,1.4715235058863054
D_W,dw,83,83,0.01,0.02,512,512,0,512,,512,512,0,512,0,0.5178843495009857,0.544476671554633,0.4721393749741445,0.5178187540646843,0.3740241726085082,0.47071113271164317,0.039599990863444554,0.46950313399594595,sample,84,0.5184751148717097,0.5456493909029114,0.4724565405736571,0.5187779573826402,0.3735803565669072,0.47059571629030794,0.039434381096936595,0.4690170916721317,2.250175134524109,2.0807517768753705,1.7969297805762106,0.6326249736489813,1.1862296251420823,4.8598475271187205,0.12388676195299621,1.4734606496052194
D_W,dw,83,83,0.01,0.02,512,512,0,512,,512,512,0,512,0,0.5178843495009857,0.544476671554633,0.4721393749741445,0.5178187540646843,0.3740241726085082,0.47071113271164317,0.039599990863444554,0.46950313399594595,sample,85,0.5175127517585111,0.542912668054957,0.4725013251937722,0.5189232249548995,0.3731423443634887,0.471700131980476,0.03949690777358663,0.47048426931003773,2.2385792294500124,2.1062755112038487,1.7879592455323658,0.6335931887459925,1.1833249165309363,4.860466079070057,0.12408319530101335,1.4780699240939763
D_W,dw,83,83,0.01,0.02,512,512,0,512,,512,512,0,512,0,0.5178843495009857,0.544476671554633,0.4721393749741445,0.5178187540646843,0.3740241726085082,0.47071113271164317,0.039599990863444554,0.46950313399594595,sample,86,0.5165769720566501,0.5455392676124436,0.4703854829387369,0.51246157814273,0.36596563462613313,0.4704420238645034,0.03748876330148967,0.4713709382877162,2.290560121636354,2.119323204732444,1.7869444428011814,0.6648184616253415,1.2216910339815878,4.8050954837457205,0.11777442338012659,1.480855476840417
D_W,dw,83,83,0.01,0.02,512,512,0,512,,512,512,0,512,0,0.5178843495009857,0.544476671554633,0.4721393749741445,0.5178187540646843,0.3740241726085082,0.47071113271164317,0.039599990863444554,0.46950313399594595,sample,87,0.5135525272323285,0.5447835307840817,0.47467347576809465,0.516344484647174,0.3757002939530795,0.469224184019167,0.03760983109271431,0.4709707493309871,2.181068959016547,2.0669271717417197,1.8115168544157312,0.6227184337003939,1.2769348346602698,4.843131443224213,0.11815476906362427,1.479598246153909
D_W,dw,83,83,0.01,0.02,512,512,0,512,,512,512,0,512,0,0.5178843495009857,0.544476671554633,0.4721393749741445,0.5178187540646843,0.3740241726085082,0.47071113271164317,0.039599990863444554,0.46950313399594595,sample,88,0.5182916342854045,0.5443394663472136,0.4736476063181571,0.5166463872153031,0.3736563838552204,0.4714975953998791,0.03997518008222043,0.4698833138052625,2.2235095567642955,2.0731918720759612,1.790836290567585,0.6299165712827618,1.1795298249650141,4.843389305085359,0.12558573207223273,1.47618196669504
D_W,dw,83,83,0.01,0.02,512,512,0,512,,512,512,0,512,0,0.5178843495009857,0.544476671554633,0.4721393749741445,0.5178187540646843,0.3740241726085082,0.47071113271164317,0.039599990863444554,0.46950313399594595,sample,89,0.5168755711772962,0.5444799905607369,0.4720670680140692,0.5156845774600399,0.37391612096441146,0.47205192489955355,0.03962566546015364,0.46783997546579653,2.223652139360174,2.101714483514277,1.787315262126158,0.62754879440867,1.2081764107008715,4.836151154158709,0.1244876995032255,1.4697626299789754
D_W,dw,83,83,0.01,0.02,512,512,0,512,,512,512,0,512,0,0.5178843495009857,0.544476671554633,0.4721393749741445,0.5178187540646843,0.3740241726085082,0.47071113271164317,0.039599990863444554,0.46950313399594595,sample,90,0.5199278912480195,0.5430230596222472,0.47155728054290064,0.5187101932207292,0.3747385551221048,0.47027715639042494,0.038394427233953594,0.470412334296665,2.261468247475302,2.111126049820501,1.8013077342960642,0.6275432863723646,1.137027124386883,4.860661884571515,0.1206196505369765,1.4778439335844287
D_W,dw,83,83,0.01,0.02,512,512,0,512,,512,512,0,512,0,0.5178843495009857,0.544476671554633,0.4721393749741445,0.5178187540646843,0.3740241726085082,0.47071113271164317,0.039599990863444554,0.46950313399594595,sample,91,0.5165370171001108,0.5445325848695193,0.4743964770304158,0.5198677197901533,0.37383057011219445,0.47238006494900947,0.04045169850358893,0.46989610985107827,2.208930690002737,2.06513710311751,1.7837639119793118,0.630361796639795,1.2152326139161345,4.868575030149453,0.1270827588441042,1.47622216665857
D_W,dw,83,83,0.01,0.02,512,512,0,512,,512,512,0,512,0,0.5178843495009857,0.544476671554633,0.4721393749741445,0.5178187540646843,0.3740241726085082,0.47071113271164317,0.039599990863444554,0.46950313399594595,sample,92,0.5171173915184466,0.5441900533744399,0.47211067097710696,0.5183612992200098,0.3731197100324521,0.47125592691972074,0.04017358786819544,0.46791493597387074,2.2414232602351105,2.102726446381102,1.7913580345371025,0.6337792024768056,1.2012350956482296,4.856104854981288,0.12620904851506684,1.4699981253604508
D_W,dw,83,83,0.01,0.02,512,512,0,512,,512,512,0,512,0,0.5178843495009857,0.544476671554633,0.4721393749741445,0.5178187540646843,0.3740241726085082,0.47071113271164317,0.039599990863444554,0.46950313399594595,sample,93,0.5190236345693987,0.5431936968031637,0.4723651553947359,0.5188206474423764,0.37381674823831484,0.47255763054498506,0.03950425666727927,0.46937877071327466,2.2418689729186374,2.1004979758332647,1.7826688343554964,0.6294974310191789,1.1559324601042116,4.86045074939384,0.12410628253145015,1.4745968978238315
D_W,dw,83,83,0.01,0.02,512,512,0,512,,512,512,0,512,0,0.5178843495009857,0.544476671554633,0.4721393749741445,0.5178187540646843,0.3740241726085082,0.47071113271164317,0.039599990863444554,0.46950313399594595,sample,94,0.5171082527835097,0.5440440225150001,0.47329413942245263,0.5164588235425527,0.37394789329414924,0.46948181515144505,0.04053516229738188,0.467255012656029,2.2266520079347316,2.085236484947217,1.8064073752810792,0.6306399580528258,1.2002991067065192,4.842226030438823,0.1273449680855249,1.4679249151131863
D_W,dw,83,83,0.01,0.02,512,512,0,512,,512,512,0,512,0,0.5178843495009857,0.544476671554633,0.4721393749741445,0.5178187540646843,0.3740241726085082,0.47071113271164317,0.039599990863444554,0.46950313399594595,sample,95,0.518096756162561,0.5434510244649173,0.472232776429636,0.5194953662630989,0.3741975724288018,0.4695729469837901,0.038485580048397354,0.46984159365408745,2.2512863541611763,2.10377614756506,1.805405855559036,0.6313911172160792,1.176158907007669,4.866134152733602,0.12090601554918705,1.476050898974602
D_W,dw,83,83,0.01,0.02,512,512,0,512,,512,512,0,512,0,0.5178843495009857,0.544476671554633,0.4721393749741445,0.5178187540646843,0.3740241726085082,0.47071113271164317,0.039599990863444554,0.46950313399594595,sample,96,0.5198604663822408,0.5455411900558751,0.4718528230456672,0.5171597659430569,0.37415602580900864,0.4708273089342071,0.04013751456956771,0.4683341829965321,2.2563101224877644,2.086242678840406,1.7965710535835537,0.6286225224913125,1.1595624308037418,4.847910640631598,0.1260957209051072,1.4713152287268831
D_W,dw,83,83,0.01,0.02,512,512,0,512,,512,512,0,512,0,0.5178843495009857,0.544476671554633,0.4721393749741445,0.5178187540646843,0.3740241726085082,0.47071113271164317,0.039599990863444554,0.46950313399594595,sample,97,0.5178564868179292,0.545158880527655,0.4708732650215016,0.5179139925776817,0.37436350413398234,0.47094629212185884,0.03713103301853133,0.46946410579030057,2.2530239281334494,2.1110657028628426,1.7958545264182486,0.6280179156073562,1.19424900265892,4.854020204886211,0.11665058055121806,1.4748649858749097
D_W,dw,83,83,0.01,0.02,512,512,0,512,,512,512,0,512,0,0.5178843495009857,0.544476671554633,0.4721393749741445,0.5178187540646843,0.3740241726085082,0.47071113271164317,0.039599990863444554,0.46950313399594595,sample,98,0.5189042337186591,0.5437670202002526,0.473667810421871,0.5169302559731382,0.3730503153956083,0.4703325329197106,0.039674976890753756,0.46946248795642215,2.23746960201167,2.0754228092640408,1.79842539156973,0.6341654691129712,1.1630716456697159,4.844968617642821,0.12464261593133681,1.4748599032998826
D_W,dw,83,83,0.01,0.02,512,512,0,512,,512,512,0,512,0,0.5178843495009857,0.544476671554633,0.4721393749741445,0.5178187540646843,0.3740241726085082,0.47071113271164317,0.039599990863444554,0.46950313399594595,sample,99,0.5175472636626672,0.5457961689385048,0.47200132837164344,0.518298307144806,0.37236837603730866,0.4730442286591036,0.03916476468792191,0.4696121037129273,2.242686881215383,2.0895460581489935,1.7768901011984026,0.6354165392157569,1.2048908778661607,4.854786765668877,0.12303973702314842,1.4753299350613804
D_W,dw,83,83,0.01,0.02,512,512,0,512,,512,512,0,512,0,0.5178843495009857,0.544476671554633,0.4721393749741445,0.5178187540646843,0.3740241726085082,0.47071113271164317,0.039599990863444554,0.46950313399594595,sample,100,0.5177030848935393,0.5431382923199131,0.47327707744683434,0.5179347943170806,0.37298522283313756,0.47050008208761096,0.04227162009911104,0.4691383570949618,2.2356489452828585,2.0911942478606917,1.7968404760924275,0.6349289764567962,1.181373973494529,4.852664035384908,0.13280021115870588,1.4738416161667172
D_W,dw,83,83,0.01,0.02,512,512,0,512,,512,512,0,512,0,0.5178843495009857,0.544476671554633,0.4721393749741445,0.5178187540646843,0.3740241726085082,0.47071113271164317,0.039599990863444554,0.46950313399594595,sample,101,0.5177619916118699,0.5428343366074622,0.47210337789073176,0.5149502829443497,0.3759698147501647,0.4702824393948485,0.03920654534591793,0.47065498310904674,2.221595781521236,2.112388844481084,1.8043334960135198,0.6194480613506369,1.177710159309084,4.8323476987478955,0.12317099483137085,1.4786062373108093
D_W,dw,83,83,0.01,0.02,512,512,0,512,,512,512,0,512,0,0.5178843495009857,0.544476671554633,0.4721393749741445,0.5178187540646843,0.3740241726085082,0.47071113271164317,0.039599990863444554,0.46950313399594595,sample,102,0.5174659313948119,0.5451763870154002,0.47197496473692396,0.5180374202620042,0.37382994120867313,0.46948673093186954,0.040528986686524396,0.47004455764506403,2.24957233790351,2.0953388818248824,1.8057817271979388,0.6321860453017093,1.2018805238916122,4.854387988167774,0.12732556683182358,1.4766885291575973
D_W,dw,83,83,0.01,0.02,512,512,0,512,,512,512,0,512,0,0.5178843495009857,0.544476671554633,0.4721393749741445,0.5178187540646843,0.3740241726085082,0.47071113271164317,0.039599990863444554,0.46950313399594595,sample,103,0.5198437587418036,0.5432210146703698,0.47065588414282317,0.5159497004212055,0.37526883131161437,0.47268174649522243,0.03762048491698193,0.46989942715447536,2.2467771459941774,2.123628107586735,1.784720267303881,0.6207316934361659,1.1403817239944698,4.839571386382586,0.11818823903967605,1.476232588274552
D_W,dw,83,83,0.01,0.02,512,512,0,512,,512,512,0,512,0,0.5178843495009857,0.544476671554633,0.4721393749741445,0.5178187540646843,0.3740241726085082,0.47071113271164317,0.039599990863444554,0.46950313399594595,sample,104,0.5184084057442874,0.5449260212204318,0.473030770821775,0.5175502505936371,0.37397533967288915,0.47005751882344743,0.03926035764429115,0.4699079364506516,2.2392030324106478,2.07783743028283,1.801912794695012,0.6305549464718563,1.1819137367084176,4.850759512418258,0.12334005115261296,1.4762593210169064
D_W,dw,83,83,0.01,0.02,512,512,0,512,,512,512,0,512,0,0.5178843495009857,0.544476671554633,0.4721393749741445,0.5178187540646843,0.3740241726085082,0.47071113271164317,0.039599990863444554,0.46950313399594595,sample,105,0.5207516082372812,0.5445798906420819,0.4698491607457668,0.5163126881961535,0.37388065376448143,0.4718151783754668,0.03827403679011805,0.4670228086015521,2.276962819892317,2.1208338978203893,1.7889019592547553,0.6283331374249961,1.1351337242827189,4.8410181110257575,0.12024143280306034,1.4671954245615082
D_W,dw,83,83,0.01,0.02,512,512,0,512,,512,512,0,512,0,0.5178843495009857,0.544476671554633,0.4721393749741445,0.5178187540646843,0.3740241726085082,0.47071113271164317,0.039599990863444554,0.46950313399594595,sample,106,0.5171917788323638,0.5436289187413862,0.4729246812649564,0.5185644009254538,0.3731764144655203,0.46989879562003783,0.03940072210675306,0.47281867759741614,2.239905073975095,2.094412709918146,1.8014608074291822,0.6351174283263356,1.1954336608219267,4.857736445170401,0.12378101911670836,1.4854036840200835
D_W,dw,83,83,0.01,0.02,512,512,0,512,,512,512,0,512,0,0.5178843495009857,0.544476671554633,0.4721393749741445,0.5178187540646843,0.3740241726085082,0.47071113271164317,0.039599990863444554,0.46950313399594595,sample,107,0.5180304512290269,0.5448293617903195,0.4730499474786245,0.5181177316596766,0.3735304435020606,0.470755864597089,0.03965372201447605,0.4705061694438691,2.237392590594114,2.0795682864370546,1.795817552647671,0.6322362588672157,1.1883932650300733,4.85467851150595,0.1245758417681698,1.4781387253935334
D_W,dw,83,83,0.01,0.02,512,512,0,512,,512,512,0,512,0,0.5178843495009857,0.544476671554633,0.4721393749741445,0.5178187540646843,0.3740241726085082,0.47071113271164317,0.039599990863444554,0.46950313399594595,sample,108,0.517688143783465,0.544505777474865,0.4714510391408447,0.5176109900652492,0.37308869922628646,0.4705730533386691,0.04068106684536173,0.4701536171333396,2.2537476802142313,2.10835242269188,1.7965507645798389,0.6341573201629005,1.192503302324149,4.850274566386208,0.1278033407415837,1.477031149644768
D_W,dw,83,83,0.01,0.02,512,512,0,512,,512,512,0,512,0,0.5178843495009857,0.544476671554633,0.4721393749741445,0.5178187540646843,0.3740241726085082,0.47071113271164317,0.039599990863444554,0.46950313399594595,sample,109,0.5145894521970984,0.5452817112981887,0.4743629328433109,0.5177330627956176,0.37210281204065015,0.4684000363534619,0.038358785586686386,0.4707426510962872,2.2214006411335943,2.0650683945973634,1.8108107546048144,0.641238871212485,1.2591053185316061,4.850161531312436,0.12050767899975999,1.478881654415479
D_W,dw,83,83,0.01,0.02,512,512,0,512,,512,512,0,512,0,0.5178843495009857,0.544476671554633,0.4721393749741445,0.5178187540646843,0.3740241726085082,0.47071113271164317,0.039599990863444554,0.46950313399594595,sample,110,0.518297734804161,0.5437868494418615,0.47244188419691746,0.5191434857680406,0.372757741065825,0.47003990876910134,0.03933713833799733,0.46837968392554524,2.256248002605728,2.0969080704298864,1.7995572242264748,0.6373070100316133,1.1749701312926486,4.861718135305276,0.12358126481589782,1.4714581741112023
D_W,dw,83,83,0.01,0.02,512,512,0,512,,512,512,0,512,0,0.5178843495009857,0.544476671554633,0.4721393749741445,0.5178187540646843,0.3740241726085082,0.47071113271164317,0.039599990863444554,0.46950313399594595,sample,111,0.5181220966994919,0.5437817333424285,0.47157747395458394,0.5171819706910278,0.3746496564861887,0.4709969697347949,0.040515940896570214,0.47032596153074896,2.241563562742654,2.1110929337009634,1.796135459915867,0.626154136880396,1.1783485903772406,4.848611656347867,0.12728458227394324,1.4775725855375565
D_W,dw,83,83,0.01,0.02,512,512,0,512,,512,512,0,512,0,0.5178843495009857,0.544476671554633,0.4721393749741445,0.5178187540646843,0.3740241726085082,0.47071113271164317,0.039599990863444554,0.46950313399594595,sample,112,0.5168135357421915,0.5460652045386162,0.47243813525291417,0.5181404720374772,0.37235554340027127,0.47221094927609486,0.04061614746014968,0.4693782757298225,2.2371326495197357,2.0828471951198333,1.7830894197598548,0.6362059999655053,1.2208265270888363,4.853560810383323,0.12759939047792598,1.4745953427874545
D_W,dw,83,83,0.01,0.02,512,512,0,512,,512,512,0,512,0,0.5178843495009857,0.544476671554633,0.4721393749741445,0.5178187540646843,0.3740241726085082,0.47071113271164317,0.039599990863444554,0.46950313399594595,sample,113,0.5176457754144158,0.5428371817225546,0.4730187706857979,0.5167584859743402,0.37259006800752864,0.4711267919538114,0.03960367245812274,0.46979523443993954,2.233681862508903,2.0981593862356855,1.7918074851749952,0.6353529381965907,1.1800508508835625,4.843170249377047,0.12441860644961482,1.4759052572080087
D_W,dw,83,83,0.01,0.02,512,512,0,512,,512,512,0,512,0,0.5178843495009857,0.544476671554633,0.4721393749741445,0.5178187540646843,0.3740241726085082,0.47071113271164317,0.039599990863444554,0.46950313399594595,sample,114,0.5202337739601589,0.5435735389635149,0.47195162675892877,0.5175855688125687,0.3722240395119061,0.4713578571752376,0.03918778007799916,0.46906173482464464,2.266749083734437,2.099239085690944,1.789316229068927,0.6373370968033426,1.136065654177953,4.849157910947752,0.12311204200353461,1.4736009002051873
D_W,dw,83,83,0.01,0.02,512,512,0,512,,512,512,0,512,0,0.5178843495009857,0.544476671554633,0.4721393749741445,0.5178187540646843,0.3740241726085082,0.47071113271164317,0.039599990863444554,0.46950313399594595,sample,115,0.517488459394876,0.5427060919783844,0.4725759805329648,0.5169626664952007,0.37434392375929826,0.47114853170291326,0.040155601695387864,0.47062286147952653,2.2265649776402805,2.1069843764297347,1.7945296530675237,0.6272770022090379,1.1821209050872643,4.846570644442669,0.12615254328670836,1.4785053242354873
D_W,dw,83,83,0.01,0.02,512,512,0,512,,512,512,0,512,0,0.5178843495009857,0.544476671554633,0.4721393749741445,0.5178187540646843,0.3740241726085082,0.47071113271164317,0.039599990863444554,0.46950313399594595,sample,116,0.5187174642894671,0.5457390217351629,0.47239308814127345,0.5184782741020425,0.3749824487733072,0.4703566022145264,0.039602831676605714,0.46882095343016783,2.2444137659947767,2.0802264360611122,1.8011965062373434,0.6261627076059951,1.1823643737723852,4.8591319706444125,0.12441596505657766,1.4728444631451778
D_W,dw,83,83,0.01,0.02,512,512,0,512,,512,512,0,512,0,0.5178843495009857,0.544476671554633,0.4721393749741445,0.5178187540646843,0.3740241726085082,0.47071113271164317,0.039599990863444554,0.46950313399594595,sample,117,0.516659354186486,0.5438649825193059,0.4718220786221667,0.5175930124866353,0.3735899883000752,0.47221329413752233,0.03945549170770305,0.46917089645719,2.231279644618521,2.111603466745833,1.7851667632988721,0.6300810744917436,1.2078353726473061,4.850674906569298,0.12395308289269291,1.4739438415880457
D_W,dw,83,83,0.01,0.02,512,512,0,512,,512,512,0,512,0,0.5178843495009857,0.544476671554633,0.4721393749741445,0.5178187540646843,0.3740241726085082,0.47071113271164317,0.039599990863444554,0.46950313399594595,sample,118,0.5186420875768886,0.5451850728842764,0.4726358556252006,0.5174508137268312,0.37453527073988996,0.4702947535170353,0.039964054276422245,0.46971002196111783,2.2403406443524285,2.0811530595257843,1.8011384337713763,0.6276245334801672,1.179499376203507,4.850591713629026,0.12555077932247188,1.4756375543105482
D_W,dw,83,83,0.01,0.02,512,512,0,512,,512,512,0,512,0,0.5178843495009857,0.544476671554633,0.4721393749741445,0.5178187540646843,0.3740241726085082,0.47071113271164317,0.039599990863444554,0.46950313399594595,sample,119,0.5179355582155472,0.5445789446187577,0.47131270678688875,0.5163509273352228,0.3743224563622424,0.47035314384768384,0.04021787387573343,0.46863627900123217,2.246651073669394,2.109013531611237,1.8005890599914718,0.62786182717455,1.188280792903529,4.841764503558101,0.12634817711100502,1.4722642913159276
D_W,dw,83,83,0.01,0.02,512,512,0,512,,512,512,0,512,0,0.5178843495009857,0.544476671554633,0.4721393749741445,0.5178187540646843,0.3740241726085082,0.47071113271164317,0.039599990863444554,0.46950313399594595,sample,120,0.5171292279548304,0.5458820827083763,0.47254758682029535,0.5174419559289873,0.37345978680400793,0.4709910961052061,0.04030760343857571,0.46951533027394593,2.2349624769412797,2.0816928674824515,1.7941080421587652,0.6318707446180414,1.2134892300096516,4.84936312717366,0.12663007084644012,1.475025912336414
D_W,dw,83,83,0.01,0.02,512,512,0,512,,512,512,0,512,0,0.5178843495009857,0.544476671554633,0.4721393749741445,0.5178187540646843,0.3740241726085082,0.47071113271164317,0.039599990863444554,0.46950313399594595,sample,121,0.5179474669468812,0.5449296177255529,0.47289976954660645,0.5184987630436618,0.3737031319876445,0.4709159378956874,0.03894195013429139,0.46911893630017304,2.2378548702948864,2.0813871958907897,1.7948238374808587,0.6315175169057171,1.1907578213861192,4.857825301471606,0.1223397444583499,1.4737806039404817
D_W,dw,83,83,0.01,0.02,512,512,0,512,,512,512,0,512,0,0.5178843495009857,0.544476671554633,0.4721393749741445,0.5178187540646843,0.3740241726085082,0.47071113271164317,0.039599990863444554,0.46950313399594595,sample,122,0.518319612839004,0.54261633518651,0.47346568450257415,0.5169222482422757,0.3737808106017423,0.4710077957979651,0.04057627637087906,0.47130695455317445,2.2269704485490562,2.0903879114993296,1.794641443483084,0.630027300764335,1.164805435981572,4.845664564977442,0.12747413175678277,1.4806544660100314
D_W,dw,83,83,0.01,0.02,512,512,0,512,,512,512,0,512,0,0.5178843495009857,0.544476671554633,0.4721393749741445,0.5178187540646843,0.3740241726085082,0.47071113271164317,0.039599990863444554,0.46950313399594595,sample,123,0.5177110247698441,0.5446952918667529,0.4711856346397909,0.5178252391341556,0.37411211587016563,0.47051203444756473,0.04038502532099891,0.46974078188987123,2.251600818440095,2.110733421077299,1.7986935933907884,0.6295995424231516,1.1935169168363757,4.853050039820866,0.12687329886348797,1.4757341894767448
D_W,dw,83,83,0.01,0.02,512,512,0,512,,512,512,0,512,0,0.5178843495009857,0.544476671554633,0.4721393749741445,0.5178187540646843,0.3740241726085082,0.47071113271164317,0.039599990863444554,0.46950313399594595,sample,124,0.5185003849876212,0.5456490061549072,0.472161082781861,0.5185731276627522,0.37489425475939675,0.47130607083609066,0.03952545291189455,0.4693968604564964,2.241358259034521,2.0852307060734447,1.793890795657231,0.6256084589091284,1.1857511243452974,4.859771918893927,0.12417287249781721,1.4746537284282424
D_W,dw,83,83,0.01,0.02,512,512,0,512,,512,512,0,512,0,0.5178843495009857,0.544476671554633,0.4721393749741445,0.5178187540646843,0.3740241726085082,0.47071113271164317,0.039599990863444554,0.46950313399594595,sample,125,0.5185963091360447,0.5429829389501052,0.47238745843795527,0.5182132166071695,0.3722591410668388,0.4694421789242089,0.03888178365000305,0.4701535903477718,2.261491992632804,2.1035279980061703,1.8033344457163465,0.63964963308282,1.1624690286957304,4.854013848572085,0.12215072587331731,1.477031065495425
D_W,dw,83,83,0.01,0.02,512,512,0,512,,512,512,0,512,0,0.5178843495009857,0.544476671554633,0.4721393749741445,0.5178187540646843,0.3740241726085082,0.47071113271164317,0.039599990863444554,0.46950313399594595,sample,126,0.5186644736522008,0.5452083542170258,0.47149322678426764,0.5179986355432079,0.37446866796245354,0.47133223001184094,0.04062861651647226,0.46957802234830875,2.2496087947245424,2.098506412608552,1.793119099210306,0.6271716124650039,1.179257812309678,4.854798031787591,0.12763856317366618,1.4752228652966706
D_W,dw,83,83,0.01,0.02,512,512,0,512,,512,512,0,512,0,0.5178843495009857,0.544476671554633,0.4721393749741445,0.5178187540646843,0.3740241726085082,0.47071113271164317,0.039599990863444554,0.46950313399594595,sample,127,0.5176884423303626,0.5452276985783572,0.47203995989521674,0.5184346844826697,0.3736725430282408,0.47107327549868033,0.04034660678432764,0.47064800492065134,2.2446792319755176,2.093186843345389,1.7936162839660534,0.6314481230252029,1.1979879510657796,4.857293950525828,0.12675260347091982,1.478584314685411
D_W,dw,83,83,0.01,0.02,512,512,0,512,,512,512,0,512,0,0.5178843495009857,0.544476671554633,0.4721393749741445,0.5178187540646843,0.3740241726085082,0.47071113271164317,0.039599990863444554,0.46950313399594595,sample,128,0.5179897554159054,0.5434346503079992,0.4713365943467287,0.5180950213018882,0.37378938583267535,0.47098478133112803,0.03946625841272027,0.46924462807849626,2.251182010098104,2.1183133630070903,1.7945539180471681,0.6307699322036329,1.1781260508850016,4.854790194676922,0.12398690749407837,1.4741754763078787
D_W,dw,83,83,0.01,0.02,512,512,0,512,,512,512,0,512,0,0.5178843495009857,0.544476671554633,0.4721393749741445,0.5178187540646843,0.3740241726085082,0.47071113271164317,0.039599990863444554,0.46950313399594595,sample,129,0.5188743107504235,0.5461236529848794,0.4710334253250227,0.5186451265825976,0.37350474530579886,0.4707300698945428,0.04046554262249304,0.466620209059898,2.268015674312066,2.097305601157374,1.7958369646012438,0.6327402607745086,1.1823746533964001,4.858733056245801,0.12712625142634879,1.465930620799109
D_W,dw,83,83,0.01,0.02,512,512,0,512,,512,512,0,512,0,0.5178843495009857,0.544476671554633,0.4721393749741445,0.5178187540646843,0.3740241726085082,0.47071113271164317,0.039599990863444554,0.46950313399594595,sample,130,0.5180467810554071,0.5449564090685097,0.47181207317051943,0.5184439943074587,0.37278312023701254,0.47119485692998636,0.04144178182473199,0.46951112306868387,2.2541139696301937,2.097780634241452,1.7912374835969442,0.6354674144092306,1.189059144775111,4.856366515078441,0.13019319733224902,1.4750126950112705
D_W,dw,83,83,0.01,0.02,512,512,0,512,,512,512,0,512,0,0.5178843495009857,0.544476671554633,0.4721393749741445,0.5178187540646843,0.3740241726085082,0.47071113271164317,0.039599990863444554,0.46950313399594595,sample,131,0.5171627493426423,0.5441928519280734,0.4723149015577855,0.5181419518818812,0.37623305168379473,0.46983063902787264,0.03908573750682954,0.4678868890727055,2.2268141544101168,2.099344769994914,1.8074587867039493,0.6207135849306812,1.200364267384484,4.857934041671223,0.12279146581159471,1.469910013421794
D_W,dw,83,83,0.01,0.02,512,512,0,512,,512,512,0,512,0,0.5178843495009857,0.544476671554633,0.4721393749741445,0.5178187540646843,0.3740241726085082,0.47071113271164317,0.039599990863444554,0.46950313399594595,sample,132,0.5177316836066308,0.5441923843837221,0.4735269965206787,0.5180691970901553,0.37422964922069396,0.46856496179961127,0.04071294462644039,0.47099219139867116,2.236204933599891,2.0782014567498908,1.813326232219903,0.6314042556362803,1.1892227805169848,4.855080758613879,0.12790348774443316,1.479665608396223
D_W,dw,83,83,0.01,0.02,512,512,0,512,,512,512,0,512,0,0.5178843495009857,0.544476671554633,0.4721393749741445,0.5178187540646843,0.3740241726085082,0.47071113271164317,0.039599990863444554,0.46950313399594595,sample,133,0.5179994763623605,0.5428623622797117,0.4734136958414767,0.5172808587052288,0.37573921143842287,0.4693857240557593,0.04135961165696924,0.469358168868933,2.222227619462241,2.090291884583082,1.8101414688098336,0.6229406482800375,1.1732221964335408,4.8505719793189925,0.12993505213686132,1.4745321752209974
D_W,dw,83,83,0.01,0.02,512,512,0,512,,512,512,0,512,0,0.5178843495009857,0.544476671554633,0.4721393749741445,0.5178187540646843,0.3740241726085082,0.47071113271164317,0.039599990863444554,0.46950313399594595,sample,134,0.5164031110736725,0.5442686132504807,0.47160294691131843,0.5181989352642731,0.3747744881235421,0.4703968981805396,0.03899077779958187,0.4693878030251331,2.2358623173632837,2.1123229236334256,1.8006042392734594,0.626894518009502,1.2159451080508752,4.856707900415762,0.12249314109291841,1.4746252736684111
D_W,dw,83,83,0.01,0.02,512,512,0,512,,512,512,0,512,0,0.5178843495009857,0.544476671554633,0.4721393749741445,0.5178187540646843,0.3740241726085082,0.47071113271164317,0.039599990863444554,0.46950313399594595,sample,135,0.5193096222709593,0.5428718681239496,0.47214471156968313,0.5155874191615976,0.37257756746039805,0.47148699011267886,0.038698365819550905,0.4702402848682514,2.2487925727622518,2.105621095663555,1.789360120453445,0.6343382895755761,1.1476072336147125,4.83411290236549,0.12157450176463147,1.4773034243640701
D_W,dw,83,83,0.01,0.02,512,512,0,512,,512,512,0,512,0,0.5178843495009857,0.544476671554633,0.4721393749741445,0.5178187540646843,0.3740241726085082,0.47071113271164317,0.039599990863444554,0.46950313399594595,sample,136,0.5182544462959846,0.5430669306326728,0.47196687389875824,0.5174422794594983,0.3736192422895233,0.46980843212796414,0.03966173647377519,0.4692050981614368,2.2508995678341988,2.110706090087832,1.803171837833111,0.6324173027599637,1.1698897549065896,4.849536302971312,0.12460101993462648,1.4740512894108475
D_W,dw,83,83,0.01,0.02,512,512,0,512,,512,512,0,512,0,0.5178843495009857,0.544476671554633,0.4721393749741445,0.5178187540646843,0.3740241726085082,0.47071113271164317,0.039599990863444554,0.46950313399594595,sample,137,0.5168127273305106,0.543937035802721,0.47207202023061745,0.5181950722160465,0.37469884671298664,0.4712143904860176,0.03979411245311261,0.4686032738872899,2.229515779745152,2.106539182090114,1.794343521445609,0.626357502955973,1.205331353712084,4.856591788719246,0.12501689133882468,1.4721606026924356
D_W,dw,83,83,0.01,0.02,512,512,0,512,,512,512,0,512,0,0.5178843495009857,0.544476671554633,0.4721393749741445,0.5178187540646843,0.3740241726085082,0.47071113271164317,0.039599990863444554,0.46950313399594595,sample,138,0.5186390471544192,0.5446219863671511,0.47309466486842505,0.5185172675551658,0.37448941137738906,0.47114564057863195,0.040508509044041754,0.46988380623658743,2.2344202186558064,2.0785196111137116,1.79442617660067,0.627625279715944,1.175116595294304,4.858867792831105,0.12726123442063728,1.476183513713673
D_W,dw,83,83,0.01,0.02,512,512,0,512,,512,512,0,512,0,0.5178843495009857,0.544476671554633,0.4721393749741445,0.5178187540646843,0.3740241726085082,0.47071113271164317,0.039599990863444554,0.46950313399594595,sample,139,0.5182891589719211,0.5454787132102594,0.4708161183266369,0.5158044269601705,0.37426071270833,0.4709577524560826,0.03988811817854985,0.46815362785940023,2.251091681022151,2.107801112375555,1.7960751112550104,0.6271659206312696,1.1884398743089628,4.837425305580233,0.1253122190352537,1.4707479980345017
D_W,dw,83,83,0.01,0.02,512,512,0,512,,512,512,0,512,0,0.5178843495009857,0.544476671554633,0.4721393749741445,0.5178187540646843,0.3740241726085082,0.47071113271164317,0.039599990863444554,0.46950313399594595,sample,140,0.5183698034990739,0.5451165460687736,0.4728228013387118,0.5164533906935971,0.3722827246089335,0.47022713065182026,0.03895566129605159,0.46869952227130207,2.2475022007992864,2.0796882933612837,1.798008649053846,0.6375656034617141,1.184129952272188,4.84050997698424,0.1223828193434079,1.4724629759085681
D_W,dw,83,83,0.01,0.02,512,512,0,512,,512,512,0,512,0,0.5178843495009857,0.544476671554633,0.4721393749741445,0.5178187540646843,0.3740241726085082,0.47071113271164317,0.039599990863444554,0.46950313399594595,sample,141,0.5183722855239816,0.54476917648119,0.47291594845272605,0.5180282698640686,0.3746806909124229,0.4708114842667813,0.03977129240756394,0.4703053091250873,2.233459695121173,2.0810381495704733,1.797377356675076,0.6267635405239,1.1813755282578096,4.855267399407419,0.1249452000513744,1.4775077040916509
D_W,dw,83,83,0.01,0.02,512,512,0,512,,512,512,0,512,0,0.5178843495009857,0.544476671554633,0.4721393749741445,0.5178187540646843,0.3740241726085082,0.47071113271164317,0.039599990863444554,0.46950313399594595,sample,142,0.5182973245131397,0.5447643009258174,0.4717348309896117,0.5184046642631176,0.37325848470874784,0.47064708377145176,0.03807419939079728,0.46910396857389053,2.256090792806194,2.0997266296929213,1.7960979267108577,0.6338116952363353,1.1827712770098968,4.856595157949363,0.11961362509744171,1.4737335814415518
D_W,dw,83,83,0.01,0.02,512,512,0,512,,512,512,0,512,0,0.5178843495009857,0.544476671554633,0.4721393749741445,0.5178187540646843,0.3740241726085082,0.47071113271164317,0.039599990863444554,0.46950313399594595,sample,143,0.518310941344845,0.5446906799702809,0.4714731586663038,0.5169710574624472,0.3746686471890425,0.4705507323282627,0.04058657002936389,0.4675347850512345,2.2462918255301574,2.1043207627973124,1.7995662928345497,0.6264164424770611,1.181933537745958,4.846979869806218,0.12750647023865727,1.4688038460146413
D_W,dw,83,83,0.01,0.02,512,512,0,512,,512,512,0,512,0,0.5178843495009857,0.544476671554633,0.4721393749741445,0.5178187540646843,0.3740241726085082,0.47071113271164317,0.039599990863444554,0.46950313399594595,sample,144,0.518942862805371,0.5438489970376635,0.47236659412883975,0.5174791404572799,0.37495138905237063,0.46981645907294584,0.03850412470192908,0.4715318896309261,2.2437679304867935,2.095271420951079,1.8054432892922667,0.6262399222759328,1.1630097414746527,4.851267933552714,0.12096427529648568,1.4813611203978307
D_W,dw,83,83,0.01,0.02,512,512,0,512,,512,512,0,512,0,0.5178843495009857,0.544476671554633,0.4721393749741445,0.5178187540646843,0.3740241726085082,0.47071113271164317,0.039599990863444554,0.46950313399594595,sample,145,0.5185552534257707,0.5435686287509194,0.4706051943955955,0.5169259698078575,0.37296482560256883,0.47192222688897584,0.039841405329995506,0.47141883456342704,2.2598324086815618,2.1263185869738233,1.7864760850545411,0.632875696786693,1.1681757718475267,4.844847286125502,0.1251654662934071,1.4810059474283244
D_W,dw,83,83,0.01,0.02,512,512,0,512,,512,512,0,512,0,0.5178843495009857,0.544476671554633,0.4721393749741445,0.5178187540646843,0.3740241726085082,0.47071113271164317,0.039599990863444554,0.46950313399594595,sample,146,0.51781133246668,0.5431951679279506,0.4721104369205285,0.5161176223888141,0.3743551544734164,0.47003438497277406,0.040105141323373214,0.4708287692442156,2.2368215483710006,2.1089400761952044,1.803082524830507,0.6279212923763556,1.179692801372031,4.839971428520398,0.12599401735268972,1.4791522025563515
D_W,dw,83,83,0.01,0.02,512,512,0,512,,512,512,0,512,0,0.5178843495009857,0.544476671554633,0.4721393749741445,0.5178187540646843,0.3740241726085082,0.47071113271164317,0.039599990863444554,0.46950313399594595,sample,147,0.521488342321963,0.5442738171344284,0.4710772025910655,0.5184495269058056,0.3732473385138336,0.4687954123705744,0.041242317641988074,0.4680526033000848,2.29451014186441,2.1021273736374946,1.8097591681742395,0.6359486984630668,1.1189364298789162,4.856929264849854,0.12956656212108644,1.4704306200211241
D_W,dw,83,83,0.01,0.02,512,512,0,512,,512,512,0,512,0,0.5178843495009857,0.544476671554633,0.4721393749741445,0.5178187540646843,0.3740241726085082,0.47071113271164317,0.039599990863444554,0.46950313399594595,sample,148,0.5165967184824602,0.5434336933355992,0.4726796129975186,0.5169106234422829,0.3744113032640732,0.47160192563078895,0.04058306087659775,0.4713578102040965,2.2172890169381585,2.1020317540816613,1.791251359216736,0.6264483212382445,1.2058014261070789,4.8462347814889934,0.12749544591010684,1.4808142337493615
D_W,dw,83,83,0.01,0.02,512,512,0,512,,512,512,0,512,0,0.5178843495009857,0.544476671554633,0.4721393749741445,0.5178187540646843,0.3740241726085082,0.47071113271164317,0.039599990863444554,0.46950313399594595,sample,149,0.517677389327931,0.5450719162120639,0.4729927506674216,0.5180951562008748,0.3718400977403347,0.4709089176225896,0.039348095767913684,0.4684457996467658,2.245471063177281,2.0796337906575952,1.7918835050348054,0.6399307321071954,1.1970285857644474,4.852653841035761,0.12361568859722526,1.4716658827752755
D_W,dw,83,83,0.01,0.02,512,512,0,512,,512,512,0,512,0,0.5178843495009857,0.544476671554633,0.4721393749741445,0.5178187540646843,0.3740241726085082,0.47071113271164317,0.039599990863444554,0.46950313399594595,sample,150,0.5175827724142072,0.5430666484283518,0.4716748239329036,0.5179779607300835,0.3744135291151817,0.4700184389563089,0.038556384806232184,0.47082444263588574,2.2451750379253688,2.117743508855934,1.8028619273143496,0.6288418707138931,1.1831819902021028,4.854575031820026,0.12112845525624015,1.4791386101154076
D_W,dw,83,83,0.01,0.02,512,512,0,512,,512,512,0,512,0,0.5178843495009857,0.544476671554633,0.4721393749741445,0.5178187540646843,0.3740241726085082,0.47071113271164317,0.039599990863444554,0.46950313399594595,sample,151,0.5174000854687566,0.5450567540885134,0.47310729618561426,0.5180511134258902,0.3738306346139965,0.4708229231659361,0.03880947468394052,0.46920362685163525,2.2303633447033437,2.0788350890070193,1.7958408281296627,0.6307223680538274,1.2022589015511798,4.854495112802172,0.1219235605567466,1.4740466671547838
D_W,dw,83,83,0.01,0.02,512,512,0,512,,512,512,0,512,0,0.5178843495009857,0.544476671554633,0.4721393749741445,0.5178187540646843,0.3740241726085082,0.47071113271164317,0.039599990863444554,0.46950313399594595,sample,152,0.5204708608659618,0.5427805728398953,0.47139304960807094,0.5167717929932223,0.37143706268659515,0.4742917099130299,0.04094045788691064,0.47022262611878624,2.262397592810721,2.1135582701484417,1.766543652506324,0.6375984104508287,1.1244893949213237,4.842112276252159,0.12861824173212077,1.4772479477664788
D_W,dw,83,83,0.01,0.02,512,512,0,512,,512,512,0,512,0,0.5178843495009857,0.544476671554633,0.4721393749741445,0.5178187540646843,0.3740241726085082,0.47071113271164317,0.039599990863444554,0.46950313399594595,sample,153,0.5185855445890211,0.5451438618729615,0.4726086194727219,0.5178278822405508,0.37391471250982106,0.4700764619259483,0.03875102056668139,0.4692507460936851,2.2462404925996995,2.0820980958149735,1.8015991301699894,0.6309971257608461,1.1802480825210049,4.8528532548301175,0.12173992153139325,1.4741946966194504
D_W,dw,83,83,0.01,0.02,512,512,0,512,,512,512,0,512,0,0.5178843495009857,0.544476671554633,0.4721393749741445,0.5178187540646843,0.3740241726085082,0.47071113271164317,0.039599990863444554,0.46950313399594595,sample,154,0.5208874459029935,0.5424985888617799,0.4715737239542659,0.5194187788117755,0.373994055781908,0.4694935159271358,0.03998758447091372,0.46961207739023936,2.2786524055203934,2.111429870089809,1.8056592571143775,0.6323689662293366,1.1139833814343305,4.865296065524041,0.12562470160862382,1.4753298523662173
D_W,dw,83,83,0.01,0.02,512,512,0,512,,512,512,0,512,0,0.5178843495009857,0.544476671554633,0.4721393749741445,0.5178187540646843,0.3740241726085082,0.47071113271164317,0.039599990863444554,0.46950313399594595,sample,155,0.5172786998450639,0.5443512616095919,0.47145170100802564,0.5181881626716586,0.37333592128723214,0.47063572236789536,0.04020369100154863,0.46868489831741583,2.250834450605042,2.111051813038919,1.796365341270903,0.6333181078228511,1.1992982916656039,4.855007778332803,0.12630362029765924,1.4724170334024729
D_W,dw,83,83,0.01,0.02,512,512,0,512,,512,512,0,512,0,0.5178843495009857,0.544476671554633,0.4721393749741445,0.5178187540646843,0.3740241726085082,0.47071113271164317,0.039599990863444554,0.46950313399594595,sample,156,0.5166999346615355,0.5459556226910246,0.4712368784098854,0.5162892553630121,0.37508736524720304,0.47254027215182803,0.03878199209764928,0.47105888824105197,2.225314660403229,2.1025331460216163,1.785424609668759,0.6219300946080586,1.2222406071364498,4.84206241588732,0.12183722146555238,1.4798751427062642
D_W,dw,83,83,0.01,0.02,512,512,0,512,,512,512,0,512,0,0.5178843495009857,0.544476671554633,0.4721393749741445,0.5178187540646843,0.3740241726085082,0.47071113271164317,0.039599990863444554,0.46950313399594595,sample,157,0.5179192705563365,0.5445983155809366,0.47277638814696943,0.518919490759779,0.3740792774792018,0.46984646994736723,0.04118169319693218,0.47024681053279666,2.2429296804560925,2.0861495516710047,1.8033194442198477,0.6312268222411352,1.1887456112432868,4.861522658275453,0.12937610480987088,1.4773239253438653
D_W,dw,83,83,0.01,0.02,512,512,0,512,,512,512,0,512,0,0.5178843495009857,0.544476671554633,0.4721393749741445,0.5178187540646843,0.3740241726085082,0.47071113271164317,0.039599990863444554,0.46950313399594595,sample,158,0.5184516922831683,0.5461739149595476,0.47098742135647836,0.516564069753275,0.37556312558813054,0.4726150339647738,0.03806411070066478,0.4687363902129702,2.2374648645663675,2.0989727942726093,1.7855784694167183,0.6197993663640505,1.1906236969740713,4.84472326438411,0.1195819305426371,1.4725787999632658
D_W,dw,83,83,0.01,0.02,512,512,0,512,,512,512,0,512,0,0.5178843495009857,0.544476671554633,0.4721393749741445,0.5178187540646843,0.3740241726085082,0.47071113271164317,0.039599990863444554,0.46950313399594595,sample,159,0.5178272800808257,0.5443773231032796,0.4726028492624186,0.5170140716500509,0.37428671787476175,0.46963465368273277,0.037774423015118665,0.46989034864302687,2.2377669748053837,2.0910295410674693,1.8057381620175001,0.6292358257054361,1.1888076472236542,4.846911889266708,0.11867184983789,1.47620406728968
D_W,dw,83,83,0.01,0.02,512,512,0,512,,512,512,0,512,0,0.5178843495009857,0.544476671554633,0.4721393749741445,0.5178187540646843,0.3740241726085082,0.47071113271164317,0.039599990863444554,0.46950313399594595,sample,160,0.5158892998318514,0.5440010583391913,0.4744840968542232,0.5163873019259664,0.37375973208107394,0.4695560959826503,0.04172121628392261,0.47071244193855066,2.206954926413764,2.07011677344531,1.8055392409472015,0.6313884371104231,1.2242568840420995,4.841477548441914,0.13107106657640213,1.4787867495474627
D_W,dw,83,83,0.01,0.02,512,512,0,512,,512,512,0,512,0,0.5178843495009857,0.544476671554633,0.4721393749741445,0.5178187540646843,0.3740241726085082,0.47071113271164317,0.039599990863444554,0.46950313399594595,sample,161,0.5155349752084932,0.5455961788381392,0.47250881217761154,0.517451098899327,0.37490069404199394,0.47171939714491,0.04048718299282636,0.46947294681092283,2.212414635008608,2.0894021235102875,1.7910608963635521,0.6243876398435205,1.242423472073521,4.8509925060092165,0.12719423665480892,1.4748927607603468
D_W,dw,83,83,0.01,0.02,512,512,0,512,,512,512,0,512,0,0.5178843495009857,0.544476671554633,0.4721393749741445,0.5178187540646843,0.3740241726085082,0.47071113271164317,0.039599990863444554,0.46950313399594595,sample,162,0.518579464389075,0.5458692432186518,0.4706508271873469,0.51996711945931,0.3767693373376978,0.4698692133063522,0.037602069339897355,0.4708786420462714,2.2589674727813027,2.106083648669786,1.8076263083918565,0.6194896660389487,1.1859417101572447,4.873023378908672,0.11813038479799554,1.4793088825849041
D_W,dw,83,83,0.01,0.02,512,512,0,512,,512,512,0,512,0,0.5178843495009857,0.544476671554633,0.4721393749741445,0.5178187540646843,0.3740241726085082,0.47071113271164317,0.039599990863444554,0.46950313399594595,sample,163,0.5186534322416798,0.5453111375653032,0.4717589506948583,0.5184327668639053,0.37413379464315405,0.4712337453366722,0.038323473057580944,0.46884287188079804,2.2507390352891274,2.0936385533498374,1.793190081040906,0.6291286427594315,1.1802665587987047,4.85780261419868,0.12039674141774266,1.4729133219886557
D_W,dw,83,83,0.01,0.02,512,512,0,512,,512,512,0,512,0,0.5178843495009857,0.544476671554633,0.4721393749741445,0.5178187540646843,0.3740241726085082,0.47071113271164317,0.039599990863444554,0.46950313399594595,sample,164,0.517433629124574,0.5440442442919134,0.47301379617896777,0.5181898846674398,0.3729843243459254,0.4712397864370698,0.03904008541101989,0.4691306620785632,2.234316792894804,2.088639288690889,1.7912954926953708,0.6343120234037899,1.19389787023076,4.854631584574241,0.12264804552277814,1.4738174415597298
D_W,dw,83,83,0.01,0.02,512,512,0,512,,512,512,0,512,0,0.5178843495009857,0.544476671554633,0.4721393749741445,0.5178187540646843,0.3740241726085082,0.47071113271164317,0.039599990863444554,0.46950313399594595,sample,165,0.5195930904514879,0.5435306691606441,0.4724655593284003,0.5175134585380351,0.37368405996598464,0.47023948345231437,0.039709446145178205,0.47100917056479175,2.252879705933228,2.0939794179632987,1.8000643646341146,0.6316858939174071,1.1478604612325027,4.85015871349422,0.12475090428781138,1.4797189500197716
D_W,dw,83,83,0.01,0.02,512,512,0,512,,512,512,0,512,0,0.5178843495009857,0.544476671554633,0.4721393749741445,0.5178187540646843,0.3740241726085082,0.47071113271164317,0.039599990863444554,0.46950313399594595,sample,166,0.5182754956795411,0.5437051672548256,0.47162158109822755,0.5185614546349275,0.37380838386640414,0.4706032295129629,0.03849829117246264,0.4691404258992768,2.2535014981467834,2.110517609496927,1.797314467256708,0.6314076286459323,1.17473846229958,4.858431210092745,0.12094594872316941,1.4738481155071548
D_W,dw,83,83,0.01,0.02,512,512,0,512,,512,512,0,512,0,0.5178843495009857,0.544476671554633,0.4721393749741445,0.5178187540646843,0.3740241726085082,0.47071113271164317,0.039599990863444554,0.46950313399594595,sample,167,0.5183600268386956,0.5443574728548118,0.47309648218794614,0.5177007020056196,0.3745347120479181,0.4703228219653067,0.03878465379492556,0.4698800771466339,2.2333363745590455,2.081595001154843,1.8008666559603597,0.6277590540236424,1.1783558936272431,4.85254446582281,0.12184558343416163,1.4761717984320701
D_W,dw,83,83,0.01,0.02,512,512,0,512,,512,512,0,512,0,0.5178843495009857,0.544476671554633,0.4721393749741445,0.5178187540646843,0.3740241726085082,0.47071113271164317,0.039599990863444554,0.46950313399594595,sample,168,0.5180086738299515,0.546913781593001,0.47048026489169625,0.523424838425133,0.3745913925043975,0.4718903147348745,0.040451409887069474,0.46687800235852805,2.272937014915956,2.1019290792528826,1.787665221436474,0.6301750588089575,1.2042742052613888,4.897049141934598,0.12708185212856699,1.4667405023322297
D_W,dw,83,83,0.01,0.02,512,512,0,512,,512,512,0,512,0,0.5178843495009857,0.544476671554633,0.4721393749741445,0.5178187540646843,0.3740241726085082,0.47071113271164317,0.039599990863444554,0.46950313399594595,sample,169,0.5206520181997852,0.5428810252170326,0.47188651216051974,0.5126531701305161,0.3750686091972954,0.47087136323193113,0.04048167753954223,0.46928049156611773,2.2393464243871444,2.104335439723279,1.798735260057831,0.6218157777333855,1.1219669970894095,4.813325740160374,0.1271769407632168,1.4742881447771223
D_W,dw,83,83,0.01,0.02,512,512,0,512,,512,512,0,512,0,0.5178843495009857,0.544476671554633,0.4721393749741445,0.5178187540646843,0.3740241726085082,0.47071113271164317,0.039599990863444554,0.46950313399594595,sample,170,0.5173773100247058,0.5450168673085607,0.47187521499937607,0.5187249651412745,0.3790598727295502,0.4782700204144918,0.03976789276806579,0.4699470853099946,2.1776356471394527,2.098505361479059,1.7465247418464378,0.5995807448445566,1.2024014153728435,4.865997691946345,0.12493451976890214,1.476382310785815
D_W,dw,83,83,0.01,0.02,512,512,0,512,,512,512,0,512,0,0.5178843495009857,0.544476671554633,0.4721393749741445,0.5178187540646843,0.3740241726085082,0.47071113271164317,0.039599990863444554,0.46950313399594595,sample,171,0.5169294771273207,0.5439061664692826,0.47173699964894833,0.5175860022161545,0.3736318246870363,0.4715970185717989,0.04034511837801356,0.46938860506355495,2.236712631978838,2.11166598752494,1.7898427295543486,0.6305205163207316,1.2027797298395397,4.850665686227526,0.12674792750457795,1.474627793346425
D_W,dw,83,83,0.01,0.02,512,512,0,512,,512,512,0,512,0,0.5178843495009857,0.544476671554633,0.4721393749741445,0.5178187540646843,0.3740241726085082,0.47071113271164317,0.039599990863444554,0.46950313399594595,sample,172,0.5163907587579222,0.5442337017624478,0.4709277828893825,0.5194925691119363,0.37312590513562993,0.4703016878646929,0.03859776632588258,0.47059837125184983,2.2576046012124715,2.1231087257403143,1.7981582619368903,0.6355577487462191,1.2159335064128107,4.8648340906964105,0.12125845913436822,1.4784283859161336
D_W,dw,83,83,0.01,0.02,512,512,0,512,,512,512,0,512,0,0.5178843495009857,0.544476671554633,0.4721393749741445,0.5178187540646843,0.3740241726085082,0.47071113271164317,0.039599990863444554,0.46950313399594595,sample,173,0.5179154828695616,0.5436186510307258,0.47239242039292517,0.5197367636353218,0.3736052110167248,0.4700869013821596,0.03896646002679196,0.46920855750794604,2.2504197203085976,2.1004636055246344,1.800499611454872,0.6337426505790948,1.1810744206073065,4.867289782611389,0.12241674455656995,1.4740621572684272
D_W,dw,83,83,0.01,0.02,512,512,0,512,,512,512,0,512,0,0.5178843495009857,0.544476671554633,0.4721393749741445,0.5178187540646843,0.3740241726085082,0.47071113271164317,0.039599990863444554,0.46950313399594595,sample,174,0.5183787101909555,0.5454158687040466,0.4724344405640343,0.518774913903041,0.3737099266886721,0.4706007087073982,0.03912810410969283,0.46957937812141015,2.248633608304522,2.0832885656221594,1.7971127349157026,0.6320149848429673,1.1862654619711939,4.859973050711326,0.12292456441990758,1.4752271245834858
D_W,dw,83,83,0.01,0.02,512,512,0,512,,512,512,0,512,0,0.5178843495009857,0.544476671554633,0.4721393749741445,0.5178187540646843,0.3740241726085082,0.47071113271164317,0.039599990863444554,0.46950313399594595,sample,175,0.5175498317514615,0.5458085891360748,0.4726290858749746,0.5175663124074823,0.37451864644258415,0.4707029588742178,0.03902950136640569,0.4694894659299009,2.2321905384499394,2.0797305222200935,1.7980255195478498,0.6273302932114746,1.2049325818567913,4.851476503192455,0.12261479476597291,1.4749446571031721
D_W,dw,83,83,0.01,0.02,512,512,0,512,,512,512,0,512,0,0.5178843495009857,0.544476671554633,0.4721393749741445,0.5178187540646843,0.3740241726085082,0.47071113271164317,0.039599990863444554,0.46950313399594595,sample,176,0.5183280701906712,0.5439719244894538,0.471278297091256,0.5180835302917919,0.37397200078018233,0.4703822060663482,0.04061869215558699,0.46987130670507643,2.256318068755286,2.1133502933637667,1.7993583601740244,0.6305642808033363,1.175880518881255,4.854904412655356,0.12760738487441745,1.4761442452773046
D_W,dw,83,83,0.01,0.02,512,512,0,512,,512,512,0,512,0,0.5178843495009857,0.544476671554633,0.4721393749741445,0.5178187540646843,0.3740241726085082,0.47071113271164317,0.039599990863444554,0.46950313399594595,sample,177,0.5172320454848753,0.5450932341538284,0.4724822342841704,0.5173823793177286,0.37328419057563694,0.471371204384706,0.040501124460255826,0.4708058308092687,2.2344604835957798,2.0888929635075604,1.7909997291078112,0.6322478712842257,1.2057784076113265,4.84871422958905,0.12723803506646558,1.4790801393376376
D_W,dw,83,83,0.01,0.02,512,512,0,512,,512,512,0,512,0,0.5178843495009857,0.544476671554633,0.4721393749741445,0.5178187540646843,0.3740241726085082,0.47071113271164317,0.039599990863444554,0.46950313399594595,sample,178,0.5172650421172655,0.5442478043633081,0.4712386753792776,0.51816880918399,0.37433034970488516,0.4697587737249585,0.03949368220016142,0.469289022356434,2.251158094056561,2.115280753898085,1.8046049970652134,0.6296449961360179,1.19877551731217,4.855970059994126,0.12407306186323709,1.4743149450453092
D_W,dw,83,83,0.01,0.02,512,512,0,512,,512,512,0,512,0,0.5178843495009857,0.544476671554633,0.4721393749741445,0.5178187540646843,0.3740241726085082,0.47071113271164317,0.039599990863444554,0.46950313399594595,sample,179,0.517581788825745,0.5435450604654576,0.47302809607215435,0.5175155577886824,0.3735937699349334,0.4697542624739251,0.038955882236547806,0.4690092687516341,2.236217740958878,2.0921439343345574,1.8035118418913003,0.6326430808338965,1.1870520835635336,4.850077840222946,0.12238351344844771,1.4734360731756546
D_W,dw,83,83,0.01,0.02,512,512,0,512,,512,512,0,512,0,0.5178843495009857,0.544476671554633,0.4721393749741445,0.5178187540646843,0.3740241726085082,0.47071113271164317,0.039599990863444554,0.46950313399594595,sample,180,0.5167265135403373,0.542723965827567,0.47447219833079,0.5183205507316171,0.3731961767859032,0.4757697781711462,0.04408807097524976,0.469394940419876,2.1916640338220015,2.0785286681605206,1.7577094042912542,0.6289878897895721,1.1976373018542616,4.855875565277641,0.13850675988679004,1.474647696455301
D_W,dw,83,83,0.01,0.02,512,512,0,512,,512,512,0,512,0,0.5178843495009857,0.544476671554633,0.4721393749741445,0.5178187540646843,0.3740241726085082,0.47071113271164317,0.039599990863444554,0.46950313399594595,sample,181,0.5208600146635565,0.5436153439291291,0.4695551898105226,0.5164659916182834,0.37447460309707775,0.4708668207490564,0.039480027143883704,0.47007200814233174,2.2814340241020816,2.1327781299975497,1.7969772634433798,0.6266629031317685,1.1246814042356816,4.842820831071716,0.12403016323875067,1.4767747674381508
D_W,dw,83,83,0.01,0.02,512,512,0,512,,512,512,0,512,0,0.5178843495009857,0.544476671554633,0.4721393749741445,0.5178187540646843,0.3740241726085082,0.47071113271164317,0.039599990863444554,0.46950313399594595,sample,182,0.517537873112213,0.5437230759497296,0.4712371006787396,0.5184775263369104,0.37287771856904395,0.47061724799142657,0.03899992286582053,0.4695799425183792,2.2581423905700904,2.1189421560491972,1.7956620492526651,0.6356648973016961,1.189331250058491,4.856730509968238,0.12252187116583038,1.4752288976888575
D_W,dw,83,83,0.01,0.02,512,512,0,512,,512,512,0,512,0,0.5178843495009857,0.544476671554633,0.4721393749741445,0.5178187540646843,0.3740241726085082,0.47071113271164317,0.039599990863444554,0.46950313399594595,sample,183,0.5196202325980931,0.5447521813657226,0.4716750579668559,0.5186868430308914,0.3735513325054846,0.47219770605167866,0.03933837587710679,0.4698877820601596,2.2575048772456308,2.0961304564879457,1.7849683359109518,0.6310096625092768,1.157614300960556,4.859109079038531,0.12358515265967263,1.4761960041317992
D_W,dw,83,83,0.01,0.02,512,512,0,512,,512,512,0,512,0,0.5178843495009857,0.544476671554633,0.4721393749741445,0.5178187540646843,0.3740241726085082,0.47071113271164317,0.039599990863444554,0.46950313399594595,sample,184,0.5173875966185765,0.5443573949488323,0.4709988561483859,0.517329479421512,0.37381666839744043,0.47156945529286565,0.03958229068398244,0.46871841691268173,2.2461969293724158,2.1175963102028086,1.7904122701272327,0.6295219470266812,1.1972152824910063,4.848870913220264,0.12435143362505494,1.4725223351751189
D_W,dw,83,83,0.01,0.02,512,512,0,512,,512,512,0,512,0,0.5178843495009857,0.544476671554633,0.4721393749741445,0.5178187540646843,0.3740241726085082,0.47071113271164317,0.039599990863444554,0.46950313399594595,sample,185,0.5169431280695631,0.5440172305807903,0.4713194069246888,0.5187999898348961,0.37398043003058073,0.4716734063765238,0.03818729964163021,0.4699362517683853,2.242509434724494,2.1171386840428177,1.7895575089952478,0.6296314910111066,1.2033568490937443,4.860479906079945,0.1199689400145776,1.4763482762110827
D_W,dw,83,83,0.01,0.02,512,512,0,512,,512,512,0,512,0,0.5178843495009857,0.544476671554633,0.4721393749741445,0.5178187540646843,0.3740241726085082,0.47071113271164317,0.039599990863444554,0.46950313399594595,sample,186,0.5178382060634038,0.5451834405032957,0.47245874913796493,0.517945878609457,0.37288034635317235,0.47117657644013883,0.03882079536182608,0.4684681883873197,2.2440348274282864,2.0865660712140692,1.7916502476362428,0.6347016216253767,1.1947848712121625,4.852635308692059,0.12195912551522553,1.4717362190781227
D_W,dw,83,83,0.01,0.02,512,512,0,512,,512,512,0,512,0,0.5178843495009857,0.544476671554633,0.4721393749741445,0.5178187540646843,0.3740241726085082,0.47071113271164317,0.039599990863444554,0.46950313399594595,sample,187,0.514633093211188,0.5453328416928629,0.47360999803948717,0.5167244871227546,0.3727981801707657,0.47039263190025404,0.03899922918365236,0.4690369326750237,2.2123578096707464,2.0766993632467683,1.7975986228436605,0.6351479534239168,1.2585624913783666,4.843119048799545,0.12251969189902692,1.4735229819541449
D_W,dw,83,83,0.01,0.02,512,512,0,512,,512,512,0,512,0,0.5178843495009857,0.544476671554633,0.4721393749741445,0.5178187540646843,0.3740241726085082,0.47071113271164317,0.039599990863444554,0.46950313399594595,sample,188,0.5166402839654457,0.5453497378498562,0.4722305837021827,0.515455287940409,0.3745868153673232,0.4711351218901366,0.04033227356629691,0.4686896889044673,2.221078685689238,2.092526346773753,1.795373284263038,0.6252506136633608,1.2191173932689632,4.835005706844749,0.12670757433845217,1.4724320834755602
D_W,dw,83,83,0.01,0.02,512,512,0,512,,512,512,0,512,0,0.5178843495009857,0.544476671554633,0.4721393749741445,0.5178187540646843,0.3740241726085082,0.47071113271164317,0.039599990863444554,0.46950313399594595,sample,189,0.5181243633104397,0.5455340897506944,0.47264867219561785,0.518250180208744,0.3747102825169269,0.4711514985812778,0.039375765419654804,0.469308283154624,2.2342995751904433,2.079831019008426,1.79482156681437,0.626408906506325,1.1919812346107999,4.857035501878892,0.12370261537186254,1.474375454627405
D_W,dw,83,83,0.01,0.02,512,512,0,512,,512,512,0,512,0,0.5178843495009857,0.544476671554633,0.4721393749741445,0.5178187540646843,0.3740241726085082,0.47071113271164317,0.039599990863444554,0.46950313399594595,sample,190,0.5166998022002315,0.5446728235300574,0.4724696125675874,0.5178011539878986,0.3742212500599327,0.4705924473935419,0.04122620970340293,0.46901556535607697,2.230077316814023,2.094321051065141,1.7982859153894595,0.6289883218801322,1.2130565065860408,4.8529827583626854,0.1295159575395629,1.473455854541915
D_W,dw,83,83,0.01,0.02,512,512,0,512,,512,512,0,512,0,0.5178843495009857,0.544476671554633,0.4721393749741445,0.5178187540646843,0.3740241726085082,0.47071113271164317,0.039599990863444554,0.46950313399594595,sample,191,0.5188224729616283,0.5427882714446794,0.47238683122174135,0.5173572452964766,0.37471012035607487,0.4723895737386962,0.04163984415212938,0.4685672327595811,2.2304710790464077,2.1043610879777255,1.7857126818672668,0.6245179480873392,1.1563749517280026,4.850049454595177,0.13081542848495356,1.4720473761503987
D_W,dw,83,83,0.01,0.02,512,512,0,512,,512,512,0,512,0,0.5178843495009857,0.544476671554633,0.4721393749741445,0.5178187540646843,0.3740241726085082,0.47071113271164317,0.039599990863444554,0.46950313399594595,sample,192,0.5182879793724191,0.5432332786925037,0.4720718086207591,0.5196618719059152,0.37472033125783005,0.4717937469082434,0.03896296289172337,0.47180331256484304,2.2405420987360194,2.107493563647104,1.789657220719017,0.6266755472829871,1.1706149815449023,4.8680629518225755,0.12240575798272987,1.4822138206930398
D_W,dw,83,83,0.01,0.02,512,512,0,512,,512,512,0,512,0,0.5178843495009857,0.544476671554633,0.4721393749741445,0.5178187540646843,0.3740241726085082,0.47071113271164317,0.039599990863444554,0.46950313399594595,sample,193,0.5196346167030944,0.5446500615780787,0.4699912360737714,0.5193997888991577,0.3716306478678464,0.4704934161664788,0.040922370199274756,0.46851631943150784,2.2976865716791153,2.122339196589115,1.7942762537305625,0.6422354962650855,1.1565035738555485,4.862378766267286,0.12856141758552345,1.4718874272129538
D_W,dw,83,83,0.01,0.02,512,512,0,512,,512,512,0,512,0,0.5178843495009857,0.544476671554633,0.4721393749741445,0.5178187540646843,0.3740241726085082,0.47071113271164317,0.039599990863444554,0.46950313399594595,sample,194,0.517144238119466,0.5444395459347736,0.4717662347389733,0.5177654774091923,0.37315659832135223,0.47045303278453976,0.039248407042455344,0.468259527529193,2.24741014844809,2.105867190975265,1.7975188731991198,0.6340713339162272,1.2026014956671776,4.851542148663631,0.12330250722967961,1.4710806916591401
D_W,dw,83,83,0.01,0.02,512,512,0,512,,512,512,0,512,0,0.5178843495009857,0.544476671554633,0.4721393749741445,0.5178187540646843,0.3740241726085082,0.47071113271164317,0.039599990863444554,0.46950313399594595,sample,195,0.5175829808983224,0.5438692648477512,0.47201235118617335,0.5180051519146587,0.37414564625340174,0.4712933940889685,0.03908093723562294,0.4684628334177232,2.2376130147653908,2.105448834810996,1.7928672193771162,0.6287217886281375,1.189596958508615,4.854488162417646,0.12277638531483683,1.4717193959449784
D_W,dw,83,83,0.01,0.02,512,512,0,512,,512,512,0,512,0,0.5178843495009857,0.544476671554633,0.4721393749741445,0.5178187540646843,0.3740241726085082,0.47071113271164317,0.039599990863444554,0.46950313399594595,sample,196,0.5159592852959134,0.5461465238140287,0.4719414690392704,0.5193076580605208,0.3743936427548144,0.4698269836790112,0.037875131603089016,0.46918898454275243,2.2402032549120414,2.092357720479706,1.8039100359517193,0.6300634838089455,1.237832868688935,4.864910782628259,0.11898823519801105,1.474000666984766
D_W,dw,83,83,0.01,0.02,512,512,0,512,,512,512,0,512,0,0.5178843495009857,0.544476671554633,0.4721393749741445,0.5178187540646843,0.3740241726085082,0.47071113271164317,0.039599990863444554,0.46950313399594595,sample,197,0.518424096057835,0.5440958709636475,0.472969046470102,0.5186366254676312,0.374774026684817,0.4714358454805459,0.03908357605890458,0.4698117682354638,2.2309301922257037,2.0855514505374737,1.7926970339019035,0.6260737609300281,1.1750236744840148,4.860128570417606,0.12278467542267255,1.4759571996585634
D_W,dw,83,83,0.01,0.02,512,512,0,512,,512,512,0,512,0,0.5178843495009857,0.544476671554633,0.4721393749741445,0.5178187540646843,0.3740241726085082,0.47071113271164317,0.039599990863444554,0.46950313399594595,sample,198,0.5179495224820596,0.5454507453939665,0.47282101528970966,0.5177097026067856,0.37432053094351386,0.47063185906673366,0.03984302637166985,0.469749045090477,2.234408882820399,2.078376507246016,1.798183507774408,0.6284233586326429,1.1946747447738357,4.852378944624745,0.1251705589460224,1.4757601490870629
D_W,dw,83,83,0.01,0.02,512,512,0,512,,512,512,0,512,0,0.5178843495009857,0.544476671554633,0.4721393749741445,0.5178187540646843,0.3740241726085082,0.47071113271164317,0.039599990863444554,0.46950313399594595,sample,199,0.5171680332560371,0.5440026936641291,0.4718824498518841,0.5174206747193644,0.37388961143012633,0.4702635037881897,0.040168006929898935,0.4689557052774966,2.2413116280871015,2.1077466158810467,1.8002615001604085,0.6306433367312395,1.198802521758339,4.8496585451353225,0.1261915154803144,1.4732677985588034
D_W,dw,83,83,0.01,0.02,512,512,0,512,,512,512,0,512,0,0.5178843495009857,0.544476671554633,0.4721393749741445,0.5178187540646843,0.3740241726085082,0.47071113271164317,0.039599990863444554,0.46950313399594595,sample,200,0.5160477878537783,0.5446730022287235,0.4715649460308875,0.5195446958839368,0.3732626707678405,0.47106359368197465,0.03931091829467783,0.46912450785597637,2.2444598328449485,2.110507140357591,1.7927298351441827,0.6341406417333743,1.225924448937531,4.865397825651155,0.12349889212042847,1.4737981074992625
D_W,dw,83,83,0.01,0.02,512,512,0,512,,512,512,0,512,0,0.5178843495009857,0.544476671554633,0.4721393749741445,0.5178187540646843,0.3740241726085082,0.47071113271164317,0.039599990863444554,0.46950313399594595,sample,201,0.518218768256096,0.5451655459351868,0.4729371878380947,0.5179145302244692,0.37543241226021284,0.47015627871123594,0.03987357937975303,0.4698386924822704,2.230954133407952,2.077994360958606,1.803634181682998,0.6239121535887266,1.1873816451605999,4.855223370833953,0.12526654405176157,1.4760417846745346
D_W,dw,83,83,0.01,0.02,512,512,0,512,,512,512,0,512,0,0.5178843495009857,0.544476671554633,0.4721393749741445,0.5178187540646843,0.3740241726085082,0.47071113271164317,0.039599990863444554,0.46950313399594595,sample,202,0.5177763493467981,0.5441312582646577,0.47410801604929426,0.5127039882489105,0.3786619256680348,0.4722091265016676,0.03927012008895372,0.46952348323903864,2.168739969341104,2.069185479754389,1.7947662598522123,0.6035903601144056,1.1878730594753673,4.816708018699663,0.12337072077704596,1.475051525631654
D_W,dw,83,83,0.01,0.02,512,512,0,512,,512,512,0,512,0,0.5178843495009857,0.544476671554633,0.4721393749741445,0.5178187540646843,0.3740241726085082,0.47071113271164317,0.039599990863444554,0.46950313399594595,sample,203,0.518854930755415,0.5454269549518797,0.47281439368266437,0.5193487771144663,0.3741918975040841,0.4716285309692954,0.04059834070766959,0.46845300248993454,2.241963922146609,2.0757307324819005,1.7901045688556245,0.6290810784335011,1.1773746280067663,4.864989269022374,0.12754344891515024,1.4716885111744595
D_W,dw,83,83,0.01,0.02,512,512,0,512,,512,512,0,512,0,0.5178843495009857,0.544476671554633,0.4721393749741445,0.5178187540646843,0.3740241726085082,0.47071113271164317,0.039599990863444554,0.46950313399594595,sample,204,0.5174288253975426,0.5456434323286664,0.4730880719802571,0.5179574702071487,0.37382836491902094,0.4700401693680179,0.03944395558140119,0.4696829199890882,2.2350329602581898,2.0742698510501634,1.801687808342663,0.6315241108788018,1.2060360229904568,4.853765212767284,0.12391684108305208,1.475552410954322
D_W,dw,83,83,0.01,0.02,512,512,0,512,,512,512,0,512,0,0.5178843495009857,0.544476671554633,0.4721393749741445,0.5178187540646843,0.3740241726085082,0.47071113271164317,0.039599990863444554,0.46950313399594595,sample,205,0.5185785612464491,0.5433787363219881,0.47168014427628985,0.5193380776643558,0.37467040419319575,0.47069697174607894,0.03805698523605653,0.47097736687514996,2.251373824600709,2.1113088859566345,1.7978837902045801,0.6278433410270025,1.1661446167453393,4.865479456995674,0.1195595452353704,1.4796190357820358
D_W,dw,83,83,0.01,0.02,512,512,0,512,,512,512,0,512,0,0.5178843495009857,0.544476671554633,0.4721393749741445,0.5178187540646843,0.3740241726085082,0.47071113271164317,0.039599990863444554,0.46950313399594595,sample,206,0.5173724262651344,0.5449371371968212,0.4740719477176915,0.5189053416180093,0.37424342491572976,0.472031899306256,0.0407312734868034,0.4692093053532975,2.214311708860081,2.064510736787341,1.7872774054950655,0.62810654944508,1.2019000235951212,4.8616044166046795,0.12796106955749828,1.4740645066938896
D_W,dw,83,83,0.01,0.02,512,512,0,512,,512,512,0,512,0,0.5178843495009857,0.544476671554633,0.4721393749741445,0.5178187540646843,0.3740241726085082,0.47071113271164317,0.039599990863444554,0.46950313399594595,sample,207,0.517317812708821,0.545476824469294,0.4725137389867304,0.5169679110077471,0.37446817832550067,0.4715751820650415,0.038382517662810034,0.4699365737993216,2.2255707757278027,2.0849565999572586,1.7915344118797434,0.626247296810012,1.2069458766370469,4.84674289899764,0.12058223551576448,1.4763492879011064
D_W,dw,83,83,0.01,0.02,512,512,0,512,,512,512,0,512,0,0.5178843495009857,0.544476671554633,0.4721393749741445,0.5178187540646843,0.3740241726085082,0.47071113271164317,0.039599990863444554,0.46950313399594595,sample,208,0.5173311224945184,0.5443686584579126,0.47090144037049847,0.5190086734224357,0.3754537586945869,0.46999037792548715,0.0389903169540176,0.4690944511956969,2.2499221321806546,2.1191810662881605,1.8046323923092935,0.6247509603595102,1.1984054031123519,4.863843628256725,0.12249169330387924,1.4737036817161373
D_W,dw,83,83,0.01,0.02,512,512,0,512,,512,512,0,512,0,0.5178843495009857,0.544476671554633,0.4721393749741445,0.5178187540646843,0.3740241726085082,0.47071113271164317,0.039599990863444554,0.46950313399594595,sample,209,0.5171562266011862,0.5451289651142088,0.47132844999031104,0.5188467706029568,0.37261659086346083,0.4718451784510054,0.038612457142481627,0.46838582149854147,2.252570735738991,2.1066886107885106,1.7860529836406205,0.6358403667293772,1.2075095280584747,4.859276473739372,0.12130461169587102,1.471477455865438
D_W,dw,83,83,0.01,0.02,512,512,0,512,,512,512,0,512,0,0.5178843495009857,0.544476671554633,0.4721393749741445,0.5178187540646843,0.3740241726085082,0.47071113271164317,0.039599990863444554,0.46950313399594595,sample,210,0.5165760834541954,0.5457072962556133,0.4732675232250258,0.5150173921023664,0.3733021820066157,0.46727878412384516,0.039459491957882696,0.4699806024992895,2.2363117334300453,2.073503234963937,1.8218518669380608,0.6353664406106903,1.2228903385529981,4.830367742481534,0.1239656500492698,1.4764876081414728
D_W,dw,83,83,0.01,0.02,512,512,0,512,,512,512,0,512,0,0.5178843495009857,0.544476671554633,0.4721393749741445,0.5178187540646843,0.3740241726085082,0.47071113271164317,0.039599990863444554,0.46950313399594595,sample,211,0.5164397416995542,0.5446910068183054,0.4715249142720916,0.5172060401765242,0.37412952913486097,0.4712202815000309,0.0391267897741225,0.4687255926139715,2.2342155665432335,2.1097290374498168,1.7935749080532193,0.6283538386755718,1.2183057851999641,4.848243368204648,0.12292043531293548,1.472544878305575
D_W,dw,83,83,0.01,0.02,512,512,0,512,,512,512,0,512,0,0.5178843495009857,0.544476671554633,0.4721393749741445,0.5178187540646843,0.3740241726085082,0.47071113271164317,0.039599990863444554,0.46950313399594595,sample,212,0.5171897965767565,0.5439095820014568,0.47170302818214466,0.5179570911582262,0.37362290067106624,0.4708511319182732,0.039132574985689984,0.4689711007467997,2.2436396474222677,2.1112830683465904,1.795302935469854,0.6315967159923133,1.197654836439125,4.853535466070046,0.12293861009109536,1.4733161648520647
D_W,dw,83,83,0.01,0.02,512,512,0,512,,512,512,0,512,0,0.5178843495009857,0.544476671554633,0.4721393749741445,0.5178187540646843,0.3740241726085082,0.47071113271164317,0.039599990863444554,0.46950313399594595,sample,213,0.5170077485486267,0.5437445993348045,0.47205530972508664,0.5179502592085831,0.3741716805986656,0.4708113078011094,0.040542659092379724,0.4695817254224306,2.235333471106663,2.107824244795004,1.7965297650444665,0.6290804022066732,1.1999852640337272,4.85408964529812,0.12736851996161558,1.4752344988471273
D_W,dw,83,83,0.01,0.02,512,512,0,512,,512,512,0,512,0,0.5178843495009857,0.544476671554633,0.4721393749741445,0.5178187540646843,0.3740241726085082,0.47071113271164317,0.039599990863444554,0.46950313399594595,sample,214,0.5183407312898153,0.5449051946791174,0.4727106456126329,0.5176285022715639,0.37342799872314053,0.4714243203182325,0.039070786766270946,0.46963436740233644,2.238947517930052,2.083257407489194,1.7907853068698931,0.6316799776249513,1.1830419403360382,4.85077523574008,0.12274449667489011,1.47539987850447
D_W,dw,83,83,0.01,0.02,512,512,0,512,,512,512,0,512,0,0.5178843495009857,0.544476671554633,0.4721393749741445,0.5178187540646843,0.3740241726085082,0.47071113271164317,0.039599990863444554,0.46950313399594595,sample,215,0.51787569201557,0.544284599399506,0.4720838824788482,0.5166314058596546,0.37340666312805476,0.47089819786869597,0.03889812296541084,0.4679349658091379,2.241492669016187,2.0997805731522976,1.7948936386015042,0.6317091967108158,1.1871432186414368,4.843017496078212,0.12220205734656713,1.4700610509437786
D_W,dw,83,83,0.01,0.02,512,512,0,512,,512,512,0,512,0,0.5178843495009857,0.544476671554633,0.4721393749741445,0.5178187540646843,0.3740241726085082,0.47071113271164317,0.039599990863444554,0.46950313399594595,sample,216,0.519446715517974,0.544506875462378,0.4731541144616359,0.5181959713918907,0.3743963416840788,0.4699020171245688,0.0401394175444513,0.4692986320920743,2.2450221299555304,2.0757305049511934,1.8036457781984672,0.6291969716686749,1.1588582530754634,4.856256278606354,0.12610169927702145,1.4743451349201997
D_W,dw,83,83,0.01,0.02,512,512,0,512,,512,512,0,512,0,0.5178843495009857,0.544476671554633,0.4721393749741445,0.5178187540646843,0.3740241726085082,0.47071113271164317,0.039599990863444554,0.46950313399594595,sample,217,0.5187477528243082,0.5440468991824509,0.4742614498184,0.5180006777187135,0.37430220324450736,0.4710066322545738,0.041038193724265835,0.4690701409209072,2.2228420184495463,2.064122093749157,1.7952779540704888,0.6282960734872735,1.1683908176278173,4.854627890768123,0.1289252879207483,1.473627308735451
D_W,dw,83,83,0.01,0.02,512,512,0,512,,512,512,0,512,0,0.5178843495009857,0.544476671554633,0.4721393749741445,0.5178187540646843,0.3740241726085082,0.47071113271164317,0.039599990863444554,0.46950313399594595,sample,218,0.518096701105079,0.5432903661621367,0.47263856611212696,0.5178506570085414,0.3737988705608485,0.47043198404706055,0.03912508832286777,0.4690209364400116,2.239972669998915,2.098728618198267,1.7987478781916677,0.6311609750501265,1.1748435359118814,4.852902936247197,0.12291509004617318,1.4734727282997457
D_W,dw,83,83,0.01,0.02,512,512,0,512,,512,512,0,512,0,0.5178843495009857,0.544476671554633,0.4721393749741445,0.5178187540646843,0.3740241726085082,0.47071113271164317,0.039599990863444554,0.46950313399594595,sample,219,0.5183075009445627,0.5436481976529648,0.4732429454175874,0.518198788503014,0.37450120971570944,0.4711869956151364,0.03944849593985047,0.4709838802451808,2.228401611398126,2.085313545842881,1.7942146023959202,0.6273093251739729,1.1736502859131261,4.856396826621783,0.12393110503980101,1.4796394981374748
D_W,dw,83,83,0.01,0.02,512,512,0,512,,512,512,0,512,0,0.5178843495009857,0.544476671554633,0.4721393749741445,0.5178187540646843,0.3740241726085082,0.47071113271164317,0.039599990863444554,0.46950313399594595,sample,220,0.5182460691354949,0.5457754711617381,0.4723803872150624,0.5173595545327778,0.37544067763397765,0.46966486777419664,0.03912186800265144,0.46945215954018493,2.238520624027553,2.081655040777888,1.8074835460690362,0.6240601481934639,1.1914980632644612,4.85086478800413,0.12290497311183936,1.4748274556233085
D_W,dw,83,83,0.01,0.02,512,512,0,512,,512,512,0,512,0,0.5178843495009857,0.544476671554633,0.4721393749741445,0.5178187540646843,0.3740241726085082,0.47071113271164317,0.039599990863444554,0.46950313399594595,sample,221,0.5175355634590731,0.5449982368984747,0.47170603238043235,0.5176160997295358,0.37379155180602675,0.47235502382918565,0.037981134440845214,0.46922065554880754,2.2373592222217207,2.100758227162266,1.7844252150624489,0.6290098693005606,1.1992054863263935,4.85107238534078,0.1193212529343656,1.4741001643847205
D_W,dw,83,83,0.01,0.02,512,512,0,512,,512,512,0,512,0,0.5178843495009857,0.544476671554633,0.4721393749741445,0.5178187540646843,0.3740241726085082,0.47071113271164317,0.039599990863444554,0.46950313399594595,sample,222,0.5175567264634581,0.5436415583846981,0.4721355049115578,0.5171909006459063,0.3729532238302523,0.4697978357439424,0.04079230729818112,0.470023429320743,2.248345113473915,2.1055711546420626,1.8021558882159558,0.635367246469958,1.1883141387043386,4.846883703638414,0.1281528129309431,1.4766221525691274
D_W,dw,83,83,0.01,0.02,512,512,0,512,,512,512,0,512,0,0.5178843495009857,0.544476671554633,0.4721393749741445,0.5178187540646843,0.3740241726085082,0.47071113271164317,0.039599990863444554,0.46950313399594595,sample,223,0.5166293300131969,0.5445884900736835,0.472760718213737,0.5174229719625567,0.3739796233750103,0.4704290980322337,0.03770249582659839,0.470541093499338,2.227610631593003,2.090668237172351,1.7991816170221624,0.6300446476389504,1.2138230905597447,4.849773250939087,0.11844588391084133,1.478248442549628
D_W,dw,83,83,0.01,0.02,512,512,0,512,,512,512,0,512,0,0.5178843495009857,0.544476671554633,0.4721393749741445,0.5178187540646843,0.3740241726085082,0.47071113271164317,0.039599990863444554,0.46950313399594595,sample,224,0.5181821667613011,0.5442398068526569,0.47235404719468843,0.5184055740560701,0.37371077925038854,0.47125139413932365,0.03853155663092375,0.4693338467005181,2.242528382617233,2.0948815457717127,1.792359409767164,0.6310609853246372,1.1808509214609668,4.857111506793347,0.12105045524308913,1.4744557648753858
D_W,dw,83,83,0.01,0.02,512,512,0,512,,512,512,0,512,0,0.5178843495009857,0.544476671554633,0.4721393749741445,0.5178187540646843,0.3740241726085082,0.47071113271164317,0.039599990863444554,0.46950313399594595,sample,225,0.5179024243441372,0.5455448273840996,0.4723965950006772,0.5187595316511073,0.3741626933062101,0.47105544985754705,0.0388088790652547,0.46946125654796644,2.2408670493530187,2.084370220815708,1.7944904818065188,0.6294091028492377,1.1962760623712614,4.8603767654912575,0.12192168936545889,1.4748560347161246
D_W,dw,83,83,0.01,0.02,512,512,0,512,,512,512,0,512,0,0.5178843495009857,0.544476671554633,0.4721393749741445,0.5178187540646843,0.3740241726085082,0.47071113271164317,0.039599990863444554,0.46950313399594595,sample,226,0.5163640878349331,0.5458601214598211,0.4720790166511814,0.5217017052668289,0.375030443059221,0.4703693469813919,0.04063266031835692,0.47005553237442643,2.2420248102407827,2.091440526629832,1.8002875570112695,0.6283285509973647,1.2280533481672757,4.884330223817198,0.1276512671519596,1.4767230072867372
D_W,dw,83,83,0.01,0.02,512,512,0,512,,512,512,0,512,0,0.5178843495009857,0.544476671554633,0.4721393749741445,0.5178187540646843,0.3740241726085082,0.47071113271164317,0.039599990863444554,0.46950313399594595,sample,227,0.514867768508889,0.5464987979090906,0.4718168817528718,0.5186715070032676,0.37312243760831454,0.4709926722697487,0.03833939902612511,0.4702231879651144,2.235062927224546,2.0943656404584994,1.7932416701133909,0.6342563049609943,1.2613245105102397,4.8585018522475405,0.12044677432352233,1.4772497128587758
D_W,dw,83,83,0.01,0.02,512,512,0,512,,512,512,0,512,0,0.5178843495009857,0.544476671554633,0.4721393749741445,0.5178187540646843,0.3740241726085082,0.47071113271164317,0.039599990863444554,0.46950313399594595,sample,228,0.5184079177912486,0.5427267832686098,0.47220179671301643,0.5192083785800743,0.37525854285951554,0.4700289314309601,0.03949914374092618,0.4698408375817059,2.243459535972196,2.1093827626097092,1.8039445522279456,0.6257555055804215,1.1639992271950046,4.865174453162702,0.12409021979958096,1.4760485237031624
D_W,dw,83,83,0.01,0.02,512,512,0,512,,512,512,0,512,0,0.5178843495009857,0.544476671554633,0.4721393749741445,0.5178187540646843,0.3740241726085082,0.47071113271164317,0.039599990863444554,0.46950313399594595,sample,229,0.5185572419902555,0.5445118741411054,0.47250040468963345,0.518138573860438,0.37564085885304044,0.4711348851457318,0.04000524147969581,0.470599788299623,2.2317150373063175,2.089039855512932,1.7965613944432663,0.6220209291829644,1.1758017817680557,4.857224043020121,0.12568017273769802,1.4784328377030076
D_W,dw,83,83,0.01,0.02,512,512,0,512,,512,512,0,512,0,0.5178843495009857,0.544476671554633,0.4721393749741445,0.5178187540646843,0.3740241726085082,0.47071113271164317,0.039599990863444554,0.46950313399594595,sample,230,0.5193170482806769,0.5438700399354491,0.47299694432672557,0.5179009902948096,0.3778453001480085,0.46682219845693074,0.038160436521491904,0.47067486850132895,2.238690410711802,2.0838167097203106,1.8333283432681886,0.6166780668588143,1.1560177158456386,4.857896890298508,0.11988454703369861,1.478668709113117
D_W,dw,83,83,0.01,0.02,512,512,0,512,,512,512,0,512,0,0.5178843495009857,0.544476671554633,0.4721393749741445,0.5178187540646843,0.3740241726085082,0.47071113271164317,0.039599990863444554,0.46950313399594595,sample,231,0.5157247690900438,0.545297374305562,0.47257026109002875,0.5154541104443399,0.3730600273782666,0.4707711584299765,0.03868370942176368,0.4686890761178244,2.222934490005952,2.0904175442336026,1.7955057132646521,0.6327677011409023,1.236666959799337,4.83353625284286,0.12152845733301505,1.4724301583495445
D_W,dw,83,83,0.01,0.02,512,512,0,512,,512,512,0,512,0,0.5178843495009857,0.544476671554633,0.4721393749741445,0.5178187540646843,0.3740241726085082,0.47071113271164317,0.039599990863444554,0.46950313399594595,sample,232,0.517577582612805,0.5440553585975219,0.4715502026695341,0.5187116890499455,0.37380121807330474,0.47007115910498615,0.03898649091723176,0.4686566376583716,2.2530325831200058,2.111065013917296,1.8012212934390943,0.6321253743552818,1.1911622135764903,4.859588085576411,0.1224796734548205,1.4723282499236339
D_W,dw,83,83,0.01,0.02,512,512,0,512,,512,512,0,512,0,0.5178843495009857,0.544476671554633,0.4721393749741445,0.5178187540646843,0.3740241726085082,0.47071113271164317,0.039599990863444554,0.46950313399594595,sample,233,0.5161959542270462,0.5440209597498513,0.47209084492913905,0.5167978907536903,0.37523478560686463,0.471311779928251,0.03994259027890047,0.47116625347752955,2.2174605724610847,2.1075344827495366,1.7948517592015154,0.6228460656640925,1.2182519289918636,4.846220216877413,0.1254833481855408,1.4802124405444332
D_W,dw,83,83,0.01,0.02,512,512,0,512,,512,512,0,512,0,0.5178843495009857,0.544476671554633,0.4721393749741445,0.5178187540646843,0.3740241726085082,0.47071113271164317,0.039599990863444554,0.46950313399594595,sample,234,0.5173494265225678,0.5452609188385473,0.4719479766034885,0.5166499292865995,0.3701679611507881,0.46954187013955867,0.04040553220156092,0.470932071997715,2.2673442251363687,2.0954248291757387,1.7994188073583712,0.6482866203490094,1.2047512220061647,4.839934881880421,0.1269377231288096,1.4794767377278408
D_W,dw,83,83,0.01,0.02,512,512,0,512,,512,512,0,512,0,0.5178843495009857,0.544476671554633,0.4721393749741445,0.5178187540646843,0.3740241726085082,0.47071113271164317,0.039599990863444554,0.46950313399594595,sample,235,0.5182427739629809,0.5449640232866003,0.4728786928875169,0.5177018503824797,0.37361948027873415,0.47111411217144933,0.03985203904673041,0.4702057499001139,2.2371475939547683,2.0804678712150135,1.7933983821775654,0.6311636883725985,1.1853692264110316,4.851551487929014,0.12519887309978184,1.4771949295618774
D_W,dw,83,83,0.01,0.02,512,512,0,512,,512,512,0,512,0,0.5178843495009857,0.544476671554633,0.4721393749741445,0.5178187540646843,0.3740241726085082,0.47071113271164317,0.039599990863444554,0.46950313399594595,sample,236,0.5185030143486388,0.5453960041681325,0.4723731057240429,0.5183460463896585,0.37472362996578307,0.4705131791821612,0.04039326078961459,0.46946476534232473,2.243028325781252,2.083991310973263,1.7996078979449206,0.6271031861821131,1.1837629421329845,4.857799951872932,0.12689917135118983,1.4748670579187035
D_W,dw,83,83,0.01,0.02,512,512,0,512,,512,512,0,512,0,0.5178843495009857,0.544476671554633,0.4721393749741445,0.5178187540646843,0.3740241726085082,0.47071113271164317,0.039599990863444554,0.46950313399594595,sample,237,0.5173272942125969,0.5440745130760776,0.47094760799772145,0.5171993549142276,0.37328941180633457,0.46989681102755765,0.0391562749337725,0.4699938631519997,2.2573662324779726,2.1210547414044765,1.8020020567932373,0.6336988995850187,1.1962208371650411,4.847301754534428,0.12301306567388186,1.4765292677106088
D_W,dw,83,83,0.01,0.02,512,512,0,512,,512,512,0,512,0,0.5178843495009857,0.544476671554633,0.4721393749741445,0.5178187540646843,0.3740241726085082,0.47071113271164317,0.039599990863444554,0.46950313399594595,sample,238,0.517264006937287,0.5460874482727589,0.4719455254952268,0.5175177153967544,0.3746420838276788,0.4708935771889032,0.03936456066365275,0.4699162525109854,2.2361268109398917,2.088895914933926,1.7968193072241931,0.6265174217688098,1.2123830698735596,4.8512314771736245,0.12366741459272124,1.4762854466909578
D_W,dw,83,83,0.01,0.02,512,512,0,512,,512,512,0,512,0,0.5178843495009857,0.544476671554633,0.4721393749741445,0.5178187540646843,0.3740241726085082,0.47071113271164317,0.039599990863444554,0.46950313399594595,sample,239,0.5183749959853277,0.5459039628808331,0.4720020519241191,0.5164306730418319,0.37305300060474106,0.47074951915707874,0.04069401034223165,0.4675479478620416,2.249687014848293,2.0860250012251274,1.7954480400372967,0.6333959852882423,1.1900381217923643,4.841102819296411,0.127844003936262,1.4688451982043735
D_W,dw,83,83,0.01,0.02,512,512,0,512,,512,512,0,512,0,0.5178843495009857,0.544476671554633,0.4721393749741445,0.5178187540646843,0.3740241726085082,0.47071113271164317,0.039599990863444554,0.46950313399594595,sample,240,0.5181066117663667,0.5450116526429591,0.4724481835594507,0.5186683418661854,0.37432699436442596,0.469294253447958,0.03936073839157404,0.47109663157183507,2.248554269625257,2.0872630956134364,1.8079278540600237,0.6305231300261952,1.1883389028788622,4.859857551588238,0.12365540657083875,1.4799937168769743
D_W,dw,83,83,0.01,0.02,512,512,0,512,,512,512,0,512,0,0.5178843495009857,0.544476671554633,0.4721393749741445,0.5178187540646843,0.3740241726085082,0.47071113271164317,0.039599990863444554,0.46950313399594595,sample,241,0.5191000891139256,0.5452413199966378,0.47226095635937226,0.5180561900917363,0.3737975792933308,0.46995672734244065,0.04065855363933289,0.46923469537004214,2.255616277025996,2.084975639773413,1.8022303485004996,0.631824918905983,1.171314629328938,4.854497810498528,0.12773261341891476,1.474144271783969
D_W,dw,83,83,0.01,0.02,512,512,0,512,,512,512,0,512,0,0.5178843495009857,0.544476671554633,0.4721393749741445,0.5178187540646843,0.3740241726085082,0.47071113271164317,0.039599990863444554,0.46950313399594595,sample,242,0.5187859783129881,0.5451626291093206,0.47282725431242006,0.5175495249861914,0.37369655677945446,0.4713926532066636,0.03999826740553569,0.4690892693740133,2.239337779033889,2.077868589152562,1.791484110046383,0.6304100372447023,1.1766050134748909,4.8504523292259325,0.125658263037551,1.4736874025432036
D_W,dw,83,83,0.01,0.02,512,512,0,512,,512,512,0,512,0,0.5178843495009857,0.544476671554633,0.4721393749741445,0.5178187540646843,0.3740241726085082,0.47071113271164317,0.039599990863444554,0.46950313399594595,sample,243,0.5192537763986198,0.5434228831014811,0.471696807960433,0.5190910093392097,0.37413284423285587,0.4714719826806601,0.0386136540454943,0.4711007225252413,2.254708831694213,2.1081632382696074,1.7912433173530515,0.6293373864886878,1.1534431523554236,4.862917508455186,0.12130837187758269,1.4800065689861417
D_W,dw,83,83,0.01,0.02,512,512,0,512,,512,512,0,512,0,0.5178843495009857,0.544476671554633,0.4721393749741445,0.5178187540646843,0.3740241726085082,0.47071113271164317,0.039599990863444554,0.46950313399594595,sample,244,0.5171096297714971,0.5443590295850926,0.4712265484685615,0.517272137549492,0.3739438076850196,0.47047896547519674,0.039831424614699004,0.4698570796190542,2.2464466018975076,2.115024819997982,1.7987838851175872,0.6300603128633029,1.2026710823225,4.848560381098248,0.12513411095155405,1.4760995495683753
D_W,dw,83,83,0.01,0.02,512,512,0,512,,512,512,0,512,0,0.5178843495009857,0.544476671554633,0.4721393749741445,0.5178187540646843,0.3740241726085082,0.47071113271164317,0.039599990863444554,0.46950313399594595,sample,245,0.5175185958599813,0.5430236448686193,0.4722822936265175,0.5171836108331271,0.37348838099033793,0.46962072308814706,0.040052609592359616,0.47081085896426306,2.243659111727651,2.1087676371020017,1.8043977583059092,0.6330701934020464,1.1841111112768903,4.847389173854248,0.12582898405245704,1.479095935752429
D_W,dw,83,83,0.01,0.02,512,512,0,512,,512,512,0,512,0,0.5178843495009857,0.544476671554633,0.4721393749741445,0.5178187540646843,0.3740241726085082,0.47071113271164317,0.039599990863444554,0.46950313399594595,sample,246,0.5166856474749486,0.5446548000766515,0.47313533873301555,0.5195861852179194,0.37442616919247795,0.47053647413875577,0.03913918923102047,0.46813756034594023,2.22749652494424,2.0839836461116272,1.7986002899286109,0.6293309100148322,1.2132022479521858,4.867115764145061,0.12295938935563466,1.4706975204522543
D_W,dw,83,83,0.01,0.02,512,512,0,512,,512,512,0,512,0,0.5178843495009857,0.544476671554633,0.4721393749741445,0.5178187540646843,0.3740241726085082,0.47071113271164317,0.039599990863444554,0.46950313399594595,sample,247,0.5176332818174699,0.5442132384981699,0.4734987208910702,0.5181899058555522,0.37442659342736573,0.47046309715198503,0.04124109766072457,0.47059964398361054,2.2255726277280736,2.078808355505594,1.7995097276237173,0.6284331994192466,1.1913045208348374,4.85624315138595,0.12956272943691152,1.4784323843208829
D_W,dw,83,83,0.01,0.02,512,512,0,512,,512,512,0,512,0,0.5178843495009857,0.544476671554633,0.4721393749741445,0.5178187540646843,0.3740241726085082,0.47071113271164317,0.039599990863444554,0.46950313399594595,sample,248,0.5176359728434553,0.5456113905502336,0.47197496728252925,0.517799461108953,0.3755334189068031,0.47113489752048116,0.03943207482150166,0.47042888652644904,2.2319274582608424,2.091188821363938,1.7964608978736727,0.6222929493925613,1.2018450105608554,4.854431858512949,0.12387951657503268,1.4778959339479187
D_W,dw,83,83,0.01,0.02,512,512,0,512,,512,512,0,512,0,0.5178843495009857,0.544476671554633,0.4721393749741445,0.5178187540646843,0.3740241726085082,0.47071113271164317,0.039599990863444554,0.46950313399594595,sample,249,0.5177765521592844,0.5462239705435254,0.4712375829582769,0.5151389740891583,0.37261705167176806,0.47276051015765497,0.038805254102963864,0.4695793306682487,2.243133912037022,2.0969585214157007,1.7800334192234502,0.6325963570483594,1.2036582639944056,4.83068028973754,0.12191030121055645,1.4752269755049823
D_W,dw,83,83,0.01,0.02,512,512,0,512,,512,512,0,512,0,0.5178843495009857,0.544476671554633,0.4721393749741445,0.5178187540646843,0.3740241726085082,0.47071113271164317,0.039599990863444554,0.46950313399594595,sample,250,0.5187030662104026,0.5425231825868505,0.4721359624161241,0.5181089314804986,0.3745669160004058,0.4709897242530004,0.04012162009422555,0.4704170788817746,2.2421646381406912,2.1110781761035318,1.7958269793827153,0.6271545604346407,1.1564300191438754,4.855769547183339,0.12604578693813961,1.4778588391381533
D_W,dw,83,83,0.01,0.02,512,512,0,512,,512,512,0,512,0,0.5178843495009857,0.544476671554633,0.4721393749741445,0.5178187540646843,0.3740241726085082,0.47071113271164317,0.039599990863444554,0.46950313399594595,sample,251,0.5184132395423375,0.5439607007872548,0.47163828338519237,0.5187389115448363,0.37388404836014,0.4707340083553441,0.04007525773693594,0.46744559452507595,2.2539240598773613,2.1075823599475467,1.7964242400792894,0.6310363451979406,1.1741404890693714,4.859894568006785,0.12590013529707547,1.4685236457128918
D_W,dw,83,83,0.01,0.02,512,512,0,512,,512,512,0,512,0,0.5178843495009857,0.544476671554633,0.4721393749741445,0.5178187540646843,0.3740241726085082,0.47071113271164317,0.039599990863444554,0.46950313399594595,sample,252,0.5181729294190409,0.5439304904063785,0.4733192162146191,0.5177248981316317,0.37372343987819984,0.4717522728971317,0.03960831127874196,0.46828380532403446,2.2275022886956273,2.082210406410919,1.7888013815121584,0.6300214203649098,1.178557339226622,4.851843576833066,0.12443317973439348,1.4711569626010594
D_W,dw,83,83,0.01,0.02,512,512,0,512,,512,512,0,512,0,0.5178843495009857,0.544476671554633,0.4721393749741445,0.5178187540646843,0.3740241726085082,0.47071113271164317,0.039599990863444554,0.46950313399594595,sample,253,0.5165959784827884,0.543982151967052,0.4725064044984559,0.5175486899005048,0.3734589124613171,0.47016042350027637,0.03968474749935008,0.46865697109045656,2.234546571018953,2.1000066899848777,1.8002565146279548,0.6328429422440953,1.2099806403857993,4.8501898445347384,0.12467331120352412,1.4723292974314224
D_W,dw,83,83,0.01,0.02,512,512,0,512,,512,512,0,512,0,0.5178843495009857,0.544476671554633,0.4721393749741445,0.5178187540646843,0.3740241726085082,0.47071113271164317,0.039599990863444554,0.46950313399594595,sample,254,0.5189981223952305,0.5433561402136635,0.47097807840097305,0.5176318186379365,0.3736659140467482,0.46906454115757457,0.039751092929104455,0.4707584202729133,2.270609347708021,2.12079724283229,1.8087224029065454,0.6331587376769388,1.1578089100288418,4.851058273510724,0.12488174151823972,1.4789311947449209
D_W,dw,83,83,0.01,0.02,512,512,0,512,,512,512,0,512,0,0.5178843495009857,0.544476671554633,0.4721393749741445,0.5178187540646843,0.3740241726085082,0.47071113271164317,0.039599990863444554,0.46950313399594595,sample,255,0.5183213620817197,0.5427346723653891,0.47210634961539016,0.5180280534059563,0.37506258315947316,0.4704048156335632,0.03969908968526713,0.4697579397902195,2.239500880026903,2.111148619195012,1.8010887370874034,0.6254316399950376,1.1657759988479601,4.855696487948011,0.12471836850943754,1.47578809261043
D_W,dw,83,83,0.01,0.02,512,512,0,512,,512,512,0,512,0,0.5178843495009857,0.544476671554633,0.4721393749741445,0.5178187540646843,0.3740241726085082,0.47071113271164317,0.039599990863444554,0.46950313399594595,sample,256,0.5181435914723879,0.5438217541866963,0.4722856650705559,0.5163963491269822,0.3736515465336327,0.47053041559183495,0.03789548663097949,0.47008035089830763,2.24035226727269,2.0996138773717643,1.7981000774309321,0.6308215127056412,1.1782525604998333,4.841438658873052,0.11905218240409539,1.4768009769790353
D_W,dw,83,83,0.01,0.02,512,512,0,512,,512,512,0,512,0,0.5178843495009857,0.544476671554633,0.4721393749741445,0.5178187540646843,0.3740241726085082,0.47071113271164317,0.039599990863444554,0.46950313399594595,sample,257,0.5174084177540269,0.544600001321067,0.4734727311136877,0.5172912584516078,0.37383237930298246,0.46927536827803834,0.038435317685356976,0.470336880956505,2.2314774578316676,2.0767593228264727,1.8075389968721403,0.631927735046853,1.1986597034379052,4.848590357384367,0.12074811167870733,1.4776068899252932
D_W,dw,83,83,0.01,0.02,512,512,0,512,,512,512,0,512,0,0.5178843495009857,0.544476671554633,0.4721393749741445,0.5178187540646843,0.3740241726085082,0.47071113271164317,0.039599990863444554,0.46950313399594595,sample,258,0.5175262820396401,0.5432972665914625,0.4727980885903561,0.5179003601724929,0.3735380243658712,0.47073007719139226,0.03879695077895312,0.47004863363188654,2.234813921068725,2.0981422888151418,1.796074354404937,0.6320846443942089,1.186167839127529,4.8530022237866834,0.12188421554884393,1.476701334247855
D_W,dw,83,83,0.01,0.02,512,512,0,512,,512,512,0,512,0,0.5178843495009857,0.544476671554633,0.4721393749741445,0.5178187540646843,0.3740241726085082,0.47071113271164317,0.039599990863444554,0.46950313399594595,sample,259,0.5171611712781232,0.5449488127372563,0.4702242399543407,0.5172930518580344,0.3741371910464765,0.4710818955250072,0.03901245519980637,0.4698001641404989,2.254139779923515,2.124972477726974,1.79460359802996,0.6285215291148573,1.2060829231931107,4.848930112998624,0.1225612426542126,1.4759207443190703
D_W,dw,83,83,0.01,0.02,512,512,0,512,,512,512,0,512,0,0.5178843495009857,0.544476671554633,0.4721393749741445,0.5178187540646843,0.3740241726085082,0.47071113271164317,0.039599990863444554,0.46950313399594595,sample,260,0.5172616718625178,0.5453011131146064,0.47220992627367986,0.5174707102546423,0.37280329694088143,0.4711148499881159,0.038126654512998154,0.46943564930992404,2.2422645951107554,2.0913117331488076,1.7920899684795193,0.6348176137729473,1.2067382415259245,4.8488867989560696,0.11977841772399113,1.4747755872052117
D_W,dw,83,83,0.01,0.02,512,512,0,512,,512,512,0,512,0,0.5178843495009857,0.544476671554633,0.4721393749741445,0.5178187540646843,0.3740241726085082,0.47071113271164317,0.039599990863444554,0.46950313399594595,sample,261,0.5186741216899593,0.5453864757814275,0.4724987610972832,0.5178820658548265,0.3740906355439812,0.46994453237539285,0.03877304473502234,0.4687703107858053,2.248051608544877,2.0815565341014057,1.8028735629190564,0.6303609721745023,1.1804611048205405,4.853468792557858,0.1218091124968546,1.47268536458569
D_W,dw,83,83,0.01,0.02,512,512,0,512,,512,512,0,512,0,0.5178843495009857,0.544476671554633,0.4721393749741445,0.5178187540646843,0.3740241726085082,0.47071113271164317,0.039599990863444554,0.46950313399594595,sample,262,0.5168525583735476,0.5445394859469193,0.4720996115572086,0.5174245662013068,0.3744995226638542,0.4692789509656218,0.039969056185025276,0.46846271643899484,2.2386757725120243,2.1007704199292467,1.8086684047848511,0.6289104241191517,1.2090714079298042,4.850347664887959,0.1255664932817931,1.4717190284454646
D_W,dw,83,83,0.01,0.02,512,512,0,512,,512,512,0,512,0,0.5178843495009857,0.544476671554633,0.4721393749741445,0.5178187540646843,0.3740241726085082,0.47071113271164317,0.039599990863444554,0.46950313399594595,sample,263,0.518557695844063,0.5449207026494111,0.4705880878088594,0.5189251824788043,0.3751528484881716,0.47050334626523105,0.04029060311185509,0.46829480087234,2.2611463508063347,2.114990517267239,1.8002750259304494,0.6255206025389478,1.1790299706954392,4.862830466169099,0.126576662744906,1.4711915061348384
D_W,dw,83,83,0.01,0.02,512,512,0,512,,512,512,0,512,0,0.5178843495009857,0.544476671554633,0.4721393749741445,0.5178187540646843,0.3740241726085082,0.47071113271164317,0.039599990863444554,0.46950313399594595,sample,264,0.5178707739888807,0.5432111462007012,0.47211902857626564,0.5177506099159532,0.37409739757223043,0.4702056204218477,0.03975831026773003,0.4690283976153227,2.242806855307619,2.1084519298333064,1.8009721245974213,0.6299545429130372,1.1786478655947832,4.8524526590337205,0.12490441545624431,1.4734961682732903
D_W,dw,83,83,0.01,0.02,512,512,0,512,,512,512,0,512,0,0.5178843495009857,0.544476671554633,0.4721393749741445,0.5178187540646843,0.3740241726085082,0.47071113271164317,0.039599990863444554,0.46950313399594595,sample,265,0.5164988954849633,0.5440807799249413,0.4731198486176107,0.5157697402485365,0.3728758201349983,0.47124146324934457,0.03941024820409949,0.4683278880912113,2.2205524990242838,2.0896951718242915,1.7916378535098214,0.6333077529283504,1.212650250036497,4.835808370705564,0.12381094623414929,1.4712954526985722
D_W,dw,83,83,0.01,0.02,512,512,0,512,,512,512,0,512,0,0.5178843495009857,0.544476671554633,0.4721393749741445,0.5178187540646843,0.3740241726085082,0.47071113271164317,0.039599990863444554,0.46950313399594595,sample,266,0.5174538924690844,0.545765603726247,0.47232222492072146,0.5175163955348867,0.37496704766184247,0.4703224800961033,0.040023983229599,0.4696362540581593,2.2338166725353132,2.0851380370034587,1.8016671223233942,0.6256283269103412,1.2064476884805804,4.851577342030838,0.12573905168150928,1.4754058056085428
D_W,dw,83,83,0.01,0.02,512,512,0,512,,512,512,0,512,0,0.5178843495009857,0.544476671554633,0.4721393749741445,0.5178187540646843,0.3740241726085082,0.47071113271164317,0.039599990863444554,0.46950313399594595,sample,267,0.5183635927062369,0.5454882459441466,0.4730347147037285,0.5178121775362478,0.3736164338920547,0.47029303679934414,0.039622768488344576,0.46854698531931477,2.2413352788317513,2.0734045045092526,1.7994785169309222,0.6321361918322204,1.1871045999257077,4.852404232516912,0.12447859839787247,1.471983766940804
D_W,dw,83,83,0.01,0.02,512,512,0,512,,512,512,0,512,0,0.5178843495009857,0.544476671554633,0.4721393749741445,0.5178187540646843,0.3740241726085082,0.47071113271164317,0.039599990863444554,0.46950313399594595,sample,268,0.51826288286905,0.5422829628544764,0.4744687727419687,0.5160802440890496,0.3776234687384976,0.4757678172372497,0.04199318764828254,0.4670946755027891,2.166520816645007,2.076951864191892,1.764656422793212,0.6067651480290238,1.1630784989190082,4.843040212411653,0.13192548981666208,1.4674212010904706
D_W,dw,83,83,0.01,0.02,512,512,0,512,,512,512,0,512,0,0.5178843495009857,0.544476671554633,0.4721393749741445,0.5178187540646843,0.3740241726085082,0.47071113271164317,0.039599990863444554,0.46950313399594595,sample,269,0.5206141464796961,0.5439471892216621,0.4721887149475672,0.5192764163988594,0.3770225213826512,0.47892125659672835,0.044161537084768485,0.46553951809608574,2.208485434526193,2.091077867351445,1.73854070857976,0.6090152938639929,1.1322004587205756,4.867871361187909,0.13873756047674188,1.4625355300063956
D_W,dw,83,83,0.01,0.02,512,512,0,512,,512,512,0,512,0,0.5178843495009857,0.544476671554633,0.4721393749741445,0.5178187540646843,0.3740241726085082,0.47071113271164317,0.039599990863444554,0.46950313399594595,sample,270,0.5162032784473239,0.5448240811489956,0.47255229785181385,0.5158721732012281,0.37380293642861684,0.4703444588290573,0.04045185008112871,0.47036643966196034,2.22434542834054,2.093285978013542,1.7998610332714897,0.6300066487052807,1.2239258469574898,4.837504931478274,0.12708323503898963,1.4776997513372012
D_W,dw,83,83,0.01,0.02,512,512,0,512,,512,512,0,512,0,0.5178843495009857,0.544476671554633,0.4721393749741445,0.5178187540646843,0.3740241726085082,0.47071113271164317,0.039599990863444554,0.46950313399594595,sample,271,0.5163683487226507,0.5452657948145119,0.47353616921371633,0.5183017145951071,0.37361459177301415,0.46848823167091974,0.04081729537468074,0.4703339896459347,2.2330973707280446,2.073479094215014,1.812720410324989,0.6344993080230227,1.2238204019479215,4.8561980977271055,0.12823131528850165,1.4775978066052462
D_W,dw,83,83,0.01,0.02,512,512,0,512,,512,512,0,512,0,0.5178843495009857,0.544476671554633,0.4721393749741445,0.5178187540646843,0.3740241726085082,0.47071113271164317,0.039599990863444554,0.46950313399594595,sample,272,0.5155529975304839,0.5446120752918064,0.47215839541913895,0.5177477319410434,0.3749195352746652,0.47007549366375806,0.03978190335377912,0.4708363563126182,2.224292932635812,2.1033087992871926,1.8033791998539412,0.6262744615202942,1.2353447224176854,4.853338614774619,0.12497853532205162,1.4791760380347077
D_W,dw,83,83,0.01,0.02,512,512,0,512,,512,512,0,512,0,0.5178843495009857,0.544476671554633,0.4721393749741445,0.5178187540646843,0.3740241726085082,0.47071113271164317,0.039599990863444554,0.46950313399594595,sample,273,0.5173318254949301,0.5456496730250545,0.472435184870188,0.5176214011514935,0.3746347518831599,0.47019798521729583,0.0400848496205455,0.46994354359286555,2.2346015588067876,2.0847156747948534,1.801994304877831,0.6273795738259802,1.207937438477275,4.852034598581394,0.12593026908815735,1.4763711841533012
D_W,dw,83,83,0.01,0.02,512,512,0,512,,512,512,0,512,0,0.5178843495009857,0.544476671554633,0.4721393749741445,0.5178187540646843,0.3740241726085082,0.47071113271164317,0.039599990863444554,0.46950313399594595,sample,274,0.5181031084284411,0.544562160068653,0.47128889829944526,0.5187344579954093,0.37345940231739466,0.47092915205902447,0.03766943368098507,0.46975974970926626,2.257721253197622,2.108946182886081,1.7942591139893145,0.6327990616337359,1.184918840704655,4.859372241509002,0.11834201611707061,1.475793778638811
D_W,dw,83,83,0.01,0.02,512,512,0,512,,512,512,0,512,0,0.5178843495009857,0.544476671554633,0.4721393749741445,0.5178187540646843,0.3740241726085082,0.47071113271164317,0.039599990863444554,0.46950313399594595,sample,275,0.5197017499155807,0.543820088407232,0.47118136647131903,0.5142028716771224,0.37487691491928377,0.47129556310705517,0.039918781657901456,0.4703993967146708,2.24465418199508,2.1110842321781655,1.7949128327645143,0.623031172099034,1.1482705695832793,4.8254163933848595,0.1254085511967182,1.4778032889718804
D_W,dw,83,83,0.01,0.02,512,512,0,512,,512,512,0,512,0,0.5178843495009857,0.544476671554633,0.4721393749741445,0.5178187540646843,0.3740241726085082,0.47071113271164317,0.039599990863444554,0.46950313399594595,sample,276,0.5180835193892684,0.545115436490333,0.47340988005148044,0.5159200414874535,0.37442674744102394,0.46939591173623757,0.038882934715278566,0.4681766830282618,2.2287409794953965,2.0713864426340662,1.8080234173312253,0.6281872495902008,1.189576566467716,4.838495142886764,0.12215434205153068,1.4708204279836246
D_W,dw,83,83,0.01,0.02,512,512,0,512,,512,512,0,512,0,0.5178843495009857,0.544476671554633,0.4721393749741445,0.5178187540646843,0.3740241726085082,0.47071113271164317,0.039599990863444554,0.46950313399594595,sample,277,0.518566941225947,0.5463955092442878,0.4711727538126204,0.5179488095715201,0.37391821021084204,0.47002882499774934,0.03926498130339426,0.4688860086244455,2.263632509735036,2.094026906631547,1.8019299363605388,0.6311132336416435,1.1901276093427284,4.85379729281823,0.12335457680608398,1.4730488400655983
D_W,dw,83,83,0.01,0.02,512,512,0,512,,512,512,0,512,0,0.5178843495009857,0.544476671554633,0.4721393749741445,0.5178187540646843,0.3740241726085082,0.47071113271164317,0.039599990863444554,0.46950313399594595,sample,278,0.5162600007536013,0.5446603870506632,0.47092935167022676,0.5177262043137818,0.3735156477614342,0.4709102315502495,0.03909057415011117,0.4702461291297718,2.2464017781368377,2.1197375861720102,1.7947374250480752,0.6318810636444002,1.221632624302828,4.851627556338521,0.12280666057459633,1.4773217846531284
D_W,dw,83,83,0.01,0.02,512,512,0,512,,512,512,0,512,0,0.5178843495009857,0.544476671554633,0.4721393749741445,0.5178187540646843,0.3740241726085082,0.47071113271164317,0.039599990863444554,0.46950313399594595,sample,279,0.5187382219858325,0.5429411434099567,0.4737925685726094,0.5189655204172884,0.373958824043675,0.4712426762815836,0.04053740982256665,0.47003374161908545,2.2309608246158423,2.080806703869185,1.792699196502384,0.630301633053312,1.159334830852029,4.861739366038625,0.1273520288941341,1.4766545496098418
D_W,dw,83,83,0.01,0.02,512,512,0,512,,512,512,0,512,0,0.5178843495009857,0.544476671554633,0.4721393749741445,0.5178187540646843,0.3740241726085082,0.47071113271164317,0.039599990863444554,0.46950313399594595,sample,280,0.5210106338210757,0.5453919472340981,0.46996758156445123,0.5186070013002911,0.37427842009976847,0.47103291355474713,0.038765126471727904,0.46964717376985654,2.2873567609904377,2.111526930241223,1.794892012820541,0.6287894252029981,1.1372902534655307,4.859323981118551,0.12178423653905959,1.4754401108945903
D_W,dw,83,83,0.01,0.02,512,512,0,512,,512,512,0,512,0,0.5178843495009857,0.544476671554633,0.4721393749741445,0.5178187540646843,0.3740241726085082,0.47071113271164317,0.039599990863444554,0.46950313399594595,sample,281,0.5195212948840203,0.544301972540512,0.47368710910166184,0.5180733174810903,0.37633709132218907,0.4691477508347542,0.03958128529876651,0.46736140144394167,2.2313461300842246,2.068648744646235,1.812821415236455,0.6209655071111286,1.1557519925385018,4.857511405237266,0.12434827511424655,1.4682591453477172
D_W,dw,83,83,0.01,0.02,512,512,0,512,,512,512,0,512,0,0.5178843495009857,0.544476671554633,0.4721393749741445,0.5178187540646843,0.3740241726085082,0.47071113271164317,0.039599990863444554,0.46950313399594595,sample,282,0.5177873140612229,0.5428996977502276,0.4713488870011274,0.5180177237287643,0.3727311144743992,0.4720940938626258,0.039096637155417134,0.4718922228663347,2.2503818432686047,2.1235749649480495,1.7845811724900038,0.6344907167069902,1.1777455775143242,4.853026469671919,0.12282570806752421,1.4824931406430344
D_W,dw,83,83,0.01,0.02,512,512,0,512,,512,512,0,512,0,0.5178843495009857,0.544476671554633,0.4721393749741445,0.5178187540646843,0.3740241726085082,0.47071113271164317,0.039599990863444554,0.46950313399594595,sample,283,0.517405256855314,0.5439776347770228,0.4713465699966177,0.5182855273453978,0.373488451850759,0.4717534727376871,0.04066697747948544,0.46980323021605264,2.2462893915636037,2.1154867160351567,1.788277452506471,0.6314882755954634,1.193937322846124,4.855931346713251,0.127759077693253,1.4759303766795053
D_W,dw,83,83,0.01,0.02,512,512,0,512,,512,512,0,512,0,0.5178843495009857,0.544476671554633,0.4721393749741445,0.5178187540646843,0.3740241726085082,0.47071113271164317,0.039599990863444554,0.46950313399594595,sample,284,0.520576090530583,0.5453043854828893,0.4703184566475699,0.5164765091645183,0.36881369984300644,0.46990038289190605,0.038320720342175166,0.4702431022183897,2.3125508872085563,2.10865122953948,1.794634729287094,0.654111694389065,1.144476423066806,4.837331022316459,0.12038809350724644,1.4773122753305672
D_W,dw,83,83,0.01,0.02,512,512,0,512,,512,512,0,512,0,0.5178843495009857,0.544476671554633,0.4721393749741445,0.5178187540646843,0.3740241726085082,0.47071113271164317,0.039599990863444554,0.46950313399594595,sample,285,0.5164762530874336,0.5462700447501982,0.47165807872293997,0.5183381772981116,0.3739725720004017,0.47192498556224843,0.04010805798615421,0.4692020013602603,2.2357152826584805,2.094162521147529,1.787773470089544,0.6290887297881299,1.2287073575573377,4.856884290873285,0.1260031803190555,1.474041560523022
D_W,dw,83,83,0.01,0.02,512,512,0,512,,512,512,0,512,0,0.5178843495009857,0.544476671554633,0.4721393749741445,0.5178187540646843,0.3740241726085082,0.47071113271164317,0.039599990863444554,0.46950313399594595,sample,286,0.5187172551079785,0.5448950434052792,0.4728846911177943,0.5184848451097066,0.3735676445446451,0.4701730695927699,0.040228513106141464,0.46995212137280723,2.247740555343152,2.079351485575871,1.8001204205595418,0.6329435379779854,1.1757967005630927,4.857563857410099,0.12638160123909473,1.47639813204375
D_W,dw,83,83,0.01,0.02,512,512,0,512,,512,512,0,512,0,0.5178843495009857,0.544476671554633,0.4721393749741445,0.5178187540646843,0.3740241726085082,0.47071113271164317,0.039599990863444554,0.46950313399594595,sample,287,0.5201090667881465,0.546051054864434,0.4710582860175805,0.5170580451673038,0.37609048398952866,0.47096425967812916,0.039443977848805094,0.4670032841878408,2.2547008339506003,2.0933466443639426,1.7988969816361007,0.6194008792745401,1.1590836165728473,4.849194407468349,0.12391691103816461,1.467134086806827
D_W,dw,83,83,0.01,0.02,512,512,0,512,,512,512,0,512,0,0.5178843495009857,0.544476671554633,0.4721393749741445,0.5178187540646843,0.3740241726085082,0.47071113271164317,0.039599990863444554,0.46950313399594595,sample,288,0.5183961044292551,0.5439937027486008,0.4710554415067257,0.5182824902243324,0.3750551367479033,0.4711330572799044,0.03751291285056631,0.4697908233641968,2.2494178701141108,2.1163430467792295,1.7955376118166433,0.6248458441897139,1.1747393049880783,4.857682348610879,0.11785029142609325,1.4758913994048608
D_W,dw,83,83,0.01,0.02,512,512,0,512,,512,512,0,512,0,0.5178843495009857,0.544476671554633,0.4721393749741445,0.5178187540646843,0.3740241726085082,0.47071113271164317,0.039599990863444554,0.46950313399594595,sample,289,0.5166521511707268,0.5446126217457925,0.47053734106672357,0.5182894714666335,0.3724282459758014,0.47063439100446985,0.039238743965147024,0.47131829581588974,2.262854012444413,2.124863288224026,1.7948305015007135,0.6376122441292319,1.213551142722192,4.854784828272916,0.12327214977699671,1.48069009563766
D_W,dw,83,83,0.01,0.02,512,512,0,512,,512,512,0,512,0,0.5178843495009857,0.544476671554633,0.4721393749741445,0.5178187540646843,0.3740241726085082,0.47071113271164317,0.039599990863444554,0.46950313399594595,sample,290,0.51755235624013,0.5437249675833234,0.4721209602118059,0.5178937224921936,0.3740657107967445,0.47062307925718133,0.03875331379608181,0.46898249752505133,2.239612299631939,2.10509443155826,1.7977688193782733,0.6297398852269364,1.1890609013651623,4.853531969854344,0.12174712592403059,1.4733519688868946
D_W,dw,83,83,0.01,0.02,512,512,0,512,,512,512,0,512,0,0.5178843495009857,0.544476671554633,0.4721393749741445,0.5178187540646843,0.3740241726085082,0.47071113271164317,0.039599990863444554,0.46950313399594595,sample,291,0.5197530795436692,0.5445976802735899,0.47232523969779294,0.5172975106950588,0.3741224489076058,0.4705341644046638,0.03941500494997313,0.46969051921401567,2.251581934811093,2.0868852152933077,1.798672341253789,0.6291846984980056,1.1538480500691544,4.848949085681245,0.12382588999204092,1.4755762846235272
D_W,dw,83,83,0.01,0.02,512,512,0,512,,512,512,0,512,0,0.5178843495009857,0.544476671554633,0.4721393749741445,0.5178187540646843,0.3740241726085082,0.47071113271164317,0.039599990863444554,0.46950313399594595,sample,292,0.5176005905096348,0.5436197802192643,0.47177469216642054,0.518033355051747,0.3737794463307662,0.4706623141563953,0.038976034576268755,0.469128905065657,2.2455421083787073,2.1112657398041033,1.796955311879134,0.6311221020492448,1.1872761733267958,4.8543003784001035,0.12244682389086768,1.4738119217408916
D_W,dw,83,83,0.01,0.02,512,512,0,512,,512,512,0,512,0,0.5178843495009857,0.544476671554633,0.4721393749741445,0.5178187540646843,0.3740241726085082,0.47071113271164317,0.039599990863444554,0.46950313399594595,sample,293,0.5186369231233423,0.5437343289873074,0.472350698511233,0.5181480240941136,0.37448441709200847,0.4701939036976759,0.04122890700377128,0.4700986089091984,2.2448434810550153,2.097579544081222,1.801632281662656,0.6284319768544909,1.1679609466526006,4.855981682880482,0.1295244313585846,1.476858336211919
D_W,dw,83,83,0.01,0.02,512,512,0,512,,512,512,0,512,0,0.5178843495009857,0.544476671554633,0.4721393749741445,0.5178187540646843,0.3740241726085082,0.47071113271164317,0.039599990863444554,0.46950313399594595,sample,294,0.5178970311884499,0.5442064126873246,0.47239672496983354,0.5183859798059663,0.37390953279685607,0.4708483281147697,0.03831240724800619,0.46959362177156533,2.2407952015135617,2.0954698413012203,1.7957029586526847,0.6305529474497337,1.1861146566399818,4.857184290632292,0.1203619771516766,1.4752718723301737
D_W,dw,83,83,0.01,0.02,512,512,0,512,,512,512,0,512,0,0.5178843495009857,0.544476671554633,0.4721393749741445,0.5178187540646843,0.3740241726085082,0.47071113271164317,0.039599990863444554,0.46950313399594595,sample,295,0.5153668279016367,0.543610609252389,0.4734175559692257,0.5182750368234057,0.3755207647898069,0.47109482942175845,0.04051273408730728,0.46924576312289473,2.20147549794917,2.0925517163585345,1.7966234914277655,0.6227157414517094,1.2320166570726254,4.858159562798661,0.12727450778552135,1.4741790421550223
D_W,dw,83,83,0.01,0.02,512,512,0,512,,512,512,0,512,0,0.5178843495009857,0.544476671554633,0.4721393749741445,0.5178187540646843,0.3740241726085082,0.47071113271164317,0.039599990863444554,0.46950313399594595,sample,296,0.5171290785124033,0.5446680457984088,0.47189579359423206,0.5173716632209562,0.3733545973561461,0.4698539874966396,0.040541006729845924,0.47030420828555697,2.246733222242092,2.1019485504311928,1.8023914795888167,0.633552403018907,1.2046163070399363,4.848706030075929,0.1273633289116183,1.4775042457022698
D_W,dw,83,83,0.01,0.02,512,512,0,512,,512,512,0,512,0,0.5178843495009857,0.544476671554633,0.4721393749741445,0.5178187540646843,0.3740241726085082,0.47071113271164317,0.039599990863444554,0.46950313399594595,sample,297,0.5192006471077185,0.5451890645358287,0.47210458163399494,0.5176651718915926,0.3747582303452422,0.4708817821615092,0.03990603231070626,0.46954662387651547,2.2462541924484483,2.087464254052157,1.7970710732949071,0.6260858522296936,1.1690138776345986,4.852513181686881,0.1253684979412317,1.4751242240883506
D_W,dw,83,83,0.01,0.02,512,512,0,512,,512,512,0,512,0,0.5178843495009857,0.544476671554633,0.4721393749741445,0.5178187540646843,0.3740241726085082,0.47071113271164317,0.039599990863444554,0.46950313399594595,sample,298,0.5180606344474812,0.5437973613911978,0.47424104630622665,0.5172858199955439,0.3737598645492624,0.469376638239045,0.03952326277412792,0.46883606960452795,2.2271420343661057,2.0688083767324406,1.8066605126796054,0.6321468400657703,1.1796734778627334,4.848470796728351,0.12416599197709921,1.472891952007498
D_W,dw,83,83,0.01,0.02,512,512,0,512,,512,512,0,512,0,0.5178843495009857,0.544476671554633,0.4721393749741445,0.5178187540646843,0.3740241726085082,0.47071113271164317,0.039599990863444554,0.46950313399594595,sample,299,0.5178155715657509,0.5453764298526311,0.472417062509425,0.5178542290579045,0.3732870623415073,0.47045851574023734,0.038411308284946676,0.4696846217228302,2.245296541547986,2.0857052931741387,1.7976781908731996,0.6335161618622263,1.1966704995228876,4.852370422336817,0.12067268392276123,1.4755577571085443
D_W,dw,83,83,0.01,0.02,512,512,0,512,,512,512,0,512,0,0.5178843495009857,0.544476671554633,0.4721393749741445,0.5178187540646843,0.3740241726085082,0.47071113271164317,0.039599990863444554,0.46950313399594595,sample,300,0.5183974159387881,0.5445384661052961,0.47377913378182707,0.5180129894865564,0.3744001453391799,0.4711812967646599,0.04033685217021512,0.4692772578737988,2.224319667538573,2.06912182186369,1.7941321394180063,0.6276612014671833,1.1790754238595185,4.854833365732648,0.12672195844688533,1.4742779858330892
D_W,dw,83,83,0.01,0.02,512,512,0,512,,512,512,0,512,0,0.5178843495009857,0.544476671554633,0.4721393749741445,0.5178187540646843,0.3740241726085082,0.47071113271164317,0.039599990863444554,0.46950313399594595,sample,301,0.5174670205676748,0.5449557333589595,0.47088110915085474,0.5171373506479439,0.37394744047100714,0.47076933548193467,0.03991129838125308,0.470082492640242,2.2512162754115197,2.1139707739287354,1.7966546512857644,0.629642592118513,1.200209677499969,4.847514521674914,0.1253850417897749,1.4768077054597621
D_W,dw,83,83,0.01,0.02,512,512,0,512,,512,512,0,512,0,0.5178843495009857,0.544476671554633,0.4721393749741445,0.5178187540646843,0.3740241726085082,0.47071113271164317,0.039599990863444554,0.46950313399594595,sample,302,0.517952731427634,0.5461336022629694,0.46857467448991386,0.5174946083793736,0.3760042927770884,0.4749769862792871,0.03631765112923461,0.47238255736863777,2.2490307887137027,2.1364178385550834,1.7680249215115726,0.6160016110552895,1.199681258377472,4.852554235540969,0.1140952659832405,1.4840335719132713
D_W,dw,83,83,0.01,0.02,512,512,0,512,,512,512,0,512,0,0.5178843495009857,0.544476671554633,0.4721393749741445,0.5178187540646843,0.3740241726085082,0.47071113271164317,0.039599990863444554,0.46950313399594595,sample,303,0.5168423877083286,0.544528101680227,0.4731364369280841,0.5179780087152521,0.373520805393725,0.4707057992234072,0.0385343535620208,0.4694206409941437,2.228121049909869,2.0845359050654286,1.7962072674118625,0.63224224494419,1.2091865958932313,4.853585148453409,0.12105924206127622,1.4747284371906135
D_W,dw,83,83,0.01,0.02,512,512,0,512,,512,512,0,512,0,0.5178843495009857,0.544476671554633,0.4721393749741445,0.5178187540646843,0.3740241726085082,0.47071113271164317,0.039599990863444554,0.46950313399594595,sample,304,0.5167624322348857,0.5455898191957971,0.4721141477439616,0.5182587407612043,0.37411140297077145,0.47239417769367104,0.03819483695973726,0.46941551581834945,2.2283958760377347,2.0919485992857973,1.784499546786378,0.6279038537846662,1.2184592113014585,4.856423478489349,0.11999261919777048,1.47471233597599
D_W,dw,83,83,0.01,0.02,512,512,0,512,,512,512,0,512,0,0.5178843495009857,0.544476671554633,0.4721393749741445,0.5178187540646843,0.3740241726085082,0.47071113271164317,0.039599990863444554,0.46950313399594595,sample,305,0.52027152794981,0.5430248188191836,0.4726929565180136,0.5162751803931174,0.3758419934965371,0.47276431789267864,0.039812575784433035,0.4690548680304289,2.225416813779174,2.0919878998012083,1.7849630417855495,0.6181647069308613,1.130486614056741,4.842730235056614,0.1250748956048617,1.4735793275349254
D_W,dw,83,83,0.01,0.02,512,512,0,512,,512,512,0,512,0,0.5178843495009857,0.544476671554633,0.4721393749741445,0.5178187540646843,0.3740241726085082,0.47071113271164317,0.039599990863444554,0.46950313399594595,sample,306,0.5169095205011792,0.5441488682845934,0.47439825412681097,0.5171804641232783,0.373266672271739,0.4700717009300694,0.03928638581085961,0.4702127705501893,2.217396327716946,2.067116309118952,1.8006711012399703,0.6336000202026468,1.2050205161016287,4.847131473411244,0.12342182104949083,1.4772169855845776
D_W,dw,83,83,0.01,0.02,512,512,0,512,,512,512,0,512,0,0.5178843495009857,0.544476671554633,0.4721393749741445,0.5178187540646843,0.3740241726085082,0.47071113271164317,0.039599990863444554,0.46950313399594595,sample,307,0.519606380771171,0.5449552092655459,0.4703124602467416,0.5180420985409785,0.3713845501986788,0.46871249930604386,0.03982890615431423,0.4671836058551448,2.300399395375402,2.115115603513097,1.8071970138568845,0.64441798736397,1.1595351436817802,4.851758943520866,0.1251261989749109,1.4677005840321122
D_W,dw,83,83,0.01,0.02,512,512,0,512,,512,512,0,512,0,0.5178843495009857,0.544476671554633,0.4721393749741445,0.5178187540646843,0.3740241726085082,0.47071113271164317,0.039599990863444554,0.46950313399594595,sample,308,0.5177382452442537,0.5429250468142086,0.47226277981773407,0.5169752522092976,0.3750945328790193,0.47041385065108643,0.03907364200779391,0.469812625420763,2.230590454166502,2.109151852089338,1.801334091485514,0.6245870909190306,1.1789305302558155,4.847466204183126,0.12275346668068288,1.4759598925856023
D_W,dw,83,83,0.01,0.02,512,512,0,512,,512,512,0,512,0,0.5178843495009857,0.544476671554633,0.4721393749741445,0.5178187540646843,0.3740241726085082,0.47071113271164317,0.039599990863444554,0.46950313399594595,sample,309,0.5176412898194278,0.5447565337170422,0.4711575408276023,0.5184992417600626,0.37384746113885553,0.47021158927392825,0.03998253137628104,0.46807910370933103,2.2567029132431076,2.1108759378506665,1.8003109824378212,0.6316105234275046,1.1953334947620655,4.857993067409934,0.12560882684364794,1.4705138735121293
D_W,dw,83,83,0.01,0.02,512,512,0,512,,512,512,0,512,0,0.5178843495009857,0.544476671554633,0.4721393749741445,0.5178187540646843,0.3740241726085082,0.47071113271164317,0.039599990863444554,0.46950313399594595,sample,310,0.5179517024161646,0.5452782575634368,0.47284843739244586,0.517302880617168,0.374869325543616,0.46984225247946143,0.03854615901352118,0.4682250848145412,2.2332675929010413,2.0793377781478792,1.805148063337604,0.6264784923259646,1.1933323314244564,4.849796106467368,0.12109632998098213,1.4709724866798206
D_W,dw,83,83,0.01,0.02,512,512,0,512,,512,512,0,512,0,0.5178843495009857,0.544476671554633,0.4721393749741445,0.5178187540646843,0.3740241726085082,0.47071113271164317,0.039599990863444554,0.46950313399594595,sample,311,0.5180628401461104,0.5444833655264499,0.4724905711136862,0.513309006154172,0.3720067030615249,0.46938051756228133,0.03834765068925904,0.4723978338164522,2.245281681674495,2.0911144305265927,1.8043966942501646,0.6380786616122343,1.1850782052451054,4.8159986882329395,0.12047269768780378,1.484081564289498
D_W,dw,83,83,0.01,0.02,512,512,0,512,,512,512,0,512,0,0.5178843495009857,0.544476671554633,0.4721393749741445,0.5178187540646843,0.3740241726085082,0.47071113271164317,0.039599990863444554,0.46950313399594595,sample,312,0.5180698073123748,0.5446925916448344,0.47391440417401975,0.5160800518577396,0.3745945138331396,0.4706178241992096,0.03992481642938886,0.4694256746106818,2.216284326504977,2.066790724636351,1.7991379068445654,0.6261413488295693,1.186577163507925,4.83991756646985,0.12542750999048913,1.4747442507633506
D_W,dw,83,83,0.01,0.02,512,512,0,512,,512,512,0,512,0,0.5178843495009857,0.544476671554633,0.4721393749741445,0.5178187540646843,0.3740241726085082,0.47071113271164317,0.039599990863444554,0.46950313399594595,sample,313,0.5175069205599115,0.5457777936454219,0.4726421767885553,0.5184706779647458,0.37302205639778746,0.47083846842001653,0.039244427611798846,0.4680103678819753,2.242970373006601,2.0799096778327075,1.7942669006519325,0.6347512670245473,1.2055253819297223,4.856839496398775,0.12329000547956369,1.47029793354187
D_W,dw,83,83,0.01,0.02,512,512,0,512,,512,512,0,512,0,0.5178843495009857,0.544476671554633,0.4721393749741445,0.5178187540646843,0.3740241726085082,0.47071113271164317,0.039599990863444554,0.46950313399594595,sample,314,0.519432050437235,0.542670791667921,0.4734879404254016,0.5195980983843019,0.3769046033571393,0.47457944915623834,0.042066518424857036,0.4682964806890764,2.206870088740186,2.0854197657548426,1.7719797516313578,0.613647863818331,1.1434652696909984,4.870274503059768,0.13215586524563053,1.471196783434757
D_W,dw,83,83,0.01,0.02,512,512,0,512,,512,512,0,512,0,0.5178843495009857,0.544476671554633,0.4721393749741445,0.5178187540646843,0.3740241726085082,0.47071113271164317,0.039599990863444554,0.46950313399594595,sample,315,0.5168296601230263,0.5432829715049713,0.4729346604123479,0.5194248029763185,0.3746646198745032,0.46819074659747206,0.038680158569281496,0.4702789689815676,2.239119360348757,2.0984765541279735,1.8165267707007688,0.6307639788782722,1.1999573495691709,4.866148287849056,0.12151730200094303,1.477424954090275
D_W,dw,83,83,0.01,0.02,512,512,0,512,,512,512,0,512,0,0.5178843495009857,0.544476671554633,0.4721393749741445,0.5178187540646843,0.3740241726085082,0.47071113271164317,0.039599990863444554,0.46950313399594595,sample,316,0.5181332532885273,0.544151826653766,0.4711537231462957,0.517644188600652,0.3735997525466613,0.4700309655507497,0.04035872471461462,0.46943499965716273,2.259204651293376,2.114413767798586,1.8014373187909685,0.6323919724355891,1.1810980784097151,4.851082610502809,0.12679067307168612,1.4747735462608695
D_W,dw,83,83,0.01,0.02,512,512,0,512,,512,512,0,512,0,0.5178843495009857,0.544476671554633,0.4721393749741445,0.5178187540646843,0.3740241726085082,0.47071113271164317,0.039599990863444554,0.46950313399594595,sample,317,0.5179335887170926,0.5435480897616177,0.4710237835642748,0.5180432108304961,0.37375127796746543,0.4696166136823149,0.03898688845249424,0.469901926806028,2.2611249965666373,2.1223582015022133,1.8046784940551044,0.6324097163173485,1.180149576734525,4.854345643237696,0.12248092234868065,1.4762404411615062
D_W,dw,83,83,0.01,0.02,512,512,0,512,,512,512,0,512,0,0.5178843495009857,0.544476671554633,0.4721393749741445,0.5178187540646843,0.3740241726085082,0.47071113271164317,0.039599990863444554,0.46950313399594595,sample,318,0.5198718815706496,0.5423387342419068,0.4732537196118073,0.5156002622684361,0.37319408359932005,0.47100580148154086,0.041234560031510624,0.4675522075312279,2.2394676258094894,2.090271187191757,1.7939558354926517,0.6319740020775498,1.1319641605582629,4.8347986126607045,0.1295421908690011,1.468858580349796
D_W,dw,83,83,0.01,0.02,512,512,0,512,,512,512,0,512,0,0.5178843495009857,0.544476671554633,0.4721393749741445,0.5178187540646843,0.3740241726085082,0.47071113271164317,0.039599990863444554,0.46950313399594595,sample,319,0.5170117585755798,0.5439620311274209,0.4722141652250591,0.5167739946440452,0.37470538473001563,0.469305411210902,0.03986071454718073,0.4689791031450513,2.2345823093994412,2.10342092206398,1.8089994194189956,0.6275120818237152,1.2015774501101761,4.8454740759406105,0.12522612798826277,1.473341305127623
D_W,dw,83,83,0.01,0.02,512,512,0,512,,512,512,0,512,0,0.5178843495009857,0.544476671554633,0.4721393749741445,0.5178187540646843,0.3740241726085082,0.47071113271164317,0.039599990863444554,0.46950313399594595,sample,320,0.5215275300755308,0.5447750355004727,0.47116363455490057,0.5190343652249785,0.3727073272194032,0.46826567696521393,0.038963809830145225,0.46905905203882553,2.3022576445509246,2.096698942277123,1.8125354307449593,0.6394598940250245,1.122631928517256,4.860821481342388,0.122408418718254,1.4735924719849667
D_W,dw,83,83,0.01,0.02,512,512,0,512,,512,512,0,512,0,0.5178843495009857,0.544476671554633,0.4721393749741445,0.5178187540646843,0.3740241726085082,0.47071113271164317,0.039599990863444554,0.46950313399594595,sample,321,0.5180952024617886,0.5456139755598071,0.4721517656687328,0.5187253355883736,0.37309405592581124,0.4691949997053391,0.03991257397811383,0.47026573542141914,2.260488251156439,2.086973068440924,1.8064725181014103,0.6363941431316349,1.1931353896917456,4.858884786674315,0.12538904919550156,1.4773833796349318
D_W,dw,83,83,0.01,0.02,512,512,0,512,,512,512,0,512,0,0.5178843495009857,0.544476671554633,0.4721393749741445,0.5178187540646843,0.3740241726085082,0.47071113271164317,0.039599990863444554,0.46950313399594595,sample,322,0.5182436800515486,0.5455928555696555,0.4722675494022315,0.5165077131537906,0.3741707784058835,0.47149658512378223,0.04004163914305475,0.4693920940048482,2.235313953243647,2.0848783001518063,1.7917300445069073,0.6274319232720054,1.1901663387322692,4.842835416472098,0.1257945193695143,1.4746387541787607
D_W,dw,83,83,0.01,0.02,512,512,0,512,,512,512,0,512,0,0.5178843495009857,0.544476671554633,0.4721393749741445,0.5178187540646843,0.3740241726085082,0.47071113271164317,0.039599990863444554,0.46950313399594595,sample,323,0.5191750548883514,0.5443821438195365,0.4735408544614863,0.5170343666553284,0.3726222185679336,0.47412912296839743,0.04134521205385214,0.4677088051668675,2.226027684115316,2.0715434014019074,1.7694525111625856,0.6323567974330163,1.1629742059924006,4.8453312789037,0.12988981444949405,1.4693505463314909
D_W,dw,83,83,0.01,0.02,512,512,0,512,,512,512,0,512,0,0.5178843495009857,0.544476671554633,0.4721393749741445,0.5178187540646843,0.3740241726085082,0.47071113271164317,0.039599990863444554,0.46950313399594595,sample,324,0.5178716861401846,0.5450217107321285,0.47213096805423127,0.5180245170617949,0.37414348668762626,0.4708372520924163,0.03811549512622616,0.4689703681127192,2.2417243177306356,2.092886852842257,1.7962699970247096,0.6292330305352714,1.1929159191338266,4.854636534497924,0.11974335947648967,1.4733138632142195
D_W,dw,83,83,0.01,0.02,512,512,0,512,,512,512,0,512,0,0.5178843495009857,0.544476671554633,0.4721393749741445,0.5178187540646843,0.3740241726085082,0.47071113271164317,0.039599990863444554,0.46950313399594595,sample,325,0.5185984452911295,0.5436556625876162,0.4734166427374579,0.5188741806104221,0.37453705639975,0.47061077474929025,0.03944546110003915,0.46936339918175485,2.2334119124221266,2.0814463370455214,1.798421563535678,0.6282282127177815,1.168057008320077,4.861705596715257,0.12392157080934496,1.4745486067333344
D_W,dw,83,83,0.01,0.02,512,512,0,512,,512,512,0,512,0,0.5178843495009857,0.544476671554633,0.4721393749741445,0.5178187540646843,0.3740241726085082,0.47071113271164317,0.039599990863444554,0.46950313399594595,sample,326,0.5145054281586323,0.5443962159435775,0.4745294788855971,0.5177473049199799,0.3749442100563436,0.4724464097516658,0.04240299329925545,0.4679003429584815,2.180342008036825,2.0700544668498373,1.7855762281555654,0.6236222171907263,1.2550034998889976,4.85336271135663,0.13321293223915814,1.46995228005051
D_W,dw,83,83,0.01,0.02,512,512,0,512,,512,512,0,512,0,0.5178843495009857,0.544476671554633,0.4721393749741445,0.5178187540646843,0.3740241726085082,0.47071113271164317,0.039599990863444554,0.46950313399594595,sample,327,0.518186683412105,0.5449544025633712,0.4727169133012037,0.5174081642863457,0.37381686591964425,0.4706788601564048,0.038731875672929426,0.46846522708865657,2.2384576596846752,2.083268719857536,1.7970446572905527,0.630521331775507,1.1863664390403668,4.8494831057703776,0.12167977607382831,1.4717269158839976
D_W,dw,83,83,0.01,0.02,512,512,0,512,,512,512,0,512,0,0.5178843495009857,0.544476671554633,0.4721393749741445,0.5178187540646843,0.3740241726085082,0.47071113271164317,0.039599990863444554,0.46950313399594595,sample,328,0.5173363597151377,0.5436554710916139,0.4713713187424941,0.5171729159681946,0.3739115216913474,0.47065301161582296,0.03972470630756962,0.4705800585723852,2.244776849873351,2.1181621094970633,1.7974535113879686,0.6299583221910335,1.192777168990405,4.847753435020885,0.12479884550187284,1.47837085493686
D_W,dw,83,83,0.01,0.02,512,512,0,512,,512,512,0,512,0,0.5178843495009857,0.544476671554633,0.4721393749741445,0.5178187540646843,0.3740241726085082,0.47071113271164317,0.039599990863444554,0.46950313399594595,sample,329,0.5192756574298124,0.5435372721353007,0.4719328137127697,0.5161691101261103,0.37575971801881985,0.4696686118199401,0.04073656926293962,0.46900112323338045,2.242063207785856,2.1034443477550333,1.8083196437860325,0.6218279077916788,1.1539968574492951,4.841805453071646,0.12797770672890288,1.4734104832753492
D_W,dw,83,83,0.01,0.02,512,512,0,512,,512,512,0,512,0,0.5178843495009857,0.544476671554633,0.4721393749741445,0.5178187540646843,0.3740241726085082,0.47071113271164317,0.039599990863444554,0.46950313399594595,sample,330,0.5174000242497236,0.5456194429188289,0.47186180416381807,0.5177136118361383,0.37383659944533537,0.4710722380238277,0.04085493574563776,0.46883781269215036,2.2418794431085467,2.093611146522279,1.794071578491355,0.6302045024187644,1.2064118266979762,4.851879312817591,0.12834956600137862,1.472897428078767
D_W,dw,83,83,0.01,0.02,512,512,0,512,,512,512,0,512,0,0.5178843495009857,0.544476671554633,0.4721393749741445,0.5178187540646843,0.3740241726085082,0.47071113271164317,0.039599990863444554,0.46950313399594595,sample,331,0.5180207960266436,0.544174635755358,0.47184626731101875,0.517073134017608,0.37494373472899023,0.4701880285595019,0.04023206241018304,0.470832784468816,2.2402716333446433,2.103914855662562,1.802742740938401,0.6256003670312057,1.1834601308553776,4.848073753883805,0.1263927517065971,1.4791648167564588
D_W,dw,83,83,0.01,0.02,512,512,0,512,,512,512,0,512,0,0.5178843495009857,0.544476671554633,0.4721393749741445,0.5178187540646843,0.3740241726085082,0.47071113271164317,0.039599990863444554,0.46950313399594595,sample,332,0.5171823571796742,0.5454129396307031,0.47195050287724993,0.5182695781714813,0.3732016011957041,0.4713427149754758,0.04056577935173789,0.47044225454361954,2.243498919907878,2.094647939230697,1.7908698516070887,0.6332444818230151,1.209084754277779,4.855487820950388,0.1274411543985643,1.4779379308124547
D_W,dw,83,83,0.01,0.02,512,512,0,512,,512,512,0,512,0,0.5178843495009857,0.544476671554633,0.4721393749741445,0.5178187540646843,0.3740241726085082,0.47071113271164317,0.039599990863444554,0.46950313399594595,sample,333,0.5185956747086737,0.5447532973090967,0.4728465692574614,0.5183752814550382,0.37425279376740483,0.46937811607079566,0.039425910648817696,0.47051704785507065,2.2465331327080955,2.0815074150035504,1.8072491095339418,0.630572145545864,1.1769867503216314,4.85749072645013,0.12386015125541326,1.4781729009302471
D_W,dw,83,83,0.01,0.02,512,512,0,512,,512,512,0,512,0,0.5178843495009857,0.544476671554633,0.4721393749741445,0.5178187540646843,0.3740241726085082,0.47071113271164317,0.039599990863444554,0.46950313399594595,sample,334,0.5198347137467756,0.5445104340016327,0.47360978788399044,0.517300124160119,0.3735317940593595,0.469080607690048,0.04041505368964402,0.46831218673628566,2.249552853650258,2.067138113816407,1.80844657770757,0.6335504833438255,1.1515912607421714,4.848339428562387,0.12696763576582273,1.4712461254372864
D_W,dw,83,83,0.01,0.02,512,512,0,512,,512,512,0,512,0,0.5178843495009857,0.544476671554633,0.4721393749741445,0.5178187540646843,0.3740241726085082,0.47071113271164317,0.039599990863444554,0.46950313399594595,sample,335,0.5182531449303076,0.5457241556023407,0.47273462243649755,0.5180235576566341,0.37214237641169484,0.4700912528312395,0.04005572542481477,0.46910466187144206,2.2546670966252016,2.0765556319617784,1.7984143361457663,0.6393535347888727,1.1909786252136392,4.852432072076864,0.12583877272880797,1.4737357595000464
D_W,dw,83,83,0.01,0.02,512,512,0,512,,512,512,0,512,0,0.5178843495009857,0.544476671554633,0.4721393749741445,0.5178187540646843,0.3740241726085082,0.47071113271164317,0.039599990863444554,0.46950313399594595,sample,336,0.517827916182076,0.5427294865958108,0.4722780191081696,0.518286101644008,0.37542763239900884,0.47063615129030295,0.039209942130327045,0.47180284359379027,2.231747429771217,2.1102986793156417,1.799918822688588,0.623655315634673,1.1755274461255094,4.858139067849256,0.12318166614431637,1.4822123473770257
D_W,dw,83,83,0.01,0.02,512,512,0,512,,512,512,0,512,0,0.5178843495009857,0.544476671554633,0.4721393749741445,0.5178187540646843,0.3740241726085082,0.47071113271164317,0.039599990863444554,0.46950313399594595,sample,337,0.5169442319834926,0.544077795025581,0.47264526045021205,0.518055517487676,0.3742274862101405,0.4716284411531259,0.039046639347470914,0.4685185290035626,2.2248676221870043,2.095836806227262,1.790481872674111,0.6280200298587386,1.2037957539029411,4.854971771017065,0.12266863532138478,1.4718943687882886
D_W,dw,83,83,0.01,0.02,512,512,0,512,,512,512,0,512,0,0.5178843495009857,0.544476671554633,0.4721393749741445,0.5178187540646843,0.3740241726085082,0.47071113271164317,0.039599990863444554,0.46950313399594595,sample,338,0.5170440546675498,0.5441879125644448,0.4725643164637475,0.5179850742833295,0.3749351779740249,0.46936935288197773,0.04095858630135731,0.46899742456757465,2.233151571068799,2.095846883498387,1.8086323157040987,0.6271530964955937,1.2026626884547964,4.855215810695361,0.12867519382576767,1.4733988635740256
D_W,dw,83,83,0.01,0.02,512,512,0,512,,512,512,0,512,0,0.5178843495009857,0.544476671554633,0.4721393749741445,0.5178187540646843,0.3740241726085082,0.47071113271164317,0.039599990863444554,0.46950313399594595,sample,339,0.5168229835052706,0.5437963956832281,0.4725233004687792,0.5184764744846279,0.3729242048251642,0.47152392970035506,0.03862424988667325,0.4701221386008618,2.2351201615808574,2.1006004167448706,1.7890205175223295,0.6344866315526324,1.2040558620219592,4.856774475554115,0.12134165969438908,1.47693225691839
D_W,dw,83,83,0.01,0.02,512,512,0,512,,512,512,0,512,0,0.5178843495009857,0.544476671554633,0.4721393749741445,0.5178187540646843,0.3740241726085082,0.47071113271164317,0.039599990863444554,0.46950313399594595,sample,340,0.5158466460390471,0.5448914183293266,0.4718208601408743,0.5189769207323425,0.3702287940459475,0.47135324877972784,0.040486719292080295,0.4719187469174839,2.2564033289739713,2.1052541620097793,1.7858438974619422,0.647569239639659,1.231451893503063,4.857593463795351,0.1271927798959516,1.4825764684072684
D_W,dw,83,83,0.01,0.02,512,512,0,512,,512,512,0,512,0,0.5178843495009857,0.544476671554633,0.4721393749741445,0.5178187540646843,0.3740241726085082,0.47071113271164317,0.039599990863444554,0.46950313399594595,sample,341,0.5172211663068872,0.5451123533500399,0.47125609982403915,0.517910874450444,0.3730605843163424,0.4706641066706935,0.040364211831097396,0.47015254097091613,2.2540184386271114,2.107726595443796,1.7957578392239044,0.6343854920784217,1.2061302024939742,4.852561472636783,0.12680791135651778,1.4770277687808044
D_W,dw,83,83,0.01,0.02,512,512,0,512,,512,512,0,512,0,0.5178843495009857,0.544476671554633,0.4721393749741445,0.5178187540646843,0.3740241726085082,0.47071113271164317,0.039599990863444554,0.46950313399594595,sample,342,0.5163759954814247,0.5447618875344559,0.47231518223442553,0.5185212563246416,0.3746638846424717,0.4700818830882176,0.037308305452655975,0.4707366244913796,2.2317781674904347,2.097008569071845,1.8026871676259457,0.6279755691674718,1.2200743848010263,4.859099932137575,0.11720749832794804,1.4788627212777752
D_W,dw,83,83,0.01,0.02,512,512,0,512,,512,512,0,512,0,0.5178843495009857,0.544476671554633,0.4721393749741445,0.5178187540646843,0.3740241726085082,0.47071113271164317,0.039599990863444554,0.46950313399594595,sample,343,0.5193233702811701,0.5455611966879815,0.4713427979987143,0.5170410394031488,0.3737866379559129,0.4714391338439898,0.038346637685982544,0.46839115785401153,2.25679467113622,2.0956731946410203,1.7914020488410534,0.6296160670722181,1.1696721103554912,4.846595103553937,0.12046951524415227,1.4714942205205797
D_W,dw,83,83,0.01,0.02,512,512,0,512,,512,512,0,512,0,0.5178843495009857,0.544476671554633,0.4721393749741445,0.5178187540646843,0.3740241726085082,0.47071113271164317,0.039599990863444554,0.46950313399594595,sample,344,0.5172603594667653,0.5434666638664831,0.47226971678613483,0.5173080583935793,0.3732283606390628,0.4702125341323797,0.038973351963931306,0.46947807081093235,2.2414393980701566,2.106000670641203,1.799531584157611,0.6337047306632017,1.192797469831392,4.84807944791048,0.12243839621565593,1.4749088582811338
D_W,dw,83,83,0.01,0.02,512,512,0,512,,512,512,0,512,0,0.5178843495009857,0.544476671554633,0.4721393749741445,0.5178187540646843,0.3740241726085082,0.47071113271164317,0.039599990863444554,0.46950313399594595,sample,345,0.5194025178342347,0.5439566711814445,0.47157034902563155,0.5178634118391913,0.3721819226965019,0.4699973820028437,0.037981490311353595,0.4706549571688462,2.272869318166525,2.105081678881125,1.7992091182840262,0.6391672687855006,1.1551163134632387,4.85124613095015,0.11932237093454036,1.478606155817266
D_W,dw,83,83,0.01,0.02,512,512,0,512,,512,512,0,512,0,0.5178843495009857,0.544476671554633,0.4721393749741445,0.5178187540646843,0.3740241726085082,0.47071113271164317,0.039599990863444554,0.46950313399594595,sample,346,0.5192100705897204,0.5445108487379963,0.4725095885508466,0.5178882227818559,0.3743646723448016,0.47081305775197924,0.03885170337688122,0.4691023083415518,2.244765502749204,2.086638954211126,1.7968601177752523,0.62813912938629,1.1633641010051898,4.8538204698302225,0.1220562259082598,1.473728365667833
D_W,dw,83,83,0.01,0.02,512,512,0,512,,512,512,0,512,0,0.5178843495009857,0.544476671554633,0.4721393749741445,0.5178187540646843,0.3740241726085082,0.47071113271164317,0.039599990863444554,0.46950313399594595,sample,347,0.5176674366391284,0.5442764425459979,0.4749793085985676,0.5189586640373305,0.3709445079930681,0.47379266158785005,0.043084797538576275,0.4686324875236022,2.219371479911414,2.054133478646716,1.7690705417517834,0.6417986566588885,1.1911301814292643,4.858248900040881,0.13535488342859484,1.472252380037659
D_W,dw,83,83,0.01,0.02,512,512,0,512,,512,512,0,512,0,0.5178843495009857,0.544476671554633,0.4721393749741445,0.5178187540646843,0.3740241726085082,0.47071113271164317,0.039599990863444554,0.46950313399594595,sample,348,0.5184582664134763,0.5451055088976784,0.47232165296251194,0.5160491902593867,0.3734153033137809,0.4713846827721367,0.040863148747907994,0.4694278985122484,2.239420615818098,2.0872950693361627,1.791407649922092,0.6308006701867274,1.182363420250061,4.838502287817361,0.12837536790897472,1.4747512373561746
D_W,dw,83,83,0.01,0.02,512,512,0,512,,512,512,0,512,0,0.5178843495009857,0.544476671554633,0.4721393749741445,0.5178187540646843,0.3740241726085082,0.47071113271164317,0.039599990863444554,0.46950313399594595,sample,349,0.5193508563860668,0.5434995803086232,0.472502921765889,0.5174375021373934,0.3736646784693099,0.473476914193528,0.03966453726487354,0.4697665784306634,2.235076318105498,2.094547775653303,1.775843745414992,0.6283623297026658,1.152232081767788,4.849547903654633,0.1246098188793653,1.4758152316997855
D_W,dw,83,83,0.01,0.02,512,512,0,512,,512,512,0,512,0,0.5178843495009857,0.544476671554633,0.4721393749741445,0.5178187540646843,0.3740241726085082,0.47071113271164317,0.039599990863444554,0.46950313399594595,sample,350,0.5173976624478863,0.5442745199383208,0.47253460821391396,0.5177909256242492,0.3738089964331744,0.4712692509849797,0.03824545234446712,0.469727555340054,2.2327487443489327,2.0944076800183997,1.7925363362828495,0.6301740629281275,1.1963824701606285,4.852449977926367,0.12015163211859643,1.4756926370450067
D_W,dw,83,83,0.01,0.02,512,512,0,512,,512,512,0,512,0,0.5178843495009857,0.544476671554633,0.4721393749741445,0.5178187540646843,0.3740241726085082,0.47071113271164317,0.039599990863444554,0.46950313399594595,sample,351,0.5173128762127446,0.5451822985571576,0.4719073738835538,0.5180923689787627,0.3729198839472307,0.46985084912126013,0.0402027708736852,0.47098466956842067,2.253190596515706,2.096827266992545,1.8014915225284454,0.6360458831981421,1.2048749913669858,4.853808393112671,0.12630072963072314,1.4796419778695666
D_W,dw,83,83,0.01,0.02,512,512,0,512,,512,512,0,512,0,0.5178843495009857,0.544476671554633,0.4721393749741445,0.5178187540646843,0.3740241726085082,0.47071113271164317,0.039599990863444554,0.46950313399594595,sample,352,0.5177180976009023,0.5458199261883331,0.47256138809347836,0.5183293821220134,0.3739754857556272,0.46916884442973056,0.040702036680185634,0.46878134812233124,2.2474176775143504,2.080166142041272,1.8083230545001086,0.6320648021255343,1.2018166656059022,4.856819242365893,0.12786921942061347,1.4727200394010351
D_W,dw,83,83,0.01,0.02,512,512,0,512,,512,512,0,512,0,0.5178843495009857,0.544476671554633,0.4721393749741445,0.5178187540646843,0.3740241726085082,0.47071113271164317,0.039599990863444554,0.46950313399594595,sample,353,0.5175434299884415,0.5442555024876521,0.47255408062070864,0.5172044343463412,0.3747669411631131,0.4705634300046859,0.03929138511408747,0.46745734502174724,2.22926156091053,2.0937748189267325,1.7995860728236526,0.6260931640588808,1.1933865285411456,4.84891371496559,0.12343752682378455,1.4685605609869103
D_W,dw,83,83,0.01,0.02,512,512,0,512,,512,512,0,512,0,0.5178843495009857,0.544476671554633,0.4721393749741445,0.5178187540646843,0.3740241726085082,0.47071113271164317,0.039599990863444554,0.46950313399594595,sample,354,0.5172665368157896,0.5441616104061378,0.47201173383386935,0.5165624962462099,0.37236476492721565,0.47276976427026735,0.04118811419842132,0.46795424849603834,2.2352979879366535,2.104020936860266,1.7792920513446329,0.6345972107483943,1.198085389634098,4.84143218927948,0.12939627698097786,1.4701216292912866
D_W,dw,83,83,0.01,0.02,512,512,0,512,,512,512,0,512,0,0.5178843495009857,0.544476671554633,0.4721393749741445,0.5178187540646843,0.3740241726085082,0.47071113271164317,0.039599990863444554,0.46950313399594595,sample,355,0.5204237094168472,0.544588070110858,0.4707205042746585,0.521604947817744,0.3728897794881371,0.46857903824474967,0.038000431606684704,0.46945604097592253,2.3045836682394905,2.109018685636354,1.8098363307522987,0.6401556389806308,1.1412655514951497,4.880750160773119,0.11938187676880205,1.4748396495133071
D_W,dw,83,83,0.01,0.02,512,512,0,512,,512,512,0,512,0,0.5178843495009857,0.544476671554633,0.4721393749741445,0.5178187540646843,0.3740241726085082,0.47071113271164317,0.039599990863444554,0.46950313399594595,sample,356,0.5184592587894225,0.5457265159553273,0.472266116264864,0.5201924947042347,0.3735586705832792,0.46714511189919866,0.038331013874493204,0.46852404734110964,2.2741684618708136,2.083123678832141,1.821969109805977,0.6376705255186645,1.187114443309508,4.870750285791301,0.12042043159275628,1.4719117051569865
D_W,dw,83,83,0.01,0.02,512,512,0,512,,512,512,0,512,0,0.5178843495009857,0.544476671554633,0.4721393749741445,0.5178187540646843,0.3740241726085082,0.47071113271164317,0.039599990863444554,0.46950313399594595,sample,357,0.5166359600178013,0.5457502979565454,0.4738471491011787,0.5173176534572484,0.3744541771073843,0.46929154387370675,0.03939380395366568,0.46838669440499514,2.2199215064505435,2.0637813444307684,1.8085198717760145,0.6290379833960308,1.2220352067821643,4.8494628792019725,0.12375928509779265,1.47148019818194
D_W,dw,83,83,0.01,0.02,512,512,0,512,,512,512,0,512,0,0.5178843495009857,0.544476671554633,0.4721393749741445,0.5178187540646843,0.3740241726085082,0.47071113271164317,0.039599990863444554,0.46950313399594595,sample,358,0.5180055715177247,0.5443140653718114,0.4719993301324969,0.5170051624714774,0.37486198934557513,0.46992296705176445,0.03773218447381939,0.4689966312009302,2.2402996351156554,2.100405005223019,1.804602643222415,0.626232557238271,1.1848558900507038,4.8474529163708695,0.11853915354684584,1.473396371139204
D_W,dw,83,83,0.01,0.02,512,512,0,512,,512,512,0,512,0,0.5178843495009857,0.544476671554633,0.4721393749741445,0.5178187540646843,0.3740241726085082,0.47071113271164317,0.039599990863444554,0.46950313399594595,sample,359,0.5185909419569925,0.5464672919208342,0.46927289611919154,0.5216044348723441,0.3744939129615529,0.4717774276249451,0.038226305488257464,0.4709909680556328,2.284178752894965,2.1214093601095363,1.7888825169909455,0.6292299252158915,1.1902152759404998,4.882856874780614,0.12009148049578884,1.479661765150721
D_W,dw,83,83,0.01,0.02,512,512,0,512,,512,512,0,512,0,0.5178843495009857,0.544476671554633,0.4721393749741445,0.5178187540646843,0.3740241726085082,0.47071113271164317,0.039599990863444554,0.46950313399594595,sample,360,0.518526898685223,0.544110078332452,0.4730494625392165,0.5178834308572347,0.37389371777111313,0.4705900165424481,0.04112092590118296,0.4704025270175502,2.2379801739318532,2.0838031427215022,1.7977246100056181,0.6305693414343876,1.1731555049019575,4.853262008960711,0.12918519871996662,1.47781312310841
D_W,dw,83,83,0.01,0.02,512,512,0,512,,512,512,0,512,0,0.5178843495009857,0.544476671554633,0.4721393749741445,0.5178187540646843,0.3740241726085082,0.47071113271164317,0.039599990863444554,0.46950313399594595,sample,361,0.5189102109142844,0.5452830353912448,0.4720248578630794,0.5167867888624638,0.3750261207336178,0.471630045404819,0.039917063744699395,0.46953562216047745,2.237085198757492,2.0889200696403014,1.7920979075394408,0.6234730082449614,1.175209916064584,4.845912156920427,0.1254031542132231,1.4750896611780688
D_W,dw,83,83,0.01,0.02,512,512,0,512,,512,512,0,512,0,0.5178843495009857,0.544476671554633,0.4721393749741445,0.5178187540646843,0.3740241726085082,0.47071113271164317,0.039599990863444554,0.46950313399594595,sample,362,0.5187722036580569,0.5446652976004749,0.4725746207761434,0.5176446329156404,0.3740554675009402,0.4703961644555474,0.03859149411495054,0.46912460649292814,2.244349012204671,2.0858840940317025,1.799504558979311,0.6298712584522267,1.1729251619664192,4.851581471233015,0.12123875440258235,1.4737984173763856
D_W,dw,83,83,0.01,0.02,512,512,0,512,,512,512,0,512,0,0.5178843495009857,0.544476671554633,0.4721393749741445,0.5178187540646843,0.3740241726085082,0.47071113271164317,0.039599990863444554,0.46950313399594595,sample,363,0.520616129169376,0.543186779552171,0.47051675879810384,0.5149829797649287,0.37264375333375754,0.46979089420553055,0.040165051908835146,0.4688508377969722,2.281225661640878,2.1229645159733326,1.8021549610040457,0.6355157779346812,1.1254149999020289,4.829496887908204,0.1261822320078492,1.4729383476523874
D_W,dw,83,83,0.01,0.02,512,512,0,512,,512,512,0,512,0,0.5178843495009857,0.544476671554633,0.4721393749741445,0.5178187540646843,0.3740241726085082,0.47071113271164317,0.039599990863444554,0.46950313399594595,sample,364,0.5175728085510767,0.5435858822937454,0.47153327036938364,0.5177829748185748,0.3741668663136327,0.4711715960746412,0.03987467425721815,0.46923792422565885,2.242202084791107,2.1154251201299497,1.7938673025213805,0.6286054814804714,1.1875544903798534,4.852781153510133,0.1252699837107626,1.474154415533054
D_W,dw,83,83,0.01,0.02,512,512,0,512,,512,512,0,512,0,0.5178843495009857,0.544476671554633,0.4721393749741445,0.5178187540646843,0.3740241726085082,0.47071113271164317,0.039599990863444554,0.46950313399594595,sample,365,0.5167005955854972,0.544993642362201,0.47144945354718715,0.5173434115766172,0.37399380276251554,0.47058377386937694,0.04006101408957977,0.4694693876482525,2.2414443697997486,2.1074489338654963,1.7980708074612148,0.6297590264586754,1.215381720734587,4.849168908441875,0.12585538755918102,1.4748815793210488
D_W,dw,83,83,0.01,0.02,512,512,0,512,,512,512,0,512,0,0.5178843495009857,0.544476671554633,0.4721393749741445,0.5178187540646843,0.3740241726085082,0.47071113271164317,0.039599990863444554,0.46950313399594595,sample,366,0.5170756761266319,0.5432875024320928,0.47369154800157326,0.5195545927770516,0.3737399614418716,0.46955343708148445,0.03977136377885634,0.4690528933544511,2.232216630982383,2.0853581755268906,1.804733904237145,0.6335773387011138,1.195065162413585,4.866043746914639,0.12494542427090226,1.4735731239073804
D_W,dw,83,83,0.01,0.02,512,512,0,512,,512,512,0,512,0,0.5178843495009857,0.544476671554633,0.4721393749741445,0.5178187540646843,0.3740241726085082,0.47071113271164317,0.039599990863444554,0.46950313399594595,sample,367,0.5178202740568395,0.5444820034357372,0.47256755058416217,0.5198981969546798,0.3745281005783895,0.47107740313226754,0.038633142324543776,0.4694974074211964,2.2386625990582685,2.09073309980624,1.7946463392208294,0.6285011536362974,1.189757637731991,4.869666091713642,0.12136959611187563,1.4749696060338846
D_W,dw,83,83,0.01,0.02,512,512,0,512,,512,512,0,512,0,0.5178843495009857,0.544476671554633,0.4721393749741445,0.5178187540646843,0.3740241726085082,0.47071113271164317,0.039599990863444554,0.46950313399594595,sample,368,0.5180936728699305,0.5445525701001532,0.4727543116352085,0.5177012593153605,0.3728465100349852,0.4707600139391109,0.03882014816982916,0.4708153082259202,2.2435604596389416,2.086292846843229,1.794737907803722,0.635142708802999,1.1850255723010932,4.850711736867653,0.12195709230160255,1.479109913520165
D_W,dw,83,83,0.01,0.02,512,512,0,512,,512,512,0,512,0,0.5178843495009857,0.544476671554633,0.4721393749741445,0.5178187540646843,0.3740241726085082,0.47071113271164317,0.039599990863444554,0.46950313399594595,sample,369,0.5179345472425025,0.5456995217741331,0.4709473506564349,0.5189006773371919,0.37456211177271687,0.47096751229702233,0.040034410625205526,0.46993371625167457,2.2552172575694613,2.105158306204036,1.7957870809308163,0.6277441623784614,1.1968198294955916,4.861941531171791,0.12577181031094284,1.4763403106504112
D_W,dw,83,83,0.01,0.02,512,512,0,512,,512,512,0,512,0,0.5178843495009857,0.544476671554633,0.4721393749741445,0.5178187540646843,0.3740241726085082,0.47071113271164317,0.039599990863444554,0.46950313399594595,sample,370,0.516721188185478,0.5435760689362584,0.4720642553046758,0.5182871055987143,0.3742863266542817,0.4709201126894805,0.040171698250000595,0.47006000111049356,2.233025686262162,2.1101325661195047,1.7958284533187148,0.6286554003056858,1.2043991460736552,4.856842090605502,0.1262031121044278,1.4767370462351366
D_W,dw,83,83,0.01,0.02,512,512,0,512,,512,512,0,512,0,0.5178843495009857,0.544476671554633,0.4721393749741445,0.5178187540646843,0.3740241726085082,0.47071113271164317,0.039599990863444554,0.46950313399594595,sample,371,0.5171776837407386,0.5436669472005224,0.47199209748002385,0.517376509549939,0.3737346815770346,0.4713528114713517,0.040033912797201296,0.4688638520992936,2.235360021927565,2.1089157336744053,1.791884693002801,0.6301628518434778,1.1960102367505827,4.8491489538414,0.125770246338142,1.472979233288952
D_W,dw,83,83,0.01,0.02,512,512,0,512,,512,512,0,512,0,0.5178843495009857,0.544476671554633,0.4721393749741445,0.5178187540646843,0.3740241726085082,0.47071113271164317,0.039599990863444554,0.46950313399594595,sample,372,0.5180897937075464,0.5442109124021279,0.4726304709965239,0.515568258834137,0.37333704602493306,0.4688568920799339,0.03897595289879758,0.46761166191427256,2.2445264514763648,2.091096052244535,1.8101553156480257,0.6336653881614867,1.1824095738625477,4.834686497869276,0.12244656729352428,1.4690453618027928
D_W,dw,83,83,0.01,0.02,512,512,0,512,,512,512,0,512,0,0.5178843495009857,0.544476671554633,0.4721393749741445,0.5178187540646843,0.3740241726085082,0.47071113271164317,0.039599990863444554,0.46950313399594595,sample,373,0.5146548733967012,0.5460859339881425,0.4724666072914962,0.5162263250816316,0.3751699426531079,0.4719105665755756,0.038315906720206676,0.47101002691412724,2.201989395095429,2.0883692944089574,1.7903435869700273,0.6221603460238053,1.2629175964632733,4.841651518858929,0.12037297106783308,1.4797216403205529
D_W,dw,83,83,0.01,0.02,512,512,0,512,,512,512,0,512,0,0.5178843495009857,0.544476671554633,0.4721393749741445,0.5178187540646843,0.3740241726085082,0.47071113271164317,0.039599990863444554,0.46950313399594595,sample,374,0.5167912381010008,0.546314880853241,0.47142423399484673,0.5190184328076761,0.3723192082346289,0.47264389475212343,0.038868110786166706,0.47057439752399466,2.2489180457168665,2.096413856931564,1.779622781237791,0.6365355769445014,1.2229893823808717,4.860254778236969,0.12210777130473552,1.4783530702288246
D_W,dw,83,83,0.01,0.02,512,512,0,512,,512,512,0,512,0,0.5178843495009857,0.544476671554633,0.4721393749741445,0.5178187540646843,0.3740241726085082,0.47071113271164317,0.039599990863444554,0.46950313399594595,sample,375,0.5167679810844615,0.5443822294945634,0.4717789067260624,0.5179711063053897,0.3741377786595007,0.47004853106441075,0.0377586359130157,0.46963687272323545,2.241387889592972,2.1074039532319686,1.802158788740525,0.6300855753298699,1.2095657349633877,4.854214314493513,0.11862225319390186,1.4754077492022013
D_W,dw,83,83,0.01,0.02,512,512,0,512,,512,512,0,512,0,0.5178843495009857,0.544476671554633,0.4721393749741445,0.5178187540646843,0.3740241726085082,0.47071113271164317,0.039599990863444554,0.46950313399594595,sample,376,0.5163882605145257,0.5445322355525837,0.4723213943079091,0.5171551556818273,0.3742257064132099,0.470653779889814,0.040707554314505984,0.4693620403632602,2.2272621418945557,2.098843341273501,1.7979888501699908,0.6284830216261917,1.2181688532902295,4.84794881934524,0.1278865535800595,1.474544337879134
D_W,dw,83,83,0.01,0.02,512,512,0,512,,512,512,0,512,0,0.5178843495009857,0.544476671554633,0.4721393749741445,0.5178187540646843,0.3740241726085082,0.47071113271164317,0.039599990863444554,0.46950313399594595,sample,377,0.5194746444060481,0.5432787258067596,0.47214363193155634,0.5187893274445462,0.37352418470006665,0.4691186281172198,0.03845735299596661,0.47009701370321205,2.265787846429558,2.1015743359084813,1.807775726489824,0.6345289047907297,1.14795743087308,4.859870939779339,0.12081733764863811,1.4768533247245113
D_W,dw,83,83,0.01,0.02,512,512,0,512,,512,512,0,512,0,0.5178843495009857,0.544476671554633,0.4721393749741445,0.5178187540646843,0.3740241726085082,0.47071113271164317,0.039599990863444554,0.46950313399594595,sample,378,0.5163995972698896,0.5442001627064948,0.47180292386845696,0.5196742064486369,0.371398885058031,0.4699692962643071,0.03751659616141413,0.47340596314993433,2.261209747528297,2.1098170948139234,1.797655292278798,0.6440713428775494,1.2155105223443552,4.864198210091825,0.11786186288839366,1.487248695997434
D_W,dw,83,83,0.01,0.02,512,512,0,512,,512,512,0,512,0,0.5178843495009857,0.544476671554633,0.4721393749741445,0.5178187540646843,0.3740241726085082,0.47071113271164317,0.039599990863444554,0.46950313399594595,sample,379,0.5174205066856298,0.5440579519631683,0.4714969257017717,0.5180232287466726,0.3749218523327538,0.47055364559595153,0.0402499032545438,0.4699172578587945,2.2411371485282365,2.1124083568831846,1.799728189856084,0.6259192834368724,1.1942618937817506,4.855499653069774,0.1264488003721747,1.4762886050842494
D_W,dw,83,83,0.01,0.02,512,512,0,512,,512,512,0,512,0,0.5178843495009857,0.544476671554633,0.4721393749741445,0.5178187540646843,0.3740241726085082,0.47071113271164317,0.039599990863444554,0.46950313399594595,sample,380,0.5182244790518586,0.5445174475100261,0.4732890026822621,0.5173876394908643,0.37302770177892525,0.47035399350776175,0.039338120040087396,0.4703127610101794,2.2387350173733607,2.077686699670764,1.7981229137882062,0.6345353299185044,1.1822314038633164,4.848482901955222,0.12358434892397198,1.4775311148791117
D_W,dw,83,83,0.01,0.02,512,512,0,512,,512,512,0,512,0,0.5178843495009857,0.544476671554633,0.4721393749741445,0.5178187540646843,0.3740241726085082,0.47071113271164317,0.039599990863444554,0.46950313399594595,sample,381,0.5167725794113666,0.5431864759002415,0.47357565662105355,0.5174473978543538,0.37532202016061844,0.47079626466325936,0.0400402330101732,0.4723146390980107,2.20872366677468,2.089137237741831,1.7987377219247311,0.6234123081490328,1.2003508556429008,4.851425770775343,0.12579010187278364,1.4838202003732248
D_W,dw,83,83,0.01,0.02,512,512,0,512,,512,512,0,512,0,0.5178843495009857,0.544476671554633,0.4721393749741445,0.5178187540646843,0.3740241726085082,0.47071113271164317,0.039599990863444554,0.46950313399594595,sample,382,0.5157461868525982,0.5458466957859829,0.4721000295523986,0.5175889596383231,0.37469945867627247,0.4682643640528467,0.039159710668149446,0.4694910606477386,2.237803796330561,2.093043363892379,1.8165438018987088,0.629261444361992,1.2399658562213973,4.851851881412831,0.12302385935176015,1.4749496670570157
D_W,dw,83,83,0.01,0.02,512,512,0,512,,512,512,0,512,0,0.5178843495009857,0.544476671554633,0.4721393749741445,0.5178187540646843,0.3740241726085082,0.47071113271164317,0.039599990863444554,0.46950313399594595,sample,383,0.5173687213929692,0.5445057051533654,0.4722867774368422,0.5176458476411584,0.3730952006234245,0.4700778927871325,0.041372706176062146,0.4691199633412055,2.2452744785746823,2.0964403582368467,1.800221456598562,0.6346885312481624,1.1987160623534352,4.850551016299219,0.1299761897818459,1.4737838304850441
D_W,dw,83,83,0.01,0.02,512,512,0,512,,512,512,0,512,0,0.5178843495009857,0.544476671554633,0.4721393749741445,0.5178187540646843,0.3740241726085082,0.47071113271164317,0.039599990863444554,0.46950313399594595,sample,384,0.5182842331033906,0.5444764658441528,0.47281188362259646,0.5176959849275452,0.3740260608851497,0.4711123592205388,0.03874066226399198,0.4693493880669723,2.235135925251256,2.0853715603869305,1.7940942791844456,0.6292675322198448,1.1807585671662817,4.851949171052503,0.12170737996376053,1.474504589518065
D_W,dw,83,83,0.01,0.02,512,512,0,512,,512,512,0,512,0,0.5178843495009857,0.544476671554633,0.4721393749741445,0.5178187540646843,0.3740241726085082,0.47071113271164317,0.039599990863444554,0.46950313399594595,sample,385,0.5182128330037717,0.5445897911777882,0.4732756665979937,0.5172978797913503,0.37429241530833296,0.46976887479663737,0.03968935286121864,0.47064368227974984,2.2336554394084787,2.077347064392464,1.804679059525442,0.6292390102982313,1.1830242060782952,4.849134315570611,0.12468777937453752,1.4785707347085109
D_W,dw,83,83,0.01,0.02,512,512,0,512,,512,512,0,512,0,0.5178843495009857,0.544476671554633,0.4721393749741445,0.5178187540646843,0.3740241726085082,0.47071113271164317,0.039599990863444554,0.46950313399594595,sample,386,0.5188914811674433,0.544053771338882,0.4711330550509037,0.5174423182328332,0.3747206616969313,0.4712669897969251,0.040852917455218574,0.46906658274306334,2.2507848845841965,2.112852972515676,1.7941661584026445,0.6257011195764677,1.1656879839512828,4.850727106692496,0.1283432253550249,1.4736161303900766
D_W,dw,83,83,0.01,0.02,512,512,0,512,,512,512,0,512,0,0.5178843495009857,0.544476671554633,0.4721393749741445,0.5178187540646843,0.3740241726085082,0.47071113271164317,0.039599990863444554,0.46950313399594595,sample,387,0.5177875259111371,0.5448893530772838,0.4711634837012152,0.5177077438670687,0.3741242895885852,0.4690656375421569,0.03990006423958927,0.47022419729919196,2.2594300689569407,2.1091645267111363,1.809513074405322,0.6310790286029022,1.1935245769709895,4.8521482737678605,0.12534974869285448,1.477252883775299
D_W,dw,83,83,0.01,0.02,512,512,0,512,,512,512,0,512,0,0.5178843495009857,0.544476671554633,0.4721393749741445,0.5178187540646843,0.3740241726085082,0.47071113271164317,0.039599990863444554,0.46950313399594595,sample,388,0.516775001753629,0.5435996699746206,0.47250125594883396,0.5179730554788173,0.3747452686999394,0.4707016136725018,0.040462041288206914,0.4691061024798213,2.226019149125147,2.102823714250054,1.7983257793969802,0.6265455094912407,1.2035046562252356,4.854908167582803,0.12711525166027773,1.4737402853047472
D_W,dw,83,83,0.01,0.02,512,512,0,512,,512,512,0,512,0,0.5178843495009857,0.544476671554633,0.4721393749741445,0.5178187540646843,0.3740241726085082,0.47071113271164317,0.039599990863444554,0.46950313399594595,sample,389,0.516177890513345,0.5445310579660536,0.47270889480121464,0.5180985593830888,0.3717797580199235,0.47196259399296675,0.04189653692218087,0.46864101120113816,2.2334067634461214,2.0933974323167246,1.7840245559061165,0.6391193020252706,1.2223272531474298,4.8526147182592245,0.13162185260557696,1.4722791579603876
D_W,dw,83,83,0.01,0.02,512,512,0,512,,512,512,0,512,0,0.5178843495009857,0.544476671554633,0.4721393749741445,0.5178187540646843,0.3740241726085082,0.47071113271164317,0.039599990863444554,0.46950313399594595,sample,390,0.5177433797788208,0.5449927737550007,0.4729002972052949,0.5181544353268497,0.37406752558207396,0.4704571552236933,0.03860881299874521,0.469508523063058,2.2354634025734197,2.0815251189363875,1.7989459875962457,0.6300856011541565,1.1951608866070185,4.85556267779955,0.12129316328068006,1.475004526852697
D_W,dw,83,83,0.01,0.02,512,512,0,512,,512,512,0,512,0,0.5178843495009857,0.544476671554633,0.4721393749741445,0.5178187540646843,0.3740241726085082,0.47071113271164317,0.039599990863444554,0.46950313399594595,sample,391,0.5192700060397583,0.5457742088006092,0.4712340841712509,0.5171449680352553,0.37362603522975874,0.4677363096166362,0.03995730956447377,0.4681892074232045,2.2777602977215876,2.095780581953755,1.8185830770393172,0.634573731152907,1.1723359550718688,4.847234198667327,0.12552959018496396,1.4708597745307672
D_W,dw,83,83,0.01,0.02,512,512,0,512,,512,512,0,512,0,0.5178843495009857,0.544476671554633,0.4721393749741445,0.5178187540646843,0.3740241726085082,0.47071113271164317,0.039599990863444554,0.46950313399594595,sample,392,0.5183036992898664,0.5454525300065917,0.471992125087067,0.518085507259405,0.37465429795551086,0.46858858299270295,0.039869871726930434,0.47003541107009367,2.255039401807401,2.090067363118061,1.8139198385093793,0.629419693737888,1.1879651866627685,4.85568507504351,0.12525489611689206,1.4766597943448647
D_W,dw,83,83,0.01,0.02,512,512,0,512,,512,512,0,512,0,0.5178843495009857,0.544476671554633,0.4721393749741445,0.5178187540646843,0.3740241726085082,0.47071113271164317,0.039599990863444554,0.46950313399594595,sample,393,0.5175638658410889,0.5451111049576914,0.4707036092399371,0.5176537096683248,0.3735739757768927,0.471547860100325,0.040151065742130565,0.46870548385144484,2.2538816401592774,2.115012852350359,1.7900988934016913,0.6308858590643153,1.1995073144364186,4.8511285634778325,0.1261382931692782,1.4724817047649486
D_W,dw,83,83,0.01,0.02,512,512,0,512,,512,512,0,512,0,0.5178843495009857,0.544476671554633,0.4721393749741445,0.5178187540646843,0.3740241726085082,0.47071113271164317,0.039599990863444554,0.46950313399594595,sample,394,0.5186510396630666,0.5444764784880656,0.4701618721867171,0.5190561840979934,0.37277207400379986,0.4693395330027542,0.038646396612708626,0.4726296909089193,2.2865608033710334,2.1248368944265867,1.804761642699414,0.6379543143844401,1.1737242776566044,4.8610636494486155,0.12141123568620289,1.4848099648278756
D_W,dw,83,83,0.01,0.02,512,512,0,512,,512,512,0,512,0,0.5178843495009857,0.544476671554633,0.4721393749741445,0.5178187540646843,0.3740241726085082,0.47071113271164317,0.039599990863444554,0.46950313399594595,sample,395,0.5186773666611009,0.5445932899431007,0.4729270516580295,0.5170975643663213,0.37340877894266666,0.47116044380692085,0.03924243018335463,0.4696245379984942,2.238453048554961,2.0812655012609027,1.792840254577423,0.6317090580048053,1.1741564605184114,4.846637829051699,0.12328373037303728,1.4753689985215699
D_W,dw,83,83,0.01,0.02,512,512,0,512,,512,512,0,512,0,0.5178843495009857,0.544476671554633,0.4721393749741445,0.5178187540646843,0.3740241726085082,0.47071113271164317,0.039599990863444554,0.46950313399594595,sample,396,0.5171116163130235,0.5454493631389964,0.4727264040551316,0.5184471417504193,0.3765713535741116,0.47079387505616827,0.03815546199020086,0.46905742920283294,2.217702061906799,2.0825035946434585,1.8006834306236552,0.6182785860460028,1.2107125649257122,4.8607467767583525,0.11986891908273961,1.4735873736953344
D_W,dw,83,83,0.01,0.02,512,512,0,512,,512,512,0,512,0,0.5178843495009857,0.544476671554633,0.4721393749741445,0.5178187540646843,0.3740241726085082,0.47071113271164317,0.039599990863444554,0.46950313399594595,sample,397,0.5186113509442222,0.545950164598276,0.47187332130650417,0.5171731823611092,0.37395088161038365,0.4701483523010195,0.039361126780838855,0.46920766451987217,2.2525756443906877,2.0868566149851144,1.8012838645906828,0.6303268593208234,1.1859583655205985,4.847797263935888,0.1236566267316998,1.4740593518636547
D_W,dw,83,83,0.01,0.02,512,512,0,512,,512,512,0,512,0,0.5178843495009857,0.544476671554633,0.4721393749741445,0.5178187540646843,0.3740241726085082,0.47071113271164317,0.039599990863444554,0.46950313399594595,sample,398,0.5158053246117317,0.5438101548403479,0.4743430293371737,0.5189941976028857,0.37540695091292087,0.47134624788034796,0.04178032213067112,0.4710934706591004,2.196420735504808,2.074319567518814,1.7943482787883662,0.6234753190674457,1.2245605681274256,4.863674050701517,0.13125675307033144,1.4799837865767487
D_W,dw,83,83,0.01,0.02,512,512,0,512,,512,512,0,512,0,0.5178843495009857,0.544476671554633,0.4721393749741445,0.5178187540646843,0.3740241726085082,0.47071113271164317,0.039599990863444554,0.46950313399594595,sample,399,0.518973842339542,0.5444522138346887,0.4698789943403326,0.517629283661607,0.37221385327032713,0.46982358130940477,0.03776083680934818,0.4688641011066098,2.288367301009513,2.128105427520231,1.8005960502934588,0.6390578184943757,1.1673708914144414,4.849482864050978,0.11862916751365128,1.4729800155685073
D_W,dw,83,83,0.01,0.02,512,512,0,512,,512,512,0,512,0,0.5178843495009857,0.544476671554633,0.4721393749741445,0.5178187540646843,0.3740241726085082,0.47071113271164317,0.039599990863444554,0.46950313399594595,sample,400,0.5174299931500003,0.5440063590350215,0.4714737339290494,0.5187499424224378,0.37325663189473557,0.46930899824020283,0.03946038282730342,0.46908855147399925,2.2601350975485013,2.11318289207764,1.805909826923566,0.63552833618017,1.1936747156420242,4.859260011682366,0.12396844879809726,1.4736851471937935
D_W,dw,83,83,0.01,0.02,512,512,0,512,,512,512,0,512,0,0.5178843495009857,0.544476671554633,0.4721393749741445,0.5178187540646843,0.3740241726085082,0.47071113271164317,0.039599990863444554,0.46950313399594595,sample,401,0.5186325568796473,0.5443574366218857,0.47259377846222705,0.517276523025358,0.3723409056085368,0.47079840646123716,0.03903824395773608,0.4684161449903262,2.250391990630752,2.0885893620078564,1.7937094879532802,0.6371862004637269,1.1731217014399113,4.8469050013181,0.1226422604266698,1.4715727199244601
D_W,dw,83,83,0.01,0.02,512,512,0,512,,512,512,0,512,0,0.5178843495009857,0.544476671554633,0.4721393749741445,0.5178187540646843,0.3740241726085082,0.47071113271164317,0.039599990863444554,0.46950313399594595,sample,402,0.5175963158905647,0.5439187464513463,0.47163547557099855,0.5176748575472011,0.37269181595602113,0.47001857791490553,0.040494528867111024,0.4693910822896831,2.2561098130133765,2.1108573063021856,1.7999637561982755,0.6366492226854795,1.1897244306630403,4.85034233355997,0.1272173143994958,1.4746355757818306
D_W,dw,83,83,0.01,0.02,512,512,0,512,,512,512,0,512,0,0.5178843495009857,0.544476671554633,0.4721393749741445,0.5178187540646843,0.3740241726085082,0.47071113271164317,0.039599990863444554,0.46950313399594595,sample,403,0.5178736652621593,0.5451156877929441,0.47302044689564615,0.5173213264716635,0.3738699702174054,0.4708909215293503,0.04047692428399481,0.47000878152780023,2.231671114672944,2.0782093090054143,1.7955729825520832,0.6299895724922729,1.193592517734011,4.848864433467219,0.1271620079705084,1.4765761351704272
D_W,dw,83,83,0.01,0.02,512,512,0,512,,512,512,0,512,0,0.5178843495009857,0.544476671554633,0.4721393749741445,0.5178187540646843,0.3740241726085082,0.47071113271164317,0.039599990863444554,0.46950313399594595,sample,404,0.5175718213965789,0.546044831265416,0.4723322020360917,0.5184859228698675,0.3733267568301836,0.47093586450708297,0.040168775043058214,0.4692881034867762,2.2447264471548047,2.0823476057993173,1.7940487244501728,0.6332391984207822,1.2062308332834748,4.857299968707786,0.1261939285789727,1.4743120583311426
D_W,dw,83,83,0.01,0.02,512,512,0,512,,512,512,0,512,0,0.5178843495009857,0.544476671554633,0.4721393749741445,0.5178187540646843,0.3740241726085082,0.47071113271164317,0.039599990863444554,0.46950313399594595,sample,405,0.5145543405853139,0.5459295071726602,0.47228131046011135,0.5205559277152794,0.3737800022925567,0.47257514914434307,0.03834805565762969,0.47213232035868813,2.221162975763255,2.092864148267201,1.7820494545950125,0.6309123981822671,1.2639222043207783,4.873829587985237,0.12047396993346195,1.4832474291611573
D_W,dw,83,83,0.01,0.02,512,512,0,512,,512,512,0,512,0,0.5178843495009857,0.544476671554633,0.4721393749741445,0.5178187540646843,0.3740241726085082,0.47071113271164317,0.039599990863444554,0.46950313399594595,sample,406,0.5170546861373563,0.543914565655666,0.47278520642875005,0.5182208372316046,0.37696272497658206,0.47127218301849694,0.037993374557121026,0.46998146651242867,2.2093760101254514,2.0946470298604623,1.7977855363107504,0.615780767007963,1.2003640272550402,4.8594124017833185,0.11935970639373678,1.4764903225188033
D_W,dw,83,83,0.01,0.02,512,512,0,512,,512,512,0,512,0,0.5178843495009857,0.544476671554633,0.4721393749741445,0.5178187540646843,0.3740241726085082,0.47071113271164317,0.039599990863444554,0.46950313399594595,sample,407,0.5181604306877329,0.5447145229067184,0.4736013749363206,0.5175784338104638,0.3732548967407741,0.4709353620520067,0.04012207092902391,0.46971803949960766,2.2315708375730545,2.071325157427992,1.7941481521469513,0.6329729471106782,1.1850066510370463,4.8502010771006026,0.12604720327743013,1.4756627421505677
D_W,dw,83,83,0.01,0.02,512,512,0,512,,512,512,0,512,0,0.5178843495009857,0.544476671554633,0.4721393749741445,0.5178187540646843,0.3740241726085082,0.47071113271164317,0.039599990863444554,0.46950313399594595,sample,408,0.5171563098587887,0.5425665447972275,0.4731526881228105,0.5176224983113411,0.3744671066594044,0.4731905349154528,0.04010808616128941,0.4704939505963643,2.2096185882318355,2.1001033741829924,1.7792165939463003,0.6250141194527442,1.1876661567285216,4.851859087689375,0.12600326883385324,1.478100338751977
D_W,dw,83,83,0.01,0.02,512,512,0,512,,512,512,0,512,0,0.5178843495009857,0.544476671554633,0.4721393749741445,0.5178187540646843,0.3740241726085082,0.47071113271164317,0.039599990863444554,0.46950313399594595,sample,409,0.5199842485382303,0.5446477638387156,0.47090757994398635,0.5188722907285573,0.37292106735839253,0.47018014199956726,0.040633709480938654,0.4698770087618892,2.2823372865128713,2.1073393407282284,1.798868325929358,0.6362064945241346,1.1499417238422376,4.8598198458631705,0.1276545631934188,1.476162158817098
D_W,dw,83,83,0.01,0.02,512,512,0,512,,512,512,0,512,0,0.5178843495009857,0.544476671554633,0.4721393749741445,0.5178187540646843,0.3740241726085082,0.47071113271164317,0.039599990863444554,0.46950313399594595,sample,410,0.5166133893419009,0.5458578233353079,0.4730710208710976,0.5186308874436399,0.3733309788154853,0.4707705576596367,0.03920753230426906,0.4695895748957719,2.231551272567389,2.075260107839963,1.7952478526031663,0.6334954057366905,1.2232234712174825,4.858425117532662,0.12317409545247616,1.4752591586949109
D_W,dw,83,83,0.01,0.02,512,512,0,512,,512,512,0,512,0,0.5178843495009857,0.544476671554633,0.4721393749741445,0.5178187540646843,0.3740241726085082,0.47071113271164317,0.039599990863444554,0.46950313399594595,sample,411,0.517515312213709,0.5438775487099828,0.47165529946199136,0.516971062561341,0.37394034265657417,0.4700924578616131,0.039144232532196246,0.4687984824029535,2.245089012717278,2.1111864210560234,1.801729486865861,0.6303101717816965,1.1909916927348672,4.846211593003674,0.12297523335355831,1.4727738683311626
D_W,dw,83,83,0.01,0.02,512,512,0,512,,512,512,0,512,0,0.5178843495009857,0.544476671554633,0.4721393749741445,0.5178187540646843,0.3740241726085082,0.47071113271164317,0.039599990863444554,0.46950313399594595,sample,412,0.5177114832869506,0.5452016936842102,0.4723908845747119,0.5171210715259027,0.3741335014561331,0.4703590555346357,0.03794098569976632,0.46971005232663143,2.2377446152780496,2.087882734363561,1.800040463823115,0.6292123415860115,1.1973508459969613,4.847584857276498,0.11919512194434126,1.4756376497066226
D_W,dw,83,83,0.01,0.02,512,512,0,512,,512,512,0,512,0,0.5178843495009857,0.544476671554633,0.4721393749741445,0.5178187540646843,0.3740241726085082,0.47071113271164317,0.039599990863444554,0.46950313399594595,sample,413,0.5180726329737375,0.542917938590326,0.4717206658062324,0.518624326604919,0.37454182075075054,0.4688355291766157,0.03882113939525946,0.472144388346442,2.2549372523535984,2.116544968302652,1.811735696623236,0.6300208439539238,1.1722358426436241,4.859763159086606,0.12196020632813243,1.4832853418628285
D_W,dw,83,83,0.01,0.02,512,512,0,512,,512,512,0,512,0,0.5178843495009857,0.544476671554633,0.4721393749741445,0.5178187540646843,0.3740241726085082,0.47071113271164317,0.039599990863444554,0.46950313399594595,sample,414,0.5172779125682747,0.5442921026933051,0.47150874741786636,0.5165686887810433,0.37370300867286793,0.4720269806881273,0.0403846701802375,0.4685608756901562,2.23610557492243,2.110683322396988,1.7869692215557385,0.6290985962787085,1.1988620150538807,4.842832367183295,0.12687218315588092,1.472027404827795
D_W,dw,83,83,0.01,0.02,512,512,0,512,,512,512,0,512,0,0.5178843495009857,0.544476671554633,0.4721393749741445,0.5178187540646843,0.3740241726085082,0.47071113271164317,0.039599990863444554,0.46950313399594595,sample,415,0.5175737238563884,0.5457749113325603,0.47327626670166895,0.5189378313373392,0.3759247765221787,0.47034149366946487,0.039596048926636956,0.4684850427562761,2.223179597419465,2.0698093938933226,1.8028397642636336,0.6221243730941854,1.2042318363673663,4.863851868813797,0.12439465641910467,1.4717891686398172
D_W,dw,83,83,0.01,0.02,512,512,0,512,,512,512,0,512,0,0.5178843495009857,0.544476671554633,0.4721393749741445,0.5178187540646843,0.3740241726085082,0.47071113271164317,0.039599990863444554,0.46950313399594595,sample,416,0.5173010947889998,0.5432797993640532,0.4726698838589367,0.5176543738866856,0.37392692181084225,0.4705472391789155,0.039256809225200966,0.4692858965625564,2.2323600817173226,2.101126396228775,1.7981552451681144,0.6303110546730836,1.190505585246034,4.851517151437542,0.12332890346526737,1.4743051250742267
D_W,dw,83,83,0.01,0.02,512,512,0,512,,512,512,0,512,0,0.5178843495009857,0.544476671554633,0.4721393749741445,0.5178187540646843,0.3740241726085082,0.47071113271164317,0.039599990863444554,0.46950313399594595,sample,417,0.519546806451059,0.5464001065110691,0.469712794186596,0.5217693108186552,0.3759650139844477,0.47097601809202716,0.03846428359067383,0.4696845349008791,2.2820198112276744,2.112349083152235,1.7973163136061732,0.6233955797403434,1.1720923062238628,4.886128905125415,0.12083911075405533,1.4755574843493404
D_W,dw,83,83,0.01,0.02,512,512,0,512,,512,512,0,512,0,0.5178843495009857,0.544476671554633,0.4721393749741445,0.5178187540646843,0.3740241726085082,0.47071113271164317,0.039599990863444554,0.46950313399594595,sample,418,0.5192961756952523,0.5452633426037017,0.4718348461068863,0.5183954336895611,0.374948115720532,0.47086201068933414,0.03926034376409484,0.4697120392765156,2.2511714721458196,2.0906794172059797,1.7973645666157474,0.6257133030137494,1.1678173667775795,4.858443902711016,0.1233400075466902,1.4756438918937818
D_W,dw,83,83,0.01,0.02,512,512,0,512,,512,512,0,512,0,0.5178843495009857,0.544476671554633,0.4721393749741445,0.5178187540646843,0.3740241726085082,0.47071113271164317,0.039599990863444554,0.46950313399594595,sample,419,0.5191117882845394,0.5428195162093112,0.4731829124187275,0.5195957002580527,0.37581936540496624,0.4702827463772761,0.039791364965871955,0.47006980334894594,2.2348443174160986,2.0902992143209334,1.802917283894887,0.623152244163654,1.1509955719675595,4.868898393091614,0.1250082598530936,1.4767678408754472
D_W,dw,83,83,0.01,0.02,512,512,0,512,,512,512,0,512,0,0.5178843495009857,0.544476671554633,0.4721393749741445,0.5178187540646843,0.3740241726085082,0.47071113271164317,0.039599990863444554,0.46950313399594595,sample,420,0.5169446319733403,0.5445941190759543,0.47141112066427066,0.519963500540781,0.3739009196414469,0.4680507081876197,0.03659528650115832,0.4720150602508662,2.264388145040165,2.110690814374344,1.8160101346335953,0.6348487295307823,1.207671523533862,4.869401835551851,0.11496748322805271,1.4828790456678649
D_W,dw,83,83,0.01,0.02,512,512,0,512,,512,512,0,512,0,0.5178843495009857,0.544476671554633,0.4721393749741445,0.5178187540646843,0.3740241726085082,0.47071113271164317,0.039599990863444554,0.46950313399594595,sample,421,0.5179238641344653,0.5462002643313225,0.47171310032943575,0.5186286092177845,0.3735322821023466,0.4715098681897872,0.039436873751769894,0.46941286069401195,2.2502593819949355,2.089479507109677,1.790083501538738,0.631771903986951,1.2007119740195136,4.858636638322981,0.12389459285910844,1.474703994656877
D_W,dw,83,83,0.01,0.02,512,512,0,512,,512,512,0,512,0,0.5178843495009857,0.544476671554633,0.4721393749741445,0.5178187540646843,0.3740241726085082,0.47071113271164317,0.039599990863444554,0.46950313399594595,sample,422,0.5187900136177152,0.544207970807023,0.47284360020818433,0.5176967735963242,0.37349636744205766,0.47107411388327125,0.03908710013955811,0.4697958947463891,2.2415368228451698,2.085340715675712,1.793491913642969,0.6317766068921612,1.1688945257113503,4.8513784337601695,0.12279574664856432,1.4759073316218998
D_W,dw,83,83,0.01,0.02,512,512,0,512,,512,512,0,512,0,0.5178843495009857,0.544476671554633,0.4721393749741445,0.5178187540646843,0.3740241726085082,0.47071113271164317,0.039599990863444554,0.46950313399594595,sample,423,0.5181668631366636,0.5448451173693813,0.4729575757174268,0.5184234524950769,0.37380646630958614,0.47121324585215885,0.040997046703651265,0.46999700806359734,2.236341789449603,2.080446592492421,1.7927988790949803,0.6306680493958202,1.1858991122243463,4.857358436930971,0.12879602074306845,1.4765391477417802
D_W,dw,83,83,0.01,0.02,512,512,0,512,,512,512,0,512,0,0.5178843495009857,0.544476671554633,0.4721393749741445,0.5178187540646843,0.3740241726085082,0.47071113271164317,0.039599990863444554,0.46950313399594595,sample,424,0.5178250639896032,0.5447124380672586,0.47172906598354236,0.5179152178848047,0.37321525438815045,0.4704104057107796,0.041128092762274866,0.4693542521779456,2.252838353092275,2.1018486081046506,1.7978986026668713,0.6339426347277048,1.19144558941098,4.852763827665461,0.12920771407812226,1.4745198705733649
D_W,dw,83,83,0.01,0.02,512,512,0,512,,512,512,0,512,0,0.5178843495009857,0.544476671554633,0.4721393749741445,0.5178187540646843,0.3740241726085082,0.47071113271164317,0.039599990863444554,0.46950313399594595,sample,425,0.5174678711243038,0.5438587460167295,0.47166811180857393,0.5182784591089038,0.3739034189178311,0.47024607639661625,0.04038907550904833,0.4694390482115639,2.2480413353499715,2.1113142589557152,1.8002059817683933,0.631162951209827,1.1917773308646586,4.856342331965104,0.12688602290450965,1.474786265169634
D_W,dw,83,83,0.01,0.02,512,512,0,512,,512,512,0,512,0,0.5178843495009857,0.544476671554633,0.4721393749741445,0.5178187540646843,0.3740241726085082,0.47071113271164317,0.039599990863444554,0.46950313399594595,sample,426,0.5175859280077486,0.543658965177766,0.47154558722729395,0.5171059137501931,0.3742097877347336,0.47024857429326805,0.03945282654523775,0.46926352119347303,2.2444955375325986,2.114548845339279,1.8010009257224793,0.6289690462333588,1.1878765812231686,4.847547540734038,0.12394471003787129,1.4742348307790931
D_W,dw,83,83,0.01,0.02,512,512,0,512,,512,512,0,512,0,0.5178843495009857,0.544476671554633,0.4721393749741445,0.5178187540646843,0.3740241726085082,0.47071113271164317,0.039599990863444554,0.46950313399594595,sample,427,0.5181869369430919,0.5443768576543067,0.4726895749663177,0.5177837163399835,0.3737017666164775,0.4721398916585403,0.03888694704381063,0.46977174144216055,2.232932037612301,2.0884519274839857,1.7858534437811227,0.6297593947055353,1.181845230861821,4.852276639120431,0.12216694715337079,1.4758314517787754
D_W,dw,83,83,0.01,0.02,512,512,0,512,,512,512,0,512,0,0.5178843495009857,0.544476671554633,0.4721393749741445,0.5178187540646843,0.3740241726085082,0.47071113271164317,0.039599990863444554,0.46950313399594595,sample,428,0.5175956931840425,0.5439011087664849,0.4713869783352316,0.5176163757030646,0.3733573507726451,0.4705381181387257,0.03955737663191369,0.4689098346114555,2.25183612453486,2.1148673968550566,1.7972629391584392,0.6329476554544963,1.1895979572075077,4.850605082268925,0.12427316382210461,1.4731236916113535
D_W,dw,83,83,0.01,0.02,512,512,0,512,,512,512,0,512,0,0.5178843495009857,0.544476671554633,0.4721393749741445,0.5178187540646843,0.3740241726085082,0.47071113271164317,0.039599990863444554,0.46950313399594595,sample,429,0.5187472419447072,0.5450743283346037,0.4732508021795761,0.5159281812022884,0.37244032331807375,0.4713807186862142,0.04015102929634417,0.4683494458867098,2.2373140795622195,2.0720582273488253,1.789854786215395,0.6352877721391259,1.176642963680349,4.8366144628335235,0.1261381786714634,1.4713631785105379
D_W,dw,83,83,0.01,0.02,512,512,0,512,,512,512,0,512,0,0.5178843495009857,0.544476671554633,0.4721393749741445,0.5178187540646843,0.3740241726085082,0.47071113271164317,0.039599990863444554,0.46950313399594595,sample,430,0.5173821361710348,0.5440211905850617,0.4740220939508586,0.5191464727155389,0.3730771000876216,0.4700814984084965,0.039882421057380435,0.4711328165375749,2.2316250232133354,2.0727815289909186,1.7997924767520361,0.6357799618887495,1.1947302207115051,4.8621113006684595,0.12529432100124124,1.480107395299513
D_W,dw,83,83,0.01,0.02,512,512,0,512,,512,512,0,512,0,0.5178843495009857,0.544476671554633,0.4721393749741445,0.5178187540646843,0.3740241726085082,0.47071113271164317,0.039599990863444554,0.46950313399594595,sample,431,0.5163857119175037,0.5466298829379636,0.4708744929096255,0.5178334486746804,0.37603640820574963,0.47064373463807624,0.03817157857074731,0.46950312433652447,2.2369065991892167,2.103300717212053,1.801040062788672,0.6205114165125312,1.2328753887726807,4.855269063098061,0.11991955081378532,1.4749875662530805
D_W,dw,83,83,0.01,0.02,512,512,0,512,,512,512,0,512,0,0.5178843495009857,0.544476671554633,0.4721393749741445,0.5178187540646843,0.3740241726085082,0.47071113271164317,0.039599990863444554,0.46950313399594595,sample,432,0.5180790732088713,0.544209078342676,0.47055382627827813,0.5172666674885567,0.37042024323664385,0.4731260700135915,0.04094214011697006,0.46913668372982026,2.268851677429863,2.1232650804548117,1.7735475376359275,0.6437839648140775,1.1826027676672306,4.8448598844312105,0.1286235266137171,1.4738363591350816
D_W,dw,83,83,0.01,0.02,512,512,0,512,,512,512,0,512,0,0.5178843495009857,0.544476671554633,0.4721393749741445,0.5178187540646843,0.3740241726085082,0.47071113271164317,0.039599990863444554,0.46950313399594595,sample,433,0.5174401776549215,0.5429509984063255,0.47297293426061177,0.5151438462174254,0.3737656113550119,0.4701177825617588,0.0407173664290437,0.4702790956010471,2.2255988927956825,2.0986394511145106,1.8016413128661963,0.6300127063374109,1.185086841411104,4.8317844791104845,0.12791737924700736,1.4774253518771014
D_W,dw,83,83,0.01,0.02,512,512,0,512,,512,512,0,512,0,0.5178843495009857,0.544476671554633,0.4721393749741445,0.5178187540646843,0.3740241726085082,0.47071113271164317,0.039599990863444554,0.46950313399594595,sample,434,0.5181970791757385,0.5447173867550525,0.47241951521492637,0.5180851551045119,0.37467002099644425,0.4723113975687418,0.03870237544602058,0.46882230237989747,2.2302931305608813,2.0898328002376574,1.786068899283953,0.6252658941239733,1.1843256544747889,4.855700054357616,0.12158709837769224,1.4728487009957385
D_W,dw,83,83,0.01,0.02,512,512,0,512,,512,512,0,512,0,0.5178843495009857,0.544476671554633,0.4721393749741445,0.5178187540646843,0.3740241726085082,0.47071113271164317,0.039599990863444554,0.46950313399594595,sample,435,0.5160526264550894,0.545020155224815,0.4726704627610546,0.5186340057566933,0.37403702820902757,0.47011134275960537,0.04081600883084198,0.4704855681183291,2.2302211827453684,2.0902148876570106,1.8013493842754467,0.6309321636733344,1.228284677030681,4.859256222532691,0.12822727349182927,1.478074004420563
D_W,dw,83,83,0.01,0.02,512,512,0,512,,512,512,0,512,0,0.5178843495009857,0.544476671554633,0.4721393749741445,0.5178187540646843,0.3740241726085082,0.47071113271164317,0.039599990863444554,0.46950313399594595,sample,436,0.5161422692739168,0.5457202337434645,0.4725724412585115,0.5182709447753887,0.3744102699493503,0.47059467653694226,0.03940634171256119,0.4712072753033636,2.226836141348661,2.085596282391156,1.798477632225716,0.6284202214889189,1.2313925403200268,4.856856662049905,0.12379867362903126,1.4803413144111102
D_W,dw,83,83,0.01,0.02,512,512,0,512,,512,512,0,512,0,0.5178843495009857,0.544476671554633,0.4721393749741445,0.5178187540646843,0.3740241726085082,0.47071113271164317,0.039599990863444554,0.46950313399594595,sample,437,0.517293273632417,0.5453801532379003,0.4724439426960064,0.5194046501999765,0.37313043227240555,0.4706041412644881,0.03998243085077927,0.4710260336583242,2.246624731574382,2.0869176190370733,1.7959507579836735,0.6351467900830672,1.2067096847630452,4.864162371043013,0.12560851103347007,1.4797719269905298
D_W,dw,83,83,0.01,0.02,512,512,0,512,,512,512,0,512,0,0.5178843495009857,0.544476671554633,0.4721393749741445,0.5178187540646843,0.3740241726085082,0.47071113271164317,0.039599990863444554,0.46950313399594595,sample,438,0.5172597546623907,0.5461426347152186,0.4717226885426109,0.5166119240502461,0.37458273410244153,0.47096785932249297,0.03909413580016283,0.4699476562782461,2.235818466443652,2.091866416848888,1.7963709452544812,0.62613940732545,1.2128568512452476,4.844075699167738,0.12281784982823327,1.476384104535479
D_W,dw,83,83,0.01,0.02,512,512,0,512,,512,512,0,512,0,0.5178843495009857,0.544476671554633,0.4721393749741445,0.5178187540646843,0.3740241726085082,0.47071113271164317,0.039599990863444554,0.46950313399594595,sample,439,0.5157536839762268,0.5435679455710857,0.47224304239040527,0.5185492852605373,0.3711984502486476,0.4724418798813129,0.0386088323448588,0.4722668580106271,2.237822009699469,2.110576979001878,1.779486171706312,0.641649799604852,1.2238348861649675,4.855420018724004,0.12129322405828838,1.4836700916601202
D_W,dw,83,83,0.01,0.02,512,512,0,512,,512,512,0,512,0,0.5178843495009857,0.544476671554633,0.4721393749741445,0.5178187540646843,0.3740241726085082,0.47071113271164317,0.039599990863444554,0.46950313399594595,sample,440,0.5179721333099483,0.5438492719621669,0.47251741297531785,0.5175984787038561,0.3749029048200782,0.47258194491295785,0.03847459162136354,0.47046746656750815,2.222618957223603,2.096328468687113,1.784518750753431,0.6235778435970841,1.1818175738661365,4.852150371687069,0.1208714943875431,1.4780171367214852
D_W,dw,83,83,0.01,0.02,512,512,0,512,,512,512,0,512,0,0.5178843495009857,0.544476671554633,0.4721393749741445,0.5178187540646843,0.3740241726085082,0.47071113271164317,0.039599990863444554,0.46950313399594595,sample,441,0.5188226904160764,0.5456818402100638,0.47222321674356277,0.5180911128642447,0.3747753139390312,0.46895258804419865,0.03910730675939247,0.4694559026149972,2.2538900796968497,2.082954098178985,1.8114277958354108,0.6284419084509117,1.179954950987714,4.855865513930025,0.12285922761698984,1.4748392148396405
D_W,dw,83,83,0.01,0.02,512,512,0,512,,512,512,0,512,0,0.5178843495009857,0.544476671554633,0.4721393749741445,0.5178187540646843,0.3740241726085082,0.47071113271164317,0.039599990863444554,0.46950313399594595,sample,442,0.5181851294315954,0.5438208587076859,0.4712657127123785,0.5177412137274808,0.3736383800450288,0.4703098878880357,0.04006036898143683,0.46871376940158804,2.2567316429461934,2.115353950761379,1.7994079500732698,0.6319692201170822,1.1774364233320735,4.851877539183018,0.12585336089217836,1.4725077345884094
D_W,dw,83,83,0.01,0.02,512,512,0,512,,512,512,0,512,0,0.5178843495009857,0.544476671554633,0.4721393749741445,0.5178187540646843,0.3740241726085082,0.47071113271164317,0.039599990863444554,0.46950313399594595,sample,443,0.5170247070550607,0.5450277974984511,0.4731629569101361,0.517735113611566,0.3730284499858308,0.4712280410368513,0.0388118381775017,0.4699350984912652,2.229224092326191,2.0793741781374395,1.7915614665627861,0.6338189889550714,1.2093165130816346,4.85116895448189,0.12193098569075521,1.4763446530841546
D_W,dw,83,83,0.01,0.02,512,512,0,512,,512,512,0,512,0,0.5178843495009857,0.544476671554633,0.4721393749741445,0.5178187540646843,0.3740241726085082,0.47071113271164317,0.039599990863444554,0.46950313399594595,sample,444,0.518832582315303,0.5448039893200963,0.47248905936815716,0.5165926859384322,0.37348679885361113,0.47098310751109274,0.04009408603617338,0.4702165524001189,2.2431137840404047,2.0858832194082226,1.7944044705863176,0.6312208590355314,1.1728855471579487,4.8427984325777675,0.12595928614363938,1.4772288666165334
D_W,dw,83,83,0.01,0.02,512,512,0,512,,512,512,0,512,0,0.5178843495009857,0.544476671554633,0.4721393749741445,0.5178187540646843,0.3740241726085082,0.47071113271164317,0.039599990863444554,0.46950313399594595,sample,445,0.5176652296483616,0.5447267614919833,0.4726684263940242,0.5184468869514599,0.37242573683598035,0.471503157035612,0.038981565292789594,0.4689345857429614,2.243028927318535,2.087622366898619,1.788372095415766,0.6368116721147445,1.194643321034983,4.855990917834282,0.12246419914925864,1.4732014495842605
D_W,dw,83,83,0.01,0.02,512,512,0,512,,512,512,0,512,0,0.5178843495009857,0.544476671554633,0.4721393749741445,0.5178187540646843,0.3740241726085082,0.47071113271164317,0.039599990863444554,0.46950313399594595,sample,446,0.5178386318550963,0.5452882787967916,0.47233883897741336,0.5171766594429733,0.37444277173032425,0.4707243645479536,0.04020146228271507,0.4701676183991472,2.235706316185377,2.0875686984000246,1.7978275163591286,0.6274092215148654,1.1955676566789253,4.848348433516513,0.12629661857094482,1.47707513591857
D_W,dw,83,83,0.01,0.02,512,512,0,512,,512,512,0,512,0,0.5178843495009857,0.544476671554633,0.4721393749741445,0.5178187540646843,0.3740241726085082,0.47071113271164317,0.039599990863444554,0.46950313399594595,sample,447,0.5175277835784605,0.5454674155058996,0.4715635693997577,0.5179004743759417,0.37458388151061617,0.46726276293285046,0.0396772974282795,0.46944975519225296,2.2612007753373153,2.0990425338638627,1.8236745981905544,0.631192640916847,1.2028502857326702,4.854160118286437,0.12464990611498007,1.4748199021415087
D_W,dw,83,83,0.01,0.02,512,512,0,512,,512,512,0,512,0,0.5178843495009857,0.544476671554633,0.4721393749741445,0.5178187540646843,0.3740241726085082,0.47071113271164317,0.039599990863444554,0.46950313399594595,sample,448,0.5175324643143522,0.5443360506524549,0.47121358389667556,0.5174366711316174,0.3747066224467994,0.47079562262567204,0.0400911451465532,0.46926857361342805,2.2435132110512583,2.113992859438024,1.797684268558546,0.6262704281533504,1.194222933036539,4.850667588310252,0.12595004706641363,1.4742507034245067
D_W,dw,83,83,0.01,0.02,512,512,0,512,,512,512,0,512,0,0.5178843495009857,0.544476671554633,0.4721393749741445,0.5178187540646843,0.3740241726085082,0.47071113271164317,0.039599990863444554,0.46950313399594595,sample,449,0.5191048758304287,0.5446081225174636,0.4727627185571223,0.5188969874929094,0.374134615686343,0.47166273620858956,0.039633742763927275,0.46893805501777414,2.2420608021178223,2.0822582629837845,1.7898672895940995,0.6289922517331658,1.1661487063646778,4.861412415599296,0.12451307510142155,1.4732123486325255
D_W,dw,83,83,0.01,0.02,512,512,0,512,,512,512,0,512,0,0.5178843495009857,0.544476671554633,0.4721393749741445,0.5178187540646843,0.3740241726085082,0.47071113271164317,0.039599990863444554,0.46950313399594595,sample,450,0.5188667793948541,0.5449285492771156,0.4712518578533891,0.5178196322331426,0.3738778211057965,0.470545420782851,0.04076997366945196,0.4694295833355293,2.260167857731271,2.103799147602418,1.7980452784547367,0.6306497259227483,1.173229094851968,4.852748574363537,0.12808264976699957,1.4747565303846164
D_W,dw,83,83,0.01,0.02,512,512,0,512,,512,512,0,512,0,0.5178843495009857,0.544476671554633,0.4721393749741445,0.5178187540646843,0.3740241726085082,0.47071113271164317,0.039599990863444554,0.46950313399594595,sample,451,0.5174660906840091,0.5443794460461494,0.471541077484632,0.5173657573748321,0.3737919283832232,0.4703057027675468,0.040474469767037016,0.4694377812307431,2.2474652374885746,2.108795895170039,1.7997921448897367,0.6310164292397761,1.1958517112214804,4.84912660569271,0.12715429687806568,1.474782284831995
D_W,dw,83,83,0.01,0.02,512,512,0,512,,512,512,0,512,0,0.5178843495009857,0.544476671554633,0.4721393749741445,0.5178187540646843,0.3740241726085082,0.47071113271164317,0.039599990863444554,0.46950313399594595,sample,452,0.5170439864751203,0.544577287346648,0.47059642781862654,0.5177543135846312,0.3745444499692413,0.47084417667594086,0.039178044789139346,0.4699775553807816,2.249001156409707,2.1229773352499355,1.7969661593082884,0.6271802475169823,1.2056001702110084,4.852974172460543,0.12308145769157204,1.4764780353363536
D_W,dw,83,83,0.01,0.02,512,512,0,512,,512,512,0,512,0,0.5178843495009857,0.544476671554633,0.4721393749741445,0.5178187540646843,0.3740241726085082,0.47071113271164317,0.039599990863444554,0.46950313399594595,sample,453,0.5176710302763365,0.5455137864179195,0.4724330184532067,0.5178037644161343,0.373996845073789,0.4706139864574494,0.03849558694771751,0.4700224971671511,2.2390573093469657,2.0847955392533284,1.7977409182084565,0.6300109149355712,1.200454337991715,4.852755957873903,0.12093745315057644,1.4766192241222513
D_W,dw,83,83,0.01,0.02,512,512,0,512,,512,512,0,512,0,0.5178843495009857,0.544476671554633,0.4721393749741445,0.5178187540646843,0.3740241726085082,0.47071113271164317,0.039599990863444554,0.46950313399594595,sample,454,0.5180019340065984,0.5449889761877185,0.47316872631382767,0.5172698475940988,0.37456694157822457,0.47118085752197536,0.03973621724733213,0.46994922018679586,2.2249848857103918,2.0764860768882634,1.794593576752405,0.6263982142095332,1.1901684022233985,4.849210552060506,0.12483500818566666,1.47638901769909
D_W,dw,83,83,0.01,0.02,512,512,0,512,,512,512,0,512,0,0.5178843495009857,0.544476671554633,0.4721393749741445,0.5178187540646843,0.3740241726085082,0.47071113271164317,0.039599990863444554,0.46950313399594595,sample,455,0.5192487691851762,0.5438465882040142,0.47048200415714314,0.517417683590959,0.3733832990048803,0.47100505527449077,0.04030086450854114,0.4701320948018826,2.269462446019501,2.123206558436465,1.7938817283166277,0.6321967128314647,1.1571253260425127,4.849093278480125,0.12660889987335047,1.4769635352463746
D_W,dw,83,83,0.01,0.02,512,512,0,512,,512,512,0,512,0,0.5178843495009857,0.544476671554633,0.4721393749741445,0.5178187540646843,0.3740241726085082,0.47071113271164317,0.039599990863444554,0.46950313399594595,sample,456,0.5196436897363533,0.544715764022628,0.47165669969884927,0.5162033754965132,0.37418373965477536,0.4723873199862603,0.03853531539792826,0.46817342698011305,2.2450552074126584,2.096624164903412,1.7851236799929837,0.6262588582818388,1.1568750410957225,4.840469995588105,0.12106226375789705,1.4708101988066806
D_W,dw,83,83,0.01,0.02,512,512,0,512,,512,512,0,512,0,0.5178843495009857,0.544476671554633,0.4721393749741445,0.5178187540646843,0.3740241726085082,0.47071113271164317,0.039599990863444554,0.46950313399594595,sample,457,0.5172032414103821,0.5428733876046427,0.4740977928550576,0.5194743048214272,0.37154702225090386,0.4727684447069198,0.04138669814772147,0.47098753012851263,2.227023038018366,2.0818183411936824,1.7774065219738415,0.6403358147487097,1.189206908992874,4.862849693864149,0.13002014685722005,1.4796509645841367
D_W,dw,83,83,0.01,0.02,512,512,0,512,,512,512,0,512,0,0.5178843495009857,0.544476671554633,0.4721393749741445,0.5178187540646843,0.3740241726085082,0.47071113271164317,0.039599990863444554,0.46950313399594595,sample,458,0.5184689671762939,0.5433714514268072,0.47214378927772516,0.5180428860468866,0.37377623846157104,0.47095355559808805,0.03864162787861159,0.46958656557858014,2.2459217885282743,2.1045158218073716,1.7947771959720205,0.6308298360005129,1.168220880905965,4.854370817606609,0.12139625426619671,1.475249704646129
D_W,dw,83,83,0.01,0.02,512,512,0,512,,512,512,0,512,0,0.5178843495009857,0.544476671554633,0.4721393749741445,0.5178187540646843,0.3740241726085082,0.47071113271164317,0.039599990863444554,0.46950313399594595,sample,459,0.5172370239569929,0.5453763220159206,0.47271672042786955,0.5173343589125328,0.373800996838832,0.47114596204655956,0.04087836013518012,0.4697404827879221,2.2300998646226016,2.082865914516752,1.7935497946299919,0.6300463167138469,1.2077644492294155,4.848892123626198,0.12842315589147973,1.4757332498202587
D_W,dw,83,83,0.01,0.02,512,512,0,512,,512,512,0,512,0,0.5178843495009857,0.544476671554633,0.4721393749741445,0.5178187540646843,0.3740241726085082,0.47071113271164317,0.039599990863444554,0.46950313399594595,sample,460,0.5178970958447189,0.5449196614829076,0.47283619329154375,0.5189140819360119,0.3732307053012101,0.47133709584859185,0.039411591839460726,0.4703943524824596,2.2403412560696117,2.0826332535834595,1.7908040388118414,0.6335550453452099,1.1916488349255376,4.860497236328436,0.12381516738912926,1.4777874420490227
D_W,dw,83,83,0.01,0.02,512,512,0,512,,512,512,0,512,0,0.5178843495009857,0.544476671554633,0.4721393749741445,0.5178187540646843,0.3740241726085082,0.47071113271164317,0.039599990863444554,0.46950313399594595,sample,461,0.5181646492987513,0.5436918960518647,0.47235699711766904,0.5189787555879662,0.3738274231826673,0.47163485099981484,0.038878247968849276,0.46942088404925747,2.241172130916865,2.0995199725413007,1.7895502389280293,0.6305091018796883,1.1767915314828445,4.861688704093295,0.12213961820337918,1.4747292007707733
D_W,dw,83,83,0.01,0.02,512,512,0,512,,512,512,0,512,0,0.5178843495009857,0.544476671554633,0.4721393749741445,0.5178187540646843,0.3740241726085082,0.47071113271164317,0.039599990863444554,0.46950313399594595,sample,462,0.5160378604921488,0.5446872521396993,0.47325201693087826,0.5157913635709688,0.3761499964665244,0.4703046437656441,0.040754056880416945,0.4695809032185805,2.201191106174858,2.083850979810547,1.8043009501224478,0.6190699221981377,1.2262227001611656,4.839208629438682,0.12803264569949843,1.475231915817552
D_W,dw,83,83,0.01,0.02,512,512,0,512,,512,512,0,512,0,0.5178843495009857,0.544476671554633,0.4721393749741445,0.5178187540646843,0.3740241726085082,0.47071113271164317,0.039599990863444554,0.46950313399594595,sample,463,0.5194630317262751,0.5440417364420723,0.47121351062829714,0.5199967564432224,0.3752695855469975,0.47431603178227444,0.03893680237196254,0.4697666012830332,2.244209899146683,2.1096277707494306,1.7713816803033369,0.6218303753900111,1.1546799690516472,4.871356054984432,0.12232357228603513,1.4758153034926227
D_W,dw,83,83,0.01,0.02,512,512,0,512,,512,512,0,512,0,0.5178843495009857,0.544476671554633,0.4721393749741445,0.5178187540646843,0.3740241726085082,0.47071113271164317,0.039599990863444554,0.46950313399594595,sample,464,0.5168912738796977,0.5440614045594422,0.47136572043280306,0.5189778673653546,0.37396438361618567,0.4715304809998268,0.0390630975044328,0.4692577253017095,2.243069260414741,2.1162086320803746,1.7905556403671476,0.6299803078251822,1.2047186618603134,4.8618416499668955,0.12272034014638786,1.4742166224481077
D_W,dw,83,83,0.01,0.02,512,512,0,512,,512,512,0,512,0,0.5178843495009857,0.544476671554633,0.4721393749741445,0.5178187540646843,0.3740241726085082,0.47071113271164317,0.039599990863444554,0.46950313399594595,sample,465,0.5188235461890291,0.5437254663428402,0.47254954607253996,0.5181768648773368,0.3730583769588038,0.47177663372980877,0.039153366737545194,0.46938777996614084,2.245318065022648,2.0938538615929425,1.7874311154101032,0.6333966131166565,1.1642815214544697,4.854612944425078,0.12300392930597895,1.4746252012264502
D_W,dw,83,83,0.01,0.02,512,512,0,512,,512,512,0,512,0,0.5178843495009857,0.544476671554633,0.4721393749741445,0.5178187540646843,0.3740241726085082,0.47071113271164317,0.039599990863444554,0.46950313399594595,sample,466,0.5192021464569544,0.544477436979587,0.4728063695704893,0.5189379263930913,0.3741695056139764,0.4701988497706711,0.03923857765597806,0.4692026710563007,2.2492064877065863,2.0822922810145457,1.800848203573196,0.6304310957087704,1.1632409927770329,4.861771285555699,0.12327162730133327,1.4740436644351826
D_W,dw,83,83,0.01,0.02,512,512,0,512,,512,512,0,512,0,0.5178843495009857,0.544476671554633,0.4721393749741445,0.5178187540646843,0.3740241726085082,0.47071113271164317,0.039599990863444554,0.46950313399594595,sample,467,0.5182666311587925,0.5453365452426524,0.47226629909965756,0.518343571720234,0.3734766728654748,0.4707687817392171,0.038703403007228854,0.46976765950556154,2.248749118734483,2.0869040661634237,1.795576182589266,0.6326241133823033,1.1877822603558579,4.856367514974707,0.12159032655643527,1.4758186279967436
D_W,dw,83,83,0.01,0.02,512,512,0,512,,512,512,0,512,0,0.5178843495009857,0.544476671554633,0.4721393749741445,0.5178187540646843,0.3740241726085082,0.47071113271164317,0.039599990863444554,0.46950313399594595,sample,468,0.5182910193710051,0.5454302900821313,0.4713486052991489,0.5170737302763474,0.37387355487749013,0.4700710225362293,0.03966418511034865,0.4704638834708239,2.255911682041984,2.100135993602192,1.8017491664916736,0.6307091388355052,1.1880357206665249,4.846941016556318,0.12460871255329697,1.478005880091265
D_W,dw,83,83,0.01,0.02,512,512,0,512,,512,512,0,512,0,0.5178843495009857,0.544476671554633,0.4721393749741445,0.5178187540646843,0.3740241726085082,0.47071113271164317,0.039599990863444554,0.46950313399594595,sample,469,0.5178992366912263,0.5446238968648075,0.47180241521650623,0.5173162743775567,0.37357076328964256,0.47119701420588256,0.0378267455539464,0.4694508449270795,2.244530047558751,2.1012106405820843,1.7927881485443455,0.6310536561454935,1.1893306123985647,4.848506208974434,0.11883622594148838,1.474823325644434
D_W,dw,83,83,0.01,0.02,512,512,0,512,,512,512,0,512,0,0.5178843495009857,0.544476671554633,0.4721393749741445,0.5178187540646843,0.3740241726085082,0.47071113271164317,0.039599990863444554,0.46950313399594595,sample,470,0.5185989091280739,0.5448534767150623,0.4741041954903409,0.5181410905388303,0.37165639398931427,0.4678506839743531,0.040755844002405,0.4692604433600201,2.2564354128624546,2.060735921341852,1.8139187380746566,0.6442085188636892,1.1777168847046728,4.852806599414962,0.12803826010880717,1.4742251614801283
D_W,dw,83,83,0.01,0.02,512,512,0,512,,512,512,0,512,0,0.5178843495009857,0.544476671554633,0.4721393749741445,0.5178187540646843,0.3740241726085082,0.47071113271164317,0.039599990863444554,0.46950313399594595,sample,471,0.5177214510795329,0.5442136100422593,0.47356021761679784,0.5176905882145971,0.37509341552462083,0.47078695309345125,0.04014585037923711,0.47100653496337497,2.218238243784384,2.07752674548136,1.7983535693289396,0.6246455559432433,1.1895880877077507,4.853083767771525,0.12612190862352632,1.4797106700337228
D_W,dw,83,83,0.01,0.02,512,512,0,512,,512,512,0,512,0,0.5178843495009857,0.544476671554633,0.4721393749741445,0.5178187540646843,0.3740241726085082,0.47071113271164317,0.039599990863444554,0.46950313399594595,sample,472,0.5175754893204233,0.5446845016037213,0.47096750980161906,0.5183083366368427,0.37421832994195225,0.47024290290270293,0.03982932497770015,0.4686468803392278,2.255232721800197,2.114615710598014,1.8007650395779844,0.6297227872169104,1.1960582907500066,4.856930375971793,0.12512751474738323,1.4722975964014928
D_W,dw,83,83,0.01,0.02,512,512,0,512,,512,512,0,512,0,0.5178843495009857,0.544476671554633,0.4721393749741445,0.5178187540646843,0.3740241726085082,0.47071113271164317,0.039599990863444554,0.46950313399594595,sample,473,0.51822998899715,0.5458333826813052,0.4725232605591775,0.515111047242804,0.3753966807562677,0.471155737767371,0.03962897778300247,0.46764439217193743,2.2228482382811503,2.0790333017644436,1.7966794939945563,0.6212521338442833,1.1922356100860296,4.833072874452352,0.1244981054723537,1.4691481869398229
D_W,dw,83,83,0.01,0.02,512,512,0,512,,512,512,0,512,0,0.5178843495009857,0.544476671554633,0.4721393749741445,0.5178187540646843,0.3740241726085082,0.47071113271164317,0.039599990863444554,0.46950313399594595,sample,474,0.5189783137884262,0.5437864466485187,0.47239626114151373,0.5187286400426296,0.3732160583235493,0.47239824942515735,0.03937971713538064,0.4689909755825337,2.2458505940114666,2.095199181266912,1.7829259500623773,0.6323975559336484,1.1618079964674928,4.859049253551531,0.12371503005295591,1.473378603489998
D_W,dw,83,83,0.01,0.02,512,512,0,512,,512,512,0,512,0,0.5178843495009857,0.544476671554633,0.4721393749741445,0.5178187540646843,0.3740241726085082,0.47071113271164317,0.039599990863444554,0.46950313399594595,sample,475,0.5140480199534326,0.5453441212179628,0.47622269868966155,0.5181729862162717,0.37438490893559523,0.46712197562060864,0.04027342077547224,0.46855579570971445,2.1923939675453163,2.0351534392358768,1.8242644501836616,0.6324635372199382,1.2703648578985718,4.856064139475814,0.12652268284315413,1.472011445598559
D_W,dw,83,83,0.01,0.02,512,512,0,512,,512,512,0,512,0,0.5178843495009857,0.544476671554633,0.4721393749741445,0.5178187540646843,0.3740241726085082,0.47071113271164317,0.039599990863444554,0.46950313399594595,sample,476,0.5164792798537525,0.5443757029685949,0.47249199387408813,0.5171211176013987,0.3743138032957388,0.4694958926845194,0.04055058511454309,0.46994391942279184,2.2310690401670925,2.097212464259689,1.8067947357762437,0.629333651358314,1.215222310171311,4.847776801410884,0.1273934202946162,1.4763723648578366
D_W,dw,83,83,0.01,0.02,512,512,0,512,,512,512,0,512,0,0.5178843495009857,0.544476671554633,0.4721393749741445,0.5178187540646843,0.3740241726085082,0.47071113271164317,0.039599990863444554,0.46950313399594595,sample,477,0.5176309412702054,0.5441601466175937,0.4712127021706983,0.5162088313630981,0.37425588777450164,0.47052523980377475,0.03967699187329981,0.4691425515434828,2.244466350602721,2.115188398373329,1.7992180935291529,0.6278976938383801,1.1909366151892193,4.840585362505992,0.1246489461857006,1.4738547934153763
D_W,dw,83,83,0.01,0.02,512,512,0,512,,512,512,0,512,0,0.5178843495009857,0.544476671554633,0.4721393749741445,0.5178187540646843,0.3740241726085082,0.47071113271164317,0.039599990863444554,0.46950313399594595,sample,478,0.5186234445601244,0.5435568868209301,0.4722394969775818,0.5180529534295208,0.3734785154660748,0.47061789268663345,0.03842865055865834,0.46999938870929625,2.2496418063377552,2.100873063829762,1.796771283302951,0.6325836579468144,1.1667542500408328,4.854119154422697,0.12072716628245032,1.4765466267608187
D_W,dw,83,83,0.01,0.02,512,512,0,512,,512,512,0,512,0,0.5178843495009857,0.544476671554633,0.4721393749741445,0.5178187540646843,0.3740241726085082,0.47071113271164317,0.039599990863444554,0.46950313399594595,sample,479,0.5173017121519927,0.5456734014269592,0.4730469432195809,0.5167646578205494,0.3743532888426659,0.4702301254842889,0.039274218933250456,0.46971896202353214,2.2268468574493396,2.0750641961241723,1.8014679284000288,0.6281075206325213,1.2086863004052502,4.845032495913113,0.12338359767617679,1.4756656403449515
D_W,dw,83,83,0.01,0.02,512,512,0,512,,512,512,0,512,0,0.5178843495009857,0.544476671554633,0.4721393749741445,0.5178187540646843,0.3740241726085082,0.47071113271164317,0.039599990863444554,0.46950313399594595,sample,480,0.5191488692051371,0.5448664671190471,0.4689740668472415,0.5177181567135354,0.37172264083430223,0.4712367757527459,0.039007800263470845,0.47163207123837436,2.2960455566371225,2.1372755847370972,1.7893659771137833,0.6398880179695453,1.1674046715606632,4.849644319533431,0.122546618740418,1.4816758501998148
D_W,dw,83,83,0.01,0.02,512,512,0,512,,512,512,0,512,0,0.5178843495009857,0.544476671554633,0.4721393749741445,0.5178187540646843,0.3740241726085082,0.47071113271164317,0.039599990863444554,0.46950313399594595,sample,481,0.5185064700667916,0.5443623849729717,0.47296033404853416,0.5165277069630053,0.375175348160929,0.47150153248782634,0.040116148533519545,0.47044289384390087,2.2223400504786963,2.083210197208756,1.7933788207208556,0.6227522784570946,1.1755799806386127,4.844030637676899,0.12602859752322196,1.477939939233522
D_W,dw,83,83,0.01,0.02,512,512,0,512,,512,512,0,512,0,0.5178843495009857,0.544476671554633,0.4721393749741445,0.5178187540646843,0.3740241726085082,0.47071113271164317,0.039599990863444554,0.46950313399594595,sample,482,0.5187602575769498,0.5455917219262015,0.47170065673229755,0.5172241688508832,0.37302894518374363,0.47233181460963564,0.03894065345324212,0.4679604369285194,2.2499441324517173,2.0918906582026384,1.7834628060535365,0.6323435152295543,1.180429441102375,4.84722023583357,0.12233567081469146,1.4701410708253062
D_W,dw,83,83,0.01,0.02,512,512,0,512,,512,512,0,512,0,0.5178843495009857,0.544476671554633,0.4721393749741445,0.5178187540646843,0.3740241726085082,0.47071113271164317,0.039599990863444554,0.46950313399594595,sample,483,0.5184574887191652,0.5436399381699387,0.47159315200254565,0.5179765286247241,0.37279663523889695,0.47169692833963395,0.04043659304599227,0.46781668453064146,2.2541146973640833,2.110862093352448,1.7876455454405216,0.63456714594892,1.1706637779545763,4.852780461198384,0.12703530364948945,1.469689459348197
D_W,dw,83,83,0.01,0.02,512,512,0,512,,512,512,0,512,0,0.5178843495009857,0.544476671554633,0.4721393749741445,0.5178187540646843,0.3740241726085082,0.47071113271164317,0.039599990863444554,0.46950313399594595,sample,484,0.5189979051036654,0.5448163010463489,0.4723006523681785,0.5186039536917378,0.37404952528938007,0.469535904905119,0.04017961628928954,0.47027872183029806,2.2563120968839296,2.0881455223406817,1.805657982573509,0.6314936487349466,1.1698525548755663,4.859037086782594,0.1262279873584888,1.4774241776416623
D_W,dw,83,83,0.01,0.02,512,512,0,512,,512,512,0,512,0,0.5178843495009857,0.544476671554633,0.4721393749741445,0.5178187540646843,0.3740241726085082,0.47071113271164317,0.039599990863444554,0.46950313399594595,sample,485,0.5185702412567611,0.5450231627557595,0.47239639011822815,0.5182422539689777,0.3747020322306157,0.47207589384748067,0.04035060807703123,0.4698776470488776,2.234917080489473,2.086430723340015,1.7878583386222562,0.6254664723341271,1.1795951680055705,4.85696416435022,0.1267651739026823,1.4761641640548115
D_W,dw,83,83,0.01,0.02,512,512,0,512,,512,512,0,512,0,0.5178843495009857,0.544476671554633,0.4721393749741445,0.5178187540646843,0.3740241726085082,0.47071113271164317,0.039599990863444554,0.46950313399594595,sample,486,0.5184443670749311,0.5467168552095774,0.4703003316645554,0.5188714080491768,0.3732869650183813,0.47182859963127727,0.03939868193656413,0.4674487950967995,2.2703832864221853,2.1048087612325888,1.7872503649248244,0.6327500441390554,1.194770496314589,4.860232585329362,0.12377460973303075,1.4685337006055057
D_W,dw,83,83,0.01,0.02,512,512,0,512,,512,512,0,512,0,0.5178843495009857,0.544476671554633,0.4721393749741445,0.5178187540646843,0.3740241726085082,0.47071113271164317,0.039599990863444554,0.46950313399594595,sample,487,0.5171749524280247,0.5438346614496484,0.4715794474477909,0.5173978419973505,0.37441921838320885,0.4710667806514299,0.03991538725588226,0.4694479260373627,2.2370934020217366,2.1139133638704206,1.7951693173320749,0.6272910989841538,1.1973683184560928,4.8500517680719355,0.12539788736827137,1.4748141556819432
D_W,dw,83,83,0.01,0.02,512,512,0,512,,512,512,0,512,0,0.5178843495009857,0.544476671554633,0.4721393749741445,0.5178187540646843,0.3740241726085082,0.47071113271164317,0.039599990863444554,0.46950313399594595,sample,488,0.5165570080118926,0.5444531910688677,0.4742772040790636,0.5187555772330887,0.37472191468542804,0.4707561739028569,0.039383097107046953,0.4701737156380517,2.2090014042495407,2.0676758168280656,1.7976798872016249,0.6271282841988547,1.2142549072026605,4.860996820397889,0.12372564854711214,1.4770942909595197
D_W,dw,83,83,0.01,0.02,512,512,0,512,,512,512,0,512,0,0.5178843495009857,0.544476671554633,0.4721393749741445,0.5178187540646843,0.3740241726085082,0.47071113271164317,0.039599990863444554,0.46950313399594595,sample,489,0.5176100997432633,0.5456194958528934,0.47217429487905493,0.5178592131154047,0.3745536843625193,0.4708929430670664,0.04060129224678423,0.46936862386062367,2.2369360342032207,2.0881305966288832,1.796590961143116,0.6271538611040196,1.202398278981486,4.853804079870788,0.12755272144874957,1.4745650205460863
D_W,dw,83,83,0.01,0.02,512,512,0,512,,512,512,0,512,0,0.5178843495009857,0.544476671554633,0.4721393749741445,0.5178187540646843,0.3740241726085082,0.47071113271164317,0.039599990863444554,0.46950313399594595,sample,490,0.5180935764105384,0.5431167440398716,0.47235701522112994,0.5171350603552376,0.3745670407098179,0.47104235651141085,0.03922272311763641,0.4689480495775066,2.2327639950246594,2.1047025684187073,1.7956649246392786,0.6264602469963899,1.173473092581506,4.848155921196744,0.1232218188001531,1.4732437474679567
D_W,dw,83,83,0.01,0.02,512,512,0,512,,512,512,0,512,0,0.5178843495009857,0.544476671554633,0.4721393749741445,0.5178187540646843,0.3740241726085082,0.47071113271164317,0.039599990863444554,0.46950313399594595,sample,491,0.5173091069552053,0.5436656258221282,0.4711684359392793,0.5179066876663765,0.3739353524065797,0.4712566514127368,0.0395667355930436,0.4701316908183879,2.245837352249306,2.12131121837222,1.7928139558327127,0.629675050690955,1.1933961987461619,4.853488760123345,0.12430256586563555,1.4769622660947954
D_W,dw,83,83,0.01,0.02,512,512,0,512,,512,512,0,512,0,0.5178843495009857,0.544476671554633,0.4721393749741445,0.5178187540646843,0.3740241726085082,0.47071113271164317,0.039599990863444554,0.46950313399594595,sample,492,0.5175497104711798,0.5456641555473771,0.47323884217216483,0.5188568329146671,0.37692693810897276,0.4713813538096899,0.04092939412120159,0.4683617360497239,2.2118289687804675,2.0713599215773,1.796723696753361,0.6162742418709162,1.2038786509916748,4.8644232277315265,0.12858348388704818,1.4714017891963744
D_W,dw,83,83,0.01,0.02,512,512,0,512,,512,512,0,512,0,0.5178843495009857,0.544476671554633,0.4721393749741445,0.5178187540646843,0.3740241726085082,0.47071113271164317,0.039599990863444554,0.46950313399594595,sample,493,0.5167043225571349,0.543363502050609,0.472639579784174,0.5176741760676762,0.37406245887355777,0.4701447080938162,0.040352929213173336,0.4698843468795308,2.2300684905817705,2.102925358728533,1.8013842941026732,0.6301341243491363,1.2030992261468094,4.851819161137114,0.1267724659669343,1.476185212193572
D_W,dw,83,83,0.01,0.02,512,512,0,512,,512,512,0,512,0,0.5178843495009857,0.544476671554633,0.4721393749741445,0.5178187540646843,0.3740241726085082,0.47071113271164317,0.039599990863444554,0.46950313399594595,sample,494,0.5177132837621804,0.5432055864464878,0.4717344593840808,0.5178213251238246,0.3745061878824234,0.47104147723458617,0.03986300607470659,0.46973185870071704,2.239358066103971,2.1151142385714152,1.7954057674997248,0.6271898907505958,1.1817190426411281,4.8534553372909475,0.1252333270343035,1.4757061564512515
D_W,dw,83,83,0.01,0.02,512,512,0,512,,512,512,0,512,0,0.5178843495009857,0.544476671554633,0.4721393749741445,0.5178187540646843,0.3740241726085082,0.47071113271164317,0.039599990863444554,0.46950313399594595,sample,495,0.5183931307649327,0.5442606209177296,0.47302474036625214,0.5195972160474256,0.3742050755579144,0.46885138579289093,0.038875409374929816,0.4708384802466535,2.249616878389684,2.083415383030254,1.8107457503163251,0.6322478464785767,1.1769449306012247,4.866933741450369,0.12213070049757528,1.4791827105702695
D_W,dw,83,83,0.01,0.02,512,512,0,512,,512,512,0,512,0,0.5178843495009857,0.544476671554633,0.4721393749741445,0.5178187540646843,0.3740241726085082,0.47071113271164317,0.039599990863444554,0.46950313399594595,sample,496,0.517101174757857,0.5459703102551734,0.47255343100277636,0.5172920321826523,0.3735354236345864,0.4707382587145954,0.03875421661303757,0.46881866318010706,2.2351716069570386,2.080968171105552,1.7961520675210452,0.6316937525592662,1.2146541927194816,4.848280471247942,0.12174996220714636,1.472837268112412
D_W,dw,83,83,0.01,0.02,512,512,0,512,,512,512,0,512,0,0.5178843495009857,0.544476671554633,0.4721393749741445,0.5178187540646843,0.3740241726085082,0.47071113271164317,0.039599990863444554,0.46950313399594595,sample,497,0.5175116762101377,0.5456326133860181,0.4728493268239831,0.5146068830970336,0.37583868198040726,0.47032354573067575,0.038379469442327944,0.4692575989271989,2.214403730026255,2.0778416158671953,1.8038608843216248,0.6198227438600272,1.204373505540928,4.82949509714558,0.12057265924869143,1.4742162254308737
D_W,dw,83,83,0.01,0.02,512,512,0,512,,512,512,0,512,0,0.5178843495009857,0.544476671554633,0.4721393749741445,0.5178187540646843,0.3740241726085082,0.47071113271164317,0.039599990863444554,0.46950313399594595,sample,498,0.5185665067198675,0.5456727095203303,0.4724988297564895,0.517289767680179,0.3739536942765329,0.47017724165680896,0.03983338032524851,0.46904707581541333,2.245467622950315,2.0796141205858523,1.8010458986827265,0.6303561123148379,1.1846887509293313,4.848708220017813,0.12514025499744894,1.4735548475694773
D_W,dw,83,83,0.01,0.02,512,512,0,512,,512,512,0,512,0,0.5178843495009857,0.544476671554633,0.4721393749741445,0.5178187540646843,0.3740241726085082,0.47071113271164317,0.039599990863444554,0.46950313399594595,sample,499,0.5184195800386218,0.544948216554764,0.4726496454778492,0.5178111727163379,0.37347088344525053,0.4709577898048019,0.03892676178467824,0.46856727053158265,2.2427700564269735,2.0835982538923736,1.7942883893055648,0.6320942642385217,1.1818741187104216,4.852237474672129,0.12229202885078508,1.4720474948146411
D_W,dw,83,83,0.01,0.02,512,512,0,512,,512,512,0,512,0,0.5178843495009857,0.544476671554633,0.4721393749741445,0.5178187540646843,0.3740241726085082,0.47071113271164317,0.039599990863444554,0.46950313399594595,sample,500,0.5178219920966782,0.5457982254037147,0.47284946574881315,0.5208062927253315,0.37534090409735704,0.47082452333339275,0.03983051302063882,0.4688567219823359,2.236668345353386,2.0755359050051876,1.7976706795626307,0.6256874988355118,1.199685593158033,4.877770058346137,0.12513124709435153,1.4729568333658987
D_W,dw,83,83,0.01,0.02,512,512,0,512,,512,512,0,512,0,0.5178843495009857,0.544476671554633,0.4721393749741445,0.5178187540646843,0.3740241726085082,0.47071113271164317,0.039599990863444554,0.46950313399594595,sample,501,0.5170891925561029,0.5434024137522906,0.47232091900484324,0.5178319017547597,0.37563919533407397,0.47033260869530835,0.03945490530155781,0.469207267856105,2.2256862682985563,2.106342323646245,1.8026919324277009,0.6227003216588877,1.1956995958203152,4.854806667231712,0.123951240643455,1.4740581057076778
D_W,dw,83,83,0.01,0.02,512,512,0,512,,512,512,0,512,0,0.5178843495009857,0.544476671554633,0.4721393749741445,0.5178187540646843,0.3740241726085082,0.47071113271164317,0.039599990863444554,0.46950313399594595,sample,502,0.5169444749862162,0.5436120014443652,0.4721758791924775,0.5167838687269785,0.37338336127300426,0.47114103893805903,0.040008421462676164,0.46915983161302194,2.2333490200588324,2.107298060533691,1.7930124093521431,0.6316524598204714,1.2002187296263436,4.844177250551609,0.12569016294886765,1.4739090803548942
D_W,dw,83,83,0.01,0.02,512,512,0,512,,512,512,0,512,0,0.5178843495009857,0.544476671554633,0.4721393749741445,0.5178187540646843,0.3740241726085082,0.47071113271164317,0.039599990863444554,0.46950313399594595,sample,503,0.5182664770051423,0.5425636709781448,0.4731044448907026,0.5173442583537313,0.37241193402154654,0.4723435166974057,0.04213859197017714,0.4696482488451516,2.233958581601796,2.0968853641302427,1.7823701904199543,0.635291024933681,1.1654103420826774,4.84750028077015,0.13238229096612636,1.4754434883432392
D_W,dw,83,83,0.01,0.02,512,512,0,512,,512,512,0,512,0,0.5178843495009857,0.544476671554633,0.4721393749741445,0.5178187540646843,0.3740241726085082,0.47071113271164317,0.039599990863444554,0.46950313399594595,sample,504,0.5162210379197296,0.544393590275629,0.47185601901265534,0.5181835290892491,0.37755482686727154,0.46763864320801457,0.03849532481455429,0.4719677381421882,2.229423103995721,2.1078707171154676,1.8264993498230264,0.6172011314745113,1.2204760929325493,4.859814976620627,0.12093662963495662,1.4827303788788895
D_W,dw,83,83,0.01,0.02,512,512,0,512,,512,512,0,512,0,0.5178843495009857,0.544476671554633,0.4721393749741445,0.5178187540646843,0.3740241726085082,0.47071113271164317,0.039599990863444554,0.46950313399594595,sample,505,0.5187344041192502,0.544698539800387,0.47120288791387427,0.5168260600102541,0.3730568582138545,0.4713079659381765,0.039683750337877764,0.47135732237756817,2.2577262876127318,2.1069205614746935,1.7912187502837422,0.6330250487656671,1.1739099145436078,4.844168821225656,0.12467017852836826,1.480812701197124
D_W,dw,83,83,0.01,0.02,512,512,0,512,,512,512,0,512,0,0.5178843495009857,0.544476671554633,0.4721393749741445,0.5178187540646843,0.3740241726085082,0.47071113271164317,0.039599990863444554,0.46950313399594595,sample,506,0.5194949739988103,0.5449795092005101,0.47253366371280925,0.5199433768871675,0.366855255071937,0.4761289740697167,0.043789375586504656,0.46750195769858116,2.2762321653574826,2.081497511339324,1.7462807732314105,0.6595634645851451,1.1618163747347334,4.861070792017703,0.13756838064784727,1.4687007158447087
D_W,dw,83,83,0.01,0.02,512,512,0,512,,512,512,0,512,0,0.5178843495009857,0.544476671554633,0.4721393749741445,0.5178187540646843,0.3740241726085082,0.47071113271164317,0.039599990863444554,0.46950313399594595,sample,507,0.5178920336699596,0.5437454532893694,0.47199991093514554,0.5190674042048169,0.37471787355866654,0.4711105696028188,0.03960515129777075,0.4680373303458257,2.2404107482296487,2.1056323115669704,1.7949356718480425,0.6269836443173601,1.1825526813857763,4.863425642632047,0.12442325236138885,1.470382638620225
D_W,dw,83,83,0.01,0.02,512,512,0,512,,512,512,0,512,0,0.5178843495009857,0.544476671554633,0.4721393749741445,0.5178187540646843,0.3740241726085082,0.47071113271164317,0.039599990863444554,0.46950313399594595,sample,508,0.5172652186469725,0.5451606368972957,0.4721865425776944,0.5186236648967684,0.3738688565391011,0.4700334960254942,0.0412149457627362,0.46902217450689143,2.244794848191141,2.0928343468439867,1.8016404021447583,0.6317921841597436,1.2056351322970462,4.858982966724837,0.12948057082631384,1.4734766178015601
D_W,dw,83,83,0.01,0.02,512,512,0,512,,512,512,0,512,0,0.5178843495009857,0.544476671554633,0.4721393749741445,0.5178187540646843,0.3740241726085082,0.47071113271164317,0.039599990863444554,0.46950313399594595,sample,509,0.5174854136939762,0.5437483364361088,0.47181780043524263,0.5165515317426113,0.3732191814846964,0.47086888876531807,0.040262007277081596,0.4689908376917136,2.2424342589235122,2.1098766176176555,1.7948141057413765,0.6325661367973453,1.1905642932720886,4.842207100552934,0.12648682628045832,1.4733781702932105
D_W,dw,83,83,0.01,0.02,512,512,0,512,,512,512,0,512,0,0.5178843495009857,0.544476671554633,0.4721393749741445,0.5178187540646843,0.3740241726085082,0.47071113271164317,0.039599990863444554,0.46950313399594595,sample,510,0.5177310077898979,0.5437807387100578,0.47419508993729553,0.5175620889720934,0.3738946965307158,0.46992762386600967,0.039572765800725246,0.4706657496475511,2.2226654789088727,2.070801743652777,1.802736573264136,0.6310814049053652,1.1859908057617392,4.850764241890235,0.12432151032178784,1.4786400613890793
D_W,dw,83,83,0.01,0.02,512,512,0,512,,512,512,0,512,0,0.5178843495009857,0.544476671554633,0.4721393749741445,0.5178187540646843,0.3740241726085082,0.47071113271164317,0.039599990863444554,0.46950313399594595,sample,511,0.5191416156616336,0.5445674395169886,0.4703917608014297,0.5169891278919583,0.37353653090621786,0.4715428358837257,0.04052826603752536,0.46915331900852253,2.2654443578119787,2.118846905205987,1.7902247630184343,0.6306411311805907,1.1651222085437212,4.84592966261423,0.12732330284622237,1.473888620404443
