lepton,kinematic_point,s_regime,theta_p_gamma_regime,qOut_regime,lepton_mass,s,sqrt_s,pIn,pOut,theta_p_in,phi_p_in,theta_lepton_in,phi_lepton_in,qOut,theta_p_out,phi_p_out,theta_gamma_out,phi_gamma_out,theta_lepton_out,phi_lepton_out,cos_p_gamma_out,Q2,xB,t,F1,F2,W2,y,theta_lepton_gamma_rad,theta_lepton_gamma_deg,k_dot_qout,kp_dot_qout,abs_k_dot_qout,abs_kp_dot_qout,aligned,reference_name,search_stage,sample_id,alpha_e,alpha_p,lepton_electron_alpha_e_mix_proton_alpha_p_mix_trace,lepton_electron_alpha_e_mix_proton_alpha_p_mix_spin_signal_M2,lepton_electron_alpha_e_mix_proton_alpha_p_mix_cross_section_ratio,lepton_electron_alpha_e_mix_proton_alpha_p_mix_purity,lepton_electron_alpha_e_mix_proton_alpha_p_mix_M2_magic,lepton_electron_alpha_e_mix_proton_alpha_p_mix_h_out_mean,lepton_electron_alpha_e_mix_proton_alpha_p_mix_lambda_mean,lepton_electron_alpha_e_mix_proton_alpha_p_mix_h_lambda,lepton_electron_alpha_e_mix_proton_alpha_p_mix_h_lambda_connected,lepton_electron_alpha_e_mix_proton_alpha_p_mix_C_e_p,lepton_electron_alpha_e_mix_proton_alpha_p_mix_C_e_gamma,lepton_electron_alpha_e_mix_proton_alpha_p_mix_C_p_gamma,lepton_electron_alpha_e_mix_proton_alpha_p_mix_C_e_rest,lepton_electron_alpha_e_mix_proton_alpha_p_mix_C_p_rest,lepton_electron_alpha_e_mix_proton_alpha_p_mix_C_gamma_rest,lepton_electron_alpha_e_mix_proton_alpha_p_mix_D_W,lepton_electron_alpha_e_mix_proton_alpha_p_mix_dGHZ,lepton_electron_alpha_e_mix_proton_alpha_p_mix_F3,lepton_electron_alpha_e_mix_proton_alpha_p_mix_M_e,lepton_electron_alpha_e_mix_proton_alpha_p_mix_M_p,lepton_electron_alpha_e_mix_proton_alpha_p_mix_M_gamma,lepton_electron_alpha_e_mix_proton_alpha_p_mix_GHZ_plus_fidelity,lepton_electron_alpha_e_mix_proton_alpha_p_mix_GHZ_minus_fidelity,lepton_electron_alpha_e_mix_proton_alpha_p_mix_GHZ_phase_fidelity,lepton_electron_alpha_e_mix_proton_alpha_p_mix_GHZ_subspace_population,lepton_electron_alpha_e_mix_proton_alpha_p_mix_GHZ_coherence_abs,lepton_electron_alpha_e_mix_proton_alpha_p_mix_GHZ_coherence_phase_rad,lepton_electron_alpha_e_mix_proton_alpha_p_mix_GHZ_coherence_visibility,lepton_electron_alpha_e_mix_proton_alpha_p_mix_GHZ_purity,lepton_electron_alpha_e_mix_proton_alpha_p_mix_W_fidelity,lepton_electron_alpha_e_mix_proton_alpha_p_mix_W_subspace_population,lepton_electron_alpha_e_mix_proton_alpha_p_mix_W_subspace_max_fidelity,lepton_electron_alpha_e_mix_proton_alpha_p_mix_Wbar_fidelity,lepton_electron_alpha_e_mix_proton_alpha_p_mix_Wbar_subspace_population,lepton_electron_alpha_e_mix_proton_alpha_p_mix_Wbar_subspace_max_fidelity,lepton_electron_alpha_e_mix_proton_alpha_p_mix_W_purity,optimization_run,start_source,screening_D_W,success,lbfgs_success,lbfgs_status,lbfgs_message,lbfgs_iterations,function_evaluations,lbfgs_function_evaluations,lbfgs_gradient_norm,initial_D_W,lbfgs_D_W,final_D_W,local_search_polls,local_search_moves,local_search_poll_limit_reached,smallest_tested_step,best_neighbor_D_W,local_minimum_verified,initial_u0,initial_u1,initial_u2,initial_u3,initial_u4,initial_u5,initial_u6,initial_u7,final_u0,final_u1,final_u2,final_u3,final_u4,final_u5,final_u6,final_u7,local_minimum_id,D_W_above_global_minimum,within_polarization_cluster_cut,polarization_cluster_id,polarization_cluster_size,polarization_cluster_distance,polarization_cluster_representative,polarization_configuration
electron,gradient_local_minimum_0000,gradient,gradient,gradient,0.00051099895,5.809583151535337,2.410307688145921,1.022636823807298,0.34727089869426053,0.0,0.0,3.141592653589793,0.0,0.6117377467709335,2.2581930842587767,0.6261454139636328,2.724249632334721,3.092715179622103,0.21724160151636782,4.888656182300498,0.33548827812060306,3.2273066123165046,0.7490539042924625,-1.4669473759476082,0.1602378524883457,0.16144690620827185,1.9610478884930962,0.8739835104018138,2.7193838518503495,155.80921758705415,0.05369463174081457,0.9338742499250485,0.05369463174081457,0.9338742499250485,False,,gradient,1622001378,0.03628431494646565,1.5599769628831104,1.0,0.1471566535145391,0.007526877740555861,1.0,1.1403165727196893,0.31090117596823774,-0.27620238433812627,0.23767027868984217,0.3235419247857968,0.6666554591142055,0.6666572236390225,0.666659233080698,0.9428010082725234,0.9428019080269702,0.9428036560678689,1.6432839182868406e-05,1.1600191541005749,0.8888759709531406,1.2386202825120929e-05,1.1403560779055244e-05,1.2347013106372984e-05,0.2697487796582997,0.09795827516945153,0.33625022566530405,0.36770705482775123,0.15239669825142843,-0.972023338968857,0.8289027705645581,0.2697487796582997,0.029854688238368364,0.13252666797799767,0.13252666797799767,0.002478365461647385,0.49976627719425104,0.49976627719425126,0.029854688238368364,1622,sobol_screened,0.6045126428441728,True,True,0,CONVERGENCE: RELATIVE REDUCTION OF F <= FACTR*EPSMCH,53,1437,909,29.358487676699788,0.6045126428441728,0.0005340320679347049,1.6432839182868406e-05,23,9,False,1e-05,1.718061268736232e-05,True,0.2401130860671401,0.5929160360246897,0.4117483450099826,0.5397966895252466,0.10235764645040035,0.3450434021651745,0.13873032480478287,0.7185620749369264,0.35492554959048317,0.7188051836314344,0.8671555904046986,0.577171991466939,0.09965413772663323,0.4922209084121967,0.011549656160866296,0.49655608950465835,0,0.0,True,0,350,0.014113388896994854,True,"alpha_e~0,alpha_p~pi/2"
electron,gradient_local_minimum_0004,gradient,gradient,gradient,0.00051099895,7.61269514833603,2.759111296837449,1.2201122199542145,0.843757736560562,0.0,0.0,3.141592653589793,0.0,0.6567275545131039,2.4787179396804304,2.3257002526064556,1.7094199027204227,4.866308939338484,0.45330743884804836,0.80169941810814,-0.39377119109989267,3.8959360948029538,0.650465951607326,-3.7466061009653293,0.0466109938229238,0.029633918028383305,2.973362211261719,0.8895866559939796,1.967034396500251,112.70276907652733,0.6905603120509894,0.7652253089699596,0.6905603120509894,0.7652253089699596,False,,gradient,1135001548,3.0790539445801137,1.6316118448071575,1.0,0.0025215849679224005,0.022601658734089078,1.0,1.0209240414996394,0.314737902338157,-0.13279555868043105,0.3153632360161225,0.357159031595025,0.6666485087887458,0.6666624880088825,0.6666508683955042,0.9428066769466152,0.9427989216822344,0.9428086074943306,2.442857104261375e-05,1.1600129184715062,0.8888807689918181,2.5322906667402112e-05,2.619212244558966e-05,2.581711472543491e-05,0.3610368521069744,0.0769350006315575,0.42907198423667836,0.4379718527385319,0.21008605786741238,-0.8282638641443375,0.959358719304883,0.3610368521069744,0.09439636248996659,0.1605812229602182,0.16058122296021818,0.13287519160333527,0.40144692430124995,0.4014469243012499,0.09439636248996659,1135,sobol_screened,0.4904565902854616,True,True,0,CONVERGENCE: RELATIVE REDUCTION OF F <= FACTR*EPSMCH,28,1585,711,4.77992058363163,0.4904565902854616,0.00031075287092406526,2.442857104261375e-05,40,26,False,1e-05,2.4450660730663804e-05,True,0.42942164465785027,0.6485720761120319,0.4728726027533412,0.6206155009567738,0.32173523120582104,0.7713459990918636,0.9615605659782887,0.49830444250255823,0.4418101169761941,0.7890004252613979,0.5441252546752443,0.5140304426348232,0.37014669135238704,0.774497122307998,0.9800933106530477,0.519358180616691,4,7.995731859745343e-06,True,0,350,0.024740566331057794,False,"alpha_e~0,alpha_p~pi/2"
electron,gradient_local_minimum_0006,gradient,gradient,gradient,0.00051099895,4.576480885029401,2.1392711106891995,0.8639943953665541,0.7345845914516588,0.0,0.0,3.141592653589793,0.0,0.5679637450939652,2.4967831049625304,2.2052294899600784,1.0892729767673723,4.944530147428888,0.5491016611366024,0.7439675010343499,-0.8603138286656691,1.2164113781999784,0.3699949801289337,-2.2935530472588463,0.09342156184979573,0.07690949120024973,2.9510755454312836,0.8893605885866946,1.4014967839622807,80.29985072219681,0.7179834936119652,0.17941265908254378,0.7179834936119652,0.17941265908254378,False,,gradient,1920001895,3.069749843666217,1.6286162193741671,1.0,0.02583859997394035,0.029292495008724342,1.0000000000000002,1.225669690710792,0.3040045123610002,-0.17940007461804652,0.3752369993262258,0.42977543152801206,0.6666603668999781,0.6666416658830588,0.6666501957609264,0.9428080885258472,0.9428141293080703,0.94280092244627,3.059439453945377e-05,1.160006842464399,0.8888863844095156,3.99363032083655e-05,3.995411963969575e-05,3.9985166116252024e-05,0.2189992504996707,0.23299893619093984,0.4352685295865451,0.45199818669061054,0.20926943624123984,-1.6042515169266491,0.9259746715952347,0.2189992504996707,0.06968790861773452,0.10940513872516566,0.10940513872516568,0.20071304264429501,0.4385966745842238,0.4385966745842238,0.06968790861773452,1920,sobol_screened,0.6339370301352626,True,True,0,CONVERGENCE: RELATIVE REDUCTION OF F <= FACTR*EPSMCH,73,1958,1287,9.017590966148019,0.6339370301352626,0.000460635188723729,3.059439453945377e-05,29,15,False,1e-05,3.187375493597646e-05,True,0.8720690039917827,0.7735853502526879,0.4996882090345025,0.4938943423330784,0.3611126793548465,0.5524541568011045,0.8424519142135978,0.27539677545428276,0.28741221202390704,0.7947507459662346,0.3467263572579012,0.6395166785860138,0.35097317397916566,0.7869464142302055,0.9771317233501028,0.5184046434260666,6,1.4161555356585367e-05,True,0,350,0.026677147907657076,False,"alpha_e~0,alpha_p~pi/2"
electron,gradient_local_minimum_0007,gradient,gradient,gradient,0.00051099895,4.3620767922987165,2.0885585441396457,0.8336449100258899,0.602738058476591,0.0,0.0,3.141592653589793,0.0,0.3712024405050615,2.47008358422411,0.8701621493431463,1.8210329115959594,3.427259723786368,0.3599246112551364,5.220905649068262,-0.30885332863615,1.9443785688674284,0.6680943903295596,-1.8254205466602815,0.12447508460644653,0.11410439421809096,1.8458005529531563,0.8357670246780997,1.883026418575728,107.88946649602397,0.23282074114184395,0.29229975224545535,0.23282074114184395,0.29229975224545535,False,,gradient,1638004073,0.05775054892941202,1.5562398650907525,1.0,0.0748128574701214,0.019086971461416937,1.0,1.0833232973958373,0.3066074235319612,-0.2265199359567125,0.14455376437989204,0.2140064583222045,0.6666448849901502,0.6666652561877111,0.6666374942484825,0.9428023024399141,0.9427822587533696,0.9427967536007619,3.643433635268429e-05,1.1600067213557224,0.8888600955497987,1.8214994646270632e-05,1.7435998679427023e-05,1.7606054413699113e-05,0.29752624734850763,0.04153172490271814,0.3100403025522673,0.3390579722512258,0.14051131642665438,-0.4252414180067761,0.8288335796601897,0.29752624734850763,0.06460351734504222,0.15657137473358268,0.15657137473358268,0.0299399132014658,0.5043706530151915,0.5043706530151912,0.06460351734504222,1638,sobol_screened,0.6061309889557442,True,True,0,CONVERGENCE: RELATIVE REDUCTION OF F <= FACTR*EPSMCH,66,4112,1089,5.006143974819953,0.6061309889557442,0.0009900375252014943,3.643433635268429e-05,136,122,False,1e-05,3.647199458929455e-05,True,0.1970733841881156,0.77572301030159,0.64374780934304,0.40696167666465044,0.2596064554527402,0.31029693875461817,0.02917651552706957,0.4633937617763877,0.27478006231018737,0.7862520245588261,0.5796527788270468,0.41620995562195917,0.13849060735942978,0.5454653263003644,0.018382570656772575,0.4953665343317152,7,2.0001497169815883e-05,True,0,350,0.02060157304878583,False,"alpha_e~0,alpha_p~pi/2"
electron,gradient_local_minimum_0009,gradient,gradient,gradient,0.00051099895,9.069525441884567,3.011565281026557,1.3597050637180756,1.0519911799803863,0.0,0.0,3.141592653589793,0.0,0.6006387822802325,2.66581620661931,3.776443099881688,1.5716115858589685,1.2715880458173225,0.3646236255296699,5.3441731252265345,-0.36754853582263197,5.2678437482656095,0.709430020180938,-5.439785176370568,0.025685031651172252,0.01309458686318388,3.037459561902941,0.906684783726253,1.786120382919116,102.33715964355584,0.8160258362551174,0.7300551222025086,0.8160258362551174,0.7300551222025086,False,,gradient,1503002750,0.037630978372675886,1.6161135947083352,1.0,0.0002597516161332542,0.008349347445350602,1.0,0.88563556632731,0.32280079573464115,-0.11927680254231109,0.23657718673929323,0.27507983351263493,0.6666431158199608,0.6666470430738691,0.6666353719103476,0.9427848788990776,0.9427763827471273,0.9427792686055733,4.380741430293793e-05,1.1599964740941942,0.888834461636549,1.200397146955412e-05,1.1544913564642822e-05,1.1750191279080724e-05,0.012184569317634508,0.3956630968292078,0.40076227433020206,0.4078476661468423,0.19683844125678088,-2.913478550396537,0.9652547144203137,0.012184569317634508,0.0209546720313491,0.1968067028655182,0.19680670286551816,0.1505482122911424,0.39534563098763953,0.39534563098763975,0.0209546720313491,1503,sobol_screened,0.5863699055553224,True,True,0,CONVERGENCE: RELATIVE REDUCTION OF F <= FACTR*EPSMCH,38,2793,756,6.900036767620286,0.5863699055553224,0.0012713500041643228,4.380741430293793e-05,92,78,False,1e-05,4.402864480175082e-05,True,0.48796161636710167,0.6031886078417301,0.3733128560706973,0.41290898714214563,0.1436109822243452,0.11560550890862942,0.17868275940418243,0.6351071326062083,0.5046946590351266,0.8485556533158972,0.500259505019895,0.4124148261362883,0.6010395866514509,0.20237952306839038,0.011978312442791149,0.514424934391687,9,2.737457512006952e-05,True,0,350,0.015449584135378891,False,"alpha_e~0,alpha_p~pi/2"
electron,gradient_local_minimum_0010,gradient,gradient,gradient,0.00051099895,4.753076779017992,2.1801552190195066,0.8882928071992786,0.6137110187621384,0.0,0.0,3.141592653589793,0.0,0.5953139578794113,2.230459417198677,2.002352681158488,1.5637752516103662,4.665994226852907,0.6406029917093207,0.5895904862177781,-0.7059339854503934,1.4849484708021878,0.4452102962369335,-1.8046849690008409,0.12619698842636473,0.11628004900673769,2.7302821618823416,0.8611377234059227,1.9276905887020457,110.44853493971627,0.5325260003851703,0.3726577512857037,0.5325260003851703,0.3726577512857037,False,,gradient,665001518,3.0274860846013043,1.6596183775851026,0.9999999999999999,0.10410212721922409,0.07127645151591988,0.9999999999999998,1.2228394909813092,0.290265361439631,-0.16029007910884444,0.4204345898426032,0.466961247590319,0.6666382038288214,0.6666391166861607,0.6666389993563855,0.9427732562124916,0.9427730990149571,0.9427742104684737,4.831784993427198e-05,1.1599923831906616,0.8888219135924432,7.205929282549928e-06,7.065959265972754e-06,7.944565466377895e-06,0.13979902594621627,0.34719885921643245,0.475301574821992,0.48699788516264875,0.23180263224066758,-2.0346109611859275,0.9519656626978968,0.13979902594621627,0.061563274334696244,0.11256010788307466,0.11256010788307468,0.12854300524584764,0.4004420069542767,0.4004420069542767,0.061563274334696244,665,latin_hypercube,nan,True,True,0,CONVERGENCE: RELATIVE REDUCTION OF F <= FACTR*EPSMCH,53,1559,1053,2.7289715987471923,0.8709744114474068,0.0001595131150232121,4.831784993427198e-05,22,8,False,1e-05,4.929985583467577e-05,True,0.44945195746074024,0.19099651981705734,0.9710527082932043,0.5034533589278117,0.47801491754408504,0.5735240138138943,0.6024813622079987,0.9496435830660674,0.2975961607466702,0.709977283226075,0.49776512235712433,0.6529938550921552,0.3186843270196832,0.7426160456418865,0.9636787510124513,0.5282729368776413,10,3.1885010751403576e-05,True,0,350,0.04331806772913264,False,"alpha_e~0,alpha_p~pi/2"
electron,gradient_local_minimum_0012,gradient,gradient,gradient,0.00051099895,5.92421679113262,2.4339714031049375,1.0362431605581326,0.505040246511344,0.0,0.0,3.141592653589793,0.0,0.7152235632289758,1.9952873992435454,4.307397486198173,2.069684335187866,1.7506424928305548,0.5697660854008634,5.697194967854624,-0.4701395836648977,2.494504537814175,0.5723920420647681,-1.6494575740552542,0.14031818938930965,0.13453414060503657,2.7433744355859497,0.8639399543691432,2.3908732054075834,136.98694402076927,0.3865450000534133,0.809068481932944,0.3865450000534133,0.809068481932944,False,,gradient,1396001845,0.1126470720501853,1.6554412094389324,1.0,0.1455638422434522,0.06913954658063115,1.0,1.1561781579799804,0.2846377441135227,-0.17535737315707592,0.42438415230648696,0.47429747941559025,0.6666210965585945,0.6666580438263884,0.6666384805890432,0.9427784535793736,0.9427649378707024,0.9427910804050712,5.427193654152544e-05,1.1599922935847717,0.8888306535119453,1.4578758105454614e-05,1.517789929827984e-05,1.521009086652425e-05,0.290481612079862,0.1932908438848791,0.4730270399711059,0.4837724559647411,0.23114081198873535,-1.3589743831973649,0.9555765696820971,0.290481612079862,0.04141721735166147,0.12676258869486215,0.12676258869486218,0.05623193968432834,0.3894649553403968,0.38946495534039693,0.04141721735166147,1396,sobol_screened,0.5680465554621394,True,True,0,CONVERGENCE: RELATIVE REDUCTION OF F <= FACTR*EPSMCH,49,1936,1332,4.223213442937869,0.5680465554621394,0.00037392946175402597,5.427193654152544e-05,27,13,False,1e-05,5.473519971884699e-05,True,0.4464548612013459,0.6549400622025132,0.4870158927515149,0.4556269543245435,0.7654131362214684,0.5484553640708327,0.20484099071472883,0.7078545307740569,0.3608200173818734,0.6351197049571646,0.6588009851700242,0.6740421991789762,0.6855436017900433,0.27862340632070076,0.03585667668323175,0.5269433029604633,12,3.783909735865703e-05,True,0,350,0.042212765607311575,False,"alpha_e~0,alpha_p~pi/2"
electron,gradient_local_minimum_0015,gradient,gradient,gradient,0.00051099895,4.53147271429561,2.128725608033034,0.857702917079671,0.6865985126898208,0.0,0.0,3.141592653589793,0.0,0.37127716639846003,2.545194666865776,0.4718542178264335,1.542029296327635,3.0572474475627254,0.3575134150497753,4.839060001182732,-0.5006049722867799,1.9768309233452457,0.638669937451441,-2.1697465401601264,0.10038919804816426,0.08490016255458815,1.9982439735928874,0.8476302933411336,1.6171356854783736,92.65504967790613,0.3276050334014683,0.2311472249940173,0.3276050334014683,0.2311472249940173,False,,gradient,1287003417,3.0904008568541457,1.5550412710405266,1.0000000000000002,0.032058435233405354,0.015067253166490303,1.0000000000000004,1.0958312501788001,0.30776843850313496,-0.21468573539267136,0.14045455759140715,0.20652805114210682,0.6666364330506508,0.6666696235794586,0.6666131228714718,0.9428067380706017,0.9427665758412199,0.9427902749855304,6.156096875878279e-05,1.1599914359783607,0.8888489537403644,3.2024477256309414e-05,3.1627068427964034e-05,3.206001925909474e-05,0.19667003305521652,0.13470147812481015,0.30133895712575265,0.33137151118002667,0.13565320153573934,1.3403541772021403,0.818737863449233,0.19667003305521652,0.07089809554352924,0.15775254863943175,0.15775254863943178,0.00958787425871145,0.5108759401805415,0.5108759401805417,0.07089809554352924,1287,sobol_screened,0.5448189191827061,True,True,0,CONVERGENCE: RELATIVE REDUCTION OF F <= FACTR*EPSMCH,45,3481,1008,5.787655966516542,0.5448189191827061,0.0005501255124970473,6.156096875878279e-05,112,98,False,1e-05,6.169915938669963e-05,True,0.32639302778989077,0.6406502081081271,0.3664721632376313,0.4242656249552965,0.08299714885652065,0.45466143637895584,0.9606219595298171,0.5256115915253758,0.2847854002211767,0.8101606247256362,0.4908431698061203,0.40314516848988097,0.07509793118583681,0.48657604353468786,0.9837051450075324,0.49498500999600725,15,4.512812957591438e-05,True,0,350,0.018954439411622583,False,"alpha_e~0,alpha_p~pi/2"
electron,gradient_local_minimum_0020,gradient,gradient,gradient,0.00051099895,9.423346891418506,3.0697470402980285,1.3915645921897823,1.0598362492085454,0.0,0.0,3.141592653589793,0.0,0.599579194358639,2.6766207544668985,2.5245297454887052,1.6424108596832452,5.012636658034583,0.3518934434006344,0.9526311237830323,-0.2911447005728406,5.6917202201057275,0.7335713943291564,-5.6271099452146505,0.02426502609658189,0.012111930781785006,2.9470416767824794,0.9081659165612087,1.8503002557772317,106.0143954880121,0.7746524814704873,0.8069576189159389,0.7746524814704873,0.8069576189159389,False,,gradient,1432003333,3.1060333116950374,1.614628576503084,1.0,0.00020768022646069727,0.007438315078558069,0.9999999999999998,0.8717715611645052,0.3230114323906977,-0.12010760518760544,0.22745574034814608,0.2662518699408109,0.6666322673284661,0.6666113724307059,0.6666254679923523,0.942754970400811,0.9427649244349243,0.9427501283595054,7.70590537469013e-05,1.159968295978712,0.8887901470089384,1.7632517993249053e-05,1.7608325274198755e-05,1.7568091891906334e-05,0.39635758817418126,0.008817410688177707,0.39825393434120737,0.40517499886235897,0.1956664349100279,-0.13933718141295476,0.9658366654379742,0.39635758817418126,0.12418449779930688,0.2013448713400644,0.2013448713400644,0.14607953794162482,0.39348012979757657,0.39348012979757657,0.12418449779930688,1432,sobol_screened,0.5751276410557343,True,True,0,CONVERGENCE: RELATIVE REDUCTION OF F <= FACTR*EPSMCH,54,3396,864,17.951200678677246,0.5751276410557343,0.001970566083825313,7.70590537469013e-05,113,99,False,1e-05,7.720674238522874e-05,True,0.5870447494089603,0.5377791076898575,0.6831646161153913,0.654072841629386,0.3613575594499707,0.6129848612472415,0.9422060195356607,0.40136086381971836,0.519187333015779,0.8519948477115304,0.5227956138127956,0.4009638964536188,0.40179138797705194,0.7977859020498426,0.9886811099287098,0.5139522384157926,20,6.062621456403289e-05,True,0,350,0.014639866480450663,False,"alpha_e~0,alpha_p~pi/2"
electron,gradient_local_minimum_0022,gradient,gradient,gradient,0.00051099895,7.639101486770149,2.763892452099059,1.222778612919173,0.6678902529915394,0.0,0.0,3.141592653589793,0.0,0.7366007574995792,2.3073520777738694,2.2408786069233044,2.041740813136267,4.743817245095042,0.4648674380410806,0.7523658222461341,-0.2252418382700706,4.056373282597538,0.678962646038537,-2.8866521770311033,0.0683269510915869,0.05005906126214271,2.797839567095121,0.8838794930041948,2.3040436435030873,132.01197658667175,0.4920269375339113,1.076887490316837,0.4920269375339113,1.076887490316837,False,,gradient,1676002232,3.067653825189611,1.6353266461891534,1.0,0.009570563581559412,0.03098483767089361,1.0,1.0778030597918,0.303537067288819,-0.16277475278372852,0.3490229356434288,0.3984311067320643,0.6666359954145321,0.666611411955465,0.6666212151415449,0.9427487960427396,0.9427560603136277,0.9427385036609722,7.784375346397397e-05,1.1599696239023634,0.8887733891201508,9.675084522431376e-07,1.5943989583599993e-06,1.2672588803330775e-06,0.348934860798191,0.10442090707606463,0.442581554258756,0.4533557678742557,0.21590367032162813,-0.9688387399863309,0.9524690568468158,0.348934860798191,0.08295392334302339,0.14789773816466387,0.14789773816466387,0.10746623241279271,0.3987464939610805,0.3987464939610806,0.08295392334302339,1676,sobol_screened,0.6106994448269427,True,True,0,CONVERGENCE: RELATIVE REDUCTION OF F <= FACTR*EPSMCH,40,2274,711,6.048635860047608,0.6106994448269427,0.00038686821638966683,7.784375346397397e-05,70,56,False,1e-05,7.920222000787443e-05,True,0.5557691780850291,0.5185315841808915,0.6338405115529895,0.7440313501283526,0.4561331020668149,0.7904839301481843,0.9157453598454595,0.6880561849102378,0.44300106969617087,0.7344529772621333,0.6499062858462054,0.5815633060374966,0.3566469071607242,0.7550019636814531,0.9764645399473751,0.5205406386217896,22,6.141091428110557e-05,True,0,350,0.028387988928428184,False,"alpha_e~0,alpha_p~pi/2"
electron,gradient_local_minimum_0023,gradient,gradient,gradient,0.00051099895,4.602967473808955,2.1454527433175863,0.8676777199754915,0.6049577329831771,0.0,0.0,3.141592653589793,0.0,0.3879064177392291,2.467910285178091,5.5676317020223856,1.9099748330548423,3.0310384686276937,0.3529206695829678,1.207743754849007,-0.22387426479424444,2.15745939855005,0.6896225550021898,-1.9131826802841911,0.11756754731778467,0.10548984341355305,1.8508486908288122,0.8402794940324648,1.9753801064159813,113.18094303173916,0.22459418354141797,0.3467325426743946,0.22459418354141797,0.3467325426743946,False,,gradient,767002306,3.085891709734024,1.5564948789367612,0.9999999999999998,0.05923666561398587,0.017822217866582578,0.9999999999999997,1.0660741356670778,0.3075849522189419,-0.22474877137218863,0.1429804879815203,0.21210982808530082,0.6666143371473813,0.6666607776927047,0.6666078671671669,0.942816464367317,0.9427789199734532,0.9428118924149682,7.893313464178252e-05,1.1599680026597627,0.8888764128502151,9.16184778040896e-05,9.136888670913113e-05,9.162339609253278e-05,0.0829087515279606,0.2552027127606199,0.309494318003965,0.3381114642885805,0.1404385858596747,-2.2311723951250997,0.8307235967592591,0.0829087515279606,0.051455065650255004,0.1597272774409767,0.15972727744097667,0.02162447688614736,0.5021612582704429,0.502161258270443,0.051455065650255004,767,latin_hypercube,nan,True,True,0,CONVERGENCE: RELATIVE REDUCTION OF F <= FACTR*EPSMCH,65,2368,1134,6.786459308807876,0.6348234591026855,0.00031715993293402687,7.893313464178252e-05,55,41,False,1e-05,7.899105105036945e-05,True,0.6035444189565271,0.49225860498423124,0.6053277955002758,0.5190242751866183,0.8740276929912036,0.7686354892869418,0.7435732674134301,0.6893050446273586,0.2889520139734038,0.7855602419868446,0.6079638717235915,0.41808245039183306,0.8861161066920051,0.4824047549837862,0.9822698389009404,0.4954477077600135,23,6.250029545891412e-05,True,0,350,0.0199840222489357,False,"alpha_e~0,alpha_p~pi/2"
electron,gradient_local_minimum_0025,gradient,gradient,gradient,0.00051099895,9.547219171183777,3.0898574677780486,1.402552536393039,1.0293696573124218,0.0,0.0,3.141592653589793,0.0,0.6147172714089237,2.6581303626611374,3.7692173730697034,1.7411316641116767,1.2943544841644008,0.3534168790674697,5.346463401308445,-0.2099278064201164,5.885382745922361,0.7484702883646422,-5.496485193736155,0.025242714878621664,0.012786318431912,2.8576761837998736,0.907219891987378,1.947915681434167,111.60734739352753,0.7160238836405065,0.9104726597338643,0.7160238836405065,0.9104726597338643,False,,gradient,1463001764,0.036754951628165104,1.6155928249022768,0.9999999999999999,0.00024302203737087616,0.007975784725850876,1.0,0.8576379847052321,0.323519338304718,-0.1193873877807086,0.23285279634271994,0.2714769250394636,0.6666132088577591,0.6666149105828582,0.6666192533700276,0.942735602612043,0.9427388014350371,0.9427400465712743,8.822953157852401e-05,1.159959154156172,0.8887552198435424,1.8071972615607557e-06,2.048543918831136e-06,2.1274342034138805e-06,0.009254063480917674,0.39771947582232486,0.4000796589532366,0.40697353930324254,0.1965928893016153,-2.986482796845707,0.9661212354896164,0.009254063480917674,0.02399726426710261,0.19943079095380145,0.19943079095380145,0.1431314898210196,0.3935956697429561,0.3935956697429562,0.02399726426710261,1463,sobol_screened,0.579703806234014,True,True,0,CONVERGENCE: RELATIVE REDUCTION OF F <= FACTR*EPSMCH,45,1806,936,6.261433826731034,0.579703806234014,0.0003404699944633739,8.822953157852401e-05,40,26,False,1e-05,8.914195953696619e-05,True,0.6011199802160263,0.7098423494026065,0.23479657899588346,0.457032673060894,0.4321958776563406,0.2211448047310114,0.1036183089017868,0.6906691286712885,0.5241967014626764,0.846109173200345,0.5542194218343819,0.40877216200110567,0.5998895765118919,0.20600291426792475,0.011699464469451967,0.5142591682139926,25,7.17966923956556e-05,True,0,350,0.015128770156842783,False,"alpha_e~0,alpha_p~pi/2"
electron,gradient_local_minimum_0026,gradient,gradient,gradient,0.00051099895,5.856540423417384,2.4200290129288495,1.028230662397338,0.7591806846575003,0.0,0.0,3.141592653589793,0.0,0.6202429798664991,2.401894885386094,2.193627735370841,1.482011849568374,4.811847010597463,0.5493666866381547,0.6983506196887621,-0.6470300321594402,2.2597325334235134,0.5175741116987248,-2.752597885540857,0.07303201013091987,0.05484794448270822,2.9861191210298115,0.8772903774052766,1.7901192642968011,102.56627866927066,0.6943011218848636,0.44786844582636126,0.6943011218848636,0.44786844582636126,False,,gradient,1349002275,0.0826806196524926,1.6425955290804086,1.0,0.013314825238529508,0.03880191982753422,1.0,1.2091006370405166,0.3050307197258507,-0.1500431606839086,0.3612734337303813,0.4070412070237354,0.6666180833927675,0.6666082372051619,0.6666215701902806,0.9427364075131659,0.9427460645169443,0.9427389058721793,8.836305029209865e-05,1.1599590343349315,0.8887595735523651,5.723034809779204e-06,6.1552129845821035e-06,5.784892345261916e-06,0.19683668574676552,0.2621146377324881,0.44821288440557205,0.4589513234792536,0.21873722266594525,1.7205711325915523,0.9532044531769741,0.19683668574676552,0.025292563333147805,0.13815873121313527,0.13815873121313527,0.12930925273488547,0.4028899453076112,0.40288994530761124,0.025292563333147805,1349,sobol_screened,0.5593932282772502,True,True,0,CONVERGENCE: RELATIVE REDUCTION OF F <= FACTR*EPSMCH,41,2314,999,3.214451406753972,0.5593932282772502,0.00040348721705740857,8.836305029209865e-05,61,47,False,1e-05,8.910064994078038e-05,True,0.399152715690434,0.8476008484140038,0.31079245917499065,0.6351801017299294,0.39899600856006145,0.46933659072965384,0.14600840210914612,0.6787203513085842,0.35734706438314606,0.7645468875926766,0.47173902315913824,0.5824533059862489,0.34912669738774943,0.7658292371385459,0.026318058631190206,0.5228543959075883,26,7.193021110923025e-05,True,0,350,0.03199073943655422,False,"alpha_e~0,alpha_p~pi/2"
electron,gradient_local_minimum_0028,gradient,gradient,gradient,0.00051099895,4.772781565187608,2.1846696695811034,0.89096700527328,0.7321993954121889,0.0,0.0,3.141592653589793,0.0,0.3846419313409127,2.582428771357647,2.8208135974997646,1.44943482146097,0.22148322312034338,0.34509141969330415,4.693569401678253,-0.5536606737366342,2.110174861597441,0.63227399319585,-2.425190840779108,0.08678017083381652,0.0695007050936259,2.1071065220461462,0.8573057110774278,1.5367813383602256,88.05108472250704,0.3841922896174876,0.22668430002664353,0.3841922896174876,0.22668430002664353,False,,gradient,1053002653,0.04635036278031886,1.5884777131169323,1.0,0.017448771016105855,0.012494546600227184,1.0,1.0505591871616309,0.3149383751588899,-0.21134538685346071,0.13886602895706568,0.2054268016900216,0.666620649190963,0.6666131443013726,0.6666063353563404,0.9427407684998306,0.942736050443061,0.9427306584496622,9.285536420950512e-05,1.1599554114904886,0.8887508371909459,3.982508507527349e-06,4.16453999091404e-06,4.003888361248098e-06,0.25399478465085157,0.0736719000018102,0.29794360584700497,0.32766668465266174,0.1341102635206741,-0.833493910688942,0.8185773519382095,0.25399478465085157,0.013976078732865596,0.1559501615365047,0.15595016153650468,0.36389545921958677,0.5163831538108337,0.5163831538108337,0.013976078732865596,1053,sobol_screened,0.39032295526880606,True,True,0,CONVERGENCE: RELATIVE REDUCTION OF F <= FACTR*EPSMCH,34,2691,657,7.151084797084082,0.39032295526880606,0.00047952435427378316,9.285536420950512e-05,91,77,False,1e-05,9.298093755042662e-05,True,0.311171093955636,0.7065310264006257,0.414273246191442,0.5857298485934734,0.45378369092941284,0.04468895960599184,0.07175528910011053,0.4349059518426657,0.29872067916980205,0.822012608288599,0.46136943305006434,0.40191537216454615,0.4489464275829196,0.03525014977152781,0.014753778701180704,0.5056281600677388,28,7.64225250266367e-05,True,0,350,0.014785028438115005,False,"alpha_e~0,alpha_p~pi/2"
electron,gradient_local_minimum_0030,gradient,gradient,gradient,0.00051099895,5.500740562953677,2.3453657631494655,0.9851120611974957,0.6637196058281849,0.0,0.0,3.141592653589793,0.0,0.6303827974396747,2.2737084862233092,4.196324602181403,1.6336001902757278,1.5790068393435317,0.5951159893988597,5.646276218401947,-0.6186126121178226,2.0382581487068787,0.5089765262245934,-2.211709382039895,0.09794264252715598,0.08206967955055383,2.84620697562267,0.8666329782688177,1.969687055743517,112.85475525565285,0.5820223596475681,0.4952967429812156,0.5820223596475681,0.4952967429812156,False,,gradient,1866003688,0.10164106976708921,1.653658948187839,1.0,0.04073026604297447,0.05737627430070301,0.9999999999999999,1.225344638487863,0.2949079697479058,-0.1568250708806068,0.3943365160258381,0.44058547928480923,0.6666026329583752,0.6666238281794031,0.6666125031132913,0.9427677142279541,0.9427596963403655,0.9427748331361874,9.417612384684363e-05,1.1599490314213463,0.8888103978568541,6.456442700070175e-05,6.454546977208153e-05,6.482839143567842e-05,0.2691514846169647,0.20729257751557564,0.46552213793682573,0.4764440621325403,0.2273001068705556,-1.4342996660343892,0.9541523336576867,0.2691514846169647,0.029258303018781417,0.1276444809565155,0.12764448095651554,0.10364831317168141,0.39591145691094415,0.39591145691094415,0.029258303018781417,1866,sobol_screened,0.6297123271027149,True,True,0,CONVERGENCE: RELATIVE REDUCTION OF F <= FACTR*EPSMCH,17,3748,324,1.1150971188157037,0.6297123271027149,0.34058479660165314,9.417612384684363e-05,153,139,False,1e-05,9.423281824980885e-05,True,0.976377610117197,0.47189369704574347,0.27017520274966955,0.4488922758027911,0.511843953281641,0.29998894315212965,0.2902623675763607,0.8704818673431873,0.33874896506580193,0.7237438894648606,0.5199910906364857,0.6210980237672828,0.6678658032553015,0.25130674365743333,0.032353357349160894,0.526375991584478,30,7.774328466397522e-05,True,0,350,0.03896155968716142,False,"alpha_e~0,alpha_p~pi/2"
electron,gradient_local_minimum_0031,gradient,gradient,gradient,0.00051099895,5.508860492309238,2.347096183011944,0.986115559607394,0.677710544860902,0.0,0.0,3.141592653589793,0.0,0.419654890994204,2.5395432767938466,3.4123633351714058,1.9922693232976008,5.903562827636874,0.3236705440575677,1.5129668894390522,-0.07409555719624433,2.9592677757338532,0.7449061629446377,-2.49178927759051,0.0836864630948269,0.06612106452876058,1.893248116301209,0.8582108365203085,2.0710496263886737,118.66240275421697,0.24452908561336614,0.4782683346849099,0.24452908561336614,0.4782683346849099,False,,gradient,1555001758,3.0971351708917405,1.5887164724888305,1.0,0.015220545724770685,0.011399232579336869,1.0000000000000004,1.010704480564943,0.31124564106420544,-0.21688082651523805,0.13414423339801912,0.2016474452812891,0.666602646019077,0.6666442811993533,0.6665990538887623,0.9427934313346271,0.9427616032445074,0.942791049264642,9.576659229904239e-05,1.159950423503895,0.8888379515930221,8.576883228295085e-05,8.605422712604227e-05,8.606627232921049e-05,0.07188966096342886,0.2607944321262835,0.30504199822783434,0.33268409308971236,0.13869995168297816,-2.3199012245814914,0.8338237659326622,0.07188966096342886,0.12033442310697468,0.16718595830917993,0.16718595830917993,0.30527793735134956,0.5001299486011078,0.5001299486011079,0.12033442310697468,1555,sobol_screened,0.5942110542249027,True,True,0,CONVERGENCE: RELATIVE REDUCTION OF F <= FACTR*EPSMCH,49,1793,882,21.94520239311294,0.5942110542249027,0.0007227237948287643,9.576659229904239e-05,41,27,False,1e-05,9.591546797913842e-05,True,0.4510096088051796,0.8089656215161085,0.21377252414822578,0.6581153897568583,0.858507820405066,0.9887046385556459,0.7429359555244446,0.2754373913630843,0.3391800006898629,0.8083617313950602,0.634159021546317,0.3954233042254083,0.5430944924180753,0.9395812058719754,0.985848743742365,0.505704159536233,31,7.933375311617398e-05,True,0,350,0.014189184107464184,False,"alpha_e~0,alpha_p~pi/2"
electron,gradient_local_minimum_0032,gradient,gradient,gradient,0.00051099895,6.196104417889301,2.4891975449709287,1.0678662449027274,0.72859600352017,0.0,0.0,3.141592653589793,0.0,0.44060491553812015,2.5857376640566954,3.262904189049044,2.05016739245945,5.733539753817404,0.3011534844387675,1.3806089840093472,0.02508236072801151,3.594410240737528,0.7771793289569938,-2.93843644234964,0.0666297363491203,0.04836131843005925,1.9103769439472371,0.8699617867262702,2.1329916733226257,122.21142061793368,0.2534993028911845,0.5814862020852708,0.2534993028911845,0.5814862020852708,False,,gradient,36003293,3.1036429098561795,1.5909924588371167,1.0,0.006231353097476889,0.008336991623304427,0.9999999999999998,0.8929153676999049,0.31332850748965596,-0.2045605458399212,0.13369912897490535,0.1977937794941972,0.6666305247303463,0.6665896878968998,0.6666170753886216,0.9427363495194908,0.9427558222570868,0.9427269327528284,9.844422488872172e-05,1.1599530784289218,0.8887581443686319,1.3756192592417893e-05,1.3958697699656408e-05,1.3932527390347893e-05,0.03322597554223716,0.29711647709330524,0.3040128277775805,0.3303424526355424,0.13884160145980928,-2.825088730629043,0.8405919393774638,0.03322597554223716,0.1274951157804169,0.1705692864498169,0.1705692864498169,0.30348186444451686,0.49908826091464065,0.49908826091464065,0.1274951157804169,36,latin_hypercube,nan,True,True,0,CONVERGENCE: RELATIVE REDUCTION OF F <= FACTR*EPSMCH,50,3337,810,5.161240087857391,0.8254771221639572,0.0010607871142818304,9.844422488872172e-05,113,99,False,1e-05,9.85659411022859e-05,True,0.34141705214928625,0.2584015487821953,0.9200160071022637,0.42739395671703906,0.6130365521028389,0.7473934292499138,0.9229509026262842,0.3811049566716133,0.374576467501207,0.8230658615470274,0.6525885493514865,0.3817661921188523,0.5193073305224075,0.9125211932339287,0.9879202213914494,0.5064286284917119,32,8.201138570585332e-05,True,0,350,0.01220749826035981,False,"alpha_e~0,alpha_p~pi/2"
electron,gradient_local_minimum_0033,gradient,gradient,gradient,0.00051099895,6.408465232729078,2.531494663776536,1.0919677152805785,0.7818273040156174,0.0,0.0,3.141592653589793,0.0,0.6369853605053205,2.4138564676143184,5.370219347182299,1.570127213241953,1.6734649189155133,0.5231073282317638,3.8626699378459883,-0.565780394534411,2.7446700534083237,0.5642994549942503,-3.0308696036558884,0.06375260795637754,0.04552038073158593,2.999027755269002,0.8797589550186983,1.8640235245780767,106.80068087142408,0.6960329385108815,0.5529331633873107,0.6960329385108815,0.5529331633873107,False,,gradient,1647002156,3.0638471992138667,1.501055988514294,1.0,0.008195650048362837,0.03449956053638299,0.9999999999999998,1.163781482012787,0.3077235367379301,-0.14473056180886573,0.34738210694428817,0.3919191072981799,0.666603407128116,0.6666174276936688,0.6666076085355006,0.9427468002036535,0.942739866806537,0.9427495232913871,9.95696165320176e-05,1.1599469653519863,0.8887688830761531,3.263199449082821e-05,3.265031417498676e-05,3.216500379449316e-05,0.15824051652832,0.29542986585004377,0.4437314529115922,0.45367038237836377,0.21689626172241033,1.8925763048706918,0.9561843582793887,0.15824051652832,0.053718120681058086,0.14669255143456675,0.14669255143456672,0.15204490988275354,0.3996370661870694,0.39963706618706946,0.053718120681058086,1647,sobol_screened,0.6069438040646095,True,False,2,ABNORMAL: ,48,2219,1179,3.881790826816194,0.6069438040646095,0.000317022770304005,9.95696165320176e-05,49,35,False,1e-05,9.958878189065754e-05,True,0.6669299062341452,0.09034426417201757,0.6719302963465452,0.5641668643802404,0.8415226293727756,0.04715767037123442,0.815636532381177,0.32210936211049557,0.3851123873641728,0.7683543774703206,0.4997870145411185,0.5615146224574981,0.8546969545917942,0.26634021393628177,0.9752528532662917,0.47780096085948237,33,8.31367773491492e-05,True,0,350,0.036527062064029565,False,"alpha_e~0,alpha_p~pi/2"
electron,gradient_local_minimum_0036,gradient,gradient,gradient,0.00051099895,8.442089744829172,2.905527446924082,1.3013550140360863,0.4790639356801044,0.0,0.0,3.141592653589793,0.0,0.8745457215049278,2.1148449561800904,2.260683290495498,2.4312976402891895,4.734978324566898,0.371529050219209,0.7972507876768514,-0.04580751059202337,4.915858191384522,0.723294631000566,-2.264899750991914,0.09496776771639213,0.07866445918039643,2.760466773204132,0.898738473807784,2.6301186970354298,150.69470095857736,0.2752259906248652,1.600705210820948,0.2752259906248652,1.600705210820948,False,,gradient,1496001832,0.061024548410422694,1.6200092575316154,1.0,0.024076768276035013,0.02146041160109871,0.9999999999999999,1.0283817239889863,0.3106564539320759,-0.18301448966043987,0.3751593022271289,0.43201393460322973,0.6666255900271131,0.6666082222682387,0.6665900469979724,0.9427657732424588,0.9427529190947562,0.9427406377230195,0.00010475500778209932,1.1599429366711516,0.8887834261365773,5.1103922833140025e-05,5.109842592820879e-05,5.1097262025012746e-05,0.05499826520712464,0.3893252658111313,0.43230929222840997,0.44432353101825595,0.210147526719282,2.4905590530933623,0.9459212130300056,0.05499826520712464,0.037094037547906786,0.13520312712603538,0.13520312712603538,0.08915638301981098,0.4204733418557087,0.42047334185570867,0.037094037547906786,1496,sobol_screened,0.5849595164793314,True,True,0,CONVERGENCE: RELATIVE REDUCTION OF F <= FACTR*EPSMCH,61,1869,1467,5.888262804972537,0.5849595164793314,0.00019537185920729308,0.00010475500778209932,21,7,False,1e-05,0.0001051800178115229,True,0.25994685757905245,0.5952743692323565,0.4816644797101617,0.6085264151915908,0.3891868647187948,0.6739815343171358,0.1816043881699443,0.3575589647516608,0.47828136767878865,0.6731760572980484,0.7739060751593707,0.6548556444131943,0.3597989204476097,0.7535952057878026,0.019424717058938872,0.5156649623815758,36,8.83221685992309e-05,True,0,350,0.022321878070663697,False,"alpha_e~0,alpha_p~pi/2"
electron,gradient_local_minimum_0039,gradient,gradient,gradient,0.00051099895,5.468256444198703,2.338430337683529,0.981088042050205,0.3829692195101322,0.0,0.0,3.141592653589793,0.0,0.563678253554871,2.270581078736024,5.603362242030473,2.6225832088489924,3.156667017955302,0.2594199793155415,1.3028058715900224,0.2677784739189628,2.9387204983821413,0.7411072640151803,-1.474718942506826,0.15930363805010928,0.16015639044487037,1.9064341132838458,0.8642010467780833,2.63580717712122,151.02062685933734,0.07282649422534992,0.8048272721630704,0.07282649422534992,0.8048272721630704,False,,gradient,1985001341,3.0985162111115643,1.5608970128695705,1.0,0.15603102745373915,0.010777228139111354,1.0,1.1094011936758714,0.30835403140613793,-0.2680327232411737,0.20258214950218606,0.28523112026236763,0.6665826686048335,0.6666100140496888,0.6666137233547655,0.9427141329696654,0.9427160577543109,0.9427360917093421,0.00011431617417153152,1.1599385150143553,0.8887249464923245,8.571585080441313e-06,7.255298584030179e-06,8.571615175034797e-06,0.08637186972586071,0.2732678223202954,0.3291280301847772,0.3596396920461561,0.14930818416169916,-2.247046826222012,0.830320943231911,0.08637186972586071,0.0432449950824335,0.14828195704175956,0.1482819570417596,0.004988719673401388,0.4920783509120844,0.49207835091208424,0.0432449950824335,1985,sobol_screened,0.6409775870895653,True,True,0,CONVERGENCE: RELATIVE REDUCTION OF F <= FACTR*EPSMCH,43,1425,810,7.037266853854981,0.6409775870895653,0.0009998016673261245,0.00011431617417153152,27,13,False,1e-05,0.00011555597714905788,True,0.5100182062014937,0.34121282771229744,0.8566116150468588,0.4909405130892992,0.9167607631534338,0.5852606547996402,0.7950648982077837,0.5831260867416859,0.33702139853200297,0.7227484047435324,0.8347941627162433,0.5522785337456416,0.891802798753635,0.5023991596027391,0.9862883424975524,0.49684895051113187,39,9.788333498866311e-05,True,0,350,0.01578409138202725,False,"alpha_e~0,alpha_p~pi/2"
electron,gradient_local_minimum_0042,gradient,gradient,gradient,0.00051099895,1.3586899921782933,1.165628582430224,0.20540195165836345,0.06606937663941831,0.0,0.0,3.141592653589793,0.0,0.13824444933749713,1.4999897632232426,0.9797489166501618,1.1553108511531804,3.9471603080684052,2.338715436643316,0.622169820827824,-0.8702626571916977,0.010921117527937748,0.03807818346291928,-0.044238838547723314,0.894517030722892,1.5592645154951765,1.1557306168423949,0.5989564399716318,2.758459656859463,158.0480962951525,0.03985723359845916,0.023198373088573625,0.03985723359845916,0.023198373088573625,False,,gradient,1431001557,0.3828405680456288,1.9302360690396094,1.0,1297.3495495641973,0.5161873292756437,1.0000000000000002,1.1493628758142822,0.09508247181155793,-0.2048495990539801,0.49473701481511007,0.514214621042769,0.6665773413244358,0.6666035251218634,0.6666089134809866,0.9427046569727363,0.9427085272490145,0.9427272432035291,0.0001236984312794061,1.1599305191639475,0.8887086971790011,6.458606036263692e-06,6.5718485511290226e-06,6.951840929636521e-06,0.17947489051903917,0.4056353965092645,0.5724506886785883,0.5851102870283037,0.2798955451644364,-1.986691288735838,0.9567274798260278,0.17947489051903917,0.009322584482631367,0.06910679334628886,0.06910679334628887,0.010982587156098287,0.3457829196254075,0.3457829196254074,0.009322584482631367,1431,sobol_screened,0.5749655764426431,True,True,0,CONVERGENCE: RELATIVE REDUCTION OF F <= FACTR*EPSMCH,44,1592,1107,6.530417024220316,0.5749655764426431,0.00020959232463253766,0.0001236984312794061,21,7,False,1e-05,0.0001238630241828514,True,0.019408324733376503,0.5258351862430573,0.4058047952130437,0.6280565280467272,0.23071679007261992,0.6648007277399302,0.1722552953287959,0.7300471803173423,0.044884589751156785,0.4774615708084415,0.3677468655374672,0.6572557103713942,0.15593188307380262,0.6282100742052151,0.12186193764114188,0.6144132234438456,42,0.00010726559209653768,True,0,350,0.1639953654792625,False,"alpha_e~0,alpha_p~pi/2"
electron,gradient_local_minimum_0046,gradient,gradient,gradient,0.00051099895,9.729637573147587,3.1192366971981444,1.41858315338109,1.3338618705751824,0.0,0.0,3.141592653589793,0.0,0.5226062164533706,2.8944532404888887,0.3334121665821271,0.8338880698652008,4.058528728976105,0.222604688403821,1.9198211630366322,-0.802767712482966,5.41364959076315,0.6572178031554999,-7.456069470775994,0.014862059262685046,0.0061780672064089956,3.703417388849688,0.9307813967155271,0.9673509714561179,55.42512797231572,1.2395557341270846,0.2183457941206513,1.2395557341270846,0.2183457941206513,False,,gradient,686002789,0.012466276685578004,1.5459277190944283,1.0,1.8126415966078157e-05,0.0009255797752563035,1.0,0.994769845643632,0.32954274920940135,-0.11174418973838302,0.17725047135842548,0.2140749588529892,0.6665854974865177,0.6665894409928983,0.6665840214295401,0.9427176903795276,0.9427135453097292,0.942716504258309,0.00013922096004092367,1.1599123661018325,0.8887132932098327,3.8935451937727183e-05,3.834542591280021e-05,3.866693260401455e-05,0.32233336129569967,0.050263497500369236,0.3647973221921489,0.3725968587960689,0.17849889279411446,-0.7042379171481864,0.9581341795037039,0.32233336129569967,0.0015827162416231335,0.2100724934759564,0.21007249347595638,0.05270600059464889,0.41733064772797474,0.41733064772797457,0.0015827162416231335,686,latin_hypercube,nan,True,True,0,CONVERGENCE: RELATIVE REDUCTION OF F <= FACTR*EPSMCH,65,2829,1053,19.20249953937041,0.8599763699859428,0.004183754899873996,0.00013922096004092367,79,65,False,1e-05,0.00013924076054033283,True,0.8160849442421487,0.9026826192494253,0.48257649949875225,0.5185546337383419,0.34514477497709317,0.9148093982929438,0.2653708890315646,0.2694434556500719,0.5315148643907095,0.9213330815443224,0.26543481660881296,0.33520039189958767,0.053064194398523966,0.6459349088970143,0.003968139112921978,0.4920840763133146,46,0.00012278812085805526,True,0,350,0.013194161606345917,False,"alpha_e~0,alpha_p~pi/2"
electron,gradient_local_minimum_0047,gradient,gradient,gradient,0.00051099895,11.635216472407858,3.411043311423626,1.576551686187359,1.206537613851701,0.0,0.0,3.141592653589793,0.0,0.531053752117358,2.8123952805669528,3.5785836375636335,1.8954992576684069,1.1481923972005073,0.24559096735857194,5.176043514153681,0.06978133038878542,8.396398088074998,0.8455458557118896,-7.44752311225778,0.014892719148737998,0.006195593795456199,2.4135969869436664,0.9232735864405344,2.043343347671838,117.07494991772916,0.5701333677840627,1.0445708556929765,0.5701333677840627,1.0445708556929765,False,,gradient,80006755,3.123574498441659,1.6011751904988243,1.0,2.6240851873573994e-05,0.0019304959414522386,1.0,0.8882131677613188,0.3294907062345497,-0.09377058291219617,0.16910863291807252,0.20000516850583744,0.6665948914972247,0.666567155315638,0.6666001196128464,0.9427981284889331,0.9428213033381072,0.9428018259475838,0.00013958042235250967,1.1598977282283618,0.8888852009601131,0.0002077891664560294,0.00020754119010929495,0.00020779099665496625,0.34404524682599835,0.03597928807269904,0.37513200151792603,0.3800245348986974,0.18511973406857732,-0.5879631602074221,0.9742514867779493,0.34404524682599835,0.14569679455519183,0.228188575598204,0.228188575598204,0.15661313459959142,0.3917868895030987,0.39178688950309876,0.14569679455519183,80,latin_hypercube,nan,True,True,0,CONVERGENCE: RELATIVE REDUCTION OF F <= FACTR*EPSMCH,68,6820,1188,1.3030792450801303,0.5669378618515053,0.006301679113851677,0.00013958042235250967,251,237,False,1e-05,0.00013981599483352394,True,0.831811984681915,0.4747314390325921,0.44067222423475955,0.5693315516742709,0.8633360341182074,0.07160326419779299,0.6752574209025487,0.72946664882991,0.6042018745176375,0.8952132216610968,0.6033561529698903,0.3019741610819599,0.5695492751860279,0.18274049563499362,0.9942646430855556,0.5096698926479901,47,0.00012314758316964126,True,0,350,0.007610476726044616,False,"alpha_e~0,alpha_p~pi/2"
electron,gradient_local_minimum_0048,gradient,gradient,gradient,0.00051099895,9.273351091993987,3.045217741310789,1.3781455858256102,0.6630742769574407,0.0,0.0,3.141592653589793,0.0,0.8038029943836976,2.398812265444208,3.8706602837343462,2.302742651899519,1.410607979048469,0.3522755931005543,5.399295898126916,0.10155959796449088,5.838722706457568,0.7705727279197533,-3.416455631971092,0.05354092025195364,0.03583265635386084,2.6182421737737482,0.9027360116465497,2.493488380692524,142.86636047859153,0.3674225148867084,1.5785560521296822,0.3674225148867084,1.5785560521296822,False,,gradient,165002208,0.04918921539704403,1.6189983844134739,1.0,0.0031833727414999277,0.014176060455593675,0.9999999999999999,0.8980285064010366,0.31983284351259433,-0.1505381471885618,0.32924863739736787,0.37739568106980304,0.6665936507871533,0.6665704839043332,0.6665944192411681,0.9426906211879508,0.9427076519874245,0.9426914811592064,0.00014072005160021723,1.1599156299492301,0.8886768507683747,2.301993522413337e-06,2.5020824274690767e-06,2.898874211398894e-06,0.02012449803278049,0.4108410567453433,0.4197036349904695,0.4309655547781238,0.2042208576014076,-2.8459083779926915,0.9477363345502062,0.02012449803278049,0.02772844192779852,0.14523296810943356,0.1452329681094336,0.12452425091839245,0.42380147711244265,0.4238014771124426,0.02772844192779852,165,latin_hypercube,nan,True,True,0,CONVERGENCE: RELATIVE REDUCTION OF F <= FACTR*EPSMCH,54,2247,1035,13.359598287402644,0.834822946781737,0.0007759426803844883,0.00014072005160021723,54,40,False,1e-05,0.00014182734141186817,True,0.6697236052632135,0.9046587926727935,0.307382246706593,0.3479766093745492,0.5091683757374559,0.6930189931233753,0.17956075448562997,0.7873168347202796,0.513077254227386,0.7635656591898269,0.7329857514366962,0.561386184464224,0.6160347171857994,0.22450523263043257,0.01565741355450305,0.5153431914743939,48,0.00012428721241734882,True,0,350,0.018950655544159492,False,"alpha_e~0,alpha_p~pi/2"
electron,gradient_local_minimum_0053,gradient,gradient,gradient,0.00051099895,7.787754491351048,2.790654849914451,1.2376862305143979,0.8392649962220339,0.0,0.0,3.141592653589793,0.0,0.6653461421800329,2.478350849142708,2.328844155651191,1.7466076383183755,4.847646300099125,0.45701012630107446,0.7982889149386868,-0.3545485027169198,4.070427100075561,0.6627990051364672,-3.7866777098358315,0.04586126162755101,0.02898282004388978,2.950686075845243,0.889019829621517,2.009067150547959,115.11106848477242,0.6794557055031789,0.8213304006232166,0.6794557055031789,0.8213304006232166,False,,gradient,300001927,3.0792118136760047,1.631412429459406,1.0,0.002379861408785064,0.022364712217799378,1.0,1.0082805777712518,0.3109055587375192,-0.14608588972515177,0.30412225173585405,0.34954116690452,0.6665838244241122,0.6665681746074194,0.6665832679523906,0.9426818835002602,0.9426927973566273,0.9426816138980713,0.00015335862684928312,1.1599042655687632,0.8886558228411533,2.0070962552520832e-06,2.462090098742653e-06,2.240667916542094e-06,0.3635069543521011,0.07487126448307882,0.4291435796891494,0.4383782188351799,0.20995447027155942,-0.8129251162906114,0.9578690785752632,0.3635069543521011,0.09758260732300841,0.16811715296175173,0.16811715296175173,0.1269376699145583,0.39350462820306825,0.3935046282030681,0.09758260732300841,300,latin_hypercube,nan,True,True,0,CONVERGENCE: RELATIVE REDUCTION OF F <= FACTR*EPSMCH,48,1990,1089,3.4968886148707323,1.0189410184334196,0.001221791734734364,0.00015335862684928312,40,26,False,1e-05,0.00015434523350582678,True,0.5929816769575194,0.20481429871572035,0.9371020456195367,0.11631481653171098,0.2586455570156505,0.32726018157205095,0.7129809885339171,0.5293809574436615,0.44966739796358,0.7888835767141164,0.5559624785608616,0.5133133353216405,0.3706470590625584,0.7715268710219133,0.9801435619469928,0.5192947047400449,53,0.0001369257876664147,True,0,350,0.024662450836938424,False,"alpha_e~0,alpha_p~pi/2"
electron,gradient_local_minimum_0055,gradient,gradient,gradient,0.00051099895,11.065885484340669,3.3265425721521535,1.5310252247156728,1.0920953684084955,0.0,0.0,3.141592653589793,0.0,0.6007271556284797,2.7423685152658335,2.63621967761491,1.9629260180486197,5.080383426794928,0.2808795112092329,1.06823870837541,0.07678023604520012,7.722430107652444,0.8258110081263141,-6.491134748845455,0.018993738272813775,0.008654044858613338,2.5087425034469604,0.91805328548853,2.1320551537075154,122.15776199655664,0.5682475263203466,1.183895205723581,0.5682475263203466,1.183895205723581,False,,gradient,1334004586,3.1170831212446033,1.6060758013454228,1.0000000000000002,6.997346845495e-05,0.0035506703899448487,1.0000000000000004,0.897115320587381,0.32567647502269526,-0.11306586956988952,0.19966503929946144,0.23648793314635888,0.6665893927214688,0.6665706213139715,0.6665746136570405,0.9426888309876417,0.9426917909965296,0.9426782046615767,0.00015384969600879976,1.1599037454528849,0.888657414005569,4.420381175929133e-06,4.678751435283068e-06,4.088773046639904e-06,0.3730048156078787,0.018544588335095424,0.38501536128083225,0.3915494039429741,0.18924065930934522,0.3581898655840029,0.9666246833919663,0.3730048156078787,0.1344556530125237,0.21127118808577816,0.21127118808577816,0.15087570091317773,0.3971794079712477,0.39717940797124784,0.1344556530125237,1334,sobol_screened,0.5566449666945326,True,True,0,CONVERGENCE: RELATIVE REDUCTION OF F <= FACTR*EPSMCH,36,4626,648,10.690132461905147,0.5566449666945326,0.002983846101096989,0.00015384969600879976,179,165,False,1e-05,0.00015416611326288666,True,0.8118574544787407,0.5356095796450973,0.5809693140909076,0.36713673174381256,0.28983400482684374,0.5608171550557017,0.8919025855138898,0.6455343710258603,0.583153324581712,0.8729230099682784,0.6248187573922576,0.3604278921370307,0.41956739276853566,0.808568135176555,0.9921983735487847,0.5112298055288019,55,0.00013741685682593135,True,0,350,0.010194639695547104,False,"alpha_e~0,alpha_p~pi/2"
electron,gradient_local_minimum_0056,gradient,gradient,gradient,0.00051099895,5.80123964355741,2.4085762689932424,1.0216399107695378,0.5906954831649678,0.0,0.0,3.141592653589793,0.0,0.47849904362095247,2.488141594293439,3.3696107496524874,2.292921652539117,5.825299996065632,0.29834895426201496,1.4557276229313032,0.17178949377575276,3.283276209126017,0.7730823973153059,-2.273452504035778,0.09450215354395741,0.07813480378072907,1.8435616695703503,0.8629653886075102,2.3545250592473694,134.90434865266437,0.16573075387111413,0.6706426064162296,0.16573075387111413,0.6706426064162296,False,,gradient,1848002456,0.042332710154382135,1.5878848216115824,1.0,0.02244042593680327,0.010403434334764362,1.0,0.9937610037783099,0.3107447215381598,-0.23338540423594314,0.1482792851914276,0.22080256764179662,0.6666194519708971,0.6665349286715581,0.6665965039426882,0.9426876751976432,0.9427311244329065,0.9426709553603801,0.0001565469089056234,1.159911224105257,0.8886768494356934,9.74808435905139e-06,9.580159938737953e-06,8.819872238496895e-06,0.27003846985599,0.06614627674964638,0.3055236786039745,0.3361847466056364,0.1374313053011563,0.7350506953696773,0.817593937195318,0.27003846985599,0.0015517783116902068,0.15968308048976387,0.15968308048976387,0.3601218731594389,0.5041321729045998,0.5041321729045996,0.0015517783116902068,1848,sobol_screened,0.6272868988624841,True,True,0,CONVERGENCE: RELATIVE REDUCTION OF F <= FACTR*EPSMCH,53,2496,819,2.7511501154433313,0.6272868988624841,0.00043504571539101103,0.0001565469089056234,75,61,False,1e-05,0.0001566063850113177,True,0.47029152046889067,0.6646869722753763,0.5312129352241755,0.6098600039258599,0.591161317192018,0.9185432149097323,0.059933402575552464,0.3501407215371728,0.3544942650501421,0.7920000676887001,0.7298596302480757,0.4404793437342613,0.5362902071027804,0.9271252893670437,0.013474920151092777,0.5054394368401516,56,0.000140114069722755,True,0,350,0.013497019303097645,False,"alpha_e~0,alpha_p~pi/2"
electron,gradient_local_minimum_0057,gradient,gradient,gradient,0.00051099895,6.872215437436278,2.6214910714012127,1.1429318156010873,0.7957830378915904,0.0,0.0,3.141592653589793,0.0,0.4540816587687823,2.638666654355145,3.1096668021940617,2.0311851035634465,0.6502728534570406,0.286963303115409,4.938908944408856,0.054118896447803266,4.197565437834133,0.7956604560959332,-3.4716347842478323,0.05228080770935494,0.034681910129227965,1.9578523394908398,0.8803816756504712,2.1298597984456693,122.03197740552102,0.28840151761080757,0.651366844403964,0.28840151761080757,0.651366844403964,False,,gradient,1593003450,3.109213399266708,1.5926650126944242,1.0,0.0023679598364973464,0.006144422984555158,1.0,0.8960462642199076,0.32122093186789225,-0.20333723633799236,0.1173449326804675,0.18266110922039924,0.6666048580895384,0.6665411324314247,0.666589478760651,0.9427657656866486,0.9427999493186775,0.9427548950544001,0.00015980337061364427,1.1598884481659484,0.8888219403709716,0.0001681708991931874,0.00016817441233080155,0.00016817773167060457,0.024606498170546026,0.30065030330735365,0.3006828448617646,0.32525680147789965,0.13805444412281478,-3.1198797711869046,0.8488950484387963,0.024606498170546026,0.13246117010878639,0.1786873288803618,0.17868732888036182,0.299571377093811,0.49605586964173853,0.49605586964173815,0.13246117010878639,1593,sobol_screened,0.6003520988726033,True,True,0,CONVERGENCE: RELATIVE REDUCTION OF F <= FACTR*EPSMCH,53,3489,1035,19.721910385295214,0.6003520988726033,0.0022492841410980758,0.00015980337061364427,110,96,False,1e-05,0.00015988741747168965,True,0.5362882893532515,0.6464905366301537,0.28247531689703465,0.3476399965584278,0.21843791473656893,0.04256640560925007,0.9274117005988955,0.4079332947731018,0.40752987029122956,0.83991368242475,0.6465462991334917,0.36564149583039385,0.494918842937952,0.1034941389861597,0.9896933632417028,0.5069610189196677,57,0.00014337053143077585,True,0,350,0.010558763983943089,False,"alpha_e~0,alpha_p~pi/2"
electron,gradient_local_minimum_0059,gradient,gradient,gradient,0.00051099895,1.1996735747162428,1.095296112800663,0.14600064456723613,0.09887006308279345,0.0,0.0,3.141592653589793,0.0,0.050677295198665616,2.413952482274912,2.5602612009619743,2.053768122838215,5.345807213339649,0.28373564883670815,0.0022317884732020975,-0.20529170589099527,0.05804616574189305,0.372806171509909,-0.05261298534930722,0.877426676005907,1.5202143244317143,0.9774984910009907,0.48682422193297464,1.8750107393102153,107.43020190417957,0.003962808742136502,0.006679398938425728,0.003962808742136502,0.006679398938425728,False,,gradient,1725001734,0.24332032571102588,1.2280039859591856,1.0,10362.649938119972,0.28055035578745835,0.9999999999999999,1.1568878716582203,0.22736594317815279,-0.1644478337973318,0.24831846955899556,0.28570830639393,0.6665774365105503,0.666591010643518,0.6665555611287762,0.9426934193287557,0.9426687279300363,0.9426784111465001,0.0001613390688863579,1.1598987449945493,0.8886459330221426,1.828510017787277e-06,2.5356805583021114e-06,2.6952992454032376e-06,0.4056554144876724,0.03959075002225956,0.43515679315136635,0.445246164509932,0.21253371089640033,-0.533186121632168,0.9546795810372866,0.4056554144876724,0.02920762439211151,0.13546951093255463,0.13546951093255463,0.2557662498766171,0.4192843245575134,0.4192843245575136,0.02920762439211151,1725,sobol_screened,0.615539012748725,True,True,0,CONVERGENCE: RELATIVE REDUCTION OF F <= FACTR*EPSMCH,42,1767,801,4.737669781968575,0.615539012748725,0.0006520636553599695,0.0001613390688863579,43,29,False,1e-05,0.00016189170433597415,True,0.04682314582169056,0.8427993301302195,0.6651332573965192,0.2610920863226056,0.38796690851449966,0.738452679477632,0.034715911373496056,0.48326165322214365,0.02736525782722228,0.7683849398860063,0.6537346974285296,0.31383735778267485,0.40747822573949066,0.8508116428193154,0.07745126518327952,0.3908858090039096,59,0.00014490622970348948,True,0,350,0.13764064281395097,False,"alpha_e~0,alpha_p~pi/2"
electron,gradient_local_minimum_0060,gradient,gradient,gradient,0.00051099895,5.9037242486708195,2.429758063814342,1.033823072944777,0.6471489517322915,0.0,0.0,3.141592653589793,0.0,0.4633270339425209,2.52656844007046,6.0959053570261075,2.165948147226734,3.6253501756840874,0.3064694064905656,1.6801390165464978,0.08372144417266514,3.339603391046853,0.7685385460675294,-2.5147602785061998,0.08265781728780992,0.06500743639561538,1.8856353951157798,0.8649479678914433,2.247053703310703,128.74669353894515,0.21045534307806724,0.6228768993481621,0.21045534307806724,0.6228768993481621,False,,gradient,1443004707,3.1000307825294984,1.5522929853409053,1.0,0.013449184320259667,0.010113947478111339,1.0000000000000004,0.9448306909063156,0.3171223692016419,-0.22903333208738197,0.13215311198030677,0.20478470487800376,0.666550933919977,0.6666241192314619,0.666561981961848,0.9427259019709091,0.9426819652416779,0.942733713412849,0.0001617505496800128,1.15990013910449,0.8887094206727604,5.4262396148252456e-05,5.4264285411553814e-05,5.4262267150329e-05,0.28006978147941164,0.05062841507353101,0.3017093670738543,0.33069819655294264,0.13636026879738297,-0.5711020054591048,0.8246810549240632,0.28006978147941164,0.0905632898263718,0.16511373411949465,0.16511373411949465,0.004659607459867204,0.5041880693275629,0.5041880693275631,0.0905632898263718,1443,sobol_screened,0.576846125479752,True,True,0,CONVERGENCE: RELATIVE REDUCTION OF F <= FACTR*EPSMCH,62,4774,1044,7.6423607281236485,0.576846125479752,0.0007416826716093586,0.0001617505496800128,168,154,False,1e-05,0.00016190220910654041,True,0.5200234400108457,0.8428272688761353,0.467986642383039,0.5930132092908025,0.7284206096082926,0.6565851122140884,0.902835919521749,0.6484507601708174,0.35977050369454117,0.8042317125943858,0.689442708223734,0.4192153049942758,0.9701934701910702,0.5769924008991937,0.9867704455532122,0.49411020348776025,60,0.00014531771049714439,True,0,350,0.016925580899962017,False,"alpha_e~0,alpha_p~pi/2"
electron,gradient_local_minimum_0061,gradient,gradient,gradient,0.00051099895,13.039073134565308,3.61096567895145,1.6836533377391167,0.2914674987893078,0.0,0.0,3.141592653589793,0.0,1.266200819226868,2.03008704033364,3.577193979518754,2.8401588825889443,1.1819833823851562,0.18876363989694037,5.09037941468633,0.22795066843672454,9.094573658088466,0.7968086278007798,-2.461575721163589,0.08506916156352543,0.0676258172884056,3.199019315978008,0.9386901992603361,2.9317709753222867,167.97810338492005,0.09612107443697449,3.4126200428994187,0.09612107443697449,3.4126200428994187,False,,gradient,619003092,0.02152896298671131,1.5943463122393868,1.0000000000000002,0.0076245055824367336,0.0027669606735124144,1.0000000000000002,1.12195370507249,0.3249962166602844,-0.24289467809463922,0.3441859870776734,0.4231258385053488,0.666607168354553,0.6665718603051215,0.666549542357579,0.9427054162296872,0.9426896606995295,0.9426643894173419,0.00016200740450067212,1.1599002269025391,0.8886578152758009,1.0339936481862377e-05,1.038707102068992e-05,9.813707841588304e-06,0.1124904092411933,0.28994411727436215,0.38906071010915233,0.40243452651555545,0.18784344685137458,2.062745356915935,0.9335354422882193,0.1124904092411933,0.02161787693191352,0.1619712696614779,0.16197126966147787,0.15922098504512713,0.43559420382296654,0.4355942038229666,0.02161787693191352,619,latin_hypercube,nan,True,True,0,CONVERGENCE: RELATIVE REDUCTION OF F <= FACTR*EPSMCH,57,3152,1368,53.91416376651604,0.8029411667901895,0.0018051964970790249,0.00016200740450067212,79,65,False,1e-05,0.00016200989452389494,True,0.8080547253956576,0.9703317134376502,0.6355444490081661,0.5230031871974999,0.5378181293877214,0.4368408578287887,0.22713189076299972,0.7773758290050018,0.6540011540564676,0.6461967747517894,0.904050650660769,0.7390690241907162,0.569328104238978,0.1881184979590755,0.006852881757955119,0.5074961931864657,61,0.0001455745653178037,True,0,350,0.0074137789485700725,False,"alpha_e~0,alpha_p~pi/2"
electron,gradient_local_minimum_0065,gradient,gradient,gradient,0.00051099895,9.104071849624079,3.017295452822623,1.3628475668400815,1.0286791788740204,0.0,0.0,3.141592653589793,0.0,0.60622844039651,2.6473523483194965,2.495308199486576,1.6468070882851142,4.990279148836509,0.36555370930964154,0.9093587511446699,-0.31065711378971994,5.371116542780859,0.721296595389864,-5.315048859261682,0.0266986032084075,0.013808432472509267,2.9552017330026645,0.9054314457678952,1.8559805436229864,106.3398520079933,0.7634576083203783,0.7914914500797825,0.7634576083203783,0.7914914500797825,False,,gradient,1956002474,0.039003612049111534,1.6174791845359684,1.0,0.0003086181977442731,0.009007710727081645,1.0,0.8686542285728929,0.32581527783464886,-0.11052231253185459,0.246431546172387,0.28244140413688107,0.6665770503897652,0.666537005822542,0.6665870189301932,0.9426554499163008,0.9426909823392363,0.9426624912271704,0.00017659777323087553,1.1598874748925543,0.888626051658457,2.753019704371251e-06,3.070271152982862e-06,2.7384294937760068e-06,0.013085786760602264,0.39585893594288857,0.40218565191323197,0.4089447227034908,0.19771329056148654,2.8879331209904957,0.9669438414777657,0.013085786760602264,0.02402217807715301,0.19253055545650732,0.19253055545650732,0.14698454026338664,0.39852472184000187,0.3985247218400017,0.02402217807715301,1956,sobol_screened,0.6384517921811661,True,True,0,CONVERGENCE: RELATIVE REDUCTION OF F <= FACTR*EPSMCH,63,2517,1242,3.471348056072006,0.6384517921811661,0.00043504048932911936,0.00017659777323087553,58,44,False,1e-05,0.00017681822663400776,True,0.5262513449415565,0.2913007875904441,0.8758321087807417,0.6163487890735269,0.6401441693305969,0.7361773140728474,0.21640969533473253,0.6641790065914392,0.5061220052125777,0.84267842468197,0.5241949768386944,0.41566010606431497,0.39714063448602577,0.7942275939457465,0.012415235312109418,0.5148596151342947,65,0.00016016493404800712,True,0,350,0.016062986330123114,False,"alpha_e~0,alpha_p~pi/2"
electron,gradient_local_minimum_0066,gradient,gradient,gradient,0.00051099895,12.066452132350914,3.4736799121897968,1.6101955437661517,1.108219596361959,0.0,0.0,3.141592653589793,0.0,0.5966724199130191,2.7951370139315634,5.869785600841752,2.1875287806929578,1.996859355686083,0.23035346100149096,4.255844837512038,0.3378336844451312,9.057622165721504,0.875686694291079,-7.008317532514779,0.0165991920238251,0.007191706836195182,2.1656725510376376,0.9246279869485527,2.320464025700007,132.952795184547,0.40508240708914256,1.4297347236921085,0.40508240708914256,1.4297347236921085,False,,gradient,1262006129,0.017471420129995714,1.5410494490080378,1.0,3.566173723986536e-05,0.001818090558616999,1.0,0.8995283863935197,0.33118573414468083,-0.09945298402261037,0.1927597630843093,0.22569717261071673,0.6665577314480939,0.6665820080442588,0.6665556387910054,0.9427184556056308,0.9426997269053194,0.9427169795377665,0.0001770908054284747,1.1598765852643458,0.8887053880960609,8.730373792009694e-05,8.71461500491777e-05,8.731045640791857e-05,0.32943490512297124,0.05171178814408453,0.37472884010339214,0.3811466932670558,0.1841554934698642,0.7165971492179193,0.9663234482836406,0.32943490512297124,0.01639694088661011,0.21003289208509424,0.21003289208509424,0.09912943521257292,0.40882041464785,0.4088204146478501,0.01639694088661011,1262,sobol_screened,0.5373618958342375,True,True,0,CONVERGENCE: RELATIVE REDUCTION OF F <= FACTR*EPSMCH,47,6171,801,3.649477924102935,0.5373618958342375,0.0028784729210134695,0.0001770908054284747,242,228,False,1e-05,0.00017711097355189748,True,0.8197782365605235,0.6441249782219529,0.7648614980280399,0.42611338943243027,0.9542969325557351,0.17222821153700352,0.04079486150294542,0.4150967849418521,0.6198042187149795,0.8897197447726566,0.6963120372061418,0.3374642892656225,0.9342053932635956,0.31781003711673733,0.0055613257530481245,0.4905312747173418,66,0.0001606579662456063,True,0,350,0.015190723722489195,False,"alpha_e~0,alpha_p~pi/2"
electron,gradient_local_minimum_0067,gradient,gradient,gradient,0.00051099895,9.907107296684732,3.1475557654606745,1.4340116041348943,0.8559256816746657,0.0,0.0,3.141592653589793,0.0,0.713670254903099,2.5684606393763216,2.502750788924621,2.1340784319533954,4.962786164280686,0.33270046733874314,0.9437036329952618,0.0925803184132627,6.494037120272674,0.7925933878662935,-4.6546622837161,0.03317687310763522,0.018598479422533145,2.579209978578543,0.907628709451755,2.320142211622092,132.93435659609457,0.4769465178920981,1.3966339361699665,0.4769465178920981,1.3966339361699665,False,,gradient,522002311,0.039298468781868205,1.6158016668926718,1.0,0.0005922329637838275,0.009140795290606348,1.0000000000000004,0.8673344781704553,0.3253083124053722,-0.12121655085923004,0.2814883154204443,0.3209210670160604,0.6665598112494779,0.6665860807283567,0.6665437688991989,0.9426779105321705,0.9426480103002102,0.9426663177431525,0.00018170315045266944,1.1598819219673149,0.8886155663725264,2.65801156795753e-06,2.6934916568799316e-06,2.1877282942450726e-06,0.009214509440829022,0.4056635391452228,0.4061350002289823,0.4148780485860518,0.19869597593595642,3.0726910550043267,0.9578524417627459,0.009214509440829022,0.023909612111226188,0.16920031350094947,0.16920031350094947,0.14167770871682875,0.41592163791299896,0.41592163791299885,0.023909612111226188,522,latin_hypercube,nan,True,False,1,STOP: TOTAL NO. OF ITERATIONS REACHED LIMIT,80,2375,1269,11.306390342527457,1.047554960223369,0.0011146978563437418,0.00018170315045266944,49,35,False,1e-05,0.00018189113178806069,True,0.7931953816757541,0.8947821544163383,0.9427569050272304,0.7500476213251129,0.41968874217439195,0.7058314727158768,0.3094193523152815,0.5958961531946869,0.5385689485040777,0.8175664137874231,0.6792982627823678,0.471291893125905,0.3983251593844942,0.7898519495533383,0.01250909112515372,0.5143256446841856,67,0.00016527031126980103,True,0,350,0.015803773367761384,False,"alpha_e~0,alpha_p~pi/2"
electron,gradient_local_minimum_0068,gradient,gradient,gradient,0.00051099895,5.871709669209539,2.42316109023101,1.0300316673469778,0.9339613595841645,0.0,0.0,3.141592653589793,0.0,0.42589099660011376,2.739315286158127,0.005290497292670039,1.045098698475989,3.6757486058393245,0.28884529542011733,1.8268111164912006,-0.754141305639044,2.7177920812361034,0.6113962938552551,-3.6988542575631715,0.047528221375418234,0.03043585071852914,2.6072736326520194,0.890493102374992,1.1446348292318511,65.58274479866277,0.6588187634797125,0.1682876753161246,0.6588187634797125,0.1682876753161246,False,,gradient,313006692,0.027484774552712775,1.54825792936251,1.0,0.001526069597498784,0.004441651989870821,0.9999999999999999,0.968009903133791,0.32154262861489563,-0.19599437398605135,0.13643645740914268,0.19945700361434854,0.6665754100616478,0.666524706548184,0.6665901257486999,0.9427484897422389,0.9427946962557691,0.9427588419565668,0.00018530773141552036,1.159863576244787,0.8888102611942852,0.00019675317327572106,0.0001966662434864097,0.00019665390247652903,0.043449690757910206,0.276426852168757,0.29056551418597343,0.31987654292666723,0.1306272427226398,-2.672023428326431,0.8167353662602671,0.043449690757910206,0.0018218329094863196,0.16033717223594113,0.16033717223594107,0.001726559693140864,0.5197862848373918,0.5197862848373918,0.0018218329094863196,313,latin_hypercube,nan,True,True,0,CONVERGENCE: RELATIVE REDUCTION OF F <= FACTR*EPSMCH,55,6732,1053,5.125656184484853,0.8294226349546225,0.0032134846609268948,0.00018530773141552036,252,238,False,1e-05,0.000185337995597551,True,0.8321479704690325,0.14785725340579614,0.5859251692316498,0.36302718191866323,0.9576018174740201,0.9240106572193201,0.17166441201402355,0.824008679923123,0.3581272431847291,0.8719511369585113,0.3326652477627198,0.38268787968963625,0.0008420087955427264,0.5850135601824713,0.00874867545966115,0.492825805278532,68,0.00016887489223265195,True,0,350,0.01472285436971488,False,"alpha_e~0,alpha_p~pi/2"
electron,gradient_local_minimum_0069,gradient,gradient,gradient,0.00051099895,10.863388338833564,3.295965463841144,1.5145098061880238,0.7421224023821011,0.0,0.0,3.141592653589793,0.0,0.8161700081438898,2.5611926058076717,3.6965961753093306,2.4175873263765033,1.2851289745461194,0.2847332175974006,5.278861697061453,0.355841473715357,7.620281851731843,0.8335816645197515,-4.381606577301774,0.03654314879816192,0.021232008589536968,2.4011761929125877,0.9156682209728851,2.5708431653067896,147.29846316213246,0.31006442579357085,1.9294020630087063,0.31006442579357085,1.9294020630087063,False,,gradient,1821002703,0.031797827804574165,1.6090231033068512,1.0,0.0006687642942987183,0.0060012512442742146,1.0,0.9317190339224427,0.32572570912019816,-0.15151930287193419,0.2847528506886845,0.3341065830620433,0.6665632956136531,0.6665470751245571,0.6665637295454715,0.9426526310513857,0.9426648055657671,0.9426533778534555,0.00018863658835228614,1.1598742722495647,0.8886021029621605,2.352411663630871e-06,3.10304744277623e-06,3.181875859070704e-06,0.019567542817825967,0.3909644824591621,0.39853095532580596,0.41053202527698807,0.19326494268731195,2.8608474201904133,0.9415340620840242,0.019567542817825967,0.020629492725491298,0.15864266030136398,0.15864266030136398,0.15349417174239133,0.430825314421648,0.430825314421648,0.020629492725491298,1821,sobol_screened,0.6246166624040762,True,True,0,CONVERGENCE: RELATIVE REDUCTION OF F <= FACTR*EPSMCH,63,2750,1584,8.49516209710008,0.6246166624040762,0.0010017360026295704,0.00018863658835228614,55,41,False,1e-05,0.00018901600035407332,True,0.545970743522048,0.9605914698913693,0.46740264166146517,0.6292528910562396,0.5113170137628913,0.39544701017439365,0.170718003064394,0.34992707055062056,0.5755367783037815,0.8152529268494062,0.7695419466982796,0.5146870609601975,0.5883315539150745,0.20453462880963347,0.010121562949365778,0.5121679608806935,69,0.00017220374916941772,True,0,350,0.012597801655416428,False,"alpha_e~0,alpha_p~pi/2"
electron,gradient_local_minimum_0070,gradient,gradient,gradient,0.00051099895,10.875507367486998,3.2978034155308587,1.5155031699773314,1.3201310244088642,0.0,0.0,3.141592653589793,0.0,0.4734961785131599,2.854963661921846,5.873877078928361,1.365686175200877,2.0612415777370967,0.24173447995092198,4.267808936882007,-0.4121434166340592,7.197728862922674,0.778421490891207,-7.851053684197651,0.013538381135174025,0.005434432028367513,2.9286852114493307,0.9250581953369452,1.5121777090786392,86.64140060396765,0.8637391196534568,0.5370767090160495,0.8637391196534568,0.5370767090160495,False,,gradient,1214009240,3.1259422405347066,1.5424240871596235,1.0,1.7513648241932866e-05,0.001465403894541777,1.0,0.9119350061542236,0.3305454607648542,-0.08769035849018475,0.15110579859088596,0.18009144854265932,0.6665532851908711,0.6665817941089355,0.6665384757328208,0.9428099490161048,0.942779291400775,0.942799476544347,0.00019102781375934783,1.1598487634852883,0.8888647477625107,0.0002660297275202117,0.00026597066317252116,0.0002660251025753957,0.034346783295988004,0.3391845214355889,0.369197778244346,0.3735313047315769,0.18243212587855756,-2.559806774681052,0.9767969836405277,0.034346783295988004,0.13996840814469164,0.23711910104186357,0.23711910104186357,0.08963305689966454,0.38934959422655946,0.3893495942265594,0.13996840814469164,1214,sobol_screened,0.5266055340389054,True,True,0,CONVERGENCE: RELATIVE REDUCTION OF F <= FACTR*EPSMCH,41,9282,783,7.190262429046502,0.5266055340389054,0.007852266693830778,0.00019102781375934783,381,367,False,1e-05,0.00019107569454983282,True,0.9290573969483376,0.5161162121221423,0.6442824928089976,0.488783935084939,0.7027794206514955,0.11428555939346552,0.8339823391288519,0.366016055457294,0.5759945993625595,0.908763158285201,0.4347114109909676,0.27627916410033654,0.9348565722256318,0.3280567860033962,0.9950183188017061,0.490968835630917,70,0.00017459497457647942,True,0,350,0.014576265898328146,False,"alpha_e~0,alpha_p~pi/2"
electron,gradient_local_minimum_0071,gradient,gradient,gradient,0.00051099895,6.070253497974649,2.46378844424083,1.0533390479326212,0.47069101964568105,0.0,0.0,3.141592653589793,0.0,0.7420294649174186,1.9277838213081468,1.9527680467654958,2.164389358334196,4.524254242249271,0.531525788115605,0.6093062224987044,-0.4583745975980028,2.637179876041407,0.5841124200595968,-1.547285376158245,0.1509694256988554,0.148763406073322,2.7575139807247546,0.8698446790492508,2.469976654988409,141.5192378266765,0.3444213806446798,0.8893686305865436,0.3444213806446798,0.8893686305865436,False,,gradient,1325001230,0.10780867938612165,1.6496763190945394,0.9999999999999999,0.17814519366716075,0.06394263962853458,0.9999999999999998,1.1403741464538264,0.29011669932185546,-0.1718227197673256,0.4329760379455441,0.48282467827294473,0.6665506429208504,0.6665515637071219,0.666567600432361,0.9426495314937299,0.9426605777741873,0.9426612720250347,0.0001911133686289127,1.159871770802806,0.8886024591812156,7.392566739983231e-06,6.839365209954096e-06,6.920749291428052e-06,0.2811733514362519,0.19758034345489922,0.4686134418622945,0.4787536948911511,0.22923659441671895,1.3874415773225972,0.9576389565780288,0.2811733514362519,0.04140488450429874,0.12154326214568885,0.12154326214568884,0.05195488041680213,0.39970304296316017,0.3997030429631601,0.04140488450429874,1325,sobol_screened,0.5550304865580985,True,True,0,CONVERGENCE: RELATIVE REDUCTION OF F <= FACTR*EPSMCH,38,1290,828,7.108903369722903,0.5550304865580985,0.0005003648007407693,0.0001911133686289127,20,6,False,1e-05,0.0001925170297590612,True,0.4974604845046997,0.4927641963586211,0.404554002918303,0.6058763014152646,0.32720621954649687,0.5877187065780163,0.16829458251595497,0.750664315186441,0.3682472361813928,0.6136326487475493,0.6889465303087657,0.6890372000445594,0.3107926873546341,0.7200574264584488,0.034316568465021166,0.5251082813710776,71,0.0001746805294460443,True,0,350,0.03994317124245962,False,"alpha_e~0,alpha_p~pi/2"
electron,gradient_local_minimum_0074,gradient,gradient,gradient,0.00051099895,10.43351018858676,3.230094455056502,1.4788524008044968,1.2605710439306266,0.0,0.0,3.141592653589793,0.0,0.5089070700816356,2.8134599196065295,3.5973494003596724,1.406007651803835,1.0986091460428957,0.2648247529794993,5.182918270476094,-0.4097431978628867,6.683674496854718,0.7587630705995393,-7.273124448901532,0.015538727724404853,0.00656795479051441,3.004814462069798,0.9220172681148104,1.5641842135223938,89.62115381582315,0.876057650197599,0.5813326741742595,0.876057650197599,0.5813326741742595,False,,gradient,1540004911,0.01963655754454683,1.602778339923066,1.0,3.21883840645029e-05,0.0023065026517337874,1.0,0.9394385988023963,0.33074071917951225,-0.07990029807153058,0.18601490932703674,0.21244119137387216,0.6665531083788042,0.666572130747167,0.6665375161305255,0.9426723841776496,0.9426479318017997,0.9426613839959065,0.00019624572811509597,1.1598670956735946,0.8886089436328727,1.977211291004366e-05,1.9816631314006905e-05,1.981897880898309e-05,0.02107200700062889,0.3599684994067191,0.37615626554404097,0.381040506407348,0.18563601234036697,2.720880577462045,0.9743636659033538,0.02107200700062889,0.010715691248847511,0.21897250649953515,0.21897250649953515,0.17863619963556587,0.3999869870931169,0.3999869870931171,0.010715691248847511,1540,sobol_screened,0.5919756778340425,True,True,0,CONVERGENCE: RELATIVE REDUCTION OF F <= FACTR*EPSMCH,60,4981,1125,21.53979596690761,0.5919756778340425,0.0009799676646108958,0.00019624572811509597,172,158,False,1e-05,0.00019650925584516386,True,0.6441174978390336,0.8297123415395617,0.3386528817936778,0.5622700098901987,0.4246304901316762,0.31284841801971197,0.1512970132753253,0.5848894752562046,0.559128765430912,0.8955521067926113,0.44754613561921747,0.30963979411989506,0.5725359390959075,0.1748490761186928,0.006250510397046158,0.5101801909587561,74,0.00017981288893222756,True,0,350,0.008334258178951314,False,"alpha_e~0,alpha_p~pi/2"
electron,gradient_local_minimum_0079,gradient,gradient,gradient,0.00051099895,4.995274554295848,2.2350110859447314,0.9206733262770153,0.7702913814491353,0.0,0.0,3.141592653589793,0.0,0.5812109552005166,2.499152295039863,2.2357150362426066,1.1436826864076886,4.931403664375702,0.5464811019260296,0.733854937451974,-0.8236648892048086,1.5025524516023514,0.41155037624412577,-2.5664714787714225,0.08040992475631281,0.06259269053544908,3.0282478792237413,0.8871384207090072,1.4494872750437315,83.04950331792415,0.7567705021181869,0.2248109885336637,0.7567705021181869,0.2248109885336637,False,,gradient,780001856,3.070327489390141,1.6309884470331006,1.0,0.01592888359870616,0.028863747043216228,1.0,1.2146340009133207,0.3048661566518559,-0.1752404812184062,0.358349549626818,0.4117744416256952,0.6665246138418017,0.6665742812907111,0.6665441952003163,0.9426614819510587,0.942640210301558,0.9426753326287748,0.00020907731300300964,1.1598560770835102,0.8886060052914808,3.433621897519501e-05,3.434106516525537e-05,3.43461133058276e-05,0.2438091304096406,0.20687112748836187,0.4358600373960901,0.4506802578980025,0.21051990844708884,-1.482952970149205,0.9342317741139373,0.2438091304096406,0.07804433182096282,0.12478188563160361,0.1247818856316036,0.18725677674398827,0.424537856470394,0.4245378564703939,0.07804433182096282,780,latin_hypercube,nan,True,False,1,STOP: TOTAL NO. OF ITERATIONS REACHED LIMIT,80,1920,1458,3.756847928049262,0.5460927584659241,0.0002402856113011903,0.00020907731300300964,20,6,False,1e-05,0.0002094121503888094,True,0.33217084179639816,0.8714893390645116,0.2915545099201819,0.6186843555590238,0.4119438133577832,0.39549790511896865,0.9048212740772617,0.6016735082893029,0.3112603779382455,0.795504882590098,0.3640455057408033,0.6120386233441966,0.3558250993628868,0.7848572695668791,0.9773155936947396,0.5191597469421838,79,0.00019264447382014122,True,0,350,0.02691859416225986,False,"alpha_e~0,alpha_p~pi/2"
electron,gradient_local_minimum_0080,gradient,gradient,gradient,0.00051099895,4.9752196195900025,2.2305200334428745,0.9180314870231295,0.7256053879313283,0.0,0.0,3.141592653589793,0.0,0.38179725554353455,2.5744536446297133,0.2888760075242177,1.5991520667685308,2.8341287062464207,0.3491706958113509,4.668663026985988,-0.42040313859836753,2.3605487287514286,0.6746306650769369,-2.4769400043099288,0.08436175489018968,0.06685488473477942,2.0183190348396094,0.8543841424338161,1.686849189071541,96.64933920886472,0.34056454756296156,0.2823689097836962,0.34056454756296156,0.2823689097836962,False,,gradient,1643004951,0.04628363040545763,1.553280971253586,1.0000000000000002,0.0161764934103293,0.0123424970378205,1.0000000000000002,1.0126982946483676,0.30996682502320066,-0.21679182202728056,0.12511630155972372,0.19231457432451465,0.6665310285593222,0.6666337835484951,0.6665103591354121,0.9427454971337699,0.942658222465941,0.9427308837138758,0.00020954961214837055,1.159865010232271,0.8887050327923116,0.00010485896546902351,0.00010485351548339406,0.00010485890494732475,0.06594634610919167,0.26216958037879123,0.2993404022987395,0.3281159264879829,0.13528243905474802,-2.3821725975334327,0.8246014785247109,0.06594634610919167,0.01161769570373121,0.1681605660693808,0.16816056606938073,0.002302457445973769,0.5037235074426363,0.5037235074426363,0.01161769570373121,1643,sobol_screened,0.6067703351858968,True,True,0,CONVERGENCE: RELATIVE REDUCTION OF F <= FACTR*EPSMCH,33,4991,720,9.75187697465318,0.6067703351858968,0.0010837061573968838,0.00020954961214837055,192,178,False,1e-05,0.00020956361827194917,True,0.2823482733219862,0.6543308757245541,0.25134995859116316,0.3025845158845186,0.07197608519345522,0.281345478259027,0.11728205438703299,0.6068814657628536,0.31014168781002655,0.8194740466075292,0.5090259123636647,0.38524698038359145,0.0459760445381308,0.45106559295775606,0.014732537126533853,0.4944246891711768,80,0.00019311677296550214,True,0,350,0.017943259503539904,False,"alpha_e~0,alpha_p~pi/2"
electron,gradient_local_minimum_0081,gradient,gradient,gradient,0.00051099895,9.62283878165688,3.1020700800686107,1.40921936679593,0.9788847854220527,0.0,0.0,3.141592653589793,0.0,0.6381234562624736,2.6303637425814506,0.6405964239921191,1.864916473136307,4.46673201813961,0.3559775092492876,2.2263807476160826,-0.10991653676560598,6.0509485926760185,0.7641495681731403,-5.2366593932983605,0.027365767808931907,0.014283699817423957,2.747434976929549,0.9057010788472105,2.070005126053013,118.60255729328361,0.6385635929081163,1.0457081925969605,0.6385635929081163,1.0457081925969605,False,,gradient,1156002363,0.03862607961102238,1.5249264070828756,1.0,0.00032648686398229285,0.008771538677912739,1.0,0.844566598054452,0.32304372259942793,-0.1260139110763638,0.2411863784699574,0.28189438140337925,0.6665539581524884,0.6665366726495305,0.6665440356309758,0.9426392757422585,0.9426446301907506,0.9426323006222423,0.00021128186049459532,1.1598549068532564,0.8885677856233132,3.4890564329370655e-06,3.7682634802527204e-06,3.5667544466266854e-06,0.39974199723283066,0.010281317856439598,0.4026301640944753,0.41002331508927026,0.19761850654984014,0.17117592527540115,0.9639378995158587,0.39974199723283066,0.028930581600455516,0.1950675065903248,0.19506750659032482,0.11507394367489375,0.39490917832040495,0.39490917832040506,0.028930581600455516,1156,sobol_screened,0.5017185591878639,True,False,2,ABNORMAL: ,72,2424,2178,3.707283696182226,0.5017185591878639,0.0002842101526041042,0.00021128186049459532,18,4,False,1e-05,0.00021136249756668174,True,0.5407413495704532,0.5994485039263964,0.5986204920336604,0.3676696643233299,0.24056314211338758,0.89051235280931,0.08791673369705677,0.5601206878200173,0.5272387787493633,0.8372707835230712,0.5936213503062943,0.42407431967302733,0.10195408740533739,0.7109024801537565,0.01229506300471057,0.485399151077207,81,0.0001948490213117269,True,0,350,0.022856806182014282,False,"alpha_e~0,alpha_p~pi/2"
electron,gradient_local_minimum_0082,gradient,gradient,gradient,0.00051099895,9.156213268779263,3.025923539810493,1.3675773434545224,1.3018902674257546,0.0,0.0,3.141592653589793,0.0,0.561363501053434,2.897674226019829,0.31989025183072356,0.7105302388696824,4.019156108800078,0.22731740450073862,1.9100303624028026,-0.8692316676233813,4.643701532988141,0.6018459611873398,-7.017764393890495,0.016559605494035696,0.007168136775701397,3.9519066865256143,0.9322644039159235,0.8457726676750794,48.459204285302796,1.3496431194179865,0.16261168896675743,1.3496431194179865,0.16261168896675743,False,,gradient,1755009156,3.1292275778499294,1.5463411332150563,0.9999999999999999,2.477642780204705e-05,0.0009111160358365499,1.0,1.039936829918901,0.328191812107954,-0.1392343521305114,0.18560423378254934,0.23129980811593884,0.6665600667602818,0.6665233962909394,0.6665447844297652,0.9426529382232958,0.9426680818240921,0.9426419690544812,0.00021620642977115563,1.1598483940809474,0.8885971849594874,3.880153833274447e-05,3.8840239919735176e-05,3.849436917863214e-05,0.048026908730915,0.32623660790795017,0.3637521815963589,0.37426351663886515,0.17662042327692634,2.477687822833917,0.9438292295390959,0.048026908730915,0.12610517446191333,0.19890263832074676,0.19890263832074673,0.047351033457927565,0.42683384504038824,0.4268338450403882,0.12610517446191333,1755,sobol_screened,0.6183765976911836,True,True,0,CONVERGENCE: RELATIVE REDUCTION OF F <= FACTR*EPSMCH,63,9200,936,1.8851149415007664,0.6183765976911836,0.011327570628419055,0.00021620642977115563,369,355,False,1e-05,0.0002164979309436223,True,0.8025251654908061,0.4882656689733267,0.28646553587168455,0.5435126964002848,0.295379756949842,0.9162359405308962,0.743471372872591,0.35522684548050165,0.5082712020288592,0.9223583530820755,0.22616879946475021,0.37950335316402284,0.05091211482577088,0.6396685617735199,0.9960640741485901,0.49221567011499845,82,0.00019977359058828722,True,0,350,0.013058975061362452,False,"alpha_e~0,alpha_p~pi/2"
electron,gradient_local_minimum_0085,gradient,gradient,gradient,0.00051099895,8.367101549513821,2.8925942593999974,1.2942114509653704,0.9702087485177266,0.0,0.0,3.141592653589793,0.0,0.44560594981223833,2.7505497452995717,3.0594423713688466,1.95191430786682,5.494698987467009,0.2523966302204312,1.2861185671440087,0.07472478888020895,5.591524718064081,0.83088476728905,-4.876082338543779,0.030770587276411226,0.016774932609586696,2.0179223968271662,0.8988075146453034,2.0624473085561132,118.16952624838113,0.3621968242091671,0.7199180139690794,0.3621968242091671,0.7199180139690794,False,,gradient,1124008110,3.119459437556173,1.593761062357823,1.0,0.0003078673511211972,0.002900115991220522,1.0,0.9482521708013854,0.3272301888086026,-0.17984122846778516,0.09144194533602786,0.15029142448311222,0.6665584647302809,0.6665260751309803,0.6665313311917002,0.9427122310822608,0.9427159479356966,0.9426929560731641,0.0002231352274488863,1.15983173959791,0.8886965724452469,0.00014915489899547385,0.00014915612852989257,0.00014898514027134047,0.038329712822833165,0.28169242421034085,0.30119374635714813,0.320022137033174,0.1411826778405611,2.6097453159073747,0.8823306984286895,0.038329712822833165,0.14419685823866535,0.2019735252310755,0.2019735252310755,0.28433395729359173,0.4780043377357505,0.4780043377357504,0.14419685823866535,1124,sobol_screened,0.47869386908747963,True,True,0,CONVERGENCE: RELATIVE REDUCTION OF F <= FACTR*EPSMCH,49,8150,693,10.557992145510562,0.47869386908747963,0.0034782438089957755,0.0002231352274488863,334,320,False,1e-05,0.00022316023063325566,True,0.6304739080369473,0.6454950487241149,0.513017219491303,0.5649192575365305,0.6038225358352065,0.9979239217936993,0.9038240779191256,0.4845571592450142,0.4750598000833053,0.8755271763691611,0.6213136211776,0.30984348360059916,0.4869253765081421,0.8745085046574068,0.9929547785234571,0.507309902363276,85,0.00020670238826601788,True,0,350,0.007524494635839585,False,"alpha_e~0,alpha_p~pi/2"
electron,gradient_local_minimum_0086,gradient,gradient,gradient,0.00051099895,4.395136464402373,2.0964580759944553,0.8383883543445835,0.5679796281411492,0.0,0.0,3.141592653589793,0.0,0.5781114499307457,2.16809377303921,5.071740346497013,1.5878998339753476,1.4649283711635375,0.6748729938437527,3.6800854192857266,-0.7292558907972884,1.2594446643641293,0.418945800247533,-1.535035836863239,0.15232885725948264,0.15060623016526928,2.6266227268716573,0.8551844960224615,1.9699156813267575,112.86785453666124,0.47639264084531263,0.3385970545958334,0.47639264084531263,0.3385970545958334,False,,gradient,1009005923,3.0155144346331353,1.4746428626474664,1.0,0.21664978648150673,0.08629058463413988,1.0000000000000002,1.2011402959057944,0.2868498714048532,-0.1595089026462361,0.439698877822879,0.48545398603488105,0.666577934698255,0.6665029313111002,0.6665361777792566,0.9426387099401353,0.9426619750470728,0.942609116054521,0.0002273982819156709,1.1598451675071193,0.8885637589105024,1.5437004722340664e-05,1.497988447640708e-05,1.5311934215722633e-05,0.4006474822115185,0.09554841593975039,0.4846579039861324,0.4961958981512689,0.23655995491049794,0.8699480425783959,0.9534941977226137,0.4006474822115185,0.025180247936958583,0.10518273013885912,0.10518273013885912,0.17418010958088953,0.39862137170987205,0.39862137170987194,0.025180247936958583,1009,latin_hypercube,nan,True,False,2,ABNORMAL: ,0,5986,189,2.5994782665653293,0.9739351953971158,0.9739351953971158,0.0002273982819156709,260,246,False,1e-05,0.00022815520847450753,True,0.3059179745126599,0.6858169079114341,0.06687600730369724,0.6994660900187932,0.6939247753426053,0.8163117689240863,0.9700046149485237,0.45752148512681434,0.2767477810798683,0.6901256821318962,0.505444215423953,0.6734101568802379,0.8071925462236017,0.23315059154623574,0.9598680564736513,0.46939340177105426,86,0.00021096544273280248,True,0,350,0.05343058212603787,False,"alpha_e~0,alpha_p~pi/2"
electron,gradient_local_minimum_0087,gradient,gradient,gradient,0.00051099895,7.007332188176313,2.6471366017220026,1.1573803648973215,0.8159946535372173,0.0,0.0,3.141592653589793,0.0,0.6458618985992319,2.4451638872603425,2.280345140015471,1.6451279531958176,4.85405078675229,0.4754441800057771,0.7658875393553731,-0.4823312628406254,3.31464584346958,0.6105457455764073,-3.3936104340095317,0.05407577773703645,0.036324296766265696,2.994186676203539,0.8860055840666793,1.9100877179665683,109.43996473925907,0.6919956286066065,0.6525133333368447,0.6919956286066065,0.6525133333368447,False,,gradient,1292001641,0.06889530054269363,1.6356314958908786,1.0,0.0044193491493625305,0.027533402652833744,0.9999999999999999,1.0917674852262769,0.31696371999092804,-0.1236241479064599,0.3394649576517963,0.3786493274529365,0.6665285463498162,0.6665248363635382,0.6665541347806174,0.9426138147837166,0.9426346833429422,0.9426319759489258,0.00022772018397621425,1.1598414626852511,0.8885453303711119,5.143232470417036e-06,5.428548712382852e-06,5.2699987972415485e-06,0.10890305766571953,0.33499546512600253,0.43509244341776177,0.44389852279172204,0.21314318202190075,2.1298413218870644,0.9603239077319836,0.10890305766571953,0.026540022923948556,0.14808735952499338,0.14808735952499338,0.1294637242628417,0.40801411768328455,0.4080141176832847,0.026540022923948556,1292,sobol_screened,0.5468370328773626,True,True,0,CONVERGENCE: RELATIVE REDUCTION OF F <= FACTR*EPSMCH,58,1728,1080,2.7641560079314207,0.5468370328773626,0.0003187116940508664,0.00022772018397621425,30,16,False,1e-05,0.00022810137840059623,True,0.6383342184126377,0.755291448906064,0.5677515231072903,0.24302784074097872,0.2970607792958617,0.5061135357245803,0.04406967107206583,0.47058502305299044,0.4139179945874708,0.7783198386545548,0.5236604915395332,0.5348690152071541,0.3629282009890424,0.7725461767307306,0.02193005527434286,0.5206376752956489,87,0.00021128734479334584,True,0,350,0.02712890249432581,False,"alpha_e~0,alpha_p~pi/2"
electron,gradient_local_minimum_0093,gradient,gradient,gradient,0.00051099895,1.9232025661811487,1.3867957910886335,0.37617573956121736,0.1506496694424827,0.0,0.0,3.141592653589793,0.0,0.2752211573228541,0.961146669624593,4.237788232045654,1.7223606319605311,0.8496649583329721,1.8511745950725762,3.7958618701781073,-0.8723968439575408,0.08791117598526973,0.1286783659810532,-0.09563416283224879,0.7986942256451875,1.342468490470852,1.4751181855557203,0.6547945784558669,2.668312248665915,152.88303027161916,0.08789994323958025,0.08403844981608627,0.08789994323958025,0.08403844981608627,False,,gradient,1374001260,0.36064909175710974,1.2567874247223632,1.0,438.69642329203884,0.48111883402723604,0.9999999999999998,1.073320106309248,0.12575173088936592,-0.19154151160084068,0.518066702101708,0.5421533787226793,0.6665418440943017,0.666522025548824,0.666519274518212,0.9426203914659983,0.9426186925200291,0.9426047599399906,0.00024130100076174586,1.1598296680064506,0.8885223115895826,3.5619371722694915e-06,4.026255253031241e-06,4.179615536448189e-06,0.19642922176634314,0.3063173474886628,0.49565979410091543,0.5027465692550059,0.24428650947341243,1.7976536502730398,0.9718077632450399,0.19642922176634314,0.021277413255246597,0.14192193485559443,0.1419219348555944,0.22882866148666342,0.3553314958893996,0.3553314958893996,0.021277413255246597,1374,sobol_screened,0.5642492454482821,True,True,0,CONVERGENCE: RELATIVE REDUCTION OF F <= FACTR*EPSMCH,35,1308,828,8.53274830064931,0.5642492454482821,0.0003875295519594964,0.00024130100076174586,22,8,False,1e-05,0.00024174523358715878,True,0.15988944750279188,0.3398751551285386,0.5559594593942165,0.7042129244655371,0.6513178674504161,0.21951868291944265,0.2425591954961419,0.4294406268745661,0.09997581233419296,0.3059424870141337,0.5482444167267985,0.7182131061494205,0.6744649449067298,0.1352283780906618,0.11479817134949308,0.40004786212059484,93,0.00022486816157887745,True,0,350,0.15531859408513687,False,"alpha_e~0,alpha_p~pi/2"
electron,gradient_local_minimum_0095,gradient,gradient,gradient,0.00051099895,4.641879806181229,2.1545022177248345,0.8730637155935421,0.5469858684153611,0.0,0.0,3.141592653589793,0.0,0.40798514672226416,2.4211978691971345,2.31363180327503,2.1119552963822334,6.098412530548803,0.34723784847646855,4.253078629708678,-0.06529965437118068,2.23841644060343,0.7098038770568104,-1.7409793530728321,0.13171894197593392,0.12333260227774875,1.794997880659093,0.8382617026047094,2.1693630681492144,124.29534803650117,0.17270941931601383,0.42142796308147334,0.17270941931601383,0.42142796308147334,False,,gradient,1888002352,0.05628807906080738,1.5837970697311754,1.0,0.08975551662635477,0.018187620928315735,1.0000000000000004,1.0857659553951131,0.3068254417623066,-0.2433270543792818,0.14258140446719045,0.2172403354198344,0.6665335217302228,0.6664786120294991,0.6665836799720442,0.9425852001412457,0.9426593644399753,0.9426207377241789,0.0002449059250920583,1.159835655416784,0.8885357936907664,6.183642451196292e-06,5.939371212182465e-06,6.312489835069712e-06,0.04809122166300442,0.2933719511921331,0.31172727913878656,0.3414631728551375,0.1409956927112178,-2.625626379267559,0.8258324991962392,0.04809122166300442,0.046113914229246954,0.16142600517860378,0.1614260051786038,0.33300747995733504,0.4971108219662588,0.4971108219662588,0.046113914229246954,1888,sobol_screened,0.6313336409846128,True,True,0,CONVERGENCE: RELATIVE REDUCTION OF F <= FACTR*EPSMCH,58,2411,1170,10.65152811347958,0.6313336409846128,0.0005173715235973356,0.0002449059250920583,57,43,False,1e-05,0.00024517110548933664,True,0.10767504014074802,0.9223531633615494,0.8149601053446531,0.07677086722105742,0.5240167928859591,0.7601720010861754,0.002481983043253422,0.4947548545897007,0.2912061754824872,0.7706912181725764,0.6722562500166827,0.43939196167728006,0.3682259379858366,0.9705924992503961,0.017917052039349807,0.5041382650043517,95,0.0002284730859091899,True,0,350,0.017924863363078043,False,"alpha_e~0,alpha_p~pi/2"
electron,gradient_local_minimum_0098,gradient,gradient,gradient,0.00051099895,12.091255512355657,3.4772482672877496,1.612109683930696,1.0504940476167568,0.0,0.0,3.141592653589793,0.0,0.6461493755734262,2.7693077953695524,3.5656106663258185,2.2495450756188555,1.1372145067821617,0.2333888008566162,5.14173731518906,0.3706937256676225,9.050293438027225,0.8729876307065475,-6.6487652577165255,0.018213802220285572,0.008169797651791825,2.1965856947643148,0.9246860096804386,2.385973261274786,136.70619790211012,0.3876868590839324,1.5884509492393595,0.3876868590839324,1.5884509492393595,False,,gradient,1398008750,0.018805971430553913,1.6014518988752304,1.0,4.9008671652085277e-05,0.0021176437371192573,1.0000000000000004,0.919715215538108,0.33010948980082483,-0.1010341753553561,0.2121095197219255,0.24546185980092916,0.6665124149247672,0.6665368950658911,0.6665148166978999,0.9426098906279954,0.942594412846434,0.9426120264219865,0.00025237408991674563,1.1598204011095572,0.8885050215517514,3.174176797682282e-06,3.4270026335048165e-06,3.998993449938482e-06,0.05079015509771395,0.33457689380785355,0.3781369114916412,0.3853670489055675,0.18545338703885747,2.442017923537461,0.9624766184111502,0.05079015509771395,0.012236646028059541,0.198366784302761,0.198366784302761,0.17372847328887145,0.4162661667916716,0.4162661667916716,0.012236646028059541,1398,sobol_screened,0.5687510607001115,True,True,0,CONVERGENCE: RELATIVE REDUCTION OF F <= FACTR*EPSMCH,79,8790,1314,27.730726268519888,0.5687510607001115,0.002802522017893855,0.00025237408991674563,333,319,False,1e-05,0.00025240303785533747,True,0.9450704073533416,0.5820102924481034,0.5750028835609555,0.5168186165392399,0.8241765638813376,0.38412266597151756,0.1983949076384306,0.7047232538461685,0.6206930712991808,0.8814980491519665,0.7160524369855447,0.3693099492257471,0.5674845626869407,0.1809933101101928,0.005986126625635235,0.5097579716597901,98,0.00023594125073387722,True,0,350,0.00785797289430412,False,"alpha_e~0,alpha_p~pi/2"
electron,gradient_local_minimum_0100,gradient,gradient,gradient,0.00051099895,9.620320425574409,3.101664138099806,1.4089978351490542,0.9600364174406164,0.0,0.0,3.141592653589793,0.0,0.6576573214841711,2.6177390567079106,0.647229897502257,1.8821789772167614,4.448265479502018,0.35582735807467397,2.180126876460248,-0.1110400471852881,6.015251937788555,0.7594162190229063,-5.1267033835663876,0.028343155673244934,0.01498784847897105,2.785481539036164,0.9062308880879013,2.0945564199318722,120.00924281412762,0.6427390825768182,1.0870133596879528,0.6427390825768182,1.0870133596879528,False,,gradient,1324001508,3.1019801887718708,1.524983790523761,1.0,0.00035576727871329734,0.009203296956366507,1.0,0.872688868777998,0.3193529052664149,-0.12850213003697258,0.25110960319116954,0.2921471317513994,0.6665285209098802,0.6665428983142724,0.6664896025983781,0.9426249736236053,0.9425872076269702,0.942597630879849,0.000256426479622059,1.1598190111108513,0.888500925192601,2.136419399501044e-06,1.984423952550163e-06,2.4680753697992053e-06,0.010674316921942734,0.4024333186037772,0.4051070648258285,0.41310763552571994,0.1985532470629685,-2.977297347240258,0.9612664109211637,0.010674316921942734,0.08803683136521781,0.188503845309516,0.18850384530951597,0.13779674789723123,0.39838851916476414,0.3983885191647642,0.08803683136521781,1324,sobol_screened,0.555004328951716,True,True,0,CONVERGENCE: RELATIVE REDUCTION OF F <= FACTR*EPSMCH,48,1571,963,14.383948767176868,0.555004328951716,0.0004172207323050695,0.000256426479622059,27,13,False,1e-05,0.0002567383072361684,True,0.690518188290298,0.706361623480916,0.27677590772509575,0.4454137645661831,0.08910853415727615,0.9707185663282871,0.8865033686161041,0.3963871654123068,0.5271376614115132,0.8332522211995587,0.5991161760153909,0.43874422654557277,0.10300983750434498,0.7079634392477862,0.9873909608323477,0.4854174167937441,100,0.0002399936404391906,True,0,350,0.02301193865269192,False,"alpha_e~0,alpha_p~pi/2"
electron,gradient_local_minimum_0102,gradient,gradient,gradient,0.00051099895,9.545848958555046,3.089635732340472,1.4024314506889028,0.788322811607736,0.0,0.0,3.141592653589793,0.0,0.7407550129123383,2.509838955302442,3.8189283909888188,2.176427722443188,1.3480220415131066,0.3437593951012967,5.359245978087461,0.07904775223106475,6.118739520946919,0.7802847620008757,-4.159260107990926,0.03966833609812105,0.02375865660969219,2.602779491719869,0.904877770835699,2.367027888281833,135.62070798831277,0.44745570446671334,1.4271954109446119,0.44745570446671334,1.4271954109446119,False,,gradient,644002984,3.097626114998473,1.6177838825059214,1.0,0.001125085801297897,0.011349503588690716,0.9999999999999999,0.8762305370139059,0.32292321903969695,-0.13040699261419714,0.3030956296754334,0.34520707551569596,0.6664837043657673,0.6665371023345797,0.6665315924556663,0.9425892848577433,0.9425851910304355,0.9426231467084952,0.00026173872884396827,1.159814792381569,0.888493265172358,2.322954938349664e-06,1.950423280550062e-06,2.3241805608420485e-06,0.4089820655993506,0.012786745036806352,0.4119670267659449,0.42176881063615695,0.20108262144786637,0.17251854157972163,0.953520584628209,0.4089820655993506,0.09638034555166089,0.1571328309105274,0.1571328309105274,0.13660005467681735,0.42109835845331556,0.4210983584533154,0.09638034555166089,644,latin_hypercube,nan,True,True,0,CONVERGENCE: RELATIVE REDUCTION OF F <= FACTR*EPSMCH,56,3047,864,11.714037336297402,0.9058967723163823,0.0015646824608270258,0.00026173872884396827,98,84,False,1e-05,0.0002625306400131768,True,0.8147766713302204,0.612960710322074,0.7236279723124212,0.6221860829047049,0.562364215955934,0.5608786697192347,0.8671115487381675,0.5474292910161992,0.5241414686981983,0.7989065522019644,0.6927784606181379,0.5034234935093844,0.6078013307398489,0.21454437130363907,0.9860050161051016,0.5149566035104308,102,0.00024530588966109986,True,0,350,0.01737030505673256,False,"alpha_e~0,alpha_p~pi/2"
electron,gradient_local_minimum_0104,gradient,gradient,gradient,0.00051099895,9.494007780202319,3.0812347817396715,1.397842760439963,0.9945189614638039,0.0,0.0,3.141592653589793,0.0,0.6348590994191019,2.6335592177254936,3.7791722768866762,1.8015216765115227,1.277905703801306,0.3493600103757153,5.317996154188429,-0.17995398152664951,5.852460127448271,0.7488266827126667,-5.27219052739391,0.027060405271108253,0.014065602644301825,2.8428908016683656,0.9072856478523369,2.0068854384910075,114.9860655917963,0.6844917377728712,0.9746265378000188,0.6844917377728712,0.9746265378000188,False,,gradient,1617002199,0.03837081399505703,1.6162365864031758,0.9999999999999999,0.0003046654249306377,0.008694824934011518,0.9999999999999998,0.8793200674077819,0.32389536737656194,-0.10902378923653754,0.2568693502636581,0.29218165053121126,0.6665106416829384,0.6665115627269992,0.6665211204826824,0.9425903849325721,0.942597125199697,0.9425977759290098,0.0002637891569419165,1.1598103221726184,0.8884855137514698,2.535041945583849e-06,2.5009086404015335e-06,2.4998880387983036e-06,0.009375841107627209,0.4007190091714491,0.4028348223365582,0.41009485027907633,0.19778739719702004,-2.9951922542180998,0.9645934205826894,0.009375841107627209,0.02024447594880474,0.1848957312900315,0.1848957312900315,0.14805505248381162,0.4050094184308922,0.40500941843089194,0.02024447594880474,1617,sobol_screened,0.6034279647969101,True,True,0,CONVERGENCE: RELATIVE REDUCTION OF F <= FACTR*EPSMCH,61,2239,936,1.9985740922350816,0.6034279647969101,0.0008234946438089286,0.0002637891569419165,60,46,False,1e-05,0.0002637895456041267,True,0.4327796483412385,0.6054346393793821,0.6577349845319986,0.5937785133719444,0.34428755193948746,0.17352018505334854,0.05376775283366442,0.5961094796657562,0.5220488499855724,0.8382879348524747,0.5734421598080146,0.42549640127144783,0.6014739486623675,0.2033850095653053,0.012213809435546006,0.5144640838640733,104,0.0002473563177590481,True,0,350,0.01565734204938,False,"alpha_e~0,alpha_p~pi/2"
electron,gradient_local_minimum_0107,gradient,gradient,gradient,0.00051099895,3.4137115357065526,1.8476232125913965,0.6857099098937691,0.5575092451405799,0.0,0.0,3.141592653589793,0.0,0.32626062382222804,2.4596465777935843,4.722066227742833,1.4699029298713042,1.1139715159255166,0.3771160574007174,2.7526730828154804,-0.6382877190663473,1.1384808917696452,0.5466381587184359,-1.3695898326286062,0.17268971257175622,0.17890515935465867,1.8240587152087495,0.8219434489985925,1.5019565619180535,86.05577200988397,0.2462538147538994,0.13069934432440078,0.2462538147538994,0.13069934432440078,False,,gradient,1064001236,3.0739303395431445,1.5886405667434815,0.9999999999999998,0.2849481051116537,0.026071926848576423,0.9999999999999998,0.9984816574034782,0.30353187939983645,-0.22646770975030575,0.1733407966367073,0.24208096620059427,0.6665376158376565,0.6665999252997885,0.6664421094363312,0.942672861673276,0.9425609938273547,0.942604771525003,0.00026745929824346893,1.1598279813402839,0.8885190270328611,4.270399052430651e-06,3.748528316360744e-06,3.2096620726784764e-06,0.15109609173231225,0.19477826336965987,0.3138972334086521,0.3458743551019721,0.14096005585766605,1.726368322714532,0.8150940003407169,0.15109609173231225,5.2904750191332876e-05,0.1334770993418089,0.1334770993418089,0.18220841135952864,0.5206485455562191,0.5206485455562191,5.2904750191332876e-05,1064,sobol_screened,0.41807238804728364,True,True,0,CONVERGENCE: RELATIVE REDUCTION OF F <= FACTR*EPSMCH,55,1324,864,6.984894713589967,0.41807238804728364,0.0003073917650617806,0.00026745929824346893,20,6,False,1e-05,0.00026801540190617623,True,0.6430939575657248,0.7949584666639566,0.4605677044019103,0.6415784880518913,0.6996053820475936,0.04981805756688118,0.9526573149487376,0.49042944330722094,0.21476473698706106,0.7829298222298261,0.4678846343085553,0.44840028462468334,0.7515401817525715,0.177294073223118,0.9784624165168794,0.5056799979870703,107,0.0002510264590606005,True,0,350,0.02156137468024734,False,"alpha_e~0,alpha_p~pi/2"
electron,gradient_local_minimum_0118,gradient,gradient,gradient,0.00051099895,11.813106402049973,3.437019988602041,1.590514767903668,1.347439670509469,0.0,0.0,3.141592653589793,0.0,0.44683378029857157,2.8786661438395815,3.5199076467534636,1.6056909429693211,1.0862648597211895,0.21721450994305452,5.1284228083978665,-0.16364215298443915,8.477854402968566,0.8359063159178024,-8.442360127389284,0.011852589305435491,0.004525998788780172,2.5441003115079854,0.9276381178594705,1.7394489248266685,99.6630820711369,0.6859013409250286,0.703648478714685,0.6859013409250286,0.703648478714685,False,,gradient,57005876,0.012924262328848099,1.596665984378304,0.9999999999999999,9.939651630857401e-06,0.001000544169441617,0.9999999999999996,0.8600129274837364,0.33088781662927064,-0.07944489233840563,0.13220041730354382,0.15848776427174632,0.6665069171774788,0.6664665174845944,0.6665076352895126,0.9427759972663448,0.9428050664978707,0.94277649390977,0.0003014474635810676,1.1597400205262123,0.888845163229612,0.0004174914480811198,0.00041749486940984015,0.00041747064153746516,0.051426732030589645,0.3187157262529092,0.36682894354194806,0.37014245828349884,0.18175771440019867,2.3968897159515263,0.982096002944829,0.051426732030589645,0.011514514370763066,0.2502712332056938,0.2502712332056938,0.16717964793240536,0.37958630851080744,0.3795863085108074,0.011514514370763066,57,latin_hypercube,nan,True,False,1,STOP: TOTAL NO. OF ITERATIONS REACHED LIMIT,80,5922,1332,43.415042545937396,0.9099018085586553,0.01424175498883986,0.0003014474635810676,204,190,False,1e-05,0.0003015154536438221,True,0.7748306828982038,0.8034809277946389,0.044732897524062065,0.24524046003483882,0.6171574801995671,0.42574571308890313,0.24911656883121544,0.2745895193283227,0.610672485206648,0.9163078926067088,0.5111073013029082,0.24311732364945446,0.5602107012077747,0.1728844219316516,0.004113920470905092,0.5082345677609881,118,0.0002850146243981992,True,0,350,0.00544509888788225,False,"alpha_e~0,alpha_p~pi/2"
electron,gradient_local_minimum_0119,gradient,gradient,gradient,0.00051099895,6.845772637744699,2.6164427449773666,1.1400838621556417,0.6482879570478253,0.0,0.0,3.141592653589793,0.0,0.5318766541346893,2.5558431237077377,6.206313378737304,2.341606753724335,3.7498190473288355,0.267368844153855,1.7489612090534299,0.273488869296844,4.2299888453492285,0.8050515854973705,-2.838870445757421,0.06995079755470265,0.05169807245925877,1.9041629798268311,0.8807192264934113,2.420337640409953,138.6751317921426,0.18390612322534283,0.8794653230209915,0.18390612322534283,0.8794653230209915,False,,gradient,1846008481,3.1077736286736997,1.550131128092997,0.9999999999999998,0.006359689682991072,0.006772798102255723,0.9999999999999996,0.937283827402117,0.3228814625290816,-0.227596707186008,0.1446740011914288,0.21816075887445022,0.66644138104221,0.6665758484139235,0.6664881084466966,0.9426208646742702,0.9425586885110917,0.9426539019852651,0.0003014707374473023,1.1597855863729791,0.8885157786793604,6.661846507882707e-05,6.636822144551191e-05,6.661853844830423e-05,0.2969834505733224,0.03320771837743677,0.30021818504473197,0.3301911689507592,0.13512260056935235,-0.21925047197862638,0.8184507235534391,0.2969834505733224,0.08614194237842895,0.1570257725105761,0.1570257725105761,0.01530675475461133,0.5127830585386648,0.5127830585386649,0.08614194237842895,1846,sobol_screened,0.6268090884450824,True,True,0,CONVERGENCE: RELATIVE REDUCTION OF F <= FACTR*EPSMCH,40,8516,621,3.6094918801057103,0.6268090884450824,0.002799541427228832,0.0003014707374473023,355,341,False,1e-05,0.00030148858726410793,True,0.16160259954631329,0.7175822323188186,0.7707409365102649,0.3218581285327673,0.9411331824958324,0.611578413285315,0.9629874769598246,0.579696417786181,0.4062723670818932,0.813550133811034,0.7453565792651886,0.43852584987029497,0.9877654526034044,0.596802237082526,0.9892350700281115,0.49342206295323293,119,0.0002850378982644339,True,0,350,0.015567308308785744,False,"alpha_e~0,alpha_p~pi/2"
electron,gradient_local_minimum_0121,gradient,gradient,gradient,0.00051099895,6.909641566125045,2.628619707398742,1.146951232966482,0.8613161514354335,0.0,0.0,3.141592653589793,0.0,0.6261043329491989,2.495539419723126,3.9691224350444645,1.5121728720257384,1.379646040227694,0.4668126273546891,5.498416234638355,-0.5584880374069329,3.1658148339771146,0.5903272974366781,-3.5916030120289677,0.04968811290274248,0.03234702247395941,3.0768420457994603,0.8893852659566345,1.7711173520483574,101.47754929475688,0.7601852546055994,0.5472911655794768,0.7601852546055994,0.5472911655794768,False,,gradient,1012001801,0.06365125401281464,1.6323858838248066,1.0,0.003185327020001567,0.02363340465649793,1.0000000000000002,1.0753637970377685,0.31974461077464766,-0.12029757358121135,0.3301367218458976,0.3686012226877566,0.6664568799879875,0.6665408634923732,0.6664781619385971,0.9425748295834567,0.942530671299216,0.9425899383482852,0.00030882182843523743,1.159777009631695,0.8884290533306041,5.813775801277732e-06,6.1531153771055e-06,5.928829214851827e-06,0.09754629047131907,0.3405236220429443,0.4292291659738072,0.43806991251426336,0.21019420971667557,-2.1870510994208514,0.9596377368638926,0.09754629047131907,0.023433585118856105,0.15017906684657034,0.15017906684657034,0.14347467085775015,0.41175102063916647,0.4117510206391664,0.023433585118856105,1012,latin_hypercube,nan,True,True,0,CONVERGENCE: RELATIVE REDUCTION OF F <= FACTR*EPSMCH,53,1841,981,3.629331799729158,1.0918559495179676,0.0012336246613651731,0.00030882182843523743,38,24,False,1e-05,0.0003089376592518292,True,0.07190906288066018,0.23909023565846088,0.8492871661697853,0.21286988826322065,0.4954407110953312,0.33607844588814695,0.4865874264610229,0.8120624536038136,0.40930556423263953,0.7943548686592313,0.48133957478472866,0.5220769099834471,0.6317054552742668,0.2195774870193974,0.02026082342027458,0.5196045648883008,121,0.000292388989252369,True,0,350,0.025171813049636962,False,"alpha_e~0,alpha_p~pi/2"
electron,gradient_local_minimum_0123,gradient,gradient,gradient,0.00051099895,6.461508876877729,2.5419498179306625,1.0979100559074855,0.6904116249143173,0.0,0.0,3.141592653589793,0.0,0.6690516035028633,2.2975772764285645,4.119463817798666,1.807933645157429,1.5424070821576135,0.5161869211341322,5.59437635080657,-0.45759487783377323,2.9075608093119976,0.5947407406250066,-2.6113864727756213,0.07853092062412513,0.06059341302188563,2.861070204431964,0.8758654183453172,2.092799265117998,119.90856525934153,0.5619953312259138,0.7100824994941479,0.5619953312259138,0.7100824994941479,False,,gradient,2025001166,0.08673470514110837,1.6454451496125988,1.0,0.01762354213482291,0.04296029612838211,1.0,1.1745366678567344,0.310405461992995,-0.13259368548324524,0.3799281972611025,0.4210860014608831,0.666538908583419,0.6664220036720899,0.6665194330049591,0.9425497792765676,0.9426186368543148,0.9425360066090013,0.000312825606193221,1.1597790199804356,0.8884346963450147,7.68278040774728e-06,7.623316259031121e-06,7.682202868064536e-06,0.1787490002436235,0.283044497875511,0.452544191238451,0.4617934981191345,0.22164744217888374,-1.8082961884491018,0.9599418055110973,0.1787490002436235,0.03137037526423517,0.1323033977038749,0.13230339770387492,0.10463873492369413,0.4059031041769906,0.4059031041769906,0.03137037526423517,2025,sobol_screened,0.644212703920911,True,True,0,CONVERGENCE: RELATIVE REDUCTION OF F <= FACTR*EPSMCH,44,1229,747,4.687302615518385,0.644212703920911,0.0008999372794614286,0.000312825606193221,21,7,False,1e-05,0.0003130230786261468,True,0.4941321052610874,0.27415400743484497,0.7729806052520871,0.5369733842089772,0.4724031453952193,0.3131014220416546,0.12028978951275349,0.7346963519230485,0.3877166939796916,0.7313415613584402,0.5754831528179071,0.5889387285504933,0.6556330294908685,0.2454817113853313,0.02760851412165085,0.5237614582948568,123,0.00029639276701035256,True,0,350,0.033568043025132784,False,"alpha_e~0,alpha_p~pi/2"
electron,gradient_local_minimum_0124,gradient,gradient,gradient,0.00051099895,12.664972065874156,3.5587880051885863,1.6557782802154828,0.5599070940431228,0.0,0.0,3.141592653589793,0.0,1.0327884676806185,2.5488407823106143,2.7602530942539403,2.7099256877243163,5.143204637815764,0.20886821543284045,1.1922116336239847,0.5836907233405682,9.391704791092824,0.8558854170199083,-3.9358669807676527,0.0432210805514897,0.02672151772939878,2.4612257977564513,0.9310961043988534,2.8188952583069664,161.5108011904292,0.15686540663903492,2.8847843118012113,0.15686540663903492,2.8847843118012113,False,,gradient,416009532,3.1209266692850863,1.5987147444225802,0.9999999999999999,0.0007658541154671392,0.002493867154233158,0.9999999999999999,1.0418263545843804,0.32017048431252526,-0.22491494077468088,0.29452501116863916,0.3665361366855917,0.6664398874877958,0.6665151451951621,0.6665096620033641,0.9425546467408671,0.9425507851022448,0.9426039961186516,0.00031470306098757843,1.1597697213996512,0.8884378436820454,2.4699683526752114e-05,2.472931827335323e-05,2.4725180484297393e-05,0.29918935266288094,0.10179636329531803,0.37784576486739824,0.400985715958199,0.17735290688829874,0.9806317656971008,0.8845846613986968,0.29918935266288094,0.09549552876752682,0.1306993232889963,0.1306993232889963,0.18320294869038758,0.4683149607528049,0.46831496075280504,0.09549552876752682,416,latin_hypercube,nan,True,True,0,CONVERGENCE: RELATIVE REDUCTION OF F <= FACTR*EPSMCH,63,9567,1134,7.6420367277536805,1.0136083226851644,0.004303205055141585,0.00031470306098757843,379,365,False,1e-05,0.0003150242664028757,True,0.6567537859118912,0.7174541294291893,0.4620993767087679,0.41945056081346693,0.6423270589147481,0.6922997121111597,0.9526805037870218,0.8932801322583327,0.6410040562652907,0.8113212193178957,0.8625961372260579,0.6039993577727111,0.4393079241352139,0.8185664414415401,0.9934218128880928,0.5088867083374995,124,0.00029827022180471,True,0,350,0.00781506215936794,False,"alpha_e~0,alpha_p~pi/2"
electron,gradient_local_minimum_0125,gradient,gradient,gradient,0.00051099895,15.376694049836244,3.921312796734819,1.8484689322784535,0.6163152958628486,0.0,0.0,3.141592653589793,0.0,1.1403865938285689,2.7067310941536933,2.884502742059398,2.811909827459826,5.241472248633704,0.15793658195671578,1.3199021049922965,0.76157021872313,12.18692845489119,0.8911014160172497,-4.959677169397386,0.029928244245432636,0.0161487054593348,2.369168590873558,0.9433948233642949,2.898377779330955,166.06481419016356,0.11352460542023968,3.7271502481675447,0.11352460542023968,3.7271502481675447,False,,gradient,598003528,0.011419783781158786,1.5933384172406682,1.0,0.00014402270492342023,0.0007882613074617874,1.0,0.9458208742898623,0.3265445411214291,-0.21699141889705342,0.2637523467166209,0.334609710027647,0.6665145453083364,0.666484616299831,0.6664579985591527,0.9425738726345699,0.9425551437963777,0.9425343553204222,0.00031595193118362947,1.1597681748518887,0.8884089041011881,2.122501419010714e-06,2.2961459602566237e-06,3.0033514793470495e-06,0.15229991295057468,0.23236498862907565,0.3604745089010032,0.38466490157965033,0.16814205811117805,-1.8111926717492053,0.8742261507129568,0.15229991295057468,0.0026089679571793456,0.136412220964092,0.136412220964092,0.2241148453498915,0.4789228774562576,0.47892287745625767,0.0026089679571793456,598,latin_hypercube,nan,True,True,0,CONVERGENCE: RELATIVE REDUCTION OF F <= FACTR*EPSMCH,58,3599,936,40.000763538377825,0.987587343817874,0.006196173967872301,0.00031595193118362947,119,105,False,1e-05,0.0003159573492709135,True,0.875658593174859,0.501899898763387,0.06411543812163564,0.2802613700178392,0.14803531451063723,0.526969595098653,0.1589314077724953,0.4821203296785227,0.7313064754353436,0.8615792665101893,0.8950586971378197,0.5968180618749106,0.45908286976087953,0.8342062174490459,0.003635030075624152,0.5071753702441383,125,0.00029951909200076106,True,0,350,0.004416266604352087,False,"alpha_e~0,alpha_p~pi/2"
electron,gradient_local_minimum_0126,gradient,gradient,gradient,0.00051099895,7.105569676612446,2.6656274452016815,1.1677785942844854,0.8543991297140061,0.0,0.0,3.141592653589793,0.0,0.6322344370334686,2.485739937756783,3.971421191387076,1.5766839626891525,1.4124193796557138,0.4724000519213724,5.522414670466216,-0.5045619246031204,3.3759432017973756,0.6109856981510766,-3.622727766558438,0.04904663965743328,0.0317760637259292,3.0293054222608076,0.88751177658886,1.8369918249852462,105.25187857168937,0.7339630384082283,0.6105707560276893,0.7339630384082283,0.6105707560276893,False,,gradient,1138001458,3.076955490059433,1.6335527668259662,1.0,0.0031306674352678155,0.024246791803499753,1.0000000000000002,1.0591269236091898,0.31808626403150864,-0.1280177782622271,0.32071210410569373,0.3614328009227396,0.6664528184834366,0.6665142663882633,0.6664884957604487,0.9425516783705165,0.9425336768923894,0.9425770443895342,0.00031733540954441896,1.159767326059149,0.888408293095941,3.0398354761707047e-06,3.457830744957313e-06,3.3023299993995003e-06,0.3413659570590572,0.09725374469063815,0.4299357027726405,0.43861970174969533,0.21062585189779284,0.9526904632120807,0.9604030601342642,0.3413659570590572,0.0915814369687509,0.15798260087175073,0.1579826008717507,0.13988689448725966,0.4033976973785541,0.403397697378554,0.0915814369687509,1138,sobol_screened,0.4913536296858412,True,True,0,CONVERGENCE: RELATIVE REDUCTION OF F <= FACTR*EPSMCH,42,1497,891,10.730497234732665,0.4913536296858412,0.0006056061972909577,0.00031733540954441896,27,13,False,1e-05,0.0003181863532015057,True,0.49373627081513405,0.789118074811995,0.37656498327851295,0.5639076065272093,0.5695433355867863,0.446318669244647,0.9194461097940803,0.5758801996707916,0.41852393585727465,0.7912355966698645,0.5018740927113922,0.5173506554394958,0.6320713137091573,0.22479352599099525,0.979425351833408,0.5199759952835896,126,0.00030090257036155055,True,0,350,0.025645068846136515,False,"alpha_e~0,alpha_p~pi/2"
electron,gradient_local_minimum_0128,gradient,gradient,gradient,0.00051099895,9.469346027604336,3.0772302526142457,1.3956546972221064,0.5974655572193037,0.0,0.0,3.141592653589793,0.0,0.8456143944293227,2.3616104231935906,0.7105929192486151,2.413679920893534,4.5734197898653655,0.3382570910530459,2.2751210533053894,0.17936915533318426,6.072650581860166,0.781324172714227,-3.166156006961572,0.05986346950605883,0.04175661641945786,2.5794482566974333,0.9048551417597185,2.588835480291334,148.32934687441684,0.2991007807851652,1.7523480682347357,0.2991007807851652,1.7523480682347357,False,,gradient,727002030,0.04659271649501943,1.5259381639367553,1.0000000000000002,0.004422008778239062,0.012659627214248141,1.0000000000000002,0.8908688919286097,0.31871695402177413,-0.17466508966623367,0.3271836654007037,0.38285239075306576,0.666488601250255,0.6664832353034578,0.666475759589283,0.942555071418741,0.9425501679519268,0.9425462998557755,0.000319060918518213,1.1597633933829778,0.888401469660204,3.104120102126462e-06,3.825389572276183e-06,3.686311137562903e-06,0.4121147091918728,0.01688873567445237,0.41598977022076356,0.4290034448663252,0.20148804778760096,0.19643918828667864,0.9393306753067374,0.4121147091918728,0.03843082611644606,0.1461516761451339,0.1461516761451339,0.14083944939370857,0.4248448789885408,0.4248448789885409,0.03843082611644606,727,latin_hypercube,nan,True,True,0,CONVERGENCE: RELATIVE REDUCTION OF F <= FACTR*EPSMCH,55,2073,1323,4.445623453557932,0.817467399426844,0.0007570967729778884,0.000319060918518213,33,19,False,1e-05,0.0003199936067805751,True,0.7088974437441588,0.6347679597921897,0.12233456474547424,0.1447713061817257,0.15044401630355567,0.9869168137365818,0.3492410451751316,0.19625446902931834,0.5210513494667239,0.7517239450172055,0.7682981809037217,0.5852200504168346,0.11309437562451712,0.7278823663913702,0.01483092228452326,0.4857212032862111,128,0.0003026280793353446,True,0,350,0.024060636534552912,False,"alpha_e~0,alpha_p~pi/2"
electron,gradient_local_minimum_0129,gradient,gradient,gradient,0.00051099895,6.502770531605756,2.5500530448611762,1.1025116124740793,0.7165013677460152,0.0,0.0,3.141592653589793,0.0,0.6663940250794455,2.334241770859562,2.1845152398280026,1.7482449748474367,4.777317281526001,0.5122704808853878,0.735762779852105,-0.48464302873549503,2.9025667260928314,0.5877395072845131,-2.7498807039571878,0.07313230689803436,0.05495130383226969,2.915803083586586,0.8782839347549761,2.041795205586612,116.98624791015912,0.6050175598704937,0.681360570938228,0.6050175598704937,0.681360570938228,False,,gradient,1004009886,3.0578370137494715,1.6428403782749634,1.0,0.013180563818435121,0.03977637067508423,0.9999999999999999,1.176900078866185,0.3062009866860983,-0.13938343151858676,0.372754465096482,0.4154338093551675,0.6665175743726973,0.6664507606690335,0.6664793300023033,0.9425555428083174,0.9425756911430306,0.9425284048368516,0.00032239562303132147,1.1597629442883788,0.8884065580774004,8.657934684463964e-06,8.559265778640412e-06,8.480207647543203e-06,0.2941570186950381,0.16605977868660135,0.4502299828732989,0.46021679738163945,0.22012158418247918,-1.27555652441904,0.9565995219420083,0.2941570186950381,0.07751968328626604,0.13311942920823544,0.13311942920823544,0.12541398332965983,0.40666377341012516,0.40666377341012516,0.07751968328626604,1004,latin_hypercube,nan,True,True,0,CONVERGENCE: RELATIVE REDUCTION OF F <= FACTR*EPSMCH,4,9926,54,1.2172319412781811,1.0707074764070765,0.9427790898316548,0.00032239562303132147,445,431,False,1e-05,0.0003230538948529829,True,0.6632669972621364,0.24213277024058,0.6108427905830798,0.12606731146590655,0.22073672311068115,0.3920172593231908,0.48839688892893146,0.7187379343107502,0.3897351517844345,0.7430122324077572,0.5564836589650716,0.5837224198296456,0.3476763986782039,0.7603336600731988,0.9733397518151766,0.5229323338268392,129,0.00030596278384845306,True,0,350,0.03231682258578863,False,"alpha_e~0,alpha_p~pi/2"
electron,gradient_local_minimum_0131,gradient,gradient,gradient,0.00051099895,1.4085837960559278,1.1868377294541692,0.22275103528693357,0.1442276074929849,0.0,0.0,3.141592653589793,0.0,0.0916393547056319,2.2613186007840183,3.7027649089991312,2.0954114853675256,0.9581972590163157,0.3408517457688666,6.16583724351578,-0.2963072407148561,0.12649528807243235,0.41034775173928095,-0.11111848795962453,0.7733988701640275,1.2868365535091817,1.0616123432896873,0.5830160428601809,1.9119324555504305,109.54566041712353,0.010188471966341331,0.01787687202274349,0.010188471966341331,0.01787687202274349,False,,gradient,940001617,2.9315225596900505,1.3135089049759623,1.0,1721.1424335165952,0.203208916790941,1.0,1.1294832358677622,0.20982651859983692,-0.1944775442876267,0.26287049138900576,0.30367703745272406,0.6664615056981046,0.6664663337305,0.6665104969973413,0.9425236860127293,0.9425552691128257,0.9425584678822426,0.00032651688157218965,1.1597589263205967,0.8883925988157526,2.586121462977431e-06,3.2541473236613605e-06,2.8487727034565147e-06,0.059724760468884586,0.3913531615851044,0.43424628651213404,0.451077922053989,0.20870732548513957,-2.488950355712518,0.9253714947288403,0.059724760468884586,0.04562744987906693,0.13039919306562792,0.13039919306562792,0.24086115299838612,0.41852288488038314,0.4185228848803831,0.04562744987906693,940,latin_hypercube,nan,True,True,0,CONVERGENCE: RELATIVE REDUCTION OF F <= FACTR*EPSMCH,46,1650,864,5.0717742184558245,0.9448186983562853,0.0006132358653786108,0.00032651688157218965,35,21,False,1e-05,0.0003269487127597231,True,0.0436286562136612,0.8644917599918271,0.25102076170294896,0.19014799740168922,0.5334609235303568,0.015222839678955939,0.812958861582909,0.049521297088193424,0.05016764164017869,0.7198000664408497,0.6669901914155448,0.3812053212442418,0.5893133383744238,0.15250183022955183,0.9331326123201547,0.4181028700442941,131,0.00031008404238932124,True,0,350,0.10938310461657676,False,"alpha_e~0,alpha_p~pi/2"
electron,gradient_local_minimum_0133,gradient,gradient,gradient,0.00051099895,8.270226105449098,2.8758000809251496,1.2849262073491687,0.7661935139260964,0.0,0.0,3.141592653589793,0.0,0.7197303354004776,2.427519554309518,5.468902536555667,1.9659607987122383,1.6831475988709044,0.43709083595590187,3.9715582087218984,-0.19240153116469583,4.62829103538893,0.7029708531644443,-3.581879246561839,0.04989106854689074,0.03252820088311857,2.8354547217814274,0.8908743683145891,2.221413398766555,127.27761230313536,0.5687893014836605,1.091995195897459,0.5687893014836605,1.091995195897459,False,,gradient,1266001218,3.0794957347649214,1.5121168795756827,1.0,0.0029979511516820432,0.02208281696470439,1.0,0.9898965924450344,0.30657338331358575,-0.15817790243130656,0.31319346496067835,0.36168659967449024,0.6664416278207888,0.6665114668588102,0.6664799187443786,0.942541581979727,0.9425195111377019,0.9425692108859316,0.0003310653243569857,1.159756298313708,0.8883881249951622,2.6550141409287242e-06,3.1034933163920364e-06,3.6997663312998696e-06,0.062020224478487984,0.3794735031577295,0.43121554840265375,0.44149372763621747,0.21046868458454504,2.4251672975917913,0.9534390701829734,0.062020224478487984,0.05720842966433248,0.1626308211314545,0.1626308211314545,0.16609437300687188,0.39587545123232804,0.39587545123232815,0.05720842966433248,1266,sobol_screened,0.5384905010229649,True,True,0,CONVERGENCE: RELATIVE REDUCTION OF F <= FACTR*EPSMCH,39,1306,801,9.72550832511228,0.5384905010229649,0.00036923601555712357,0.0003310653243569857,22,8,False,1e-05,0.00033137257446657514,True,0.39307130593806505,0.5335299633443356,0.4390853801742196,0.35723025910556316,0.8248709328472614,0.09374734666198492,0.889621271751821,0.6102618565782905,0.47087648633589496,0.7727034730411889,0.6257847580798868,0.5370597825865526,0.8704028719806393,0.2678812603135591,0.9802339368364911,0.4813217518343243,133,0.00031463248517411726,True,0,350,0.03058947620004566,False,"alpha_e~0,alpha_p~pi/2"
electron,gradient_local_minimum_0135,gradient,gradient,gradient,0.00051099895,7.695273080041365,2.774035522490901,1.2284321336632709,0.44815461067783946,0.0,0.0,3.141592653589793,0.0,0.8553554189858382,1.976464483188353,1.0117445312594753,2.3810954133865416,4.8291854847198685,0.43686160120936796,2.452602042149341,-0.20820736565530384,4.1169061226777846,0.6799275484884694,-1.888321429548415,0.11946402986787073,0.10783714472790534,2.8178567165867507,0.8884134806682268,2.619604016197776,150.0922541236527,0.2894876117645391,1.4037799583289634,0.2894876117645391,1.4037799583289634,False,,gradient,444001696,3.0649380001223983,1.513720563254333,1.0,0.061336639435887144,0.03289654954566344,1.0,1.1228473846072697,0.2937552034781356,-0.2057801923203283,0.3863658273300934,0.4468148295969213,0.6665168353779536,0.6665065855722526,0.6664130103333181,0.9425923662591454,0.9425261886349363,0.9425187951141436,0.00033528630648150127,1.1597578383441345,0.8883925504022255,4.648476590429773e-06,4.624078942305765e-06,4.350190719315528e-06,0.12544503328261325,0.3297796103300076,0.4433921245202782,0.4552246436126208,0.2157798027139678,-2.06403316456692,0.9480145934172595,0.12544503328261325,0.01556460799822444,0.1480693745570834,0.1480693745570834,0.22974092986812447,0.39670598183029576,0.39670598183029576,0.01556460799822444,444,latin_hypercube,nan,True,True,0,CONVERGENCE: RELATIVE REDUCTION OF F <= FACTR*EPSMCH,47,1733,1071,3.199517725247951,0.9227342690838455,0.0011729319205765667,0.00033528630648150127,29,15,False,1e-05,0.00033561319347017327,True,0.5585614505538268,0.13291869929239175,0.20401696496204633,0.454582484760581,0.045737120045015144,0.5635561702829617,0.8570417324029184,0.22328577319471957,0.44552763840417237,0.6291281846899893,0.7579262100278161,0.6804179992488204,0.16102414329613812,0.7685887410007977,0.9756000659793357,0.48183222020355027,135,0.00031885346729863286,True,0,350,0.03341858375414511,False,"alpha_e~0,alpha_p~pi/2"
electron,gradient_local_minimum_0136,gradient,gradient,gradient,0.00051099895,3.5139083587143447,1.8745421730956986,0.7025886002882221,0.4428257114588223,0.0,0.0,3.141592653589793,0.0,0.3381630352007948,2.302066875965084,1.1268014940800228,2.104064660254882,4.824747643078423,0.35702320169974794,3.189057851997222,-0.20482433782095527,1.358434973314958,0.6403741184467598,-1.0871344686145534,0.21869371593193726,0.2470874019512318,1.6427236366662643,0.8053390241788468,2.089565159805962,119.72326467446103,0.11681080018159323,0.2524610525319113,0.11681080018159323,0.2524610525319113,False,,gradient,166001815,3.065083375204318,1.5958317857249633,1.0,0.8277621408004144,0.03255310810901731,0.9999999999999999,1.1495879542840743,0.28813078021169014,-0.22297025131845036,0.19095477635755134,0.25519936883393307,0.6665160318083582,0.6664220513880432,0.6664901119953701,0.9425303532602196,0.9425785018346731,0.9425122973391009,0.0003371928929118125,1.159754083928565,0.8883823734010805,1.495583026422942e-06,1.5420757354944747e-06,2.010671581065271e-06,0.028316421511377837,0.33638445967399244,0.3374276375561532,0.36470088118537025,0.15507719696346806,3.0255376245262497,0.850435000098864,0.028316421511377837,0.00662185690281368,0.14374387889255097,0.14374387889255097,0.1417493637974732,0.4915552399220787,0.4915552399220788,0.00662185690281368,166,latin_hypercube,nan,True,False,2,ABNORMAL: ,46,1854,1368,1.8219509864981236,0.8285023064081887,0.000439630980550481,0.0003371928929118125,26,12,False,1e-05,0.00033849754762198687,True,0.5008301386369096,0.8352971244677917,0.23089443652169667,0.6816842039535224,0.4202994411403042,0.9639524015830654,0.8190653406549883,0.365750116949435,0.22147006393784313,0.7327706452759204,0.6697445825290678,0.4541955977637303,0.17933602766616868,0.7678824365669026,0.9756463403051154,0.5079690340825885,136,0.0003207600537289441,True,0,350,0.024576443946033172,False,"alpha_e~0,alpha_p~pi/2"
electron,gradient_local_minimum_0137,gradient,gradient,gradient,0.00051099895,3.901359175414294,1.975185858448337,0.7648684677692581,0.5713402226735815,0.0,0.0,3.141592653589793,0.0,0.3533814471446104,2.4462064494073554,1.2801723604700441,1.705303166507181,3.8737857851436455,0.38045083464168594,5.639958533660213,-0.43896906892053317,1.5443718523148415,0.618275605815189,-1.5699695762370214,0.1485007766595382,0.14543069570129238,1.8333417673001924,0.8266944531029653,1.7680245698196388,101.30034592609825,0.23404401534869262,0.22124515338763462,0.23404401534869262,0.22124515338763462,False,,gradient,1346004741,3.0772206348565696,1.5557539106216571,1.0,0.15043925627292337,0.023764909342967083,1.0,1.1038417407588617,0.3094685197499431,-0.23777975140504706,0.14476220510821844,0.21834755280204782,0.6664347813864224,0.6664997220141855,0.6664854306235418,0.9425282250105873,0.9425182097721746,0.9425645187580682,0.0003383604638747196,1.159749952140104,0.8883759659886357,2.257655053072849e-06,2.42867712824113e-06,3.1633431942790224e-06,0.07459545252882996,0.26617572062270956,0.31087846556066473,0.3407711731515395,0.140492878984895,-2.3210370437431354,0.8245584723941329,0.07459545252882996,0.003820162833552352,0.15166165804526832,0.15166165804526832,0.11490599867171652,0.5075671688031922,0.5075671688031923,0.003820162833552352,1346,sobol_screened,0.5585780696365437,True,True,0,CONVERGENCE: RELATIVE REDUCTION OF F <= FACTR*EPSMCH,20,4804,360,1.5855435786160428,0.5585780696365437,0.2882193176331717,0.0003383604638747196,199,185,False,1e-05,0.00033862983244614556,True,0.9342218693345785,0.6357798185199499,0.26413909438997507,0.7372031910344958,0.07976789493113756,0.41695845779031515,0.7452228767797351,0.7113564657047391,0.24653971013436768,0.77865169649291,0.5428148568397586,0.4338558007669059,0.2037457591784272,0.61653215618473,0.9795097500436067,0.49521185021996694,137,0.0003219276246918512,True,0,350,0.02256673586597505,False,"alpha_e~0,alpha_p~pi/2"
electron,gradient_local_minimum_0138,gradient,gradient,gradient,0.00051099895,12.229006640347892,3.4969996626176405,1.6226999476239614,1.1535244036346621,0.0,0.0,3.141592653589793,0.0,0.5730687770897689,2.817375605945602,0.41156972944625786,2.132276758384221,4.303243797749668,0.2323431335185419,2.0203621826540163,0.3074103590107251,9.20304324622218,0.8764259705983127,-7.362194156153441,0.015203860780306545,0.006374212651884583,2.1774517556411137,0.9252357707985851,2.2724576447613813,130.20223216706646,0.4347928972858791,1.3552174423200058,0.4347928972858791,1.3552174423200058,False,,gradient,396009992,3.1251918636027654,1.5420549466327047,1.0,2.560478623522881e-05,0.0016071255070553517,0.9999999999999999,0.8774169655361433,0.32873128629056975,-0.11477238679719132,0.15821468497587032,0.19594395931834982,0.666480434022669,0.6664487824424897,0.6664863674615967,0.9425298226401841,0.9425563699016815,0.9425340248023906,0.0003386206375641629,1.159746891295345,0.8883817877631979,1.2318012014733704e-05,1.226349503558044e-05,1.2330278961858454e-05,0.04855037768395237,0.33032385753976773,0.37317593542208405,0.3788742352237201,0.183738817810224,2.4446017269575924,0.9699198347532326,0.04855037768395237,0.12801782205019302,0.23129879983523977,0.2312987998352398,0.10902271361698976,0.3898269649410402,0.3898269649410405,0.12801782205019302,396,latin_hypercube,nan,True,True,0,CONVERGENCE: RELATIVE REDUCTION OF F <= FACTR*EPSMCH,42,10039,738,26.686902355191503,0.7318274971876612,0.004934721596796527,0.0003386206375641629,412,398,False,1e-05,0.00033886125635707227,True,0.8617374270745546,0.6439379324722316,0.5465713254996887,0.6089054957301634,0.13482733142275602,0.836034083140467,0.968538956149028,0.3283200582708653,0.6256130073197379,0.8967985084655329,0.6787247722736235,0.3191449735356646,0.06550335686836593,0.6848825217414001,0.994779466405905,0.4908513345518077,138,0.0003221877983812945,True,0,350,0.01476947349189446,False,"alpha_e~0,alpha_p~pi/2"
electron,gradient_local_minimum_0139,gradient,gradient,gradient,0.00051099895,10.379449065364298,3.2217152365415997,1.4743085683253199,0.7351519737972256,0.0,0.0,3.141592653589793,0.0,0.8011676926537548,2.526148197575392,0.5996705566927106,2.3690402585863706,4.447281320201595,0.2997239208796006,2.1674478644674298,0.27810784858469245,7.084915710695047,0.8174668171125876,-4.175240124541202,0.03943085907788135,0.02356400670093599,2.4618436458450574,0.9123448327732303,2.5293888400122064,144.92330528019045,0.33529654644802687,1.7901343395249507,0.33529654644802687,1.7901343395249507,False,,gradient,404001855,3.1057125953604943,1.5298790446084933,1.0,0.0009432614607214737,0.007645295316819823,1.0,0.9078973165128696,0.32679066095660647,-0.13945109632913313,0.3005421283735322,0.34611344431405305,0.6664760340617437,0.6664633794360525,0.6664701960763098,0.9425321841190456,0.9425371642097448,0.942527971077878,0.00034097973703086916,1.1597448425151322,0.8883674000371755,3.1779922242125558e-06,3.4796798820124764e-06,3.0178768627986408e-06,0.012940031922618084,0.4020073175423111,0.40373848005153445,0.41494734946492917,0.19626480531906987,3.0086750671301203,0.9459744980762091,0.012940031922618084,0.05919974263825097,0.1525884760499,0.1525884760499,0.15679471391120947,0.43246417448517094,0.43246417448517105,0.05919974263825097,404,latin_hypercube,nan,True,True,0,CONVERGENCE: RELATIVE REDUCTION OF F <= FACTR*EPSMCH,59,1915,1080,6.402141837578358,0.9428822956687358,0.0015391010954526878,0.00034097973703086916,37,23,False,1e-05,0.00034163837721657727,True,0.7110024764300696,0.21929205944782906,0.25655231480827984,0.6603519414718381,0.16080370712479355,0.8640639663741851,0.96575687383112,0.11600482155373462,0.5570415600306334,0.8040979452536111,0.7540889350754457,0.5194469840539134,0.09544053332431356,0.707806805430334,0.9885790227487641,0.48697562456429594,139,0.00032454689784800075,True,0,350,0.021057950288018382,False,"alpha_e~0,alpha_p~pi/2"
electron,gradient_local_minimum_0140,gradient,gradient,gradient,0.00051099895,0.9728269474814567,0.9863199011889888,0.04713366548202861,0.03802519658165693,0.0,0.0,3.141592653589793,0.0,0.008984615535241507,2.803193915490958,0.8471285588522696,1.8424435213261594,4.222115384000245,0.12102086870432013,3.544236181471559,-0.05803114731943526,0.007243597380523535,0.2999142036917739,-0.007048573160041817,0.9808883280491534,1.7522995914245019,0.8967526344623132,0.25974977480140315,1.747484737545864,100.12350022490435,0.0003098757656321508,0.00040738787587297034,0.0003098757656321508,0.00040738787587297034,False,,gradient,1928002173,0.4579608651824891,2.1263120855928923,1.0,807950.5966793313,0.6032182974190472,1.0,1.0331633153647586,0.09093347138123598,-0.11726463964366701,0.3336878982489817,0.34435117900205003,0.6664823858926986,0.6664393577583856,0.6664888600632269,0.9425270587634451,0.9425619736788514,0.9425316466611061,0.00034240901224257756,1.159744001693291,0.8883820776015124,1.7068226637273476e-05,1.6902931768092433e-05,1.7086799907028993e-05,0.12276900278730324,0.3780143016969713,0.49481593988992933,0.5007833044842745,0.24442428764779206,-2.120149532891305,0.9761678772398747,0.12276900278730324,0.07817947195874614,0.16274533134003286,0.1627453313400329,0.038335065213509836,0.3364713641756926,0.33647136417569257,0.07817947195874614,1928,sobol_screened,0.6356609448047603,True,True,0,CONVERGENCE: RELATIVE REDUCTION OF F <= FACTR*EPSMCH,55,2238,1062,7.939517281048637,0.6356609448047603,0.0009702985105926614,0.00034240901224257756,53,39,False,1e-05,0.00034299820903897646,True,0.03922165557742119,0.9533491991460323,0.5622343514114618,0.34627182222902775,0.1897845957428217,0.8133301781490445,0.37139776069670916,0.7928496412932873,0.0002200369485370308,0.8922843361910214,0.5864679875733924,0.15010059101245513,0.13482469757565227,0.6719705336679749,0.1457734708728684,0.6768261579562921,140,0.00032597617305970915,True,0,350,0.22558489830476014,False,"alpha_e~0,alpha_p~pi/2"
electron,gradient_local_minimum_0141,gradient,gradient,gradient,0.00051099895,6.556146142591745,2.5604972451833925,1.1084373965253957,0.4807557226926204,0.0,0.0,3.141592653589793,0.0,0.7631025789095954,1.982329058940023,1.1163809202345878,2.228315332686663,4.854871647298547,0.48198050119065533,2.5152680409642225,-0.35551730316575997,3.1081739781601514,0.6244212466278173,-1.7276540098880762,0.13292023232408082,0.12488162604837141,2.7493577525918433,0.8769244192243916,2.492486108401267,142.80893450637961,0.3289051906575071,1.0191651747937898,0.3289051906575071,1.0191651747937898,False,,gradient,646002251,0.09414746615682858,1.5003389188880438,1.0,0.1061777874326576,0.04978542746871825,1.0,1.1381555294361503,0.30230027047580105,-0.1642989689967098,0.41782265227912685,0.4674902750457275,0.666518288448774,0.6664381072830307,0.6664457703283302,0.9425460041890095,0.9425513559514411,0.9424952012523369,0.0003507858031384485,1.1597408545736658,0.8883644084394953,6.5903369968478565e-06,6.464980695730649e-06,7.488756173290589e-06,0.2509637116705454,0.2166467318343605,0.45773675459375585,0.4676104435049059,0.22393153284130293,1.4940973268842834,0.9577695962598987,0.2509637116705454,0.050173383171774194,0.12477098923207612,0.12477098923207612,0.17383129603333786,0.407618567263018,0.40761856726301804,0.050173383171774194,646,latin_hypercube,nan,True,True,0,CONVERGENCE: RELATIVE REDUCTION OF F <= FACTR*EPSMCH,62,2316,1962,4.096233239471876,1.0288569083808898,0.0003886630383323076,0.0003507858031384485,18,4,False,1e-05,0.0003532905926981236,True,0.5359737039079584,0.35925706449615397,0.2463895560228971,0.6987642807507887,0.12032015633439444,0.8346521283099042,0.46164456540847476,0.471839328716115,0.3923367298761567,0.6309949371300196,0.7092947999290873,0.6721746475332822,0.17767754182881357,0.7726768207442565,0.02996806923687239,0.4775727105083648,141,0.00033435296395558007,True,0,350,0.04040057929226637,False,"alpha_e~0,alpha_p~pi/2"
electron,gradient_local_minimum_0142,gradient,gradient,gradient,0.00051099895,6.485646233452763,2.546693195784047,1.100604089186368,0.6690020351566681,0.0,0.0,3.141592653589793,0.0,0.6781697492653977,2.2705223841319118,4.133127777723085,1.8435615740798996,1.5916861332857868,0.5424832842158575,5.630395229430897,-0.4344984380779747,2.927452991257528,0.599347990386817,-2.5208568646706575,0.08238790541269636,0.06471612456188294,2.836787116199445,0.8713108546401878,2.1422919531078706,122.74428739791905,0.5453206646469034,0.7486187279404815,0.5453206646469034,0.7486187279404815,False,,gradient,1234001537,3.0503565303953915,1.6480612579599787,0.9999999999999999,0.021503138335749176,0.046689088929172125,0.9999999999999999,1.1685455469331438,0.30053618896782747,-0.15646487383938124,0.3706409543158976,0.41766431120691716,0.6664132850106822,0.6665215541579073,0.6664673818258712,0.9425377448183752,0.942499146223099,0.9425759947209418,0.00035351711635891206,1.1597396578312928,0.8883771783504301,1.975181150765115e-05,1.920315471037881e-05,1.9752629269176314e-05,0.27298317281068374,0.19315292506955184,0.45604705591906325,0.4661360978802356,0.22297900697894543,1.3908178086892677,0.9567120332149666,0.27298317281068374,0.0761798196771383,0.14296412167040942,0.1429641216704094,0.10786080167933526,0.39089978044935514,0.3908997804493551,0.0761798196771383,1234,sobol_screened,0.5311866400933557,True,True,0,CONVERGENCE: RELATIVE REDUCTION OF F <= FACTR*EPSMCH,56,1603,1179,2.068815901870604,0.5311866400933557,0.0003855915991053864,0.00035351711635891206,20,6,False,1e-05,0.00035384003288160387,True,0.3879282111302018,0.6085266256704926,0.35233029443770647,0.5154910534620285,0.7086878130212426,0.3302182527258992,0.9371113544330001,0.4070351468399167,0.3888982366084628,0.7227297216707779,0.5868238748181829,0.596090043929173,0.6578077162550495,0.25332471596325834,0.9709586400101398,0.5245941914451557,142,0.00033708427717604365,True,0,350,0.03522042054117611,False,"alpha_e~0,alpha_p~pi/2"
electron,gradient_local_minimum_0143,gradient,gradient,gradient,0.00051099895,8.417824340740012,2.9013487106413134,1.2990475758767543,0.8264142697838829,0.0,0.0,3.141592653589793,0.0,0.525247364264404,2.6964043594438096,3.1674035028028817,2.300843755128652,0.7230693552736887,0.23068036553928173,4.956837975987588,0.35591373137957927,5.773312555822057,0.8518257460875355,-4.1842788665544335,0.03929746606572342,0.023454818115425706,1.8841060623895631,0.8991234450905061,2.3857646087027407,136.69424299034736,0.2272778872471431,1.0217947318810725,0.2272778872471431,1.0217947318810725,False,,gradient,652009029,3.118478493697673,1.593728779828153,1.0,0.0007033806847759671,0.0031464420499889133,1.0,0.9597866165832037,0.32521579918079047,-0.18397296158875842,0.14280565096139414,0.2026365646921391,0.6664772677599897,0.6664387234774807,0.6664697360206722,0.942515373493251,0.9425372916337352,0.9425101864876823,0.0003558254103889547,1.1597332033701213,0.8883457417894712,2.7086800074016537e-06,2.6886479713716938e-06,2.970451287165332e-06,0.027289666447309097,0.2999104448807154,0.3030317448511797,0.3272001113280245,0.1394316891871674,-2.9296025803177215,0.8522716488160629,0.027289666447309097,0.12391401958845641,0.167646264523646,0.167646264523646,0.29905028946156215,0.5051536241483294,0.5051536241483293,0.12391401958845641,652,latin_hypercube,nan,True,False,1,STOP: TOTAL NO. OF ITERATIONS REACHED LIMIT,80,9069,1701,8.3900702185648,0.8029328217739996,0.0025667156551425555,0.0003558254103889547,333,319,False,1e-05,0.00035584436779607356,True,0.7519151548318997,0.2941285878485836,0.41942046032809743,0.6537808129896505,0.6206403750423432,0.32905349581528276,0.7922848060449991,0.44397167963524947,0.47724047336146985,0.858292164760036,0.7323813138216868,0.3730362723506743,0.5041079242376626,0.11508006209007737,0.9926425343955053,0.507299626514931,143,0.0003393925712060863,True,0,350,0.007814151999043721,False,"alpha_e~0,alpha_p~pi/2"
electron,gradient_local_minimum_0144,gradient,gradient,gradient,0.00051099895,5.9759565264140395,2.4445769626694185,1.042330074477293,0.44730123188048887,0.0,0.0,3.141592653589793,0.0,0.7510182520761863,1.8553185088575344,4.372972575417941,2.1755183349111538,1.813456753784498,0.5653812434918576,5.693651397328568,-0.4999722934480682,2.515979067213182,0.5701550661878022,-1.416466022584212,0.16651531965062422,0.17019111657933025,2.776662812555984,0.8659145737077847,2.5080600089617375,143.701253279051,0.33775598897638903,0.8875125112910898,0.33775598897638903,0.8875125112910898,False,,gradient,2040001745,0.1155070020959993,1.65253955140729,1.0,0.25789369128724166,0.07143090903588172,1.0,1.1349990063446902,0.2725895815089907,-0.19706015867817642,0.4351423021318207,0.48885884831800014,0.6663907087144215,0.6665342495817034,0.666480186190479,0.942524750530926,0.9424867487738781,0.9425881501827843,0.00035841602056359934,1.1597421406343427,0.8883688589493135,8.422837030841457e-06,8.856368950538318e-06,8.676415063080256e-06,0.3108579096627033,0.1727492660733164,0.4724320407857561,0.48360717573601975,0.23062845291774625,-1.266713662999275,0.9537842467566542,0.3108579096627033,0.044175366413623754,0.1302024666817607,0.1302024666817607,0.04023385531775797,0.38619035758221965,0.38619035758221937,0.044175366413623754,2040,sobol_screened,0.6460098884126424,True,True,0,CONVERGENCE: RELATIVE REDUCTION OF F <= FACTR*EPSMCH,44,1788,1269,8.589228102151267,0.6460098884126424,0.0004900946812361164,0.00035841602056359934,23,9,False,1e-05,0.0003592067142426666,True,0.49930002726614475,0.4158463655039668,0.5906773023307323,0.32759295776486397,0.34079045429825783,0.7292559873312712,0.19802650529891253,0.72537896130234,0.3634617889452468,0.590566223389122,0.6924889935763192,0.7059525266159398,0.6959802013830614,0.28862060644818505,0.03676702069060841,0.526019676522667,144,0.00034198318138073093,True,0,350,0.042517454870232264,False,"alpha_e~0,alpha_p~pi/2"
electron,gradient_local_minimum_0148,gradient,gradient,gradient,0.00051099895,6.189827496160821,2.4879363931099245,1.0671460820327185,0.3612234668501728,0.0,0.0,3.141592653589793,0.0,0.6448854666277948,2.264487028495835,2.7496325654777234,2.717753203092565,0.27439936902182177,0.21402842710380718,4.720159724683873,0.33423405466438716,3.535846558357191,0.7560814973579296,-1.5894598903826773,0.14642809918392552,0.14264996996955562,2.0205390191221455,0.8807074091342816,2.7231779199340544,156.02660167543573,0.06089317826297069,1.03408651225013,0.06089317826297069,1.03408651225013,False,,gradient,1560001845,0.03524249323880396,1.5821188419555516,0.9999999999999999,0.10125882266403921,0.0072895382869776594,0.9999999999999998,1.168733251638867,0.3118397264912574,-0.25651112038843704,0.23116108988865405,0.31115144751255025,0.6664615221223039,0.6664398948614021,0.666467992476283,0.9425077329029173,0.9425274557780794,0.9425121248374237,0.00036466583287898726,1.1597247658741354,0.88833597869503,7.732649342118147e-06,7.459430554468405e-06,7.387007312009697e-06,0.2138434391194517,0.14966406334912602,0.3341750554816615,0.3635075024685777,0.15242130424737263,-1.358676357122551,0.8386143516283998,0.2138434391194517,0.0023681086002544996,0.13631100426248824,0.13631100426248824,0.370404615300371,0.5001814932689341,0.5001814932689345,0.0023681086002544996,1560,sobol_screened,0.5963753068076508,True,True,0,CONVERGENCE: RELATIVE REDUCTION OF F <= FACTR*EPSMCH,62,1910,1278,15.43222093119734,0.5963753068076508,0.0006954463560688626,0.00036466583287898726,29,15,False,1e-05,0.0003648198682878654,True,0.502473771572113,0.6507059233263135,0.6334393480792642,0.5337195219472051,0.2982376515865326,0.029126289300620556,0.15225436352193356,0.3112868834286928,0.37426232329191367,0.7208086083051796,0.8650877127520269,0.5835981149507495,0.43761761448222924,0.04367201596112003,0.011218034011676703,0.5036040685121024,148,0.00034823299369611885,True,0,350,0.011268315701818039,False,"alpha_e~0,alpha_p~pi/2"
electron,gradient_local_minimum_0152,gradient,gradient,gradient,0.00051099895,8.012667124948344,2.83066549153169,1.2599197645833036,1.0119248678216617,0.0,0.0,3.141592653589793,0.0,0.607582811361109,2.6389865385678375,3.8255721873317348,1.3833198698166185,1.2813470074928701,0.4095746880045266,5.3781928869325295,-0.5546395283184773,4.074141583741945,0.6333350419143416,-4.8094718138273045,0.03146684141062712,0.017297380306249513,3.238540194233036,0.901864226938375,1.6257629306119392,93.14935441288422,0.9081807152940584,0.5405156002513543,0.9081807152940584,0.5405156002513543,False,,gradient,1705001330,3.097401839852181,1.6197076924541185,0.9999999999999998,0.0005460377226600382,0.011358645326251093,0.9999999999999998,0.950739363318302,0.31619290843684716,-0.14443618476975667,0.2525153869333489,0.29818508427922014,0.6664733247966466,0.6664548906410933,0.6664325116023645,0.9425241727873722,0.9425084420717389,0.9424952351798542,0.0003702144754717515,1.159720954166735,0.8883237487742421,3.002363592241597e-06,3.178190364383493e-06,2.8545566613802364e-06,0.3850209408727992,0.032380646134951674,0.4084878133464124,0.4174015870077509,0.1997870198425369,0.4895584977955683,0.9572892200758547,0.3850209408727992,0.11784489688030106,0.18769630544167915,0.18769630544167915,0.1554183012612026,0.3949021075505701,0.39490210755057004,0.11784489688030106,1705,sobol_screened,0.61338120368299,True,True,0,CONVERGENCE: RELATIVE REDUCTION OF F <= FACTR*EPSMCH,47,1369,810,3.8260849801078383,0.61338120368299,0.000414712844363586,0.0003702144754717515,24,10,False,1e-05,0.0003705099019419695,True,0.2534373616799712,0.7292480077594519,0.22148385271430016,0.4746295539662242,0.3882775064557791,0.17502826172858477,0.9480048818513751,0.5835964409634471,0.4596337721670443,0.8400155047320841,0.44032439031710396,0.4550574316985959,0.6088587237687199,0.20393271005849814,0.9859336271088117,0.5155689712360807,152,0.0003537816362888831,True,0,350,0.01779627290113602,False,"alpha_e~0,alpha_p~pi/2"
electron,gradient_local_minimum_0155,gradient,gradient,gradient,0.00051099895,11.393584063107305,3.3754383512526642,1.5573887987588162,1.2157590063532087,0.0,0.0,3.141592653589793,0.0,0.5230637571314956,2.810847908054972,2.68715723524773,1.8085367280460787,5.105545857687478,0.2585631250429138,1.0756334248374078,-0.013868926882546428,8.066886193340071,0.8324181315829664,-7.4053000893074685,0.015045518414669562,0.006283158713384549,2.5038642000606735,0.9217373242933883,1.9653666021563492,112.60721149952597,0.6227663139240961,0.9535593659405892,0.6227663139240961,0.9535593659405892,False,,gradient,472008544,3.1226406926004304,1.6019834724833286,0.9999999999999998,2.8570412950775865e-05,0.002132513366221964,0.9999999999999998,0.8786576321333196,0.3283564611900585,-0.10871070560879231,0.15354272913764422,0.1892385917248215,0.6664606218478036,0.6664375822590951,0.6664554601423339,0.9425024707098657,0.9425146657789332,0.9424986978409223,0.00037355364955168354,1.159717622204804,0.8883161991257229,2.0957730920145856e-06,1.2543810830045743e-06,1.8640309560891133e-06,0.35350819783925,0.026825205746583675,0.3754494175500812,0.38033340358583373,0.18528271575716432,0.4915977687467064,0.9743173437320747,0.35350819783925,0.14902480964682369,0.23763591282363586,0.23763591282363586,0.15011137753579307,0.3820306835905305,0.38203068359053033,0.14902480964682369,472,latin_hypercube,nan,True,True,0,CONVERGENCE: RELATIVE REDUCTION OF F <= FACTR*EPSMCH,58,8583,1098,8.37550107979054,1.1199922027557714,0.008487197006665477,0.00037355364955168354,331,317,False,1e-05,0.0003735858438718052,True,0.5692051210031551,0.6325450644637508,0.8191293900493172,0.15011221986561718,0.2912597889354216,0.708283955816407,0.005009469850991962,0.2289958826493659,0.5953329251026808,0.8947206776929243,0.5756751200635525,0.30093724553660983,0.4276743568548273,0.8125728604333126,0.9939674034545163,0.5099271767944821,155,0.0003571208103688151,True,0,350,0.008003598112383327,False,"alpha_e~0,alpha_p~pi/2"
electron,gradient_local_minimum_0157,gradient,gradient,gradient,0.00051099895,7.434581608851329,2.726642919205103,1.2019794068857972,0.7167971374409121,0.0,0.0,3.141592653589793,0.0,0.6989657477811831,2.347983363313579,2.248207503860364,1.9387733823571498,4.757013763895165,0.47307035865058394,0.7160387458215616,-0.28410908777754884,3.8493680702717574,0.665479843225162,-3.048528013128062,0.06322390194819297,0.04500369301803798,2.8148255376987765,0.8824685568785605,2.1952892067847283,125.78080635938717,0.5379192095340366,0.9383392381057017,0.5379192095340366,0.9383392381057017,False,,gradient,1904001543,0.07360926749330005,1.6377751518824704,1.0,0.007779637363455315,0.031219781655067995,0.9999999999999999,1.074599031908769,0.31331370032214156,-0.13969987364678982,0.3462545663788916,0.39002445072570296,0.6664133697147396,0.6664795344259437,0.6664585015299613,0.9425014886244023,0.9424862844790062,0.9425334220203937,0.0003775056893783763,1.1597160008521858,0.8883195664950727,7.306916037508326e-06,6.6828349264413944e-06,7.347555289471952e-06,0.11057085062007621,0.339227396155764,0.4406507313731103,0.44979824677584024,0.21575160798519014,2.129287146177308,0.9593261402493252,0.11057085062007621,0.03610414009502471,0.15033355842603568,0.15033355842603568,0.10319513214958666,0.399868194798124,0.3998681947981241,0.03610414009502471,1904,sobol_screened,0.6323616117170863,True,True,0,CONVERGENCE: RELATIVE REDUCTION OF F <= FACTR*EPSMCH,46,1606,1098,4.228418538315718,0.6323616117170863,0.0004655749380442647,0.0003775056893783763,25,11,False,1e-05,0.00037757368953601165,True,0.31509830057621,0.5974839041009545,0.5497800409793854,0.4159828554838896,0.12209002673625946,0.6151360832154751,0.05469122342765331,0.3809239827096462,0.4337224685860737,0.7473863171377794,0.6171307346742673,0.5595766957725792,0.3578133373356683,0.7571022548800979,0.02343055755786454,0.5213200221903497,157,0.0003610728501955079,True,0,350,0.02874545530540435,False,"alpha_e~0,alpha_p~pi/2"
electron,gradient_local_minimum_0158,gradient,gradient,gradient,0.00051099895,7.858161053267079,2.8032411693015424,1.2446871861618207,0.49765273098558416,0.0,0.0,3.141592653589793,0.0,0.8387130577951893,2.0911693539094625,2.1841362580864088,2.3228609945525927,4.671751778589568,0.43030095526328926,0.7581530695332109,-0.1632182358154708,4.289413305591411,0.6910806078923363,-2.166136796269969,0.10060396218216872,0.08514995915138347,2.7972512253352217,0.8894437893549487,2.566506076207653,147.04996626137975,0.3307731055128462,1.3924113601739114,0.3307731055128462,1.3924113601739114,False,,gradient,281001797,3.067833944528116,1.6278227752766343,1.0,0.03267364647828225,0.03044961053661372,1.0000000000000004,1.1070993620754128,0.2945247572266815,-0.19855442492591202,0.3772124055353784,0.435691599332966,0.6664646140016875,0.6664460887695238,0.666432605358672,0.9425132397922689,0.9425034152771212,0.9424906143532263,0.00037982177930346526,1.1597121892756608,0.8883108173689843,5.736231104502831e-06,5.188607471784401e-06,5.751422578581522e-06,0.3528528079538335,0.10297576564830761,0.4430729737220076,0.45582857360214113,0.215158686920937,-0.9512316410888814,0.9440333466621732,0.3528528079538335,0.07761688618812042,0.13899340883524652,0.13899340883524652,0.08777274148072127,0.4051780175626125,0.40517801756261246,0.07761688618812042,281,latin_hypercube,nan,True,False,2,ABNORMAL: ,68,1856,1467,5.3218163729642125,1.0016417928799475,0.00041477697286909377,0.00037982177930346526,18,4,False,1e-05,0.00037988766799295357,True,0.6689179152925423,0.8684269426714265,0.014902384647625897,0.045934117518746424,0.3596426020247282,0.35248764125629095,0.5952694797915526,0.6650720823795992,0.4528025631042966,0.6656398790339522,0.7393896187968027,0.6567659385379956,0.34761608186068765,0.7435323884608837,0.9765218737135143,0.5181520823256878,158,0.00036338894012059685,True,0,350,0.027075068839864703,False,"alpha_e~0,alpha_p~pi/2"
electron,gradient_local_minimum_0159,gradient,gradient,gradient,0.00051099895,8.69026713610096,2.9479259041063024,1.3247318742427046,0.3874106371236533,0.0,0.0,3.141592653589793,0.0,0.9588523094184747,1.8944852766785214,0.930888025678641,2.5357063772364152,4.741620490642666,0.36108016175964697,2.3234747210958187,-0.16203676768929265,4.995868275622495,0.7073851707774205,-1.861398203942345,0.1215710882755416,0.11046024247548748,2.9464198948313562,0.9042332641266881,2.738344707357292,156.89559458355933,0.2261025778895258,1.793337613730198,0.2261025778895258,1.793337613730198,False,,gradient,1036000983,3.0815261915040626,1.5274739802156116,0.9999999999999999,0.05200904013304649,0.02043075428621472,0.9999999999999998,1.0743611685514614,0.29824623174293496,-0.22290386123559003,0.3823599961982975,0.4488402328527623,0.6664381155436525,0.6664900710783619,0.6664181524921154,0.9425276334261581,0.942476885329501,0.9425135971428548,0.00038102613111513646,1.1597132758157576,0.8883176314860035,9.563076499630174e-06,9.76356001819445e-06,9.711982119187113e-06,0.054457378459577405,0.385771821072851,0.42891744243677865,0.44022919953242845,0.20880284267056445,-2.487116122782831,0.9486096919165558,0.054457378459577405,0.012961101265554852,0.15373380595258487,0.15373380595258487,0.23409007427893053,0.40603699451498676,0.406036994514987,0.012961101265554852,1036,sobol_screened,0.30513231866781915,True,True,0,CONVERGENCE: RELATIVE REDUCTION OF F <= FACTR*EPSMCH,26,1042,522,15.52629270389612,0.30513231866781915,0.0005346739425589433,0.00038102613111513646,23,9,False,1e-05,0.00038233207700709296,True,0.5201365705579519,0.5899313660338521,0.7949497997760773,0.6969709312543273,0.16736646462231874,0.7667010258883238,0.9626355972141027,0.4583662338554859,0.48884253023074115,0.6030333927964073,0.8071404083336355,0.7093664663449828,0.14815543075181092,0.7546523393515985,0.9808802512900281,0.4862100687911331,159,0.00036459329193226804,True,0,350,0.0265751289932207,False,"alpha_e~0,alpha_p~pi/2"
electron,gradient_local_minimum_0160,gradient,gradient,gradient,0.00051099895,3.4510730961829084,1.8577064074236567,0.6920438682032054,0.5812367643383647,0.0,0.0,3.141592653589793,0.0,0.3290317127903614,2.489933717045597,4.863356092473321,1.3703448539441332,2.1712096080688736,0.3686993622699658,0.5682383527061078,-0.6936442025055114,1.137448654963288,0.5342832264935626,-1.452521998630415,0.1619939665950461,0.16388127349495313,1.871319852789329,0.8279793998578385,1.395531335174208,79.9580556837388,0.273043066535355,0.11550639470177976,0.273043066535355,0.11550639470177976,False,,gradient,556001921,0.06371556475967818,1.5548649657204137,1.0,0.2202680982761276,0.023045738088512523,1.0000000000000002,1.092884393802496,0.30064412624254855,-0.2175767670331482,0.18315162190195017,0.24856479891730954,0.6664919661487549,0.6664607753624324,0.6663975380068439,0.9425413938760044,0.9424964681175354,0.9424746303249277,0.00038123711211773245,1.1597158814205866,0.8883140970398791,2.773132193600869e-06,2.3728116124166476e-06,2.785047831632692e-06,0.22552489802488632,0.11951132597653866,0.31187146813371136,0.345036224001425,0.13935335613299887,-1.180592620688813,0.8077607302613151,0.22552489802488632,0.0900740748917857,0.12968284122622414,0.12968284122622414,0.1325784162222469,0.5252809347723509,0.525280934772351,0.0900740748917857,556,latin_hypercube,nan,True,True,0,CONVERGENCE: RELATIVE REDUCTION OF F <= FACTR*EPSMCH,61,1985,1386,5.230727030088772,0.8996455454562671,0.0004716654366665236,0.00038123711211773245,27,13,False,1e-05,0.00038131378482305885,True,0.3742541163976153,0.507144563712474,0.8298517727033528,0.03367082462297574,0.7682242574381694,0.6468819857219245,0.2476316313228399,0.768499513542014,0.217276391107135,0.7925705180779667,0.4361943144915003,0.44802837552796204,0.7740271621332139,0.345558741612778,0.02028129416678911,0.49492889026962844,160,0.00036480427293486404,True,0,350,0.02249820574337957,False,"alpha_e~0,alpha_p~pi/2"
electron,gradient_local_minimum_0162,gradient,gradient,gradient,0.00051099895,5.068237221041807,2.2512745769989513,0.9302270129571946,0.6348925877895556,0.0,0.0,3.141592653589793,0.0,0.4110480651517559,2.501274626246588,3.543736458755368,1.9620960369536213,6.044297646051731,0.3448903577198516,1.6550497955135912,-0.13681136668177607,2.5552479173007865,0.7182068621264318,-2.1801252651557235,0.09977567144994495,0.08418766351221439,1.8824121549869843,0.8494465792326541,2.046739087819084,117.26951149648949,0.23653665543427957,0.4240979815068754,0.23653665543427957,0.4240979815068754,False,,gradient,31003347,0.04971272231728447,1.5866014029189788,1.0,0.029617092924891557,0.014369970273115736,0.9999999999999997,1.098497640242889,0.3144528093597515,-0.23727263179222083,0.12145816468262657,0.1960692103338723,0.6664540808989068,0.6664220787515797,0.6664638645673984,0.9424877396752223,0.9425171153342901,0.9424947275326736,0.0003822886976203277,1.159710767501092,0.8883059872263641,3.7104437262680534e-06,3.387977153268551e-06,3.841605200505249e-06,0.21069284674971617,0.12015566374981941,0.3016817628405134,0.33084851049953556,0.1362575075907456,1.2321313066981159,0.82368518077966,0.21069284674971617,0.01344410885702196,0.16829881304634542,0.16829881304634542,0.360187253033586,0.500852676454119,0.5008526764541189,0.01344410885702196,31,latin_hypercube,nan,True,True,0,CONVERGENCE: RELATIVE REDUCTION OF F <= FACTR*EPSMCH,67,3386,1269,4.215928594009552,0.9331300271776488,0.0007196778645673849,0.0003822886976203277,95,81,False,1e-05,0.0003825506883214893,True,0.6273887772216191,0.469752709136595,0.42886496519568734,0.36614065716103156,0.17785646239224873,0.31003492771272756,0.34763074740802924,0.55988941891618,0.31531150111821504,0.796180441594955,0.624554566204374,0.4126114369166417,0.5640031744258853,0.9619798478878402,0.01582405098270121,0.5050309119821828,162,0.0003658558584374593,True,0,350,0.01582822599183089,False,"alpha_e~0,alpha_p~pi/2"
electron,gradient_local_minimum_0163,gradient,gradient,gradient,0.00051099895,10.63196408919201,3.2606692701333593,1.495416887306135,0.8548488730693788,0.0,0.0,3.141592653589793,0.0,0.7385991538936597,2.6100549918651006,2.560499012872809,2.2345028494007404,4.975816559778613,0.3134752072444078,0.9941032068349601,0.23253646833411246,7.312239040607248,0.8222182876956504,-4.924827701923915,0.03027526950126338,0.016405889522618344,2.4609112139891267,0.9119357033530736,2.4160321300081637,138.4284442174704,0.42408828771081863,1.6177939570526279,0.42408828771081863,1.6177939570526279,False,,gradient,1233002107,3.107961013026956,1.6111334327810638,1.0,0.00037957915091064765,0.006611422683899729,1.0000000000000002,0.8819339195649777,0.3189193539495116,-0.1586655582776777,0.24758791924939938,0.29818943658935493,0.666423619658514,0.6664778014443947,0.666437973202527,0.9425048612358994,0.942476727134971,0.9425149738349707,0.0003834613681923428,1.1597105885897292,0.8883040891351248,2.3127963921787398e-06,2.3682259988055954e-06,2.2439586894740238e-06,0.3975185689925914,0.012406610735252593,0.39944658340613337,0.40992517972784404,0.19448399354221135,0.14092486874698393,0.9488755663720507,0.3975185689925914,0.1141877290445199,0.18396014229677435,0.18396014229677435,0.13821042673484132,0.4061146779753817,0.40611467797538187,0.1141877290445199,1233,sobol_screened,0.5306149092052513,True,True,0,CONVERGENCE: RELATIVE REDUCTION OF F <= FACTR*EPSMCH,40,2172,594,0.7568436056032593,0.5306149092052513,0.0015601933029791093,0.0003834613681923428,70,56,False,1e-05,0.00038383991412805745,True,0.7154978280887008,0.6544351791962981,0.4240645170211792,0.6660601515322924,0.43960550148040056,0.7342528458684683,0.9322717860341072,0.5681273601949215,0.5667447404800696,0.8308063073940148,0.7112643476701057,0.4673237359763718,0.4075160746806261,0.7919258014072755,0.9892947163202691,0.5128396996154404,163,0.0003670285290094744,True,0,350,0.013468101208743111,False,"alpha_e~0,alpha_p~pi/2"
electron,gradient_local_minimum_0164,gradient,gradient,gradient,0.00051099895,6.516527559974382,2.5527490201691156,1.104041794316957,0.471128197818643,0.0,0.0,3.141592653589793,0.0,0.7697894667669068,1.9458162498779306,4.2776126266861025,2.2121245459569576,1.7698581862875118,0.5288748299780195,5.6892604176001536,-0.3816468523688887,3.0171133511889003,0.6144851781274069,-1.6626880400028323,0.1390232248618993,0.1328305562026836,2.7727162084031245,0.8710770677128308,2.5057513343000255,143.5689759646661,0.34143054723003474,1.018643202823371,0.34143054723003474,1.018643202823371,False,,gradient,1115001527,3.0399739048503225,1.6452907084526593,0.9999999999999998,0.1290783754629198,0.056275933758272154,0.9999999999999996,1.1292216304480605,0.28263134302766457,-0.19667944216644173,0.40935178558106944,0.46493956046650275,0.6664062150348994,0.6664596425129351,0.6664712120401114,0.9424805666817926,0.9424888555894654,0.9425265899930629,0.00038587117508350144,1.1597092863314729,0.888303743170915,3.920037223104078e-06,4.122994984478989e-06,4.041267267052007e-06,0.233178212145565,0.2404316613481749,0.4621992127578455,0.4736098734937399,0.22539427601097556,1.5868876010764912,0.9518140926762363,0.233178212145565,0.06757811674023496,0.1403119236676307,0.14031192366763068,0.0676608173880385,0.38607820283862937,0.3860782028386293,0.06757811674023496,1115,sobol_screened,0.4712624957294936,True,True,0,CONVERGENCE: RELATIVE REDUCTION OF F <= FACTR*EPSMCH,51,1570,1188,4.338892315375801,0.4712624957294936,0.00040934578872765803,0.00038587117508350144,18,4,False,1e-05,0.00038699488782409857,True,0.5126627022400498,0.4805243080481887,0.5375714441761374,0.6524115009233356,0.7710223095491529,0.4971358412876725,0.9060638668015599,0.5659275464713573,0.3904067005943555,0.6193725490332145,0.7041411124479288,0.6814378364316602,0.6808031941693996,0.28168167891931406,0.9676537476545999,0.5237122981468143,164,0.00036943833590063303,True,0,350,0.037536496687271936,False,"alpha_e~0,alpha_p~pi/2"
electron,gradient_local_minimum_0165,gradient,gradient,gradient,0.00051099895,4.820943562238403,2.1956647199056607,0.8974729039456015,0.6874254336220252,0.0,0.0,3.141592653589793,0.0,0.38828606580297903,2.539985919865115,5.815439200626087,1.6731649792256347,3.244210473421464,0.3453063487462275,1.4005822815766398,-0.389635622709199,2.2452319209253675,0.668954573516334,-2.2769684169743325,0.09431177276693602,0.07791852213603481,1.9909415068314271,0.8516226492451673,1.758790121786162,100.77125102764714,0.31286551052375944,0.2969972624992326,0.31286551052375944,0.2969972624992326,False,,gradient,667003751,0.04956349310484931,1.553800110598532,1.0,0.024208356419928065,0.014292246640247183,1.0,1.0901758603860536,0.31700698903662444,-0.2155141615243361,0.13813608832661928,0.20645558376620182,0.6664886999245647,0.6663569367457858,0.6665128578087148,0.9424680680373555,0.9425785496211428,0.9424853523775513,0.000388924092809462,1.159719428255564,0.8883263308890206,7.304993701773288e-06,7.745454420671205e-06,7.68267266970657e-06,0.14352860315485286,0.18825310673385906,0.30396078520841774,0.3317817098887119,0.13806993026406175,1.7334761534899215,0.8322938013091435,0.14352860315485286,0.027219303013008844,0.1574804519104917,0.1574804519104917,0.007411989575628955,0.5107378382007964,0.5107378382007963,0.027219303013008844,667,latin_hypercube,nan,True,True,0,CONVERGENCE: RELATIVE REDUCTION OF F <= FACTR*EPSMCH,41,3814,810,12.577855727635361,0.9693973301308677,0.0013082971590200646,0.000388924092809462,133,119,False,1e-05,0.00038908326550302964,True,0.16360855527921225,0.8424005164496227,0.14034504463198974,0.4201918392120364,0.9618249953648313,0.6698851713112804,0.2367415582722622,0.5459342258764195,0.3014594701886706,0.8085026290606956,0.5325849541040163,0.4028941345676555,0.9255558950300222,0.516332133275524,0.01577654984907568,0.49458993635698006,165,0.0003724912536265936,True,0,350,0.018720432376634295,False,"alpha_e~0,alpha_p~pi/2"
electron,gradient_local_minimum_0168,gradient,gradient,gradient,0.00051099895,10.672929779816885,3.2669450224662313,1.4988139384703076,0.38252705733272224,0.0,0.0,3.141592653589793,0.0,1.0462940207394171,2.177184714810222,2.5700268174926486,2.724654958549579,4.988747979687223,0.23425866897744124,1.011419954653061,0.27154023198004495,7.141293697241351,0.7896405502746053,-2.4760421746935233,0.08440284340815084,0.06689959543795915,2.7822774704653916,0.9234808733611546,2.831809707239181,162.2507446089823,0.13434254658300993,2.466968307857436,0.13434254658300993,2.466968307857436,False,,gradient,95004573,3.110348297656259,1.6001423693179464,1.0,0.010206880664653844,0.005748345045899208,1.0,1.0301970359011292,0.32476864909042735,-0.21755834959214188,0.35018666297577544,0.4208427942711583,0.6664383676020238,0.6664350079837889,0.6664452191960979,0.9424848294138907,0.9424920771645164,0.942489510346144,0.00039347832277109127,1.159700459541792,0.8882851487325635,1.935996927715511e-06,1.987516499601938e-06,1.627056826658535e-06,0.3728688954761875,0.04135053930914487,0.39786455724303593,0.4142194347853324,0.19075483985036973,0.5176903790483715,0.9210327851913934,0.3728688954761875,0.08848436739936852,0.13355745482179338,0.13355745482179335,0.13813120975030935,0.4522231103928742,0.4522231103928742,0.08848436739936852,95,latin_hypercube,nan,True,True,0,CONVERGENCE: RELATIVE REDUCTION OF F <= FACTR*EPSMCH,38,4609,1080,4.995439367411582,1.0208310906547904,0.011833181531703025,0.00039347832277109127,159,145,False,1e-05,0.00039423590435114903,True,0.10197551666483474,0.1880457852023513,0.5377207383705132,0.15895693374855727,0.16125073740536244,0.4904504136189145,0.9142967058922238,0.8335394438169231,0.5683079869972343,0.6930194187723305,0.8672846097460174,0.6822635215018363,0.4090324718826874,0.7939839008069278,0.9900546126189108,0.5093411354554567,168,0.00037704548358822286,True,0,350,0.010988841193546282,False,"alpha_e~0,alpha_p~pi/2"
electron,gradient_local_minimum_0173,gradient,gradient,gradient,0.00051099895,4.109588457423051,2.0272119912389654,0.7965975112600577,0.5755602389200187,0.0,0.0,3.141592653589793,0.0,0.3531188084713521,2.4503525253519647,5.18634914622522,1.8295534424690896,2.6422988272213583,0.37465401857223024,0.8893371369736703,-0.31233969634941583,1.7642827319416783,0.6611608818319503,-1.6554015746442667,0.1397341689174284,0.1337650760400912,1.784023332923968,0.8262146791439581,1.877815320776749,107.59089258551256,0.20931643775328462,0.2637570164021138,0.20931643775328462,0.2637570164021138,False,,gradient,1938002234,0.061548956313163865,1.557348822923122,1.0,0.12364451059359839,0.02135209145865579,1.0000000000000002,1.036570471612355,0.29617633235731616,-0.2326990126320017,0.14214917134365035,0.2110691114481654,0.6664333926328997,0.6664569174832173,0.6664202539258146,0.9424967518452115,0.9424709207009546,0.9424877963015055,0.0003989119372013689,1.1596965075367107,0.8882782694688792,1.83756134564117e-06,2.014708161190981e-06,2.468473488836942e-06,0.30596884297666943,0.035022597409531786,0.3104213069104517,0.3409914403862012,0.1399255867173511,-0.25294437430294037,0.8206985287306551,0.30596884297666943,0.08693256362366669,0.16066613691794127,0.16066613691794124,0.05006402479058274,0.4983424226958576,0.49834242269585793,0.08693256362366669,1938,sobol_screened,0.6366320667577537,True,False,2,ABNORMAL: ,71,2299,1719,8.504621724668377,0.6366320667577537,0.00046969051111958897,0.0003989119372013689,29,15,False,1e-05,0.00039942476585867666,True,0.8422658825293183,0.6089219739660621,0.7316426942124963,0.43450511898845434,0.7416306799277663,0.5232882145792246,0.16533882357180119,0.6090966993942857,0.25949906011707646,0.779971433454948,0.5823649480394983,0.4141219500672614,0.8254331032221749,0.4205349194781971,0.019591641278774295,0.49571952657311935,173,0.0003824790980185005,True,0,350,0.021538260379565514,False,"alpha_e~0,alpha_p~pi/2"
electron,gradient_local_minimum_0174,gradient,gradient,gradient,0.00051099895,6.890160691421165,2.6249115587808216,1.1448607351637141,0.8608375636343842,0.0,0.0,3.141592653589793,0.0,0.4292036758740108,2.6683206975824287,0.003489165816521753,1.850573616931676,2.4851662308838915,0.28736601316571075,4.458868473442643,-0.10031237848445415,4.13822404153663,0.780028368380118,-3.763356018275187,0.0462954234739369,0.02935941412153929,2.046842446884482,0.8826860532125455,1.951557138574366,111.81598751893871,0.3556884547998211,0.5431224664305597,0.3556884547998211,0.5431224664305597,False,,gradient,1544008267,0.03120630222301783,1.5483352591691815,1.0,0.0015663620867879154,0.005697411701423687,0.9999999999999998,0.8931563617271654,0.3195059157869893,-0.1824592796303075,0.11842343923433984,0.17672025846645562,0.6663784327408254,0.6665150815842714,0.6664258091802466,0.9427878433815553,0.9427246745181277,0.9428213304495041,0.000405054517287683,1.159648498670235,0.8888302571507135,0.0005463480266373333,0.0005462371816444822,0.0005463480297386303,0.024761467380041008,0.298927599188511,0.3010742818354408,0.32368906656855195,0.13922974855116488,2.9657628498745514,0.8602684670640758,0.024761467380041008,0.00012356937064011498,0.18223572166809268,0.18223572166809265,0.009453128293994828,0.49407521176335534,0.494075211763355,0.00012356937064011498,1544,sobol_screened,0.593029743187433,True,True,0,CONVERGENCE: RELATIVE REDUCTION OF F <= FACTR*EPSMCH,74,8307,1368,18.160497607197886,0.593029743187433,0.0011301034890307507,0.000405054517287683,311,297,False,1e-05,0.000405060916149568,True,0.7305055940523744,0.542582037858665,0.7970095109194517,0.4213596610352397,0.6956666028127074,0.1621541241183877,0.12876803893595934,0.39255514834076166,0.4083818900491113,0.8493528575493159,0.5890558773802477,0.34205906533225217,0.0005553179869667061,0.39552649005022583,0.00993327450882578,0.49285042012049224,174,0.0003886216781048146,True,0,350,0.01543731548552995,False,"alpha_e~0,alpha_p~pi/2"
electron,gradient_local_minimum_0175,gradient,gradient,gradient,0.00051099895,0.9768559483077977,0.9883602320549919,0.049074693361051,0.009639531024731696,0.0,0.0,3.141592653589793,0.0,0.02116795203782678,2.5542288621215317,6.167509897841953,3.011699632683743,2.8430588272995414,0.09253144574696279,3.2121755006129886,0.7548084413734053,0.005707644566632619,0.12651945030374176,-0.003287274513359417,0.9909398263123661,1.7737516043401236,0.9192491389060267,0.465024212858963,2.9228524548954455,167.46710980496084,8.807509486315548e-06,0.0012189925361217342,8.807509486315548e-06,0.0012189925361217342,False,,gradient,1812001584,3.0027253142242536,2.0377799682557174,1.0,3338137.2106406554,0.23595283636665879,0.9999999999999998,0.9888804028906654,0.3212516012564134,-0.08741138762569262,0.07118428544514271,0.0992653336879415,0.6664276850459121,0.6664081588243576,0.6664614354962519,0.9424597655586258,0.9424973925237701,0.942483497272418,0.0004075025802415826,1.1596897703794882,0.8882689614485688,4.716153496286957e-06,4.6305147273772995e-06,4.463479452987418e-06,0.19008746970927062,0.034577430722981084,0.19468029859709457,0.2246649004322517,0.0823478483809687,0.33555867895950825,0.7330726626414072,0.19008746970927062,0.13549209727278638,0.16589669205280494,0.165896692052805,0.010946854263152752,0.6094384075149433,0.6094384075149436,0.13549209727278638,1812,sobol_screened,0.6240180913889931,True,True,0,CONVERGENCE: RELATIVE REDUCTION OF F <= FACTR*EPSMCH,48,1626,747,15.97256222799396,0.6240180913889931,0.0015364469809464275,0.0004075025802415826,39,25,False,1e-05,0.00040765089422001804,True,0.035792479291558266,0.5321899522095919,0.8859524391591549,0.48399605974555016,0.6652066884562373,0.3338645240291953,0.7098317416384816,0.9947177385911345,0.0007282692609302606,0.813036298389258,0.9586537672993264,0.4059216190364493,0.9815896868097372,0.45248686586576925,0.9557971530119093,0.648645509763086,175,0.0003910697410587142,True,0,350,0.15061072596816083,False,"alpha_e~0,alpha_p~pi/2"
electron,gradient_local_minimum_0182,gradient,gradient,gradient,0.00051099895,4.300976207521411,2.0738795065098192,0.8248145085945118,0.40637352594311316,0.0,0.0,3.141592653589793,0.0,0.433457940364463,2.274741558342559,1.6135426034168854,2.4152949668236663,4.099376004288805,0.31849810840355697,5.8906692162151355,0.08265203316195951,1.9882384412424963,0.6987748254561309,-1.2278916654434617,0.1936659359200917,0.20931754440710362,1.736926209719218,0.8316898311842555,2.427244867405542,139.07088674712867,0.09022504669583437,0.4703984345955068,0.09022504669583437,0.4703984345955068,False,,gradient,1520001412,0.05950932147776964,1.5575655525669385,1.0,0.40665790190750506,0.020102683656755337,1.0,1.0323915644272494,0.3010317887607461,-0.2714039325378885,0.17590680493646796,0.2576080162250494,0.6663582318934036,0.6664265219720834,0.6664657903973628,0.9424233072096717,0.9424512608056613,0.9424993430884658,0.0004394914780331127,1.1596669567458242,0.8882270229517478,4.087572104460868e-06,4.436012096153963e-06,4.052764400463982e-06,0.11521009397507105,0.24245805355623068,0.3264279475259507,0.3576681475313017,0.14759387376029984,2.016479773162092,0.8253118136407883,0.11521009397507105,0.10907642308796708,0.1523040710753249,0.1523040710753249,0.08668768928362575,0.49002778139337344,0.4900277813933732,0.10907642308796708,1520,sobol_screened,0.5883035170761132,True,True,0,CONVERGENCE: RELATIVE REDUCTION OF F <= FACTR*EPSMCH,41,1452,828,9.045418326312552,0.5883035170761132,0.0006154864091582395,0.0004394914780331127,27,13,False,1e-05,0.00044030245232867446,True,0.3300240058451891,0.4832725850865245,0.43084880243986845,0.5334599809721112,0.04289036896079779,0.4732611682265997,0.11461615096777678,0.5572719313204288,0.27112361552372655,0.7240727265335586,0.7688122659899237,0.5007047357282952,0.25680328122316304,0.6524359546748661,0.018942405346463465,0.4957885137613752,182,0.00042305863885024427,True,0,350,0.020920065867625213,False,"alpha_e~0,alpha_p~pi/2"
electron,gradient_local_minimum_0183,gradient,gradient,gradient,0.00051099895,9.637492239173818,3.1044310652958327,1.410507713230879,0.5086363381688761,0.0,0.0,3.141592653589793,0.0,0.9067879855554548,2.283180772343684,5.5889525277822845,2.5345316917569267,1.7217034290682798,0.3085009287743462,4.024045597550675,0.2138957619101961,6.228372510819493,0.7818493089407348,-2.7931382161545923,0.07155944938979275,0.053336161278283015,2.617677303518078,0.9096284566701442,2.6865893934387115,153.93023352864998,0.22852699290457723,1.9461441402367745,0.22852699290457723,1.9461441402367745,False,,gradient,207001900,0.04318259432120921,1.5306945384940058,1.0,0.007502591271783326,0.01091946705258912,1.0,0.9085678373893213,0.32125161893770693,-0.18696183902454067,0.34215035435984975,0.4022121478260544,0.666376668402497,0.666428893939118,0.6664252959437764,0.942437439526999,0.9424348307578125,0.9424722391306409,0.0004459761081671053,1.1596574226084697,0.8882085518966625,2.9925540783182214e-06,2.870960545353629e-06,3.775781257930877e-06,0.4118240328419797,0.014621812979223214,0.4121518449330467,0.42644584582120293,0.19892892202244522,-0.05741669289646185,0.9329621754873451,0.4118240328419797,0.04057790239202172,0.13769987119658708,0.1376998711965871,0.14381611216543416,0.43585428298220996,0.43585428298220985,0.04057790239202172,207,latin_hypercube,nan,True,True,0,CONVERGENCE: RELATIVE REDUCTION OF F <= FACTR*EPSMCH,76,1937,1386,12.904099010203232,1.0490804289440097,0.0007067881425864672,0.0004459761081671053,24,10,False,1e-05,0.0004462070497957549,True,0.6836959509879161,0.9217865223532629,0.9230696320218543,0.3916988709279007,0.7107992020345949,0.15448771306075576,0.03637596534566715,0.248747940965362,0.5278268838462133,0.7267590117817373,0.8067664943323578,0.6241595338833442,0.8895094215024941,0.27401761127448315,0.01374544668350491,0.48723520433017703,183,0.0004295432689842369,True,0,350,0.022199513208802025,False,"alpha_e~0,alpha_p~pi/2"
electron,gradient_local_minimum_0184,gradient,gradient,gradient,0.00051099895,10.235497502290517,3.1992964073824917,1.46214229642313,0.4313741491957808,0.0,0.0,3.141592653589793,0.0,1.00382993430576,2.183193563900392,2.479785543894249,2.623263288893951,4.943933474358954,0.27304915385538825,1.0192913814983293,0.18345008073380736,6.676055998249579,0.7771926940540156,-2.552445078913712,0.08101050708315767,0.06323530616421699,2.7937503744352927,0.9181574125560564,2.768377388077647,158.6163404362996,0.19279085556230569,2.2545963152300503,0.19279085556230569,2.2545963152300503,False,,gradient,563001562,0.038922538135788776,1.6058513202172913,0.9999999999999999,0.009844827762244126,0.008894563145995871,0.9999999999999997,0.9527546499218964,0.31913614222614217,-0.19842942672456781,0.35935827042037555,0.4226842721693991,0.6664661236148286,0.6663631025492432,0.6663940960815777,0.9424551711693284,0.9424772856257682,0.9424044105075859,0.00045460247786747765,1.1596535566786739,0.8882037484533323,4.871298578901229e-06,5.248701956728219e-06,5.1972127142474456e-06,0.017205385262161893,0.4083712981876275,0.41093628508341723,0.4255766834497894,0.19814794335852254,-2.9805160763207312,0.9311973661353115,0.017205385262161893,0.02301890229133659,0.12822065361962176,0.12822065361962176,0.13559316827732154,0.44620266293058897,0.446202662930589,0.02301890229133659,563,latin_hypercube,nan,True,True,0,CONVERGENCE: RELATIVE REDUCTION OF F <= FACTR*EPSMCH,44,1597,1017,8.511479327709937,1.0583878789465007,0.0007356336018269117,0.00045460247786747765,27,13,False,1e-05,0.00045475162662292644,True,0.6134283084554151,0.016400782200026366,0.7805621839386426,0.13534776976163865,0.44501159732751877,0.7524838914810361,0.3131461338519683,0.9262015326775284,0.5514571846851767,0.6949320948423181,0.83501063891795,0.6701246124568373,0.39467012711859395,0.7868514507617158,0.012389428683987179,0.511158350966456,184,0.00043816963868460924,True,0,350,0.013986798167809424,False,"alpha_e~0,alpha_p~pi/2"
electron,gradient_local_minimum_0185,gradient,gradient,gradient,0.00051099895,2.461706175652303,1.5689825287912873,0.5041042825623694,0.3987416006955159,0.0,0.0,3.141592653589793,0.0,0.20545582775915675,0.04309862141180022,4.2461798262729475,2.057538156417037,0.894043263019205,2.6423511297905597,4.013851812622024,-0.5045547374675182,0.04236720054432276,0.07790199363773258,-0.009391273825399178,0.9747843368157456,1.739136753173582,1.381329383528722,0.34380534677315144,1.583195613094582,90.71042677394635,0.055125949069269355,0.07161391242870443,0.055125949069269355,0.07161391242870443,False,,gradient,796003486,0.5248801458800356,1.0674590104853938,1.0,8920.96937448989,0.7603984199043364,1.0,1.1377093549232835,0.02170492541602037,-0.17376683851467883,0.39013463158750167,0.39390622785724044,0.6663830830990727,0.6663711322412997,0.6664665034394933,0.9424065398542412,0.9424739726084215,0.9424651733185286,0.0004558788807333439,1.159651526345406,0.88820928919097,1.3187034866080083e-05,1.3175396809894657e-05,1.2516826908282042e-05,0.047904107253133,0.17717770315130632,0.2249639588627309,0.22508181040443934,0.11242305366051124,2.183330266154489,0.9989528114999905,0.047904107253133,0.055441558042801535,0.4105649212959125,0.41056492129591265,0.2745017344154728,0.3643532682996482,0.36435326829964815,0.055441558042801535,796,latin_hypercube,nan,True,False,1,STOP: TOTAL NO. OF ITERATIONS REACHED LIMIT,80,3525,1746,7.215001065967963,0.6750995897044867,0.0011827144681049182,0.0004558788807333439,81,67,False,1e-05,0.0004560191792565135,True,0.3124896475678296,0.02188297372125185,0.7175912614693478,0.38076466559008076,0.5606430552259594,0.06476060218922763,0.220822845244558,0.6769885004564995,0.14535726910320243,0.013718717276268413,0.6549347363879136,0.37664585861639205,0.675800508608425,0.142291404647514,0.1670745394952056,0.33978275613346753,185,0.0004394460415504755,True,0,350,0.23473568985243257,False,"alpha_e~0,alpha_p~pi/2"
electron,gradient_local_minimum_0186,gradient,gradient,gradient,0.00051099895,7.602957013437242,2.7573460090161412,1.219127498324275,0.69802506385369,0.0,0.0,3.141592653589793,0.0,0.7234129324238595,2.337482458709271,4.03659614908738,1.9719945475570047,1.5365753728458176,0.48057097495446743,5.530220683445852,-0.26026045351776134,3.9779512835166675,0.6705403617925962,-3.0180943336550365,0.0641392446332567,0.04589931270914466,2.8343488521321527,0.8823972398207999,2.247856808174968,128.79270805817396,0.5375188610918047,1.017447336022835,0.5375188610918047,1.017447336022835,False,,gradient,536002229,3.067085144530691,1.6364144668788754,1.0,0.007812186354883334,0.031278266867561716,1.0,1.0798280699096994,0.29947331317896814,-0.17080831630864762,0.3365150336380028,0.3876675660414747,0.6664306907283827,0.6663689070007914,0.6664134345125303,0.9424341309012952,0.9424660382123784,0.942422154269402,0.00045658732566685833,1.1596485226874864,0.888194612337578,4.705325540976801e-06,5.501940240515424e-06,5.130941564623903e-06,0.34488744881655464,0.10883169885714186,0.44276195846025945,0.4537191476736965,0.21590238462341124,0.9924112486113933,0.9517005651200018,0.34488744881655464,0.08760999108950172,0.1558073902795887,0.15580739027958873,0.10778714106823518,0.3904734620467149,0.3904734620467149,0.08760999108950172,536,latin_hypercube,nan,True,False,2,ABNORMAL: ,62,2315,2025,2.6205238382413754,0.86027739947263,0.0004863144292899471,0.00045658732566685833,18,4,False,1e-05,0.00045676656179906587,True,0.5981540452825684,0.19928496607082039,0.5481087593622579,0.7789521749592432,0.7923315846620357,0.2964795179216225,0.7488532599120281,0.5776647336917321,0.4413703959846569,0.7440437753883553,0.627705359987926,0.5720747122603227,0.6424442303929658,0.24455356602168396,0.9762835232715594,0.5208869027017233,186,0.0004401544864839899,True,0,350,0.028732279316017705,False,"alpha_e~0,alpha_p~pi/2"
electron,gradient_local_minimum_0190,gradient,gradient,gradient,0.00051099895,7.596553789253142,2.75618464353409,1.2184795883469646,0.7163856466162283,0.0,0.0,3.141592653589793,0.0,0.5315822377167536,2.6337884654527035,6.2775140744202504,2.382003165397096,2.3925789916077993,0.25158967194570037,4.398561687261807,0.3870990230156721,5.009837770737141,0.8391916826746711,-3.395653078871641,0.05402762989845092,0.03627995837205663,1.8398434835714197,0.8888038449933935,2.4568175507060173,140.7652766891229,0.17804671265302757,0.985139058585526,0.17804671265302757,0.985139058585526,False,,gradient,1344003729,0.027368293813944358,1.5489123198638315,1.0,0.002393994365523182,0.004356265944540408,1.0,0.9888636184317878,0.31728989049560996,-0.22220481291913202,0.13740455942642216,0.20790790018513106,0.6664665471139263,0.6663123770240376,0.666426031462962,0.942420126569847,0.9425004032844689,0.9423914336782319,0.0004727306712338557,1.1596445140839537,0.8881880979673717,5.852766543912313e-06,5.696357954443343e-06,5.775083217252064e-06,0.030431910790919697,0.2988683643467813,0.299751168807559,0.32930027513770105,0.13510103123870845,3.027211440819058,0.8205339712043317,0.030431910790919697,0.0022180916910064397,0.16760034253255227,0.16760034253255224,0.022078942635807345,0.5030993823297467,0.503099382329747,0.0022180916910064397,1344,sobol_screened,0.5580428975028174,True,True,0,CONVERGENCE: RELATIVE REDUCTION OF F <= FACTR*EPSMCH,56,3817,927,25.650246496102632,0.5580428975028174,0.0022979780795937318,0.0004727306712338557,130,116,False,1e-05,0.0004728698161320263,True,0.49076012521982193,0.7679081475362182,0.4426160603761673,0.6591678587719798,0.7455302840098739,0.09598854463547468,0.10875808447599411,0.34432852640748024,0.4410811078724634,0.8383609066704307,0.7582151564669788,0.4066626475723507,0.9990973952729271,0.3807907732522036,0.008711598488961171,0.49303410424452737,190,0.0004562978320509873,True,0,350,0.01453359128566713,False,"alpha_e~0,alpha_p~pi/2"
electron,gradient_local_minimum_0192,gradient,gradient,gradient,0.00051099895,11.121574743901565,3.334902508905105,1.5355367076802031,0.7537481590038635,0.0,0.0,3.141592653589793,0.0,0.8161052716958143,2.5867654433699308,0.5243786894397868,2.446925221172441,4.403427307211382,0.27043318586979986,2.124747349591495,0.403417396008437,7.933020485828658,0.8438684773727855,-4.538313214715554,0.034553170701428895,0.019663833135136338,2.3476018327625505,0.917889641247225,2.5897111424650894,148.3795186212523,0.290398966171615,1.987752601728038,0.290398966171615,1.987752601728038,False,,gradient,1817001931,3.1125648340435066,1.5341973630503551,0.9999999999999999,0.000527434107225741,0.005027661806330902,0.9999999999999998,0.9504058225936658,0.3287675066458596,-0.1459443688796579,0.28150859396960737,0.3294903602351761,0.6664058328997546,0.6663681626402054,0.6664032545437942,0.9424150558823334,0.9424403177492684,0.9424135357466354,0.00047594627244177995,1.1596311956458636,0.8881610535403902,2.875250402767371e-06,3.720729965239755e-06,3.446511430693633e-06,0.025899110233509492,0.3805050166570943,0.39448055147805916,0.4064041268906038,0.19127848803275724,2.7569596296981,0.9413215830076733,0.025899110233509492,0.06658349509843317,0.15836316517236296,0.15836316517236296,0.14679225105918536,0.4352327079370334,0.4352327079370335,0.06658349509843317,1817,sobol_screened,0.6243014585774228,True,True,0,CONVERGENCE: RELATIVE REDUCTION OF F <= FACTR*EPSMCH,47,1974,819,13.747763338085594,0.6243014585774228,0.0016869711594035407,0.00047594627244177995,51,37,False,1e-05,0.0004760040585276752,True,0.7821494750678539,0.602550046518445,0.7458467846736312,0.521375996991992,0.1736547276377678,0.8004042515531182,0.9064182015135884,0.3175177564844489,0.5852357270283978,0.8233930138632455,0.7788804886516465,0.5068727350858598,0.08345746047639194,0.7008272224885255,0.9907601580640579,0.4883501880160303,192,0.00045951343325891154,True,0,350,0.018751686470845595,False,"alpha_e~0,alpha_p~pi/2"
electron,gradient_local_minimum_0194,gradient,gradient,gradient,0.00051099895,4.463424211173768,2.1126817581391117,0.8481116022390162,0.5539041163280178,0.0,0.0,3.141592653589793,0.0,0.5852401357515837,2.1282979092125056,4.365487831875326,1.652819245585505,1.7073114622786199,0.6787515523149151,5.766760036876406,-0.7054696582347201,1.3215395465627526,0.43272894344413765,-1.4924792037905932,0.15719981128632088,0.1572601695175014,2.612270606115811,0.8522109720567778,2.0307497917063593,116.35339231184541,0.45568268448903887,0.3702128558751467,0.45568268448903887,0.3702128558751467,False,,gradient,1133002160,0.13024711713389964,1.6705485953020274,1.0,0.25096890679720163,0.09189191770011484,1.0,1.204165173993791,0.2869342998338178,-0.15722954642509362,0.4428023433474508,0.4879168931641238,0.6664376290209347,0.666317800078931,0.6664284618148887,0.942403447069558,0.9424815144813783,0.9423970631217325,0.00048052855337766913,1.1596342210205244,0.8881692896926402,5.732971513849883e-06,5.3970471089459515e-06,5.9191614819043e-06,0.4045849002832722,0.09362464984778904,0.4872892604690293,0.4982095501310612,0.2381844854034987,-0.8595586983857252,0.956161861372753,0.4045849002832722,0.031185476656869496,0.10765201811507108,0.1076520181150711,0.08439865571472162,0.39413843175386776,0.39413843175386776,0.031185476656869496,1133,sobol_screened,0.4901233855018597,True,True,0,CONVERGENCE: RELATIVE REDUCTION OF F <= FACTR*EPSMCH,22,2249,639,3.557475801810265,0.4901233855018597,0.013453515358415177,0.00048052855337766913,72,58,False,1e-05,0.00048175306262771646,True,0.32867833133786917,0.659039138816297,0.33133880887180567,0.6243660729378462,0.675119617022574,0.4209667155519128,0.17544285114854574,0.6042562108486891,0.28078898813569425,0.6774582652466323,0.5261087059447009,0.6739327860161539,0.6947889674504791,0.27172705861909435,0.041458945030658445,0.5317521332350797,194,0.0004640957141948007,True,0,350,0.049521989686870334,False,"alpha_e~0,alpha_p~pi/2"
electron,gradient_local_minimum_0195,gradient,gradient,gradient,0.00051099895,8.074653068972307,2.841593403175814,1.2659813919801632,0.9676808153832103,0.0,0.0,3.141592653589793,0.0,0.4303006854081417,2.7444341461455655,3.049876870339739,1.889579484117726,5.476529156087411,0.262330782409609,1.2384442484296931,0.011647611085352672,5.293905372492151,0.8215217428146677,-4.746586445330166,0.032145521297777355,0.017810754505989408,2.029962073989454,0.8956490184212582,1.998918925082637,114.52961799606229,0.37402108846144,0.6476805520425264,0.37402108846144,0.6476805520425264,False,,gradient,1625010841,3.1182785215861,1.5938257399676792,1.0,0.0003817563134830566,0.0031987431978911392,1.0,0.9572271333534941,0.32311510532754084,-0.18068684120674527,0.08809981958500597,0.1464824673128241,0.6663646522458468,0.6664305677861109,0.6663745635497884,0.9424406738648368,0.9424010679422142,0.9424476823975919,0.00048195396322964445,1.1596256627313284,0.888173941871963,2.2872312361088554e-05,2.2864149726464778e-05,2.287343070322967e-05,0.04283697702000931,0.27680742430582694,0.30047013842665116,0.31964440132583627,0.14064793776373302,2.553065573995663,0.8800275379787464,0.04283697702000931,0.14546925972965966,0.20552316279533173,0.20552316279533173,0.2821107366971596,0.47483243587883206,0.4748324358788322,0.14546925972965966,1625,sobol_screened,0.604718478466402,True,True,0,CONVERGENCE: RELATIVE REDUCTION OF F <= FACTR*EPSMCH,44,10883,702,5.606307385195508,0.604718478466402,0.005969996803312828,0.00048195396322964445,456,442,False,1e-05,0.000482074465260442,True,0.3301189914345741,0.5205038730055094,0.7178047224879265,0.5394681664183736,0.3362104054540396,0.7064852295443416,0.9489708999171853,0.37018352933228016,0.46235583940479685,0.8735805206985038,0.6014718305247393,0.3052005773284612,0.48540297973620905,0.8716166861781975,0.9925788812954307,0.5073304898859079,195,0.00046552112404677604,True,0,350,0.007884485153044298,False,"alpha_e~0,alpha_p~pi/2"
electron,gradient_local_minimum_0197,gradient,gradient,gradient,0.00051099895,8.132665138372877,2.85178279999948,1.2716292443276263,1.2255947600640131,0.0,0.0,3.141592653589793,0.0,0.6166461972351188,2.893715855022747,3.4475768804935396,0.5795379967669733,0.8112604721145477,0.23866914960593222,5.050143641784948,-0.9287131237520738,3.468915172174525,0.511935293926742,-6.139503572716127,0.020917031260339093,0.009879358631946878,4.187010128191781,0.9342683922635062,0.7167272447716713,41.065446187456665,1.4402521551339058,0.10495795486313203,1.4402521551339058,0.10495795486313203,False,,gradient,925009488,3.12873047840252,1.5953326427798449,1.0,5.241714327592657e-05,0.0009814859392016212,1.0000000000000002,1.0998174864731478,0.3266441076468993,-0.17875349344776648,0.2128475471869038,0.27123632254291535,0.6664163282726173,0.6663722643889712,0.6663762416383774,0.9424254599362956,0.9424281738827666,0.9423973668956007,0.00048341360107492906,1.1596251461582419,0.88814980175613,3.030200896314561e-06,2.8449195600410704e-06,3.5069647873475773e-06,0.335901920413209,0.04155501639852474,0.36091015109230573,0.37745693681173376,0.17218168268643883,-0.5457143711257548,0.9123249085885462,0.335901920413209,0.11915168998235781,0.17190509326160938,0.17190509326160938,0.2646784412856384,0.45063796992665694,0.45063796992665694,0.11915168998235781,925,latin_hypercube,nan,True,False,1,STOP: TOTAL NO. OF ITERATIONS REACHED LIMIT,80,9527,1368,28.22108741568074,1.0944871663647604,0.01255319165993225,0.00048341360107492906,367,353,False,1e-05,0.0004835360826020223,True,0.8519094514635277,0.6486900043811791,0.9574708915338777,0.36449596155476965,0.5828298901569913,0.5428038207164021,0.05255364585679788,0.11001071207526145,0.4648939477066765,0.9210983644605212,0.1844726737900773,0.45788489116425596,0.5486989022198834,0.129116114272095,0.9959058424800631,0.5078101519485384,197,0.00046698076189206065,True,0,350,0.005161306150215604,False,"alpha_e~0,alpha_p~pi/2"
electron,gradient_local_minimum_0199,gradient,gradient,gradient,0.00051099895,10.521323354851676,3.2436589455199627,1.4862041922426317,1.1505417302487315,0.0,0.0,3.141592653589793,0.0,0.5581616512996651,2.7526917716685664,2.6117982578919987,1.7184394016717188,5.050759692217598,0.30187762835259097,0.9991821717545597,-0.1500923725353297,6.978572674855139,0.7904619971025502,-6.622522396384728,0.01834039412899391,0.008247899915651544,2.729744674192882,0.9156762425370718,1.897526823124771,108.72027847791644,0.7075105569537937,0.8855356961888305,0.7075105569537937,0.8855356961888305,False,,gradient,1673005414,0.0256749007701839,1.6077412848340205,0.9999999999999999,6.868138472141914e-05,0.00392213834555603,1.0,0.8628789716272098,0.32749686625190627,-0.11196300235390289,0.18273844455908145,0.21940597696613945,0.6663847377679424,0.6663897880672374,0.6663786775708823,0.942417806499638,0.9424099360160244,0.9424132607066168,0.0004889615343239641,1.1596190676943785,0.8881435211133702,7.353637242302202e-06,7.326850559985498e-06,6.862394262174831e-06,0.00868559902481994,0.38174197801600307,0.38495179356777665,0.390427577040823,0.18973800504736513,-2.9573916342891056,0.9719498119751218,0.00868559902481994,0.022268512635217487,0.22451967349925656,0.2245196734992565,0.14954252136618348,0.3850527494599207,0.38505274945992074,0.022268512635217487,1673,sobol_screened,0.6104461080731513,True,True,0,CONVERGENCE: RELATIVE REDUCTION OF F <= FACTR*EPSMCH,46,5453,765,22.735049345569458,0.6104461080731513,0.01023816507047593,0.0004889615343239641,210,196,False,1e-05,0.0004889936520784453,True,0.6936991279944777,0.3985365405678749,0.8027410861104727,0.6646550865843892,0.39827810414135456,0.8747176853939891,0.129696493037045,0.6902432069182396,0.5625075862239263,0.8762090045388785,0.5469962503598662,0.3427363929115648,0.4156806031023124,0.8038533713857307,0.008172574741937357,0.5117599453884984,199,0.00047252869514109567,True,0,350,0.010821059373932847,False,"alpha_e~0,alpha_p~pi/2"
electron,gradient_local_minimum_0208,gradient,gradient,gradient,0.00051099895,7.737469209842675,2.7816306745940724,1.2326627226886082,0.768182086263486,0.0,0.0,3.141592653589793,0.0,0.6920942126443853,2.409067019932763,2.298285171331729,1.8999993251049452,4.839780088692551,0.43650063072981476,0.7997660717421851,-0.2819073683586042,4.122030789593195,0.6757433292079166,-3.4043237455381314,0.05382396367604733,0.03609258316393,2.8578080034370212,0.8895200362577949,2.143798357463234,122.8305980097215,0.5773149678557701,0.93616848988305,0.5773149678557701,0.93616848988305,False,,gradient,388001282,0.06540257032151466,1.632454439630245,0.9999999999999999,0.0041203266414080765,0.02490414677620316,0.9999999999999998,1.0300929036759352,0.31873094007143726,-0.12094401009099404,0.34327257231159763,0.38182117034390956,0.6664040242330084,0.6663098637620823,0.6664032833330842,0.9423718770052103,0.9424380732034884,0.9423715826020779,0.0005154222939364534,1.1596019690803048,0.8881061547840436,1.5965097304726505e-06,1.8622724408667857e-06,2.0291121852755722e-06,0.07690386689434928,0.36511500932039576,0.4332481812073357,0.44201887621474506,0.21223874309996318,2.3171668533452023,0.9603152920412915,0.07690386689434928,0.02802217512896376,0.145067665041141,0.145067665041141,0.12067636539608967,0.412913458744114,0.4129134587441141,0.02802217512896376,388,latin_hypercube,nan,True,True,0,CONVERGENCE: RELATIVE REDUCTION OF F <= FACTR*EPSMCH,48,1370,918,5.12974950187996,0.8336260905543633,0.0005541758233756846,0.0005154222939364534,20,6,False,1e-05,0.0005155783606666982,True,0.7618393005834232,0.4112677794739076,0.7605586492423991,0.7820597855185276,0.4656930170084416,0.5566673191173097,0.2016333003717989,0.5931416625507344,0.4474195382821244,0.7668298489239215,0.6047885689234342,0.538465042027163,0.3657834456522483,0.7702749245931512,0.020818284715168698,0.519626386878927,208,0.000498989454753585,True,0,350,0.025635377489302905,False,"alpha_e~0,alpha_p~pi/2"
electron,gradient_local_minimum_0212,gradient,gradient,gradient,0.00051099895,7.309422981263985,2.7035944557688354,1.189079714777467,0.7881747107934083,0.0,0.0,3.141592653589793,0.0,0.6750973635829457,2.422341636303469,0.8717683629467567,1.7398119364515887,4.623741786660543,0.4960258626694492,2.374386900745758,-0.40561954283519974,3.59059482300557,0.6325388685195856,-3.3615286076394324,0.05484060938644349,0.03703006478344637,2.96573010441809,0.8828698075721633,2.029083815288855,116.2579388943541,0.6677133293953791,0.782246437078356,0.6677133293953791,0.782246437078356,False,,gradient,1202001617,3.0696461260287267,1.5049374864696603,1.0,0.00462791410450663,0.029346864088704547,1.0,1.0884908880776545,0.3016019723138359,-0.16227847706026627,0.32029772363363024,0.3692412323790921,0.6663319310178677,0.6664469367600709,0.6663239394816449,0.9424185440676409,0.9423320554358425,0.9424133403278969,0.0005270589243929915,1.1595947830051485,0.8880951000378623,2.9503916897377636e-06,3.868081600577611e-06,3.792184763651285e-06,0.11306674565756923,0.3365331538228724,0.4393402388918479,0.44959989948044166,0.21454028915162707,-2.1185875239850254,0.9543609302384194,0.11306674565756923,0.05879150397252422,0.16303056472371466,0.1630305647237147,0.15813790846265602,0.3873695357958436,0.3873695357958434,0.05879150397252422,1202,sobol_screened,0.5236274761258467,True,True,0,CONVERGENCE: RELATIVE REDUCTION OF F <= FACTR*EPSMCH,63,1684,1125,9.23371135610697,0.5236274761258467,0.000628851049827409,0.0005270589243929915,24,10,False,1e-05,0.0005271094959213429,True,0.5842666132375598,0.2962424336001277,0.648476361297071,0.6371216643601656,0.03938033618032932,0.7189063522964716,0.8961143279448152,0.31971476692706347,0.42798125569530754,0.7710552905500144,0.5537993394731057,0.5450873444124918,0.13874624419410583,0.7358913609275771,0.977098709000718,0.4790364800318776,212,0.0005106260852101231,True,0,350,0.0343716838851647,False,"alpha_e~0,alpha_p~pi/2"
electron,gradient_local_minimum_0215,gradient,gradient,gradient,0.00051099895,9.26154588659083,3.0432788052675734,1.377084077236459,1.1355935618206878,0.0,0.0,3.141592653589793,0.0,0.5756666106032926,2.7317414728537983,0.5688036350931529,1.3915028212813942,4.328952797594675,0.33664526505171427,2.112255647601751,-0.48300310184640305,5.325461580540947,0.6958882366376314,-6.017155074565312,0.0216525191850432,0.01035930450952871,3.2071365546235255,0.9130310857056455,1.5981154023569064,91.56526772990215,0.9341144646495168,0.5882677176373499,0.9341144646495168,0.5882677176373499,False,,gradient,982003559,3.111190753112128,1.5312407433088437,0.9999999999999998,0.00012374471893422662,0.005445004700808369,0.9999999999999996,0.9390949338977552,0.32149149754149914,-0.12540716448206343,0.2099045306132167,0.2502218677249884,0.6663762496004894,0.6663551159541744,0.6663481555021039,0.942385010693593,0.9423800541630739,0.9423653354264867,0.0005318414056206296,1.159583430800483,0.8880740331466914,3.0617900485530036e-06,2.9961117283816563e-06,3.42051411755806e-06,0.007280396039730547,0.39173674451910734,0.3917819175862986,0.39901714055883786,0.19227334730687967,-3.1199154255011265,0.9637347760930467,0.007280396039730547,0.11361176762062386,0.20727681619163146,0.20727681619163144,0.10592977204890372,0.39370604324953073,0.3937060432495307,0.11361176762062386,982,latin_hypercube,nan,True,True,0,CONVERGENCE: RELATIVE REDUCTION OF F <= FACTR*EPSMCH,59,3599,1143,19.855973753543502,1.0875607367278388,0.0015748261841508789,0.0005318414056206296,110,96,False,1e-05,0.0005323582965090351,True,0.6288574524294288,0.27700081334900617,0.1089993562975779,0.27734601144185933,0.931895350707803,0.7508064258057059,0.7188344426476332,0.960949668499146,0.512594278664331,0.8695403173076333,0.44292910466650426,0.38745391361432885,0.09052791017371396,0.6889742361486816,0.9903227745191835,0.48740906672262113,215,0.0005154085664377611,True,0,350,0.019786318516962397,False,"alpha_e~0,alpha_p~pi/2"
electron,gradient_local_minimum_0219,gradient,gradient,gradient,0.00051099895,8.318622072925193,2.884202155349932,1.2895728782806555,1.0694245955361428,0.0,0.0,3.141592653589793,0.0,0.40648771294681296,2.7918150601828544,3.259377048774081,1.6107529338273445,0.8158992365393385,0.25568480978013886,5.039040888767826,-0.22478188628867102,5.354614351225695,0.798421254765171,-5.368229425768599,0.026259471944721734,0.01349791845820341,2.231732411906001,0.9015597632837672,1.7288632721467923,99.05656884918865,0.5032560691220193,0.4964485318506632,0.5032560691220193,0.4964485318506632,False,,gradient,627009463,3.121469571265191,1.5935471199557472,1.0,0.0001751140566417425,0.002399167977379646,0.9999999999999998,0.9502939987408636,0.3270431225261557,-0.17465617348389562,0.07068092275761108,0.12780102310225427,0.6663765017034047,0.6663526762189904,0.6663446851188208,0.9423826960144304,0.9423771148804018,0.9423602940864992,0.0005352175485631002,1.1595808037839923,0.888067565060207,1.6146207478806573e-06,1.7452417416796706e-06,1.7953804821724262e-06,0.05692210173509331,0.2603843191969821,0.30080795767117163,0.3173064209320754,0.14215474720513396,-2.3683311107484184,0.896009269447242,0.05692210173509331,0.1527729256985139,0.2180708565603483,0.2180708565603483,0.2788617256688144,0.4646227225075762,0.4646227225075764,0.1527729256985139,627,latin_hypercube,nan,True,True,0,CONVERGENCE: RELATIVE REDUCTION OF F <= FACTR*EPSMCH,43,9529,684,9.258115896223456,0.7027930320546505,0.006317129572491307,0.0005352175485631002,397,383,False,1e-05,0.0005353121916079153,True,0.6085736376030076,0.6699004146838939,0.5329505249920815,0.3403577768890594,0.36536823492852294,0.04605746757198729,0.9821785447534643,0.46001180974526323,0.4729693849853047,0.8886623340529971,0.512718583036789,0.2792126571821279,0.5187459687126686,0.12985439656013928,0.9935946239555888,0.5072418023816213,219,0.0005187847093802317,True,0,350,0.006903364658146423,False,"alpha_e~0,alpha_p~pi/2"
electron,gradient_local_minimum_0221,gradient,gradient,gradient,0.00051099895,5.652569989434912,2.377513404680384,1.0037221288942748,0.44448745916090004,0.0,0.0,3.141592653589793,0.0,0.7192492274321565,1.8531879793048194,1.8776957051694412,2.172746524795737,4.467544206846703,0.5427688879209338,0.5527609270082162,-0.5163364527110789,2.311396167452429,0.5590267707640196,-1.340899408087447,0.1766440973841929,0.18454533142952484,2.7031266857507066,0.8663139448121793,2.4808795406685773,142.14392716066376,0.31313495696742627,0.7983833366500865,0.31313495696742627,0.7983833366500865,False,,gradient,177002074,3.0259542290470534,1.6541554166555517,1.0,0.3320694614455653,0.07359252495320733,1.0,1.142477496153326,0.29458761502906333,-0.16323038192159353,0.44781183221127907,0.49589748112184445,0.6663028492488807,0.6663782289966573,0.666395956604589,0.9423507198399295,0.9423632262919726,0.9424166279347443,0.0005374414765115376,1.1595819936919234,0.8880741400850877,5.448184935086253e-06,5.39237129365544e-06,5.585548227660109e-06,0.1497426179158143,0.33060332217464317,0.4712587366184061,0.4803459400904575,0.23108576657317736,-1.9728706616277116,0.9621639209843634,0.1497426179158143,0.05295487804797989,0.11782822187144978,0.11782822187144978,0.06840541324929619,0.4018258380380928,0.4018258380380928,0.05295487804797989,177,latin_hypercube,nan,True,True,0,CONVERGENCE: RELATIVE REDUCTION OF F <= FACTR*EPSMCH,53,2117,1755,3.379177583235464,1.0032726008434634,0.0005788635812951633,0.0005374414765115376,20,6,False,1e-05,0.000537627114980786,True,0.4300579129002495,0.5185212581848325,0.43219969246187695,0.0076571989084098565,0.48552499293215934,0.6590036744951366,0.7734364904400777,0.9817959230253455,0.34675672031054455,0.5898880547696861,0.6916066990139579,0.7018175404107116,0.2988445531001387,0.7110317440012136,0.9631911462453276,0.5265340224059295,221,0.0005210086373286692,True,0,350,0.042814032120152626,False,"alpha_e~0,alpha_p~pi/2"
electron,gradient_local_minimum_0223,gradient,gradient,gradient,0.00051099895,7.615142772520146,2.75955481419017,1.2203596044812877,0.6304327958937432,0.0,0.0,3.141592653589793,0.0,0.7606061144367018,2.261773176098435,4.063403967616261,2.090429209542058,1.5348435779874208,0.4574334960924921,5.492568022797992,-0.2306464763687504,4.022873052714834,0.6746051663853438,-2.700028001577228,0.07500980016152523,0.05689637638604481,2.820271042168982,0.885380222538064,2.357630381986795,135.08227053965945,0.4672982181418849,1.1287207437109803,0.4672982181418849,1.1287207437109803,False,,gradient,1261001829,0.07551670639333732,1.6344314309908958,1.0000000000000002,0.012709021387367151,0.03223590161655913,1.0000000000000002,1.1043143232606267,0.3003170510749167,-0.16511649417924235,0.36506372163723066,0.41465102025296935,0.6662969812744828,0.6664123776355703,0.6663463868298416,0.9423698278972702,0.9423232774136004,0.9424052323076063,0.0005512797605632958,1.1595717156990195,0.8880538866838136,3.7682097482893973e-06,3.984658835998189e-06,4.657573674682336e-06,0.10823552423626151,0.3488241636426045,0.4457015030691426,0.45705968787886603,0.21717165912970957,-2.1578537694024096,0.9502988991987685,0.10823552423626151,0.029854552653654352,0.13760794287571554,0.13760794287571554,0.09621277734699756,0.4053323692454184,0.4053323692454187,0.029854552653654352,1261,sobol_screened,0.5371966324128281,True,False,2,ABNORMAL: ,45,1892,1512,5.751293366977408,0.5371966324128281,0.0005800625590277528,0.0005512797605632958,22,8,False,1e-05,0.000552513169754535,True,0.5405007572844625,0.42294750921428204,0.5752168158069253,0.7484872369095683,0.7272751471027732,0.3674472663551569,0.21007853094488382,0.8072419241070747,0.4419205940823909,0.7199447622574436,0.6654042837646039,0.6035297282144747,0.6467108272253478,0.244277942309549,0.02403771421703794,0.5202556827739222,223,0.0005348469213804274,True,0,350,0.028649722334470006,False,"alpha_e~0,alpha_p~pi/2"
electron,gradient_local_minimum_0225,gradient,gradient,gradient,0.00051099895,1.2447492888412548,1.1156833282079888,0.16353375518391952,0.11325672481734886,0.0,0.0,3.141592653589793,0.0,0.062030196804138606,2.375606036294433,3.7599130110983836,1.9487013709678214,0.948187112258317,0.282943678275921,6.239644072731027,-0.3436744870319329,0.06978013404627546,0.3637738728609538,-0.06621310864158834,0.8510212767541423,1.4600258503609034,1.0018866967070144,0.5256787826441833,1.7847260927362876,102.25727270066325,0.006401195364152862,0.008184708066495149,0.006401195364152862,0.008184708066495149,False,,gradient,1212001776,2.8916231684535045,1.2467798853532523,1.0,5858.597738116098,0.2799693009847798,1.0000000000000002,1.1291723126085342,0.22091296319103815,-0.18410837513494294,0.26547690867075513,0.3061488353701026,0.666352464380525,0.6663457410487592,0.6663326057026967,0.9423612717570266,0.9423522905476038,0.942347903759416,0.0005597437418090686,1.1595596203690928,0.888030725785374,2.5131077015516645e-06,3.09129177122891e-06,3.783683400093718e-06,0.05849452426510979,0.40459212620231144,0.4519551752545776,0.46308665046742126,0.22041185002086697,-2.4736792191341546,0.9519248710727982,0.05849452426510979,0.03480048916965505,0.12644823563761012,0.1264482356376101,0.2298467429488187,0.41046511389496876,0.4104651138949688,0.03480048916965505,1212,sobol_screened,0.5262534759986619,True,True,0,CONVERGENCE: RELATIVE REDUCTION OF F <= FACTR*EPSMCH,48,1842,1449,6.691679581000307,0.5262534759986619,0.0005743517066574615,0.0005597437418090686,21,7,False,1e-05,0.0005602446112469594,True,0.10816175304353237,0.7084467047825456,0.6329236533492804,0.4552230555564165,0.5618879357352853,0.37865298241376877,0.8949642721563578,0.35940566286444664,0.032443572233170154,0.7561788870304071,0.6202909115989641,0.34769411904442354,0.5984087413118401,0.15090866589194102,0.9204322416368472,0.3968623634030333,225,0.0005433109026262002,True,0,350,0.13398862577639248,False,"alpha_e~0,alpha_p~pi/2"
electron,gradient_local_minimum_0227,gradient,gradient,gradient,0.00051099895,8.84615276562857,2.974248268996482,1.339213765352107,1.0538736947361589,0.0,0.0,3.141592653589793,0.0,0.6023653616975994,2.6694953299855584,0.6434372707549982,1.4946379096512088,4.418873354326617,0.3791913383429164,2.2010248768824234,-0.4331225388222845,4.96527057866952,0.6881995580095085,-5.367848789737897,0.02626257788399885,0.013500106861892146,3.12944376072834,0.9056729770526091,1.7232106360653514,98.73269665859873,0.8680733595022005,0.6667842539680596,0.8680733595022005,0.6667842539680596,False,,gradient,884001953,3.102966931079301,1.5252392230077265,1.0,0.00027908507521107564,0.00873200710236252,1.0,0.9022919240939877,0.31793195083014925,-0.1397082098172593,0.22611456976330868,0.27053227345749775,0.6663908291087137,0.6663304339499904,0.6663079138103122,0.9423784002658725,0.9423624334833124,0.942319739604442,0.0005637751414202312,1.159558737057375,0.8880301632060545,4.064959483573993e-06,3.982914141054117e-06,4.008433950541956e-06,0.016060259908731833,0.39381372613650345,0.4020697654597496,0.4098739860452353,0.19713277243713198,-2.851157659368147,0.9619189270302978,0.016060259908731833,0.1017626183023268,0.20261052692046816,0.20261052692046816,0.11933142010826771,0.38751548703429656,0.3875154870342968,0.1017626183023268,884,latin_hypercube,nan,True,True,0,CONVERGENCE: RELATIVE REDUCTION OF F <= FACTR*EPSMCH,56,1995,981,2.0485300731415763,0.8239454443979436,0.0010186605372887853,0.0005637751414202312,45,31,False,1e-05,0.0005639396825126034,True,0.71557442437573,0.7037565571502138,0.7955003893597247,0.2621625286802149,0.26244749405582823,0.9370685786057511,0.7750228545807348,0.4056699534785938,0.49539924933875545,0.8497267546558639,0.4757580229070551,0.42088931625369697,0.1024062222102162,0.7032855372381455,0.9877050506639187,0.48549872347864276,227,0.0005473423022373628,True,0,350,0.02277286848063492,False,"alpha_e~0,alpha_p~pi/2"
electron,gradient_local_minimum_0229,gradient,gradient,gradient,0.00051099895,9.08764559734541,3.0145722080164887,1.3613542343449037,0.505686874334087,0.0,0.0,3.141592653589793,0.0,0.9019650768768745,2.1942883490771603,0.8053458027095882,2.4314501331323997,4.621845207067642,0.3618253260446912,2.2447014414164985,0.02949347274557229,5.516665644499857,0.7442804069687764,-2.5676422523804128,0.08036010387739217,0.0625394657674149,2.775257986841679,0.9030530013717565,2.6377592731175636,151.13247372113221,0.29682016387375254,1.771331859933534,0.29682016387375254,1.771331859933534,False,,gradient,1546001459,3.086218054775359,1.5243436279268956,1.0,0.0121948567387631,0.01750421088358776,1.0,0.9679730634336978,0.3029124824346973,-0.2014559196925916,0.35512365944420776,0.41614717217945574,0.6662800918706606,0.6663985923957645,0.6663469912781124,0.9423490252175377,0.9423125647704987,0.9423966792079346,0.0005687673001097404,1.1595568664187992,0.8880287139336173,5.440558211278201e-06,5.496115786596256e-06,6.104249693716923e-06,0.03238248885588635,0.40971151739077205,0.4279955947679972,0.4420940062466584,0.20694859164466803,-2.7180756031372963,0.9362198479081156,0.03238248885588635,0.02622236462313722,0.13854005554599397,0.13854005554599397,0.20174558087189087,0.4193659382073476,0.4193659382073476,0.02622236462313722,1546,sobol_screened,0.5932445679861097,True,True,0,CONVERGENCE: RELATIVE REDUCTION OF F <= FACTR*EPSMCH,41,1519,792,13.75283089530386,0.5932445679861097,0.0009701661231293375,0.0005687673001097404,32,18,False,1e-05,0.0005690716261533743,True,0.6675970749929547,0.3455186914652586,0.4031318789348006,0.4573932234197855,0.23380013275891542,0.90593430865556,0.7266977271065116,0.21011692378669977,0.5054436637591909,0.6984636746491688,0.7739546151389368,0.6448714805695794,0.12817476539954129,0.7355895109103998,0.9823737177539045,0.48521364671039674,229,0.000552334460926872,True,0,350,0.02625136066955768,False,"alpha_e~0,alpha_p~pi/2"
electron,gradient_local_minimum_0230,gradient,gradient,gradient,0.00051099895,6.366736929306199,2.5232393721774,1.0872715139404878,0.4761950239444773,0.0,0.0,3.141592653589793,0.0,0.7656731740833421,1.9476693089650086,1.9855353861751222,2.17253685669795,4.545514971051567,0.5303644323183484,0.6541150589305142,-0.43214392222913034,2.857980973369446,0.5974023556919177,-1.6425355904497767,0.141003226630197,0.135437674649036,2.805876591590977,0.8718985141988954,2.4872994707026064,142.5117620563829,0.36123771181212916,0.9689604032718775,0.36123771181212916,0.9689604032718775,False,,gradient,503002082,0.10440951143270163,1.6464691289094695,1.0,0.1327331228035552,0.05925428092635714,0.9999999999999999,1.141801833883343,0.28008428105961997,-0.19062285574613344,0.422129117127763,0.47551958263295047,0.6664039650504145,0.6663187661462991,0.6662995497419368,0.942378532735415,0.9423655143619,0.9423047958404518,0.0005699313534773134,1.159555487132906,0.8880227924973902,2.3562069131344288e-06,3.428037346320245e-06,2.5401588812368203e-06,0.2554531971672923,0.22315795221528756,0.46712046954666653,0.47861114938257987,0.2278148948553766,1.499856390263099,0.9519832337765779,0.2554531971672923,0.03889193319914506,0.12657605042550846,0.12657605042550846,0.05307887574777323,0.39481280019191173,0.3948128001919118,0.03889193319914506,503,latin_hypercube,nan,True,False,2,ABNORMAL: ,49,2116,1710,1.2532764985078055,0.8779088005784335,0.0006476904944818657,0.0005699313534773134,22,8,False,1e-05,0.0005703527633930513,True,0.5509521589756813,0.7476821549028966,0.7030778320960246,0.1324833627911666,0.39475715495906205,0.7547644020471947,0.6397913583989281,0.7828761058843969,0.3830560513018123,0.6199623960603141,0.6915399595856149,0.6887778726786645,0.316007771393646,0.7234411765410704,0.03323457970064845,0.5240874010282982,230,0.000553498514294445,True,0,350,0.03849252048102941,False,"alpha_e~0,alpha_p~pi/2"
electron,gradient_local_minimum_0234,gradient,gradient,gradient,0.00051099895,7.555460620269448,2.748719814799145,1.2143137060345097,0.42017581746783556,0.0,0.0,3.141592653589793,0.0,0.8631342013814578,1.9070918950474431,1.0490599480319602,2.4271427151367795,4.804999385858234,0.3980539561376745,2.4216208000373447,-0.25611325470531454,4.0035658408856944,0.6713327652672912,-1.7312061132037044,0.13259839142268684,0.12446609117982443,2.8398867419482947,0.8933420169750077,2.6483264107591284,151.7379261095277,0.2563128473520695,1.3924927111933405,0.2563128473520695,1.3924927111933405,False,,gradient,669001759,3.0674636347058986,1.5174112049271768,0.9999999999999999,0.08530986746747912,0.031351799087462384,1.0,1.1294116350570853,0.30662448537997306,-0.1828638492391572,0.40807420387677507,0.4641447375443326,0.6663120951709914,0.6663766754154288,0.6663209596849001,0.9423577763693171,0.9423181945077264,0.9423639960248602,0.0005738721012402888,1.159548811587987,0.8880172181501516,8.496974847782557e-06,8.150213738511436e-06,8.406150816764324e-06,0.12860697670854865,0.323042579766984,0.44187489070497,0.4516495564755326,0.21605011246720365,-2.0375370515674827,0.956715707431046,0.12860697670854865,0.00996969680319694,0.13351150146295818,0.13351150146295818,0.2399421058472543,0.4148389420615093,0.4148389420615094,0.00996969680319694,669,latin_hypercube,nan,True,True,0,CONVERGENCE: RELATIVE REDUCTION OF F <= FACTR*EPSMCH,35,1818,981,3.937407500184657,1.1369670060066186,0.0019220726588916185,0.0005738721012402888,37,23,False,1e-05,0.0005751736865919146,True,0.0114189056261071,0.1279637129037742,0.9282910937466547,0.057103514295791594,0.13162820512837428,0.8741389917930078,0.5394776314312087,0.8892538930040217,0.43922167064451395,0.6070462040545813,0.772583521407005,0.6956871487447693,0.16696307632901333,0.7647394038128593,0.9764040004361515,0.48300698793437835,234,0.0005574392620574204,True,0,350,0.03203036363145135,False,"alpha_e~0,alpha_p~pi/2"
electron,gradient_local_minimum_0238,gradient,gradient,gradient,0.00051099895,11.701348526129213,3.4207233922270324,1.581756690286386,1.1933377383299022,0.0,0.0,3.141592653589793,0.0,0.44485190380074036,2.903339833129401,3.283038652475827,2.2462136784205633,0.9054248932250837,0.1668662367905761,4.981935954458125,0.4745605700587377,9.160810893803198,0.9154029933936834,-7.491398719750842,0.014736251717558383,0.0061063204601403505,1.7264407287579044,0.9247704734469755,2.3371626162946537,133.9095539494371,0.26371086200400057,1.0984169490299676,0.26371086200400057,1.0984169490299676,False,,gradient,979010691,0.008845920357650921,1.5896346818995188,1.0,1.3698440376622268e-05,0.00047216955903035156,1.0000000000000004,0.9086417393996135,0.3325948603914924,-0.14529635901711446,0.061589094127307384,0.10991391636999673,0.6663689671110283,0.6663049687497712,0.6663097091183535,0.9425292052557054,0.9425325519624898,0.9424873109235699,0.000588955940467067,1.159502974487366,0.8883370801455924,0.0003513910506992568,0.0003513827149197457,0.0003513914059233292,0.24741990982810647,0.07263871165342987,0.3090559051831351,0.32005862148153635,0.14902659444236693,0.9441773675221551,0.9312456183965913,0.24741990982810647,0.0034982544009261205,0.23667622623797493,0.23667622623797496,0.2616825752478821,0.44326515228048885,0.4432651522804889,0.0034982544009261205,979,latin_hypercube,nan,True,True,0,CONVERGENCE: RELATIVE REDUCTION OF F <= FACTR*EPSMCH,75,10734,1377,45.57903530245008,0.8847152287754299,0.0047057394909382246,0.000588955940467067,422,408,False,1e-05,0.000588996534276975,True,0.7060466168447364,0.1633174137879765,0.23569267813597333,0.4492529401691178,0.49754971925514935,0.2061442320645645,0.3693682807616066,0.8194887980894362,0.6066131157201516,0.9241617718362855,0.7149920203225233,0.24343611191833456,0.522511829903283,0.1441028473552236,0.0028157439022347417,0.5059964346692422,238,0.0005725231012841986,True,0,350,0.0031136433005600427,False,"alpha_e~0,alpha_p~pi/2"
electron,gradient_local_minimum_0239,gradient,gradient,gradient,0.00051099895,6.644635412654144,2.5777190329153683,1.1181961645579555,0.7118977322287904,0.0,0.0,3.141592653589793,0.0,0.6756442453195646,2.3284037802835953,0.9574753457066092,1.7658121995503222,4.697493543558597,0.5434556841827183,2.44684978097585,-0.4556948041197878,3.0071654540388195,0.5970442555128976,-2.771712543750274,0.07233207164806815,0.05412792088182491,2.9094332358718646,0.873709828771546,2.076915663034294,118.99850189648011,0.6090999575601085,0.7268264127043169,0.6090999575601085,0.7268264127043169,False,,gradient,1668001272,3.0550130259299677,1.4964093661683344,0.9999999999999999,0.013175925799820638,0.04188886717311005,0.9999999999999999,1.1638893696205204,0.2949164825990294,-0.16876845091006443,0.35133442634416556,0.40110702426024875,0.6663338643752797,0.6663390485416817,0.6663051400508655,0.9423442907636801,0.9423201854335395,0.9423241882831515,0.0005905865685093306,1.159533720357191,0.887984989566321,4.21591017585321e-06,3.973404002932668e-06,4.608553863194587e-06,0.17585265022125662,0.2877830925251339,0.4528507922547781,0.4636357427463905,0.22103292088158286,-1.8267814746728142,0.9534766218509094,0.17585265022125662,0.04660547130260345,0.15175446692079977,0.15175446692079975,0.1687321097575586,0.38460979033280984,0.3846097903328098,0.04660547130260345,1668,sobol_screened,0.6091140852654179,True,True,0,CONVERGENCE: RELATIVE REDUCTION OF F <= FACTR*EPSMCH,44,1338,756,1.462831047588202,0.6091140852654179,0.0009042022063528783,0.0005905865685093306,25,11,False,1e-05,0.0005914622424741261,True,0.44555580522865057,0.7197306230664253,0.37492594216018915,0.3727630591019988,0.11083784233778715,0.8152107708156109,0.8795515699312091,0.36331832222640514,0.39662655813313596,0.7411539422919792,0.5620754802608121,0.5835031664519673,0.1523869341578282,0.7476293175996143,0.972440848573766,0.47632189502940087,239,0.0005741537293264622,True,0,350,0.03953446455932931,False,"alpha_e~0,alpha_p~pi/2"
electron,gradient_local_minimum_0241,gradient,gradient,gradient,0.00051099895,12.515356855297727,3.5377050266094443,1.6445001020674503,1.012527139785588,0.0,0.0,3.141592653589793,0.0,0.6837643840732355,2.780907908488311,5.88002460174613,2.3655797856313936,1.967911905234596,0.228530920189232,4.268252188217269,0.4904136209927721,9.567999127328509,0.8878612739665603,-6.582377578076025,0.018536540417583472,0.008369271748294592,2.0883021953149714,0.9261695379055171,2.4996300012571275,143.21824941631408,0.3219168262703789,1.8147276008961577,0.3219168262703789,1.8147276008961577,False,,gradient,1011009209,3.124369547577746,1.5417864966396218,0.9999999999999999,4.816330536911342e-05,0.0017708930544988826,0.9999999999999998,0.9033197967006189,0.3275557487959297,-0.14137808863897644,0.18544842829136932,0.23175763397884658,0.6663451048667107,0.6662879980627933,0.6663384160455217,0.9423170945384458,0.9423526694905854,0.9423123262320232,0.0005954329290796128,1.1595303651987494,0.8879808588787709,6.011517025727997e-06,5.870218149905959e-06,5.939108227437373e-06,0.05833866277635397,0.32606464391102025,0.37581552640109106,0.3844033066873742,0.18361387305740395,-2.3877236965618494,0.9553189052389324,0.05833866277635397,0.11271871177950399,0.21038002836791903,0.21038002836791897,0.11520829604700371,0.4052166649447069,0.4052166649447071,0.11271871177950399,1011,latin_hypercube,nan,True,True,0,CONVERGENCE: RELATIVE REDUCTION OF F <= FACTR*EPSMCH,52,9244,909,13.96566049603871,0.9161092632214336,0.006676166157786312,0.0005954329290796128,373,359,False,1e-05,0.000595451411370446,True,0.7908494194613207,0.6821007015650913,0.28330809251224054,0.7221438251374976,0.6978588804278828,0.4102299860527897,0.974205944224793,0.5006194803315344,0.6357524320635727,0.8851904798385176,0.7529874323230049,0.38507709054258227,0.93583498086985,0.31320290728747546,0.994517715085574,0.49076588426506335,241,0.0005790000898967444,True,0,350,0.014943470064908836,False,"alpha_e~0,alpha_p~pi/2"
electron,gradient_local_minimum_0242,gradient,gradient,gradient,0.00051099895,7.269371043585145,2.6961771165086956,1.1849233997702167,0.8980610691004876,0.0,0.0,3.141592653589793,0.0,0.4370005652950429,2.688260384116098,3.1162839485523968,1.8433563203116545,5.6137177300639545,0.27305575428941503,1.324465934665554,-0.09526354501117498,4.468507268550046,0.7869505613811616,-4.078631487006161,0.04089925882093778,0.02477454995033089,2.0895933943684675,0.8886818783671675,1.9453653262195059,111.46122280346827,0.3784183360930116,0.5733562268650484,0.3784183360930116,0.5733562268650484,False,,gradient,675012071,0.028729206577327693,1.5939771441993564,1.0,0.0009646096752931422,0.004875925950420578,0.9999999999999999,0.9119485319435305,0.32246369256038276,-0.16500527800430642,0.12415386298518177,0.17736207422240294,0.666236101114435,0.6664327098843943,0.66631792181585,0.9425189864755441,0.9424378213296082,0.9425768088348009,0.0006014527759607195,1.1595056921193458,0.8883273628315829,0.0003389406348659474,0.0003389317113415835,0.00033891081634629394,0.2950218603644964,0.027131196950194725,0.3010199005602666,0.3221530573146911,0.13994337190292103,-0.29383736722218673,0.8688005202832461,0.2950218603644964,0.0008885166374960661,0.18061914332176138,0.18061914332176132,0.3351671389015521,0.49722779936354744,0.4972277993635476,0.0008885166374960661,675,latin_hypercube,nan,True,True,0,CONVERGENCE: RELATIVE REDUCTION OF F <= FACTR*EPSMCH,39,12135,756,24.0784756709814,0.7994248287756204,0.011777253045110202,0.0006014527759607195,508,494,False,1e-05,0.00060153769254757,True,0.5644419340896062,0.16796408887713038,0.46784904722034343,0.541097682638338,0.1535444828109634,0.4706771808539195,0.3925419645521767,0.6866574432811039,0.426133647767202,0.8556998569003886,0.586758540514574,0.3356382736024891,0.4959719944900436,0.8934509258622926,0.009144790475779789,0.5073786833496609,242,0.0005850199367778511,True,0,350,0.009538254914520539,False,"alpha_e~0,alpha_p~pi/2"
electron,gradient_local_minimum_0243,gradient,gradient,gradient,0.00051099895,11.337724603381336,3.3671537837439702,1.5529258492458917,0.9247820487644025,0.0,0.0,3.141592653589793,0.0,0.7141397870711227,2.681039807440165,5.790080346530012,2.2728268780635617,1.9559232548741181,0.26376775098315364,4.244071303790479,0.3173194906296959,8.154074210256322,0.8479429428786576,-5.592751520747832,0.02451677831148734,0.012284613281765824,2.342070366023356,0.9195267359695429,2.4253847746010395,138.96431127992804,0.39284395839356745,1.67350530314758,0.39284395839356745,1.67350530314758,False,,gradient,283005577,0.02570689848854345,1.535644344779882,1.0000000000000002,0.0001561259451300325,0.0039058574473691556,1.0000000000000004,0.9509050443423265,0.3262250170312062,-0.12144124998350192,0.2511222433946188,0.2907394172387777,0.6663066709801161,0.6663707153451467,0.6662811706961007,0.9423479393450832,0.9422844992877815,0.9423298359279708,0.0006048067644851145,1.1595241204172293,0.8879684091741284,5.128725717451488e-06,4.8993812538644654e-06,4.990986267328079e-06,0.3671529008583613,0.031142781143858184,0.38873950894430775,0.3982956820022195,0.189591667943198,0.48184468223248506,0.9520146790953236,0.3671529008583613,0.01615768852194112,0.175756743730443,0.175756743730443,0.10806385645579293,0.4259475742673374,0.4259475742673372,0.01615768852194112,283,latin_hypercube,nan,True,True,0,CONVERGENCE: RELATIVE REDUCTION OF F <= FACTR*EPSMCH,58,5641,1224,13.479060832115856,0.930782830450194,0.0014710400947404159,0.0006048067644851145,201,187,False,1e-05,0.0006050229124767161,True,0.7538924188369297,0.3955843541762532,0.06504034079111465,0.6777575518705465,0.7486718670750088,0.101035836968132,0.18048720723616152,0.251824276030554,0.5932692966136557,0.8534014759604911,0.7234632648718726,0.43148407175948716,0.9215199080494858,0.311294854321605,0.008182759932026527,0.488810776605666,243,0.0005883739253022461,True,0,350,0.017843478773888036,False,"alpha_e~0,alpha_p~pi/2"
electron,gradient_local_minimum_0246,gradient,gradient,gradient,0.00051099895,8.593910830549712,2.9315372811120297,1.3157032932118167,0.9152916990968474,0.0,0.0,3.141592653589793,0.0,0.6428837624135343,2.554361117849344,5.560312312143643,1.790879756522286,1.7732422822925786,0.39620919870431753,3.9737033015841923,-0.2501742577235805,4.94806668707835,0.714256397771747,-4.480676659390923,0.03526608612867565,0.02022199219013072,2.8593550042307454,0.8980448417132565,2.007745711673449,115.03535561437849,0.6611872009786032,0.8948822148221561,0.6611872009786032,0.8948822148221561,False,,gradient,555001765,0.049095556174260216,1.5173812824008457,1.0,0.0009002316196027962,0.014218190923332744,1.0,0.8902485493749088,0.3266046926126747,-0.1105355874995992,0.28623591893769296,0.32233736051576095,0.6662805754897441,0.6662744747635054,0.6663951364835795,0.9422596253665881,0.9423452523647646,0.9423409179787389,0.0006136852011658582,1.1595203130989136,0.8879580544452029,1.7205996534763734e-06,2.2914504988480466e-06,2.252046658712814e-06,0.3903940734429432,0.030726303528467558,0.4137999641961609,0.42112037697141075,0.2032397757104555,-0.48465428232750835,0.9652336330628483,0.3903940734429432,0.03071011544286093,0.17370522716402748,0.17370522716402748,0.12112625662197232,0.40517439586456183,0.4051743958645619,0.03071011544286093,555,latin_hypercube,nan,True,True,0,CONVERGENCE: RELATIVE REDUCTION OF F <= FACTR*EPSMCH,55,1825,1440,4.204814128630008,0.9264375859417507,0.0006195661991209093,0.0006136852011658582,19,5,False,1e-05,0.0006138255609797899,True,0.5706973337322192,0.3549924730844069,0.20241415109096558,0.49810652280047596,0.9499221595107811,0.4195833308346568,0.4809232715651777,0.08068047612198151,0.48476023754963476,0.8130783966949251,0.5700547314674637,0.461773526471121,0.8849511896123865,0.28222027452641796,0.01562760089795867,0.4829974632984275,246,0.0005972523619829897,True,0,350,0.026717178263631302,False,"alpha_e~0,alpha_p~pi/2"
electron,gradient_local_minimum_0248,gradient,gradient,gradient,0.00051099895,5.034543257796721,2.243778789853563,0.925826312484392,0.33347336062933186,0.0,0.0,3.141592653589793,0.0,0.5499326669178508,2.178162282681075,1.352744733623834,2.672378301927592,3.8977293514643225,0.22446166254505961,5.611478456979535,0.20185852894808043,2.5536978735742455,0.7144024978109829,-1.2167905066667564,0.19547403065450009,0.21199470978823906,1.90073871449633,0.8603734207772392,2.654907522350501,152.114996028218,0.055026213175953576,0.7234798966297017,0.055026213175953576,0.7234798966297017,False,,gradient,1087001347,0.04549003835432391,1.5602472422140394,0.9999999999999999,0.36939521876537246,0.011883443337303953,0.9999999999999999,1.1664971968898672,0.3101327993038292,-0.2592177436363232,0.24448494339501892,0.3248768678581742,0.6662718312880748,0.666298380924485,0.6663454304553672,0.9422703854142338,0.9423031719634888,0.9423224232697981,0.0006282691043908279,1.159503483644188,0.8879267636600777,1.7936381338512497e-06,8.820357389471845e-07,1.7842857257255318e-06,0.23369316724262928,0.14037508996085218,0.34741136002669726,0.37406825720348147,0.16037723142495655,1.2755943879889728,0.8574757592313765,0.23369316724262928,0.08574528659252689,0.13241485530532662,0.13241485530532662,0.05295068712920776,0.49351688749119205,0.493516887491192,0.08574528659252689,1087,sobol_screened,0.44508601399934383,True,True,0,CONVERGENCE: RELATIVE REDUCTION OF F <= FACTR*EPSMCH,48,1388,837,6.184446838619519,0.44508601399934383,0.000733091566687944,0.0006282691043908279,24,10,False,1e-05,0.0006301863821731654,True,0.4908084077760577,0.5169006614014506,0.8008330604061484,0.5512104565277696,0.18155384808778763,0.4560817750170827,0.0413909861817956,0.5447126161307096,0.3134443523642629,0.6933305882900387,0.8506444331266036,0.5727671856974901,0.21529601109776245,0.6203428931199144,0.014479928931061117,0.4966421220877242,248,0.0006118362652079595,True,0,350,0.0165551581081095,False,"alpha_e~0,alpha_p~pi/2"
electron,gradient_local_minimum_0251,gradient,gradient,gradient,0.00051099895,8.826828417519515,2.9709978824495176,1.3374267523927215,0.9153849021199305,0.0,0.0,3.141592653589793,0.0,0.6506203999074911,2.5595521429116097,2.434913383889694,1.840540169339565,4.938088047050977,0.3791134700458877,0.8650981477899924,-0.20288533050678875,5.2100237885343486,0.7279472932113408,-4.5677081164562585,0.03419764141160976,0.019387164375881658,2.8269644678173975,0.9006113659592745,2.049262715244576,117.41410469703364,0.6382737604567637,0.9594315964956319,0.6382737604567637,0.9594315964956319,False,,gradient,1256001828,0.0468353212637562,1.622463669245634,1.0,0.0007783420384698256,0.01301444000109172,1.0,0.8823160344854928,0.32822438516035046,-0.10125486247705509,0.29092851028228295,0.3241628252633102,0.6663018096566148,0.6662384544313025,0.6663592815839866,0.9422497014894132,0.9423355055108205,0.9422907441086326,0.000641070936288445,1.1594954519819354,0.8879141788673717,2.7202421979399816e-06,3.4112415271403407e-06,3.4761166629593276e-06,0.022863516739992235,0.39639451094228295,0.4120664247286827,0.41925802768227516,0.20243741088754516,2.7455216528511546,0.9656936660540587,0.022863516739992235,0.02679529693788639,0.16958065569765535,0.16958065569765535,0.13907510868483827,0.41116131662006955,0.4111613166200695,0.02679529693788639,1256,sobol_screened,0.5356898004116727,True,False,2,ABNORMAL: ,50,1888,1557,1.8612711640614943,0.5356898004116727,0.0007094184774990624,0.000641070936288445,21,7,False,1e-05,0.000641716463412647,True,0.6149157769978046,0.7704542735591531,0.3446569936349988,0.6446629036217928,0.30299045145511627,0.6345591330900788,0.16065014898777008,0.596384109929204,0.49458960052225154,0.814730751291672,0.5858621318191718,0.45950625864495503,0.3875285010466586,0.7859211221111668,0.014908145780847508,0.5164462258949132,251,0.0006246380971055766,True,0,350,0.018999836731679487,False,"alpha_e~0,alpha_p~pi/2"
electron,gradient_local_minimum_0254,gradient,gradient,gradient,0.00051099895,7.698713722728082,2.7746556043458943,1.228777615417003,0.9502944776043839,0.0,0.0,3.141592653589793,0.0,0.42720639777454367,2.731722445806857,3.059319961680032,1.8124773770921812,5.49590476257033,0.27620677037628233,1.2590947838619755,-0.07516073569133103,4.880764829632411,0.8024077274479231,-4.510557502077441,0.03489384258787642,0.019930019329351345,2.0817285052086163,0.8920319371250293,1.9299639597950882,110.57878950861465,0.3993047094158468,0.5844083731933206,0.3993047094158468,0.5844083731933206,False,,gradient,355002976,3.1164111221174693,1.5937181870416033,1.0,0.0005178342869453345,0.0037462423949496644,1.0,0.9520180907587421,0.3256711544928024,-0.19634742438696795,0.07801376799188754,0.1419584603736796,0.6663916215510182,0.6661999123280846,0.666304665280055,0.942287211988574,0.9423611444400796,0.9422256824152152,0.0006515784159530691,1.1594936503759585,0.8879129720759059,5.0734178567712895e-06,4.826303054927816e-06,5.00644290413188e-06,0.04118969284601681,0.27669181215069394,0.2976974389548236,0.31788150499671075,0.13875668645646821,2.5841587413835923,0.8730088682441842,0.04118969284601681,0.1471369846266976,0.20628048757673328,0.20628048757673328,0.28436202539619926,0.47583800742655585,0.4758380074265557,0.1471369846266976,355,latin_hypercube,nan,True,True,0,CONVERGENCE: RELATIVE REDUCTION OF F <= FACTR*EPSMCH,79,3040,1260,21.734181603557747,0.9197941349421441,0.0017108221391654184,0.0006515784159530691,79,65,False,1e-05,0.000651674586474149,True,0.7382881840054968,0.6097813331930163,0.9943373813237113,0.46515891433377154,0.7438371824439859,0.8734575968353447,0.9472427457084476,0.3300044080222736,0.4456820965071633,0.869534260810487,0.5769294676129076,0.31338629865226436,0.48690589440108495,0.8747004097253575,0.991984469583111,0.50729625472625,254,0.0006351455767702007,True,0,350,0.008435618523995925,False,"alpha_e~0,alpha_p~pi/2"
electron,gradient_local_minimum_0255,gradient,gradient,gradient,0.00051099895,12.16863878126344,3.488357605129303,1.6180672622040302,0.6071688819152354,0.0,0.0,3.141592653589793,0.0,0.9736803069123947,2.5535610503496686,2.709040200885924,2.640237949015457,5.08344627844786,0.23460630770066143,1.1384299493718992,0.5377153399608804,8.919926126698261,0.8527612514178616,-4.054742415896566,0.041274783020822124,0.0250866763711681,2.4199688100291716,0.9265870610066214,2.76649881669656,158.50870622464925,0.1938908431686892,2.6264826985688785,0.1938908431686892,2.6264826985688785,False,,gradient,1867004867,3.117860250802599,1.6012442399035625,1.0,0.0007347162101994074,0.00328391469007892,1.0000000000000002,1.0310371671694942,0.3181785568087033,-0.2191438018444375,0.2821794178363628,0.35190627644079836,0.6662422652004902,0.6663094144593709,0.6663222463037807,0.9422602765496754,0.942269447132568,0.9423169657880704,0.0006529710027871554,1.1594825050793693,0.8878957987890584,7.437026800782842e-06,7.619140718839734e-06,7.69229552977091e-06,0.33317251371717305,0.07164111539739595,0.38450141899071977,0.40481362911456903,0.18209460443343525,0.7696998666339063,0.8996466093877459,0.33317251371717305,0.10127218244117656,0.14469726048887654,0.14469726048887654,0.1672145097013509,0.45048911039655437,0.4504891103965543,0.10127218244117656,1867,sobol_screened,0.6297321119188438,True,True,0,CONVERGENCE: RELATIVE REDUCTION OF F <= FACTR*EPSMCH,53,4902,1062,5.333555765982292,0.6297321119188438,0.0027936634722433807,0.0006529710027871554,173,159,False,1e-05,0.0006532722227569106,True,0.35073598101735115,0.5612998679280281,0.5874215643852949,0.44881383143365383,0.37521798349916935,0.7350580533966422,0.8601727280765772,0.2490837201476097,0.623460330548378,0.812823727300164,0.840413841049235,0.5808492976756763,0.43115713900565594,0.8090556031570763,0.9924457415699404,0.5096918717561534,255,0.000636538163604287,True,0,350,0.009072609419757488,False,"alpha_e~0,alpha_p~pi/2"
electron,gradient_local_minimum_0256,gradient,gradient,gradient,0.00051099895,6.37609450022732,2.525092968630526,1.0883262960586562,0.7847475492667719,0.0,0.0,3.141592653589793,0.0,0.6357176090967175,2.417871007308289,2.2337715915928236,1.5675155789843793,4.855571871316633,0.496411197687872,0.7643118201663683,-0.5771744367349758,2.7259535824154093,0.5612689774451941,-3.0345527518736857,0.0636417814110661,0.045411932127441636,3.010659082803735,0.8836512993280118,1.8486398778851074,105.91926284239655,0.6941381080911632,0.5398385233621498,0.6941381080911632,0.5398385233621498,False,,gradient,1464001736,0.07517139808735356,1.6382474883165616,0.9999999999999999,0.007821875848479449,0.032609715798426996,0.9999999999999999,1.1656728133768823,0.31484062953240366,-0.12401844826220276,0.3631389765715679,0.40218502289607166,0.6663611136074704,0.6661781580956925,0.6663582796781691,0.9422518708178895,0.94237927317581,0.9422500117468157,0.0006535333431233406,1.1594939969480447,0.8879174410938724,8.116007855218932e-06,8.20388753092205e-06,8.389417455789694e-06,0.14503192768644482,0.30576086100202116,0.44123862065696096,0.45079278868846595,0.21584222631272798,1.9523142446256094,0.9576117086553144,0.14503192768644482,0.02249801315096566,0.13328858432850574,0.13328858432850574,0.1347909932553108,0.4159186269830284,0.4159186269830284,0.02249801315096566,1464,sobol_screened,0.5799375501124581,True,True,0,CONVERGENCE: RELATIVE REDUCTION OF F <= FACTR*EPSMCH,65,1825,1512,3.9136071016005483,0.5799375501124581,0.000671557832370515,0.0006535333431233406,17,3,False,1e-05,0.0006538768660274813,True,0.3735525533556938,0.7877218974754214,0.25431229919195175,0.5327666038647294,0.277355614118278,0.5400821873918176,0.16790714394301176,0.6282871905714273,0.3835177693629919,0.7696322451433888,0.4989557055378365,0.562343729964261,0.35551579054024834,0.7727882648580066,0.02392779916946193,0.5214703715469257,256,0.0006371005039404722,True,0,350,0.029238327183095575,False,"alpha_e~0,alpha_p~pi/2"
electron,gradient_local_minimum_0259,gradient,gradient,gradient,0.00051099895,2.947837447530248,1.7169267449516443,0.602236807802039,0.17373754521306692,0.0,0.0,3.141592653589793,0.0,0.38939047273872324,1.5776349525543052,0.40989950307973394,2.7705188380229004,4.049248351563998,0.2260666557517087,2.615651277587785,-0.3122345031413519,0.8884893581703216,0.5308669957190562,-0.368469075148014,0.49355593557264044,0.7249332761515287,1.6650118202475384,0.8093146483345234,2.6839790768402825,153.78067340436706,0.015960865239736027,0.2759710067508638,0.015960865239736027,0.2759710067508638,False,,gradient,1743006725,3.063536081021114,1.64382018262877,1.0,35.278375435086836,0.0347903174590132,1.0,1.0659652741959378,0.3011369429917367,-0.28008539122311726,0.2626023500568032,0.34694640854637737,0.6662793321390844,0.6663312330338804,0.666252816083356,0.9423009272767295,0.9422455859669371,0.9422822707404325,0.0006586471464813878,1.1594775329338627,0.8878845510768546,5.576994428491133e-06,5.780899470120282e-06,5.750696292161628e-06,0.3435862745274979,0.06121185531745543,0.3974052338475972,0.40479812984495334,0.19500616892512054,0.7611923390179053,0.9634736652553817,0.3435862745274979,0.03476323382784294,0.22890444136838803,0.22890444136838803,0.03008369034888625,0.3662974287866588,0.3662974287866587,0.03476323382784294,1743,sobol_screened,0.6173707229756822,True,False,2,ABNORMAL: ,6,6763,567,0.9316274035929496,0.6173707229756822,0.55272289500597,0.0006586471464813878,278,264,False,1e-05,0.0006610714144396563,True,0.1885063722729683,0.21619939897209406,0.8659569509327412,0.6137878466397524,0.8930059252306819,0.8663468742743134,0.9142365092411637,0.673206695355475,0.18220915050010195,0.5021768021871309,0.8818835360011175,0.6282885348218844,0.06523753208605124,0.6444578909581191,0.9751538212697669,0.5232442152391817,259,0.0006422143072985194,True,0,350,0.03102307285712348,False,"alpha_e~0,alpha_p~pi/2"
electron,gradient_local_minimum_0260,gradient,gradient,gradient,0.00051099895,7.042503871057889,2.6537716312934485,1.1611133872084551,1.0407346353099762,0.0,0.0,3.141592653589793,0.0,0.4190233844922635,2.787776390247093,3.2368307030375574,1.1428079718694868,0.7131067782647296,0.2750203148013189,5.0296251479978755,-0.6462801548903767,3.799264036178981,0.6861476153581173,-4.690040221887884,0.03277430971300794,0.01828989941013076,2.6176742437392737,0.898491013683294,1.2617290179707041,72.29174761890735,0.6884653415984322,0.24307724874401265,0.6884653415984322,0.24307724874401265,False,,gradient,951004180,3.1195689335629497,1.5937363223102852,1.0,0.000376922636006908,0.0028745254835206447,1.0,0.99669590922544,0.3267636031735354,-0.19992341445879117,0.08423723267222907,0.14956492793953977,0.6664212843250696,0.6661967965549453,0.6662705087580835,0.9423037873711589,0.9423558275904417,0.9421972114808261,0.0006617639337328502,1.1594903266190129,0.8879021555034926,9.277524837814077e-07,7.867514355552885e-07,1.0227414179442285e-06,0.06588957452262513,0.24903705203479753,0.2922162150106893,0.31492662655742265,0.13475290173197796,-2.3179697198740543,0.8557733158673236,0.06588957452262513,0.13969390953758717,0.19752582590559595,0.19752582590559598,0.3036558086156884,0.4875475475369815,0.4875475475369813,0.13969390953758717,951,latin_hypercube,nan,True,True,0,CONVERGENCE: RELATIVE REDUCTION OF F <= FACTR*EPSMCH,56,4243,873,12.71468425789795,1.0136408304016404,0.004424329227889963,0.0006617639337328502,151,137,False,1e-05,0.0006620587652763659,True,0.6056090892124361,0.37191030581348516,0.908185110819193,0.0531230866392183,0.1465974148310719,0.1382688061341964,0.5962444886396455,0.0024682412237668405,0.4155707345808126,0.887376785485411,0.363767075455705,0.3273022577886574,0.515157606340042,0.11349446871316786,0.9929896321849119,0.50730202736156,260,0.0006453310945499817,True,0,350,0.007489096955182623,False,"alpha_e~0,alpha_p~pi/2"
electron,gradient_local_minimum_0262,gradient,gradient,gradient,0.00051099895,8.881747144136458,2.980226022323887,1.3424993214699794,0.8923135407120676,0.0,0.0,3.141592653589793,0.0,0.6672180658764412,2.548211122928209,2.416915830821651,1.869359745129805,4.878179643940057,0.4048906831554378,0.8380767483331801,-0.17158344531847075,5.247600923759169,0.7309132367741552,-4.4671120090661764,0.03543698819003164,0.0203564784450325,2.811755855239283,0.8972256829355502,2.0999862073001214,120.32034671398175,0.6322602575224981,1.0225047148691921,0.6322602575224981,1.0225047148691921,False,,gradient,672002176,0.04946436398654524,1.6238298164753604,1.0,0.0008967353881110718,0.014287912727192832,1.0000000000000004,0.881990937917954,0.31781964983604893,-0.1417714016886652,0.2663439080953126,0.31140164533677,0.6663323429007845,0.6662237704149148,0.6663048062871911,0.9422601673333829,0.9423175437446182,0.9422408125886977,0.0006624744557216036,1.1594767431383062,0.8878781041201659,1.3194816210759797e-06,1.4671718304715142e-06,1.541760533019243e-06,0.03119480398708671,0.39246751441722494,0.41539483433840996,0.4236623184043117,0.20356367513625415,2.6624061372707475,0.9609713504989518,0.03119480398708671,0.03217501716803157,0.18636738866214508,0.1863673886621451,0.1230357623010301,0.38997029293354335,0.3899702929335434,0.03217501716803157,672,latin_hypercube,nan,True,False,2,ABNORMAL: ,76,2239,1656,7.095139053175517,0.7712661451538412,0.0007091238322269124,0.0006624744557216036,30,16,False,1e-05,0.0006627736079014483,True,0.4875426508776114,0.8063192701777402,0.02113492160649781,0.5318082519077751,0.2870134206317763,0.4636397993274081,0.08823452624320985,0.30333398036281606,0.4968882663639475,0.8111207925115477,0.5950356877088282,0.47058627691844784,0.3846641015123208,0.7763864036233221,0.01574499607071081,0.5168810840641177,262,0.0006460416165387352,True,0,350,0.019926847078806473,False,"alpha_e~0,alpha_p~pi/2"
electron,gradient_local_minimum_0265,gradient,gradient,gradient,0.00051099895,2.0689112113578916,1.4383710270155932,0.41333791541822634,0.2981057526028291,0.0,0.0,3.141592653589793,0.0,0.16930802842504314,0.07419864763383076,5.159378889139476,1.8669298359443864,2.2091097684713112,2.6265263449364276,5.380657655881789,-0.36063133812151765,0.03054901668190494,0.07632887139243372,-0.01229174080748351,0.967381368644431,1.7230415500011855,1.249523836759955,0.33659068008051457,1.7895125928341753,102.53151895491116,0.04955920641040855,0.05868784434762395,0.04955920641040855,0.05868784434762395,False,,gradient,1314001623,0.5198445677317546,2.073432825754316,1.0,6577.58147230091,0.760198791033284,1.0,1.1298800032042355,0.043442815046373706,-0.16727291700902375,0.37915391694315886,0.3864207233390493,0.6663597956508882,0.6662581073925447,0.6662177241405708,0.942306047187677,0.9422777223421841,0.9422053199791733,0.0006801763686965845,1.1594639992281264,0.8878596119997337,5.4436402754376445e-06,5.872803438999874e-06,4.943371719190459e-06,0.18737410585766523,0.0482745886284639,0.23555031041204394,0.23564869448612913,0.11772596316897938,0.938775147411823,0.999164993684351,0.18737410585766523,0.12346342302340052,0.39013980838967977,0.39013980838967965,0.000218386230586136,0.3742114971241911,0.3742114971241913,0.12346342302340052,1314,sobol_screened,0.5528249724568407,True,True,0,CONVERGENCE: RELATIVE REDUCTION OF F <= FACTR*EPSMCH,46,1681,1179,8.312138940035465,0.5528249724568407,0.0007100424121664171,0.0006801763686965845,25,11,False,1e-05,0.0006801781710942714,True,0.19597350992262363,0.08430111035704613,0.6184414410963655,0.4976808335632086,0.8920277832075953,0.3654215093702078,0.2139695743098855,0.38563813734799623,0.11282284702554791,0.02361816308331586,0.5942622235925806,0.3788867377349381,0.8211406534905196,0.35159073948480163,0.16547166518795667,0.6599941667755918,265,0.0006637435295137161,True,0,350,0.22695215288174053,False,"alpha_e~0,alpha_p~pi/2"
electron,gradient_local_minimum_0268,gradient,gradient,gradient,0.00051099895,4.886811219496302,2.210613312973642,0.9063020701512168,0.764392992897872,0.0,0.0,3.141592653589793,0.0,0.5837919397537472,2.5072979675985527,4.042896451258849,1.1202224919161143,1.302445081972781,0.5211138307383538,5.464600430008583,-0.8418933662959671,1.4107211422509367,0.3946182260514213,-2.5128286460253526,0.08274361932813934,0.06510011810229413,3.0440239878025714,0.8921713523442826,1.4269591171214628,81.75873494877395,0.7595019920123611,0.2084482401251463,0.7595019920123611,0.2084482401251463,False,,gradient,226002023,3.0728965486955824,1.6273946789023603,1.0,0.016234027998650206,0.02686202153160979,1.0000000000000002,1.2115303677253717,0.3053174138122573,-0.1692030423827389,0.37377748079339657,0.4254381161028602,0.6663402632513357,0.6662598518681838,0.6662174728684732,0.9422938512025167,0.9422638296749126,0.9422070131340174,0.0006883404231481379,1.1594551139754843,0.8878442889221645,6.165372797184432e-06,6.057128518643928e-06,6.144232257421223e-06,0.2582008195262716,0.19053204736656076,0.43255269419861725,0.44873286689283237,0.20818626075220106,1.4075524729853148,0.9278850563977997,0.2582008195262716,0.07264194732053866,0.10955174899415795,0.10955174899415795,0.19994844904078132,0.4417153841130098,0.44171538411300987,0.07264194732053866,226,latin_hypercube,nan,True,True,0,CONVERGENCE: RELATIVE REDUCTION OF F <= FACTR*EPSMCH,65,2087,1728,6.770312493569058,0.9795811603975496,0.0007038517959283496,0.0006883404231481379,19,5,False,1e-05,0.0006884611841179918,True,0.2664664594403615,0.34544574517732696,0.9319268650746589,0.28245246693265363,0.7195555847409392,0.7176347319922946,0.6123140823568589,0.6117031454473603,0.3051830613711381,0.798097730695145,0.35657789390234074,0.6255809997485091,0.6434469546265277,0.20729057290169695,0.978133350669854,0.5180158150175169,268,0.0006719075839652695,True,0,350,0.02561895421165716,False,"alpha_e~0,alpha_p~pi/2"
electron,gradient_local_minimum_0269,gradient,gradient,gradient,0.00051099895,12.38149687782178,3.518735124703446,1.6343447530341342,1.0694719923982197,0.0,0.0,3.141592653589793,0.0,0.6392443660991319,2.7900380924319053,5.8900202376438076,2.2849497548796283,2.041264250255281,0.21710003722595006,4.315823017891443,0.41710239545743355,9.41286197344485,0.8829038805195393,-6.883510873785326,0.017135421087728368,0.007512790899124302,2.1282353986729747,0.9269323050703459,2.4112220590089555,138.1528474500575,0.3604603550954695,1.6251359049252518,0.3604603550954695,1.6251359049252518,False,,gradient,134009908,3.1249182471959966,1.5418489539728486,1.0,3.662447031239968e-05,0.001670580206036908,1.0,0.910095611157382,0.3319228490354615,-0.0894793104149123,0.21375604240231627,0.2434562700449624,0.6662513596026668,0.6662825871990654,0.6662736438570646,0.94224714387104,0.9422409113969944,0.9422630117863139,0.000688813417195474,1.159450193657792,0.8878357325284104,6.319956050104825e-06,6.4924392661480645e-06,6.5288773644089915e-06,0.06559107603541767,0.3160825804688372,0.3746484698484595,0.38167365650425483,0.1838116415963321,-2.3204440446006753,0.9631874690009317,0.06559107603541767,0.10985872181830907,0.196090650861642,0.196090650861642,0.11002210710580657,0.4222356926341032,0.42223569263410315,0.10985872181830907,134,latin_hypercube,nan,True,False,2,ABNORMAL: ,50,9946,1314,8.804437364547699,1.07194462263842,0.006396254802053926,0.000688813417195474,392,378,False,1e-05,0.0006888251939738239,True,0.960652048325902,0.5813871118564615,0.9700586178735497,0.7857957478892333,0.8853892784958409,0.22049832573322503,0.9420751850664734,0.22780962595387108,0.6310271606518609,0.8880967076504402,0.7273220964114149,0.35912090407591885,0.9374258357323121,0.32487729558489964,0.9946923715986083,0.4907857650516942,269,0.0006723805780126055,True,0,350,0.014861709809751208,False,"alpha_e~0,alpha_p~pi/2"
electron,gradient_local_minimum_0275,gradient,gradient,gradient,0.00051099895,11.351247075763718,3.3691611828114896,1.554007392728123,1.0707257212605592,0.0,0.0,3.141592653589793,0.0,0.6221706773493455,2.7441650055620075,0.48573015503037903,2.0531061774798633,4.319600033791231,0.26917056509632853,2.028433199896306,0.16371678100973813,8.078855625177953,0.8387495435848311,-6.476443962767229,0.019068858958256236,0.008701093029073344,2.433012245319518,0.919840831357143,2.2174752489584457,127.05197294004044,0.5184033413437396,1.3196091725491192,0.5184033413437396,1.3196091725491192,False,,gradient,1753005470,0.023334951795102792,1.5368002001661443,1.0,6.606362923049168e-05,0.0032135044354030854,0.9999999999999999,0.918888379089297,0.32470631093800806,-0.11633734498947755,0.20415184502111433,0.24192731513696994,0.6662638643469081,0.6662435487876237,0.6662649028539621,0.9422289389530619,0.9422440991452555,0.9422297450157396,0.000709008187235877,1.159432857785403,0.8878054025283535,7.370165011011398e-06,7.484664579449074e-06,7.505316299505349e-06,0.3644425751173066,0.02673401219951646,0.3840026725207506,0.39117658731682303,0.18841437886233908,-0.45969975542690383,0.9633213488297954,0.3644425751173066,0.01574561704833236,0.2064461555439185,0.20644615554391849,0.10160854606899897,0.4023772571392585,0.40237725713925876,0.01574561704833236,1753,sobol_screened,0.6183023916454423,True,False,1,STOP: TOTAL NO. OF ITERATIONS REACHED LIMIT,80,5510,1242,6.767737164302121,0.6183023916454423,0.0014658251345130442,0.000709008187235877,192,178,False,1e-05,0.0007090999313922662,True,0.5908930953592062,0.7841601241379976,0.6383657548576593,0.30353725515305996,0.09845810197293758,0.7702675061300397,0.07043268717825413,0.45403336361050606,0.5937693258427288,0.8734948505899839,0.6535239936768529,0.36884457863802245,0.07730635518187748,0.6874856975577924,0.007427745850003412,0.4891786968021121,275,0.0006925753480530086,True,0,350,0.017177631152746144,False,"alpha_e~0,alpha_p~pi/2"
electron,gradient_local_minimum_0276,gradient,gradient,gradient,0.00051099895,7.569884341425432,2.7513422799472687,1.215777488025061,0.6634058996841135,0.0,0.0,3.141592653589793,0.0,0.7408290276891278,2.298688003691606,2.226856443777962,2.0194266119123587,4.72798500683275,0.48393358638942996,0.7558650922980145,-0.25082188181093706,3.9495865110913595,0.6696037445554531,-2.841902034205727,0.06984606930693467,0.05159194228372216,2.828651192954415,0.8816679172685044,2.300551741362475,131.81190533154196,0.5100283911726717,1.063870629615646,0.5100283911726717,1.063870629615646,False,,gradient,331001433,3.0645166397829717,1.6367094790790333,1.0,0.010383685886508787,0.03321271510825765,1.0,1.0977760740932616,0.29450369426385375,-0.1802750588078253,0.3444091340900109,0.3975008048925489,0.6663312758321173,0.6662279323859718,0.6662212702878975,0.9422632422396656,0.9422582186479448,0.9421852753960225,0.0007094735479052328,1.1594373115230434,0.8878078820753469,2.9906326626250035e-06,2.4004735213467576e-06,2.6542977719645755e-06,0.3411638799334189,0.11633869552185565,0.4458081555428772,0.45750257545527456,0.21705686781523992,-1.0264083245661293,0.9488771406335368,0.3411638799334189,0.08643459758767001,0.15242674454057437,0.15242674454057437,0.10372863828296636,0.390070680004151,0.390070680004151,0.08643459758767001,331,latin_hypercube,nan,True,True,0,CONVERGENCE: RELATIVE REDUCTION OF F <= FACTR*EPSMCH,52,1497,927,2.785820850979029,0.8362953662392749,0.0008132827145871778,0.0007094735479052328,25,11,False,1e-05,0.00071045948724715,True,0.5023257998602052,0.08075758698658794,0.41557232875895594,0.5252756987019834,0.2189417841891531,0.47384519925471685,0.8012360069113231,0.7784362065699747,0.4398749085818549,0.7316951168271201,0.642803454994341,0.5888776947421357,0.354415210583302,0.7524821847018007,0.9754659428176504,0.5209808080015784,276,0.0006930407087223643,True,0,350,0.029462647247043505,False,"alpha_e~0,alpha_p~pi/2"
electron,gradient_local_minimum_0281,gradient,gradient,gradient,0.00051099895,7.978946440351199,2.824702894173332,1.2566104083282432,0.9487426605239806,0.0,0.0,3.141592653589793,0.0,0.6257426783886543,2.579874750659306,2.4015625951743957,1.5395522812682172,4.917495453210295,0.4373473332977437,0.8352051088468506,-0.45797453015308276,4.142347103417713,0.6517441831936039,-4.442469501828402,0.035750686584841235,0.020603723242168807,3.0932837378546507,0.8952944584832839,1.7937779715624738,102.77590715406755,0.81087848493017,0.6608172857248334,0.81087848493017,0.6608172857248334,False,,gradient,1173001408,3.0898701843215934,1.6252452219637088,1.0,0.0009447315917783137,0.01548948394418052,1.0,0.9517432946809706,0.3141814654478097,-0.14899480656484881,0.26361255546213463,0.3104239621327918,0.6662956880144357,0.6662086662916649,0.6662240975555199,0.9422245357559954,0.9422356520514538,0.9421740237515115,0.0007370596461983255,1.1594118225310013,0.8877623273929732,3.144871851989972e-06,3.5319665310229453e-06,3.355826327988698e-06,0.3748199478191535,0.0505976899147991,0.4166884996701873,0.42541763773395264,0.20397968080321094,-0.6522146749090084,0.9589620302991556,0.3748199478191535,0.11101037430941402,0.18696075333179557,0.18696075333179557,0.1387194297860544,0.3876216089342518,0.38762160893425174,0.11101037430941402,1173,sobol_screened,0.507690263044584,True,True,0,CONVERGENCE: RELATIVE REDUCTION OF F <= FACTR*EPSMCH,47,1519,1251,5.806491429519684,0.507690263044584,0.0007427938033006051,0.0007370596461983255,15,1,False,1e-05,0.0007371138189136684,True,0.5673863580450416,0.20617405697703362,0.7084702616557479,0.7023208271712065,0.332846206612885,0.6457215333357453,0.6769257606938481,0.8020570203661919,0.45814853038895753,0.8211996382507991,0.4900547114244815,0.47160892872027005,0.38222055816660544,0.7826437090103385,0.9835362266940948,0.5173316216240178,281,0.0007206268070154571,True,0,350,0.020771100236326345,False,"alpha_e~0,alpha_p~pi/2"
electron,gradient_local_minimum_0283,gradient,gradient,gradient,0.00051099895,11.243420915231523,3.3531210707684744,1.545362721931105,1.0116629492272273,0.0,0.0,3.141592653589793,0.0,0.6527401191210873,2.715599288283388,5.765714366147477,2.1277940026137045,1.8801572269869764,0.2881750801268192,4.167310369687432,0.22330566475391145,7.995988645625016,0.8414958779068888,-6.075620092617316,0.02129646617195383,0.01012618943248017,2.3859680272427273,0.9168758035960417,2.298628058272848,131.70168640938564,0.47547035703429075,1.4356546335384577,0.47547035703429075,1.4356546335384577,False,,gradient,1475005292,3.1157687592957437,1.5347102946989826,0.9999999999999999,0.00010531463278434252,0.003950102582811695,0.9999999999999999,0.8765567779949158,0.3241102851313305,-0.14016787555011215,0.1964584070365393,0.241888257147339,0.6662740675760561,0.6662093969675315,0.666239401826202,0.9422103991373528,0.9422315481545744,0.9421857709821632,0.000738772541173965,1.1594090066771956,0.8877582498074763,4.342510384836018e-06,4.216667687628739e-06,4.125887675898721e-06,0.01699430813118641,0.3783383587101301,0.3876987361206482,0.3953326668413165,0.19003240269998997,-2.826421232944044,0.9613797120199404,0.01699430813118641,0.10568308960521003,0.21306019163774292,0.21306019163774295,0.12722773497683612,0.3916071415209407,0.3916071415209407,0.10568308960521003,1475,sobol_screened,0.5822731920581703,True,True,0,CONVERGENCE: RELATIVE REDUCTION OF F <= FACTR*EPSMCH,29,5332,531,0.3876289515536943,0.5822731920581703,0.004608086720946181,0.000738772541173965,215,201,False,1e-05,0.0007388337650187659,True,0.6211901353672147,0.6531733796000481,0.654452077113092,0.38626910373568535,0.8670414378866553,0.3062390312552452,0.8931048223748803,0.5198580212891102,0.5897738448300647,0.8644021003742682,0.6772978667945206,0.3920271730831597,0.917641941828325,0.299236316464928,0.9917799991464389,0.48851345923072503,283,0.0007223397019910966,True,0,350,0.01812506218985349,False,"alpha_e~0,alpha_p~pi/2"
electron,gradient_local_minimum_0286,gradient,gradient,gradient,0.00051099895,10.836909346042425,3.2919461335268574,1.5123371760806747,1.0203870315883212,0.0,0.0,3.141592653589793,0.0,0.6363006026737723,2.7025499166123508,2.5961536256215743,2.039811421448591,5.003148899383455,0.3044987056150035,0.9924317728462518,0.12775586086091345,7.503785315270444,0.8244349637356592,-5.967063197915982,0.021964492110559806,0.010564702658946651,2.4777897433802947,0.9140977769074795,2.219112589812956,127.1457856606282,0.5273333783656462,1.2956944370428127,0.5273333783656462,1.2956944370428127,False,,gradient,455003739,3.113260391028245,1.6089095686094559,1.0,0.00012655736645447827,0.004729998485189467,1.0000000000000002,0.8566210407415232,0.3238418559061768,-0.13801801068026667,0.20061473945711575,0.24531074818429183,0.666254768888351,0.6662584656757271,0.6662060940596473,0.9422299524162223,0.9421930202756472,0.9421954786494399,0.000740550440633168,1.1594075371020363,0.8877524290875127,1.5230792325682252e-06,1.7106274645684039e-06,1.4171406614305049e-06,0.38634665027090953,0.011255969545526573,0.3901878806881979,0.3976026198164361,0.19138657077997984,0.20068897342482372,0.9627027652299605,0.38634665027090953,0.12853324936776914,0.2125904775567469,0.2125904775567469,0.13827112969745037,0.3898069026268171,0.38980690262681716,0.12853324936776914,455,latin_hypercube,nan,True,True,0,CONVERGENCE: RELATIVE REDUCTION OF F <= FACTR*EPSMCH,48,3805,738,7.191176674675721,0.6398902264146793,0.0028671584116655695,0.000740550440633168,137,123,False,1e-05,0.0007406374022381749,True,0.42592449283453326,0.637571247211223,0.368904695577592,0.5808866167252358,0.7527707715183214,0.8058752933201352,0.7774748694255431,0.659619785264704,0.5745355909111194,0.8602483563628903,0.6492921413976973,0.39029558592518043,0.4131906825436194,0.7962758783616526,0.9909815607287042,0.5121318216640877,286,0.0007241176014502995,True,0,350,0.011706835328201123,False,"alpha_e~0,alpha_p~pi/2"
electron,gradient_local_minimum_0287,gradient,gradient,gradient,0.00051099895,4.041292459900799,2.010296609931181,0.786313829964525,0.2532540384165146,0.0,0.0,3.141592653589793,0.0,0.4902333459192029,1.9239962785304232,3.8606107931303937,2.6927135669378854,1.3602154959383645,0.26542384349183595,5.916875743130638,-0.014661539287989578,1.6948914422649513,0.6393064476327508,-0.7564874581851176,0.30242932668527406,0.38273225004066747,1.8360934128615105,0.8385843096049471,2.661691144169212,152.50366892824297,0.038187734904965354,0.5073897269450794,0.038187734904965354,0.5073897269450794,False,,gradient,205001462,3.0821410130393807,1.5442826910929504,1.0,2.6037491437425473,0.020187746512925722,1.0,1.1538470874964708,0.30852794591101684,-0.28638348670603714,0.24150544330785734,0.329862752204106,0.666233317956723,0.6662267079638869,0.6662441770005217,0.9421945107595714,0.9422071084146364,0.9422021746068223,0.0007482327729794974,1.1593997359613357,0.8877432229213312,5.635745445764506e-06,6.097804343907498e-06,5.608042324078966e-06,0.2275597336502619,0.16464540621465318,0.3752312591810414,0.39220513986491506,0.17912868924858388,-1.394268839441246,0.913443864148645,0.2275597336502619,0.07875105517358186,0.17970513294737717,0.17970513294737717,0.2089930918899554,0.42808972718770777,0.4280897271877078,0.07875105517358186,205,latin_hypercube,nan,True,True,0,CONVERGENCE: RELATIVE REDUCTION OF F <= FACTR*EPSMCH,36,1513,1026,8.254072785949132,0.9922837584716879,0.0008661216785977045,0.0007482327729794974,22,8,False,1e-05,0.0007484759049481652,True,0.04043436909179566,0.13569721727882061,0.9863902536759974,0.21342860522604443,0.48032016382774895,0.20703266708960305,0.7060715725904482,0.65909255866766,0.25528555558194715,0.6124270364370559,0.8571173490175473,0.6038392603088811,0.6144352910806248,0.21648501984878463,0.9810759550629586,0.49156044763739504,287,0.000731799933796629,True,0,350,0.023019804594329906,False,"alpha_e~0,alpha_p~pi/2"
electron,gradient_local_minimum_0290,gradient,gradient,gradient,0.00051099895,7.072409645027945,2.659400241601092,1.1642785491324883,0.6536265402612225,0.0,0.0,3.141592653589793,0.0,0.7129740547691794,2.2678296219775764,2.191149299141872,2.0017794159902706,4.745343858938384,0.4661876420439502,0.7258980469488281,-0.3116868309571159,3.5408075007273894,0.6483145038934054,-2.6360201226682043,0.07752805212744063,0.05953393096597692,2.8005948624795547,0.8819540892372868,2.2575880778887374,129.35026874207642,0.483314253239016,0.9357079422686274,0.483314253239016,0.9357079422686274,False,,gradient,1082002037,0.07951296910774563,1.6393096312366662,0.9999999999999999,0.01564693922456402,0.036457051289537135,0.9999999999999999,1.1302541505864343,0.31531639015878066,-0.12871316099748858,0.3815895437809775,0.42217491307263155,0.6662268847847164,0.6662029243765135,0.6662680795362966,0.9421716330808911,0.9422176896767614,0.942200784266288,0.000753217575382279,1.1593969409704656,0.887734624817257,2.7877245470375733e-06,2.7589208813072474e-06,2.827615204592515e-06,0.13423616061622298,0.32209635774804635,0.4471466655586336,0.45633251836426936,0.2189804063764989,2.0141185950101375,0.9597405293904427,0.13423616061622298,0.03210718331047429,0.12901406524246278,0.12901406524246278,0.1012282899589687,0.41465341639326797,0.414653416393268,0.03210718331047429,1082,sobol_screened,0.43969398050896513,True,False,2,ABNORMAL: ,56,2078,1602,1.575697472919483,0.43969398050896513,0.0008877677469263066,0.000753217575382279,28,14,False,1e-05,0.0007540875366993734,True,0.6072771325707436,0.4140071263536811,0.6500358628109097,0.5850128419697285,0.19739881064742804,0.4575773775577545,0.16387666948139668,0.6808605045080185,0.4169727824936679,0.7218725888559114,0.637186178068918,0.5920731787390718,0.348732242010771,0.7552449318208135,0.02530976414682178,0.5218084621389351,290,0.0007367847361994106,True,0,350,0.030567965749082795,False,"alpha_e~0,alpha_p~pi/2"
electron,gradient_local_minimum_0291,gradient,gradient,gradient,0.00051099895,11.04945237312532,3.324071655834952,1.5296914627233462,0.7543613470334876,0.0,0.0,3.141592653589793,0.0,0.8228221037637065,2.5767952857766097,2.594131323714775,2.3974246685715492,5.0007557633336255,0.29227405002697837,1.0492858538988343,0.35244194211499813,7.771022516477277,0.8343049413475186,-4.509579270472128,0.034905937838446026,0.01993948577392474,2.4231886068026034,0.9159022669009353,2.5663108859300587,147.0387826822716,0.33272570651273536,1.9634473295149193,0.33272570651273536,1.9634473295149193,False,,gradient,1449002630,3.109931909357903,1.6082427286246237,1.0,0.0005448827191699509,0.005829041923292271,1.0000000000000004,0.9379534428492687,0.315509953992472,-0.18431462374597335,0.26293960101674657,0.3210926994749784,0.6662068524130526,0.6662667662026062,0.6662204104276074,0.9422027367081703,0.9421698643788711,0.9422122139220126,0.0007553106380038304,1.159395044853085,0.8877313008386915,3.0231121807000605e-06,2.8478712638668746e-06,2.8170474126176792e-06,0.38888946695598464,0.02282546467158353,0.3979715817611894,0.41171493162756817,0.19211411594740532,0.30871291764891934,0.9332385162129081,0.38888946695598464,0.11043841321187026,0.1693900379685247,0.1693900379685247,0.14457922672149665,0.4188950304039073,0.4188950304039076,0.11043841321187026,1449,sobol_screened,0.5778079987429349,True,True,0,CONVERGENCE: RELATIVE REDUCTION OF F <= FACTR*EPSMCH,56,2670,972,2.910916511238572,0.5778079987429349,0.0011878431246670742,0.0007553106380038304,76,62,False,1e-05,0.00075559738633271,True,0.7631184244528413,0.5389934685081244,0.840535830706358,0.5368135441094637,0.44691503793001175,0.7616715487092733,0.9532778915017843,0.5790382362902164,0.5825378364103834,0.8202194141344811,0.7631239733872219,0.5136335977544095,0.41286882319872814,0.7958949989298308,0.9899220721070531,0.511919559904413,291,0.0007388777988209619,True,0,350,0.01241606238702147,False,"alpha_e~0,alpha_p~pi/2"
electron,gradient_local_minimum_0293,gradient,gradient,gradient,0.00051099895,10.639498683062452,3.261824440870853,1.496042253619318,0.8410674115253026,0.0,0.0,3.141592653589793,0.0,0.7406484653690434,2.602799359282304,2.578354034130495,2.288688349602139,5.020577782127772,0.2887276616752898,0.9945909238628065,0.26886583141793075,7.39173194912136,0.8283926134016456,-4.849598116018254,0.031044662708889864,0.016980122325871295,2.411093532773484,0.9142722781078604,2.444147077532199,140.0393120518294,0.37917358349638697,1.6502405000478124,0.37917358349638697,1.6502405000478124,False,,gradient,1740003557,0.031903349202937206,1.6104978477424299,0.9999999999999999,0.0004107675406407731,0.006088798971021201,1.0,0.9108131257150327,0.3312317810623144,-0.11388983130937927,0.28183415544325174,0.31955808711274397,0.6662386579280077,0.6661583640933006,0.6662849588134737,0.9421484086238395,0.9422378185182672,0.9421807875125014,0.0007663314372045544,1.1593892072446914,0.8877201168275187,2.708503257953243e-06,2.5109872776596376e-06,2.023965142539108e-06,0.014249606026605743,0.39239895126555296,0.3974073688634482,0.4066485572921587,0.19408309021736883,-2.913920561380401,0.9545495083506659,0.014249606026605743,0.020620330765437157,0.163018215447036,0.16301821544703604,0.15703641562498588,0.43033322726080536,0.43033322726080503,0.020620330765437157,1740,sobol_screened,0.6171994117312594,True,True,0,CONVERGENCE: RELATIVE REDUCTION OF F <= FACTR*EPSMCH,42,3596,900,0.5430605900129599,0.6171994117312594,0.0016540153869222614,0.0007663314372045544,122,108,False,1e-05,0.0007666074034882028,True,0.6591380843892694,0.5607421984896064,0.18238117545843124,0.46432185638695955,0.736916252411902,0.852638041600585,0.2715309225022793,0.7300896979868412,0.567032485524223,0.8284967678123936,0.7285121280720246,0.4685484089805825,0.41035778957279767,0.7990497712029796,0.010155151453668671,0.5126373866141327,293,0.000749898598021686,True,0,350,0.01290921972686202,False,"alpha_e~0,alpha_p~pi/2"
electron,gradient_local_minimum_0294,gradient,gradient,gradient,0.00051099895,3.7846019084704583,1.9454053326930247,0.7465687073922777,0.4219126094096468,0.0,0.0,3.141592653589793,0.0,0.38291605769326564,2.2624410681898857,4.345543650279297,2.231811691952746,1.7678391937176618,0.3356160856221243,0.03936730491948952,-0.12228640757404202,1.5500944019928034,0.6520451312114756,-1.1081676710840525,0.2146434159535966,0.24087264478583165,1.7070304452896319,0.8184093600547998,2.2401629786885318,128.35188410030784,0.11037035251025301,0.33133371796474576,0.11037035251025301,0.33133371796474576,False,,gradient,34001346,3.0691319915962807,1.5470233344799178,1.0,0.6889977281226328,0.02992284200201218,1.0,1.1591604731018175,0.30750222147621503,-0.23426797993134216,0.19731889033968872,0.2693568145893218,0.6661250581741348,0.6662822348545357,0.6662788976505878,0.9421551678817455,0.9421532134210354,0.9422638514931849,0.0007690854225582338,1.1593913127551425,0.8877233905599166,1.750756030871603e-06,2.514977606227209e-06,1.5798935337762998e-06,0.34319174946578346,0.025057223576343324,0.3436127280223974,0.3682489730421268,0.159488241501334,0.07267352491560743,0.8661978888021987,0.34319174946578346,0.01649592007393736,0.14095146345054715,0.14095146345054715,0.20815034557456408,0.49079956350732606,0.4907995635073262,0.01649592007393736,34,latin_hypercube,nan,True,False,2,ABNORMAL: ,35,1410,936,3.31915372474074,0.8114262480656236,0.0008194207589097884,0.0007690854225582338,23,9,False,1e-05,0.000770027611754618,True,0.15148817478387178,0.7898656778946274,0.8201539121347032,0.37622262004068074,0.7932231706100704,0.3619025646688784,0.9255314421294397,0.6286961610848426,0.23912158706369258,0.7201573589130563,0.710407725649132,0.4874432423918377,0.6916147523635486,0.2813603462717566,0.9769350549280429,0.492432821521971,294,0.0007526525833753654,True,0,350,0.02610893231165117,False,"alpha_e~0,alpha_p~pi/2"
electron,gradient_local_minimum_0295,gradient,gradient,gradient,0.00051099895,11.43216013562595,3.381147754184361,1.5604635760006313,1.0115641694918271,0.0,0.0,3.141592653589793,0.0,0.6564639249067413,2.724949155876638,2.640527340161584,2.1658790131751595,5.031870741434415,0.27930025700371636,1.0381603605451248,0.26746913395851457,8.233563485463826,0.8497355688500368,-6.1506355793533904,0.02085190980539149,0.00983717419682177,2.3358401696727285,0.9182401067566739,2.3311262454941875,133.56369537899437,0.45013948751095156,1.491603440565913,0.45013948751095156,1.491603440565913,False,,gradient,549002395,0.024439043402547152,1.6057844226982105,1.0,9.418382293074212e-05,0.0035421261948942475,0.9999999999999998,0.8844639942854273,0.3247085377029483,-0.1407963079135836,0.19379304374692025,0.23951080700351401,0.6662521238266746,0.6661876923971847,0.6662249753993722,0.942177576551951,0.9422038072882853,0.9421584107448899,0.0007722391421176175,1.1593809826986938,0.8877030223360668,6.517522669891029e-07,4.0411909163484694e-07,7.115899566811912e-07,0.021125569812036643,0.37251074499169634,0.38590318448398553,0.39363631480373296,0.18908502708211902,-2.762963926870945,0.9607092637090499,0.021125569812036643,0.021786258912258917,0.21338857766192315,0.21338857766192315,0.14731590681964796,0.39297510753434384,0.3929751075343438,0.021786258912258917,549,latin_hypercube,nan,True,True,0,CONVERGENCE: RELATIVE REDUCTION OF F <= FACTR*EPSMCH,50,2437,801,4.041025002017587,0.897745385400348,0.001909963508011884,0.0007722391421176175,73,59,False,1e-05,0.0007723961986621224,True,0.8196939555316524,0.4400969620467725,0.41181454496726705,0.42982311969679715,0.41782204159385167,0.6553966249912276,0.15493284860265769,0.5535362107371752,0.5967550978996081,0.8673782556637091,0.6894207021716459,0.3902355844290795,0.4202529785560106,0.8008471014987675,0.0077791891239055045,0.5111370568247714,295,0.000755806302934749,True,0,350,0.0101179235930122,False,"alpha_e~0,alpha_p~pi/2"
electron,gradient_local_minimum_0297,gradient,gradient,gradient,0.00051099895,7.112437750595498,2.6669153999696915,1.1685022734172112,0.4956734071541704,0.0,0.0,3.141592653589793,0.0,0.7815204187393074,2.052038365475466,4.171070209024149,2.2882399370592923,1.6777916559750594,0.4476125729148025,5.65766275506848,-0.22806587149715113,3.663811791378716,0.6662980913769829,-1.9558799258877535,0.11441442611712048,0.10162037875507514,2.714789955033284,0.8822583657505123,2.5162813167781803,144.17229951901106,0.3128099298659841,1.1667758626110314,0.3128099298659841,1.1667758626110314,False,,gradient,841002875,3.0598790251947507,1.6346933279980838,1.0,0.059530533462233574,0.03819007670213101,1.0,1.1262955935612595,0.311790323845571,-0.16169072177843508,0.39686636707584205,0.4472799695819644,0.6663009417150015,0.6662304816358818,0.6661345907178283,0.9422442849289447,0.9421763478848639,0.9421266885278559,0.0007791770894240616,1.159381232931261,0.8877077441168572,4.292890181445408e-06,4.032632553663262e-06,4.3496248758323475e-06,0.30400735181253813,0.15301523107424586,0.4471357918430722,0.457022582886784,0.2186245003996802,1.2182134302585799,0.9567339058772025,0.30400735181253813,0.06356403991627574,0.13409883262342115,0.13409883262342115,0.08324469705594617,0.40887858448979486,0.40887858448979486,0.06356403991627574,841,latin_hypercube,nan,True,True,0,CONVERGENCE: RELATIVE REDUCTION OF F <= FACTR*EPSMCH,64,2910,1494,12.632085725544414,0.6235669193952343,0.04526230155534647,0.0007791770894240616,63,49,False,1e-05,0.0007793827747804073,True,0.40811195441657266,0.35097813109908427,0.5717290581592059,0.549293632573448,0.7869425111659307,0.5120122883374784,0.8550053138135584,0.4112448730162527,0.4188447564853943,0.6531840985592674,0.7283693939265476,0.651500911223283,0.6638464417495384,0.2670288355267674,0.9739897442459096,0.5203390471804721,297,0.0007627442502411932,True,0,350,0.03036666357544291,False,"alpha_e~0,alpha_p~pi/2"
electron,gradient_local_minimum_0299,gradient,gradient,gradient,0.00051099895,10.70725705677724,3.272194532233259,1.5016547231674267,0.8718751786487358,0.0,0.0,3.141592653589793,0.0,0.7217801468556561,2.622700797116977,2.5860706355817396,2.2623091576970915,5.021300866877907,0.2882680518568508,0.9891390457084493,0.2631661426320744,7.469760775351499,0.8311551637720747,-5.048955029025443,0.029065364061466266,0.01551382773462785,2.397286939356951,0.9145035322704522,2.417536739694465,138.51465200230996,0.39268070717409354,1.6030835803371213,0.39268070717409354,1.6030835803371213,False,,gradient,1437002250,0.030904919300125303,1.6102035043648364,1.0,0.0003288392027607416,0.00571957392158022,1.0,0.9033399851899216,0.33183660675625754,-0.11074496685680765,0.2722444152986324,0.30899364931572965,0.6662075608094118,0.6661769831028554,0.666265812143487,0.942139210999212,0.9422021888805483,0.9421804595658024,0.0007818264062987886,1.1593737796800485,0.8876917559449314,2.006006569577057e-06,2.318220449937236e-06,2.113140384174539e-06,0.014232745583816625,0.39010698619527384,0.3956319748816409,0.40433973177909044,0.1934621089920957,-2.9020285428317107,0.9569285122729073,0.014232745583816625,0.021554031841930388,0.16915049784985653,0.16915049784985653,0.1561680628538467,0.42650977037105303,0.42650977037105287,0.021554031841930388,1437,sobol_screened,0.5758282292357444,True,True,0,CONVERGENCE: RELATIVE REDUCTION OF F <= FACTR*EPSMCH,47,2292,1098,5.896789267476218,0.5758282292357444,0.0016193852392932145,0.0007818264062987886,55,41,False,1e-05,0.0007821887797432077,True,0.6850816514343023,0.7088457783684134,0.263579735532403,0.5948179634287953,0.5288230096921325,0.6936111142858863,0.1275826906785369,0.6869614124298096,0.5696156035864269,0.834831592224442,0.7201153704991086,0.4533724959369843,0.4115859248376334,0.7991648537152382,0.009837341344942121,0.512543694207112,299,0.0007653935671159202,True,0,350,0.012601962525700687,False,"alpha_e~0,alpha_p~pi/2"
electron,gradient_local_minimum_0302,gradient,gradient,gradient,0.00051099895,8.326726822028967,2.885606837742967,1.2903494685768568,0.8539939015942797,0.0,0.0,3.141592653589793,0.0,0.6805468192197582,2.501680916463141,2.375017964986053,1.8292485809416534,4.916165737270682,0.40986795296701345,0.8925418146138832,-0.2712979993572885,4.6336563458130815,0.694120218926186,-4.0554077187628215,0.04126425593770849,0.02507791221766108,2.9217695195032944,0.896426365088466,2.070626107627027,118.63813691663002,0.6537034816670724,0.9428277951923897,0.6537034816670724,0.9428277951923897,False,,gradient,1493001686,0.055105348994622445,1.6260151102358351,0.9999999999999998,0.0014920040138676623,0.017667912596623547,0.9999999999999998,0.960989410017742,0.3163170656798405,-0.1249164246330495,0.3108432823457993,0.35035647924094243,0.6662012404360901,0.6662209299628534,0.6662126917104704,0.9421658318565281,0.9421598746643401,0.9421741170250227,0.0007882867790901662,1.1593662153263167,0.8876779168426692,2.0344387493542726e-06,1.7860728298013662e-06,2.388675201803192e-06,0.0423352446455289,0.3894012933120505,0.4228081856997646,0.4317365379575794,0.2069399167209749,2.565444216987138,0.9586398116775001,0.0423352446455289,0.022084199471237714,0.15891180784354927,0.15891180784354927,0.13385750822928558,0.40935165419887143,0.40935165419887143,0.022084199471237714,1493,sobol_screened,0.5845540804268179,True,False,2,ABNORMAL: ,46,1726,1296,7.573361530594246,0.5845540804268179,0.0008216330343939467,0.0007882867790901662,25,11,False,1e-05,0.0007891109548582797,True,0.2175915502011776,0.6568682612851262,0.32224198523908854,0.36154672410339117,0.4217659281566739,0.7376794600859284,0.07800715789198875,0.4654503855854273,0.47331928165779336,0.7963097677875436,0.5822679076013983,0.5026117844182686,0.37799584905958433,0.7824320781456412,0.017540577366596335,0.5175766846722926,302,0.0007718539399072978,True,0,350,0.02177892913881881,False,"alpha_e~0,alpha_p~pi/2"
electron,gradient_local_minimum_0303,gradient,gradient,gradient,0.00051099895,10.764784613048773,3.2809731198302696,1.50640373212756,0.8607036780500341,0.0,0.0,3.141592653589793,0.0,0.7427063680610613,2.619251535579005,2.569279562378233,2.2362123223414,4.9863047116443076,0.31113826173122694,1.0193188309908021,0.24118186914911827,7.4406883078171635,0.8246045738283424,-5.005890016708879,0.029477009788708135,0.01581584117889723,2.462496750397837,0.9128371782692928,2.420508449294661,138.6849184203397,0.42807410878352514,1.6454732543372503,0.42807410878352514,1.6454732543372503,False,,gradient,1955002177,3.1087687610103134,1.610348148847048,1.0,0.00033558376425307654,0.006276708583734981,1.0,0.8926689907869629,0.3165768402738562,-0.16621681068716893,0.2407152669594106,0.29333565968715225,0.6662639076076611,0.6661710812307353,0.6661817792615055,0.9421756334959223,0.942183285324989,0.9421177611605998,0.0008018326381497582,1.1593572287162603,0.8876633777084911,3.420304685530784e-06,3.5855451344102285e-06,3.803406108726648e-06,0.39563258357910325,0.013834126642724015,0.39862209771835533,0.40946671022182723,0.1938887426074417,0.1758322819720103,0.9470305534845709,0.39563258357910325,0.11783946340646825,0.18690481834752437,0.18690481834752437,0.13880267370019095,0.4036284714306485,0.40362847143064845,0.11783946340646825,1955,sobol_screened,0.6383607380909954,True,True,0,CONVERGENCE: RELATIVE REDUCTION OF F <= FACTR*EPSMCH,52,2216,909,12.047689639943828,0.6383607380909954,0.0015475331393106,0.0008018326381497582,58,44,False,1e-05,0.0008023029565787928,True,0.6640643421560526,0.9619571333751082,0.33929058257490396,0.7232959531247616,0.3287503346800804,0.6142445104196668,0.9147803336381912,0.414785229600966,0.5718022890639224,0.8337336581768721,0.7118084898072812,0.46640108240083117,0.40891354253747747,0.7935950426205993,0.9895518304889168,0.5125897359757818,303,0.0007853997989668898,True,0,350,0.013112124874761804,False,"alpha_e~0,alpha_p~pi/2"
electron,gradient_local_minimum_0307,gradient,gradient,gradient,0.00051099895,2.92622574755174,1.7106214506873636,0.5981397173149896,0.4399178063242375,0.0,0.0,3.141592653589793,0.0,0.28669658860793223,2.342421006923561,4.053708922021266,1.736423234595397,1.4376594693258193,0.4209687480528889,6.086906242743187,-0.4966008290655126,0.8875327535129178,0.5523416927107289,-0.9124196491636349,0.2575542375026481,0.3084663520259063,1.599165780964049,0.7852174900579115,1.747625550469329,100.1315682111198,0.1432118916543647,0.1307684438290466,0.1432118916543647,0.1307684438290466,False,,gradient,132003004,3.053544553585089,1.5358444284281492,1.0,1.6633421503166514,0.04263734630625227,1.0,1.1468536791299868,0.2865732227283104,-0.26147013577428346,0.15542261863055581,0.2303529580866011,0.666179822766667,0.6662743563123703,0.6661528196500847,0.9421893166816956,0.9421030749831023,0.9421699075003213,0.0008092979386512488,1.1593524916075235,0.8876543435288956,3.634328229196182e-06,3.0685034307920134e-06,3.0375919423675235e-06,0.2928635294505951,0.06575906375874076,0.3268781919855015,0.3586225932093358,0.14756689538083356,-0.6927436828818121,0.8229648559520373,0.2928635294505951,0.04391114973938336,0.14891639170569648,0.14891639170569648,0.26373835605989543,0.49246101508496776,0.49246101508496765,0.04391114973938336,132,latin_hypercube,nan,True,True,0,CONVERGENCE: NORM OF PROJECTED GRADIENT <= PGTOL,0,3065,9,0.0,1000.0,1000.0,0.0008092979386512488,136,122,False,1e-05,0.0008094630504395917,True,0.9633207952745546,0.8791293149901017,0.8025657332893325,0.8543748034815171,0.5200313943814528,0.24268354710808984,0.7643767154928955,0.3867942763935956,0.180638545292069,0.7456157641083592,0.5527206821709505,0.45214609153285584,0.645167812795403,0.22881061102607522,0.9719734193088037,0.4888744652089732,307,0.0007928650994683804,True,0,350,0.032169950032006504,False,"alpha_e~0,alpha_p~pi/2"
electron,gradient_local_minimum_0308,gradient,gradient,gradient,0.00051099895,10.7216311668879,3.2743901977143617,1.5028427073154356,0.7516955417904478,0.0,0.0,3.141592653589793,0.0,0.8037663226721241,2.5580630042209767,3.6995843613170973,2.3998932231327834,1.2534910112344662,0.27782898794121597,5.262624616554634,0.3295572845046727,7.479736781663127,0.8298076646077759,-4.384727390736316,0.03650189006192159,0.021199169248975677,2.4139270475361663,0.9158722816805319,2.5478791249760953,145.98272057061547,0.3172983489799185,1.8648030444430401,0.3172983489799185,1.8648030444430401,False,,gradient,1630003414,0.03211539678853989,1.6093442589201596,0.9999999999999999,0.0006744386619798766,0.006160240117802907,1.0,0.9457907732921031,0.32996926157635154,-0.1283621440609832,0.30154172837970117,0.34389729026986104,0.6661708002743504,0.6662454502014967,0.6661713266175044,0.9421626500601118,0.942110523073893,0.9421632199539182,0.0008177215625522877,1.159342906060132,0.8876380741876386,3.924115929199168e-06,4.466141070025298e-06,4.2967124143644675e-06,0.019219183188886407,0.39083192695317703,0.39885455437650497,0.41005111014206347,0.19382899930547323,2.8528749640210695,0.945389462490764,0.019219183188886407,0.01811316397350332,0.14830101267841833,0.14830101267841836,0.16223311522060385,0.44164787717951837,0.44164787717951853,0.01811316397350332,1630,sobol_screened,0.6051359387549338,True,True,0,CONVERGENCE: RELATIVE REDUCTION OF F <= FACTR*EPSMCH,41,3457,675,3.38110072027316,0.6051359387549338,0.005002411863641309,0.0008177215625522877,125,111,False,1e-05,0.000818058171877277,True,0.592299323529005,0.7269837725907564,0.8725810721516609,0.3362726839259267,0.6757400445640087,0.16670663841068745,0.03156688529998064,0.543692390434444,0.5701625286774974,0.8142567437245447,0.7639097387086469,0.5104034157615094,0.5888071384890886,0.1994992905592238,0.01022264829650741,0.512270187887413,308,0.0008012887233694193,True,0,350,0.012739901117124787,False,"alpha_e~0,alpha_p~pi/2"
electron,gradient_local_minimum_0310,gradient,gradient,gradient,0.00051099895,6.952983677457034,2.6368510912558247,1.151589363695429,0.7283721578992916,0.0,0.0,3.141592653589793,0.0,0.6700727409128818,2.3476305471817516,5.3654369735081175,1.8408646303611516,1.6271681243578127,0.4848551304331491,3.83531997501655,-0.3814976363911722,3.382377090178366,0.6326564069413892,-2.944095572105831,0.0664481027711182,0.0481805912456167,2.843776617693947,0.8803205955539932,2.0982619116847046,120.22155185258545,0.5657749702132348,0.7849157292495901,0.5657749702132348,0.7849157292495901,False,,gradient,1484001705,0.07732182447584056,1.5007705810962757,0.9999999999999999,0.009657439376247511,0.03460649639284554,0.9999999999999999,1.115223303469463,0.3190851172785877,-0.12229687558477481,0.3611319646933573,0.40015507758213,0.6661164311885841,0.6662618201467992,0.6662138022740752,0.9421367469662683,0.9421026127453599,0.9422057780215727,0.0008196010883756928,1.159344949600077,0.887643562988218,5.737099440572546e-06,5.402701737211579e-06,6.084811430662196e-06,0.3180093021946737,0.1331426453105469,0.44268708046338556,0.4511519475052206,0.2171111067107753,-1.1310145096220503,0.9624744297851577,0.3180093021946737,0.03625352309870587,0.141135751970367,0.141135751970367,0.13797209190401996,0.40771230052441254,0.40771230052441254,0.03625352309870587,1484,sobol_screened,0.5832911840859748,True,True,0,CONVERGENCE: RELATIVE REDUCTION OF F <= FACTR*EPSMCH,53,1744,918,5.493194625911782,0.5832911840859748,0.0008578187078958974,0.0008196010883756928,37,23,False,1e-05,0.0008196944518840783,True,0.5664281388744712,0.7167910039424896,0.40488846600055695,0.4149471027776599,0.750038250349462,0.0019855601713061333,0.13834792748093605,0.33890047296881676,0.4113559450417466,0.7472740122750136,0.5859654109700241,0.5599580937963887,0.8539358161818357,0.25897185023311375,0.02461230114842785,0.4777101128567369,310,0.0008031682491928244,True,0,350,0.036502878455383456,False,"alpha_e~0,alpha_p~pi/2"
electron,gradient_local_minimum_0311,gradient,gradient,gradient,0.00051099895,9.579544899983663,3.0950839891646984,1.4054062210432774,0.7031180623802455,0.0,0.0,3.141592653589793,0.0,0.7825833556470959,2.459216657620219,0.6824464543867577,2.3127235024376387,4.546516801366072,0.3412709323012107,2.281138785195041,0.17565874359924816,6.225112830863003,0.7913345816183309,-3.7356174880086592,0.04681975196174801,0.029815891602224573,2.5213314359068884,0.904238041436486,2.4892397245561266,142.6229304133736,0.35666982486884413,1.6014174962962142,0.35666982486884413,1.6014174962962142,False,,gradient,1356001814,0.044213045870088126,1.5245700383607075,1.0,0.00198509220671007,0.011509191964779128,1.0,0.8647874219375138,0.32493226825568045,-0.14961547369104364,0.30709693484947154,0.35571183008205043,0.6661657909461229,0.6661495729658967,0.6662488134010488,0.9420907879576189,0.9421613257141808,0.9421499530920623,0.0008323843669805246,1.1593315505468325,0.8876165130212748,2.9381650871740383e-06,3.6212863234741377e-06,3.7991904230927354e-06,0.4090682801805096,0.013824241936750581,0.41200253759825956,0.4228925221172602,0.20055627653962946,0.1712682654041806,0.9484976255220656,0.4090682801805096,0.03582872916210724,0.15638082400707845,0.15638082400707845,0.13503185367173196,0.4207266538756613,0.4207266538756614,0.03582872916210724,1356,sobol_screened,0.5606571234974685,True,True,0,CONVERGENCE: RELATIVE REDUCTION OF F <= FACTR*EPSMCH,49,1855,1413,4.808294132651921,0.5606571234974685,0.0009002362393464835,0.0008323843669805246,24,10,False,1e-05,0.0008326969132801262,True,0.6939326263964176,0.31105555314570665,0.5395008251070976,0.6102703465148807,0.2205482954159379,0.9660264179110527,0.2822453435510397,0.31837758980691433,0.5254985918052525,0.782792974388374,0.7361627548355025,0.5335786626898162,0.10861472661119016,0.7236006227877632,0.014073449598746469,0.4852857153898142,311,0.0008159515277976561,True,0,350,0.023952270822871526,False,"alpha_e~0,alpha_p~pi/2"
electron,gradient_local_minimum_0313,gradient,gradient,gradient,0.00051099895,8.098134152527848,2.845722079284597,1.2682703416994037,0.38175688110351813,0.0,0.0,3.141592653589793,0.0,0.9143702954736325,1.845365983733481,1.004031594558737,2.5280884271710997,4.858480900233217,0.38577272791089806,2.4856338558581905,-0.19754019714819848,4.4890928522817966,0.6928695546729519,-1.6978644732472572,0.13566693246197856,0.12844342081718557,2.869738169165172,0.8975792215215738,2.7220114215597446,155.9597662417789,0.21148246437243912,1.6070966538893514,0.21148246437243912,1.6070966538893514,False,,gradient,1572001104,3.075852999580544,1.5237390870389262,1.0,0.08745476183579845,0.02462950497780146,1.0,1.1108003664514248,0.30400796068070185,-0.21391887243498056,0.38549926704946413,0.4505323072095378,0.6662489133981505,0.6662279096647646,0.6660936242291898,0.9422065518907955,0.9421114033820919,0.9420963241635095,0.0008339083494145365,1.1593344140118214,0.8876241794118589,5.944205444197159e-06,5.56553958125372e-06,5.140147337490131e-06,0.09155282358209302,0.34773126562025813,0.4293538554488132,0.4392840892023512,0.20971181084763765,-2.2278503199818274,0.9547890124062122,0.09155282358209302,0.016183766573611112,0.16782688880575986,0.16782688880575986,0.24157526872029345,0.3928890219918891,0.39288902199188896,0.016183766573611112,1572,sobol_screened,0.5974756494054815,True,True,0,CONVERGENCE: RELATIVE REDUCTION OF F <= FACTR*EPSMCH,29,1164,657,10.479775224596523,0.5974756494054815,0.0011863036211866853,0.0008339083494145365,22,8,False,1e-05,0.0008343743818060004,True,0.49713951628655195,0.6984654013067484,0.493536657653749,0.654579471796751,0.16504608746618032,0.8447468131780624,0.8122833222150803,0.2344631887972355,0.46338426407887895,0.5873982362496433,0.8047155395153912,0.7063736528950795,0.15979659129446072,0.7732512511896781,0.9790744182145541,0.4850212153691537,313,0.0008174755102316681,True,0,350,0.02870282449037663,False,"alpha_e~0,alpha_p~pi/2"
electron,gradient_local_minimum_0316,gradient,gradient,gradient,0.00051099895,6.525096772501721,2.5544268970752952,1.1049939296464835,0.5045668072843197,0.0,0.0,3.141592653589793,0.0,0.7459179985141778,2.0199467207944664,5.186606417147375,2.1801250215509813,1.4031366048395095,0.517727470681611,3.7122165128021085,-0.34317756216373807,3.0705492423248617,0.624372067482848,-1.8120561769735068,0.12558070488268838,0.11550016862099668,2.7271144396217726,0.8711425524423345,2.4503439995345975,140.3943695285386,0.3525112459320111,0.9817577786073203,0.3525112459320111,0.9817577786073203,False,,gradient,1910001819,3.0440015358032055,1.4951748873580493,1.0,0.09334013855494355,0.05332466921543249,1.0000000000000004,1.1357911589202727,0.29951662665782797,-0.16883992558824787,0.40542453223256747,0.45599489718991815,0.6661339969388144,0.6662454146714681,0.6661723923938078,0.9421382529974227,0.942086697972025,0.9421654691683132,0.0008399388901813466,1.159325149949025,0.8876091975818177,7.033312598769825e-06,7.188230463806011e-06,7.162334701826811e-06,0.22280572235587015,0.2468321976364637,0.459659269287936,0.46963791999233384,0.2248403092917691,1.6242518698897015,0.9575049190893243,0.22280572235587015,0.01709378643087087,0.13796173114876137,0.13796173114876137,0.22058365902573696,0.39240034885890485,0.3924003488589048,0.01709378643087087,1910,sobol_screened,0.633004055446565,True,True,0,CONVERGENCE: RELATIVE REDUCTION OF F <= FACTR*EPSMCH,44,1878,1350,5.86999352072558,0.633004055446565,0.0009336973104999394,0.0008399388901813466,23,9,False,1e-05,0.0008408134667718163,True,0.5400902610272169,0.6276417998597026,0.5411659618839622,0.5120380315929651,0.7643590299412608,0.06306352280080318,0.8169423760846257,0.19740527402609587,0.39082464813127094,0.6429690107934078,0.693955347476327,0.6580609678657506,0.8254740491611496,0.2233161264933874,0.9689357824048024,0.47592894821980275,316,0.0008235060509984782,True,0,350,0.042318832993678696,False,"alpha_e~0,alpha_p~pi/2"
electron,gradient_local_minimum_0317,gradient,gradient,gradient,0.00051099895,4.877782820769764,2.2085703114842787,0.9050964834421262,0.6394247615210478,0.0,0.0,3.141592653589793,0.0,0.6072416332901439,2.277202368075031,2.0350140892646498,1.5127893592909405,4.7269436326953995,0.6181986843052384,0.6864718787552505,-0.7215603993458048,1.5313588104458147,0.4412631201268612,-1.951078316831643,0.11476265099292628,0.1020458875714358,2.818883554152513,0.8680469479006415,1.8890647897163486,108.23543967751513,0.5814758192980961,0.3716160661052333,0.5814758192980961,0.3716160661052333,False,,gradient,233002346,0.10621883614619278,1.652415047741414,0.9999999999999999,0.06727017865147858,0.06171569003119136,0.9999999999999999,1.2289669218049197,0.2852978878030906,-0.16868253709452508,0.41514268354767425,0.4632674550900087,0.6660735815163694,0.6663435392497181,0.6661671634878139,0.9421635880008843,0.9420388555951219,0.9422296290737203,0.0008400385400509063,1.159341293152782,0.8876353436089408,4.4982608157218e-06,4.499747523534214e-06,4.2718951601128374e-06,0.31595059627739464,0.16751002656968206,0.47020453441566573,0.4834606228470767,0.22847422299212738,1.23994119845836,0.9451616623776038,0.31595059627739464,0.02026159013600559,0.10927254726897673,0.10927254726897673,0.11507657693477663,0.4072668298839467,0.4072668298839465,0.02026159013600559,233,latin_hypercube,nan,True,False,2,ABNORMAL: ,0,2411,189,2.0334317708738667,0.8733513383526543,0.8733513383526543,0.0008400385400509063,99,85,False,1e-05,0.0008414491631559375,True,0.5654233281251512,0.9290652201093089,0.21487676136963973,0.8065038997167842,0.4646085834364399,0.666317651793202,0.23802820228615212,0.6736853837017293,0.30467416382492984,0.7248560265994217,0.4815358087759489,0.6537634201605784,0.32388255156812057,0.7523164448602333,0.03381050564426934,0.5259800457749525,317,0.0008236057008680379,True,0,350,0.03996723165921199,False,"alpha_e~0,alpha_p~pi/2"
electron,gradient_local_minimum_0319,gradient,gradient,gradient,0.00051099895,9.222749979175113,3.036898085082065,1.3735899969712435,0.6290000325755697,0.0,0.0,3.141592653589793,0.0,0.8177733532890239,2.366601419854305,5.537951364031064,2.337581913910707,1.6677866043412835,0.36806419673445945,3.965337348692597,0.1197196586712101,5.786979593777294,0.7704713201960198,-3.2318179507644125,0.05810166945614193,0.04008138203716734,2.6038248301681373,0.9002811104158458,2.5313762451413284,145.03717520627177,0.3439230940431175,1.6215039155498632,0.3439230940431175,1.6215039155498632,False,,gradient,332004795,3.0906139662672567,1.5217531978749836,1.0,0.0043454903801846655,0.015144118787208047,1.0,0.8986620753161458,0.31644266234206353,-0.1724353776018961,0.32022647960734796,0.374792389577651,0.6661460365322593,0.6662454560425867,0.6661380973229518,0.9421450054548238,0.9420691270925798,0.9421395274553381,0.0008531469262711347,1.159314623959036,0.8875861087978615,3.6616184375670713e-06,3.733528294747046e-06,3.916791331159963e-06,0.02529711054400871,0.4073598933126942,0.4207087195252779,0.4326570038567029,0.20438021759692643,2.7781719080210237,0.9447678681962013,0.02529711054400871,0.04267182149290581,0.15572967769171694,0.15572967769171692,0.18351031907197657,0.4116133184515802,0.4116133184515801,0.04267182149290581,332,latin_hypercube,nan,True,False,1,STOP: TOTAL NO. OF ITERATIONS REACHED LIMIT,80,4859,1422,3.126790867671188,0.8470409907155286,0.00523191919751302,0.0008531469262711347,156,142,False,1e-05,0.0008533081806670839,True,0.4420491670136533,0.842888145799779,0.08674669053022996,0.5935322461331849,0.623966272494921,0.10457233135946968,0.8444466027286164,0.6762564808835088,0.5110048853807958,0.7533126285962212,0.7440754329622047,0.5741302676452658,0.8813923341880481,0.26543648210336235,0.9837729798405643,0.4843890872154056,319,0.0008367140870882663,True,0,350,0.025971633171077313,False,"alpha_e~0,alpha_p~pi/2"
electron,gradient_local_minimum_0321,gradient,gradient,gradient,0.00051099895,3.3829653469640326,1.8392839223360902,0.6804607140528348,0.5767032141786028,0.0,0.0,3.141592653589793,0.0,0.32578574156879453,0.024717980885191438,1.0150195291055237,2.3434998729953174,3.895302781847816,2.5802339156735936,0.7369358327973276,-0.7149565033069842,0.08613139515427175,0.08032891646405804,-0.007673914623008052,0.9792476444542965,1.7487714976582514,1.8659466015884811,0.4283588208363374,1.359396673308497,77.88769206470124,0.06693243553370762,0.10616117579935162,0.06693243553370762,0.10616117579935162,False,,gradient,726002632,2.6863855339043305,2.0477641849934147,0.9999999999999999,10694.35553360134,0.6638546505828571,0.9999999999999998,1.1264729155213689,0.0992039466296385,-0.14254854043275839,0.42905094059119725,0.4431923183884215,0.6663757729969864,0.6661442686363797,0.6660462234431817,0.9422404435863405,0.9421705526624802,0.9420074694857279,0.0008616661898184217,1.1593317765668698,0.8876267873541855,1.2196055355573332e-05,1.1107704067647717e-05,1.2314166882798627e-05,0.06526817933203055,0.16460517957722837,0.22964177970924093,0.22987335890925892,0.11470510025461146,2.018626158199051,0.9979851584270849,0.06526817933203055,0.2015782879089452,0.40396631648274645,0.4039663164827465,0.012471903647292667,0.3661603246079948,0.3661603246079948,0.2015782879089452,726,latin_hypercube,nan,True,True,0,CONVERGENCE: RELATIVE REDUCTION OF F <= FACTR*EPSMCH,46,2690,936,7.661212996910822,0.960858837280248,0.0016486364389984303,0.0008616661898184217,78,64,False,1e-05,0.0008623485128927169,True,0.457967247762278,0.002675282222328437,0.5649469922855186,0.5539869342998511,0.237545280615746,0.9093994466973577,0.9782302998129603,0.6708506724655136,0.21268747744019392,0.0078679776822584,0.7459591778448674,0.45153278459398044,0.16154537539195205,0.6199566925706907,0.8551030735428693,0.6518235846564967,321,0.0008452333506355533,True,0,350,0.20651892177119693,False,"alpha_e~0,alpha_p~pi/2"
electron,gradient_local_minimum_0322,gradient,gradient,gradient,0.00051099895,7.342921372040116,2.7097825322413076,1.192545335820714,0.4355851585885752,0.0,0.0,3.141592653589793,0.0,0.8457286534162629,1.9062746884783024,5.206401665777468,2.352265873931554,1.3950761338234265,0.47211696296142486,3.793594601670246,-0.2936332284982678,3.7420157149341593,0.6556118662044961,-1.7206090063052026,0.13356223645461213,0.12571160583206864,2.8454975751255827,0.8831194788649376,2.615962510647959,149.88361122457474,0.2982105901656621,1.3089139444802742,0.2982105901656621,1.3089139444802742,False,,gradient,451001413,3.0558444313093807,1.5091877554537054,1.0,0.09627247937515994,0.04041665692363472,1.0000000000000002,1.1249877670581825,0.2828090098030316,-0.2174249487145684,0.39441740897658806,0.45590714342903005,0.6661117030288068,0.6662319696429558,0.6661630070755065,0.9421132724975454,0.9420644802394422,0.9421493764475285,0.000866382782341163,1.159303075081129,0.8875694453877823,7.579929764411908e-06,7.532020991740662e-06,7.258170253099383e-06,0.1690186458547711,0.29193785321419746,0.44902700967728465,0.4609564990689686,0.21854876014280036,1.8558582694577588,0.948240281172827,0.1690186458547711,0.014860669598783936,0.15256568244031143,0.15256568244031143,0.2339199807898187,0.38647781849072,0.38647781849072,0.014860669598783936,451,latin_hypercube,nan,True,False,2,ABNORMAL: ,53,1984,1719,8.217483394996997,0.9329660992739289,0.000866382782341163,0.000866382782341163,14,0,False,1e-05,0.0008669645725857862,True,0.48596440101453453,0.6055710695846594,0.8649159755511774,0.5344213909177794,0.6263578009732392,0.3210410270371603,0.2923706131628763,0.9871895244708762,0.42952266276181517,0.6067860791245695,0.7487494826051678,0.69398457619039,0.8286245608303621,0.22203326268752882,0.9727054931254595,0.4803893826684395,322,0.0008499499431582945,True,0,350,0.03652960066244149,False,"alpha_e~0,alpha_p~pi/2"
electron,gradient_local_minimum_0323,gradient,gradient,gradient,0.00051099895,11.263456103419468,3.3561072842535102,1.5469725665158107,0.8044926881908718,0.0,0.0,3.141592653589793,0.0,0.7938717735664209,2.6162935996466095,5.776372747607808,2.400900730287147,1.9450048582817643,0.26002118023168125,4.234332074552889,0.3774677279683763,8.070248804395488,0.8450401670789062,-4.86501757509196,0.030884663185450894,0.01686024236421328,2.359731530889418,0.9197316386944161,2.545257512957099,145.8325132664062,0.32175946193142035,1.9243750765836993,0.32175946193142035,1.9243750765836993,False,,gradient,1800008846,3.113888106374578,1.5349315431774826,1.0,0.00034376501089180834,0.004580104063115329,1.0,0.9773657111021282,0.3286471996387976,-0.1260845066262816,0.285532639549104,0.3269699595696709,0.6661125125469818,0.6662587904765073,0.6661344710953374,0.9421308871534099,0.9420427019426794,0.9421463861711409,0.0008698746467193059,1.15930299292351,0.8875649495883445,3.953269599676901e-06,3.4393303459112623e-06,3.903506657187972e-06,0.0314449788604472,0.37266014333893593,0.39290527130050523,0.40410512219938316,0.19085271020081362,-2.676818380890216,0.9445696167476342,0.0314449788604472,0.0715891627125472,0.15415520038637437,0.15415520038637437,0.13762027715321806,0.4417396774142425,0.4417396774142423,0.0715891627125472,1800,sobol_screened,0.6232137520183597,True,True,0,CONVERGENCE: RELATIVE REDUCTION OF F <= FACTR*EPSMCH,56,8913,1449,6.949066070434165,0.6232137520183597,0.0034304042616088303,0.0008698746467193059,340,326,False,1e-05,0.0008701041245972893,True,0.3126930436119437,0.7089500762522221,0.43626312259584665,0.4987981142476201,0.8965461244806647,0.2593040596693754,0.8125942423939705,0.6482073068618774,0.5905176899632671,0.8327921179268922,0.7642304381962817,0.48760582623141124,0.9193382759230958,0.30955713753329417,0.9911813687291514,0.48858388480873466,323,0.0008534418075364375,True,0,350,0.018342502087894803,False,"alpha_e~0,alpha_p~pi/2"
electron,gradient_local_minimum_0324,gradient,gradient,gradient,0.00051099895,4.477313519428342,2.11596633230029,0.8500771197696173,0.676943844821809,0.0,0.0,3.141592653589793,0.0,0.5640975515682974,2.388930228716389,5.234940154609498,1.2548127155572313,1.6447732409766471,0.632014348818299,3.7515502486525274,-0.8122683757698471,1.2137315206914123,0.38664539403219345,-2.0089908363116282,0.11066796945430213,0.09707301875063411,2.8052460094764204,0.872594956278765,1.6068386037739377,92.06507035494059,0.6285400803237009,0.23091042251357047,0.6285400803237009,0.23091042251357047,False,,gradient,1386001603,0.09337565193432353,1.4975184650105062,1.0,0.057594654320582965,0.04835111475132482,1.0,1.2427052084936867,0.2930601666714054,-0.18410480407697546,0.3867742539842878,0.44072803855209264,0.6661071099250229,0.6661848422909445,0.666202454348624,0.9420753762556517,0.9420877872744039,0.9421428834520483,0.00087221072705021,1.1592973057550358,0.8875562053296097,5.088556350618667e-06,5.006858785516766e-06,5.258560998810946e-06,0.15211818653332246,0.31925015074027063,0.45676591650048776,0.4713683372735931,0.2210817478636912,-1.9584171279608755,0.9380424198300372,0.15211818653332246,0.023887901411026174,0.11948208844389432,0.11948208844389432,0.10475703404346734,0.4091495742825125,0.40914957428251236,0.023887901411026174,1386,sobol_screened,0.5660757794360658,True,True,0,CONVERGENCE: RELATIVE REDUCTION OF F <= FACTR*EPSMCH,61,1671,1197,5.605364571546297,0.5660757794360658,0.0009292935247597338,0.00087221072705021,21,7,False,1e-05,0.0008726839035605564,True,0.42688735108822584,0.5449470141902566,0.6020317021757364,0.5436445390805602,0.6585767427459359,0.1032505463808775,0.15696370787918568,0.7339506568387151,0.28160715285053434,0.7604201092037309,0.39941929267099563,0.6460647050407605,0.8331666023963524,0.26177379156671055,0.029722393139551776,0.4766749321556192,324,0.0008557778878673416,True,0,350,0.040828890824351136,False,"alpha_e~0,alpha_p~pi/2"
electron,gradient_local_minimum_0325,gradient,gradient,gradient,0.00051099895,11.346002983406354,3.3683828439484658,1.5535880514869618,0.8322669906409558,0.0,0.0,3.141592653589793,0.0,0.6888729618003292,2.8176376313599105,0.06948508719146898,2.685397068500584,4.020144543845945,0.15957037467649923,1.8877221562590023,0.7542547136597867,8.802357364659635,0.910728688271907,-5.243298248961187,0.027308333765389815,0.014242625057937792,1.7426673615146622,0.9234697258692873,2.748185854855309,157.45945080076146,0.10944662758323997,1.8889761854319698,0.10944662758323997,1.8889761854319698,False,,gradient,1129003033,0.010793235892544611,1.5509496184565676,1.0,0.00011836790323925799,0.0006822757455680073,1.0,1.060938348334265,0.32829192572550747,-0.22983932299091164,0.14088491093485228,0.21633930488698555,0.6663462689093124,0.666054746255859,0.6661293766843045,0.9421516370686488,0.9422043365623245,0.9419982588290002,0.0008750896166835036,1.1593150684901792,0.8875864490052445,3.4321318165275727e-06,3.31526566843543e-06,3.448145091344834e-06,0.04722357133282594,0.2793145925379429,0.2949918520792903,0.32653816387076884,0.13172277014390588,-2.6487319299921466,0.8067833087714467,0.04722357133282594,0.005577242947562355,0.1634606389039968,0.1634606389039968,0.04364471298657263,0.5100011972252344,0.5100011972252341,0.005577242947562355,1129,sobol_screened,0.4875164917197407,True,True,0,CONVERGENCE: RELATIVE REDUCTION OF F <= FACTR*EPSMCH,55,3076,1089,51.69540001044259,0.4875164917197407,0.0037831273432851913,0.0008750896166835036,89,75,False,1e-05,0.0008751028894572944,True,0.37578214053064585,0.45404802169650793,0.6943917851895094,0.5715474998578429,0.09858560655266047,0.6854217331856489,0.1472665388137102,0.6059705745428801,0.5935754470131862,0.8968819137453387,0.854788435232706,0.414156595943138,0.011058895097693632,0.6398258760969949,0.0034355936885106797,0.49368259652770363,325,0.0008586567775006352,True,0,350,0.011509517024568096,False,"alpha_e~0,alpha_p~pi/2"
electron,gradient_local_minimum_0327,gradient,gradient,gradient,0.00051099895,13.829396547489104,3.718789661635773,1.741097699673346,0.8295734200191964,0.0,0.0,3.141592653589793,0.0,0.8808515038010845,2.7811562276881303,5.994603340295434,2.6683091057792803,2.0716213374825982,0.1793417980860812,4.397164108492284,0.7187557983326459,10.95505034726618,0.9045804394881862,-5.896408037415974,0.022415743832875708,0.0108637080895557,2.0354361882551193,0.9352170845527282,2.769326708442619,158.67073248661833,0.1685842167197491,2.697905371644626,0.1685842167197491,2.697905371644626,False,,gradient,755006178,0.012683349745191565,1.5468379304458448,1.0,6.323321325792171e-05,0.0009425307575946245,1.0,0.9155245232195164,0.32433315190140966,-0.20006054364992737,0.22132705055451357,0.28621331724760407,0.6662059049593587,0.6661356931092582,0.6661334935219625,0.9421101952425824,0.942108606444704,0.9420588814741279,0.0008823309310128008,1.159287934004008,0.8875383918902241,4.55054314679737e-06,4.487342689485363e-06,4.343338358525628e-06,0.24872601640726205,0.13364160192822255,0.36397743026977264,0.3823676183354846,0.17279362110203034,1.2313010944987541,0.9038088625508207,0.24872601640726205,0.01077829309742944,0.16778175889790128,0.16778175889790126,0.09207518283645946,0.4498506227666141,0.4498506227666143,0.01077829309742944,755,latin_hypercube,nan,True,True,0,CONVERGENCE: RELATIVE REDUCTION OF F <= FACTR*EPSMCH,29,6242,648,9.097851361824887,0.9484143983397898,0.14643582009783696,0.0008823309310128008,251,237,False,1e-05,0.0008824225457363232,True,0.9979090200557797,0.22942939436284882,0.19144658214718044,0.7615302288732773,0.9851564552954667,0.3133262020391501,0.39278743554587514,0.816110650067745,0.6808593626755669,0.8852695222947494,0.849349167763775,0.4799529116247755,0.9540707534832056,0.32970877607499904,0.004037235613821137,0.4923738055849872,327,0.0008658980918299324,True,0,350,0.012939531620503502,False,"alpha_e~0,alpha_p~pi/2"
electron,gradient_local_minimum_0328,gradient,gradient,gradient,0.00051099895,5.032307411321846,2.2432805021489948,0.9255336181920352,0.880781271933364,0.0,0.0,3.141592653589793,0.0,0.4754284128660576,2.779411307399406,6.274387439105552,0.7068566155913548,2.698005829024082,0.2821175075972428,4.462075265381106,-0.9197756763657635,1.746047888478926,0.4668785666078819,-3.1560407816034095,0.060141889038310414,0.04202308179789054,2.8736291502593514,0.9006300365498539,0.8015134750095544,45.923339340911845,0.7746231601833764,0.06962671362111716,0.7746231601833764,0.06962671362111716,False,,gradient,1766003414,3.1181376744770364,1.5492701103219977,0.9999999999999999,0.0028275653721193967,0.0032740746401076484,0.9999999999999999,1.0886124942700186,0.3284568271790466,-0.26195512404390964,0.15261497240078617,0.23865592130754232,0.666131935708896,0.666382828311643,0.6660172696489542,0.9422362391831312,0.9419777751787035,0.9421549725775404,0.0008878163636668459,1.1593151249213904,0.8875957039924817,1.1300790065449373e-05,1.1369688691587054e-05,1.0915013313517186e-05,0.2395908514492558,0.07577437587878834,0.2670582804311533,0.3153652273280441,0.10937566676713126,-0.7244398623389048,0.6936444305786337,0.2395908514492558,0.07528428433880918,0.12678149041737524,0.12678149041737527,0.00011775518099742775,0.5578532822545808,0.5578532822545808,0.07528428433880918,1766,sobol_screened,0.6195921747870429,True,False,2,ABNORMAL: ,57,3455,1503,6.041606965968716,0.6195921747870429,0.0016547244772924013,0.0008878163636668459,90,76,False,1e-05,0.0008880377245157475,True,0.9074418069794774,0.4740342330187559,0.8303184621036053,0.4820209378376603,0.6754634529352188,0.5635747462511063,0.879122169688344,0.6073373984545469,0.31332023234208917,0.8847140969162458,0.22499944885714362,0.4882099137025676,0.998599775807347,0.4294009641799297,0.9925340482681753,0.49314799248454394,328,0.0008713835244839775,True,0,350,0.013727233677504558,False,"alpha_e~0,alpha_p~pi/2"
electron,gradient_local_minimum_0330,gradient,gradient,gradient,0.00051099895,8.588944779062434,2.93069015405287,1.315236352720197,0.8151119349469762,0.0,0.0,3.141592653589793,0.0,0.7040323843911839,2.4825740277998167,2.3665050020280436,1.933881968088457,4.836055258719968,0.42984416568828765,0.8344857127397647,-0.16716068475625356,4.941198701413302,0.7179025165543512,-3.950428366771062,0.04297549797859333,0.026513638803028764,2.821472127400596,0.89281840505186,2.18587464373974,125.24139163094951,0.5971015460495359,1.092486713370345,0.5971015460495359,1.092486713370345,False,,gradient,888001995,3.084664786285043,1.626946109745163,1.0,0.0017621710410793395,0.018542778814422015,0.9999999999999998,0.9394070531489601,0.3068458946908269,-0.1669147916734654,0.28382076108355503,0.3350378796717325,0.6661822427642028,0.666148435553764,0.6661251119390789,0.9421016737875928,0.9420850455555061,0.9420607986080523,0.0008924749445397524,1.159278680158972,0.8875194472355006,3.04498831343869e-06,2.787729126429994e-06,2.1453274635097053e-06,0.38669217312215476,0.04810621909115215,0.42470540412376834,0.4347983922133069,0.2073062080171149,-0.6152443334947759,0.9535739401511538,0.38669217312215476,0.10329444720756638,0.1783552553461279,0.1783552553461279,0.11799944077018656,0.3868463524405651,0.38684635244056503,0.10329444720756638,888,latin_hypercube,nan,True,True,0,CONVERGENCE: RELATIVE REDUCTION OF F <= FACTR*EPSMCH,58,2059,1206,1.3654631528729864,0.9392123640454098,0.001524479954994552,0.0008924749445397524,39,25,False,1e-05,0.0008933178984565728,True,0.621362099285337,0.929940686307582,0.8268151943180773,0.3135889591054661,0.3850402786968239,0.3905736360731638,0.7601828746578899,0.5837689457754361,0.4845492240560189,0.7902278562317945,0.6155737491551219,0.5109018017832543,0.376640968924459,0.7696820994908378,0.9818792970375391,0.5178730310201438,330,0.000876042105356884,True,0,350,0.022422061502157423,False,"alpha_e~0,alpha_p~pi/2"
electron,gradient_local_minimum_0334,gradient,gradient,gradient,0.00051099895,10.957643576307214,3.310233160414416,1.5222189467057636,0.7463923070658733,0.0,0.0,3.141592653589793,0.0,0.8149540645975045,2.5716895807957028,0.5506937894975998,2.4244023278019426,4.454155049306721,0.2894368115686703,2.1624471191975836,0.3779508924530599,7.73035871143881,0.8380359092391948,-4.440200551134522,0.03577977451153789,0.020626695266065358,2.373861745718931,0.9153165456724827,2.5794807560464523,147.7933606566764,0.3056000158320241,1.9506790959846745,0.3056000158320241,1.9506790959846745,False,,gradient,1860003861,3.110351855018953,1.5327370266939715,1.0,0.0006239253867016221,0.005784952322255032,1.0,0.9168022422468728,0.32476675324590465,-0.16467797834471762,0.26937743290761385,0.32285936526572717,0.6661755970620684,0.6660883791567269,0.6661618655180254,0.9420534737941046,0.9421055454657031,0.9420440269857894,0.0009112573732936601,1.159264182634739,0.8874915154279703,1.0925189008470504e-06,1.3016057710535378e-06,1.588861511303552e-06,0.01932177092930179,0.39002441940222254,0.3971625219550517,0.4093461903315243,0.19248942678928954,2.8684092886380217,0.9404725454188045,0.01932177092930179,0.06801087681215133,0.16861435486675005,0.16861435486675005,0.15124473509814979,0.42203945480172567,0.4220394548017258,0.06801087681215133,1860,sobol_screened,0.6287306197950845,True,True,0,CONVERGENCE: RELATIVE REDUCTION OF F <= FACTR*EPSMCH,48,3925,936,4.35162798150823,0.6287306197950845,0.0024046154001775553,0.0009112573732936601,135,121,False,1e-05,0.0009115630961194261,True,0.6056168396025896,0.6385646145790815,0.3207412138581276,0.7501354478299618,0.0545283667743206,0.6636754330247641,0.9247548244893551,0.29554610699415207,0.579090762876962,0.8185942177631205,0.7717112290263536,0.5109725001479215,0.0876456387285507,0.7089007933948894,0.9900557449626252,0.48788534851663984,334,0.0008948245341107917,True,0,350,0.019507052829946834,False,"alpha_e~0,alpha_p~pi/2"
electron,gradient_local_minimum_0336,gradient,gradient,gradient,0.00051099895,8.756655452484646,2.9591646545071884,1.3309180212450926,0.45090367718994,0.0,0.0,3.141592653589793,0.0,0.8952927344641716,2.1190918563282106,5.455630688693178,2.52190976920505,1.5933388785754221,0.342055906676798,3.901927102166397,0.051917695719144785,5.288997429263125,0.7438156113889889,-2.255104140952757,0.0955052091209752,0.07927671679287109,2.701476340104769,0.9027294925087471,2.685861765486197,153.88854351791517,0.22155580105495842,1.7385024452104814,0.22155580105495842,1.7385024452104814,False,,gradient,2018001705,0.05319056607024255,1.5270343929633607,1.0,0.023334450632271377,0.016486077610448267,0.9999999999999999,0.9752913765818599,0.3189881670027566,-0.19023222983223215,0.3630501656509399,0.42373199594997074,0.6660900696403539,0.6662080888956136,0.6661027669472721,0.9420794871791414,0.9420051727333121,0.9420884189406705,0.0009277610664335513,1.1592516938150135,0.8874726926709395,4.561580276785104e-06,4.8684480137284325e-06,4.475257374736419e-06,0.4015670407372542,0.0325010368148691,0.42168470820646253,0.4340680775521233,0.20465066943040092,-0.44711662968156,0.9429427318613463,0.4015670407372542,0.0527912656503949,0.14387144462198917,0.14387144462198917,0.15858743197506284,0.4220604778258875,0.4220604778258877,0.0527912656503949,2018,sobol_screened,0.6436861423155757,True,False,1,STOP: TOTAL NO. OF ITERATIONS REACHED LIMIT,80,1788,1296,3.6140303522178887,0.6436861423155757,0.000977997159123188,0.0009277610664335513,21,7,False,1e-05,0.0009281882040596023,True,0.9614135650917888,0.5298412851989269,0.7242253208532929,0.3624639753252268,0.7059794310480356,0.12944230251014233,0.24442658387124538,0.25149274803698063,0.49164202525374273,0.6745278876008304,0.8027488116014493,0.6555480458452899,0.8682905917893606,0.25358775854577564,0.016931083031870305,0.48607014382290126,336,0.0009113282272506829,True,0,350,0.025149932841848095,False,"alpha_e~0,alpha_p~pi/2"
electron,gradient_local_minimum_0339,gradient,gradient,gradient,0.00051099895,4.377185738486013,2.09217249252685,0.8358157270674137,0.3852562988277387,0.0,0.0,3.141592653589793,0.0,0.4477270778048473,2.24987016130388,1.3913637277802613,2.4948466215138314,5.226645297946816,0.3155883279115546,3.4536631707910774,0.14069082360930085,2.055584296553273,0.7051576681173725,-1.1927733101351854,0.19947626556771506,0.21794952128493128,1.7393301756168233,0.8335103938336302,2.4917749197903314,142.76818640053523,0.0755736953253145,0.5069791885343509,0.0755736953253145,0.5069791885343509,False,,gradient,365002080,0.057615123170889807,1.58258866056009,1.0,0.47192832701630893,0.01864367605632803,1.0,1.043665822614554,0.2926881544526909,-0.2668130408897843,0.19034959134585336,0.26844260786779467,0.6661974905157382,0.6659851363772282,0.6661760421726607,0.9419977694798755,0.9421328537595701,0.9419824322184613,0.0009619366871788489,1.1592310812189797,0.8874349865436337,4.499460198259531e-06,4.698598853880576e-06,4.181567982264323e-06,0.2940389193919414,0.07132654202284829,0.3354613240623344,0.36536546141478965,0.1527785933549396,0.7541219494921515,0.8363056144570499,0.2940389193919414,0.0886508295462837,0.15751281273306575,0.15751281273306578,0.17867511828641985,0.47712172585214463,0.4771217258521447,0.0886508295462837,365,latin_hypercube,nan,True,True,0,CONVERGENCE: RELATIVE REDUCTION OF F <= FACTR*EPSMCH,68,2123,1755,2.41695254500993,1.0734785268779978,0.0010037531225878425,0.0009619366871788489,19,5,False,1e-05,0.0009620738504586004,True,0.04167990739476042,0.09225056869372777,0.9198347327174683,0.25818717652576967,0.01043295139697165,0.6280912359025613,0.43385672414679455,0.18195276453409323,0.2756802718675209,0.7161559149729448,0.7941343441400824,0.511393834762052,0.22144241491499486,0.8318464349562479,0.018339463298991016,0.50375361641864,339,0.0009455038479959805,True,0,350,0.01836221379529732,False,"alpha_e~0,alpha_p~pi/2"
electron,gradient_local_minimum_0344,gradient,gradient,gradient,0.00051099895,4.662294837114766,2.1592347804522705,0.8758775304932863,0.5837188847506614,0.0,0.0,3.141592653589793,0.0,0.5913759037746577,2.170907590993056,1.966514911712267,1.626970463948424,4.603322508409683,0.6703849801567384,0.5179389395002685,-0.6894973099384897,1.4467962470709899,0.4479911661633075,-1.6534639014333905,0.1399241256288394,0.13401509485972066,2.662567342481776,0.8538167319485347,1.990995557442356,114.07564247074366,0.4888915756932293,0.3855577485118506,0.4888915756932293,0.3855577485118506,False,,gradient,35003216,0.12367339817480982,1.6674312937721891,1.0,0.16390935548951835,0.08342304193139179,0.9999999999999997,1.2185455991604224,0.28940816780993167,-0.15884479791162373,0.4272057400568162,0.4731767219865581,0.6660543852262755,0.6661566461111735,0.6660668248062519,0.9420190859496486,0.9419554217925876,0.9420279118043599,0.0009974065303469612,1.1591913833584206,0.8873655163474008,6.837056172270817e-06,6.5574578176352816e-06,6.894352913178192e-06,0.3767842607126779,0.11588304790625775,0.481815381010398,0.49266730861893565,0.23548172670093018,0.9836670020429341,0.9559462240798635,0.3767842607126779,0.03304674176972331,0.1168077183793086,0.1168077183793086,0.08956241096690584,0.39052497300175565,0.39052497300175576,0.03304674176972331,35,latin_hypercube,nan,True,False,2,ABNORMAL: ,12,3256,1089,21607.402843626576,0.96130541498076,0.6394161978064552,0.0009974065303469612,97,83,False,1e-05,0.0009978656337721902,True,0.6486685542678678,0.21867435070505725,0.060826922923046214,0.7053449375229821,0.9406255690911091,0.5931683415191795,0.18492034176919156,0.07390172862343644,0.2923850241381579,0.6910213482045269,0.5178807832038119,0.658266149118907,0.31298056886292946,0.732641531859584,0.03936646529698634,0.5307598653399164,344,0.0009809736911640928,True,0,350,0.04722854943641108,False,"alpha_e~0,alpha_p~pi/2"
electron,gradient_local_minimum_0345,gradient,gradient,gradient,0.00051099895,4.735961089018926,2.1762263414036065,0.8859640735377914,0.7891318456326863,0.0,0.0,3.141592653589793,0.0,0.40569399908937975,2.652501526916681,0.21982463374214217,1.114252284827575,2.896870470507854,0.31600375194406255,4.661936661634499,-0.7661784901121396,1.8826768255959239,0.5590144340245766,-2.637855713713956,0.07745406954024639,0.05945598710730617,2.3650172888309133,0.873378651305491,1.1969806183494627,68.58193759038376,0.5178847670110143,0.1402953229520096,0.5178847670110143,0.1402953229520096,False,,gradient,1549001833,0.038433826731371995,1.5511615590004981,1.0,0.010128710524233054,0.00866584060874844,0.9999999999999998,0.9865009630684959,0.3207794095978637,-0.20527000856311495,0.16711796245115507,0.2329643546061795,0.6660431921765222,0.6661895559138553,0.6660358850532311,0.9420323905192324,0.9419237993821709,0.9420274253359566,0.0010070951068083898,1.1591872353880852,0.8873537028809223,2.96653398806912e-06,3.1098192115885936e-06,3.3454977507729744e-06,0.04445579353310966,0.2823922095462087,0.293566765374396,0.3268480030793183,0.13014276383473686,-2.724168337654144,0.7963503684197469,0.04445579353310966,0.012644217472807903,0.13526461222204744,0.13526461222204744,0.004203581799393988,0.5378873846986342,0.5378873846986341,0.012644217472807903,1549,sobol_screened,0.5934834318186354,True,False,2,ABNORMAL: ,58,1874,1431,17.05442708415725,0.5934834318186354,0.0010473861099318546,0.0010070951068083898,22,8,False,1e-05,0.0010071639194146186,True,0.5887189637869596,0.4653869355097413,0.46652173064649105,0.6483622770756483,0.0016300491988658905,0.3167572598904371,0.11933635175228119,0.7141506336629391,0.29661750449580904,0.8443174591351797,0.35467751796349417,0.42950184545260905,0.034986177073427376,0.46105125487826953,0.012233867012470551,0.4937500592981199,345,0.0009906622676255214,True,0,350,0.016396816834634426,False,"alpha_e~0,alpha_p~pi/2"
electron,gradient_local_minimum_0347,gradient,gradient,gradient,0.00051099895,10.663948636233597,3.2655701854704633,1.498069827389306,1.0946301176121924,0.0,0.0,3.141592653589793,0.0,0.5955627652786513,2.723897451372257,3.6650635307839607,1.8750674010083952,1.1763295162429026,0.28487191282567637,5.214676929384545,-0.03359034751375567,7.212936240509279,0.8037775376696225,-6.333882928476103,0.019820801373132916,0.009175619042865048,2.6407044911356667,0.9171812143041133,2.0430264240844016,117.05679153374089,0.6248951082875125,1.064421764303801,0.6248951082875125,1.064421764303801,False,,gradient,474005022,0.026413530141267814,1.6079528363666795,1.0,8.558385939503777e-05,0.004169145464876238,0.9999999999999998,0.9167147667127102,0.33037326551453516,-0.08056401903462608,0.23143522153713042,0.258051419588575,0.6660079503829502,0.6660913055282816,0.666128594273319,0.9419371154338063,0.9419635110833527,0.9420224743203234,0.0010268736448461858,1.1591674908788991,0.8873157041630659,1.3121580909047914e-06,1.3621306312328052e-06,1.4107156657283682e-06,0.01410669503001491,0.37902559771187294,0.3871849582130945,0.3931322927418879,0.1906188118421506,2.8479483151601435,0.9697438514281599,0.01410669503001491,0.014613660698547188,0.19499951599517154,0.19499951599517157,0.16536703300963923,0.4118681912629405,0.4118681912629402,0.014613660698547188,474,latin_hypercube,nan,True,True,0,CONVERGENCE: RELATIVE REDUCTION OF F <= FACTR*EPSMCH,67,5065,1278,0.9457261403195437,0.6843511946346813,0.0014733220718600646,0.0010268736448461858,172,158,False,1e-05,0.001027108059920064,True,0.7105689398615455,0.6901481850462198,0.3386903192367041,0.338642745874525,0.7587857018511213,0.3085717721406851,0.050956455935108703,0.4990274084806559,0.5679655246068613,0.8670434877226206,0.5968524910019185,0.36588708163703587,0.5833129776701023,0.18721865721495595,0.008407687772979082,0.5118272843327811,347,0.0010104408056633173,True,0,350,0.01104324710967448,False,"alpha_e~0,alpha_p~pi/2"
electron,gradient_local_minimum_0348,gradient,gradient,gradient,0.00051099895,0.9710851919030149,0.9854365488975,0.046292120351719264,0.033828968389570946,0.0,0.0,3.141592653589793,0.0,0.008513419013451377,2.8362226937712878,0.5651329902224062,2.2984319447673696,4.188338077713022,0.14164626260928442,3.1309406852165,0.43536602364056737,0.007058272898617407,0.30972199408186396,-0.0062742052041888305,0.9829317196527723,1.7566834228219126,0.8955747864303489,0.2497679400393681,2.22265915679815,127.34898898064029,0.0001320071890400408,0.0005240410362546152,0.0001320071890400408,0.0005240410362546152,False,,gradient,1741002114,2.863064110453787,2.0721680913936535,1.0,962675.700234887,0.41631772894431407,1.0,1.149323548635371,0.2130842070583751,-0.15916316682176312,0.11719803262021829,0.15111318981533356,0.6660294149838776,0.6661646843743475,0.6660351261659974,0.9420059028100609,0.9419139841415775,0.9420096856708848,0.0010280658213388067,1.159167888050962,0.8873197662842711,4.5525976576921146e-06,3.982610737585102e-06,4.071903229152518e-06,0.36026452722466384,0.013811190685809688,0.3691865606721445,0.37407571791047356,0.1821487017169077,0.31428433993409993,0.973860066268727,0.36026452722466384,0.11083797571224571,0.1973856729583025,0.1973856729583025,0.09158589184817148,0.428538609131224,0.42853860913122405,0.11083797571224571,1741,sobol_screened,0.6172643734677784,True,True,0,CONVERGENCE: RELATIVE REDUCTION OF F <= FACTR*EPSMCH,58,2154,1350,16.173448176670036,0.6172643734677784,0.001123715733145729,0.0010280658213388067,41,27,False,1e-05,0.0010281779337985581,True,0.008502726443111897,0.8640088867396116,0.8554541422054172,0.2307737125083804,0.1329430816695094,0.6474678628146648,0.5989150749519467,0.9425510736182332,0.0,0.9027977228462228,0.7316136107400901,0.14299902717564905,0.0899437088981997,0.6665947084080344,0.9113416111354409,0.6595915893251966,348,0.0010116329821559383,True,0,350,0.1784987887531797,False,"alpha_e~0,alpha_p~pi/2"
electron,gradient_local_minimum_0349,gradient,gradient,gradient,0.00051099895,8.513099085541914,2.9177215572329573,1.308084855681924,1.2116988440967755,0.0,0.0,3.141592653589793,0.0,0.5709647274506784,2.831904521248006,2.709649575282229,0.8559895075193764,5.275463673694455,0.2925936163662338,1.1064988883567768,-0.8173425733411143,4.170762674138975,0.5914700103978131,-6.19253312624174,0.020609412831300238,0.0096804846707337,3.760601438155116,0.9237894285584858,1.0298138443802023,59.003986967127744,1.2364226006767314,0.22553737462532797,1.2364226006767314,0.22553737462532797,False,,gradient,900004834,3.1218173868952657,1.601529650709842,1.0,7.403661111228466e-05,0.002310460942521885,0.9999999999999999,1.0823052890197722,0.32441897664474983,-0.15983385202366013,0.19104332653661854,0.24289646124332273,0.666153767183913,0.6660039848625792,0.6660588803921172,0.941978516759715,0.9420175613158669,0.9419116900414789,0.0010351894553212102,1.159161982893288,0.8873060735898095,1.3766506791190736e-06,1.8121449733565775e-06,1.8918347596819096e-06,0.37109188183895603,0.01549313326187865,0.3760426841856159,0.3865850151008347,0.18275017663519855,0.2332970433868416,0.9454591848963986,0.37109188183895603,0.13848103779572696,0.20256085920060152,0.20256085920060152,0.21048106885170986,0.4108541256985638,0.41085412569856367,0.13848103779572696,900,latin_hypercube,nan,True,True,0,CONVERGENCE: RELATIVE REDUCTION OF F <= FACTR*EPSMCH,60,4875,1062,3.352645939321,1.1359787412832918,0.0036045213812476865,0.0010351894553212102,170,156,False,1e-05,0.00103520966035103,True,0.7545132086235666,0.8169443624061645,0.9151186129856782,0.35141564253290114,0.24286341830693903,0.6003252323951384,0.023534855826558943,0.055703546581016415,0.48131883624975547,0.901423205841815,0.27246992271301174,0.40688872237077095,0.43125412395302154,0.8396161207702021,0.9937053371092108,0.5097827208374158,349,0.0010187566161383417,True,0,350,0.008111066199997914,False,"alpha_e~0,alpha_p~pi/2"
electron,gradient_local_minimum_0350,gradient,gradient,gradient,0.00051099895,5.891071831387368,2.4271530300719335,1.0323262308736458,0.8248024256751529,0.0,0.0,3.141592653589793,0.0,0.6149510306807497,2.505176242380089,2.27529842953765,1.2754883761005313,4.908680067815241,0.5353357155330465,0.7873800300022524,-0.7307891129871864,2.162732611814056,0.48707102099824734,-3.0942965346797546,0.061883851740573904,0.04370087628117906,3.157393233288443,0.8860666938072279,1.5924521220945207,91.24078567266771,0.8195876022519577,0.35380564081903587,0.8195876022519577,0.35380564081903587,False,,gradient,994001645,3.071829315534284,1.6324191103603398,1.0,0.006472392972536113,0.02734955508987022,1.0,1.1747280982318398,0.29648979198846875,-0.1847872036726615,0.32589881921920744,0.38068633879824565,0.6661442551854739,0.6660149981134242,0.6660306808069316,0.941979743865416,0.9419907024110415,0.9418992043366106,0.0010497922045575778,1.1591489683107206,0.8872821374802169,1.6914241205423508e-06,1.4469360928304198e-06,1.265641770720194e-06,0.2933972579628302,0.1564657379385599,0.43633162714659773,0.4498629959013901,0.21140012919590268,-1.2409812172527837,0.9398422680768416,0.2933972579628302,0.09414051229861115,0.15030837499326394,0.15030837499326394,0.1615359794637226,0.3998286291053459,0.3998286291053459,0.09414051229861115,994,latin_hypercube,nan,True,False,2,ABNORMAL: ,55,1709,1323,3.0413962098708707,0.7757598982505697,0.0010799370994671088,0.0010497922045575778,19,5,False,1e-05,0.001050355047715729,True,0.7714614450722542,0.06824213977207125,0.7719780772087976,0.6792212943461012,0.10777261256508568,0.5400303133091275,0.8418984873325275,0.8359486662287479,0.3591216077998473,0.7974223645823425,0.40600055982530814,0.5745358039436705,0.36212499207014354,0.7812406968494556,0.9777936398037497,0.5196151412230446,350,0.0010333593653747094,True,0,350,0.026768595642943583,False,"alpha_e~0,alpha_p~pi/2"
electron,gradient_local_minimum_0353,gradient,gradient,gradient,0.00051099895,5.134583149962061,2.265961859776563,0.9388372453159675,0.4740674480427394,0.0,0.0,3.141592653589793,0.0,0.6636851183267218,1.9102887448121093,1.2664191133175149,2.00855130020016,4.985904185773044,0.648978273106014,2.6668629005112985,-0.5741687329758122,1.8598254316251384,0.514306093562837,-1.3263317691952987,0.1787056913074706,0.18750329392140908,2.6362025002844853,0.8499191199236472,2.3604963347987082,135.24647754006574,0.3589590836726809,0.6257059148875601,0.3589590836726809,0.6257059148875601,False,,gradient,1155002284,3.006385014089822,1.4702406226938989,1.0,0.4045600147680611,0.09742751171106509,1.0,1.1838748412558926,0.2768310033888007,-0.17553304749052825,0.44594262783052396,0.4945356174952209,0.6662392358430134,0.6659104900264073,0.6660681385552482,0.9419744015802856,0.9420860305511541,0.9418536739155084,0.0010548630813716508,1.1591623243092615,0.8873100324088085,4.273128644760593e-06,4.604384494510949e-06,4.797142477697136e-06,0.38401330836402153,0.1126603418816608,0.4863783704120085,0.49667365024568233,0.2380415452891673,-0.964327271237807,0.9585430802355581,0.38401330836402153,0.015554069832385024,0.12675332664771183,0.12675332664771183,0.21498087834645588,0.37657302310660595,0.376573023106606,0.015554069832385024,1155,sobol_screened,0.5016616812873789,True,True,0,CONVERGENCE: RELATIVE REDUCTION OF F <= FACTR*EPSMCH,23,2323,900,67478.64771249215,0.5016616812873789,0.020329123250641595,0.0010548630813716508,64,50,False,1e-05,0.0010555318458906992,True,0.3904527770355344,0.4791637072339654,0.6285773310810328,0.6668077651411295,0.21158486790955067,0.7720418153330684,0.8320924388244748,0.31411621905863285,0.31897000171398426,0.6080637929393189,0.6393417357610177,0.6916657140559839,0.20155686191053765,0.7935312969483516,0.9569620716595852,0.4679921252724805,353,0.0010384302421887824,True,0,350,0.05654501115932404,False,"alpha_e~0,alpha_p~pi/2"
electron,gradient_local_minimum_0359,gradient,gradient,gradient,0.00051099895,9.184856950734424,3.030652891826186,1.3701688927634585,0.9632714177309594,0.0,0.0,3.141592653589793,0.0,0.6380214156779549,2.6081559972804875,2.46154986943971,1.793278541263653,4.912610751265784,0.3879567718066848,0.8653114605561466,-0.1923461111466683,5.5309057427183035,0.7391295731537437,-4.978364750707779,0.029744575626367415,0.01601295620788751,2.831937102962899,0.9010219641252045,2.017459081206581,115.59189069347792,0.6813044009833394,0.957574896988865,0.6813044009833394,0.957574896988865,False,,gradient,315001635,3.0982091961680056,1.620109615515919,1.0,0.000469017251212428,0.010998738213858824,1.0000000000000002,0.850977823078758,0.319448707781889,-0.14287942608673707,0.23782558733258455,0.28346823536461063,0.6660994957825318,0.6659360062968693,0.6660783137513734,0.9418943427027844,0.9419951738844247,0.9418794042846911,0.0010962237639901193,1.1591113854038875,0.8872188803093388,5.650051143113455e-06,6.049289931364665e-06,5.727683187517485e-06,0.3952324780788511,0.01998046334047157,0.4074832427316726,0.41521294141932263,0.19987677202201126,-0.3519322001366818,0.962767544473794,0.3952324780788511,0.11536110452234546,0.2001485323208484,0.20014853232084842,0.12892731678354513,0.3846385262598291,0.384638526259829,0.11536110452234546,315,latin_hypercube,nan,True,True,0,CONVERGENCE: RELATIVE REDUCTION OF F <= FACTR*EPSMCH,44,1675,936,1.8572652814238593,0.8922413763543773,0.0012746060439753413,0.0010962237639901193,33,19,False,1e-05,0.001096230435846917,True,0.745462024993839,0.2611210756186969,0.7178940140282216,0.6341954224202602,0.25104090165202564,0.7322795411924644,0.9006102098801323,0.5729255158458942,0.5094492509184326,0.830201838643923,0.5708182883654676,0.4375851025088121,0.3917678293885395,0.781866284550339,0.9861906166058114,0.5156969073201371,359,0.001079790924807251,True,0,350,0.01767340746896923,False,"alpha_e~0,alpha_p~pi/2"
electron,gradient_local_minimum_0363,gradient,gradient,gradient,0.00051099895,7.449643534892257,2.7294035126547813,1.2035228894100893,1.1330610973271948,0.0,0.0,3.141592653589793,0.0,0.5910078947302426,2.811348129093877,3.5706589966886217,0.7499165391629901,0.9235042146964418,0.2911314436398613,5.208568384274034,-0.8867525229943434,3.1455744528569523,0.5180564585577491,-5.309230014492724,0.0267472929305832,0.013842998520382805,3.806145306812411,0.9242102394070459,0.9022140182547023,51.693055463533454,1.2317761512949572,0.1499483704770771,1.2317761512949572,0.1499483704770771,False,,gradient,1455006178,0.021107082093945576,1.6024202020943101,1.0,0.00018567493948900014,0.002676373243000607,1.0000000000000002,1.1441724218404903,0.3341363984441407,-0.13076742767644006,0.2612490243044327,0.30494318162204304,0.6659963655240402,0.6659493595234399,0.6661338037627017,0.9418292247522416,0.9419595011740647,0.9419264359738646,0.0011170389581175405,1.1590949700794513,0.8871851215166728,2.5802564976307174e-06,2.2984454962071688e-06,2.616821381362655e-06,0.014898784697317285,0.3733789858527865,0.37522589817245994,0.3882777705501038,0.18108701289740803,2.998649193014073,0.9327704372096695,0.014898784697317285,0.0016494468475323544,0.15532148265711754,0.15532148265711754,0.26008380538392056,0.45640074679277864,0.45640074679277876,0.0016494468475323544,1455,sobol_screened,0.5787060077891657,True,False,2,ABNORMAL: ,73,6218,1737,9.563434412173894,0.5787060077891657,0.0022918577281107557,0.0011170389581175405,203,189,False,1e-05,0.0011170773810737986,True,0.7769177732989192,0.4258524011820555,0.41271141543984413,0.803298206999898,0.9539818353950977,0.507291978225112,0.20523440837860107,0.636954608373344,0.434410113328348,0.894879902994885,0.23870584822831356,0.46435480298508086,0.5682880294185417,0.1469802607351377,0.006718592898995742,0.5100661921472467,363,0.001100606118934672,True,0,350,0.008618965125124594,False,"alpha_e~0,alpha_p~pi/2"
electron,gradient_local_minimum_0366,gradient,gradient,gradient,0.00051099895,7.023296864910878,2.6501503476049955,1.1590762264770287,1.0080018914891542,0.0,0.0,3.141592653589793,0.0,0.42009239577043067,2.7516496135044926,3.1697999689138734,1.3080758320726742,0.6010377332642892,0.2655611637285381,4.9304657792141295,-0.5487058159863298,3.8860741607003804,0.7055781044701396,-4.5077821355708965,0.034928174321629375,0.01995689294821285,2.501415465036069,0.8965065706436536,1.4142576809291485,81.03099626119962,0.6133762635955091,0.30252227616016913,0.6133762635955091,0.30252227616016913,False,,gradient,1322009582,3.1168603981768093,1.5941303598164382,0.9999999999999998,0.0005056716362471644,0.0036221364438312293,0.9999999999999996,0.919752299755794,0.3264078413216604,-0.1520983941290226,0.13364643929500963,0.183292547791155,0.6659932625156106,0.6659699226035849,0.6660550938124227,0.9418421108855366,0.9419025588541128,0.9418861673377042,0.001145838904971891,1.1590649233620913,0.8871321788724389,3.59830851148768e-06,4.016666263151336e-06,4.226416009722733e-06,0.03337123830375999,0.2877839382960093,0.3005333613150271,0.3211551765997693,0.13995577301514248,-2.711444346605336,0.8715772512025143,0.03337123830375999,0.12456754621437593,0.17527361243790812,0.17527361243790812,0.31678584197977744,0.5035712109623226,0.5035712109623229,0.12456754621437593,1322,sobol_screened,0.5541974375130257,True,True,0,CONVERGENCE: RELATIVE REDUCTION OF F <= FACTR*EPSMCH,40,9620,648,1.6786746992678805,0.5541974375130257,0.01828105210056856,0.001145838904971891,405,391,False,1e-05,0.0011460512831318313,True,0.3980891639366746,0.8375603100284934,0.3700219038873911,0.6033964119851589,0.2859210493043065,0.07405408658087254,0.835320389829576,0.4005368575453758,0.4146686978506525,0.8758772752922867,0.4163734692268202,0.328941194661887,0.5044893336651791,0.09565812623375972,0.9921274785944247,0.5074274533952957,366,0.0011294060657890226,True,0,350,0.008342334541957768,False,"alpha_e~0,alpha_p~pi/2"
electron,gradient_local_minimum_0369,gradient,gradient,gradient,0.00051099895,10.75871705566213,3.2800483312997275,1.5059035340670301,0.8726577039585607,0.0,0.0,3.141592653589793,0.0,0.7201727197298294,2.627291086510745,3.690542884362023,2.276830454788764,1.2645304402609172,0.28528257009470037,5.304964946681294,0.28237772724216836,7.546819458005199,0.8350832299049733,-5.074518346290803,0.02882495546894189,0.01533822849728641,2.370230879935483,0.9148013671087539,2.4278385131303817,139.10490014168798,0.38085733177103775,1.6170078876286356,0.38085733177103775,1.6170078876286356,False,,gradient,186002884,0.030228297517803333,1.6098776600192293,1.0,0.000319175455771821,0.00548614712154311,1.0000000000000002,0.9022515356453875,0.33346389116455694,-0.10908651700889804,0.27079408191554777,0.3071704963509235,0.6659684441790973,0.6659896244975226,0.6660451846969642,0.9418377625843755,0.941877025665548,0.9418921744141886,0.0011541839453102704,1.1590577491445746,0.8871171881401073,2.222449263844517e-06,2.1747762388169e-06,2.5002263239204403e-06,0.014979377330880395,0.38805017618973603,0.3944408793132108,0.4030295535206164,0.19292610255290257,2.8834855185505863,0.957379432191112,0.014979377330880395,0.022741209213186706,0.1699858209355772,0.16998582093557724,0.15622382074795943,0.42698462554380634,0.4269846255438064,0.022741209213186706,186,latin_hypercube,nan,True,True,0,CONVERGENCE: RELATIVE REDUCTION OF F <= FACTR*EPSMCH,57,2947,972,2.003999213468731,0.8286772970749122,0.0023524256100305612,0.0011541839453102704,88,74,False,1e-05,0.0011543015182243043,True,0.8226386521348716,0.3850406370240773,0.21024961227992617,0.11619376648702322,0.6789344479840358,0.5445459435891088,0.2592306801666833,0.7912760299918464,0.5715719306347169,0.836292726718923,0.7247376429235998,0.4508208739954258,0.5873681427388371,0.20125627025769566,0.009621965942421741,0.5124399747305481,369,0.001137751106127402,True,0,350,0.012369127240853506,False,"alpha_e~0,alpha_p~pi/2"
electron,gradient_local_minimum_0370,gradient,gradient,gradient,0.00051099895,1.9692370747814258,1.4032950775875421,0.38815513902791693,0.16322608888450568,0.0,0.0,3.141592653589793,0.0,0.30051832461588485,1.2997630078958253,1.0990806802793376,1.6687656892990754,4.0147869823393245,1.6658795010697103,0.6361581263675713,-0.9607024971118518,0.10586906958300384,0.13707160707931154,-0.13940786411445952,0.7306008420691705,1.1947555999029535,1.54633816332012,0.7089850632548017,2.836174003883653,162.5008003872537,0.10523820126388526,0.0884688039981642,0.10523820126388526,0.0884688039981642,False,,gradient,1274001904,0.3111352638875015,1.8399075905253255,0.9999999999999999,212.35680267460447,0.3978916278173633,1.0,1.113810934999482,0.17868454465610906,-0.1884604324506755,0.5208268520356758,0.5545018185938182,0.6660233228901846,0.666105148783874,0.6658804095027103,0.9419580958757963,0.9417991639272403,0.9418571632510698,0.0011607729645829639,1.159060537605813,0.8871218612595467,1.918515885879213e-06,1.8787808684361806e-06,2.1269714683413987e-06,0.3086657753084223,0.2371486335166031,0.536877195027083,0.5458144088250254,0.26396999061457027,-1.4349140268537197,0.9672518216689018,0.3086657753084223,0.01175751549761353,0.07362988648351723,0.07362988648351723,0.008306694229208343,0.38055570469145755,0.38055570469145744,0.01175751549761353,1274,sobol_screened,0.5415975887143528,True,True,0,CONVERGENCE: RELATIVE REDUCTION OF F <= FACTR*EPSMCH,54,1969,1476,1.8380304426765408,0.5415975887143528,0.0012316853738124764,0.0011607729645829639,26,12,False,1e-05,0.0011610717985290693,True,0.040713909082114697,0.43047056812793016,0.5780678931623697,0.765058021992445,0.2380527975037694,0.73384072445333,0.14752057753503323,0.6272642854601145,0.10408567052920477,0.4137274151092216,0.5311846166282037,0.7630574246141202,0.17492412312325958,0.6389731937002974,0.09903743043579429,0.5856607757288089,370,0.0011443401254000955,True,0,350,0.1279388183041357,False,"alpha_e~0,alpha_p~pi/2"
electron,gradient_local_minimum_0373,gradient,gradient,gradient,0.00051099895,7.323989428072107,2.706287018790155,1.190587888665558,0.8038570586291914,0.0,0.0,3.141592653589793,0.0,0.6708429184362258,2.438415013943131,2.2910244651645235,1.7280663790155197,4.876118397570924,0.4563364791047697,0.8418593825982585,-0.4228257637581604,3.615487430841362,0.6310924907621552,-3.4451543699035625,0.052880002783559324,0.0352277664403199,2.9932908914083365,0.8890138527030194,1.9972319825088634,114.43296330630413,0.6736035056382735,0.758770036107158,0.6736035056382735,0.758770036107158,False,,gradient,1683001138,3.0743763861755933,1.6329142605917855,1.0,0.0038123650257038378,0.02595822259228158,1.0,1.0791560497250068,0.31159979248168274,-0.13007412228178022,0.34213979121997945,0.38267086073021916,0.6659501712125347,0.6660545006615931,0.6659614805553589,0.9418709831146912,0.9418054287651771,0.9418791581763413,0.0011770303331438386,1.1590395756898566,0.8870849166751011,2.7204438665107133e-06,3.141530069195042e-06,3.0571719236149875e-06,0.3546574840585135,0.08970856303529065,0.4346710965600298,0.4443660470938041,0.21248807301312772,-0.8976562036283567,0.9563650256486506,0.3546574840585135,0.08913759548649478,0.14378041475648373,0.14378041475648373,0.13702473342447924,0.41185353814971215,0.4118535381497123,0.08913759548649478,1683,sobol_screened,0.6112788907118708,True,True,0,CONVERGENCE: RELATIVE REDUCTION OF F <= FACTR*EPSMCH,37,1225,810,0.903767962033381,0.6112788907118708,0.0012255709064424144,0.0011770303331438386,20,6,False,1e-05,0.0011774400896928197,True,0.38433972373604774,0.7630707528442144,0.5988786267116666,0.1708955792710185,0.4122718935832381,0.7634778041392565,0.9693116145208478,0.5441059404984117,0.4286519545282231,0.7761716055570844,0.5500606124224654,0.5405679485567404,0.3646278683753997,0.7760583460747442,0.9786043975696868,0.5197727524368599,373,0.0011605974939609702,True,0,350,0.026190528645767274,False,"alpha_e~0,alpha_p~pi/2"
electron,gradient_local_minimum_0374,gradient,gradient,gradient,0.00051099895,10.110213706005814,3.1796562245006634,1.4514728548296503,0.9215091816760306,0.0,0.0,3.141592653589793,0.0,0.6852902124074319,2.6178185548399124,2.511378334166195,2.039882597531063,4.929017030322094,0.35041154034390076,0.9333249920136969,0.05723116723341182,6.639653285298828,0.7933079877075107,-5.10163110756754,0.02857316967104332,0.015154805150435118,2.609768972051129,0.9067435824020181,2.2468814157402064,128.73682218829313,0.5450137145792362,1.3140248034449353,0.5450137145792362,1.3140248034449353,False,,gradient,65006508,0.037698758710802034,1.6151007705421017,0.9999999999999999,0.0003559724946360927,0.008313907651374559,0.9999999999999999,0.8408426178304911,0.31722117835249525,-0.15729863941636166,0.228204295334518,0.2781027550834205,0.6661147503962075,0.6659110445009462,0.665949679708596,0.9418852467660359,0.9419125287638722,0.9417686029540939,0.001178832780749245,1.159044279201627,0.8870916948922964,1.4381917733952143e-06,1.3752429690039314e-06,1.6064177831287552e-06,0.009713784323449381,0.40210951678694085,0.4030706115342012,0.4118233011103902,0.19715896097900606,3.042813245560851,0.9574929852070567,0.009713784323449381,0.02847606227481858,0.20157169140885273,0.20157169140885273,0.12846051060400587,0.38660500748075716,0.3866050074807572,0.02847606227481858,65,latin_hypercube,nan,True,True,0,CONVERGENCE: RELATIVE REDUCTION OF F <= FACTR*EPSMCH,18,6596,315,18.827737012192504,0.8637215722318455,0.19548508329160635,0.001178832780749245,282,268,False,1e-05,0.0011790900843265293,True,0.758304312686034,0.8554201950365625,0.7307401916924491,0.3459756214527669,0.5855723928231135,0.6912470193135578,0.7795523593952907,0.36507422995763467,0.5465649509165376,0.8332775262409079,0.6493147974484079,0.44440404700054165,0.39969827585643963,0.7844774249598959,0.011999887594505583,0.514102542446609,374,0.0011623999415663767,True,0,350,0.015264973374247889,False,"alpha_e~0,alpha_p~pi/2"
electron,gradient_local_minimum_0377,gradient,gradient,gradient,0.00051099895,6.153630919792261,2.4806513095943696,1.062984255616243,0.2870851994070548,0.0,0.0,3.141592653589793,0.0,0.6726431942518297,2.2086236935377306,0.572545364274226,2.8521995901697483,3.0784512236111774,0.1665207317893441,4.695683194407178,0.38621015101583966,3.492278703609879,0.7489695766206551,-1.3850555948085557,0.17061435757021098,0.17596322887107801,2.0503430815266195,0.884142284646445,2.815669449111568,161.3259759380184,0.029732125546157118,1.0833436799469456,0.029732125546157118,1.0833436799469456,False,,gradient,1045001412,0.028077493658534167,1.5616928527194958,1.0,0.18167091921702194,0.004453036284287982,0.9999999999999998,1.1651295807200595,0.3088117270447244,-0.27201377265476745,0.2834831438912264,0.3674841868046962,0.6659104250356094,0.6659270910200124,0.6660935173356024,0.9417553634596219,0.9418732585641549,0.941885030001639,0.0012030684508238085,1.15902196733902,0.8870585894703954,7.579879482688678e-06,7.96719063911322e-06,7.945350298188547e-06,0.25876226805939695,0.120041927240932,0.3496908799219073,0.37880419530032894,0.16028878227174279,-1.12328856901234,0.8462883160238516,0.25876226805939695,0.02826071579890626,0.12183883493274307,0.12183883493274306,0.001891664404687951,0.4993569697669279,0.499356969766928,0.02826071579890626,1045,sobol_screened,0.37352873380091345,True,True,0,CONVERGENCE: RELATIVE REDUCTION OF F <= FACTR*EPSMCH,41,1449,711,32.16529108955938,0.37352873380091345,0.00205785448309395,0.0012030684508238085,33,19,False,1e-05,0.0012032485426598663,True,0.26627171598374844,0.5821514660492539,0.7638226384297013,0.6558292666450143,0.06002885568886995,0.5259612007066607,0.019586646929383278,0.5249896720051765,0.37244765935540164,0.7030267565128184,0.9078833269203871,0.6135823051868284,0.09112342486859293,0.48995072930501254,0.008937343810774115,0.4971022742031821,377,0.00118663561164094,True,0,350,0.011709273456564069,False,"alpha_e~0,alpha_p~pi/2"
electron,gradient_local_minimum_0385,gradient,gradient,gradient,0.00051099895,5.642780555949433,2.375453757905936,1.0025318704912023,0.7348409336954527,0.0,0.0,3.141592653589793,0.0,0.4210814481022994,2.570012612156048,6.009072599147596,1.8307237664631555,3.4554422649822194,0.3107954635721406,1.5520229101920187,-0.21884130725024406,2.985664356942465,0.7238693263071877,-2.751373817206521,0.07307716702308396,0.05489447339775001,2.0187698811517536,0.8659763605429163,1.9189884972243731,109.94994182510888,0.31365129783494783,0.43079656770295677,0.31365129783494783,0.43079656770295677,False,,gradient,836001548,0.042471920106217836,1.551052074322363,1.0,0.008893580761240125,0.010575141128236192,1.0,1.0176171404104255,0.32176682280590474,-0.1903251345256154,0.14963989322839444,0.21088020706480812,0.665915998982257,0.665978096941331,0.6659374898632195,0.9417953394733898,0.9417664522080864,0.9418105914070934,0.0012527286417061902,1.15897346275328,0.886969899341508,7.518147663365671e-06,7.1923987429722835e-06,7.624075656575968e-06,0.07092607464914966,0.26093235296913564,0.3070922963905568,0.33185842761828527,0.14116308258141413,2.309057365324329,0.85074279170505,0.07092607464914966,0.010645607851171243,0.1571204416513024,0.1571204416513024,0.0014172157674791977,0.5110211307304123,0.5110211307304123,0.010645607851171243,836,latin_hypercube,nan,True,True,0,CONVERGENCE: RELATIVE REDUCTION OF F <= FACTR*EPSMCH,50,1610,990,8.337023020906638,0.8192297792751675,0.001290478985869514,0.0012527286417061902,28,14,False,1e-05,0.0012529737299736632,True,0.4637165023628901,0.8497228486910959,0.32075228164378417,0.6548000855141518,0.7848013765755057,0.60150666327824,0.027199825507548972,0.6033889176728301,0.346243676538903,0.8180604220662981,0.5827374737368476,0.38958205453333505,0.9563736075524033,0.5499507170405751,0.01351923205501725,0.4937152092426838,385,0.0012362958025233218,True,0,350,0.01739884735388438,False,"alpha_e~0,alpha_p~pi/2"
electron,gradient_local_minimum_0386,gradient,gradient,gradient,0.00051099895,7.539480402879147,2.7458114288638154,1.2126899907905724,0.8582569458889275,0.0,0.0,3.141592653589793,0.0,0.6483268299636205,2.493493855479615,2.323983043619554,1.6450134488756996,4.832934886604298,0.4811321103217949,0.7618464352583665,-0.4263882894280753,3.7796915137713962,0.6403257333547121,-3.798241560533912,0.04564822357273568,0.028798564023952613,3.002916215509517,0.8863492845003437,1.9196527124858798,109.98799855628138,0.7279221349802806,0.7186471115989163,0.7279221349802806,0.7186471115989163,False,,gradient,1738001283,3.0777788569090223,1.6329790857544875,0.9999999999999999,0.0024337867953300707,0.02331545447815602,0.9999999999999998,1.0251220274691173,0.30853732993371463,-0.15900761626593152,0.2903656916877569,0.3394254770495721,0.665911051158939,0.6660640926846103,0.6658631860302894,0.9418535228771308,0.9417115750294334,0.9418198068251626,0.0012568338523459973,1.1589765808036525,0.8869777512100316,9.154936685629167e-06,9.379978405277267e-06,9.390454005775428e-06,0.3493623161379549,0.08937390823979696,0.42935583675165334,0.43873622437775184,0.20998772456277742,-0.9032559490021239,0.9572390557018515,0.3493623161379549,0.1008331345740254,0.17812762602973262,0.1781276260297326,0.12593587070717044,0.38313614959251563,0.3831361495925155,0.1008331345740254,1738,sobol_screened,0.6170218365884697,True,True,0,CONVERGENCE: RELATIVE REDUCTION OF F <= FACTR*EPSMCH,43,1328,702,3.517839131035754,0.6170218365884697,0.0013033909976694555,0.0012568338523459973,27,13,False,1e-05,0.0012570931147105574,True,0.4604626102373004,0.6684156628325582,0.45969502348452806,0.5309018874540925,0.47695846669375896,0.5772606562823057,0.9275353578850627,0.6603245474398136,0.43849721181586315,0.7937037453376977,0.5236240436824289,0.5102065698836548,0.36987338905379985,0.7691854768443428,0.9796874376415883,0.5197933869270215,386,0.001240401013163129,True,0,350,0.0253257968415265,False,"alpha_e~0,alpha_p~pi/2"
electron,gradient_local_minimum_0387,gradient,gradient,gradient,0.00051099895,11.340526550275834,3.367569828567158,1.5531500128805573,0.5025484507447863,0.0,0.0,3.141592653589793,0.0,1.001850295940273,2.4055052850627763,2.641405538413206,2.6771869721259245,5.071685242905461,0.22701665833986343,1.0791442344495832,0.43481906061229025,7.982441060791296,0.824903350185888,-3.258821749876892,0.05739946309399379,0.03941875710795532,2.5742227254206185,0.925065834017673,2.786479416468586,159.65351026372642,0.1648018111831402,2.526611466639884,0.1648018111831402,2.526611466639884,False,,gradient,14011335,0.027468182137166574,1.6022776074957419,1.0,0.0025718787814636036,0.00453304948467373,1.0,1.0515066345832722,0.33205021343825813,-0.1750816288836752,0.33866980929026913,0.3968057015302114,0.6660545424032356,0.665911772030922,0.665867540462669,0.9418453612652834,0.9418142922082583,0.9417132390318989,0.0012582387352456606,1.1589747436025952,0.8869702106453757,5.54295158600171e-06,5.926109954756953e-06,5.754996783402522e-06,0.05117339474223648,0.358975018208282,0.3934950806236782,0.41014841295051846,0.18842087414841896,-2.526626182600492,0.9187936278624617,0.05117339474223648,0.015611221313691553,0.12020413474682623,0.12020413474682626,0.17946413674387554,0.46964745230265525,0.4696474523026554,0.015611221313691553,14,latin_hypercube,nan,True,False,2,ABNORMAL: ,26,11372,990,4.4138599902461975,1.1398796287901103,0.04474264535371411,0.0012582387352456606,469,455,False,1e-05,0.0012583920079143238,True,0.6361114223158573,0.2252077154890367,0.9620585590807501,0.023806206515105906,0.12323135451809947,0.8432547578377149,0.47955792757539145,0.9145860447266865,0.5933729305026837,0.7656961135028393,0.8521750803901302,0.6264251265050527,0.420392748148771,0.807183776214624,0.008743393929757124,0.5100208028768061,387,0.0012418058960627922,True,0,350,0.010252120339805125,False,"alpha_e~0,alpha_p~pi/2"
electron,gradient_local_minimum_0388,gradient,gradient,gradient,0.00051099895,9.748031058373895,3.1221837002927764,1.4201897768874263,1.1958549444869333,0.0,0.0,3.141592653589793,0.0,0.5411209623002263,2.775509211003293,2.6142420856647495,1.3695530791831294,5.0834865582366096,0.31668915953746585,1.0033087421909388,-0.4610455059728647,5.878656316976214,0.72395660241037,-6.585433791784844,0.018521500246382154,0.008359950542764758,3.121365463575245,0.9156525416295778,1.5611633414263282,89.44807059426975,0.9221070539959905,0.5687183165918046,0.9221070539959905,0.5687183165918046,False,,gradient,1767011752,3.1161204951928494,1.6071611517535094,1.0,6.928931163345683e-05,0.003831071812323944,1.0,0.9033393909450846,0.3246197640046775,-0.13373384552852288,0.16882816856216257,0.21224081793706967,0.6660230540678732,0.6659086571041997,0.6658914302712791,0.941818575834551,0.9418067873091602,0.9417260118522813,0.0012608755461386704,1.1589699010637695,0.8869567051664785,1.1816308060907943e-06,1.9191629748727124e-06,2.1448841548421527e-06,0.38325754983697835,0.007004803528238263,0.38406128834894926,0.39026235336521664,0.1889301116663409,0.09227326325935913,0.9682210443164918,0.38325754983697835,0.14469048186542194,0.2302449259710161,0.23024492597101606,0.15497537088156038,0.3794927206637673,0.3794927206637672,0.14469048186542194,1767,sobol_screened,0.6196378032386802,True,True,0,CONVERGENCE: RELATIVE REDUCTION OF F <= FACTR*EPSMCH,21,11789,486,23.152770795623333,0.6196378032386802,0.09229273785540301,0.0012608755461386704,503,489,False,1e-05,0.0012609000572396632,True,0.8935586474835873,0.475532709620893,0.5902250213548541,0.6873403741046786,0.5808204310014844,0.863940347917378,0.9427429297938943,0.664063616655767,0.5322489424867535,0.8834720210565209,0.435942284757442,0.3484860176522405,0.416069550372411,0.8090620138845626,0.9918919601598133,0.5115752832936695,388,0.001244442706955802,True,0,350,0.010651727830266605,False,"alpha_e~0,alpha_p~pi/2"
electron,gradient_local_minimum_0394,gradient,gradient,gradient,0.00051099895,8.484203274517963,2.912765571500384,1.305350321937594,0.5114310147446928,0.0,0.0,3.141592653589793,0.0,0.7285311916943533,2.5625167402317897,3.1066884950001685,2.7218450292220946,0.7573005219538836,0.20128068379554975,5.003154882854858,0.6076902869754117,5.7675829810338906,0.8393587384979223,-2.7924420480884056,0.0715843633200334,0.0533616469630297,1.9836769183886755,0.9036153983939862,2.7690441366351144,158.65454231463892,0.08255364726335412,1.5701241137364403,0.08255364726335412,1.5701241137364403,False,,gradient,977005111,3.120236964899356,1.5904698034941127,1.0,0.005046666662937521,0.0026649308224946894,1.0,1.0679874144705688,0.32520652725934784,-0.2872698519243922,0.18249373609557645,0.2759157670262151,0.6659926059218034,0.6659534211112407,0.6658170656307087,0.9418296736698923,0.9417332154026726,0.9417056348889087,0.0012980366059557494,1.1589404754408972,0.8869046840147422,3.0239728558978385e-06,2.9329650545473207e-06,3.178806669612566e-06,0.04314130071263936,0.29639057947430636,0.29761242655184794,0.3395318801869457,0.1278464864583751,3.003227885765795,0.7530750066119448,0.04314130071263936,0.10723901767195287,0.1354228174846523,0.13542281748465226,0.2935211349501502,0.5250453023284021,0.5250453023284023,0.10723901767195287,977,latin_hypercube,nan,True,True,0,CONVERGENCE: RELATIVE REDUCTION OF F <= FACTR*EPSMCH,60,5153,972,4.1635642712432235,1.017327685078752,0.004388463272978981,0.0012980366059557494,187,173,False,1e-05,0.0012982581947117854,True,0.0020759211371979996,0.622400461326614,0.3646171691617737,0.2465507168604624,0.851441525795318,0.3298613797685221,0.9451711526938501,0.42091429711489436,0.48008433446819515,0.8156744119272393,0.8663901814616014,0.5349289724106215,0.4944448306259978,0.12052812147503299,0.9932022731635706,0.506262262128967,394,0.001281603766772881,True,0,350,0.006982313988016847,False,"alpha_e~0,alpha_p~pi/2"
electron,gradient_local_minimum_0395,gradient,gradient,gradient,0.00051099895,5.4726420082087355,2.339367865088502,0.9816321997885887,0.8492371223886894,0.0,0.0,3.141592653589793,0.0,0.3938852975015686,2.6760214658236543,3.137792227578823,1.2721669233042436,0.5903255856828781,0.33223386667387456,5.02633684883654,-0.6184348990928956,2.5976360894631387,0.6480873351779776,-3.1660866415282887,0.05986537257699346,0.041758436471545694,2.2903653739901104,0.8727049794417492,1.3765143332468037,78.8684617343064,0.5004071965433559,0.21618192051079144,0.5004071965433559,0.21618192051079144,False,,gradient,798003109,0.03522804043895545,1.5919150132122049,1.0,0.0041204952414608705,0.007227448230675813,0.9999999999999998,0.9440200017453348,0.31416769271592454,-0.22036005149808002,0.10299490442924214,0.17222491337515625,0.6658344820907124,0.6660235418883701,0.6658993847418504,0.9417691525638457,0.9416813609969998,0.9418150017114029,0.0013018687341912814,1.1589373945236328,0.8869027943089883,6.22083028750664e-06,6.2375085798649366e-06,6.148499545444164e-06,0.27753231995067074,0.03982402484597128,0.2872333271671521,0.317356344796642,0.12855515476883111,0.39097438714718885,0.8101628146190534,0.27753231995067074,0.0003371724879430143,0.17902417779982666,0.17902417779982666,0.34770394178272745,0.5036194774035312,0.5036194774035314,0.0003371724879430143,798,latin_hypercube,nan,True,True,0,CONVERGENCE: RELATIVE REDUCTION OF F <= FACTR*EPSMCH,64,3149,1314,2.4685249115445855,0.9812516276572409,0.0022769059461916117,0.0013018687341912814,82,68,False,1e-05,0.0013024062588349523,True,0.7360718593180435,0.009504555312480529,0.4074743048133548,0.423094000699743,0.9201596871222646,0.5695538662912919,0.28708111777686335,0.9776010041402518,0.337254930126756,0.8518040882117082,0.40494330856375693,0.36983116713720027,0.4993951434144991,0.09395323499504825,0.011213433542601885,0.5067222866698445,395,0.001285435895008413,True,0,350,0.011400162012532744,False,"alpha_e~0,alpha_p~pi/2"
electron,gradient_local_minimum_0397,gradient,gradient,gradient,0.00051099895,3.615563507879374,1.9014635173674446,0.7193719610744029,0.3725302214131258,0.0,0.0,3.141592653589793,0.0,0.5923647072317492,0.3670019471846227,4.061373589881059,2.372760153825901,0.5767251194408124,1.3075396616650459,3.5623761522423187,-0.9058093839473996,0.5436347950541486,0.2541392775678203,-0.12612348635254583,0.7501790546403474,1.2365558383455977,2.4753307144459824,0.7819228935988197,2.587211569130724,148.2363036186097,0.11986086820247621,0.3286165225534164,0.11986086820247621,0.3286165225534164,False,,gradient,49003627,0.24701710875161192,1.3435543300512522,1.0,225.55106137249845,0.2782181854013548,1.0000000000000002,0.8386110235437821,0.21909612492991426,-0.19721995212466115,0.5160376455348161,0.5592477728041926,0.6659191012007672,0.6660441794652505,0.6657910109520426,0.9418464022645765,0.9416674442371673,0.9417552446213865,0.0013088610973995256,1.1589353908938684,0.8869050325690644,1.1547115149945775e-05,1.1655927577958192e-05,1.0421507805669084e-05,0.12230594366157527,0.2298763218210747,0.35212515335117434,0.35218226548264997,0.17603402060984932,1.8813003595052773,0.9996756671923989,0.12230594366157527,0.02077457624065718,0.3180712015026434,0.3180712015026434,0.21784399117626402,0.3297465330147067,0.3297465330147067,0.02077457624065718,49,latin_hypercube,nan,True,True,0,CONVERGENCE: NORM OF PROJECTED GRADIENT <= PGTOL,0,3661,9,0.0,1000.0,1000.0,0.0013088610973995256,164,150,False,1e-05,0.0013089009672806022,True,0.11355530246552237,0.10715234251726903,0.9694287555426119,0.9324631343586782,0.6522849866672242,0.14499879519409553,0.04456276669547715,0.5829742518411949,0.2281759846686146,0.11682034803756682,0.7552730145057562,0.8144594165016914,0.6463876825724467,0.09178865356426905,0.07862798777217464,0.42766662588035326,397,0.0012924282582166572,True,0,350,0.11005216067683159,False,"alpha_e~0,alpha_p~pi/2"
electron,gradient_local_minimum_0399,gradient,gradient,gradient,0.00051099895,25.0,5.0,2.4120155719830048,1.8868618399778825,0.0,0.0,3.141592653589793,0.0,0.612821523253307,2.9514273933534283,3.2401337934984618,2.2955871796464886,5.647136436437197,0.1354736482447611,1.6167298580824723,0.5460131475792248,21.89705433493978,0.9431494523074443,-18.085060991621933,0.0026053220651908364,0.0005613509971343127,2.199740362924656,0.9625539299665579,2.375518153873962,136.10716437368689,0.49816276314443886,2.4041594348035176,0.49816276314443886,2.4041594348035176,False,,gradient,1921010156,0.0062211513272009585,1.5946658914365004,1.0,8.933570596393187e-08,0.00023349242963204293,1.0,0.8288396261819497,0.33219314083150203,-0.08553768310306947,0.0983062594390694,0.12672129104852775,0.6658259078039207,0.665961730266869,0.6659510570909193,0.942424437552557,0.9424168986900868,0.9425128562068663,0.0013099266612855707,1.1587993548768596,0.8882146309235585,0.0013346548132963099,0.001334660993213388,0.0013346474946702158,0.01861456003676637,0.29420140588051497,0.30230534623270017,0.31281596591728134,0.1458973632740595,2.806727125273809,0.9327999793504114,0.01861456003676637,0.0032759916804495754,0.2182059327277384,0.21820593272773836,0.018358439791922945,0.4689781013549802,0.46897810135498025,0.0032759916804495754,1921,sobol_screened,0.6347583211343077,True,True,0,CONVERGENCE: RELATIVE REDUCTION OF F <= FACTR*EPSMCH,37,10217,675,145.66547820971957,0.6347583211343077,0.01228324220933171,0.0013099266612855707,449,435,False,1e-05,0.001309935057387436,True,0.9315367257222533,0.6738891797140241,0.5201220503076911,0.6993114864453673,0.7399081885814667,0.8460817849263549,0.2155794110149145,0.762216355651617,1.0,0.9394685176580518,0.7307080938782429,0.21482169913384125,0.5156833095143747,0.8987696781733308,0.0019802539708934754,0.5075979184043256,399,0.0012934938221027023,True,0,350,0.0035368637304258772,False,"alpha_e~0,alpha_p~pi/2"
electron,gradient_local_minimum_0403,gradient,gradient,gradient,0.00051099895,13.18641821099454,3.6313108116759345,1.6945084778983592,1.3781701222331282,0.0,0.0,3.141592653589793,0.0,0.4069980882614152,2.938451449040162,0.2789646888368822,2.0515240540277118,4.1607988638444695,0.15712343966116663,1.8974271747485876,0.3208474134878001,10.489881679817517,0.9131996090056873,-9.272571121729202,0.009951538488765998,0.0035582196752375417,1.8769160774657765,0.9333998076207338,2.147564881249162,123.04640392609082,0.3707452404579715,0.9794005195021416,0.3707452404579715,0.9794005195021416,False,,gradient,1403010896,0.007297979454462973,1.5506141433754543,1.0,3.476707133771496e-06,0.0003177384472064541,1.0,0.7691715301558811,0.3329148782579439,-0.05866791602701295,0.12387397188437245,0.14340539400615274,0.6658604934490099,0.665867040433455,0.6659560018530672,0.9426788947875235,0.9427417925079609,0.9427464184177382,0.0013395379229403969,1.1587184867886275,0.8887254613586882,0.001894386406059545,0.0018944942008417565,0.0018944974997422426,0.2622405110471705,0.09881009286614326,0.3582423228701074,0.3610506039133138,0.1777170209134505,-1.0930205131595712,0.9844438368873044,0.2622405110471705,0.008574871635592006,0.2525724455546316,0.2525724455546316,0.08818541288735816,0.38637695053205456,0.38637695053205445,0.008574871635592006,1403,sobol_screened,0.5696421000646054,True,True,0,CONVERGENCE: RELATIVE REDUCTION OF F <= FACTR*EPSMCH,49,10941,936,87.90877377919225,0.5696421000646054,0.015437762089698196,0.0013395379229403969,449,435,False,1e-05,0.0013395417528959325,True,0.9684193804860115,0.47254523914307356,0.8170928452163935,0.5669998452067375,0.2393196066841483,0.8489849073812366,0.13803901243954897,0.31981489807367325,0.6590689859570689,0.9353381463005688,0.6530203881408698,0.20021623884592527,0.04439860917648228,0.6622117063919893,0.002323019009521752,0.49357581149281693,403,0.0013231050837575285,True,0,350,0.011332233739413635,False,"alpha_e~0,alpha_p~pi/2"
electron,gradient_local_minimum_0406,gradient,gradient,gradient,0.00051099895,7.828781895965466,2.7979960500267804,1.2417704393570013,0.7637087785103842,0.0,0.0,3.141592653589793,0.0,0.7066093862078914,2.4105798867034274,5.428209488764528,1.8771323219104927,1.637511109090295,0.48118569751928825,3.9231909842771926,-0.2825692157196873,4.131301299136331,0.6722282325209076,-3.417177092344059,0.05352415843484944,0.035817280907078725,2.8942252224733824,0.8844060552208886,2.1610810778673764,123.82082494738349,0.6128375568873489,0.969899660283786,0.6128375568873489,0.969899660283786,False,,gradient,1084001681,3.072237010775138,1.5072832491071564,0.9999999999999999,0.004105184126218442,0.027142347729790205,1.0,1.0468477455242253,0.2976447692982421,-0.17838708738920012,0.3078533899945377,0.36094937346628153,0.6658998590257723,0.6659115645049596,0.6658177361085659,0.9417339845616904,0.9416678977766091,0.9416760703819865,0.0013707138013552736,1.158875194953355,0.8867850461756304,2.0636864517808995e-06,2.5497357389880904e-06,2.3520718812064523e-06,0.0935327450998068,0.3548910216290758,0.4375396345958986,0.4484237667288826,0.2133277512314573,2.230109967770336,0.9514560425180829,0.0935327450998068,0.0587077693932893,0.17073470340687982,0.17073470340687982,0.16394599713258307,0.38084152986423775,0.3808415298642377,0.0587077693932893,1084,sobol_screened,0.4412250614618481,True,False,2,ABNORMAL: ,40,1747,1089,3.2605061639939223,0.4412250614618481,0.0015321116076605485,0.0013707138013552736,33,19,False,1e-05,0.0013710309437875684,True,0.5973091283813119,0.7047626497223973,0.5541933132335544,0.7281304467469454,0.7331581208854914,0.051076168194413185,0.9100682223215699,0.44183350913226604,0.4514960401563727,0.767311409373503,0.5975097757392437,0.5464346105756623,0.8639263722752047,0.26061798737961234,0.9779234132294635,0.47978315947003314,406,0.0013542809621724051,True,0,350,0.033265606728632456,False,"alpha_e~0,alpha_p~pi/2"
electron,gradient_local_minimum_0409,gradient,gradient,gradient,0.00051099895,8.26924771163845,2.875629967787658,1.2848321013327846,0.5397749718072329,0.0,0.0,3.141592653589793,0.0,0.8391125101869545,2.180064412545329,0.8984931650446446,2.2944107614622133,4.7338982893507575,0.4373642152299456,2.3681427343686994,-0.09359489688520878,4.67362047192873,0.7108585257183435,-2.4772576338863,0.08434722617921034,0.06683907723493938,2.7808376078642896,0.889735433153494,2.5434084180258156,145.72656793092466,0.36429885768597026,1.462480276707123,0.36429885768597026,1.462480276707123,False,,gradient,97001427,3.071828532093858,1.513906568795112,0.9999999999999999,0.017450185950539737,0.02721905777628115,0.9999999999999999,1.0620784634721752,0.2913351251360133,-0.2103896369948437,0.35027826669138595,0.41157215791259916,0.6656578302928963,0.6661022168982166,0.6658947948626358,0.9416980176538242,0.9415507843297687,0.941865536671805,0.0013900145510041394,1.1588877653998468,0.8868078422268875,2.646066177114381e-06,1.654616604396253e-06,2.64798819654688e-06,0.08232338279822843,0.3712171041048262,0.4399008921563362,0.45354048690305465,0.21313064870480886,-2.315479074497176,0.9398528019412126,0.08232338279822843,0.029261974135303608,0.15289054287791706,0.15289054287791706,0.20375887285369565,0.3935689702190284,0.3935689702190285,0.029261974135303608,97,latin_hypercube,nan,True,True,0,CONVERGENCE: RELATIVE REDUCTION OF F <= FACTR*EPSMCH,52,1492,918,1.321765952749765,0.9342471460350765,0.001960185469018489,0.0013900145510041394,25,11,False,1e-05,0.001390583355743356,True,0.6104631409269676,0.4901480727094095,0.8040189819550606,0.15498323118130974,0.2594100329228057,0.8283195145001798,0.9587277008586773,0.39304486011448675,0.47083411232946476,0.693936055030636,0.7303336283399017,0.6349226781228141,0.14299962855113735,0.7534233128444405,0.9777933904269167,0.4818914276060652,409,0.001373581711821271,True,0,350,0.03181002911095403,False,"alpha_e~0,alpha_p~pi/2"
electron,gradient_local_minimum_0410,gradient,gradient,gradient,0.00051099895,10.14698924134865,3.185433917278563,1.4546126479627848,0.5816188719887723,0.0,0.0,3.141592653589793,0.0,0.8857737075517177,2.400570094523649,3.7622129483915234,2.5201571600765735,1.3172996518302875,0.2803569974823623,5.324207845155527,0.2984151091015993,6.822866206440641,0.805473948430526,-3.3092469444835038,0.05612153839791977,0.038220805072581306,2.527600859314698,0.9140488342231888,2.658911233227184,152.34439176384254,0.24088555043354654,1.997695181411883,0.24088555043354654,1.997695181411883,False,,gradient,1150001747,0.037163631600089626,1.6096520092987472,1.0,0.0030539349175324627,0.00825488594641684,1.0,0.9364693197196656,0.3310268756175989,-0.15017383529927536,0.3399607931702843,0.38967236866891536,0.6660463291118205,0.6657780967940023,0.6657938790175334,0.9417454741179656,0.9417565905021988,0.9415668764209074,0.001391450100089334,1.1588695299300817,0.8867793686240029,6.351327696441089e-06,6.27389378082821e-06,6.219265166529375e-06,0.015310275039120053,0.40400310586855204,0.4062630110379515,0.4193133809076721,0.19660632058411545,2.9898253390153435,0.9377536207336339,0.015310275039120053,0.022754379286068084,0.12907326835909538,0.12907326835909538,0.15101233858155466,0.4516133507332325,0.45161335073323244,0.022754379286068084,1150,sobol_screened,0.4992492576543048,True,True,0,CONVERGENCE: RELATIVE REDUCTION OF F <= FACTR*EPSMCH,42,1789,855,14.859312444498778,0.4992492576543048,0.0015780688728498202,0.001391450100089334,43,29,False,1e-05,0.0013915021270386459,True,0.6318408278748393,0.5340326894074678,0.3760611154139042,0.5207890206947923,0.37624145299196243,0.12670516781508923,0.2242288924753666,0.720689881592989,0.5480041342420154,0.7641251935640344,0.8021909387892393,0.5884261861543229,0.5987747877008447,0.20965475112202295,0.011829551344800855,0.5123681478753942,410,0.0013750172609064656,True,0,350,0.014115238698742243,False,"alpha_e~0,alpha_p~pi/2"
electron,gradient_local_minimum_0416,gradient,gradient,gradient,0.00051099895,4.66231176953171,2.1592387013787313,0.8758798609245423,0.6759061037211938,0.0,0.0,3.141592653589793,0.0,0.5800211563704835,2.3614813743493657,4.201023679268507,1.3551590182298034,1.4649061921446098,0.5692383931363608,5.572088590860247,-0.7834554048133309,1.3653454427540845,0.4111464646168677,-2.0494804642541102,0.10793430619047548,0.09379261277767642,2.835323519285659,0.8779520127151393,1.6903989356903684,96.85272470846436,0.616731879561554,0.274664368811464,0.616731879561554,0.274664368811464,False,,gradient,1514001590,0.09185219232129864,1.6428982046474199,1.0,0.05024239937244717,0.04778066326339037,1.0000000000000002,1.2440220150389607,0.305977008327102,-0.14402848630010112,0.4145510901212135,0.45862049547319944,0.6656934080702325,0.6660413356894406,0.665792236750162,0.9416800803233489,0.9415038893407645,0.9417500025505882,0.0014501375126138303,1.1588253466713228,0.8866946286533922,2.5992826537257763e-06,2.557578841710928e-06,2.7039402750728136e-06,0.2860237931634463,0.18201245124354606,0.45511532952587763,0.4680362444069923,0.22109720732238144,-1.3333552025777522,0.9447866910500247,0.2860237931634463,0.01611043093443197,0.09808498986931934,0.09808498986931932,0.1471072197178855,0.43387876572368833,0.4338787657236882,0.01611043093443197,1514,sobol_screened,0.5876528651326489,True,True,0,CONVERGENCE: RELATIVE REDUCTION OF F <= FACTR*EPSMCH,64,1629,1035,2.971172079583271,0.5876528651326489,0.0015257894271220119,0.0014501375126138303,26,12,False,1e-05,0.0014501433699341641,True,0.5637205168604851,0.6612333124503493,0.957836989313364,0.5569113818928599,0.7919217282906175,0.41350869834423065,0.016792048700153828,0.4966739872470498,0.2923860008138309,0.7516828674942883,0.4313605128536663,0.644614658977021,0.6686136846016841,0.23314706164574048,0.029237460883524222,0.5229507405328743,416,0.0014337046734309619,True,0,350,0.034483474903304355,False,"alpha_e~0,alpha_p~pi/2"
electron,gradient_local_minimum_0417,gradient,gradient,gradient,0.00051099895,10.153976845946678,3.1865305342875154,1.4552084838809,0.9421524656670386,0.0,0.0,3.141592653589793,0.0,0.6840827099897324,2.6298953723507728,2.527884291668162,2.001092540368984,4.996521174746631,0.33741796748379355,1.021111908573787,0.01571120831762418,6.635199927581672,0.7867311170851905,-5.23463877556428,0.027383283196208745,0.014296233592551435,2.6785292759994945,0.9093988172413775,2.2090853225891043,126.57126556865165,0.5802272293521484,1.2805078053608079,0.5802272293521484,1.2805078053608079,False,,gradient,212002558,3.1052042652091703,1.6134159620010582,1.0000000000000002,0.00028612588135088976,0.007695773130635847,1.0000000000000002,0.8881992471014335,0.3150148846242711,-0.1477704252688809,0.2394007414210031,0.2859506248879591,0.6658181288519627,0.6659617076392997,0.6657171860230281,0.9417119175585575,0.9415387886102943,0.9416403734156701,0.0014555058041426283,1.1588107500040588,0.8866677194760056,2.558922034545663e-06,2.1379833927137604e-06,2.225038131520307e-06,0.40196871655674216,0.009192749176085452,0.40196961248717344,0.4111614657328276,0.19638887962075963,-0.003020604469963222,0.9552883525732588,0.40196871655674216,0.12255860327901477,0.19180029513885904,0.19180029513885904,0.1393146356858907,0.39703823912831326,0.3970382391283132,0.12255860327901477,212,latin_hypercube,nan,True,True,0,CONVERGENCE: RELATIVE REDUCTION OF F <= FACTR*EPSMCH,50,2600,738,1.6786161612731432,0.9678651899521951,0.005050333975709911,0.0014555058041426283,83,69,False,1e-05,0.0014555670212066593,True,0.3942848047954653,0.8674047266400728,0.17779771273965586,0.4881560936107797,0.1740701955204396,0.6268475596973492,0.9200423476711027,0.22373712100103862,0.5482772939572147,0.8371216966482523,0.6369675387680839,0.4422543327616237,0.4023252805833425,0.7952210432242501,0.9884172162361524,0.513566251231668,417,0.0014390729649597599,True,0,350,0.014606526576245081,False,"alpha_e~0,alpha_p~pi/2"
electron,gradient_local_minimum_0418,gradient,gradient,gradient,0.00051099895,7.831476875565099,2.798477599618246,1.2420382691816783,0.5200720501531844,0.0,0.0,3.141592653589793,0.0,0.8336591672302159,2.118238943117998,0.9559818360348835,2.2736796851501486,4.7136963364734115,0.43392365029188074,2.325386053362351,-0.1952228863190097,4.227609003331341,0.6835107048106956,-2.251405258362139,0.09570937670073225,0.07950964379510998,2.837374415227165,0.8897391104509854,2.5330932767311407,145.13555386965865,0.36610942511194033,1.3542112975965521,0.36610942511194033,1.3542112975965521,False,,gradient,1171002203,3.0665701629514173,1.5124920540717237,1.0,0.027102109958813726,0.031501175005250674,1.0,1.1203189954613635,0.2931250639709498,-0.19112469351821418,0.3824662918941728,0.4384897299081275,0.665705361414519,0.6659617594772308,0.6658243752583464,0.9416326066331259,0.9415357565166581,0.9417168522747553,0.0014596084235352746,1.1588079359892973,0.8866640369451798,3.272572650869776e-06,3.853895193084433e-06,3.4660840970701656e-06,0.10483341961685048,0.3540712854372546,0.4461377810562861,0.4589047050541051,0.2166854285292336,-2.1835404368095257,0.94435914970053,0.10483341961685048,0.021087378555388822,0.13092335727520138,0.13092335727520138,0.21176140410753114,0.4101719376706935,0.4101719376706934,0.021087378555388822,1171,sobol_screened,0.5060145047220788,True,True,0,CONVERGENCE: RELATIVE REDUCTION OF F <= FACTR*EPSMCH,65,2242,1593,5.738628363878472,0.5060145047220788,0.0017230250198730281,0.0014596084235352746,31,17,False,1e-05,0.001459889451000417,True,0.6298606181517243,0.4618854923173785,0.7257631486281753,0.5306423464789987,0.23721899185329676,0.9280421985313296,0.8393503855913877,0.4065269995480776,0.45161599083029547,0.6742563968939631,0.7237347217985408,0.6539954738318963,0.15214923471101752,0.7502080721839014,0.9761195995436741,0.4814411735854582,418,0.0014431755843524062,True,0,350,0.03331261975347173,False,"alpha_e~0,alpha_p~pi/2"
electron,gradient_local_minimum_0421,gradient,gradient,gradient,0.00051099895,3.722495573137878,1.9293769909320155,0.7366759227815681,0.5927625173281308,0.0,0.0,3.141592653589793,0.0,0.33107514425270457,2.4932976309655785,1.1445868699703083,1.5015313043274157,3.7275840229574744,0.4028191161192686,5.438517064197881,-0.5659867258361941,1.3824282623277617,0.5909584493247183,-1.583311130370269,0.14707729800453442,0.14351935197716226,1.8367143193363926,0.8229284301504869,1.5617506647610515,89.48172174255896,0.26077503994333073,0.16033360592210427,0.26077503994333073,0.16033360592210427,False,,gradient,1007002234,0.06197314086487076,1.5584269355791909,1.0,0.14801493394517906,0.021692419294166283,1.0,1.0390555809363657,0.29717513308032184,-0.2555986451027733,0.12412861212263196,0.20008617349619856,0.6656342347153752,0.665937264177939,0.6658613005030003,0.9415647158052157,0.9415110030927235,0.9417253248535524,0.0014988523550330663,1.158779387076358,0.8866111903246539,2.739803435347632e-06,2.7630119964205946e-06,2.876142183860786e-06,0.29362287247355157,0.03991364896290103,0.29805483341041006,0.3335365214364526,0.13128657269218375,0.2605746579695976,0.7872395630125755,0.29362287247355157,0.09566947341000251,0.16062621424370388,0.16062621424370394,0.0691137919928411,0.5058372643198434,0.5058372643198432,0.09566947341000251,1007,latin_hypercube,nan,True,True,0,CONVERGENCE: RELATIVE REDUCTION OF F <= FACTR*EPSMCH,26,2271,702,19.231136018395393,0.9962193709907179,0.08341492178704131,0.0014988523550330663,70,56,False,1e-05,0.0014990910037794036,True,0.2747670114676261,0.8998802149487128,0.04699519162326366,0.017082873442198863,0.0076657782787718405,0.38741945636235253,0.3305388592427867,0.5852079409761708,0.23512903794689943,0.7936412851349682,0.47795225858185847,0.420599610740978,0.18216665815385505,0.5932634230440551,0.01972666341514904,0.4960627004899659,421,0.0014824195158501979,True,0,350,0.021521661730233524,False,"alpha_e~0,alpha_p~pi/2"
electron,gradient_local_minimum_0423,gradient,gradient,gradient,0.00051099895,9.194519390489024,3.0322465913063574,1.3710420349626762,0.5288249097955918,0.0,0.0,3.141592653589793,0.0,0.8724882864336527,2.2704917668749625,2.3988258766731154,2.4816771432390405,4.864317576758484,0.31444132598981733,0.8657888548980992,0.14294226996705633,5.793521275177066,0.7683095658778504,-2.7517151902661334,0.07306456920657346,0.05488149168693291,2.6269307459628766,0.9069035054063636,2.6371712400798697,151.0987819098581,0.25115321705658533,1.7720562595119387,0.25115321705658533,1.7720562595119387,False,,gradient,1244001785,0.04724801478743749,1.6141705367781078,1.0,0.008728021527001178,0.01326018213952561,0.9999999999999997,0.9139690499940254,0.3287005023540434,-0.15253587119519302,0.3623390217492192,0.41247763923809083,0.6660515191357628,0.6656277569636931,0.6657344835988221,0.9416434287302559,0.9417187513245993,0.9414192058278883,0.0015253540991145402,1.158769677599188,0.8865988267822549,7.40988729769354e-06,7.177800714630589e-06,7.407608504150787e-06,0.016931422101536003,0.4131652862010192,0.4182406447114637,0.4300967083025552,0.20319229056018615,2.9176159216584296,0.9448679175533182,0.016931422101536003,0.030193145201405563,0.1268497254312187,0.1268497254312187,0.12476972508399961,0.443053566266226,0.44305356626622583,0.030193145201405563,1244,sobol_screened,0.5327849554215224,True,True,0,CONVERGENCE: RELATIVE REDUCTION OF F <= FACTR*EPSMCH,43,1820,972,4.2744206062255765,0.5327849554215224,0.0017587444030736775,0.0015253540991145402,37,23,False,1e-05,0.001525453360258687,True,0.6657875292003155,0.5030766194686294,0.5561130754649639,0.5052506942301989,0.27594265900552273,0.5199371231719851,0.2784546036273241,0.6894159950315952,0.5098462304405108,0.7227199758952031,0.7899423690093338,0.6173081335971988,0.3817849958892756,0.7741801871099029,0.015039510209399285,0.5138064398430678,423,0.0015089212599316718,True,0,350,0.017598554124190608,False,"alpha_e~0,alpha_p~pi/2"
electron,gradient_local_minimum_0426,gradient,gradient,gradient,0.00051099895,8.820072596725515,2.9698607032528503,1.3368014649711002,0.4674158060514947,0.0,0.0,3.141592653589793,0.0,0.913783779818164,2.098517518422108,5.416376075224091,2.435717646652525,1.5698627404978864,0.3940688137223402,3.9690438704824134,-0.04363719862329868,5.18377639099557,0.7263895345352827,-2.292529615247678,0.09347616781709499,0.07697125113156818,2.8324264695598185,0.8987599044922319,2.6599529033374,152.40407506480284,0.29189591629852507,1.7375193041722707,0.29189591629852507,1.7375193041722707,False,,gradient,20001389,3.0799627739872584,1.5221605547879729,0.9999999999999999,0.021736961365908112,0.021294127493922788,0.9999999999999997,1.031453931911711,0.2913819425555174,-0.2282567055919706,0.35462478644884826,0.4211346687255595,0.6656513138891408,0.6659764584163487,0.6657415091224564,0.9416039023302144,0.9414373205292775,0.9416676307138587,0.0015372850006571495,1.158748558446435,0.8865533169902129,1.5940363659039392e-06,7.99834360465379e-07,1.5266008239200879e-06,0.0523694048806044,0.39434670200368227,0.4321216192461229,0.44671610688428665,0.20876356580397962,2.530556625949358,0.9346587803159552,0.0523694048806044,0.022689568890076072,0.15239237634446529,0.15239237634446529,0.21357811678662267,0.4008915167712481,0.4008915167712481,0.022689568890076072,20,latin_hypercube,nan,True,True,0,CONVERGENCE: RELATIVE REDUCTION OF F <= FACTR*EPSMCH,56,1456,1008,3.8803870253484516,0.7189634785952963,0.0015702845017638468,0.0015372850006571495,19,5,False,1e-05,0.0015394947106566806,True,0.6415590197939104,0.4181243788612263,0.6546385266644416,0.2657537701523803,0.8190634763571492,0.15810901407278377,0.8340943243983938,0.22573551433858052,0.49430633704652926,0.6679788724436321,0.7753130068818158,0.6669926603160672,0.8620430260165935,0.249851415126028,0.9803826000381964,0.48451875294801533,426,0.001520852161474281,True,0,350,0.028121343120848574,False,"alpha_e~0,alpha_p~pi/2"
electron,gradient_local_minimum_0428,gradient,gradient,gradient,0.00051099895,8.396198311054476,2.8976194213620383,1.2969877847639277,0.6167255775741338,0.0,0.0,3.141592653589793,0.0,0.7829267688498277,2.2996861114225777,5.450584826591487,2.262973552659685,1.5962079710655768,0.4085891574572564,3.869582266471435,-0.009366340942677409,4.935166360756371,0.7363707198266357,-2.8995127380764596,0.06789944425371995,0.04962989807312549,2.6466909429750167,0.8916574790392887,2.470804217001654,141.5666536373208,0.36737352809583057,1.3852003394358436,0.36737352809583057,1.3852003394358436,False,,gradient,1713001908,3.080014513744714,1.5145065118283456,1.0,0.00863412678891945,0.022083930810070977,1.0,0.9744792136021841,0.3180813220101221,-0.1592788066006527,0.34020447735466514,0.3908680907263953,0.6656573858592432,0.665932530619428,0.6656647121547579,0.9415780206666466,0.9413884397028218,0.9415828863242587,0.0016004737823603363,1.1586924853996066,0.8864531989561851,3.2783163632088552e-06,2.9300490754224917e-06,2.687473449669575e-06,0.05702939106941948,0.3835363514185459,0.430022059290584,0.44056574248796543,0.2097391880466013,2.4628524029846433,0.9521357101537715,0.05702939106941948,0.03528752059131986,0.15261428510735597,0.15261428510735597,0.19344031250272226,0.40681997240467865,0.4068199724046787,0.03528752059131986,1713,sobol_screened,0.6139401478318861,True,True,0,CONVERGENCE: RELATIVE REDUCTION OF F <= FACTR*EPSMCH,55,1948,1242,6.197325434977099,0.6139401478318861,0.0016900268611113136,0.0016004737823603363,33,19,False,1e-05,0.0016007943388515336,True,0.7173308059573174,0.43475558795034885,0.8195128226652741,0.7103616427630186,0.6808980898931623,0.009683984331786633,0.7391534531489015,0.28162590879946947,0.47631153318535924,0.7320128243853649,0.7203268539840327,0.5828712089982081,0.8674875178937164,0.2540443887977716,0.9803990693145034,0.4820823954046905,428,0.0015840409431774679,True,0,350,0.02990448871174882,False,"alpha_e~0,alpha_p~pi/2"
electron,gradient_local_minimum_0429,gradient,gradient,gradient,0.00051099895,9.93022235864949,3.1512255328125107,1.436009252990815,0.9537224605897403,0.0,0.0,3.141592653589793,0.0,0.6594247726871355,2.6241488908209663,2.536149923422867,1.9894089502794634,5.040289022302596,0.31611541082325934,0.9999147991197168,-0.009913988475218793,6.464981730524588,0.7844260446743452,-5.2097098288852335,0.02760071424394416,0.014452111862170831,2.6565337111835055,0.910643881713382,2.169026380959492,124.27605728151396,0.5620153742497804,1.1896513250693648,0.5620153742497804,1.1896513250693648,False,,gradient,711009195,3.1059880305104866,1.6139665581053202,0.9999999999999999,0.00030562317156653874,0.007533730820696217,0.9999999999999999,0.895062399254823,0.3301282760973317,-0.08919478642642359,0.2796740215565597,0.3091197426363846,0.6655673211568216,0.6658177388835382,0.6658246139309452,0.9414319319261757,0.9414368056448101,0.9416139834081593,0.0016242819154074584,1.1586707516898702,0.8864113830464445,9.620463963244674e-07,9.835145441394744e-07,1.2158215015878326e-06,0.3996258037165543,0.007563330540985902,0.3997614439891054,0.4071891342575402,0.1961668768603353,0.03718960053725271,0.9635172471781286,0.3996258037165543,0.1075947670417067,0.16864460932956118,0.16864460932956118,0.15390851356946023,0.42416625641289873,0.4241662564128988,0.1075947670417067,711,latin_hypercube,nan,True,True,0,CONVERGENCE: RELATIVE REDUCTION OF F <= FACTR*EPSMCH,52,9259,891,4.4694461092926066,0.7275243880641555,0.02214804754880125,0.0016242819154074584,376,362,False,1e-05,0.0016242992219360985,True,0.208879080761339,0.5731286918249032,0.5022033762660214,0.5969566564832446,0.2411166029540929,0.3090811220299158,0.7894528370670195,0.35847594918855114,0.5394830621795828,0.8352925347665423,0.6332485365364705,0.4307953328745057,0.4036407967348811,0.8021869125112745,0.9886666964800092,0.5137415114149488,429,0.00160784907622459,True,0,350,0.0145183833797976,False,"alpha_e~0,alpha_p~pi/2"
electron,gradient_local_minimum_0430,gradient,gradient,gradient,0.00051099895,13.185983355220438,3.6312509353142257,1.694476542103441,0.627903045058778,0.0,0.0,3.141592653589793,0.0,1.0145365531517605,2.620666289534421,3.4924474140402246,2.6892474892068314,1.0971835660915776,0.20393676366116648,5.019882481512321,0.6204191659870948,9.980694908599938,0.869354144581457,-4.4583125720743455,0.035548539802617955,0.02044429656826694,2.3797349617360872,0.9329153345779871,2.8042765864843995,160.67321299290927,0.17290015841295636,2.934091326675338,0.17290015841295636,2.934091326675338,False,,gradient,1808003910,3.1229550536220643,1.5980177957198494,1.0,0.00035862507876919527,0.0020182018980976044,1.0000000000000004,1.0060354515513232,0.3170839585265795,-0.22720592549217883,0.27522783858916694,0.3472711928449221,0.6655481386347738,0.6659362752606071,0.6657358409911126,0.9415024721190893,0.9413604896063784,0.9416348842211383,0.0016281931711091078,1.158675916078625,0.8864208603117887,1.4574581734816405e-06,1.0365716043847506e-06,9.224940415442084e-07,0.2835921191435652,0.1140980295528792,0.37430791004248004,0.39769014869644437,0.17546283569425786,-1.0667284914087063,0.8824097668468428,0.2835921191435652,0.102161470461342,0.13818267907812476,0.13818267907812476,0.19044828006456746,0.4641271722254311,0.46412717222543104,0.102161470461342,1808,sobol_screened,0.623843022552863,True,True,0,CONVERGENCE: RELATIVE REDUCTION OF F <= FACTR*EPSMCH,64,3946,1161,7.540771885645141,0.623843022552863,0.0036849229430643404,0.0016281931711091078,125,111,False,1e-05,0.0016286501765407566,True,0.8431398216634989,0.3461338644847274,0.835819729603827,0.5758375078439713,0.7199274096637964,0.2984831389039755,0.7079683486372232,0.8248875355347991,0.6590540711693369,0.8341839883473986,0.8560140622094714,0.5776618548438984,0.555840269433009,0.17462218802266782,0.9940674676755332,0.5086648626752573,430,0.0016117603319262394,True,0,350,0.007153651586506351,False,"alpha_e~0,alpha_p~pi/2"
electron,gradient_local_minimum_0439,gradient,gradient,gradient,0.00051099895,7.881204958643511,2.8073483856912933,1.2469703916300585,0.10328319500950237,0.0,0.0,3.141592653589793,0.0,0.9244612139787519,1.6206166499337025,1.3605208514971696,3.075722986455653,2.306338996826499,0.15745146264154153,4.843805566497333,0.08815506993266199,4.655733037141327,0.7293192219619643,-1.1981003955838263,0.19857765847916206,0.21660854088805065,2.607780687916509,0.911775582040184,3.0318333005766807,173.71125231026215,0.0025000319597117127,1.7313163527387565,0.0025000319597117127,1.7313163527387565,False,,gradient,39002480,0.006903862117413918,1.5691549313452164,0.9999999999999999,0.25854627368637084,0.0003313681886767853,0.9999999999999998,1.1923423107149083,0.3110285083097689,-0.17662019250890915,0.2137524701140241,0.26868638512745435,0.6656435553183166,0.6655603573026109,0.6657959582209374,0.9413064372751383,0.9414734020655626,0.9414147200595621,0.001740347792133567,1.1585679444809496,0.8862305311347183,5.8769060259922234e-06,6.566076759473294e-06,6.827948708321152e-06,0.3283528551320237,0.13518050710837462,0.4548536210026814,0.46353336224039837,0.2230869398824822,1.1230300918550038,0.962549659011532,0.3283528551320237,0.16695417611404345,0.42308749460365064,0.42308749460365064,0.007482389494734609,0.11337914315595118,0.11337914315595118,0.16695417611404345,39,latin_hypercube,nan,True,False,2,ABNORMAL: ,48,2539,1728,6.240695124826855,1.049685820166342,0.0026896807676203382,0.001740347792133567,41,27,False,1e-05,0.0017415592099508717,True,0.2934348983270108,0.2208593442641319,0.9883643221588284,0.08003754465786071,0.2930989427643234,0.2952271810260342,0.2629927324490698,0.508595423070624,0.4538256423107351,0.515858301387953,0.9790330337515677,0.7278611084931852,0.21653361869536902,0.36706525179054045,0.0021975675648226085,0.4994775276012297,439,0.0017239149529506986,True,0,350,0.005635953374535412,False,"alpha_e~0,alpha_p~pi/2"
electron,gradient_local_minimum_0440,gradient,gradient,gradient,0.00051099895,10.220450656864767,3.196943955852959,1.460864887770613,0.47732186800421794,0.0,0.0,3.141592653589793,0.0,0.9787937813556981,2.2365274213911084,5.594475541714422,2.544402774352098,1.7097215771552983,0.3262598038463737,4.103736553606575,0.18509313205891537,6.63197540096664,0.7784634883114299,-2.755988918790118,0.07290710654710228,0.05471927769916863,2.767183249682037,0.9120729736058351,2.7274537371605314,156.2715879564822,0.24748599740401755,2.1854792384915953,0.24748599740401755,2.1854792384915953,False,,gradient,385002633,3.0977501663343636,1.5313937500175283,1.0,0.0073138817558396204,0.01098209686643475,0.9999999999999999,0.9290255654900033,0.30140497904640656,-0.23647271043617105,0.32542553037193156,0.39669958270599265,0.6654972639608706,0.665807824329317,0.6656974130345165,0.9413772296788584,0.9412991806130333,0.9415186236001476,0.001744868319439492,1.158569436698409,0.8862308185259391,4.421280298871899e-06,4.493362515622934e-06,4.2139269301744164e-06,0.017082325486790284,0.41426299898578023,0.4143378359086659,0.4313453244725705,0.19866517367238062,3.114143704459289,0.921142121641399,0.017082325486790284,0.0324085183259137,0.15278079463347372,0.15278079463347372,0.19198664916395541,0.4158738808939557,0.4158738808939558,0.0324085183259137,385,latin_hypercube,nan,True,False,2,ABNORMAL: ,43,2692,1089,6.642620497992457,0.7973977726201091,0.0019652250991644884,0.001744868319439492,74,60,False,1e-05,0.0017451600854669245,True,0.798120757958594,0.16091748288987695,0.4092204364615734,0.5373971398931022,0.8135561385061657,0.1313639482008109,0.6550275652432693,0.09492506746181156,0.5508712052734211,0.7119087889499306,0.8099085575097374,0.6527149611567707,0.8903884364705592,0.27211064031513704,0.98604450287171,0.48745777027064785,440,0.0017284354802566235,True,0,350,0.022156870186699845,False,"alpha_e~0,alpha_p~pi/2"
electron,gradient_local_minimum_0444,gradient,gradient,gradient,0.00051099895,5.528258771737623,2.3512249513259302,0.9885090767575504,0.5030859673545343,0.0,0.0,3.141592653589793,0.0,0.5139229496345835,2.386352957849711,5.704991606957213,2.3974830445357043,3.1731026771706174,0.27248537690851893,1.2825874448847474,0.15504054807921064,2.999719188681628,0.7473916745624335,-1.8654340266543081,0.12125159052623852,0.1100614545886075,1.8937087068545888,0.8634307216726416,2.443142358590151,139.9817458968532,0.13427352779922036,0.7014161088128095,0.13427352779922036,0.7014161088128095,False,,gradient,1402002500,3.095240434213376,1.555613910872944,1.0000000000000002,0.055934376308024905,0.012676846054982534,1.0000000000000004,1.0926917628587673,0.32225695478545024,-0.22501673963594612,0.1942413455871931,0.26675455487802363,0.6654818053713248,0.6657909851654729,0.665642190143065,0.9413534625109455,0.9412484024697038,0.94146670257232,0.0017945101081194334,1.158526946858918,0.8861514510768737,2.672173457396454e-06,2.996573035152217e-06,2.390826330023188e-06,0.11839875868862584,0.23232738357511531,0.32339526852179323,0.35072614226374116,0.14803219738992263,-1.9657986006232884,0.8441469257720999,0.11839875868862584,0.0472722788806173,0.13600088835948784,0.13600088835948787,0.005646046969675485,0.5132729693767709,0.5132729693767708,0.0472722788806173,1402,sobol_screened,0.5691935443523702,True,False,2,ABNORMAL: ,78,2542,1935,5.144513694501344,0.5691935443523702,0.0019163443518031228,0.0017945101081194334,31,17,False,1e-05,0.001794964918834186,True,0.4705828055739403,0.4014210319146514,0.6179981715977192,0.6273189559578896,0.9329513115808368,0.6447800165042281,0.9207056732848287,0.6466767955571413,0.34020844833162384,0.7595997384074938,0.763142555033728,0.49474186306291434,0.9079776145450158,0.5050149760098304,0.9852456303259265,0.49516728691588835,444,0.001778077268936565,True,0,350,0.017548315442996846,False,"alpha_e~0,alpha_p~pi/2"
electron,gradient_local_minimum_0447,gradient,gradient,gradient,0.00051099895,8.548799283968297,2.923832978124485,1.3114557193092704,0.750916179252237,0.0,0.0,3.141592653589793,0.0,0.7431806995472461,2.4267748314682844,2.3363068031772847,2.0144936395720148,4.811511032488663,0.4393047131899435,0.8506410415650207,-0.14115610800289186,4.892356201844201,0.7156919593338069,-3.6024679084206435,0.04946277751580083,0.03214611226520462,2.823328466811895,0.8913653357321631,2.279412069212488,130.60069133705744,0.556249857922895,1.2011940046349898,0.556249857922895,1.2011940046349898,False,,gradient,1538003767,0.06120556047640492,1.6279265938393963,1.0,0.0028006206838753164,0.021201946931495776,1.0,0.9810200852982356,0.29808554798463394,-0.18520804889543319,0.2977442937603909,0.352952136506551,0.6657800407657044,0.6655391682761373,0.6655728555617133,0.9413856098652921,0.941409317052934,0.941239129670622,0.0018038239498971076,1.158515902223356,0.8861297999819634,1.4192697722070768e-06,1.2134915152728354e-06,1.4886528439395086e-06,0.05718204547721961,0.3853870673111665,0.43096549853989863,0.4425691127883861,0.20968094214570557,2.4696753309599635,0.9475624759469568,0.05718204547721961,0.029648160501523135,0.17163465941469364,0.17163465941469364,0.10630535864138627,0.38579622779692024,0.38579622779692024,0.029648160501523135,1538,sobol_screened,0.5917129636466386,True,True,0,CONVERGENCE: RELATIVE REDUCTION OF F <= FACTR*EPSMCH,34,3807,729,8.279783557540846,0.5917129636466386,0.003156067483058747,0.0018038239498971076,139,125,False,1e-05,0.0018045451704392572,True,0.552751018665731,0.5396800553426147,0.7008441975340247,0.5258150454610586,0.35869828425347805,0.6271726824343204,0.10487423278391361,0.4821393294259906,0.4828411489410269,0.7724664203983574,0.6412332411301382,0.5439528174186586,0.3718347763048887,0.7657757645617598,0.019482334989059567,0.5181851288005843,447,0.0017873911107142391,True,0,350,0.023712668567161727,False,"alpha_e~0,alpha_p~pi/2"
electron,gradient_local_minimum_0448,gradient,gradient,gradient,0.00051099895,4.560031853691236,2.135423108822052,0.8616998318769818,0.647746367287635,0.0,0.0,3.141592653589793,0.0,0.36509677351847675,2.5151016999232696,5.82136157467963,1.7409671011791115,3.3128086269544497,0.37515088522708984,1.5076794794494526,-0.32868201650155393,2.0973214189231646,0.6798130704851709,-2.0485231608319996,0.10799775357290171,0.09386843992088612,1.8676668802682914,0.8383116951480989,1.8146280215196566,103.97052701925105,0.2613255179478683,0.28572464699346445,0.2613255179478683,0.28572464699346445,False,,gradient,1674002254,3.088049646960588,1.5569375113073216,1.0,0.04423842238561687,0.0162884964110922,1.0,1.1007574080045481,0.2994202423787393,-0.23573958556116043,0.11532278897270981,0.18590799281969603,0.6656358343979181,0.6655283853130649,0.665679577331461,0.9412774267538841,0.941384330349504,0.9413084628581153,0.0018255533303432635,1.1584920977089272,0.8860897498650372,4.098424385701183e-06,4.093716778841294e-06,4.290914699889292e-06,0.1988145328277317,0.13102554156245422,0.29854321658758465,0.3298400743901859,0.1336231793924917,-1.31433697006775,0.8102301070574068,0.1988145328277317,0.08547749024323273,0.17535333038427853,0.17535333038427853,0.003969013720352363,0.4948065952255355,0.4948065952255353,0.08547749024323273,1674,sobol_screened,0.610572706492132,True,True,0,CONVERGENCE: RELATIVE REDUCTION OF F <= FACTR*EPSMCH,58,2295,1044,4.359101212230599,0.610572706492132,0.0022006663975239872,0.0018255533303432635,55,41,False,1e-05,0.0018256221482269481,True,0.41216051764786243,0.641261724755168,0.37946253921836615,0.33315217960625887,0.7680715788155794,0.6875821873545647,0.8734906790778041,0.6597763355821371,0.28645370136290565,0.8005817358432344,0.554167039826047,0.3934783732143595,0.9264984701354827,0.5272498684972754,0.9829567316539197,0.4955886020195079,448,0.0018091204911603951,True,0,350,0.01931055098317724,False,"alpha_e~0,alpha_p~pi/2"
electron,gradient_local_minimum_0451,gradient,gradient,gradient,0.00051099895,5.298617401754745,2.301872585907992,0.9598213784074435,0.38432703854041833,0.0,0.0,3.141592653589793,0.0,0.5418550028634502,2.289219346899277,3.879089696653464,2.601934061630136,0.0020639726074225553,0.2773573609356387,1.8907379747911,0.2777974336279806,2.8106403280707983,0.740914356124528,-1.4467374713298586,0.16270659718654798,0.16487202879463284,1.8626789971642324,0.8584906272626719,2.624122028319004,150.351117149988,0.07391224967598592,0.7558636780464312,0.07391224967598592,0.7558636780464312,False,,gradient,847002609,3.0978398746088067,1.5813855271172914,1.0,0.165580015915617,0.010981747089683438,0.9999999999999998,1.1165404447909748,0.31102219952480353,-0.3002979339007474,0.18069881073579536,0.27409813465035987,0.6655379710305104,0.6657225727961387,0.6654855515050369,0.941345868048577,0.9411779588138991,0.9413088592520509,0.0018868757512031271,1.158444461901695,0.8860034332314078,4.708478410275774e-06,4.1400117260503855e-06,4.8053141241122255e-06,0.2883810122195165,0.06569936484132731,0.31925541671271473,0.35408037706084383,0.1422152281822928,-0.6714769158584255,0.8032934745652683,0.2883810122195165,0.10129701134243976,0.15455444091767828,0.1545544409176783,0.2896138269204248,0.49136518202147783,0.4913651820214779,0.10129701134243976,847,latin_hypercube,nan,True,False,2,ABNORMAL: ,74,2649,1656,5.823569589142411,0.8727032657880079,0.0020521536185885785,0.0018868757512031271,47,33,False,1e-05,0.0018873954641616152,True,0.36212200475016454,0.663874364667361,0.8311780189705741,0.11976635946158672,0.648628202177611,0.8441545624391915,0.902754588700861,0.6442292334617103,0.3279151153157052,0.7286811497612405,0.8282213350152168,0.5417477513917093,0.6173762999192396,0.0003284914428775676,0.9860730579023377,0.5033706471493988,451,0.0018704429120202587,True,0,350,0.013987181885312002,False,"alpha_e~0,alpha_p~pi/2"
electron,gradient_local_minimum_0459,gradient,gradient,gradient,0.00051099895,5.008881701733815,2.2380531052085906,0.9224618753956141,0.544497567436732,0.0,0.0,3.141592653589793,0.0,0.6386491426201796,2.081403443353056,4.3406522025691885,1.7737039480821282,1.74542418745134,0.6968491544249542,5.730588014049944,-0.6316600357160037,1.6781782974008594,0.47909272554294785,-1.5849828614793358,0.14690046593847092,0.1432823682819274,2.704491372721783,0.8483395271905929,2.1802942612293097,124.92165926503324,0.4704092924582864,0.5170070104190406,0.4704092924582864,0.5170070104190406,False,,gradient,1123001513,3.0076285391502138,1.670335402364093,1.0,0.1923195794204822,0.09301467009104025,1.0,1.2086234904690014,0.2565085366748447,-0.204645570068695,0.42376613685762743,0.47625947257293777,0.6656443548822197,0.6653594377804001,0.6656845352247901,0.9411633522584036,0.9413937151028807,0.9411920952978224,0.0019283544577777096,1.1584164459305129,0.8859510055510387,2.8670042594436396e-06,3.819211192412908e-06,3.4783702104190795e-06,0.12586914744333527,0.37822809630558846,0.49054627895702974,0.5040972437489237,0.23849765708256787,2.1282883075183383,0.9462367034934897,0.12586914744333527,0.06832235935454946,0.12886355860946563,0.12886355860946563,0.09278868783013268,0.36703919764161064,0.36703919764161086,0.06832235935454946,1123,sobol_screened,0.47700688677697567,True,True,0,CONVERGENCE: RELATIVE REDUCTION OF F <= FACTR*EPSMCH,40,1584,1053,3.3424779003598535,0.47700688677697567,0.0021268084127332673,0.0019283544577777096,24,10,False,1e-05,0.0019288551845717023,True,0.34398501738905907,0.3488372880965471,0.7254581777378917,0.5354857761412859,0.7048494406044483,0.4256601044908166,0.6582420710474253,0.8098098076879978,0.31201812390512607,0.6625312931562612,0.5645875018377624,0.6763080407062424,0.6908362542816093,0.2777928872250357,0.9573578979800252,0.5316842718152707,459,0.0019119216185948412,True,0,350,0.05048030101955412,False,"alpha_e~0,alpha_p~pi/2"
electron,gradient_local_minimum_0461,gradient,gradient,gradient,0.00051099895,5.265952781791585,2.2947663893720387,0.9556764549596947,0.6080746062912528,0.0,0.0,3.141592653589793,0.0,0.42727670044319865,2.4937468028943903,3.4158702579529363,2.1146262579080517,5.854678271362144,0.3430733026737682,1.4887669329082869,0.018537188632785806,2.782137103631109,0.7463272637086281,-2.1608847401702374,0.10091766932797289,0.08551512003078356,1.8254778608197846,0.8499039517335175,2.1956964872177727,125.80414180927887,0.19705709899830742,0.5076832807287766,0.19705709899830742,0.5076832807287766,False,,gradient,1338002325,0.04748169354162752,1.5862969127524627,1.0,0.030431608910110697,0.013056044714741267,1.0,1.0133339516513007,0.3106459697239084,-0.25751868652556925,0.10721187543696065,0.1872090175347233,0.6655740554041149,0.6654115675769731,0.6656246140408982,0.9411508120678322,0.9413017830661135,0.9411867064408445,0.001963401836322719,1.1583783501570584,0.8858820881580395,3.4735636157412486e-06,4.096759270100225e-06,3.735298625018313e-06,0.2547083800706484,0.07380865229609652,0.29679051399549694,0.3285170323667449,0.13253199781212446,0.8196519118857597,0.8068500854115253,0.2547083800706484,0.0031042696885871116,0.1780029523990519,0.1780029523990519,0.35414417114778385,0.4934800152342032,0.49348001523420326,0.0031042696885871116,1338,sobol_screened,0.5569865560930479,True,True,0,CONVERGENCE: RELATIVE REDUCTION OF F <= FACTR*EPSMCH,57,2374,1125,3.591341192719798,0.5569865560930479,0.0021939087162835126,0.001963401836322719,56,42,False,1e-05,0.0019635138715708256,True,0.6366195129230618,0.4713156269863248,0.6597025571390986,0.7469966076314449,0.07685704715549946,0.5284333433955908,0.150038399733603,0.638110151514411,0.32614501088903314,0.7937842610005053,0.6731064434759672,0.41809643585046957,0.5436526365137975,0.9318009870999983,0.015113892467049085,0.5049339897519349,461,0.0019469689971398506,True,0,350,0.015116243619477675,False,"alpha_e~0,alpha_p~pi/2"
electron,gradient_local_minimum_0462,gradient,gradient,gradient,0.00051099895,6.3230344752352154,2.5145644702880885,1.082332585625887,0.6263708057487913,0.0,0.0,3.141592653589793,0.0,0.6971829385368474,2.215596710004442,2.107632300347729,1.899390054904676,4.726449469082097,0.5107964304962901,0.7494871566891019,-0.46146138337048126,2.794436839166058,0.5858119945269313,-2.286111883177374,0.09381944549534921,0.07735998234815256,2.8556011228450604,0.8763599606791338,2.2042820571013335,126.29605872832154,0.5110704071189881,0.7652328851133172,0.5110704071189881,0.7652328851133172,False,,gradient,1321001666,0.09279351138470338,1.6455108539449843,1.0,0.031110556745663334,0.04849640896399406,1.0000000000000002,1.198497416022086,0.302353909526881,-0.14139214698293534,0.405838216236202,0.44858868465289187,0.665617388774967,0.6654773233648372,0.6655071706388925,0.9412288295545748,0.9412500003961204,0.941150871546023,0.0019646762130284923,1.1583741370625895,0.8858760713466226,5.133432241122282e-06,5.260834307074802e-06,5.100927226442398e-06,0.1997445717199618,0.2702076372278646,0.4595546099597786,0.4699522089478264,0.22457850548586536,1.728325516918329,0.9557503984869995,0.1997445717199618,0.025272380857167605,0.11531840813724173,0.11531840813724173,0.09845806685169751,0.4147293829149319,0.4147293829149319,0.025272380857167605,1321,sobol_screened,0.5541692782894531,True,False,2,ABNORMAL: ,39,1731,1395,2.9542610517550822,0.5541692782894531,0.001978010123003972,0.0019646762130284923,18,4,False,1e-05,0.001964798160447754,True,0.33116924576461315,0.6048259241506457,0.580386858433485,0.6321413805708289,0.5380268953740597,0.9064027294516563,0.1551207834854722,0.7146568698808551,0.3808951932172479,0.705246336590695,0.6045946321953314,0.6255395847141895,0.3354400988204833,0.7522377962784801,0.029537092047459215,0.5237823726334202,462,0.0019482433738456238,True,0,350,0.03518270006973889,False,"alpha_e~0,alpha_p~pi/2"
electron,gradient_local_minimum_0464,gradient,gradient,gradient,0.00051099895,7.583842568643816,2.7538777330600235,1.2171924262474385,0.5620425863461829,0.0,0.0,3.141592653589793,0.0,0.7669095915466059,2.191248022330937,0.9283973843513362,2.263965241401958,4.730626157056966,0.41726591855569656,2.4756614435646545,-0.12267183547836402,4.163485491684594,0.7001615319644092,-2.396525029716418,0.08816461639197079,0.07102819246556746,2.6628227192287146,0.8870026420262667,2.467352144204427,141.36886443546774,0.3370056568318931,1.2204858878159863,0.3370056568318931,1.2204858878159863,False,,gradient,1795001828,0.07094296685482468,1.5103634668056842,0.9999999999999999,0.023111804514242676,0.029439639018649738,0.9999999999999998,1.0713168310210495,0.3248941225163249,-0.1382840200192081,0.37930362318280414,0.42423128852497466,0.6654533085710833,0.6656723172147331,0.6654434353376946,0.9412497613628689,0.9410880414307309,0.9412430265853619,0.001989287205221229,1.1583583121872425,0.8858453943767015,3.373471423928631e-06,3.6302016950817695e-06,3.835555507536448e-06,0.3494618876378206,0.09773970193948936,0.4378457746461091,0.44720158957730993,0.21424497985745414,0.9428755206119167,0.9581584003757955,0.3494618876378206,0.04653609961563971,0.13353327944888543,0.13353327944888543,0.15962220022160967,0.4192651309738048,0.4192651309738048,0.04653609961563971,1795,sobol_screened,0.6221629008586694,True,False,2,ABNORMAL: ,44,1871,1071,4.564020606422885,0.6221629008586694,0.002162676452503798,0.001989287205221229,39,25,False,1e-05,0.0019894645630114433,True,0.6208217265084386,0.5801716689020395,0.8360702190548182,0.5762661760672927,0.17789912782609463,0.9693062463775277,0.11526734195649624,0.40828818548470736,0.440506472422765,0.697495908588617,0.7206425183147155,0.6106895715010616,0.1477590328731014,0.752902536815433,0.02258184770509968,0.4807636232150729,464,0.0019728543660383607,True,0,350,0.03288358088240043,False,"alpha_e~0,alpha_p~pi/2"
electron,gradient_local_minimum_0466,gradient,gradient,gradient,0.00051099895,5.194600717212626,2.2791666716615144,0.9465644621888586,0.3720332921592855,0.0,0.0,3.141592653589793,0.0,0.5537142215776866,2.216940921508111,5.1872131179522185,2.567093894028435,2.715964194219424,0.2781706355539408,0.7914614589292623,0.165470014293635,2.6602185578540625,0.7171300357522487,-1.3538020047205834,0.17484878202224935,0.18197855649567424,1.929159871370576,0.8597320537029502,2.603878379486023,149.19124150991328,0.08414078719206286,0.7373490637589897,0.08414078719206286,0.7373490637589897,False,,gradient,1477002298,3.0930907691452942,1.560109445686501,1.0,0.21852343482433104,0.013931343120943252,0.9999999999999998,1.1392945986492997,0.3248831695325326,-0.28292726564340254,0.18900233185715937,0.2809206386665608,0.6652528696190297,0.6659624684725796,0.6654508686462631,0.9413147473873051,0.9409528404892344,0.9414548187985643,0.0019932089742120238,1.1584054881486063,0.885934113599641,6.063698380742721e-06,6.008906338728082e-06,6.3078428798046815e-06,0.04133043061753061,0.31805555873875396,0.3319790365833556,0.3593859893562846,0.15228604190521328,2.710644849516162,0.8474790137366286,0.04133043061753061,0.012888074982354624,0.15342440951425668,0.15342440951425668,0.04453739377324124,0.4871896011294587,0.48718960112945864,0.012888074982354624,1477,sobol_screened,0.5823604843370784,True,True,0,CONVERGENCE: RELATIVE REDUCTION OF F <= FACTR*EPSMCH,76,2363,1935,5.9566925910039386,0.5823604843370784,0.0020150097161737135,0.0019932089742120238,21,7,False,1e-05,0.0019937083339611884,True,0.26854475773870945,0.567043268121779,0.40243114344775677,0.5164330191910267,0.6566636273637414,0.44186139293015003,0.6971323033794761,0.6372622344642878,0.3222592290598181,0.7056742124014348,0.8171313652312953,0.5632664089116912,0.8255706085932184,0.43225912677061784,0.9845613706827722,0.4965982600907269,466,0.0019767761350291554,True,0,350,0.017420164342558494,False,"alpha_e~0,alpha_p~pi/2"
electron,gradient_local_minimum_0467,gradient,gradient,gradient,0.00051099895,4.893910234637028,2.2122183966862377,0.9072490006095346,0.628266563392832,0.0,0.0,3.141592653589793,0.0,0.5933798575166822,2.238703814509618,2.021938413427767,1.603665462605598,4.695001284212617,0.5842570524941435,0.5843351138671442,-0.6797775142249127,1.6303023638132264,0.4688878168067357,-1.892887796369573,0.11911224504812307,0.10740054829061654,2.726497755277403,0.8661930675853196,1.9171523779684727,109.84473994106308,0.5206516756603135,0.3893589593822239,0.5206516756603135,0.3893589593822239,False,,gradient,569008560,0.10636194491863321,1.6569804770522485,1.0,0.08490654757750747,0.06457326144068011,1.0000000000000002,1.225867437137326,0.31605486858467585,-0.11821013523623941,0.42766958158151197,0.4650304703389784,0.665937269592509,0.6651794340740154,0.6654891782131207,0.9412454825409252,0.941464494564162,0.9409280327580931,0.0020323286974965244,1.1583760555312062,0.885881144582028,6.93185634581539e-06,7.101173852330778e-06,6.036996213099055e-06,0.3165875164816724,0.15956480167387913,0.4670801637200188,0.47615231815555153,0.22900400464224302,1.2208596101811962,0.961893897857412,0.3165875164816724,0.027813843654443747,0.10395074836595818,0.10395074836595818,0.11070961916642617,0.4198969334784904,0.41989693347849033,0.027813843654443747,569,latin_hypercube,nan,True,True,0,CONVERGENCE: NORM OF PROJECTED GRADIENT <= PGTOL,0,8599,9,0.0,1000.0,1000.0,0.0020323286974965244,387,373,False,1e-05,0.0020324853096610517,True,0.8879346399809602,0.9164811242575888,0.3426789546834481,0.8650596818479418,0.28131961876908057,0.5541343199274081,0.14259521173923517,0.6207659141576362,0.30558287662680544,0.7126015563957746,0.5104625708788639,0.6359998439026202,0.3218014931244134,0.7472326622052347,0.03385605858133675,0.5274332670592644,467,0.002015895858313656,True,0,350,0.04079850341119494,False,"alpha_e~0,alpha_p~pi/2"
electron,gradient_local_minimum_0469,gradient,gradient,gradient,0.00051099895,2.9661095604664007,1.722239693093386,0.6056837173907502,0.4325213353227232,0.0,0.0,3.141592653589793,0.0,0.2855561735736243,2.3324132229487007,5.412219154125134,1.8124951342551052,1.703386075637913,0.43107306991826166,3.352828122195604,-0.42745967903334203,0.9334724281695478,0.5730429053141237,-0.9085007634659976,0.25854833033092073,0.31007518175935883,1.575346330112903,0.7808090173348182,1.8227843093477203,104.43784788829302,0.1315591793284803,0.1440450116802294,0.1315591793284803,0.1440450116802294,False,,gradient,2046005836,0.08807667450337198,1.6044690067688503,1.0,1.7211250601158683,0.04219933763192027,1.0,1.13916159122138,0.2786241449696101,-0.2708435630300148,0.14343101778672343,0.21889457395648398,0.6654529918239284,0.6655195840135013,0.6654624463657047,0.94114150024555,0.9411012450777633,0.9411482945765547,0.002058871479800844,1.1582930288378859,0.8857263280606875,3.322451523402048e-06,3.6016364705626636e-06,3.52815582504995e-06,0.2800737400381769,0.07706225181355503,0.3239450642443331,0.35713599185173195,0.14537706831846714,0.7978828413199243,0.8141272324007135,0.2800737400381769,0.06038964631821446,0.15893602380659666,0.15893602380659666,0.057349877344488355,0.4839279843416714,0.4839279843416713,0.06038964631821446,2046,sobol_screened,0.6464575914039515,True,True,0,CONVERGENCE: RELATIVE REDUCTION OF F <= FACTR*EPSMCH,12,5898,243,0.729753951161457,0.6464575914039515,0.3618246338265086,0.002058871479800844,254,240,False,1e-05,0.0020600781921979497,True,0.8740417743101716,0.22073065489530563,0.6499866563826799,0.48787860199809074,0.0023631472140550613,0.2522917492315173,0.21902987826615572,0.5895596537739038,0.18353256914983906,0.7424301875303693,0.576935119893417,0.4438715798549897,0.8613814314756517,0.271102313931679,0.028035676236615112,0.5107183469300124,469,0.0020424386406179755,True,0,350,0.028681234754394918,False,"alpha_e~0,alpha_p~pi/2"
electron,gradient_local_minimum_0470,gradient,gradient,gradient,0.00051099895,11.187481141349966,3.344769220940358,1.5408591975673787,0.4333854687814329,0.0,0.0,3.141592653589793,0.0,1.0278482690333584,2.3503176419504586,5.807032592947777,2.748698247082992,1.9009546041245584,0.2146798802037154,4.14754205101436,0.452840343720322,7.820833741135194,0.8196646948048074,-2.907024758885881,0.06765160796814679,0.049381588400439096,2.6005139867978775,0.9256732497274515,2.8358295899290824,162.48106692125137,0.12067576953494452,2.5775802606600546,0.12067576953494452,2.5775802606600546,False,,gradient,1818002310,0.025456897663132822,1.5424184434763397,1.0,0.004446461828121254,0.0038671737516685527,1.0000000000000004,1.086391751109375,0.3342294826483783,-0.20453790922281426,0.3349437158090295,0.4033063153905517,0.665292498028467,0.66567220083519,0.6654715223169905,0.9411354377853063,0.9409930533942997,0.9412617317379086,0.0020750112656920208,1.1582938017299926,0.8857257806261464,2.3253576167947543e-06,1.4715884769089804e-06,1.8216545884519597e-06,0.33669665654241165,0.0681422721406714,0.38583734786069396,0.404838928683083,0.18341788351915245,0.7494209867677148,0.9061276993089569,0.33669665654241165,0.03333225775486624,0.12465172614815526,0.12465172614815526,0.125397621853309,0.47050934516876186,0.4705093451687619,0.03333225775486624,1818,sobol_screened,0.6243525419901318,True,True,0,CONVERGENCE: RELATIVE REDUCTION OF F <= FACTR*EPSMCH,74,2378,1692,6.4775839190828695,0.6243525419901318,0.002306417745558592,0.0020750112656920208,35,21,False,1e-05,0.0020757567296512324,True,0.7836320577189326,0.7179229473695159,0.3671762179583311,0.5652468325570226,0.8386518871411681,0.07811008673161268,0.21113721560686827,0.5829471377655864,0.587693456780444,0.7481293411050057,0.8749378261825721,0.6496046992301995,0.9242179418633849,0.3025463218397205,0.008103182197744216,0.4909670391907333,470,0.0020585784265091524,True,0,350,0.015917322708290788,False,"alpha_e~0,alpha_p~pi/2"
electron,gradient_local_minimum_0472,gradient,gradient,gradient,0.00051099895,10.90581724595412,3.3023956828269565,1.5179848058700394,0.34588514818710286,0.0,0.0,3.141592653589793,0.0,1.124058704893104,1.9473254787961076,5.612367052115637,2.6833812146667713,1.7995574418792204,0.27193479640394824,4.257100143281326,0.007646076165675197,7.024879708037871,0.758096828003416,-2.1943218536647167,0.09894546407100399,0.08322640316800912,3.1214319100092207,0.9242462185030851,2.8437448492350232,162.93457787323342,0.17601373209319116,2.591292659279183,0.17601373209319116,2.591292659279183,False,,gradient,638002519,3.10336393495704,1.539680720196433,1.0,0.0173765706968819,0.008402692621590347,1.0,0.9675526122653793,0.304617682460247,-0.24690183137975397,0.3594247094854889,0.4346353731555802,0.6651912482748854,0.6656114869347028,0.6656383841799927,0.9410212457535476,0.9410401304008915,0.941337236818234,0.002085096777119437,1.1582961223523425,0.885731018024161,2.93663863232263e-06,2.671749675220436e-06,2.6833874103848743e-06,0.02063612378708074,0.40218392027914984,0.4100663864317291,0.4228200440662306,0.1986563643986138,-2.858947591303526,0.9396733536478051,0.02063612378708074,0.013983383465441918,0.15416683087944089,0.15416683087944089,0.20305789150115516,0.42301312505432864,0.4230131250543287,0.013983383465441918,638,latin_hypercube,nan,True,True,0,CONVERGENCE: RELATIVE REDUCTION OF F <= FACTR*EPSMCH,28,2561,999,12.840971272609332,0.9451088296041665,0.0024456480156541936,0.002085096777119437,70,56,False,1e-05,0.002085114657387936,True,0.8129189044323228,0.123082850074897,0.72812582310422,0.48010639032274,0.988994551871146,0.2141042878890612,0.5743788295782023,0.359738278452566,0.5771385013962506,0.6198529515183847,0.854146769028302,0.7269111314502386,0.8932359587902926,0.2864084622528841,0.9878314209230562,0.4900955948051035,472,0.002068663937936569,True,0,350,0.0189845073513804,False,"alpha_e~0,alpha_p~pi/2"
electron,gradient_local_minimum_0473,gradient,gradient,gradient,0.00051099895,7.463194773882037,2.731884839059296,1.2049099487724617,0.7404477122147066,0.0,0.0,3.141592653589793,0.0,0.7071909631600617,2.3784595957522074,0.8938920565664775,1.8419968286334252,4.667258688085201,0.508839051402813,2.370428152548879,-0.343793857705902,3.745366142312829,0.6462376876907097,-3.179386510421787,0.05950214432903192,0.04141147331114692,2.9301258269299773,0.8803492929637718,2.147854299389477,123.06298636404537,0.6238335411666486,0.9068233571120727,0.6238335411666486,0.9068233571120727,False,,gradient,419009387,3.0655641739617594,1.5039232809181335,1.0000000000000002,0.0060767439369752525,0.03219141606559,1.0000000000000004,1.1014497869789592,0.2897843070820839,-0.1897331415713937,0.31831365130710804,0.3732953382678813,0.6655843688164809,0.6653372741849035,0.6654699031411077,0.9411057996750916,0.9411993199606349,0.9410247148908993,0.00209066877893017,1.1582718530858482,0.8856879130115318,3.885749462861909e-06,3.4158948930551603e-06,3.6336290656358017e-06,0.12081311366343979,0.33516900681279477,0.444245209657224,0.45598212047623454,0.21625414941910678,-2.089334553322631,0.9485203024769818,0.12081311366343979,0.05598341767440713,0.1670254142884675,0.1670254142884675,0.165093410365842,0.37699246523529795,0.37699246523529806,0.05598341767440713,419,latin_hypercube,nan,True,True,0,CONVERGENCE: RELATIVE REDUCTION OF F <= FACTR*EPSMCH,11,9426,225,5.099013816091855,0.9634525773959849,0.9422162245954371,0.00209066877893017,416,402,False,1e-05,0.002090890924517998,True,0.3159277490756912,0.3566930259536554,0.9776365262134463,0.2213381915724459,0.44547385810041296,0.24800557975557552,0.9441526680444134,0.37321083529765414,0.4350281945804537,0.7570872032166299,0.586325800873209,0.5652740688530525,0.14226733939313502,0.7428172908973543,0.975799383302874,0.4787136483782042,473,0.0020742359397473015,True,0,350,0.03548614561046841,False,"alpha_e~0,alpha_p~pi/2"
electron,gradient_local_minimum_0474,gradient,gradient,gradient,0.00051099895,8.804834148680854,2.9672940785639788,1.335390025348682,0.4174771427754671,0.0,0.0,3.141592653589793,0.0,0.9202366433938728,2.062043958831752,3.970921747037416,2.575761784218753,1.4936430115246973,0.3033951365784758,5.474979416232899,0.026014295932812126,5.3257894554144976,0.740162620244274,-2.1172626130782204,0.10358108705488954,0.08863198970471536,2.7494860751008368,0.9079420456812561,2.7202203638372238,155.85714619341414,0.19152828410038092,1.7957917052689987,0.19152828410038092,1.7957917052689987,False,,gradient,345001351,0.04969734397410192,1.610966450077185,1.0,0.029361186070725586,0.014681177538051074,1.0000000000000002,0.9692854589093272,0.32966898103118353,-0.1689659227202819,0.38410396191713303,0.43980678548932206,0.6656587087696252,0.665382595355114,0.6653395712770572,0.9411897301643687,0.9411597849381905,0.940964113171642,0.0021038061765483985,1.1582667400914253,0.8856777303736175,2.5934045250752824e-06,3.479116918003733e-06,2.718968248938136e-06,0.024597280751695344,0.4068442932580735,0.4208716816827749,0.4314415740097688,0.2051508946778905,-2.769652617668311,0.951001975870065,0.024597280751695344,0.04027745268694759,0.13097631822625808,0.1309763182262581,0.10184718151392969,0.4375821077639732,0.4375821077639731,0.04027745268694759,345,latin_hypercube,nan,True,True,0,CONVERGENCE: RELATIVE REDUCTION OF F <= FACTR*EPSMCH,43,1410,918,3.225638056221564,1.0142986874035478,0.0021936029892608774,0.0021038061765483985,21,7,False,1e-05,0.002104761809142595,True,0.561971936565764,0.7876821383099119,0.7963396005020307,0.4824316902229536,0.7388618021232264,0.4083203066477561,0.12052499674524843,0.8944059254467406,0.4936670085815212,0.6563689778417081,0.8198904403712289,0.672840574585174,0.6319918246721096,0.23772066849882037,0.01581915590403308,0.5127865473699741,474,0.00208737333736553,True,0,350,0.017781069060195477,False,"alpha_e~0,alpha_p~pi/2"
electron,gradient_local_minimum_0477,gradient,gradient,gradient,0.00051099895,25.0,5.0,2.4120155719830048,2.082062194095897,0.0,0.0,3.141592653589793,0.0,0.7390543396709742,2.8705741170172234,2.815722409284112,1.4537505605746603,0.3756793945859379,0.24193446471635377,4.379628750652778,-0.31560763663564084,18.79975340817353,0.81220897541177,-19.737468458445033,0.0021619995339971798,0.000434004040478899,5.226539322761159,0.9596309817197478,1.6122473826308183,92.37497055575943,1.9907815621124674,1.52192403697643,1.9907815621124674,1.52192403697643,False,,gradient,1627011271,3.1259676779559324,1.6073453810690792,1.0,1.2955515451565616e-07,0.0014520926744876982,1.0,0.9352964110281419,0.32841873817753175,-0.08811405301451505,0.14865736223356982,0.177595668340305,0.6654564579251949,0.665533036847177,0.6653457637403682,0.9427600175643883,0.9426278231154053,0.9426818725771002,0.0021200250720862287,1.1579495480113122,0.8886642470588362,0.003029930188633123,0.003029930189687169,0.003029904423188401,0.3522153985925139,0.020087977672911428,0.36780279718623327,0.3723033762654253,0.1816511090535206,0.4172903936817966,0.9758230552495261,0.3522153985925139,0.12842631797000315,0.23669085416593674,0.23669085416593674,0.01281261930967985,0.391005769568638,0.391005769568638,0.12842631797000315,1627,sobol_screened,0.6047928088856919,True,True,0,CONVERGENCE: RELATIVE REDUCTION OF F <= FACTR*EPSMCH,70,11311,1080,13.491472743803559,0.6047928088856919,0.004766227123878418,0.0021200250720862287,464,450,False,1e-05,0.0021200458855720507,True,0.97812635358423,0.5196067849174142,0.7021766398102045,0.760886188596487,0.42717138305306435,0.03525254875421524,0.7190570775419474,0.3030995596200228,1.0,0.9137321204698878,0.462743175476142,0.269913412242437,0.4481361398121873,0.05979123266612264,0.9950264157843612,0.5116339253061403,477,0.0021035922329033603,True,0,350,0.008559740658201647,False,"alpha_e~0,alpha_p~pi/2"
electron,gradient_local_minimum_0478,gradient,gradient,gradient,0.00051099895,1.2631592634719844,1.123903582818377,0.17052788579208444,0.06668236073533709,0.0,0.0,3.141592653589793,0.0,0.07338635381744539,2.211145797766605,3.5557713894766576,2.713524506986543,0.7992789817387105,0.2543228368805692,6.271675687707713,0.23507003387091668,0.07392544355557146,0.35262198210292234,-0.04694513097272372,0.8889189529584507,1.5464746858413054,1.0155635794651268,0.5469262140388361,2.512488692095506,143.9549981314167,0.0011292399614516568,0.01461939625287504,0.0011292399614516568,0.01461939625287504,False,,gradient,1654000952,0.17877030662952484,1.2699710865371892,1.0,13447.506882782465,0.1686438252032958,1.0000000000000002,1.2231822753360713,0.26059896512113345,-0.1541747546079383,0.2843570422581687,0.32453482375680215,0.6656869736943404,0.6652177476650974,0.6654387338781557,0.9410934836762161,0.9412495310368044,0.9409177075578962,0.0021370501927268806,1.158248541932502,0.8856445122066748,3.1462628818368366e-06,2.824185311944838e-06,2.7720420185395334e-06,0.4196452323185118,0.015553826768131274,0.4212660180034539,0.4351990590866431,0.20366648846013238,0.12624274765853272,0.9359693418803313,0.4196452323185118,0.025637037308065824,0.11707455099566802,0.11707455099566803,0.30413663575382843,0.447726389917689,0.447726389917689,0.025637037308065824,1654,sobol_screened,0.6079396674908384,True,True,0,CONVERGENCE: RELATIVE REDUCTION OF F <= FACTR*EPSMCH,32,1039,468,2.0717917329779336,0.6079396674908384,0.002602757349085743,0.0021370501927268806,25,11,False,1e-05,0.0021376752510393867,True,0.008758777752518654,0.6788797993212938,0.9366103978827596,0.414577130228281,0.4628112781792879,0.183918796479702,0.08444635290652514,0.1985427988693118,0.03449118082387025,0.7038295672228551,0.8637416769758133,0.4015011818241327,0.5659185931399471,0.12720920085317253,0.056904355956285416,0.4042443520123577,478,0.002120617353544012,True,0,350,0.11542483354450224,False,"alpha_e~0,alpha_p~pi/2"
electron,gradient_local_minimum_0482,gradient,gradient,gradient,0.00051099895,7.940531233480454,2.8178948229982703,1.2528301002680255,1.0109970665176,0.0,0.0,3.141592653589793,0.0,0.6105012439108553,2.6341066012883423,3.8085873852120584,1.3837976992533643,1.1982398234030163,0.37709642180139885,5.294499383412474,-0.5741777693346489,4.004945805221167,0.6260044752555967,-4.771072667442037,0.03187874542554501,0.017608472736945206,3.2725294634466073,0.9060918992318563,1.6070350885054556,92.07632810079532,0.9070489940385231,0.523985562927971,0.9070489940385231,0.523985562927971,False,,gradient,1769005354,0.042514899916713755,1.618101356575798,1.0,0.0005360415211060961,0.01067657661503707,1.0,0.9865711412172392,0.3248174594245272,-0.10034166979117959,0.2944893576256649,0.3270820838816507,0.6653254499694249,0.6654435139417214,0.6654217213422989,0.941002153855853,0.9409867552010793,0.9410702313274629,0.0022011028322561294,1.158173215858664,0.8855180971763318,1.2028937230623704e-05,1.205185269015363e-05,1.204280947042502e-05,0.02128576149208425,0.3934639103505021,0.40617700690907,0.4147496718425863,0.19880217098777686,-2.7820320475185842,0.9586610164370668,0.02128576149208425,0.010837238618114479,0.16016312974348856,0.16016312974348856,0.1781761429409171,0.42508719841392517,0.42508719841392506,0.010837238618114479,1769,sobol_screened,0.6198688788231651,True,True,0,CONVERGENCE: RELATIVE REDUCTION OF F <= FACTR*EPSMCH,65,5389,1215,8.726097054529394,0.6198688788231651,0.0034231511156199803,0.0022011028322561294,189,175,False,1e-05,0.002201118278571445,True,0.7336805490776896,0.5669339466840029,0.29618434328585863,0.38965145125985146,0.7929669404402375,0.5114199696108699,0.2611110359430313,0.6603965852409601,0.4564526869285205,0.8384621724520639,0.44047648815072976,0.4603835153859545,0.6061555085539356,0.19070579090414977,0.013532912953604408,0.5150576586454796,482,0.002184669993073261,True,0,350,0.017061577433067496,False,"alpha_e~0,alpha_p~pi/2"
electron,gradient_local_minimum_0483,gradient,gradient,gradient,0.00051099895,7.470623385749287,2.7332441138232215,1.2056696695293048,0.5047694256817211,0.0,0.0,3.141592653589793,0.0,0.6522321724743841,2.5197963004476813,6.224148770386485,2.6615742351937777,3.8854079490332607,0.23109464300372765,1.8848086884556652,0.5341132217936843,4.833851186886544,0.8232499926236524,-2.4839917777390266,0.08404008650487423,0.0665051280406966,1.9176614802230978,0.8908914342414473,2.7080445845651036,155.15952542883878,0.08887130157583145,1.2638010061497735,0.08887130157583145,1.2638010061497735,False,,gradient,103004390,0.026486912895941652,1.551969841615538,1.0,0.010591833648960325,0.004067457247679621,1.0,1.0505679634007778,0.3183212639759503,-0.28837373514565356,0.16832956328146667,0.260125055150497,0.6655490572629292,0.6654205377252778,0.6652214054770583,0.9411389672374904,0.9409980883951049,0.940907200122053,0.002211485479056377,1.1581743424352824,0.8855087360522472,2.516002678309981e-06,2.3364347949694775e-06,2.3489100503537585e-06,0.04347065133357628,0.29599725233515795,0.29905147379145813,0.3394679036687342,0.12931752195709106,2.9238241523496917,0.7618836453138383,0.04347065133357628,0.006939241433249381,0.14788759662558984,0.14788759662558984,0.02771311055669908,0.5126444997056759,0.512644499705676,0.006939241433249381,103,latin_hypercube,nan,True,True,0,CONVERGENCE: RELATIVE REDUCTION OF F <= FACTR*EPSMCH,35,4456,702,13.667716708489266,1.0819769091368419,0.09354147801167612,0.002211485479056377,168,154,False,1e-05,0.0022118455114632837,True,0.5611877153553902,0.8111881247587768,0.965643374784568,0.4919668216148419,0.9247101414333223,0.799368242541064,0.28403335111995237,0.5167436738259557,0.4353667805264678,0.8020760736018383,0.8472053918742412,0.5168948202768334,0.9906040433463513,0.6183818810171864,0.008431046229267165,0.49400734364531756,483,0.0021950526398735086,True,0,350,0.013591141217780142,False,"alpha_e~0,alpha_p~pi/2"
electron,gradient_local_minimum_0485,gradient,gradient,gradient,0.00051099895,1.185010159040294,1.0885817190456093,0.14016604673460253,0.07415683612177076,0.0,0.0,3.141592653589793,0.0,0.0510703659982665,2.373026205740334,3.6702782916253027,2.474208730365319,0.8831698088274839,0.25644085522388677,0.0642977144399699,0.16118655155771455,0.05326538460844088,0.3595333584027277,-0.04003473366475293,0.9033645119464346,1.5794596631763205,0.9747300549271813,0.48547835962418756,2.2817149239342878,130.73263519344835,0.0015359138746672057,0.00815123934651576,0.0015359138746672057,0.00815123934651576,False,,gradient,1966001621,0.22180232549408452,1.221134189854462,1.0,19527.031935966454,0.24996069580103483,0.9999999999999998,1.2093162234573513,0.2608267446379488,-0.13266091173276234,0.27671692464901776,0.3113184383969764,0.6655543856316286,0.6653610476254808,0.6652299261620326,0.9411005973735889,0.9410078557271859,0.9408714581527655,0.0022374166932577527,1.158152111167919,0.8854683711353377,2.370446153865391e-06,2.289645238406912e-06,2.9224076906753105e-06,0.42354456461111084,0.019135205426431823,0.4341774231196889,0.44267977003754266,0.21283753810091754,0.3174247015979327,0.9615869190628127,0.42354456461111084,0.02755868735007727,0.12186385691331977,0.12186385691331975,0.27532372202817124,0.43545637304913754,0.4354563730491377,0.02755868735007727,1966,sobol_screened,0.6391261954443622,True,True,0,CONVERGENCE: RELATIVE REDUCTION OF F <= FACTR*EPSMCH,44,1686,738,3.5800915010994885,0.6391261954443622,0.0033198223951053994,0.0022374166932577527,42,28,False,1e-05,0.002238390301756548,True,0.0368136428296566,0.5931393532082438,0.7562856748700142,0.3131368141621351,0.4605598235502839,0.037812236696481705,0.37862726021558046,0.08816981129348278,0.02569274876444734,0.7553577014603583,0.7875650993575258,0.3321083071326361,0.5841429326350439,0.1405608406644183,0.07060187298332214,0.3886990849877093,485,0.0022209838540748843,True,0,350,0.1357691869905179,False,"alpha_e~0,alpha_p~pi/2"
electron,gradient_local_minimum_0487,gradient,gradient,gradient,0.00051099895,4.636783982921107,2.1533192942341612,0.8723600836988569,0.6099606109589963,0.0,0.0,3.141592653589793,0.0,0.37860541218910315,2.4846389816546592,2.631189951744576,1.9149794581842103,0.15617181300434624,0.37292814236823996,4.599014219150398,-0.18463736178536044,2.209836917598968,0.7032446641819886,-1.949496817445589,0.11487769354583871,0.10218656317438252,1.8123514614649545,0.8364106458320809,1.9883954243763882,113.9266658198913,0.21883455815995262,0.34900460823653506,0.21883455815995262,0.34900460823653506,False,,gradient,198010009,0.054334940624571545,1.5839244789391942,1.0,0.05496292535594437,0.01681984333490771,1.0000000000000004,1.1013394994209882,0.30118810289826503,-0.2491078558864156,0.11015847166741238,0.1851867941988963,0.6651366269760699,0.6655001071705487,0.6654755229775985,0.9409032674686258,0.9408859925075371,0.9411429310918026,0.0022628976558366487,1.1581360681630315,0.8854384204512588,1.8335440210570653e-06,2.04666948150356e-06,1.9524177494179007e-06,0.1723481876492837,0.1583649670184186,0.2989803259453534,0.3307131546677023,0.13362374861150222,-1.5184493114678275,0.8080945479520838,0.1723481876492837,0.018714497331691393,0.17823441906591397,0.17823441906591397,0.3510852099428924,0.4910524262663839,0.4910524262663841,0.018714497331691393,198,latin_hypercube,nan,True,True,0,CONVERGENCE: RELATIVE REDUCTION OF F <= FACTR*EPSMCH,6,10050,81,6.971221259394569,1.041767014580819,0.9424686107891337,0.0022628976558366487,450,436,False,1e-05,0.002263317435568812,True,0.8009033524332421,0.2659068809786229,0.6142947323910868,0.05191848365888262,0.4731364396965132,0.01358802647404097,0.642680965503414,0.9912313441673785,0.2909115174193925,0.7908851514583042,0.6095568933789132,0.4043289071864172,0.4187668870338749,0.024855516011264848,0.017295348766010393,0.5041788206148549,487,0.0022464648166537803,True,0,350,0.017302248078220266,False,"alpha_e~0,alpha_p~pi/2"
electron,gradient_local_minimum_0491,gradient,gradient,gradient,0.00051099895,5.009249704344995,2.2381353185955923,0.9225102024983113,0.5065682981181518,0.0,0.0,3.141592653589793,0.0,0.6381886076250645,1.9873975456087005,1.908923116746841,1.9100275497397614,4.468947541624704,0.6734068234335853,0.4574595533347498,-0.5859316193374755,1.7550759927820943,0.5022250372923268,-1.4235491386872308,0.16561200442897353,0.16892514498164685,2.619368758793994,0.8462721327859741,2.2645107519567036,129.74690874911553,0.39282665620758006,0.5585900832548206,0.39282665620758006,0.5585900832548206,False,,gradient,909001213,3.0055652374277693,1.6744823972223735,1.0,0.3197245648269103,0.09871718897218125,0.9999999999999998,1.1980953898744284,0.27966829222115275,-0.17269691480141036,0.43613919159365855,0.4844370428280309,0.6656820606822571,0.6649999651873844,0.6653931350386127,0.9409386414994252,0.9412166279305676,0.9407340920247056,0.002317158944317445,1.1581174868820385,0.8854114767873482,7.967453385215872e-06,8.110622298718173e-06,7.65404181135576e-06,0.11358890779996142,0.38401288616858775,0.4872646562719154,0.4976017939685492,0.23846375928764077,-2.173671037895313,0.9584521686942021,0.11358890779996142,0.05886058012935083,0.12935237648683137,0.12935237648683134,0.0801232322332446,0.3730458295446194,0.37304582954461935,0.05886058012935083,909,latin_hypercube,nan,True,True,0,CONVERGENCE: RELATIVE REDUCTION OF F <= FACTR*EPSMCH,37,1257,837,5.856982876369493,0.9156824864666698,0.002334481957424671,0.002317158944317445,19,5,False,1e-05,0.0023173366832599357,True,0.4124644797884631,0.6918496621264009,0.447185381125986,0.5361480147379881,0.23184117010883398,0.40307598919987053,0.7523670157436332,0.5261574620335507,0.3120386026914259,0.6326082865446504,0.607980651965568,0.67574422233808,0.30381455001264696,0.7112550916679454,0.956701128643591,0.5330043012766147,491,0.0023007261051345767,True,0,350,0.051747201140734785,False,"alpha_e~0,alpha_p~pi/2"
electron,gradient_local_minimum_0494,gradient,gradient,gradient,0.00051099895,5.332277985080635,2.309172575854961,0.9640755453525519,0.36615826670848317,0.0,0.0,3.141592653589793,0.0,0.5459246800465155,2.2942456011104615,2.4748341883331544,2.6815342764270538,0.08455918579202432,0.2566036396326393,4.577270719227115,0.34994643276751647,2.868826753625737,0.7493653427814219,-1.416518515988925,0.16650859584127264,0.170181684671347,1.839359164319791,0.859831309187908,2.6708779875763864,153.03003628252165,0.05472259866779483,0.7808767174861283,0.05472259866779483,0.7808767174861283,False,,gradient,1556002396,3.101570612876212,1.580076861923718,1.0,0.19166858543146315,0.008968839859058926,1.0,1.1320890545309494,0.2956477842322113,-0.2851485759433308,0.21078279860368676,0.29508634325830296,0.6653540044403826,0.6651494017789772,0.6654588571649899,0.9408121214991478,0.9410303966582274,0.9408863847303626,0.002341789625920486,1.1580625003192826,0.8853109152768674,7.770047943389535e-06,6.76563055368451e-06,7.971704706233318e-06,0.2698647556943223,0.0917685206477609,0.3256270557294789,0.3616332763420832,0.14481041755843732,0.9085004661638673,0.8008688748070597,0.2698647556943223,0.11047004916869643,0.14736165664104886,0.14736165664104886,0.28993808051728653,0.4910050670168681,0.4910050670168682,0.11047004916869643,1556,sobol_screened,0.5945835585106409,True,True,0,CONVERGENCE: RELATIVE REDUCTION OF F <= FACTR*EPSMCH,59,2484,1962,16.735725068174315,0.5945835585106409,0.0025762026978235785,0.002341789625920486,24,10,False,1e-05,0.002341923922872927,True,0.3077501030638814,0.3111951407045126,0.6515464438125491,0.4836184782907367,0.3537769475951791,0.018497386015951633,0.7223866218701005,0.3581151720136404,0.3297334923412232,0.7302810561671335,0.8535588703274289,0.5435684311704382,0.3938820944060402,0.013458012402626635,0.9872605887756171,0.5029540860805798,494,0.0023253567867376175,True,0,350,0.012854104682365546,False,"alpha_e~0,alpha_p~pi/2"
electron,gradient_local_minimum_0506,gradient,gradient,gradient,0.00051099895,6.927531902479351,2.632020498111546,1.1488678697071049,0.6285211505654695,0.0,0.0,3.141592653589793,0.0,0.702189868892188,2.2306531679512913,4.111511409880899,2.0450032959037,1.6196237813140588,0.4915252612041133,5.680062582000433,-0.27977395231077345,3.461888883597897,0.6538607310444173,-2.474873066558904,0.08445639299384719,0.06695787825711352,2.712490663854527,0.875464452106243,2.288077430541943,131.0971799691911,0.4383468880447109,0.9318547965639751,0.4383468880447109,0.9318547965639751,False,,gradient,1355002108,3.057995925129638,1.6435682424353504,1.0,0.02330431506199773,0.04042207661385103,0.9999999999999999,1.1181127102019388,0.3201788792313086,-0.1335764634569268,0.37388132658350454,0.41664968894482524,0.6655672209289021,0.6649397903007426,0.6651071885161167,0.9408122387352562,0.9409308184145088,0.9404874368353057,0.0025734908228937352,1.157893618204686,0.8849982236523799,3.018253827202777e-06,3.507251362000474e-06,4.121904034315449e-06,0.3011572824826582,0.15462661092094482,0.4473078025139199,0.45578389340360304,0.21941585581211834,1.23034679785832,0.9628065361134757,0.3011572824826582,0.06776417623314748,0.14210214295584983,0.14210214295584983,0.09985513528589099,0.4021139636405471,0.4021139636405469,0.06776417623314748,1355,sobol_screened,0.5606051307103884,True,False,1,STOP: TOTAL NO. OF ITERATIONS REACHED LIMIT,80,2197,1413,3.4733460861582905,0.5606051307103884,0.002768739078950393,0.0025734908228937352,36,22,False,1e-05,0.002573691522138862,True,0.7292804904282093,0.4154033036902547,0.5276611084118485,0.554630103521049,0.8916918560862541,0.5512834629043937,0.907851567491889,0.6170549783855677,0.410152677686998,0.7100389560060877,0.6509447663645836,0.5908411282158698,0.6543673644612729,0.2577711307453194,0.9733903348785107,0.5231640201848893,506,0.002557057983710867,True,0,350,0.032406783580629143,False,"alpha_e~0,alpha_p~pi/2"
electron,gradient_local_minimum_0507,gradient,gradient,gradient,0.00051099895,3.4546567995936117,1.858670707681598,0.6926488778719176,0.1805556000481775,0.0,0.0,3.141592653589793,0.0,0.46031514213981867,1.5440421031582967,0.36450014400873937,2.804628292764597,4.1503869146743275,0.24781558607303103,2.506991727396799,-0.2894935866769416,1.2089964377870157,0.5658714090596548,-0.4612342013608633,0.4323133830402196,0.6117626705715984,1.8073690729853402,0.8297774998559146,2.7409579812630738,157.04532414907231,0.01793061629277809,0.3918117345056822,0.01793061629277809,0.3918117345056822,False,,gradient,1844005950,3.0783661645585747,1.6190266540442597,1.0,14.879322281092008,0.02270799155296087,1.0,1.037330329524557,0.2940166014674636,-0.3208981888999,0.23624902212545035,0.3305984170428631,0.6651311083675182,0.6652105223367939,0.6651976248096748,0.9406979132420892,0.9406889376259726,0.9407453029617735,0.0025761171512759394,1.1578565905226479,0.8849366530188514,8.133632227624865e-06,8.406001244853911e-06,8.805964615943296e-06,0.3265205423169478,0.05928607631029478,0.37771012339975985,0.38580661862724264,0.1848068140861385,0.7626463960162603,0.9580282201674437,0.3265205423169478,0.043216459917476864,0.26994009243850536,0.26994009243850536,0.04372221365217983,0.34425328893425206,0.344253288934252,0.043216459917476864,1844,sobol_screened,0.6267355324050942,True,False,2,ABNORMAL: ,12,5986,1008,68822.73863701856,0.6267355324050942,0.19596834803213206,0.0025761171512759394,224,210,False,1e-05,0.0025776835544618773,True,0.20857645757496357,0.42002122849226,0.9193594930693507,0.5918533662334085,0.9081077631562948,0.6784898117184639,0.9603129234164953,0.5061525637283921,0.21751659163446171,0.49148386611929823,0.892740912657738,0.6471792152394202,0.05801199967669857,0.6605545932143396,0.9798743834726722,0.5153521899773518,507,0.002559684312093071,True,0,350,0.02278607909195463,False,"alpha_e~0,alpha_p~pi/2"
electron,gradient_local_minimum_0510,gradient,gradient,gradient,0.00051099895,11.850802368645125,3.442499436259231,1.5934582225472138,0.2838324099061411,0.0,0.0,3.141592653589793,0.0,1.2263349130247951,1.7677602260373937,2.569562836536261,2.7807804254200477,5.007843612847882,0.23244870739200404,1.1819021864729247,-0.08096246121840964,7.773136542618029,0.7596056651239793,-2.0414557360133574,0.10846796675492766,0.09443090169595443,3.339828271915828,0.932746321172693,2.9106923569726026,166.77038751551615,0.12582470749264818,2.9916651107949708,0.12582470749264818,2.9916651107949708,False,,gradient,123002023,3.1111690001069054,1.595364851374061,0.9999999999999998,0.020306263179331274,0.0052822633191224825,0.9999999999999998,1.0462837124591817,0.3029287014228502,-0.2825969403632103,0.3497714363077172,0.43537816047801514,0.665052231672925,0.6650436858467583,0.6654397785883072,0.9405216751444561,0.9408017648248272,0.9407957724616457,0.002597252673042847,1.157855399793872,0.8849284875983969,3.4464787539989494e-06,3.3909167163059806e-06,3.482469407567468e-06,0.3432618672844852,0.06333245352139527,0.3977121242702245,0.4065943208058805,0.19441496386728427,0.7670982655881479,0.9563092936563834,0.3432618672844852,0.13130164127489657,0.19820479365048868,0.19820479365048868,0.09702163657742433,0.3952008855436309,0.39520088554363114,0.13130164127489657,123,latin_hypercube,nan,True,True,0,CONVERGENCE: RELATIVE REDUCTION OF F <= FACTR*EPSMCH,79,2082,1773,13.455456331153046,0.9579548591737861,0.0026208567181328626,0.002597252673042847,16,2,False,1e-05,0.002600057054023075,True,0.7262998719753119,0.55774747803886,0.2724830132947771,0.37978180080261903,0.33099605854273256,0.7385983881511385,0.9246913673578443,0.884407493842846,0.6120373777345479,0.5626955563501949,0.8851499007175684,0.7575515241647311,0.4089586270199778,0.7970230652159163,0.990315850322567,0.5078204042624975,510,0.0025808198338599787,True,0,350,0.010184510623309604,False,"alpha_e~0,alpha_p~pi/2"
electron,gradient_local_minimum_0511,gradient,gradient,gradient,0.00051099895,8.629057659494762,2.937525771715843,1.3190034643599788,0.517149761655423,0.0,0.0,3.141592653589793,0.0,0.8512969747373681,2.1964587504951725,3.978730472781619,2.413187423864678,1.590636993013728,0.3919585484410767,5.564745142841517,0.043503703841669294,5.152669500612602,0.7426694342127155,-2.5065081610680164,0.08302515792440175,0.0654045097889907,2.665213501995352,0.8953217114995182,2.607607295435996,149.40489265600573,0.2849413819048535,1.6080220516771215,0.2849413819048535,1.6080220516771215,False,,gradient,1160002127,0.05912708885272368,1.6219063441612316,1.0,0.015955676862265324,0.020227226057015713,0.9999999999999999,0.9869825103255686,0.31305817782891515,-0.1918094209769228,0.34447392330422477,0.4045214311256795,0.6649252839502394,0.6654601636235443,0.6651563746023007,0.9407263989183915,0.9405112961343767,0.9408899943412036,0.0026017389334484515,1.157858410861294,0.8849337828814038,3.295015783721933e-06,2.8622459824489965e-06,3.749407439579411e-06,0.0493319350627027,0.39011319699171776,0.42705187163915026,0.43944513205442043,0.20732930561194002,-2.535422031421662,0.9435958689207397,0.0493319350627027,0.047398053481034236,0.15682303648830132,0.15682303648830132,0.08401130176539172,0.4037318314572782,0.40373183145727803,0.047398053481034236,1160,sobol_screened,0.5029607463754933,True,True,0,CONVERGENCE: RELATIVE REDUCTION OF F <= FACTR*EPSMCH,50,2168,1305,1.344134707888593,0.5029607463754933,0.0031390454986367344,0.0026017389334484515,41,27,False,1e-05,0.002601897033678165,True,0.5895766271278262,0.6411524014547467,0.304495956748724,0.6982069509103894,0.6494854036718607,0.2654551053419709,0.18436400219798088,0.6359140928834677,0.4862519291561454,0.6991545348775094,0.7681414142305207,0.6268312385462053,0.6332346219735484,0.25315774010296344,0.018820736923089353,0.5162688238107297,511,0.002585306094265583,True,0,350,0.02210912514795457,False,"alpha_e~0,alpha_p~pi/2"
electron,gradient_local_minimum_0516,gradient,gradient,gradient,0.00051099895,5.043241372892326,2.245716227151669,0.9269641798618726,0.6112953856249645,0.0,0.0,3.141592653589793,0.0,0.6267465034924391,2.2148175739055516,2.012822782913742,1.6026583703319064,4.635371463907643,0.684100762449859,0.6174537277463189,-0.6748843067594987,1.6432430034999783,0.46109304441076077,-1.8737372470090272,0.12059829418127971,0.10924728223180112,2.800400154650214,0.855983482352239,2.0141097948224975,115.39999071928929,0.5624638376336638,0.44721671587903294,0.5624638376336638,0.44721671587903294,False,,gradient,604004041,0.11985541191287878,1.6613889066110978,0.9999999999999999,0.08797232211988498,0.07543980517349053,0.9999999999999999,1.222998398228008,0.25936584347545927,-0.20981894927107295,0.40132866763303765,0.45574853638786406,0.6646916223799064,0.6655674866920629,0.6653408298580835,0.9406386993262468,0.9404784391723228,0.941097532272257,0.002620465568220248,1.1578865084704009,0.884988198788511,6.130466551845792e-06,6.3218097330342005e-06,6.06603109920556e-06,0.3441044329706231,0.1522013103633293,0.4815812679323414,0.4963057433339524,0.2334283962653652,1.1471869096520035,0.940663691285542,0.3441044329706231,0.028476261538389065,0.13220229781609494,0.13220229781609497,0.08806368656628727,0.3714919588499528,0.37149195884995273,0.028476261538389065,604,latin_hypercube,nan,True,True,0,CONVERGENCE: RELATIVE REDUCTION OF F <= FACTR*EPSMCH,19,4104,315,0.9476306367792252,0.825768201449521,0.30724880557272777,0.002620465568220248,170,156,False,1e-05,0.0026205179853144352,True,0.515766951764729,0.49066576680997936,0.6209421003211842,0.1627588296353963,0.3872728741273185,0.45921606871383663,0.3869022959870876,0.7987609802111553,0.31392695460027276,0.7049983298677355,0.5101420034518486,0.6592467677006354,0.32035069546870704,0.7377422815480166,0.03815116252449979,0.528836513770391,516,0.0026040327290373796,True,0,350,0.045162570416922454,False,"alpha_e~0,alpha_p~pi/2"
electron,gradient_local_minimum_0517,gradient,gradient,gradient,0.00051099895,6.919093281807567,2.6304169406783338,1.1479641974641357,0.6577892407643778,0.0,0.0,3.141592653589793,0.0,0.6960597704206941,2.262626896401793,5.320765722628116,1.9549867186557335,1.5132589592699615,0.5299276221992316,3.7522213337088037,-0.32230188837244933,3.3732336270011243,0.6409014376980436,-2.6005299725575504,0.07897915213767277,0.06106866032066212,2.7698746264181358,0.8715097250320001,2.231579764684465,127.86010216321725,0.499560271407881,0.8859120986297881,0.499560271407881,0.8859120986297881,False,,gradient,259001711,0.08685468547929373,1.4953241388944005,0.9999999999999998,0.018825968467461478,0.04268818778006399,0.9999999999999997,1.1230027241501674,0.30565493159490953,-0.161589218961422,0.3532921460471482,0.4026826877152765,0.6650235922083125,0.6653245222385085,0.6651187004568632,0.9406996380605126,0.9405539844825471,0.9407666758331332,0.0026262605979652754,1.1578219683533377,0.8848664835131682,2.710961631902098e-06,2.533834921103484e-06,2.3327687976304468e-06,0.2936993496287157,0.16603885233361215,0.4500611993863832,0.45973820196232784,0.2201920984052193,-1.2766903045899705,0.9579021167497516,0.2936993496287157,0.048699327682221655,0.15715431215811582,0.15715431215811584,0.14487400666000302,0.38310748587955634,0.3831074858795562,0.048699327682221655,259,latin_hypercube,nan,True,False,1,STOP: TOTAL NO. OF ITERATIONS REACHED LIMIT,80,1752,1170,8.426768072146137,0.7834293903276865,0.002903985085784036,0.0026262605979652754,25,11,False,1e-05,0.0026266057632546576,True,0.6912340006239028,0.2687709975831973,0.7757218122793667,0.5868203299954502,0.7295101915650772,0.07536241228638603,0.24820338874676515,0.56470484902445,0.40975324261697277,0.7202165098700383,0.6222915999061289,0.5857258866643479,0.8468261657901852,0.24084264354591148,0.027646705049442926,0.47597645645935144,517,0.002609827758782407,True,0,350,0.03984356839889109,False,"alpha_e~0,alpha_p~pi/2"
electron,gradient_local_minimum_0521,gradient,gradient,gradient,0.00051099895,4.155261251695439,2.038445793170728,0.8034103387160497,0.5693702687578673,0.0,0.0,3.141592653589793,0.0,0.5488155862785626,2.187088617190802,4.355505972740334,1.524847782085585,1.6811036256845393,0.6847856351788426,5.8259408939255675,-0.7543600015163233,1.1187390486609108,0.4003227017461603,-1.479485222290897,0.15873497875644205,0.15937213428770614,2.555698022831421,0.8532022272380358,1.8797691703820052,107.70283992169705,0.4611768984760923,0.2808038116610157,0.4611768984760923,0.2808038116610157,False,,gradient,1635002274,3.016154286814746,1.6685975679451153,0.9999999999999999,0.26699819014778403,0.0870193236340748,1.0,1.200471753938514,0.30213626759058604,-0.14392195492704196,0.43819768252207103,0.48168172480806803,0.6650026368929264,0.6653671763593352,0.6650379840309438,0.9407166720461997,0.9404840163341764,0.94074182215297,0.0026665103177462837,1.1577929315029358,0.8848176854578791,5.870614737280011e-06,6.157701576303687e-06,6.176367353616374e-06,0.07635679177231294,0.414840184661292,0.480958998125036,0.49119697643360494,0.23536050990823354,2.3732656710552473,0.9583141639718428,0.07635679177231294,0.05096592761436276,0.10591526620217949,0.10591526620217948,0.1306657391119679,0.4028877573642157,0.4028877573642158,0.05096592761436276,1635,sobol_screened,0.6056394983238652,True,True,0,CONVERGENCE: RELATIVE REDUCTION OF F <= FACTR*EPSMCH,31,2342,846,6.245550213674606,0.6056394983238652,0.005913079769463895,0.0026665103177462837,69,55,False,1e-05,0.002667072637914972,True,0.2585000041872263,0.7106105517596006,0.5951966717839241,0.5547563172876835,0.5991898262873292,0.45145052671432495,0.9393875198438764,0.6249414710327983,0.2622973225106319,0.6961719288118684,0.48537412396326823,0.6666400766195119,0.6932003052278981,0.2675559518774018,0.9600717277487542,0.5311311019391596,521,0.0026500774785634153,True,0,350,0.04790193104054837,False,"alpha_e~0,alpha_p~pi/2"
electron,gradient_local_minimum_0522,gradient,gradient,gradient,0.00051099895,5.31221221151486,2.3048236833898725,0.9615416308567861,0.4401173585412618,0.0,0.0,3.141592653589793,0.0,0.6832315404841864,1.839135894798931,1.297008973322691,2.1640871408640754,5.000420300891128,0.5514681103371288,2.687429940372807,-0.5283182066603548,2.0849087205454278,0.546007322153544,-1.2483199528839095,0.19040551655375987,0.2045135468515802,2.6133982120068318,0.8614950237179717,2.449362137464618,140.3381129758648,0.28965674591174195,0.7079511297427258,0.28965674591174195,0.7079511297427258,False,,gradient,1511002852,0.12039546644021454,1.4813404700529718,1.0,0.4814542186096297,0.08136753346760772,1.0000000000000002,1.155414654098862,0.3107728469241538,-0.1400190254224451,0.4536192660840959,0.49713337723817463,0.6656693724212658,0.6647694330257684,0.6650792543461277,0.9407666904106072,0.9409856607089635,0.9403489805223646,0.0026672024998984213,1.1578465344093343,0.8849171158817213,7.853321003836733e-06,7.885718561473354e-06,7.391522447663945e-06,0.11915170687547835,0.36006360943522164,0.47182149024459363,0.4792153163107,0.23221383208924365,2.1161594578421945,0.9691419459501893,0.11915170687547835,0.05026510772703733,0.11854653460663635,0.11854653460663636,0.18999910854656696,0.40223814908266375,0.4022381490826637,0.05026510772703733,1511,sobol_screened,0.5873300909703152,True,True,0,CONVERGENCE: RELATIVE REDUCTION OF F <= FACTR*EPSMCH,33,2887,1341,1.5179383112391391,0.5873300909703152,0.010218316551592934,0.0026672024998984213,70,56,False,1e-05,0.0026674988851315526,True,0.46968371979892254,0.4732955452054739,0.7397932708263397,0.5443329904228449,0.19323958549648523,0.9756846837699413,0.24574868846684694,0.3036349965259433,0.3286502132953051,0.5854151373499717,0.6888503315002489,0.6954872126005475,0.2064253893388505,0.7958416084238856,0.03832306721962908,0.4715253164220044,522,0.002650769660715553,True,0,350,0.05066610793774575,False,"alpha_e~0,alpha_p~pi/2"
electron,gradient_local_minimum_0529,gradient,gradient,gradient,0.00051099895,1.957506909008194,1.3991093270392398,0.38512437901925806,0.20535352146121572,0.0,0.0,3.141592653589793,0.0,0.23036643970593232,0.29660759219921085,1.1074144737788634,1.8648833905840705,3.981941147640789,2.2415239365866713,0.7432313271907499,-0.5470215183396978,0.06078476043631301,0.10953332293945467,-0.036333330632734355,0.9113140336580596,1.5975721218736392,1.3740023272477173,0.5149506561923328,2.1724861363611105,124.47428666417429,0.06300295590280244,0.07522867080464174,0.06300295590280244,0.07522867080464174,False,,gradient,761007514,0.44134955539960247,1.9853580992072213,0.9999999999999999,1910.9321965996457,0.630680542053097,0.9999999999999999,1.06558583402804,0.0840966781040654,-0.1433484089963158,0.4748630904937648,0.4869182155018579,0.6651838913929027,0.6651430191321737,0.6648507211671957,0.9406873845479635,0.9404806872533464,0.9404515949733748,0.0027960297528640578,1.157680857287659,0.8846152495999557,7.910178820069724e-06,7.832291381681955e-06,7.485151161334969e-06,0.24833325751691337,0.08899801367083186,0.33659486820816087,0.33733127118774525,0.16792923261428822,-1.0765005105476944,0.9956339477393156,0.24833325751691337,0.11041303963401851,0.32223423197802525,0.3222342319780253,0.0010576091630083821,0.3404344968342296,0.3404344968342295,0.11041303963401851,761,latin_hypercube,nan,True,False,2,ABNORMAL: ,2,7548,513,4.115349770209551,0.9827145666967735,0.8252310667450923,0.0027960297528640578,316,302,False,1e-05,0.002796189899794432,True,0.3183530870287951,0.13782542193250777,0.6734258851152914,0.6923374179441213,0.012528899102970774,0.7674531834007252,0.002257839684375475,0.2533141672543552,0.10304302900683626,0.09441312891417901,0.5936108198028571,0.5775726881461963,0.1762504875534162,0.6337456167480462,0.14048592674651408,0.6319591105927176,529,0.0027795969136811894,True,0,350,0.18957710266582056,False,"alpha_e~0,alpha_p~pi/2"
electron,gradient_local_minimum_0531,gradient,gradient,gradient,0.00051099895,6.315281701841813,2.5130224236647414,1.0814542092822799,0.7456299751085982,0.0,0.0,3.141592653589793,0.0,0.634152460260207,2.3625038402972853,0.9406957288757871,1.6842696649780111,4.607942932859677,0.4842567029073125,2.444825725106334,-0.5232951324681722,2.7749656878164153,0.5793746514939273,-2.8186150263331307,0.07065670516421116,0.05241505388697655,2.894465983409999,0.8811779591727408,1.9374041680747989,111.00508204174037,0.6081530302096259,0.586328360951235,0.6081530302096259,0.586328360951235,False,,gradient,208007520,3.062593858158811,1.4995039709402782,1.0,0.01210450681289039,0.03676300587858618,1.0,1.1694325064577655,0.3299191588866916,-0.09291932825791022,0.385416531297803,0.4160723979209692,0.6650720169948962,0.6649832581576053,0.664959094795644,0.9404934296832932,0.9404762516115114,0.9404133186309329,0.0028796828781596185,1.1576018395491539,0.8844668889167308,4.3698578798267995e-06,4.194304137172811e-06,3.878477098040456e-06,0.15720652617866376,0.29340534779288147,0.4429070644977394,0.45061187397154523,0.21760112751196678,-1.8890992989920312,0.9658029008161806,0.15720652617866376,0.03895966527539793,0.12312024183816334,0.12312024183816332,0.1682080818814674,0.4262678841902915,0.42626788419029155,0.03895966527539793,208,latin_hypercube,nan,True,True,0,CONVERGENCE: NORM OF PROJECTED GRADIENT <= PGTOL,0,7559,9,0.0,1000.0,1000.0,0.0028796828781596185,339,325,False,1e-05,0.0028798768256660615,True,0.672313887189997,0.3934688251633758,0.912126863903395,0.8406612894446681,0.9580309609248091,0.5798085701728694,0.7919411435427034,0.5200837236205486,0.38051108006469003,0.7520083285137973,0.536119685361962,0.5647290854316778,0.1497163751960149,0.7333768952499833,0.9748539024177074,0.4773069383221421,531,0.00286325003897675,True,0,350,0.037160738905670745,False,"alpha_e~0,alpha_p~pi/2"
electron,gradient_local_minimum_0532,gradient,gradient,gradient,0.00051099895,5.485410337656795,2.3420952879114023,0.983214901746296,0.44679836326682887,0.0,0.0,3.141592653589793,0.0,0.6980839858467579,1.835287914708637,5.021363240580171,2.1353657526986147,1.2401969377942335,0.625981807037575,3.56912472305503,-0.5143967150705939,2.1539230296686998,0.5487153011995426,-1.293683829282425,0.18346296072343207,0.19437531484284468,2.6513136556820163,0.8523149207105492,2.455815296992845,140.70785178135682,0.31912478578456493,0.7492443859775589,0.31912478578456493,0.7492443859775589,False,,gradient,1297004800,0.12910341481860094,1.476090724299476,1.0000000000000002,0.4389569547382608,0.08915745688181477,1.0000000000000004,1.1557067268897505,0.27870034554466006,-0.18745196601706846,0.4344811267907809,0.48672405449276374,0.6647922034758387,0.6651424551975277,0.6650248862749668,0.940407472407599,0.9403239087485233,0.9405720484095248,0.0029210059416224497,1.1575753517858132,0.8844169727487606,3.054651593115132e-06,2.2801968078689505e-06,3.1931780617999728e-06,0.12909434763287614,0.35691896935208794,0.4759451396268851,0.4860133169849641,0.2329384811344031,-2.0817658398896812,0.9585683066441967,0.12909434763287614,0.058155055667499456,0.14566117827459577,0.14566117827459577,0.17846311544936908,0.36832550474044007,0.36832550474044007,0.058155055667499456,1297,sobol_screened,0.5475335243666327,True,False,2,ABNORMAL: ,12,4829,1431,29746.30197533458,0.5475335243666327,0.42243506314467366,0.0029210059416224497,153,139,False,1e-05,0.002921262889098519,True,0.6931522311642766,0.08061704784631729,0.6935268379747868,0.6934774275869131,0.8134201541543007,0.18921605125069618,0.2309712190181017,0.31114459689706564,0.33793431229523346,0.5841902872453928,0.6797080297022605,0.6948946573009979,0.7991747807982723,0.1973834730573841,0.04109489327684758,0.46985427044871536,532,0.0029045731024395813,True,0,350,0.05385855100422592,False,"alpha_e~0,alpha_p~pi/2"
electron,gradient_local_minimum_0535,gradient,gradient,gradient,0.00051099895,3.9914868335086866,1.997870574764213,0.7787397402076781,0.561913304729714,0.0,0.0,3.141592653589793,0.0,0.34225478201086806,2.4490060906515168,5.135963359982622,1.8232819609329807,2.634151951915873,0.3993628355034932,0.8627129698816965,-0.30375031453580525,1.6822817573583007,0.6603454056592303,-1.5799086495734298,0.147438241847028,0.1440033913075246,1.7451407416226379,0.8187246573841551,1.8809346844588992,107.76961895926617,0.19994583334707122,0.2511323872396127,0.19994583334707122,0.2511323872396127,False,,gradient,410011114,0.06287347720584742,1.5591202464968361,1.0,0.1532728036044259,0.022170810652616946,1.0,1.0506796464067563,0.2927909688606926,-0.2604820608744156,0.11312442303491158,0.18939121800916164,0.6647050305577605,0.665153185960532,0.6650453356976391,0.9403527261635017,0.9402765203451429,0.9405932992799262,0.00296097183079032,1.1575482726040707,0.8843662400799719,1.7111608903719322e-06,1.8585303909190998e-06,1.69532366528502e-06,0.2932023776385347,0.0419603403140138,0.30137721022718755,0.3351627179525485,0.13379585125091328,-0.3513739497745367,0.7983934016781411,0.2932023776385347,0.09772644048864221,0.17451557343364024,0.17451557343364021,0.04990125751593087,0.4903217086138114,0.49032170861381125,0.09772644048864221,410,latin_hypercube,nan,True,True,0,CONVERGENCE: RELATIVE REDUCTION OF F <= FACTR*EPSMCH,22,11155,486,2.31971317828744,0.8682696777928808,0.279135838595512,0.00296097183079032,481,467,False,1e-05,0.002961089335753884,True,0.9336374846010702,0.5913208614274142,0.4299538520004093,0.10305342107736193,0.9279654077481657,0.5666400176110399,0.7866768886789101,0.0990119056797843,0.25219031613229903,0.7795428499786945,0.5803686734655358,0.4101411776225221,0.8174139562800937,0.4192383040025758,0.020013249373372448,0.49628338820925155,535,0.0029445389916074515,True,0,350,0.021698424580381515,False,"alpha_e~0,alpha_p~pi/2"
electron,gradient_local_minimum_0537,gradient,gradient,gradient,0.00051099895,12.120832213849054,3.4814985586452645,1.6143892812965868,1.314543543461677,0.0,0.0,3.141592653589793,0.0,0.4498861429181262,2.8792156971540086,3.470317342865063,1.83477215428846,1.0552756963859704,0.20541013383349407,5.097670533256676,0.06483039786618633,9.052404028944224,0.8680233559663519,-8.36977425735182,0.012042802681756084,0.004626227312914511,2.2561962559213757,0.9277437471440105,1.958116809580945,112.19182898261002,0.5367869443661266,0.8781018301624527,0.5367869443661266,0.8781018301624527,False,,gradient,1703012321,0.012138617695250797,1.5935337321816885,1.0,9.950594786835984e-06,0.0008850019867137362,0.9999999999999997,0.8116515132134798,0.332246132739186,-0.08251197187233479,0.12614362326896245,0.15355790682823017,0.664944479156037,0.6649340256805973,0.6648626130721942,0.9428372543937221,0.942786877503531,0.9427795193863707,0.003036870754593388,1.1570132546561755,0.8888741329797993,0.0046536694047936145,0.004653641771578287,0.004653669405404737,0.11753433562876778,0.24655255712485444,0.36032962126539236,0.3640868927536222,0.17828617488858128,1.9410254210553137,0.9793605781311531,0.11753433562876778,0.010128368385095479,0.248094314802586,0.248094314802586,0.19464989060737392,0.3878187924437917,0.38781879244379164,0.010128368385095479,1703,sobol_screened,0.613337355917642,True,True,0,CONVERGENCE: RELATIVE REDUCTION OF F <= FACTR*EPSMCH,46,12367,936,14.54762326252622,0.613337355917642,0.005576992451600082,0.003036870754593388,511,497,False,1e-05,0.003036871661276934,True,0.20016416162252426,0.8463861411437392,0.2123815631493926,0.5489332871511579,0.2843695757910609,0.1492620799690485,0.1264440082013607,0.3721438366919756,0.6217517894909055,0.916482820859676,0.5840261156047482,0.24073332562971142,0.5523181592145066,0.16795234340456935,0.003863842017003829,0.5072375409207844,537,0.0030204379154105195,True,0,350,0.004640576807540009,False,"alpha_e~0,alpha_p~pi/2"
electron,gradient_local_minimum_0538,gradient,gradient,gradient,0.00051099895,4.7422978370811775,2.1776817575305114,0.8868268845164335,0.8123930479518116,0.0,0.0,3.141592653589793,0.0,0.43119575066865434,2.6859373920269642,2.9703529764466885,0.9664980217730921,0.23715457442373464,0.2897844317649722,4.763396109483123,-0.8425520700099463,1.7560882201290808,0.5139990541095569,-2.737841353692767,0.07357924252980091,0.05541255882795155,2.5402761140791164,0.8845466403717038,1.0460699984155548,59.935395984468,0.5996676298976787,0.10879106311585122,0.5996676298976787,0.10879106311585122,False,,gradient,1881001204,0.0339425857723848,1.5914588229957334,1.0,0.007562000634294908,0.006838018435754632,1.0,0.9744258500952588,0.3277004680741683,-0.19979844970091934,0.19123642805005167,0.2567104735375361,0.6646646403155353,0.6651247751980158,0.6649592319274691,0.9403046553613951,0.9401876404015996,0.9405130332296375,0.003049733135922054,1.1574728976716295,0.8842300641323594,2.794226320879112e-06,2.934952578137473e-06,3.018967032530906e-06,0.2858462274864931,0.03961709522983753,0.28899433131646457,0.3254633227163306,0.12626266995829924,-0.2237734435174561,0.7758949236092453,0.2858462274864931,0.010909442515663274,0.11778375134579631,0.11778375134579631,0.3846619611823342,0.5567529259378731,0.5567529259378728,0.010909442515663274,1881,sobol_screened,0.630409735361775,True,True,0,CONVERGENCE: RELATIVE REDUCTION OF F <= FACTR*EPSMCH,36,1292,630,3.216574129176539,0.630409735361775,0.00343670129143364,0.003049733135922054,29,15,False,1e-05,0.0030501348500939973,True,0.3178586019203067,0.40502361766994,0.8943524984642863,0.6545608453452587,0.5888418601825833,0.39474085811525583,0.07720981258898973,0.4383933823555708,0.2969800385906445,0.8549604255528905,0.3076458753074518,0.45930977841906057,0.4727463589292147,0.037744322796392143,0.010804260613991359,0.5065770768139614,538,0.003033300296739186,True,0,350,0.010971734265421145,False,"alpha_e~0,alpha_p~pi/2"
electron,gradient_local_minimum_0540,gradient,gradient,gradient,0.00051099895,5.663950331899578,2.3799055300367655,1.0051041762697017,0.6624584391642161,0.0,0.0,3.141592653589793,0.0,0.6388222374031701,2.2666074519370434,5.237309359272721,1.6516563402024487,1.5095796637894254,0.6377163044139396,3.728878412057472,-0.5855553540999332,2.1488700617213325,0.5226293383484641,-2.2514204525823125,0.09570853663813005,0.07950868501515014,2.8426261247247506,0.8594400135814757,2.0078994796920715,115.04416587286964,0.5902207085752386,0.5389455131446069,0.5902207085752386,0.5389455131446069,False,,gradient,502007352,0.10632662994977286,1.484196502670953,0.9999999999999998,0.03973441163561542,0.0613230042448814,0.9999999999999998,1.2161414845542429,0.2807915962384013,-0.1916937225640991,0.3685218778217769,0.42234786416943154,0.665153651590645,0.6645946693858128,0.6649579874359304,0.9402771252307608,0.94053386582612,0.9401388162029066,0.0030825268961817477,1.1574520828318362,0.8841952324102941,5.617431816873353e-06,5.447486613741059e-06,5.794100521816503e-06,0.2035824496943761,0.2762886353766904,0.4678718372151848,0.4798710850710665,0.22793629467965157,-1.7309682707998468,0.9499897025297757,0.2035824496943761,0.04114123497977183,0.1511754961519724,0.1511754961519724,0.12943875071853458,0.3689534187769612,0.3689534187769611,0.04114123497977183,502,latin_hypercube,nan,True,True,0,CONVERGENCE: RELATIVE REDUCTION OF F <= FACTR*EPSMCH,14,7406,486,1.6456244114671439,0.9584946248016739,0.4925495045261976,0.0030825268961817477,312,298,False,1e-05,0.0030825730474799613,True,0.4091618850987517,0.9870799651909712,0.6788804220903958,0.6774109025571469,0.7204152280857231,0.0033286953823302534,0.22031122738939343,0.6053875033369283,0.3473525821982735,0.721483560049412,0.5257385416645777,0.6165327582414963,0.8335436730297008,0.2402570654830885,0.03384481747761823,0.4724344198395712,540,0.0030660940569988793,True,0,350,0.046737950400408006,False,"alpha_e~0,alpha_p~pi/2"
electron,gradient_local_minimum_0542,gradient,gradient,gradient,0.00051099895,12.674341943857565,3.560104204072904,1.656482081379288,0.2795365587072303,0.0,0.0,3.141592653589793,0.0,1.2681343465020947,1.870171025163958,2.6635397150465927,2.8107384262619117,5.0454230015532495,0.21913390994855667,1.203591596952884,0.05387498933300933,8.59714817047909,0.7786307215086455,-2.2398429672927396,0.09635197119084843,0.0802439785699377,3.3240636217158794,0.9361456578481552,2.9274015372016664,167.72775302176493,0.11392800586033536,3.292580607453462,0.11392800586033536,3.292580607453462,False,,gradient,1669001742,3.115815640507069,1.5943809234273734,1.0,0.012135717707056959,0.003795016429622246,1.0,1.112323820114026,0.303776838702575,-0.2971205342572068,0.33316023079701323,0.42341856740728767,0.6646977819966273,0.6649781267053914,0.6649317326531085,0.9402300679596435,0.9401972817760522,0.9403955029341623,0.0031205240066598363,1.1574033129566415,0.884115706991426,1.3530307548359488e-05,1.3578178776507688e-05,1.3583853119614187e-05,0.2976698774638714,0.10517064994473202,0.3904504056659087,0.40284052740860343,0.18903014196160697,1.0365691965513046,0.9384862202301341,0.2976698774638714,0.13421877411830324,0.19614410015225403,0.19614410015225403,0.10722220503725022,0.40101537243914254,0.4010153724391426,0.13421877411830324,1669,sobol_screened,0.6093281833324775,True,True,0,CONVERGENCE: RELATIVE REDUCTION OF F <= FACTR*EPSMCH,56,1801,1251,20.19916598242747,0.6093281833324775,0.0034483601827400884,0.0031205240066598363,24,10,False,1e-05,0.0031205685201373553,True,0.5973330922424793,0.4101450480520725,0.7509315079078078,0.4295957228168845,0.3810296328738332,0.595126491971314,0.6359677771106362,0.8200311148539186,0.6413319123075102,0.5952939261641627,0.894685828555836,0.7532860272266034,0.4239155117712436,0.8030040106867472,0.99179492189948,0.5075072102697743,542,0.003104091167476968,True,0,350,0.008682619895616315,False,"alpha_e~0,alpha_p~pi/2"
electron,gradient_local_minimum_0544,gradient,gradient,gradient,0.00051099895,6.316570100159809,2.5132787549652758,1.0816002291395503,0.7354210346778308,0.0,0.0,3.141592653589793,0.0,0.648862615268112,2.358315542553271,4.0997788426137936,1.6320466872830113,1.5679395146917614,0.584519337061151,5.638187963342895,-0.5339878510531716,2.667942197092154,0.5647204298233746,-2.7805156010827683,0.07201314513095429,0.053800733020837474,2.936261072018396,0.8689714009829247,1.961574454918731,112.38993746751825,0.6588507918309687,0.6025640898356102,0.6588507918309687,0.6025640898356102,False,,gradient,254008226,0.08933865104856582,1.648053331077706,0.9999999999999999,0.01369104648418077,0.04430123358404914,0.9999999999999999,1.1800495844161645,0.29077097183153555,-0.18577754344759706,0.33439662769575124,0.38841534454848436,0.665237348369484,0.6645154391534859,0.6648800229736879,0.9402791083322438,0.9405367167702693,0.9400263309262963,0.0031405136990288194,1.1574166637273953,0.8841276996631618,3.303027067136366e-06,3.1409778438185043e-06,3.2890119128770046e-06,0.20243944577005785,0.26227113338397384,0.45351493172822666,0.4647105791540317,0.22115964215121084,-1.7064803676470028,0.9518166879429094,0.20243944577005785,0.03695681591245836,0.16452942741182658,0.16452942741182655,0.09978373316814994,0.3707599934341419,0.37075999343414184,0.03695681591245836,254,latin_hypercube,nan,True,True,0,CONVERGENCE: RELATIVE REDUCTION OF F <= FACTR*EPSMCH,17,8295,387,1.938144292951366,0.8845792323123591,0.2421519698801497,0.0031405136990288194,356,342,False,1e-05,0.0031407744566540664,True,0.8977980805671234,0.2824410757945927,0.4587148548075973,0.641251198144939,0.5962903877667438,0.42693379772725054,0.05823419821505535,0.5551720084064613,0.3805749304194438,0.7506751519355962,0.5194965952756879,0.5789644242227465,0.6525000683855549,0.2495453242323013,0.02843737584708238,0.5245916682401617,544,0.003124080859845951,True,0,350,0.034722632758179606,False,"alpha_e~0,alpha_p~pi/2"
electron,gradient_local_minimum_0545,gradient,gradient,gradient,0.00051099895,5.2612209586826095,2.293735154433181,0.9550746484879271,0.5560344323966959,0.0,0.0,3.141592653589793,0.0,0.644012914763078,2.083873195189992,4.304252039141135,1.8273763174990056,1.756179509907257,0.6758039734804513,5.783579547404862,-0.5740255622846192,1.901878013616873,0.5116043621690337,-1.6810661487916387,0.13725422875979795,0.13051319670497374,2.695444089098158,0.8484726056043131,2.190492046694367,125.50594933256087,0.4589890855401638,0.5693950179526308,0.4589890855401638,0.5693950179526308,False,,gradient,603002788,0.1280920904518338,1.6702271556124448,1.0,0.15758258521993807,0.08751152215261475,1.0000000000000002,1.2046895572048666,0.2744190109913811,-0.1852644260192262,0.4131229647805469,0.4639630453406288,0.6644608587105615,0.6652179609439687,0.6649515795124457,0.940227249406824,0.9400386871038026,0.9405741518650977,0.0031473577738745147,1.157415424893791,0.8841263862428115,4.112206293815923e-06,3.897397367724764e-06,4.1964982001596596e-06,0.3492786771309015,0.14532195173536472,0.4831689744997586,0.4946006288662662,0.2358686600666255,-1.123696427562432,0.9537742020558627,0.3492786771309015,0.04390844315293285,0.13926002273733612,0.13926002273733612,0.0637257068855788,0.3661393483963977,0.3661393483963978,0.04390844315293285,603,latin_hypercube,nan,True,True,0,CONVERGENCE: RELATIVE REDUCTION OF F <= FACTR*EPSMCH,27,2861,396,1.7937994251583806,0.8920815601646681,0.29248905578884277,0.0031473577738745147,110,96,False,1e-05,0.003147752448511663,True,0.48699579251101843,0.6597280745634168,0.5059992173461506,0.23301891860443075,0.44236201653259566,0.29414466185813637,0.48952596081838623,0.9941259476295542,0.3258881373954594,0.6633174395823785,0.5816719476380631,0.6573206054984235,0.6850429883426817,0.27950464995844215,0.04077297873276704,0.5316498158040738,545,0.0031309249346916463,True,0,350,0.04889260803340142,False,"alpha_e~0,alpha_p~pi/2"
electron,gradient_local_minimum_0549,gradient,gradient,gradient,0.00051099895,6.514779039866788,2.552406519319912,1.1038474190046472,0.6280111134928874,0.0,0.0,3.141592653589793,0.0,0.5243540363706,2.521832141079956,2.8924521542982755,2.325408866227842,0.36373380670283983,0.25390872768623113,4.696863907334267,0.21146028921653565,3.906796528605481,0.7890390572797253,-2.639246443673056,0.0773980887881721,0.05939702814437607,1.9243822533183332,0.8786853754898172,2.390284399063347,136.95320790229403,0.1823204917395237,0.8160955342055431,0.1823204917395237,0.8160955342055431,False,,gradient,488002073,3.1048319140588343,1.5909814684608534,1.0,0.00956933648463479,0.007978003378437022,1.0,1.0352662527257563,0.32775849489311054,-0.19979524664830728,0.18798677620789428,0.25347136553614125,0.6649163550501217,0.664748548575978,0.6647642150131002,0.9402169930689416,0.9402282075320028,0.940109703620247,0.0032190200463800625,1.1573175772927402,0.8839477656322557,3.6020085932841894e-06,3.861463719945224e-06,4.160445096046406e-06,0.08078714120436391,0.26038790303570264,0.3144964930275008,0.34117504424006656,0.14390897090746751,2.244658010936008,0.8436078390669541,0.08078714120436391,0.10255718726304874,0.13588476691956555,0.13588476691956558,0.31801141335592803,0.5229401888403679,0.5229401888403676,0.10255718726304874,488,latin_hypercube,nan,True,False,2,ABNORMAL: ,50,2108,1593,7.42993757935828,0.9211771271407667,0.003311920088355985,0.0032190200463800625,29,15,False,1e-05,0.0032192829581683203,True,0.35703477138067724,0.759764153736084,0.7491557936519273,0.6584273082689736,0.5786537989297816,0.06355391281187261,0.9637107695512391,0.49640359791874705,0.39032138600078237,0.802724101801786,0.740200631539762,0.44747924753594864,0.46034805801337214,0.057890033306388936,0.9882986931838685,0.5064251301462944,549,0.003202587207197194,True,0,350,0.011832591987579239,False,"alpha_e~0,alpha_p~pi/2"
electron,gradient_local_minimum_0550,gradient,gradient,gradient,0.00051099895,3.226675833799188,1.7962950297206715,0.6532421840672582,0.2599971663791684,0.0,0.0,3.141592653589793,0.0,0.39126889940381504,1.9355352892895052,2.4458219798485037,2.544661777016177,5.099687947838144,0.26714969618713735,0.4343756407030781,-0.1688812919806908,1.1079070540646005,0.5818951455696296,-0.586697022377109,0.3676269907034543,0.4955466254225245,1.675900336075124,0.8112910241641517,2.505982130317972,143.58219960242286,0.04420119540312342,0.30480621124670865,0.04420119540312342,0.30480621124670865,False,,gradient,1382001367,0.08334513086571803,1.518605289860667,1.0,7.456213185662104,0.04031253854625503,1.0000000000000004,1.1245556155420307,0.31807907877371633,-0.25703886552898236,0.24038405875472915,0.322142744311229,0.6647535822482007,0.6651198993583699,0.6645850123867112,0.940364254346947,0.9399861147397957,0.9402451674437945,0.003222679884730942,1.157331961959272,0.8839731675466866,3.1252191862174428e-06,3.332102755826405e-06,3.2556898759139585e-06,0.20864629869584028,0.18633562261672482,0.3783070288729288,0.3949819213125651,0.18081606821664623,-1.5090627271785744,0.9155663004310478,0.20864629869584028,0.05096289958135816,0.15278940353409015,0.15278940353409015,0.2575044067312004,0.45222867515334486,0.45222867515334464,0.05096289958135816,1382,sobol_screened,0.5655676221670886,True,False,2,ABNORMAL: ,35,1390,954,7.183402826976032,0.5655676221670886,0.003243626308866352,0.003222679884730942,20,6,False,1e-05,0.0032254730166006215,True,0.264731602743268,0.5248249284923077,0.9135183291509748,0.4975607832893729,0.410524383187294,0.7727599823847413,0.03654663451015949,0.44697304256260395,0.2019792415039522,0.6161000176384528,0.8099910006182618,0.5781156060315022,0.3892646580156954,0.8116405451246044,0.026529579119839844,0.4833870769736514,550,0.0032062470455480737,True,0,350,0.034009855518728885,False,"alpha_e~0,alpha_p~pi/2"
electron,gradient_local_minimum_0553,gradient,gradient,gradient,0.00051099895,4.949131673278729,2.224664395651337,0.9145845340080873,0.5973403366037924,0.0,0.0,3.141592653589793,0.0,0.6087807407118894,2.177856774897427,4.2824195014195885,1.6485571617039914,1.6969144517748487,0.6916518071000817,5.775718538825605,-0.6511539055619819,1.6313979645462178,0.4716423135984618,-1.7773659203307193,0.1285213245812022,0.11923477460040394,2.7074189000791713,0.8500193066457222,2.02227572002171,115.86786376902369,0.5135293664725322,0.4405453885802997,0.5135293664725322,0.4405453885802997,False,,gradient,1267002721,0.12406100076475478,1.6683568816239207,1.0,0.12345326965502389,0.08262266767406869,1.0000000000000002,1.227687267660623,0.2776682224528133,-0.18357967280037066,0.40494870103599345,0.45592294246094145,0.6651617122536616,0.6644337522625913,0.6648337714784278,0.9401686771705763,0.940451404363825,0.9399369645013412,0.0032573454364281823,1.1573176299662191,0.8839489838974842,4.826938701851802e-06,4.796823437458464e-06,5.342392018659048e-06,0.35943907373968653,0.13379476946451477,0.48149642750231436,0.49323384320420127,0.23487950590021375,-1.0697533742698375,0.9524062841039578,0.35943907373968653,0.038407376178516105,0.13621885442042603,0.13621885442042603,0.08181033501874618,0.3705473023753727,0.3705473023753727,0.038407376178516105,1267,sobol_screened,0.5384905818806702,True,True,0,CONVERGENCE: RELATIVE REDUCTION OF F <= FACTR*EPSMCH,15,2769,792,57490.85617143368,0.5384905818806702,0.16408071614277606,0.0032573454364281823,89,75,False,1e-05,0.0032583534847662647,True,0.23756626155227423,0.15529494360089302,0.7893412271514535,0.6353463269770145,0.4980366351082921,0.29628325160592794,0.3301199432462454,0.7576124630868435,0.3086830889205435,0.6932333421421973,0.5247520425094705,0.6482040614522646,0.6815682320440574,0.2700723230040408,0.03948984303327626,0.5310544891036542,553,0.003240912597245314,True,0,350,0.04749449151930939,False,"alpha_e~0,alpha_p~pi/2"
electron,gradient_local_minimum_0563,gradient,gradient,gradient,0.00051099895,4.183146314808008,2.0452741417247733,0.807545024698334,0.5948021489496711,0.0,0.0,3.141592653589793,0.0,0.5436030632741939,2.238055604457471,1.9610671422877939,1.4653298625889304,4.650108179616702,0.6516632941633451,0.4702058177411796,-0.7676658245764744,1.1335335242736466,0.3994815539772696,-1.5842696536672614,0.14697587107883375,0.1433834094216006,2.583822027857104,0.8589924584591703,1.7951761602416603,102.85601746434791,0.48519633944433377,0.25982827474762976,0.48519633944433377,0.25982827474762976,False,,gradient,2041003950,3.026100706444338,1.662247908086102,0.9999999999999999,0.194671597659154,0.07536887938074618,0.9999999999999998,1.2073034186450309,0.3138391423868013,-0.13152906275100323,0.4322810614739237,0.47356002972663835,0.6649750593740347,0.664650168575792,0.6645588983504751,0.9401905832044395,0.9401260158817973,0.9398962168123401,0.003372015281360346,1.1571984039117493,0.8837333217909207,6.656568974472421e-06,6.566771483473843e-06,6.522413523724069e-06,0.08945275860683174,0.39272500894276086,0.47238152763892993,0.4821777675495926,0.23129264386413362,-2.285777085322867,0.9593666876826497,0.08945275860683174,0.04994337092933277,0.10290884983417649,0.10290884983417647,0.14237943971847028,0.414913382616231,0.41491338261623095,0.04994337092933277,2041,sobol_screened,0.6460539657888682,True,True,0,CONVERGENCE: RELATIVE REDUCTION OF F <= FACTR*EPSMCH,42,3988,1170,4.902071116300359,0.6460539657888682,0.004114283131625796,0.003372015281360346,126,112,False,1e-05,0.003372034548216894,True,0.5170124638825655,0.6273745289072394,0.11937085725367069,0.3783045345917344,0.4917173758149147,0.5224598776549101,0.7196506597101688,0.7402593558654189,0.26399821692598113,0.7123952247278524,0.46642898178239206,0.6561591068235525,0.31211352943019965,0.7400877026980532,0.9632377714489859,0.5291099424321313,563,0.0033555824421774775,True,0,350,0.04414634569853689,False,"alpha_e~0,alpha_p~pi/2"
electron,gradient_local_minimum_0564,gradient,gradient,gradient,0.00051099895,2.5916372366823097,1.6098562782690602,0.5316601022847166,0.5178065904493607,0.0,0.0,3.141592653589793,0.0,0.3296939477746166,2.6836805503600947,4.378532648558086,0.6411738771831533,1.471106526663855,0.2860775403293378,0.3473040678534081,-0.9760379197687017,0.4348718478561658,0.2949052698796211,-1.0446109824469665,0.22725790972202495,0.2603466969589983,1.919587536377823,0.8614449324688501,0.5702163831046828,32.67099216111318,0.31575767083825246,0.010888103542855257,0.31575767083825246,0.010888103542855257,False,,gradient,224002063,0.03717721382480728,1.5641296872669317,1.0,0.726635852593196,0.007823849379710748,1.0,1.0626975666232468,0.2940566281516704,-0.26208938678920907,0.26878747567571365,0.3458565970292874,0.6651200282494708,0.6642708396044905,0.6648347529821138,0.9400236087259617,0.9404221284601615,0.9398218712367089,0.0033893930803395064,1.15721892393022,0.8837675226023466,3.98463474826638e-06,3.878946175372988e-06,4.152533225942889e-06,0.11049071462659243,0.2332652268963442,0.2752908018515376,0.34375594152293665,0.10341283109006925,-2.2063380261242216,0.6016642541910461,0.11049071462659243,0.03795836610695226,0.06605926665937258,0.06605926665937258,0.30872627957543164,0.5901847918176908,0.5901847918176911,0.03795836610695226,224,latin_hypercube,nan,True,True,0,CONVERGENCE: RELATIVE REDUCTION OF F <= FACTR*EPSMCH,55,2126,1179,2.2845143861775385,0.8211638829121439,0.004083029032488071,0.0033893930803395064,42,28,False,1e-05,0.0033895869582336925,True,0.5732294337460438,0.6310190955301738,0.3515721106687335,0.37299199050123644,0.8562359061833194,0.511621352205641,0.07448786796706888,0.7421611862607617,0.15553863750741787,0.8542420505387744,0.20409198387018931,0.6004943596303123,0.6968651145072681,0.23413387553330167,0.011833874701204854,0.49787794273062513,564,0.003372960241156638,True,0,350,0.013643209989089442,False,"alpha_e~0,alpha_p~pi/2"
electron,gradient_local_minimum_0565,gradient,gradient,gradient,0.00051099895,8.39726936662694,2.8978042319361292,1.2970898726586986,0.4240319067231504,0.0,0.0,3.141592653589793,0.0,0.885956521522338,2.050830360014389,4.016722471241895,2.5518849531698855,1.5564208830674588,0.32141665492084537,5.566253597160265,0.0006624625355343139,4.966814605034434,0.7314563172807745,-2.043832829328312,0.10830946120788994,0.09424120786636768,2.703338655672775,0.9032759442768317,2.6953226184128773,154.43061046120795,0.19409034168793315,1.6555812295415162,0.19409034168793315,1.6555812295415162,False,,gradient,10001702,0.053602818651060646,1.6139031567004811,0.9999999999999999,0.0376343819198876,0.017167495460309618,0.9999999999999998,1.0095347468079323,0.33392261715136773,-0.15976356629299274,0.3862943240880431,0.4396429922700353,0.6650089734578137,0.6645804800060889,0.6645643871572444,0.9401636039353736,0.940152454639741,0.9398493749618401,0.0033940684573511197,1.1571840060766323,0.8837036111594988,3.45298021114937e-06,3.878508031018857e-06,3.808533354021648e-06,0.040030994679167126,0.3925860864249483,0.4229004267305664,0.43261708110411545,0.20659188617850865,-2.5930102280740677,0.9550796545122516,0.040030994679167126,0.04768271026028993,0.1348145798492031,0.1348145798492031,0.09074352273422487,0.43256833904668157,0.4325683390466818,0.04768271026028993,10,latin_hypercube,nan,True,False,2,ABNORMAL: ,52,1761,1251,1.3135472797399248,1.065477010719071,0.0034582614324299766,0.0033940684573511197,25,11,False,1e-05,0.0033942815860683252,True,0.5828688905192094,0.8544917358010743,0.6783233950430565,0.3085274194266487,0.8022289036906007,0.5616367663327773,0.4165190400689111,0.5692260446662804,0.47635756822163194,0.6527995784784426,0.8122902089976343,0.6664440025805515,0.6392812363264411,0.24771207707163892,0.017062307103949487,0.5137213301209906,565,0.0033776356181682513,True,0,350,0.0193156973272999,False,"alpha_e~0,alpha_p~pi/2"
electron,gradient_local_minimum_0600,gradient,gradient,gradient,0.00051099895,6.0202934220177555,2.4536286234916957,1.047519788099703,0.6515354747301518,0.0,0.0,3.141592653589793,0.0,0.6560420155455758,2.2364093748870513,1.0320081124321363,1.7754416595046891,4.802281220620108,0.6142878519770367,2.584064932678199,-0.49738423494708117,2.495567663977721,0.5647015050496182,-2.2950235296893777,0.09334318967849646,0.07682087533566098,2.8035449968317545,0.8597047694636877,2.1018526652809086,120.42728687891936,0.5475609019957309,0.6478329691399082,0.5475609019957309,0.6478329691399082,False,,gradient,64003212,3.0377976330644985,1.4839388433182998,1.0,0.037424671554547234,0.05951668905197317,1.0000000000000002,1.187533213085955,0.2917004936498021,-0.17641635404942294,0.3667679593720995,0.41822869693621445,0.6639579444704664,0.6645768445916368,0.6643772711164673,0.9394172938531493,0.939276103709822,0.9397139088164486,0.004116535464045265,1.1565820165935274,0.8826020939770925,2.317597550816064e-06,2.2885986934451097e-06,2.689679548251167e-06,0.25076913077213137,0.22355261841881033,0.4638170432501729,0.4743217491909417,0.22665616865470203,-1.5107209925330318,0.9557064125409097,0.25076913077213137,0.0397086726221148,0.15612234119210333,0.15612234119210333,0.1741684715926345,0.36955590961695506,0.3695559096169551,0.0397086726221148,64,latin_hypercube,nan,True,True,0,CONVERGENCE: NORM OF PROJECTED GRADIENT <= PGTOL,0,3246,9,0.0,1000.0,1000.0,0.004116535464045265,145,131,False,1e-05,0.004116771880411168,True,0.533028722113718,0.7628738256929368,0.7440997649510283,0.7593691624145843,0.9775848752540206,0.6871955139315518,0.8953163561522447,0.23285902701288108,0.36571649507519766,0.7118712135806597,0.565140632562898,0.6067354467985847,0.16424919240451097,0.7643067943790709,0.9669610188301492,0.472352404320354,600,0.004100102624862397,True,0,350,0.046215068411950784,False,"alpha_e~0,alpha_p~pi/2"
electron,gradient_local_minimum_0602,gradient,gradient,gradient,0.00051099895,11.812259882815955,3.436896839129152,1.5904486068944814,0.4713787928855112,0.0,0.0,3.141592653589793,0.0,1.0398139717017905,2.429545946423814,2.7038516721205994,2.7562738210585227,5.093866721809174,0.2000937491792389,1.0491062703723955,0.5220979043738004,8.485744368499276,0.8354502316327757,-3.2521382865424604,0.05757207002061825,0.03958135337818827,2.5511910382683345,0.929080247059969,2.838578699163791,162.6385792778206,0.12125679251188948,2.7380598334901887,0.12125679251188948,2.7380598334901887,False,,gradient,113002622,0.02241673339770722,1.5991902399166844,1.0,0.0023981341828651893,0.0030738604209012174,0.9999999999999998,1.0826306535044041,0.3420330427189784,-0.17249697533993005,0.33697384242351847,0.3959735077588553,0.66456596894315,0.6638649494714461,0.664407169825587,0.9393440399962801,0.9397270538639528,0.9392314406534261,0.004167478391357399,1.156546226242808,0.882536440089873,2.6272624595313765e-06,2.1213708302214584e-06,2.1406595381301408e-06,0.075943873851827,0.3250027401567235,0.3834645790584219,0.4009466140085505,0.18299127205414664,-2.3192699893350013,0.9127961961052711,0.075943873851827,0.01728099594885068,0.11837680231858569,0.11837680231858569,0.19196521432074432,0.48067658367286387,0.48067658367286387,0.01728099594885068,113,latin_hypercube,nan,True,True,0,CONVERGENCE: RELATIVE REDUCTION OF F <= FACTR*EPSMCH,67,2682,1899,6.145030488046916,1.068855638080127,0.004406811298273315,0.004167478391357399,36,22,False,1e-05,0.004168422589252432,True,0.8972147028317674,0.858178558907207,0.06253821509623636,0.15949904718394606,0.23862521356073857,0.6724491181354556,0.21874564678701397,0.5090143663450827,0.6106418095243754,0.7733484936844542,0.8773492062725002,0.6356258496759152,0.4303313590052801,0.8107140682272387,0.007135467856436564,0.5090380632541087,602,0.004151045552174531,True,0,350,0.008367657378110193,False,"alpha_e~0,alpha_p~pi/2"
electron,gradient_local_minimum_0612,gradient,gradient,gradient,0.00051099895,2.537012159074098,1.5928001001613787,0.5202057748841897,0.2744750546238573,0.0,0.0,3.141592653589793,0.0,0.28510012728701145,2.060781169330239,2.438298875541549,2.272675566566223,5.13161209878445,0.32333086670878874,0.4140745716510061,-0.30335512639192785,0.6696230608604052,0.5254518727112781,-0.4712674177174179,0.4264603397267455,0.6010995864005638,1.4845965682628073,0.7690081558401362,2.2280544097136556,127.6581142021044,0.052553405595322775,0.15173122716686555,0.052553405595322775,0.15173122716686555,False,,gradient,1180001420,0.1121076015466669,1.486805036301329,0.9999999999999999,18.03323988721279,0.07137449278976751,0.9999999999999999,1.1137711022680792,0.3121081468837853,-0.24803675992963736,0.21914376605497576,0.2965580595556732,0.6638802842951458,0.6649783644542403,0.663808317947603,0.9396486361889722,0.9388208390659721,0.9395977685425091,0.004334102961464874,1.1564632015598921,0.8823887908501501,6.302423755433217e-06,6.053012306439509e-06,6.258481400067684e-06,0.22934288130845057,0.16834756447296376,0.3789636212097828,0.3976904457814143,0.1801183983190756,-1.4006565977216754,0.9058221047536831,0.22934288130845057,0.0429362728294492,0.13580445145371445,0.13580445145371442,0.27139009298344696,0.4665051027648714,0.4665051027648715,0.0429362728294492,1180,sobol_screened,0.510574893140083,True,True,0,CONVERGENCE: RELATIVE REDUCTION OF F <= FACTR*EPSMCH,31,1484,891,6.095740612540115,0.510574893140083,0.004408211719069942,0.004334102961464874,26,12,False,1e-05,0.004335196456163741,True,0.1611911477521062,0.48181269504129887,0.8614495890215039,0.4333112230524421,0.5368293523788452,0.8228387432172894,0.07182018272578716,0.40735928900539875,0.15129006146286753,0.6559670194592074,0.7234151009263764,0.5246002652775497,0.38806731877784767,0.8167214315517207,0.0356849578886573,0.4732647418825628,612,0.004317670122282006,True,0,350,0.04753464527262429,False,"alpha_e~0,alpha_p~pi/2"
electron,gradient_local_minimum_0616,gradient,gradient,gradient,0.00051099895,2.300981711521003,1.5168987149842943,0.468435075142943,0.34981942466665994,0.0,0.0,3.141592653589793,0.0,0.21984176654877519,2.298147759818359,5.666047946496081,1.720904524865344,2.001498769303913,0.457835532744958,3.5034317826080676,-0.5403986625320344,0.5259751513614922,0.5012798146971482,-0.5574717106237421,0.38118775889247736,0.5195972234995097,1.4031334229147807,0.7383272983061192,1.6750567253096966,95.97368080525008,0.08758126135239863,0.07183298172123079,0.08758126135239863,0.07183298172123079,False,,gradient,1944001095,0.11297564924165109,1.6402243622054073,1.0000000000000002,11.797808139926133,0.0657568645881522,1.0000000000000002,1.055470525888519,0.245824377279728,-0.27866269873310545,0.1582729777806054,0.2267750621677595,0.6641706087304773,0.6637014061439916,0.6642857681546865,0.9389486957225452,0.9393620081429145,0.9390303239719039,0.004548818848063477,1.1562167710154216,0.8819344004989537,2.4991801443885464e-06,2.803068014201049e-06,2.811048404993688e-06,0.17345702746069763,0.20064071971258363,0.3382677530156282,0.37409774717328126,0.1512188794289876,1.6607997305681916,0.8084458170176756,0.17345702746069763,0.03666189313474323,0.1543851398856207,0.15438513988562072,0.021514779956200287,0.47151711294109794,0.47151711294109794,0.03666189313474323,1944,sobol_screened,0.6374376648328826,True,True,0,CONVERGENCE: RELATIVE REDUCTION OF F <= FACTR*EPSMCH,31,1158,630,2.2543339196555388,0.6374376648328826,0.0046112056509168605,0.004548818848063477,23,9,False,1e-05,0.004549423510579628,True,0.17325709015130997,0.6960253631696105,0.5043530650436878,0.24966366216540337,0.960842507891357,0.30707994755357504,0.050367770716547966,0.6056031966581941,0.13238355117810918,0.7315231518613153,0.5477809234430581,0.4417138891465539,0.9017795384805343,0.3185484227270628,0.035961266051649815,0.5220996300494839,616,0.004532386008880608,True,0,350,0.039963679312957426,False,"alpha_e~0,alpha_p~pi/2"
electron,gradient_local_minimum_0620,gradient,gradient,gradient,0.00051099895,6.0834562323034715,2.4664663452606588,1.0548718600763172,0.7004849942368064,0.0,0.0,3.141592653589793,0.0,0.6451024317282719,2.309348935856012,4.134750505814049,1.6655281299084594,1.6143177510181672,0.6119312353212147,5.694100024668094,-0.5349426081477607,2.496396385914497,0.5559537057048228,-2.5403122152072704,0.08153556418990493,0.06379862182657633,2.8737430474968777,0.8629189605753925,1.999338907135008,114.5536811951344,0.6161318280026281,0.5941739133560561,0.6161318280026281,0.5941739133560561,False,,gradient,91010053,0.0972720124394251,1.6537054911351963,0.9999999999999999,0.022551113172564613,0.05231172567220803,1.0,1.1923754063857424,0.2902031103054967,-0.1852121949255151,0.3461970633042599,0.39994621833815236,0.663959415728554,0.6640125443319668,0.6640143396004944,0.9390220354777886,0.9390233939342643,0.9390609913408005,0.004626922505879503,1.1561331994293351,0.8817876196719872,7.618348034310607e-06,7.785426140993756e-06,7.84323267410958e-06,0.23351653015091897,0.23629518530726298,0.4588242271405233,0.46981171545818196,0.22391836941143228,-1.5770009829657894,0.9532259926428476,0.23351653015091897,0.041588325797924736,0.16350611711019095,0.16350611711019095,0.09164956600397928,0.3666821674316273,0.36668216743162724,0.041588325797924736,91,latin_hypercube,nan,True,True,0,CONVERGENCE: NORM OF PROJECTED GRADIENT <= PGTOL,0,10121,9,0.0,1000.0,1000.0,0.004626922505879503,456,442,False,1e-05,0.004627245997681588,True,0.8748645796844988,0.6164447071653517,0.46923690487208936,0.8344979009826183,0.5498466161547264,0.5365879135187235,0.033596145269603354,0.7926990581746746,0.3689142828111064,0.7350885969309854,0.5301540694670634,0.5912200430084678,0.6580659814520204,0.25692664979553287,0.030962643208461673,0.526390806664754,620,0.004610489666696634,True,0,350,0.037823169153284,False,"alpha_e~0,alpha_p~pi/2"
electron,gradient_local_minimum_0636,gradient,gradient,gradient,0.00051099895,3.4322660151075164,1.852637583313994,0.6888615444691519,0.6354852650678589,0.0,0.0,3.141592653589793,0.0,0.34639990208016125,2.616559946746405,5.823725874153074,0.9437698273615169,3.130965779233216,0.3797835321808256,1.6069899856507377,-0.8734011963854642,0.9917989282276819,0.45889694965045225,-1.635020922357026,0.141752379284625,0.13642777702563322,2.0493122778044084,0.846751600771147,0.9776391400552927,56.01459661196746,0.37863033561349324,0.0570193385487939,0.37863033561349324,0.0570193385487939,False,,gradient,561008058,3.0945864773203664,1.5600065142352264,1.0,0.11410233202687839,0.012419897880240284,1.0000000000000002,1.1612886449796056,0.291609832942012,-0.2704442364215724,0.1581923206009172,0.23705651920394194,0.6637819364733221,0.6636434885864418,0.6638188417822687,0.9386326442619329,0.9387566444252928,0.9386587091942492,0.005056815259166737,1.1557749895441964,0.8811251388254079,2.101742692217634e-06,2.1235592096990885e-06,2.0376978786540434e-06,0.2327592472522127,0.09512916870868078,0.2756446277941347,0.32788841596089346,0.11170041981368796,-0.9070553898406996,0.6813319066874887,0.2327592472522127,0.06124227577924743,0.13354425794334585,0.13354425794334585,0.02651621571530703,0.5385673260957609,0.5385673260957612,0.06124227577924743,561,latin_hypercube,nan,True,True,0,CONVERGENCE: RELATIVE REDUCTION OF F <= FACTR*EPSMCH,23,8086,432,6.173793177033228,0.9184091735536414,0.2168260504098382,0.005056815259166737,342,328,False,1e-05,0.005057052872757118,True,0.9033024931320623,0.8855916776351083,0.2315985165974872,0.2737781935034255,0.9855753566342254,0.49969296728489637,0.7057535060655952,0.8494100743972631,0.21601378206597754,0.8328768988419135,0.30041126633114024,0.47689252930754067,0.926874760083631,0.49830868041653426,0.9850374693817435,0.49656549599218697,636,0.005040382419983868,True,0,350,0.017015228532760555,False,"alpha_e~0,alpha_p~pi/2"
electron,gradient_local_minimum_0640,gradient,gradient,gradient,0.00051099895,20.736625216138343,4.553748479674557,2.180267643295193,2.037227596570318,0.0,0.0,3.141592653589793,0.0,1.8078734177721034,0.002164461722024936,2.719270274700023,2.905794709396529,0.02002425508738239,2.159562007957783,3.1661285381116766,-0.9727829473936322,0.9754564523243618,0.06002639067432857,-0.0034031249578748736,0.990625314621185,1.7730849064724938,16.1548474098498,0.8183833975399308,1.217826482617,69.77631763321621,0.10907245901548102,0.5950991226987317,0.10907245901548102,0.5950991226987317,False,,gradient,293005830,2.9280679757006403,1.2338867176159833,0.9999999999999999,14646.676909575808,0.19876568110911394,0.9999999999999998,1.1182231977246433,0.14894132853479436,-0.2894108973749443,0.496689129711381,0.5397943732588523,0.6618523592260316,0.6658554755823157,0.6648084390932565,0.9388488805948397,0.9381065727639089,0.9409351280388588,0.00522384885145676,1.1563916568259351,0.8822742869590344,2.516081816783533e-05,2.5135760171046684e-05,2.51401249397043e-05,0.048519349969676606,0.18796889067967382,0.22354180436434032,0.23648824064935042,0.10529768403966511,2.2945047272670576,0.8905109509930665,0.048519349969676606,0.23678994670359033,0.5088782160169129,0.508878216016913,0.09123351014111866,0.2546335433337368,0.25463354333373683,0.23678994670359033,293,latin_hypercube,nan,True,True,0,CONVERGENCE: RELATIVE REDUCTION OF F <= FACTR*EPSMCH,30,5864,1215,65410.37463568449,0.9352316595195519,0.32789424056035166,0.00522384885145676,208,194,False,1e-05,0.005224332346926456,True,0.8839248299727929,0.03363360903241036,0.8953429836069802,0.782938575486106,0.3361613114889598,0.17751959200238998,0.6072108249833231,0.4448898151650829,0.8888418315563326,0.0006889695643869289,0.9249431832214703,0.8202513507962671,0.43278530582136476,0.0031869591788899402,0.9320329840836732,0.3927583406480347,640,0.005207416012273891,True,0,350,0.13093185434730686,False,"alpha_e~0,alpha_p~pi/2"
electron,gradient_local_minimum_0645,gradient,gradient,gradient,0.00051099895,6.866803634395834,2.6204586687058877,1.1423494993500805,0.2996990155248508,0.0,0.0,3.141592653589793,0.0,0.7619973571296556,2.0894225453934054,2.5875381880378616,2.781333086302559,0.00031133806026939324,0.16667132513192415,4.380228264370794,0.20355795008001393,3.9648312100757765,0.7379782208723608,-1.490752258961967,0.15740245904988254,0.15753855105281533,2.2875713532229707,0.8973768199063333,2.79911368657486,160.3774006180442,0.05587942785374089,1.2929189034103956,0.05587942785374089,1.2929189034103956,False,,gradient,316001928,0.032217104251625,1.5817107233699563,0.9999999999999999,0.11479558876604738,0.006310751021593608,0.9999999999999998,1.1551805403499373,0.3340360771310415,-0.24826112264039643,0.26745610501453165,0.3503842765254781,0.6637126203939687,0.6636536267528883,0.6633389963380741,0.938593331289988,0.9383706102629812,0.9383289240989765,0.005373843012133547,1.1555141715251724,0.8806526172879693,6.86276954675602e-06,6.335672287860472e-06,6.409435677368069e-06,0.13134640000091988,0.24755327085084086,0.36127781773486534,0.37889967085176074,0.171827982308985,-1.9157455103585088,0.906984067432512,0.13134640000091988,0.01047855734763056,0.13828378350285134,0.1382837835028513,0.35856450990616684,0.4828165456453881,0.48281654564538795,0.01047855734763056,316,latin_hypercube,nan,True,False,2,ABNORMAL: ,68,1987,1728,15.029900083929213,1.0236938090718253,0.0053746917254783935,0.005373843012133547,15,1,False,1e-05,0.0053743757499214295,True,0.42456371949643523,0.568732663568424,0.7150089616715248,0.4641483150458117,0.19580280169239853,0.16212917179731945,0.07842470695909097,0.10881076263403568,0.40727270591759346,0.6650838526140211,0.8853258181401789,0.649633101017839,0.4118194930652719,4.9550991264516364e-05,0.010255022787506073,0.503474160331572,645,0.005357410172950679,True,0,350,0.010324208850261606,False,"alpha_e~0,alpha_p~pi/2"
electron,gradient_local_minimum_0647,gradient,gradient,gradient,0.00051099895,4.886298679291565,2.2104973827832426,0.9062336681981862,0.5163035319700968,0.0,0.0,3.141592653589793,0.0,0.6348412698510986,2.0158897710064445,1.22956618513217,1.8061227727824805,4.953833585504165,0.7475422032991924,2.6557269605082947,-0.632483697468559,1.5863789204400494,0.4720724910466775,-1.436174311740693,0.1640202714772616,0.1667012896215437,2.6539212606069245,0.8387606173192236,2.227529039086046,127.62801268246223,0.4411740308364013,0.5162763351859186,0.4411740308364013,0.5162763351859186,False,,gradient,1204004820,0.14689535771034726,1.4630299648481586,0.9999999999999999,0.31057941448419235,0.10915907469069708,0.9999999999999998,1.2170685553267904,0.24305483552295354,-0.2212867608339614,0.42643529118139556,0.4802201084393012,0.6627771337537706,0.664151391076919,0.6638916774864285,0.9382836733900068,0.9380998614071342,0.9390712555293151,0.005399596514862992,1.1555702068163727,0.8807534312878537,5.652453974991367e-06,5.661509476950766e-06,5.593256253655365e-06,0.10342307605950113,0.40732392532403955,0.49645827674288834,0.5107470013835407,0.241084776051118,2.252707532000775,0.9440477394798356,0.10342307605950113,0.04764596352509587,0.14023899841388332,0.14023899841388332,0.14773446832514547,0.3490140002025761,0.3490140002025762,0.04764596352509587,1204,sobol_screened,0.5243209963085872,True,False,2,ABNORMAL: ,7,4860,792,1.2827705647370702,0.5243209963085872,0.30409443021061827,0.005399596514862992,184,170,False,1e-05,0.005400236374314094,True,0.22531421948224306,0.4552333578467369,0.5453214049339294,0.4096233109012246,0.06078400555998087,0.7345415111631155,0.1907435180619359,0.3471495667472482,0.3051541839622213,0.6416776435681292,0.5749067342383438,0.6849425798855046,0.19569153622242935,0.7884271023876352,0.04675824459370785,0.46569690159429267,647,0.005383163675680124,True,0,350,0.060868977077184194,False,"alpha_e~0,alpha_p~pi/2"
electron,gradient_local_minimum_0652,gradient,gradient,gradient,0.00051099895,4.834727661673784,2.198801414788017,0.8993270737803978,0.5541925338694095,0.0,0.0,3.141592653589793,0.0,0.6042629079951836,2.085353791020395,4.327968664856453,1.760214100882403,1.7654650800548155,0.6992833195494349,5.854859506388684,-0.6228869999113713,1.6036365378965425,0.4804921836752389,-1.5623974087554058,0.14931792204856514,0.1465314485361518,2.613694714508855,0.8438901768729775,2.109403845998521,120.85993766437912,0.44110921517906,0.4617287797495757,0.44110921517906,0.4617287797495757,False,,gradient,779003229,0.1332081177386608,1.67650309394763,1.0,0.231193186112683,0.09628427723597086,1.0,1.220344661106921,0.28945370406242926,-0.16179393554727214,0.4230943097084636,0.4699261636474595,0.663346745524419,0.6636432003323584,0.6634114400938755,0.9383269567804597,0.938163272200473,0.9383731106623165,0.005546145067129402,1.1553674499239592,0.8803839335576119,6.275675665856628e-06,6.681660630836195e-06,7.058619267641397e-06,0.3823441087396058,0.11192335994280092,0.48448869510932124,0.49426746868240673,0.23735496076811785,-0.9647106371703094,0.9604312474816388,0.3823441087396058,0.046192965506294086,0.13413438130271277,0.13413438130271277,0.0690343598580174,0.3715981500148805,0.37159815001488056,0.046192965506294086,779,latin_hypercube,nan,True,False,2,ABNORMAL: ,24,3268,1629,48459.58385486188,0.9191529792890833,0.2616159287657115,0.005546145067129402,75,61,False,1e-05,0.005546306738524653,True,0.35903581122015404,0.08590440280960356,0.9491278151307238,0.6938345528561004,0.4737023895947595,0.14716050113182294,0.16058317167410024,0.9427111336105981,0.30224079919755564,0.6637887278726383,0.5602935501109811,0.6548096331959907,0.688817606558735,0.28098249434685263,0.042401460796150106,0.533647509021243,652,0.005529712227946533,True,0,350,0.051358847350288166,False,"alpha_e~0,alpha_p~pi/2"
electron,gradient_local_minimum_0660,gradient,gradient,gradient,0.00051099895,5.8021926209971895,2.4087740909012596,1.0217538218139608,0.5655137993688191,0.0,0.0,3.141592653589793,0.0,0.5083879005710844,2.436626418327072,2.653767864071857,2.3260142612883135,0.06939676458184664,0.25440386488719274,4.485565231338846,0.12160521717424766,3.2375048703294396,0.7562070443859611,-2.1588452960919495,0.10103986167847272,0.08565741173102769,1.9235804832978445,0.8697558646040311,2.3701073587530503,135.79714864944867,0.16339357425483308,0.7027233613737492,0.16339357425483308,0.7027233613737492,False,,gradient,1452002585,0.0442933539519839,1.5886792100405511,1.0,0.02867353133225105,0.011641270979742508,1.0,1.104221989938099,0.32613290038407466,-0.18122572783522176,0.21651582261465277,0.2756194948577686,0.6633179027587464,0.6633174735609961,0.6632570070900459,0.9380755405332589,0.9380329530821049,0.9380324843649177,0.005835845491315026,1.155122008575792,0.8799321592160402,5.008895161418003e-06,5.323493627529263e-06,5.013538431686282e-06,0.15643509273540168,0.19423325091347177,0.32643114900586234,0.35066834364887345,0.15109697718142565,-1.6962039181599746,0.861765710638084,0.15643509273540168,0.016928285603324295,0.12596861748005656,0.12596861748005656,0.37504990492709506,0.5233630388710699,0.5233630388710702,0.016928285603324295,1452,sobol_screened,0.5785457746852801,True,False,2,ABNORMAL: ,37,2649,1215,7.358160857907725,0.5785457746852801,0.006184053980622726,0.005835845491315026,69,55,False,1e-05,0.005836297088710038,True,0.4131173063069582,0.1545708943158388,0.7025908902287483,0.5497400164604187,0.3187217563390732,0.08510228432714939,0.319287383928895,0.20102974958717823,0.3545435411197388,0.7756022778901078,0.740393334772557,0.47122248871525857,0.42236027338545706,0.01104483811778546,0.014099012455154351,0.5056922985305623,660,0.005819412652132158,True,0,350,0.014136215568226813,False,"alpha_e~0,alpha_p~pi/2"
electron,gradient_local_minimum_0661,gradient,gradient,gradient,0.00051099895,7.168000480689258,2.677312174679908,1.1743412303514615,0.5067603368357066,0.0,0.0,3.141592653589793,0.0,0.6437866843226981,2.462632081590185,3.396780801953346,2.610443623271858,5.955270588530918,0.1927994536501376,1.5750386174718376,0.40547853249983695,4.502073949143791,0.8024753121125844,-2.37131968229092,0.08940980676420965,0.0724092432437332,1.988003638344027,0.8921905550037458,2.6422501732204973,151.3897833432452,0.1041609752365692,1.1695381086627,0.1041609752365692,1.1695381086627,False,,gradient,1215002441,3.1109931364416634,1.58996321285876,1.0000000000000002,0.014294146476757853,0.005529074835845645,1.0000000000000004,1.0726072527894706,0.33054484831135356,-0.20946443629454378,0.24453503420919018,0.31377242453079335,0.663030246783106,0.6636167248670256,0.6632435338705607,0.9380831399617869,0.9378191348603608,0.9382340659950034,0.0058517973897366845,1.1551213159467735,0.8799291723148699,3.711808061634958e-06,3.6363398596694907e-06,4.019849169256684e-06,0.09942110706600421,0.25536476128459346,0.325311630776708,0.35478586835059767,0.1479186966014092,-2.1260115955832273,0.833847736320978,0.09942110706600421,0.08925841506327428,0.10749074449636994,0.10749074449636993,0.3242508368526965,0.5377233871530324,0.5377233871530325,0.08925841506327428,1215,sobol_screened,0.5268541286262498,True,False,2,ABNORMAL: ,39,2483,981,8.72308229190502,0.5268541286262498,0.006853832533610078,0.0058517973897366845,69,55,False,1e-05,0.005851893111960506,True,0.4313399400562048,0.7166247172281146,0.294704663567245,0.5539131117984653,0.6363293891772628,0.9509830120950937,0.8272348893806338,0.36301329359412193,0.4214345211850559,0.7838801376035233,0.8309300126128674,0.5245210782931534,0.5406144552305274,0.9478107516144763,0.9902598711792999,0.506101009321486,661,0.005835364550553816,True,0,350,0.009845068564532976,False,"alpha_e~0,alpha_p~pi/2"
electron,gradient_local_minimum_0664,gradient,gradient,gradient,0.00051099895,5.774314682343105,2.4029803749392347,1.0184166251186335,0.7321179998024192,0.0,0.0,3.141592653589793,0.0,0.40354744023113315,2.593220881729873,3.138242039318635,1.917102188616989,5.543315417222689,0.3453461558781815,1.1921665159475303,-0.0736002198133085,3.2004490199191244,0.7612334822320784,-2.807825710184842,0.07103688749905156,0.05280241005096563,1.883688530772854,0.8589884479557819,2.0174252461826616,115.5899520894076,0.2714826589795911,0.4677943138466223,0.2714826589795911,0.4677943138466223,False,,gradient,1939002955,0.040324408987501836,1.5901499117548774,1.0,0.008393758438191599,0.0094143659100104,0.9999999999999999,0.9558827291292475,0.30978786209949627,-0.24699390045665381,0.07323072152493705,0.14974643389901965,0.6636978778446028,0.6626494767588225,0.6634798796772973,0.9378733018826241,0.9384603007176228,0.937719165669164,0.005925127267942029,1.1550906293176924,0.8798766921169291,7.128280045287649e-06,7.312230980882628e-06,7.353877931048913e-06,0.2844154553859687,0.03322417992349844,0.28790088833456573,0.3176396353094671,0.1290810706798322,-0.2329132467860613,0.8127516615114626,0.2844154553859687,0.0020282794092748237,0.2011510104388393,0.20115101043883926,0.3232315176176346,0.48120935425169364,0.4812093542516936,0.0020282794092748237,1939,sobol_screened,0.636652996841143,True,False,2,ABNORMAL: ,36,3014,1062,6.639446279920201,0.636652996841143,0.010804779337903782,0.005925127267942029,90,76,False,1e-05,0.005925404891922354,True,0.4194621881470084,0.3051848243921995,0.6235033376142383,0.65760697145015,0.10402079857885838,0.5382776875048876,0.31544038094580173,0.7475755019113421,0.3531003665298755,0.8254478437128653,0.6102325794613698,0.3645556179957879,0.49946673317635093,0.8822460497685032,0.012835658035240336,0.5061604374258598,664,0.005908694428759161,True,0,350,0.012922202176965913,False,"alpha_e~0,alpha_p~pi/2"
electron,gradient_local_minimum_0669,gradient,gradient,gradient,0.00051099895,5.027287770226338,2.2421614059265087,0.9248761903035175,0.5008743665192665,0.0,0.0,3.141592653589793,0.0,0.6507575456441993,1.9716660535385413,1.2358998082943051,1.874203272607575,4.981273192683265,0.7401942017319953,2.665647784038777,-0.6067273078442967,1.6979444322410313,0.48827468515902445,-1.4033251214143636,0.16821156700456721,0.1725734462931371,2.6593365184131557,0.8384531201013077,2.2874629949984815,131.06197540576792,0.4220475388381668,0.5693571942516555,0.4220475388381668,0.5693571942516555,False,,gradient,568004525,0.14753512848596895,1.4631610734114007,1.0,0.3410632519874325,0.10988719505731032,0.9999999999999999,1.2104497485616645,0.24169768799418,-0.22434472299144043,0.4269530736784967,0.48117667453922264,0.6621268622718034,0.6640207575407838,0.6636525079648559,0.9377316462505242,0.9374711723043173,0.9388096779133609,0.006057706804208256,1.1550783645047937,0.8798508067772166,5.0921927781111265e-06,5.565831684206657e-06,5.393570708833728e-06,0.10830619815626308,0.4008773050170228,0.49500199372061576,0.5091835031732859,0.24041024213397283,2.2249439337214887,0.9442970584699252,0.10830619815626308,0.0509581473546742,0.14466886717768146,0.14466886717768146,0.15264539607114722,0.3461476296490325,0.3461476296490325,0.0509581473546742,568,latin_hypercube,nan,True,True,0,CONVERGENCE: RELATIVE REDUCTION OF F <= FACTR*EPSMCH,16,4583,747,49277.54808033671,1.074674835139072,0.240122129182874,0.006057706804208256,174,160,False,1e-05,0.006058426815842806,True,0.47097998301429783,0.04398559878511237,0.8253811624681829,0.0748508988799852,0.16659193088729485,0.847257459434744,0.22608398255287424,0.13998769798281996,0.31304147321021425,0.6276007970942968,0.5965774303890052,0.6881886194667807,0.1966995636563645,0.7927942515066888,0.046961889956479715,0.46573863474613597,669,0.0060412739650253875,True,0,350,0.06099891032054735,False,"alpha_e~0,alpha_p~pi/2"
electron,gradient_local_minimum_0670,gradient,gradient,gradient,0.00051099895,6.2786952274622445,2.5057324732425537,1.0772999390168605,0.6217097162191603,0.0,0.0,3.141592653589793,0.0,0.6772057313701321,2.191322483986235,4.173754277837259,1.897576192511186,1.7040093661063889,0.603748350160626,5.754129679966413,-0.41641762328294196,2.7623648519905,0.5957006944121339,-2.234117732377429,0.09667245597773487,0.08061091013647842,2.7546482463543223,0.8589177821825431,2.20790757164702,126.50378541035268,0.4953707091765704,0.7594942689830734,0.4953707091765704,0.7594942689830734,False,,gradient,1999005657,0.10354325989963092,1.6575408524428403,1.0,0.04286005563660307,0.05945194742957894,1.0,1.160898914437178,0.29436358049645106,-0.1783311375729887,0.36474802738885514,0.4172422195588453,0.6627986607713219,0.663385153437965,0.6631892103856403,0.9377558624649429,0.9376170105796086,0.9380319631001842,0.006150000070163837,1.15487181473952,0.8794717743196511,4.131065198698103e-06,3.6650360549228544e-06,4.173223743964005e-06,0.23733439854112226,0.23462821346623952,0.46174837353628245,0.4719626120073618,0.22576706753260156,-1.5648029786381996,0.9567158998987827,0.23733439854112226,0.052203450918611845,0.16223577888402035,0.16223577888402035,0.070648556031398,0.3658016091086178,0.3658016091086177,0.052203450918611845,1999,sobol_screened,0.641707758416899,True,True,0,CONVERGENCE: RELATIVE REDUCTION OF F <= FACTR*EPSMCH,13,5716,747,25437.789918479684,0.641707758416899,0.5288585984777543,0.006150000070163837,226,212,False,1e-05,0.006150100360167405,True,0.9650648552924395,0.040490481071174145,0.6763681247830391,0.5411309925839305,0.5334136979654431,0.21402133628726006,0.22371877916157246,0.6827931916341186,0.3786952038153843,0.69751961046964,0.6040172618633065,0.609185422696242,0.6642736245687436,0.271201513690719,0.03295884327375018,0.5276116400860639,670,0.006133567230980968,True,0,350,0.04015873481276881,False,"alpha_e~0,alpha_p~pi/2"
electron,gradient_local_minimum_0676,gradient,gradient,gradient,0.00051099895,8.156729267062742,2.8559988212642424,1.2739649765642922,0.59941988625004,0.0,0.0,3.141592653589793,0.0,1.1535799960049031,0.25578298254774134,2.509128794028312,2.756322722126156,0.038960964849522606,0.5916124785748856,3.471742124092081,-0.9709896437304489,2.7475587923099,0.41262948918179665,-0.28486748093986225,0.5625879100530976,0.8559994705092325,4.790943554571792,0.9150424036443844,2.8958783199914198,165.92160571894365,0.10772767585185217,1.33907333153724,0.10772767585185217,1.33907333153724,False,,gradient,811001439,0.09715805516099531,1.4865312492591523,0.9999999999999999,25.027261234506003,0.04851431565199864,0.9999999999999998,1.0028478504900065,0.2359513548007453,-0.3181470888651002,0.4323424907369536,0.5074097273805871,0.6628443704729237,0.6628036665314178,0.6635863687610911,0.9373762873502445,0.9379300224168481,0.9379010938448847,0.006246675389735543,1.1548052113520848,0.8793482386151564,2.9442513908573e-06,3.1986776918291326e-06,2.8926624096592413e-06,0.1581532217230167,0.14152159201165815,0.2881469440603327,0.29967481373467486,0.13830953719299524,-1.510635375951685,0.9230641405550438,0.1581532217230167,0.004253934351604777,0.4904442553124961,0.490444255312496,0.07552071981539865,0.2098809309528292,0.20988093095282914,0.004253934351604777,811,latin_hypercube,nan,True,False,2,ABNORMAL: ,2,1532,531,91.58880282455081,1.0793804700510816,0.8459268961501987,0.006246675389735543,45,31,False,1e-05,0.006247636195086807,True,0.5175806189419032,0.06647379138957193,0.8911311669999452,0.8783150799291088,0.3474791801949039,0.9945837151409885,0.08039612123823017,0.17794954037826005,0.465944129455231,0.08141825206252207,0.8773647719657729,0.9006567301460113,0.399340250423812,0.006200830143431105,0.030926369480134875,0.47317759276032895,676,0.006230242550552674,True,0,350,0.04413669258376275,False,"alpha_e~0,alpha_p~pi/2"
electron,gradient_local_minimum_0682,gradient,gradient,gradient,0.00051099895,5.957507223789882,2.4408005292915442,1.0401634240982884,0.7252797973444793,0.0,0.0,3.141592653589793,0.0,0.41362887246255176,2.596409304313877,0.004462573673051884,2.004414448278244,2.3856966026664366,0.33777812779589117,4.334129017934837,0.018269448878404426,3.4021710804649556,0.7781574627365095,-2.851859964892063,0.06950372708329415,0.05124544215713588,1.8497585749250234,0.8610429025188849,2.102843426746243,120.48405332938721,0.2494727255880972,0.5246282833745137,0.2494727255880972,0.5246282833745137,False,,gradient,1368003900,0.03884906847120627,1.5513638788056,1.0,0.007605588368678752,0.008689974966646485,1.0,0.9571663827241829,0.3096641673644305,-0.25184939071917334,0.074775424321057,0.1527641561993489,0.663688116039602,0.6621464398054531,0.6631224502024468,0.9375081856671078,0.9381978443232772,0.9371079635680409,0.0064703697776920775,1.1546720564408282,0.8791018989249137,1.775073599663557e-06,1.895758151737592e-06,2.0436731076878267e-06,0.031638798250933464,0.28841275837273866,0.290414387304207,0.32005155662367213,0.13038860899237092,2.966146396600176,0.8147975305471576,0.031638798250933464,0.0027794314267934493,0.2022046137796183,0.2022046137796183,0.01574281865506132,0.4777438295967096,0.4777438295967093,0.0027794314267934493,1368,sobol_screened,0.5630120999182743,True,True,0,CONVERGENCE: RELATIVE REDUCTION OF F <= FACTR*EPSMCH,66,3936,1494,2.3124671357336575,0.5630120999182743,0.009656562852403175,0.0064703697776920775,113,99,False,1e-05,0.006470571487971925,True,0.7044504201039672,0.2831580201163888,0.5292744366452098,0.7310369061306119,0.8626940818503499,0.2501390026882291,0.14447928685694933,0.38432865496724844,0.3625211055001173,0.8264627501426853,0.6380249348965934,0.36603476943290153,0.000710240658977963,0.37969540703190474,0.012366042563415959,0.4938144596922545,682,0.006453936938509209,True,0,350,0.01645311811104845,False,"alpha_e~0,alpha_p~pi/2"
electron,gradient_local_minimum_0688,gradient,gradient,gradient,0.00051099895,6.884706728003666,2.623872467938117,1.1442748197062473,0.43741457787949456,0.0,0.0,3.141592653589793,0.0,0.8381489703373226,1.8463939516321235,1.9826920605048162,2.2476097015222436,4.5281719594547445,0.5398691575335159,0.7275392506538092,-0.45033697783375237,3.191886334205401,0.6071666621061038,-1.5754145682168756,0.1479171662834319,0.14464628736939544,2.9449760981531443,0.8754602559759722,2.594490868238422,148.65337673529416,0.35839407522813016,1.1666299582223383,0.35839407522813016,1.1666299582223383,False,,gradient,117010741,3.0383892432443975,1.6399072170149822,1.0000000000000002,0.14136805577507985,0.055642922245224526,1.0000000000000002,1.1290179137129437,0.2511765270985987,-0.24714056294354436,0.4112557873558176,0.47333169566116967,0.6612985181384688,0.6643176837054069,0.6634130801063148,0.9373665219531414,0.9367259240771377,0.9388596020419022,0.006702280587888155,1.1547062634346728,0.8791864039800813,2.2281502677246046e-05,2.2811889885121506e-05,2.245260641425828e-05,0.24292061699557568,0.23360546991110706,0.46207006001487827,0.47652608690668274,0.22380701656153693,-1.549984156265022,0.9393274480075406,0.24292061699557568,0.08151110084224901,0.14208816318304243,0.14208816318304243,0.06125935146223256,0.3813857499102748,0.38138574991027485,0.08151110084224901,117,latin_hypercube,nan,True,True,0,CONVERGENCE: RELATIVE REDUCTION OF F <= FACTR*EPSMCH,15,10806,297,2.3498092684487033,0.8983330808208504,0.311978521764968,0.006702280587888155,475,461,False,1e-05,0.006702332278769296,True,0.5472023726827796,0.6557655615318106,0.3951000678915854,0.06801078401612279,0.5132416205055222,0.7593513934706791,0.8958906754840351,0.8023783400010454,0.4081230597042031,0.5877254485944607,0.7154363882771291,0.7185151617388363,0.31555524205839675,0.720680950517336,0.9671493341991781,0.5219986796000159,688,0.006685847748705287,True,0,350,0.037142157418737734,False,"alpha_e~0,alpha_p~pi/2"
electron,gradient_local_minimum_0694,gradient,gradient,gradient,0.00051099895,5.608464142590036,2.368219614518475,0.9983490879201116,0.4916180257282384,0.0,0.0,3.141592653589793,0.0,0.7151083854330871,1.9560212184292134,1.2181713280966506,1.9657987449184553,4.943582483796269,0.6854172479394819,2.5332315630572206,-0.5690763565517818,2.1045240614066407,0.5236062624593583,-1.5106220840033382,0.15509471808944839,0.15437432846395305,2.79460735414445,0.8499916500586873,2.393207809651332,137.1207069907694,0.4392010391152423,0.7361520278169289,0.4392010391152423,0.7361520278169289,False,,gradient,1810004630,0.1353777480164775,1.4766013105958722,1.0,0.2157274161908889,0.09159059246572979,0.9999999999999999,1.1789269887383744,0.2280654465381589,-0.25155419383125033,0.419356528694659,0.4767273482393297,0.6621668419176766,0.6625624309512251,0.6633450656318328,0.9367287495242607,0.9372825703361221,0.9375620228023599,0.006937305457750705,1.154246481075271,0.8783268249229973,6.848742058696011e-06,7.014022557649824e-06,6.895595155209655e-06,0.15093625998538235,0.3547156098456397,0.4891321182122997,0.5056518698310221,0.23630618329678865,2.0165926438259265,0.934659584570535,0.15093625998538235,0.05190202153363806,0.1408433203780094,0.1408433203780094,0.15680951819669645,0.35350480979096843,0.3535048097909687,0.05190202153363806,1810,sobol_screened,0.6239326891417845,True,True,0,CONVERGENCE: RELATIVE REDUCTION OF F <= FACTR*EPSMCH,12,4682,531,40517.54119837239,0.6239326891417845,0.3248800286011136,0.006937305457750705,187,173,False,1e-05,0.006937730612113709,True,0.5140868481248617,0.33805561251938343,0.4162422474473715,0.698372907936573,0.24861090816557407,0.6264041466638446,0.22640791069716215,0.3303900510072708,0.3444417014361122,0.6226208914112825,0.625733174755232,0.7015124724170793,0.193877988399401,0.7867955888786858,0.043092075562942846,0.4700167951146082,694,0.0069208726185678365,True,0,350,0.055295485098889346,False,"alpha_e~0,alpha_p~pi/2"
electron,gradient_local_minimum_0696,gradient,gradient,gradient,0.00051099895,9.310797041547326,3.051359867591387,1.381507441235064,0.19329603931148828,0.0,0.0,3.141592653589793,0.0,1.0190726851725083,1.9312828125294312,3.4367806265506613,2.9759821715140875,0.0041789095386764764,0.04856128363154447,1.473800751988863,0.20013071089656337,5.934647826376811,0.7600966428506565,-1.6271643694947602,0.142542217744137,0.1374737378176391,2.7529504667083238,0.9260820806885516,2.9644254692650946,169.84906806997847,0.019262531898308177,2.173004260339542,0.019262531898308177,2.173004260339542,False,,gradient,1708001941,3.1272341497819647,1.58271462280036,1.0,0.054380214026826884,0.0012028167616254832,1.0,1.1282486676922563,0.34442395626915806,-0.2902204388908082,0.33696146252220927,0.43692033427515287,0.6624345266056761,0.6632127534055734,0.6622334941801032,0.9373752228887141,0.9366824655051526,0.9372329485250047,0.007035164859945988,1.1541538936592444,0.8781502929190322,1.650166578270884e-06,1.3383315362047732e-06,1.2427070834042375e-06,0.13311660840505346,0.241377272416534,0.36023185971420324,0.37449388082158747,0.17298491930340953,-1.889061543355154,0.92383308866839,0.13311660840505346,0.1194044406027056,0.14791992098980397,0.147919920989804,0.28574268411543924,0.4775861981886086,0.4775861981886085,0.1194044406027056,1708,sobol_screened,0.6135524017269106,True,True,0,CONVERGENCE: RELATIVE REDUCTION OF F <= FACTR*EPSMCH,72,2023,1431,34.092586295407614,0.6135524017269106,0.007098710002925572,0.007035164859945988,26,12,False,1e-05,0.007035566090935556,True,0.4486763924360275,0.4963444620370865,0.585019676014781,0.5036060335114598,0.7443296480923891,0.9319804245606065,0.7858946453779936,0.18948914296925068,0.5146072154187854,0.6147464122449544,0.9472845462996394,0.7239339962000902,0.5469806250379989,0.0006650941098142332,0.9954295462871606,0.5037937114450037,696,0.007018732020763119,True,0,350,0.004653209709916097,False,"alpha_e~0,alpha_p~pi/2"
electron,gradient_local_minimum_0703,gradient,gradient,gradient,0.00051099895,6.686746271180809,2.585874372660205,1.1228120732251348,0.39750472105756873,0.0,0.0,3.141592653589793,0.0,0.8239348857117299,1.7046708984738645,4.351976184186506,2.33963076115823,1.9478721683318267,0.5693852317524634,5.811829598698361,-0.4344037905093648,3.074540977353866,0.6102870520719039,-1.3404506885292513,0.17670704355199476,0.18463551449291352,2.8431634309833305,0.8675642192013463,2.6389283883037877,151.1994590870675,0.2818872457996656,1.148932390211681,0.2818872457996656,1.148932390211681,False,,gradient,1186007302,0.10766069904315005,1.6439663407152396,1.0,0.3125477858426133,0.06105327524874843,1.0000000000000004,1.0987190822074502,0.2574972859897691,-0.25424230606490833,0.39967770538420216,0.4651444091796963,0.6618995243250823,0.6625455281871152,0.6628343781777005,0.9365281332453319,0.9367321007235787,0.9371889754006161,0.007375355146379603,1.153864235242601,0.877624744105436,7.3871374725587025e-06,6.635330019710839e-06,7.185797494146939e-06,0.26428279676134137,0.19847833414217944,0.45071200746540846,0.4627611309035208,0.21933144201364807,-1.4202164560905541,0.9479250843104003,0.26428279676134137,0.0777289844550454,0.1912975578237825,0.19129755782378252,0.017388012345518733,0.3459413112726969,0.34594131127269695,0.0777289844550454,1186,sobol_screened,0.515233583164474,True,True,0,CONVERGENCE: RELATIVE REDUCTION OF F <= FACTR*EPSMCH,14,7358,801,38100.156705158326,0.515233583164474,0.2420960669072125,0.007375355146379603,298,284,False,1e-05,0.007375471704879115,True,0.5423271423205733,0.4691073093563318,0.39024457708001137,0.46623660810291767,0.7454141527414322,0.4485659971833229,0.17338865995407104,0.7157983165234327,0.398657996879632,0.542613599674036,0.7447276012963717,0.719932184425611,0.6926385219314871,0.31001348410113866,0.034269464858892436,0.5232907388030508,703,0.007358922307196735,True,0,350,0.039002889103651295,False,"alpha_e~0,alpha_p~pi/2"
electron,gradient_local_minimum_0709,gradient,gradient,gradient,0.00051099895,3.7861605021299902,1.945805874729026,0.7468155278630888,0.5796690645311315,0.0,0.0,3.141592653589793,0.0,0.45020169860941955,0.054560271639328695,5.391498799524852,2.3456639336622014,2.5049807841522966,2.3069391787855524,5.673967567846608,-0.736284415067687,0.19283924935679808,0.1228297483509449,-0.019946903087185188,0.9485815937879603,1.681583789238585,2.2569766177663393,0.5401930612263682,1.630383174099582,93.41407486504896,0.10099262795031552,0.1874388010850338,0.10099262795031552,0.1874388010850338,False,,gradient,1153001713,2.7304885392963243,1.9691152315948566,1.0,3267.977150852468,0.5531512993918872,1.0,1.0266064767635803,0.04448420476463494,-0.26380235463751806,0.4629396179219876,0.47467465588307584,0.662205759347521,0.6608890386675906,0.6645226737224511,0.9355767758666723,0.938147629927972,0.9372187119491185,0.007607718787557788,1.1540286991050734,0.8779300801879765,1.311439707851747e-05,1.4123935208831817e-05,1.4208705357510176e-05,0.09883867351511047,0.15083427471449964,0.24967014329787562,0.24967294822961011,0.12483366918307057,-1.7805914550906916,0.9999775311522183,0.09883867351511047,0.17570187155210437,0.4042920359131816,0.40429203591318147,0.013880608396701102,0.3460350158572083,0.3460350158572083,0.17570187155210437,1153,sobol_screened,0.5009167950709198,True,True,0,CONVERGENCE: RELATIVE REDUCTION OF F <= FACTR*EPSMCH,21,1772,558,3.8201354666937664,0.5009167950709198,0.02484731840565688,0.007607718787557788,54,40,False,1e-05,0.007607798856983246,True,0.2888236939907074,0.031089207157492638,0.7149701220914721,0.558459497988224,0.8305451171472669,0.503772041760385,0.78062813449651,0.6933913500979543,0.2392213593156149,0.01736707385567142,0.7466480197494381,0.5821347093872163,0.8580836846183999,0.3986800741480501,0.8691414961695578,0.6267888452517274,709,0.00759128594837492,True,0,350,0.17899049685098897,False,"alpha_e~0,alpha_p~pi/2"
electron,gradient_local_minimum_0719,gradient,gradient,gradient,0.00051099895,9.58925375074811,3.0966520228705243,1.4062622103721114,0.17640543668818348,0.0,0.0,3.141592653589793,0.0,1.0375564477281345,1.9600838295239147,0.22997016317507307,2.9982716973329935,2.3413249525647686,0.13983282065751684,4.342288816780816,0.3076346995588528,6.183394708652916,0.7679938065573335,-1.655377240801723,0.1397365518938958,0.13376821174021228,2.7478094141208116,0.924443859524792,2.9890529165629407,171.2601168603259,0.014959831712204164,2.2789685656384435,0.014959831712204164,2.2789685656384435,False,,gradient,422009342,0.012015880727188436,1.5607725318872134,1.0,0.047059470236354345,0.000840681444197115,0.9999999999999999,1.0677742065776297,0.3356168546570158,-0.3375305725072514,0.28294490292938224,0.3962258520248477,0.6621894594525989,0.6628465342152672,0.6612287215638075,0.9369638129953416,0.9358199135029365,0.9362850703158361,0.008013116954446928,1.153373893340777,0.8767623941816542,4.077873145291733e-05,4.060807761113727e-05,4.078275423141653e-05,0.08885690901970789,0.2936060004129677,0.3701020280764407,0.3824629094326756,0.17887057336010292,-2.18015132676045,0.93536167271974,0.08885690901970789,0.1034770539847156,0.2349723744903017,0.23497237449030173,0.01773262642660965,0.3825647160770227,0.3825647160770227,0.1034770539847156,422,latin_hypercube,nan,True,True,0,CONVERGENCE: RELATIVE REDUCTION OF F <= FACTR*EPSMCH,43,9378,819,60.58496799524005,1.123418381477593,0.040834514968677224,0.008013116954446928,383,369,False,1e-05,0.008013143874252438,True,0.676523033152689,0.7646928940245858,0.0753154385738056,0.20130048855640725,0.7778439208319101,0.03829875300178051,0.4239409506171569,0.48357160619676415,0.5258891781603879,0.6239140606864458,0.954379522726146,0.7240983690473989,0.03660088823296264,0.37263343958508033,0.003824773626669355,0.49680932698380575,719,0.007996684115264061,True,0,350,0.00873945312237591,False,"alpha_e~0,alpha_p~pi/2"
electron,gradient_local_minimum_0725,gradient,gradient,gradient,0.00051099895,9.974363795630671,3.158221619144336,1.4398165456246468,0.2810431729574716,0.0,0.0,3.141592653589793,0.0,1.1101105851247055,1.535430577593183,0.8371715563746602,2.7650089101399913,4.846668760353407,0.2961370210801735,2.46240035141992,-0.27045273064941194,6.022166672040594,0.7199277334669226,-1.5770148176489955,0.1477463456612687,0.14441689840673347,3.2226372983718883,0.9197803071036549,2.8856824990678502,165.33742821135192,0.11200267319953228,2.334578600395563,0.11200267319953228,2.334578600395563,False,,gradient,285003649,3.1014383031668453,1.5428184288030324,1.0,0.0859385142679904,0.009386017461802329,1.0000000000000002,1.0227914585392819,0.3144638372784248,-0.2659823580481087,0.3527110445182023,0.4363528774783745,0.6612772376285924,0.6629047027193292,0.6618379395196347,0.9363414775503639,0.9355863612663152,0.9367374448886382,0.008155668210391357,1.1532603106421644,0.8765105023827464,5.132688094600102e-06,4.7961942467589225e-06,4.937581496611276e-06,0.00481818020165517,0.3862205768329231,0.38707260125942783,0.39103875703457824,0.1915532227421387,-3.047239287535081,0.9797147689133039,0.00481818020165517,0.04759109121106078,0.27660306494305603,0.2766030649430561,0.22684306904985507,0.3323581780223658,0.33235817802236584,0.04759109121106078,285,latin_hypercube,nan,True,False,2,ABNORMAL: ,65,3714,2997,66820.72436018083,0.8791612067692025,0.008639234888360306,0.008155668210391357,34,20,False,1e-05,0.008155788313517709,True,0.6473144033768458,0.6360476291695686,0.28079412923105074,0.08489897691398521,0.20658075573066245,0.8073108174680561,0.8644893644220848,0.31708779847753693,0.5412257389156808,0.48874273239679805,0.8801296714838278,0.7590425135117089,0.1332399914129625,0.7713712907393134,0.9872184732870875,0.491094358474548,725,0.00813923537120849,True,0,350,0.01864388903063885,False,"alpha_e~0,alpha_p~pi/2"
electron,gradient_local_minimum_0727,gradient,gradient,gradient,0.00051099895,5.4912679060604646,2.3433454517122447,0.9839401915602008,0.3144376864699924,0.0,0.0,3.141592653589793,0.0,0.6306975598738022,2.054633592420952,1.3238436409684384,2.642434512754227,3.8314782944132717,0.2546889412614452,5.842407414490552,0.06701715470488773,2.801004014873917,0.6963650180556294,-1.2178735026046121,0.19529642416437173,0.21173137769451789,2.1011615295006134,0.8722515765359475,2.6929746182149996,154.29607995957366,0.0757182374517833,0.8672834935863113,0.0757182374517833,0.8672834935863113,False,,gradient,46008831,3.0949448259504084,1.5592914969547156,0.9999999999999999,0.2990013745092535,0.013327922956358458,1.0,1.1643709535220033,0.347498330225365,-0.2891922496539801,0.21012323637297298,0.310617060241848,0.6608761987799402,0.6636833115142382,0.6615449815907588,0.9366108504598408,0.9350967408698837,0.9370830066400969,0.008286228595055066,1.153301936840938,0.8765872504284358,6.997102777961395e-06,6.802003737982343e-06,7.260683221155251e-06,0.11941562283213222,0.24756563190718642,0.34746089205281294,0.36698125473931864,0.1639702646831536,-1.972266564136874,0.89361656796137,0.11941562283213222,0.003934987557543824,0.1634522733736649,0.1634522733736649,0.07809506261082837,0.4695664718870166,0.4695664718870168,0.003934987557543824,46,latin_hypercube,nan,True,False,2,ABNORMAL: ,15,8890,1116,63298.10898899517,0.8264615260794498,0.14826595823737007,0.008286228595055066,355,341,False,1e-05,0.008286314663657795,True,0.2702875199111562,0.5740576679487357,0.8434416990587794,0.18783618694063028,0.0736593302181189,0.22378310182970537,0.9184722831480224,0.43873073336801344,0.33824571945470905,0.6540101849529062,0.8411130290029183,0.6222375282689606,0.21069625934089933,0.6097987099051765,0.9851515352933864,0.4963378989230081,727,0.008269795755872198,True,0,350,0.017025196579033498,False,"alpha_e~0,alpha_p~pi/2"
electron,gradient_local_minimum_0733,gradient,gradient,gradient,0.00051099895,2.460349372756673,1.5685500861485657,0.5038107596532814,0.17335805917755642,0.0,0.0,3.141592653589793,0.0,0.31518638994225273,1.663408767429484,0.5315766802424886,2.636734964561111,4.069348586550309,0.22548550681699525,2.6002021547341,-0.36336299770768493,0.5958822396075442,0.48175695542168456,-0.287744084543607,0.5599436056380833,0.8509066903224471,1.5208556607326489,0.7825940525173534,2.571986526364672,147.36397292520874,0.019810731198506598,0.17387980873047265,0.019810731198506598,0.17387980873047265,False,,gradient,1569001721,3.032886261948566,1.6814938962730308,1.0,78.59562097787705,0.06890994044589938,0.9999999999999998,1.0892312581932735,0.3270098088697451,-0.259451516239674,0.259957070192949,0.3448002609294504,0.6616585416629307,0.6632443473979212,0.6607710761232296,0.9368505998837028,0.9351010899968389,0.9362240247276322,0.008458816293438204,1.1530953713158927,0.8762040784263279,3.956391643245016e-06,3.607716709208564e-06,3.945080860878747e-06,0.3314271494881728,0.08254688396909798,0.4051960512972518,0.4139740334572708,0.1982090345686164,0.8920435767709592,0.9575916291816162,0.3314271494881728,0.03560020644028951,0.19152211884312068,0.19152211884312065,0.03156432283589332,0.39450384769960856,0.3945038476996084,0.03560020644028951,1569,sobol_screened,0.5972558826725303,True,True,0,CONVERGENCE: RELATIVE REDUCTION OF F <= FACTR*EPSMCH,11,1756,828,56504.290199782175,0.5972558826725303,0.21382442652649913,0.008458816293438204,43,29,False,1e-05,0.008458886951541206,True,0.21447161585092545,0.4803908234462142,0.8482176540419459,0.5182822030037642,0.0967182507738471,0.6082298289984465,0.8133915895596147,0.6364388354122639,0.1452495506306989,0.5294794554375986,0.8392988064662686,0.6062998894338678,0.08460305629297192,0.6476569427134993,0.9653976808492304,0.5352361307414072,733,0.008442383454255336,True,0,350,0.046171077824930726,False,"alpha_e~0,alpha_p~pi/2"
electron,gradient_local_minimum_0741,gradient,gradient,gradient,0.00051099895,7.033519602835539,2.6520783553348375,1.1601609082680264,0.40546846234615797,0.0,0.0,3.141592653589793,0.0,0.8570361636178521,1.7431143184172533,5.1057021763135015,2.320707255679979,1.2614902841890017,0.5634091246062807,3.727749633438318,-0.43329882368739314,3.3106691248247153,0.6172709020722105,-1.4507661074474199,0.16220975199847246,0.16418111772508312,2.9325722323334262,0.8715762628554361,2.6493032948657103,151.79389744590827,0.31661143441590034,1.2465629431041856,0.31661143441590034,1.2465629431041856,False,,gradient,2007869,0.10477273744036489,1.501608541358313,0.9999999999999999,0.20816458221962317,0.05663037373408383,0.9999999999999999,1.0981579649266107,0.24191798660829084,-0.27861481118089876,0.3924199090409724,0.45982184320110453,0.6606779797303194,0.6621393522571217,0.6624758059131595,0.9353987627948407,0.9356368538204045,0.9366693696583008,0.008597921890767307,1.152907709228699,0.8759110082615733,4.693073010164639e-05,4.673590611858902e-05,4.6792828307773426e-05,0.22806123047626262,0.23902501044201382,0.4527317411884386,0.46708624091827644,0.21918862072930037,-1.59580885531504,0.9385359769895283,0.22806123047626262,0.07567503735170412,0.1827135335966315,0.18271353359663153,0.17523787402882648,0.3502002254850921,0.35020022548509216,0.07567503735170412,2,latin_hypercube,nan,True,True,0,CONVERGENCE: RELATIVE REDUCTION OF F <= FACTR*EPSMCH,19,7904,1206,40240.8432021829,0.8652838994256471,0.26709312593623474,0.008597921890767307,303,289,False,1e-05,0.008597953145438894,True,0.10272091413993566,0.17747189430302807,0.6639791089514556,0.27701734063525374,0.9624814351504511,0.10905015934068854,0.31706348911948,0.3356946201952549,0.41514895124640167,0.5548505203007318,0.7387040624213913,0.725092233458613,0.8125977393153415,0.20077241439107943,0.03335019812980673,0.4779768438923725,741,0.00858148905158444,True,0,350,0.0427155819787102,False,"alpha_e~0,alpha_p~pi/2"
electron,gradient_local_minimum_0743,gradient,gradient,gradient,0.00051099895,5.231598906089453,2.2872688749006866,0.951299295665726,0.4972198879060932,0.0,0.0,3.141592653589793,0.0,0.6744192104317601,1.9610595167454223,5.054908241268641,1.8970342431634282,1.2986877741815264,0.744713240658859,3.6511031244482273,-0.5937844099329418,1.8198554006494199,0.49858175275612127,-1.43683155017966,0.16393804278270108,0.1665866499412823,2.7100527875993476,0.8387568891247379,2.3293837531463892,133.4638579216317,0.4359617496214244,0.6274736748562393,0.4359617496214244,0.6274736748562393,False,,gradient,942004676,0.14751157247491706,1.4657612348606028,1.0000000000000002,0.2995902762894522,0.10779847162441242,1.0,1.2044769123905705,0.22635207457266082,-0.24916408594172693,0.4192983719735923,0.47569717973550296,0.660165015674218,0.6625768277715933,0.6626276758471016,0.935324296403289,0.9353601045474681,0.9370638213441767,0.008678231078727562,1.1529496889971091,0.8759369195127309,5.638822299314228e-06,5.240460378364009e-06,5.115773751895869e-06,0.12058893639170365,0.39025114629765,0.4947144958472385,0.5108400826893537,0.23929445450256168,-2.1693554655700638,0.9368663995306677,0.12058893639170365,0.05339758677903033,0.15137119132057164,0.15137119132057164,0.15106638767882885,0.3377887259900746,0.33778872599007453,0.05339758677903033,942,latin_hypercube,nan,True,True,0,CONVERGENCE: RELATIVE REDUCTION OF F <= FACTR*EPSMCH,8,4711,558,1.6380094072526263,0.9085836015653558,0.49877800500082736,0.008678231078727562,188,174,False,1e-05,0.008678369433753793,True,0.41629033816897765,0.2777156532827504,0.2459232358900109,0.6282394365750408,0.8475824423058997,0.3392073570239432,0.437077559308533,0.30872443449047626,0.3242774318701255,0.624224631574875,0.6038447540281043,0.6937918215911494,0.8045136334738633,0.20669257879400105,0.046954391845282835,0.466566291841091,743,0.008661798239544695,True,0,350,0.060468244240957474,False,"alpha_e~0,alpha_p~pi/2"
electron,gradient_local_minimum_0747,gradient,gradient,gradient,0.00051099895,9.48522674568247,3.079809530747392,1.397064062769919,1.2996206848425982,0.0,0.0,3.141592653589793,0.0,0.8341329737321383,0.004010661932161459,3.863640815899162,2.7084890107392146,0.4853864233540304,2.575141178338721,3.623436949099019,-0.9092965672785307,0.28057491051307965,0.056959439795818,-0.0031276708179696425,0.9913735966688846,1.774670878811698,5.525141105062461,0.572417556617874,0.9995534385409367,57.27019342618479,0.10759851003196386,0.24632212987952617,0.10759851003196386,0.24632212987952617,False,,gradient,1370002232,2.7924998451287104,1.1390363325327,1.0,20802.59537194811,0.46560958813345477,1.0,1.0347714430790689,0.14578359524899226,-0.2361032977290751,0.43989984669714133,0.4743198342902291,0.6609831082970274,0.6630630074355507,0.6609207657278281,0.9362455828816124,0.9347299795364137,0.9362018277137851,0.008848987128143441,1.152756478154698,0.8755812792467039,4.570181853069677e-06,5.206619885789188e-06,5.0518148960732034e-06,0.09584587082396416,0.1222477382855341,0.21492618802805308,0.21809360910949827,0.10587938347330395,-1.6958006086734934,0.9709535635236801,0.09584587082396416,0.1424434634307687,0.417464882528425,0.41746488252842495,0.20079686219319562,0.3644415083620768,0.3644415083620769,0.1424434634307687,1370,sobol_screened,0.563778871617447,True,True,0,CONVERGENCE: RELATIVE REDUCTION OF F <= FACTR*EPSMCH,14,2290,477,74.1102957273825,0.563778871617447,0.4287955971657391,0.008848987128143441,81,67,False,1e-05,0.008849157552354969,True,0.6322423843666911,0.017990867607295513,0.7724773930385709,0.611225375905633,0.5369206769391894,0.007952060550451279,0.7999962950125337,0.5899474741891026,0.5216938298172182,0.0012766333431479759,0.8621388287384472,0.5759246895089676,0.6149175341819553,0.07725164858648934,0.8888803078711729,0.3625665253676861,747,0.008832554288960574,True,0,350,0.18038913932215192,False,"alpha_e~0,alpha_p~pi/2"
electron,gradient_local_minimum_0749,gradient,gradient,gradient,0.00051099895,4.593284346455,2.1431948923173088,0.8663327761067592,0.5219581941678261,0.0,0.0,3.141592653589793,0.0,0.6001984360582774,2.0304812675917567,4.37245274744854,1.7400670510710425,1.8237360087380843,0.7833969573815355,5.874151419773751,-0.6578815707590706,1.390009609416611,0.44972922506024,-1.3828364118518752,0.1709098703127956,0.17638139568233946,2.5806044183271344,0.8323198857979841,2.1494895349180343,123.15667845834156,0.432375414591601,0.43596201337387347,0.432375414591601,0.43596201337387347,False,,gradient,319004760,0.1518797012084333,1.685517204874186,1.0,0.39525700018045484,0.11827700058063197,0.9999999999999999,1.2301308825326818,0.2543247699796046,-0.2066074394082649,0.42589139762137584,0.4784367871249579,0.6605718895602035,0.6620495361345108,0.6618382995990575,0.9352407637169462,0.9350911780185975,0.9361356578698296,0.009043081934164096,1.1525124349160567,0.8751394047471053,1.0476544798188048e-05,1.0355114898941142e-05,1.0446823285881202e-05,0.42830191676976004,0.08175700643028186,0.4971934376725864,0.5100589232000419,0.24216397607256543,-0.7734323641734262,0.9495529440138439,0.42830191676976004,0.04712290220636489,0.1444221806371696,0.1444221806371696,0.05675793002988199,0.34551889616278847,0.34551889616278847,0.04712290220636489,319,latin_hypercube,nan,True,True,0,CONVERGENCE: NORM OF PROJECTED GRADIENT <= PGTOL,0,4794,9,0.0,1000.0,1000.0,0.009043081934164096,214,200,False,1e-05,0.009043278106815138,True,0.9120712855126808,0.8400666372142628,0.12498122955231841,0.8716879482349414,0.43687485437659646,0.36257817927554503,0.03445335475953449,0.7487219026509789,0.28838959889944177,0.6463222611854511,0.5538805449785879,0.6768243308039444,0.6958974681921739,0.29025660068535014,0.048344810405284544,0.5365167896443231,749,0.009026649094981229,True,0,350,0.05789304775463964,False,"alpha_e~0,alpha_p~pi/2"
electron,gradient_local_minimum_0753,gradient,gradient,gradient,0.00051099895,6.318786710207653,2.5137196960297015,1.0818514039566243,0.4511561689381681,0.0,0.0,3.141592653589793,0.0,0.7878567429390436,1.8551461305791486,5.0814003883110965,2.141969916569599,1.3068796426743037,0.6324915243169493,3.7636350009617447,-0.4994127371930605,2.6775818371793147,0.5730260619079651,-1.4949033018347133,0.15691606454339643,0.15687058856820416,2.8749673243694573,0.8591201700125591,2.534352861484463,145.20772275996305,0.3915500825176633,0.9828893501902346,0.3915500825176633,0.9828893501902346,False,,gradient,1760005802,0.12297730671077207,1.4878793267229642,1.0,0.20459835200464008,0.07604159698426846,1.0000000000000002,1.1346205351733694,0.2279895233571655,-0.2704360941606202,0.4077546167241455,0.4694112129303988,0.6600946464980155,0.66196035759332,0.6622888771968756,0.9348420518656521,0.9350750293215265,0.9363930668225341,0.009192705523013107,1.1524573325837835,0.875040449716657,1.3204575966319076e-05,1.3811266615482154e-05,1.3903709536688957e-05,0.18953847605342056,0.3015655664418778,0.4745946118275267,0.4911040424952984,0.22904259057987753,-1.817857212510891,0.9327660567244069,0.18953847605342056,0.06270046064580163,0.15657618192872205,0.15657618192872208,0.16678171629210314,0.3523197755759796,0.35231977557597965,0.06270046064580163,1760,sobol_screened,0.6187133208890511,True,True,0,CONVERGENCE: RELATIVE REDUCTION OF F <= FACTR*EPSMCH,26,5837,1476,56382.65563556578,0.6187133208890511,0.12910484395303448,0.009192705523013107,198,184,False,1e-05,0.00919273437036065,True,0.5534868622198701,0.49650981556624174,0.722974774427712,0.4027188988402486,0.8609710577875376,0.11486790329217911,0.2250830689445138,0.2292176652699709,0.38068476579003774,0.5905113536789485,0.6818102003523726,0.7140817438041857,0.8087299896287874,0.2079963551577853,0.03914489250229498,0.47360669914440184,753,0.00917627268383024,True,0,350,0.04997088250801523,False,"alpha_e~0,alpha_p~pi/2"
electron,gradient_local_minimum_0755,gradient,gradient,gradient,0.00051099895,5.978570888498244,2.4451116310913585,1.042636759897959,0.5299544475228872,0.0,0.0,3.141592653589793,0.0,0.5485703501462789,2.4024335234332406,2.6167020722979015,2.400555500931783,0.008106391057691979,0.23654812806729,4.387104463906188,0.153556903909919,3.3688810999039602,0.7550821352236806,-2.078948736721828,0.10600854017750447,0.09149960801808377,1.9725717009796484,0.875043736788394,2.4480622567702977,140.2636352982097,0.1499857115341684,0.7949518931251109,0.1499857115341684,0.7949518931251109,False,,gradient,1243001598,0.04325760194834128,1.588858694502629,1.0,0.03214016062643803,0.011274780660103649,1.0,1.0980432855126434,0.3359013537560788,-0.18600781493829255,0.2293525361186317,0.29183281296561436,0.6613985963661181,0.6616564369382794,0.6609961856874046,0.9355447027722605,0.9350778426704194,0.9352602010602031,0.009220049954252406,1.1523170338676805,0.8747752211765539,6.5470683069390745e-06,6.5110847965454965e-06,6.4456520144640095e-06,0.13347628910648912,0.2204583216042052,0.330378216790036,0.3539346107106943,0.15341091143468882,-1.8582315759818335,0.8668884409277887,0.13347628910648912,0.019745762540989413,0.11751827342646906,0.11751827342646906,0.3775075404241456,0.5285471158628368,0.528547115862837,0.019745762540989413,1243,sobol_screened,0.5323761899506926,True,False,2,ABNORMAL: ,36,1638,945,7.027420680893644,0.5323761899506926,0.009602674722530253,0.009220049954252406,34,20,False,1e-05,0.009220358287294419,True,0.3684644550085068,0.46174684166908264,0.5824677683413029,0.3756854245439172,0.3686309093609452,0.11873740889132023,0.1501582721248269,0.38376577384769917,0.36359497115259076,0.764718341408158,0.7641205482794685,0.5013020861082831,0.41646106940501715,0.0012901722074676162,0.013769322352760235,0.5057494302092581,755,0.009203617115069538,True,0,350,0.01381177215286853,False,"alpha_e~0,alpha_p~pi/2"
electron,gradient_local_minimum_0757,gradient,gradient,gradient,0.00051099895,4.67344801943389,2.161815907850132,0.8774113520527302,0.5436925192742841,0.0,0.0,3.141592653589793,0.0,0.6038486436190098,2.080691546545278,4.344777797878162,1.6885409007616368,1.7916021786126126,0.7815518605609008,5.842745861645224,-0.6636456145916358,1.4215673148195909,0.4489129023587587,-1.491037129711981,0.15736900201123952,0.157492581885252,2.6249651616089915,0.8347441320112969,2.1094148483928077,120.86056805513628,0.4675839303515692,0.4328490229052854,0.4675839303515692,0.4328490229052854,False,,gradient,1465003327,0.14680874921520023,1.681402506223855,1.0,0.2825559639445309,0.11016016232284082,1.0000000000000002,1.2333330105905664,0.2493988393514618,-0.2187730597964054,0.4137812458602249,0.46834299305481636,0.660534226023066,0.6616531328458043,0.6618062402159246,0.9349303901545527,0.93503895906774,0.9358296212318853,0.009293336048120084,1.1522900047435125,0.8747226138103618,4.502481985801943e-06,4.891637853943198e-06,4.7121816081907575e-06,0.41640142751715353,0.09270282272748281,0.4951980142249684,0.5091042502446363,0.24064588910265022,-0.8331308670964356,0.945369790124574,0.41640142751715353,0.04442356546155501,0.14773221740968104,0.14773221740968104,0.06210118044905123,0.3431635323456827,0.34316353234568275,0.04442356546155501,1465,sobol_screened,0.5801455824022007,True,True,0,CONVERGENCE: RELATIVE REDUCTION OF F <= FACTR*EPSMCH,12,3384,1107,52138.09484648112,0.5801455824022007,0.1841522556342569,0.009293336048120084,103,89,False,1e-05,0.009293407815395765,True,0.08482761308550835,0.6448516855016351,0.383478538133204,0.4856270896270871,0.5708474824205041,0.1798234386369586,0.1360493591055274,0.5618480630218983,0.29302796512770735,0.6623046893644029,0.537479261938112,0.6719902449646717,0.6914928631682293,0.28514234278040607,0.04673067625347506,0.5352070403852557,757,0.009276903208937216,True,0,350,0.05582496193571795,False,"alpha_e~0,alpha_p~pi/2"
electron,gradient_local_minimum_0761,gradient,gradient,gradient,0.00051099895,8.093378717130054,2.844886415505908,1.2678070999592226,0.43279201105111564,0.0,0.0,3.141592653589793,0.0,0.9185944128260095,1.9289844460053405,2.144669467195978,2.385368430302579,4.7376460696259475,0.40798964255368364,0.9570215889321106,-0.2933008439975593,4.3440225401089885,0.6708806330512789,-1.8833772031291716,0.11984676822066756,0.10831267434584547,3.0109264578570984,0.897632781468341,2.6599908423197514,152.4062488083706,0.3174328689892457,1.5477555374793743,0.3174328689892457,1.5477555374793743,False,,gradient,1471003066,3.0680067132261417,1.6214890769612254,1.0,0.05133596670153877,0.029885179657592974,1.0000000000000002,1.1517992048207972,0.2842775521934698,-0.2188482969768201,0.40210053794878,0.4643141961150599,0.6602705194062246,0.6619770292373696,0.6616556152214632,0.9349764996377796,0.9347489136574908,0.9359550683078655,0.009381579588853854,1.152246468286274,0.8746483965431653,1.030884001607113e-05,1.0219632800623213e-05,1.0149499154843422e-05,0.3610447579105826,0.09454103610066833,0.44242167393116716,0.45558579401125093,0.21462877692554172,-0.9009722751815791,0.9422101380107623,0.3610447579105826,0.08117964517210341,0.121243680798775,0.12124368079877501,0.0920362178990639,0.4231705251899741,0.4231705251899742,0.08117964517210341,1471,sobol_screened,0.5818649289988417,True,False,2,ABNORMAL: ,50,3099,1998,4.867371538761518,0.5818649289988417,0.010291041273215298,0.009381579588853854,56,42,False,1e-05,0.009382403842088168,True,0.33246095944195986,0.5029685012996197,0.634924634359777,0.40107505209743977,0.14161442033946514,0.4645255897194147,0.7183782132342458,0.7278108038008213,0.4631761060091743,0.6140148194582624,0.7592863535560214,0.7101587099055002,0.3413347470025014,0.7540197906008593,0.9765768676981189,0.5161360035357875,761,0.009365146749670986,True,0,350,0.02608011183191228,False,"alpha_e~0,alpha_p~pi/2"
electron,gradient_local_minimum_0774,gradient,gradient,gradient,0.00051099895,5.143024904165884,2.2678238256456087,0.9399276273260266,0.5408579512305267,0.0,0.0,3.141592653589793,0.0,0.6343269108763963,2.046765089513493,1.967679275836093,1.8301927684548929,4.467578308156676,0.7296461757921144,0.42523497789378223,-0.5706938268771863,1.8070293216401128,0.5058495554606668,-1.5817676209338836,0.14724086169047507,0.1437386456033714,2.6450809819142864,0.8379345382376497,2.2034945735396914,126.25093924380351,0.44329234042291865,0.5559231907761241,0.44329234042291865,0.5559231907761241,False,,gradient,1384008104,3.003084666090602,1.678073185068087,0.9999999999999998,0.22226757430726546,0.10046955815332814,0.9999999999999998,1.2140919234745067,0.2665772726997843,-0.20320077932139083,0.4042607927093217,0.4584295022712888,0.6610703591301363,0.6609379783311389,0.6613230972779482,0.9348024131138967,0.9350749454523992,0.9349814534910168,0.009627578195012783,1.1519734265947916,0.8741369567094979,2.520642663872419e-06,2.8948990613564263e-06,3.068178422827028e-06,0.125916410616929,0.371773418496628,0.48580138554503205,0.49768982911355697,0.23695647098825354,-2.116220719306522,0.9522254911670602,0.125916410616929,0.0703865162848984,0.15600367454857864,0.15600367454857864,0.07866898599410632,0.3463064963378645,0.34630649633786437,0.0703865162848984,1384,sobol_screened,0.5658653550501129,True,True,0,CONVERGENCE: RELATIVE REDUCTION OF F <= FACTR*EPSMCH,12,8160,243,2.665482737151417,0.5658653550501129,0.24190044844730252,0.009627578195012783,358,344,False,1e-05,0.009627713174198542,True,0.7581354063004255,0.5928107658401132,0.2724504694342613,0.42878505028784275,0.4719375651329756,0.6704938979819417,0.8249013340100646,0.7416983330622315,0.3194338045388056,0.651505562687996,0.5825684518212737,0.657916053019393,0.31316588316879523,0.7110371713932618,0.9559115382635865,0.5341472845470939,774,0.009611145355829916,True,0,350,0.05303637116394499,False,"alpha_e~0,alpha_p~pi/2"
electron,gradient_local_minimum_0775,gradient,gradient,gradient,0.00051099895,4.208852686225583,2.051548850557935,0.8113402432933388,0.5220661918863169,0.0,0.0,3.141592653589793,0.0,0.5567740962384502,2.0580048487532476,4.395617964867743,1.676451824327467,1.8104456589051459,0.7676485098964739,5.936231582722578,-0.6967905900627284,1.1754775702910314,0.4234512855047237,-1.2996346424912477,0.18258161276853727,0.193096714396489,2.4803116459100387,0.8338654823659589,2.0466965789718903,117.26707591895331,0.40409397030306715,0.3420154342030192,0.40409397030306715,0.3420154342030192,False,,gradient,438004694,2.9927999315665508,1.687235209872804,1.0,0.5260784190963776,0.11820115881803467,0.9999999999999999,1.2198515278438726,0.2861512036318265,-0.16498152583938597,0.4360561913727916,0.4832658535687472,0.663210041082745,0.6596838109084522,0.6609973374282261,0.9354349972555384,0.9363615755843615,0.9338677282342333,0.00963586161073764,1.1522429922710393,0.8746359533883845,8.345122794239934e-06,7.961550647528348e-06,8.72337546509172e-06,0.05720647941628598,0.44691217591738897,0.49434050657798273,0.504118655333675,0.24228117891114526,2.505196276482927,0.9612069553378457,0.05720647941628598,0.05527264031456995,0.12926598594909805,0.12926598594909805,0.09979419813071652,0.366615358717227,0.36661535871722695,0.05527264031456995,438,latin_hypercube,nan,True,True,0,CONVERGENCE: RELATIVE REDUCTION OF F <= FACTR*EPSMCH,33,4751,1863,41714.54023831305,0.7404147271998147,0.1835849192959783,0.00963586161073764,135,121,False,1e-05,0.009636184853497593,True,0.15018175279909174,0.36444759448861913,0.6487616027133193,0.3958615014729073,0.7332775649119021,0.2730752756560529,0.7475082878242828,0.8580227855843758,0.2655612035145823,0.6550832891723356,0.5336311893942843,0.6699350219490828,0.6995843270522384,0.28814137581401744,0.9526378055878053,0.5370636476198964,775,0.009619428771554773,True,0,350,0.057382009334630044,False,"alpha_e~0,alpha_p~pi/2"
electron,gradient_local_minimum_0783,gradient,gradient,gradient,0.00051099895,7.223792989374402,2.687711478074684,1.180176649833209,0.40344493568979267,0.0,0.0,3.141592653589793,0.0,0.8748544873470627,1.7391871226597317,5.121289619627016,2.333036113323455,1.2733713337924826,0.5578403285566753,3.7514129605624187,-0.4267298980345602,3.454409661675396,0.6232873751878024,-1.4785472916833717,0.1588466594235134,0.1595260700793092,2.967676647716077,0.8736265923316203,2.662670509395553,152.5597824223142,0.31950893843253614,1.3074401234289539,0.31950893843253614,1.3074401234289539,False,,gradient,189007069,3.039340301486637,1.5033843818704848,0.9999999999999999,0.1872940734700764,0.053964918687187585,0.9999999999999998,1.0989986981967985,0.24003624798012574,-0.28496801049415904,0.38874991981761736,0.4571525718509964,0.659627514065944,0.6615078883987768,0.6620404294950064,0.9341926297411537,0.9345698158319362,0.9358979449809668,0.009877486164098786,1.1518991802295095,0.8740117172080756,1.4725736066534267e-05,1.4753065389505604e-05,1.4746719855629475e-05,0.2247643573570887,0.24057100138578977,0.4507296917887671,0.46533535874287846,0.21806201241732787,1.60704772719125,0.937225200364876,0.2247643573570887,0.01972991579442408,0.18554660665738398,0.18554660665738398,0.2336057948289442,0.34911803459973767,0.3491180345997378,0.01972991579442408,189,latin_hypercube,nan,True,False,2,ABNORMAL: ,11,7101,873,37723.618018210356,0.7605041285083713,0.32807464598742275,0.009877486164098786,281,267,False,1e-05,0.009877492981687457,True,0.5297618272255807,0.1708528527319988,0.613930026134592,0.3990685581215609,0.8869013028917255,0.16960801297231398,0.6897376660835168,0.3395539546518495,0.4240249157625585,0.5536004550661336,0.7426284596946623,0.7277935652470088,0.8150785579688521,0.20266334216459345,0.9674520654400195,0.47854211148368253,783,0.009861053324915919,True,0,350,0.041736053947672866,False,"alpha_e~0,alpha_p~pi/2"
electron,gradient_local_minimum_0789,gradient,gradient,gradient,0.00051099895,6.066870394920973,2.4631017833051425,1.052945940028587,0.4457915732921788,0.0,0.0,3.141592653589793,0.0,0.7625470999634842,1.8230574923669134,1.921108133152934,2.135869818713329,4.384062285814893,0.6683048727126119,0.5208808950280203,-0.5029616683036391,2.488331062272158,0.5637157133759668,-1.4036464333819336,0.16816976773652673,0.17251465518879042,2.8056724213620705,0.8510000469960112,2.520385163010656,144.4074325879026,0.37297459664819105,0.9153169110932728,0.37297459664819105,0.9153169110932728,False,,gradient,1959006793,0.13136901430096068,1.6611853579782925,1.0,0.29262979437470116,0.08665696290862965,1.0000000000000002,1.14098305171339,0.2286153290305702,-0.2664890965256749,0.4087301571441768,0.4696536496294534,0.659072557673205,0.6619443782130607,0.6619759447138678,0.9341058626620651,0.9341280069160647,0.9361565029941901,0.010098186573940026,1.1518137531084403,0.8738422640336417,6.766533864999147e-06,6.345647261485343e-06,6.486870617605778e-06,0.3278365290512565,0.16408935971098285,0.47620942685269196,0.4919258887622393,0.23024648247157234,1.2072499717438983,0.9361023183833957,0.3278365290512565,0.056165693945559494,0.1701997048775289,0.1701997048775289,0.0250045634165965,0.3378744063602319,0.33787440636023186,0.056165693945559494,1959,sobol_screened,0.6386153880365245,True,True,0,CONVERGENCE: RELATIVE REDUCTION OF F <= FACTR*EPSMCH,22,6851,1305,42778.306702126385,0.6386153880365245,0.24201821306499827,0.010098186573940026,251,237,False,1e-05,0.010098285845474174,True,0.5781088778749108,0.5688149901106954,0.5032945517450571,0.6704150233417749,0.40430359076708555,0.4667699160054326,0.2844842607155442,0.7399044651538134,0.368076193689712,0.5802972229018191,0.6798684788980335,0.709829506996779,0.3057538556053325,0.6977451836101939,0.04181605599021557,0.5287717222282499,789,0.010081753734757158,True,0,350,0.048265944428291865,False,"alpha_e~0,alpha_p~pi/2"
electron,gradient_local_minimum_0791,gradient,gradient,gradient,0.00051099895,7.2527479672029145,2.6930926399221606,1.1831942836854425,0.4141038384821017,0.0,0.0,3.141592653589793,0.0,0.8775444069459152,1.7764990185387517,1.98854203744592,2.3045326393646226,4.467440885231236,0.5534776288842372,0.6818036195329528,-0.4363582327521882,3.460691603614668,0.6204849592230631,-1.5367916472248633,0.15213279604927415,0.15034009824692077,2.996550449591898,0.8751737528817353,2.6505769558825167,151.8668728467016,0.3430051805605304,1.3049551587552788,0.3430051805605304,1.3049551587552788,False,,gradient,1199012139,0.10199804666180756,1.6377587659026809,1.0,0.15451367448426362,0.05353784033657895,1.0,1.109493281870331,0.23764359981192712,-0.28319291553034676,0.39278153603151245,0.46008051991937904,0.65957030811471,0.661283775275865,0.6618330168140253,0.933996574381651,0.9343850003828875,0.935595834641066,0.010134001940054798,1.1516651363042287,0.8735863091123048,2.0378167024603933e-05,1.939544884144162e-05,2.0392209458264254e-05,0.2210278832045859,0.2494314667610079,0.4551561555667366,0.4704593499655938,0.2199264805839397,1.6354164691414634,0.9349436060736114,0.2210278832045859,0.04729599146810246,0.1704536925444008,0.1704536925444008,0.02713222468409618,0.3590869574900054,0.3590869574900054,0.04729599146810246,1199,sobol_screened,0.5226061222689243,True,True,0,CONVERGENCE: RELATIVE REDUCTION OF F <= FACTR*EPSMCH,19,12174,1422,39997.32949380792,0.5226061222689243,0.3093808055033061,0.010134001940054798,488,474,False,1e-05,0.010134179018455569,True,0.5411642082035542,0.2158860070630908,0.6595330657437444,0.5708283167332411,0.32188629917800426,0.5983420219272375,0.27597629744559526,0.8144753957167268,0.42536532597478205,0.5654772003966859,0.7335555221429837,0.7281960802069333,0.316486294805547,0.7110152998553838,0.03246698662388894,0.5213148063709878,791,0.01011756910087193,True,0,350,0.036486185147749296,False,"alpha_e~0,alpha_p~pi/2"
electron,gradient_local_minimum_0792,gradient,gradient,gradient,0.00051099895,5.805476806808077,2.409455707583785,1.0221462957171767,0.46297942662853675,0.0,0.0,3.141592653589793,0.0,0.7357256398413146,1.8674532427528132,1.22393560791745,2.0605880863306982,5.02221337275636,0.6966028668795383,2.61638985126535,-0.5308525218739799,2.2674257778557765,0.5439738042815471,-1.4193417086743454,0.16614762267426772,0.16967551580272722,2.780681031877272,0.8462390913390209,2.4663578030583606,141.31189288440194,0.39823779160191874,0.8222798261926632,0.39823779160191874,0.8222798261926632,False,,gradient,1752005511,3.0036130633556595,1.474976628840896,1.0,0.29135193693824746,0.09480240249225923,1.0,1.162856512658923,0.22459305324413337,-0.2634537519027624,0.4128309614865269,0.47200084401499076,0.6588903908684915,0.6621001925424576,0.6620350185072009,0.9340888063569892,0.9340426604398887,0.9363095937583282,0.010137816130184872,1.1518296447092755,0.8738732678704747,8.68601783193812e-06,8.778612961779508e-06,8.624669296353193e-06,0.349499472235517,0.150451578478839,0.48371818901677377,0.49995105071435597,0.23374266365959578,-1.130967865190573,0.9350621958914264,0.349499472235517,0.022853277047887994,0.16334015783856434,0.16334015783856434,0.20671857596951296,0.33670879144707966,0.3367087914470796,0.022853277047887994,1752,sobol_screened,0.618276577823651,True,False,2,ABNORMAL: ,12,5543,999,45453.51924987888,0.618276577823651,0.21460674759328424,0.010137816130184872,206,192,False,1e-05,0.010138048162241366,True,0.4992558592930436,0.6508715134114027,0.5585643220692873,0.43489178735762835,0.18258235603570938,0.9551609326153994,0.8372389758005738,0.27191360481083393,0.3547133271228316,0.5944288291541988,0.6559055592315997,0.7051851277592028,0.19479540202624607,0.7993100835363942,0.9560797323368868,0.4694996428500969,792,0.010121383291002005,True,0,350,0.05626508971680542,False,"alpha_e~0,alpha_p~pi/2"
electron,gradient_local_minimum_0804,gradient,gradient,gradient,0.00051099895,7.961009935232445,2.821526171282564,1.254846699863269,0.35208325272217905,0.0,0.0,3.141592653589793,0.0,0.9417607084960652,1.6131624045045012,2.030060613667237,2.5233688891289137,4.355712248053219,0.470789484871657,0.515118027695567,-0.3622539012739989,4.166656334496975,0.6620055281328202,-1.4170531770380042,0.16644013683264744,0.17008566033156175,3.007177907924394,0.888835331932859,2.758460438883966,158.048141101856,0.21873395341636936,1.5935355321455684,0.21873395341636936,1.5935355321455684,False,,gradient,107011393,0.078589055293814,1.6223354984692304,1.0,0.197797700967349,0.033498404731571105,1.0000000000000002,1.1043322979420742,0.27129010297915374,-0.2807559875147685,0.3688709203177265,0.44503724108262205,0.6598751921216729,0.6609948136373779,0.6611000274685878,0.9339998193925543,0.9340742570298881,0.934865613314677,0.010453779949986412,1.1513238953140572,0.8729407509504326,6.249792197432491e-06,6.2021493552610885e-06,6.324983747807433e-06,0.14405681270773807,0.2852445331066055,0.41919954531617376,0.4293013458143436,0.204548872409002,1.9231627215464209,0.9529384168176428,0.14405681270773807,0.09585232923828062,0.23312011691648177,0.23312011691648177,0.01454343810022386,0.33757853726917464,0.3375785372691746,0.09585232923828062,107,latin_hypercube,nan,True,False,2,ABNORMAL: ,19,11428,1107,28240.025659902705,0.9880493506676126,0.30678670259381063,0.010453779949986412,467,453,False,1e-05,0.010454500126784566,True,0.420513596012322,0.7679955854848859,0.15406214698512002,0.45595134091490414,0.09173389494800899,0.5593810902084246,0.326297743432108,0.5614630868856824,0.4573572306799205,0.5134855413737979,0.8032132638983428,0.7374746936074499,0.3230941814413072,0.6932331349635816,0.02501567324586557,0.516405427869664,804,0.010437347110803545,True,0,350,0.027632688090494264,False,"alpha_e~0,alpha_p~pi/2"
electron,gradient_local_minimum_0811,gradient,gradient,gradient,0.00051099895,6.027758452866983,2.4551493748582756,1.048391221162824,0.38618730323250905,0.0,0.0,3.141592653589793,0.0,0.7585744219885084,1.6599139856045115,5.002802922745494,2.364114299490595,1.0999139792951276,0.5681993911209147,3.4335739717116565,-0.4423903330476203,2.6360349233069877,0.5944765460860792,-1.166378782330629,0.20402359004810405,0.22476522978298724,2.6780208898623306,0.8613608634499157,2.609086957699026,149.48967105878214,0.22849700251059912,0.963325072998394,0.22849700251059912,0.963325072998394,False,,gradient,1263008141,0.11134882920852544,1.4918781284374039,0.9999999999999999,0.6174977288602868,0.0683884725657302,0.9999999999999999,1.1273479398274315,0.29466955998667427,-0.20372951763553107,0.4113427619052973,0.47137564922325664,0.6611695507782207,0.6600166954351233,0.6602170879200117,0.9342324433101394,0.9343739682441696,0.9335585133911721,0.010772068811545065,1.1510519959125871,0.8724583166827575,2.3045003858357394e-05,2.2934474501967728e-05,2.285649045458138e-05,0.14447334438110856,0.3101093486734262,0.44642370131287457,0.4545826930545348,0.21913235478560716,-1.958362242065549,0.9641033771574694,0.14447334438110856,0.07351379296332633,0.19416111973650235,0.19416111973650235,0.1876710153871587,0.35125618720896296,0.3512561872089629,0.07351379296332633,1263,sobol_screened,0.5375674251394514,True,True,0,CONVERGENCE: RELATIVE REDUCTION OF F <= FACTR*EPSMCH,14,8200,846,21615.11370343112,0.5375674251394514,0.2984608752006961,0.010772068811545065,333,319,False,1e-05,0.010772242983966458,True,0.412571013905108,0.40922270994633436,0.4723628768697381,0.41310540959239006,0.7388292830437422,0.9929281808435917,0.2323229080066085,0.3311970727518201,0.366095303726525,0.5283670318326544,0.7525209535963233,0.709153589426171,0.7962208144695269,0.1750567467806962,0.03544343315206408,0.4748795572629967,811,0.010755635972362197,True,0,350,0.04629850869151102,False,"alpha_e~0,alpha_p~pi/2"
electron,gradient_local_minimum_0814,gradient,gradient,gradient,0.00051099895,9.724601515199664,3.1184293346490417,1.41814295803574,0.2664442404437093,0.0,0.0,3.141592653589793,0.0,1.0902145187457497,1.5204745590217779,2.3068758626167947,2.806666014590088,4.578103754282267,0.2654024266482409,0.6085522729425656,-0.25910012066173915,5.869240077941128,0.7205126405826985,-1.5182264054680272,0.15422505658850047,0.1531866454533112,3.156526349172035,0.9209888064882469,2.8947249370264028,165.85552174288588,0.08590892549512552,2.261415761731395,0.08590892549512552,2.261415761731395,False,,gradient,276007753,0.03590344116425583,1.5959952522222691,1.0,0.10192683658474568,0.007722058574249401,0.9999999999999998,1.0118949649521254,0.3333515108389344,-0.24132741571046953,0.3586400494403438,0.4390869080742844,0.6609204350632427,0.6601705221024625,0.6601966119432,0.9341571337995084,0.9341756107292575,0.9336452612764705,0.010820382616334744,1.150998279540276,0.8723421238380836,8.610891288618472e-06,8.68377591495273e-06,8.789229690719935e-06,0.0026041012127570318,0.3840760525668162,0.3843067389886603,0.3866801537795732,0.1909666620988737,3.092435020458234,0.9877241447862573,0.0026041012127570318,0.11387134825868009,0.28093202186608807,0.28093202186608807,0.03932013204499801,0.3323878243543386,0.33238782435433845,0.11387134825868009,276,latin_hypercube,nan,True,True,0,CONVERGENCE: RELATIVE REDUCTION OF F <= FACTR*EPSMCH,41,7788,1206,70643.12364612536,0.7441368587470275,0.03853128700358535,0.010820382616334744,297,283,False,1e-05,0.010820666774763824,True,0.4380884344227221,0.5890993513936514,0.03357132897999302,0.5241845449732612,0.12804894199708575,0.4900112327113118,0.15693979549400916,0.7563776015050969,0.5313137559616272,0.4839820838275714,0.8933895396600844,0.7566801631509505,0.36715069663484295,0.7286278424815867,0.0114284202706007,0.5080210670847408,814,0.010803949777151876,True,0,350,0.011910329246720384,False,"alpha_e~0,alpha_p~pi/2"
electron,gradient_local_minimum_0818,gradient,gradient,gradient,0.00051099895,5.617645003281364,2.370157168476674,0.9994697204453197,0.43251443951336455,0.0,0.0,3.141592653589793,0.0,0.7152628850175352,1.7695019382344517,1.883178167857881,2.159127230817228,4.305541912845299,0.6833268224330564,0.3725814617957413,-0.503959519197638,2.2074485060949827,0.5522941657273566,-1.2425847607203404,0.1913122744851838,0.20584688900469736,2.669266442537676,0.8436131374341508,2.4973137947432837,143.0855405585901,0.31814236031475135,0.800574233001754,0.31814236031475135,0.800574233001754,False,,gradient,866003065,3.003930986928325,1.669386483602466,0.9999999999999998,0.5395794394357523,0.09788564657805278,0.9999999999999996,1.1544161746906347,0.2553898597719441,-0.22896772527319859,0.4181673800645391,0.4766434153143623,0.6588982663835397,0.6614435647443319,0.6607740700198106,0.9336297550109709,0.9331556067063825,0.9349546476502216,0.011061262671708122,1.150917752963976,0.8721923801482112,1.0004656922413258e-05,1.0089273777380559e-05,1.0232210515326301e-05,0.12752468523674906,0.35753569232175797,0.47288176115804686,0.48506037755850706,0.23035157237879333,-2.0935417239713012,0.9497851526782716,0.12752468523674906,0.06891023869682146,0.17760234390477597,0.17760234390477597,0.03976362697335746,0.337337278536717,0.33733727853671697,0.06891023869682146,866,latin_hypercube,nan,True,False,2,ABNORMAL: ,24,3133,1197,57891.6172702757,1.0067132726526289,0.07447824529931571,0.011061262671708122,87,73,False,1e-05,0.011061450026020188,True,0.4669223535607275,0.6345560735665383,0.37103848012962765,0.5220664558447826,0.3266992599702772,0.26942735894204894,0.6055626563235675,0.5488490436940586,0.3449243327313446,0.5632499605614053,0.687271543097755,0.700829360209148,0.2997171141373208,0.6852482781186637,0.9561809305531171,0.5313822215922596,818,0.011044829832525254,True,0,350,0.051320493930352436,False,"alpha_e~0,alpha_p~pi/2"
electron,gradient_local_minimum_0820,gradient,gradient,gradient,0.00051099895,5.674744166465554,2.3821721529867554,1.0064133701472802,0.44523209530646035,0.0,0.0,3.141592653589793,0.0,0.7147458667692963,1.8105677803320523,5.047280291199085,2.1344140214982334,1.1889956845841585,0.6840410685429366,3.534513628153165,-0.4922557659084048,2.247738366126071,0.5556440644500975,-1.3100481991033635,0.18105456201694997,0.19088732189238325,2.6773902143014787,0.8436640305916785,2.4779106858873563,141.97382431171255,0.3350295096167596,0.8038745931284436,0.3350295096167596,0.8038745931284436,False,,gradient,1405005288,0.13630863796144016,1.4724409760500223,1.0,0.43773770405078527,0.09594275450225,0.9999999999999998,1.1542934572892962,0.2545816082412019,-0.23066889380162764,0.41312939303907587,0.47185345099431325,0.658795700690786,0.6614695918864061,0.6608745635932197,0.9335759767067198,0.9331545117222001,0.9350441918986182,0.01106843031683013,1.1509293262375018,0.8722137372408577,1.0308044873508226e-05,1.037869430536853e-05,1.0431008442668421e-05,0.1373897619320879,0.3493777178674636,0.4741607253546446,0.4867674797995515,0.23077698545486888,-2.047994099080479,0.948202150028189,0.1373897619320879,0.06686215515637287,0.17572989877504974,0.17572989877504974,0.16919825972216945,0.33750262142539866,0.3375026214253987,0.06686215515637287,1405,sobol_screened,0.5701454519534954,True,True,0,CONVERGENCE: RELATIVE REDUCTION OF F <= FACTR*EPSMCH,12,5346,792,46904.34711803371,0.5701454519534954,0.19577457731247758,0.01106843031683013,207,193,False,1e-05,0.011068742127701117,True,0.5038171010091901,0.4593143844977021,0.5965510262176394,0.6246255990117788,0.9158813264220953,0.08433623984456062,0.09088976122438908,0.35805750638246536,0.34791718230426194,0.5763216240855341,0.6794050842521896,0.6950882571953907,0.8032996075146354,0.1892345405165009,0.04338838703537355,0.4686925194988323,820,0.011051997477647263,True,0,350,0.056362606451898105,False,"alpha_e~0,alpha_p~pi/2"
electron,gradient_local_minimum_0822,gradient,gradient,gradient,0.00051099895,6.576637844803547,2.5644956316600633,1.1107044661523477,0.4802623470579409,0.0,0.0,3.141592653589793,0.0,0.8031481959641977,1.95128389981402,1.99762671303344,2.1373797015669695,4.634024687495426,0.5328665375870753,0.8484049418581981,-0.4862011850294124,2.925584240747631,0.5858928823541416,-1.7005269413629462,0.13541788926830858,0.1281193735072871,2.947637096407436,0.87652418220958,2.50663643362707,143.61968842055563,0.413244842229726,1.0257734919220847,0.413244842229726,1.0257734919220847,False,,gradient,1271001356,3.037880423904339,1.6416612632257184,1.0000000000000002,0.10046479488023652,0.0571264814127958,1.0,1.1753039240452146,0.26390294274860804,-0.2155802045135656,0.4252079495110195,0.4821001998804962,0.6583997173469305,0.661992982060803,0.6608633238132116,0.9336647817450782,0.9328642568685873,0.9354039308998412,0.011129445948694857,1.1509864195347326,0.8723108889072166,5.0285708118047445e-06,5.201179018032853e-06,5.472883674528806e-06,0.24753140007107027,0.23343315546964816,0.4665354953691464,0.48096455554071843,0.22605321759878721,-1.5396078070585515,0.9399994864263945,0.24753140007107027,0.07417857877616772,0.11213637064226624,0.11213637064226624,0.08722701529905222,0.4068990738170152,0.4068990738170151,0.07417857877616772,1271,sobol_screened,0.5395252032565726,True,True,0,CONVERGENCE: RELATIVE REDUCTION OF F <= FACTR*EPSMCH,34,1410,882,2.263467481448947,0.5395252032565726,0.011218390074606984,0.011129445948694857,23,9,False,1e-05,0.01112966431112289,True,0.3088077502325177,0.5989725403487682,0.5356043335050344,0.5009540161117911,0.5583254238590598,0.829726374708116,0.7982272291556001,0.6684750858694315,0.3933327003036692,0.621112956062064,0.6803490895373266,0.7086530685250538,0.3179321658316871,0.7375279354247727,0.9669873719729559,0.5225570098497164,822,0.01111301310951199,True,0,350,0.03754826391542901,False,"alpha_e~0,alpha_p~pi/2"
electron,gradient_local_minimum_0823,gradient,gradient,gradient,0.00051099895,8.901290590050957,2.983503073578265,1.3442999845862178,0.27779045257787965,0.0,0.0,3.141592653589793,0.0,1.0227504319993197,1.52886756016207,4.09601211047859,2.7758112117635063,1.793526640860659,0.2828387725147375,5.787946965699617,-0.2779086830672337,5.178052013551277,0.7057435038551657,-1.416171065892551,0.16655310842168466,0.17024412766834246,3.038808884607701,0.9146750594960024,2.8665319652612777,164.24018344881273,0.09095614124101337,1.9718966150700707,0.09095614124101337,1.9718966150700707,False,,gradient,430004653,0.04167965093624512,1.5986728623554005,0.9999999999999999,0.15363746020460464,0.010444384077478379,0.9999999999999999,1.0372012220736013,0.33691056103218087,-0.22351920564592442,0.37008503115598435,0.44539101213162013,0.6612258161970639,0.6599561385881944,0.6595835720589689,0.9342229500329847,0.9339599265299656,0.9330615522794745,0.01117158315307808,1.1507500442203604,0.8718848530525019,1.0835502619321868e-05,1.1075828316386982e-05,1.1266951873534214e-05,0.022205273009890808,0.3714369318712607,0.39116585749801197,0.39364220488115154,0.1943447550574362,-2.687102360180756,0.9874182831391912,0.022205273009890808,0.12104781029765949,0.2650368220846759,0.2650368220846759,0.03267191035561669,0.34132097303417275,0.34132097303417275,0.12104781029765949,430,latin_hypercube,nan,True,True,0,CONVERGENCE: RELATIVE REDUCTION OF F <= FACTR*EPSMCH,55,4712,1710,2.767309907782125,0.8870796080611576,0.02436366830163672,0.01117158315307808,135,121,False,1e-05,0.011172343882761079,True,0.5802375007130646,0.5607439979079143,0.12968489002527955,0.13875295487807074,0.7577538500094619,0.6071595528938806,0.07410318414253238,0.7493243761791168,0.49770455717471507,0.4866536590652783,0.8835681508841318,0.7483125122780616,0.651900574346934,0.28544863045997637,0.01326704494569631,0.5088733768614624,823,0.011155150313895213,True,0,350,0.013917787564867291,False,"alpha_e~0,alpha_p~pi/2"
electron,gradient_local_minimum_0825,gradient,gradient,gradient,0.00051099895,4.774460423994213,2.1850538721034347,0.8911945134662584,0.5222154536501478,0.0,0.0,3.141592653589793,0.0,0.6145149774750361,2.018104684457728,1.2155578308196953,1.777920997374168,4.978525535830623,0.7829976214723285,2.734607133314812,-0.6284643687325591,1.5136418131455232,0.4676855770625181,-1.421014033563892,0.16593439579824826,0.16937669796996285,2.602653955695717,0.83100660847992,2.1847890776251897,125.17919327420337,0.43502946335815723,0.48134335314906673,0.43502946335815723,0.48134335314906673,False,,gradient,575005168,0.151595176170138,1.4564704294951885,1.0,0.3564888083735721,0.1171252101471538,1.0000000000000002,1.230760732106752,0.2512711499776356,-0.21584637142545376,0.4173112591995894,0.47154722516616304,0.6588966052699077,0.6611074789673728,0.6607366684573118,0.9333888313739361,0.9331264127823046,0.9346889998308735,0.01124470100751172,1.150739262552715,0.8718591784266418,6.875350798463131e-06,7.22075169568015e-06,7.482614175824409e-06,0.09343050467760125,0.41454025531189953,0.49474319804683065,0.5079707599895008,0.24075781805208024,2.3008007696092627,0.9479199868002498,0.09343050467760125,0.0510095979152889,0.15336315667664321,0.1533631566766432,0.1434970990949379,0.33866608333385606,0.338666083333856,0.0510095979152889,575,latin_hypercube,nan,True,False,2,ABNORMAL: ,12,5201,1107,46626.913953932366,0.9092888124957328,0.30813214664169897,0.01124470100751172,185,171,False,1e-05,0.01124494265746952,True,0.3518803872389577,0.39020633587015163,0.28212139563208344,0.16576411758732756,0.22508883773842253,0.8817846511757004,0.16783798379333578,0.4322272501945383,0.2988163813618364,0.6423826724167142,0.5659298303179431,0.673380231423643,0.19346203738901635,0.7923569483366706,0.04825424327272833,0.46360893664267017,825,0.011228268168328852,True,0,350,0.06335825558264381,False,"alpha_e~0,alpha_p~pi/2"
electron,gradient_local_minimum_0826,gradient,gradient,gradient,0.00051099895,5.233519903130265,2.287688768851713,0.9515445448147687,0.4743071611507196,0.0,0.0,3.141592653589793,0.0,0.6748442349690873,1.889817848238182,1.243729467908796,1.9676850979916138,5.046614186296084,0.753648756228892,2.7081537495136563,-0.5698910700788465,1.8485969248814165,0.5089637239643944,-1.3322587937027799,0.17786251169697517,0.1862926490690104,2.6633270011345664,0.8342559769424728,2.374816575727837,136.06696690691533,0.39392301090579007,0.6520920764952611,0.39392301090579007,0.6520920764952611,False,,gradient,554004911,0.1517443492908229,1.4617745502861783,1.0,0.43012448120695274,0.11466412387708842,0.9999999999999999,1.199354277681031,0.23257358865150973,-0.24335414489905272,0.42053124813109444,0.4771289949234866,0.658354727917396,0.6613682130008784,0.6612401477765779,0.9331897347005284,0.9330987428197429,0.9352274648875678,0.011252068444718072,1.1508467128634037,0.8720517192856934,4.220011278588398e-06,3.7830490056123267e-06,3.964880460893827e-06,0.11190572583416683,0.3943100296246601,0.4913822515015408,0.5062157554588269,0.23827437377212732,2.2050831203246277,0.9413945386040335,0.11190572583416683,0.058947352993429694,0.16295588025118546,0.16295588025118543,0.15677347226575697,0.3308283642899875,0.33082836428998763,0.058947352993429694,554,latin_hypercube,nan,True,False,2,ABNORMAL: ,12,4944,954,48843.254260552494,1.0022854639387615,0.24564359557657095,0.011252068444718072,180,166,False,1e-05,0.011252201539278346,True,0.1368342735388936,0.7101308363186887,0.4182255609227553,0.428293496190296,0.06730562027458116,0.6366290615605704,0.030050752921763034,0.28462418535837075,0.3243820245502862,0.601547704180792,0.6263336195872516,0.6940696483197524,0.1979456926867377,0.803193593626705,0.04830172655179521,0.4652972907279552,826,0.011235635605535204,True,0,350,0.0623142156380748,False,"alpha_e~0,alpha_p~pi/2"
electron,gradient_local_minimum_0841,gradient,gradient,gradient,0.00051099895,6.269217196788533,2.503840489485808,1.0762212834725984,0.4808909150888907,0.0,0.0,3.141592653589793,0.0,0.6052060900652837,2.35631882470102,2.619995882039105,2.4988224164565334,0.0009393657599420994,0.21824355549757468,4.331466782778218,0.1988210911043285,3.5925570340942654,0.7558968348234084,-1.981992550679597,0.11254891778774599,0.09934888218865515,2.039995098270852,0.8818666269892302,2.549571642430144,146.0796946774847,0.12998172194692292,0.9352639636540395,0.12998172194692292,0.9352639636540395,False,,gradient,428001594,0.040964354828790586,1.5884904989379853,0.9999999999999999,0.03688936231676805,0.010239225585445986,1.0,1.1111538054772818,0.3431384274610556,-0.19971462853844682,0.23937631336730078,0.3079060769449523,0.6598627897985514,0.6608852492322584,0.6591722328404724,0.9339116418998316,0.9327000365734087,0.9334236223988867,0.011656932116236939,1.1503491305378848,0.8711323331170238,2.7408625276614806e-06,2.4243154166936343e-06,2.313651580987397e-06,0.1318786236479599,0.22550939263273947,0.33385223170568545,0.3573880162806994,0.15515822356533576,-1.877299609360982,0.8682900181156131,0.1318786236479599,0.018826158533984543,0.11210129992893991,0.1121012999289399,0.3814388154079691,0.5305106837903609,0.5305106837903611,0.018826158533984543,428,latin_hypercube,nan,True,True,0,CONVERGENCE: RELATIVE REDUCTION OF F <= FACTR*EPSMCH,34,1631,963,5.993680154318988,0.9648639437793296,0.011884874491722219,0.011656932116236939,30,16,False,1e-05,0.011657228564658811,True,0.45072499274151256,0.5431452503377057,0.7898815072210374,0.38100921235172364,0.2441619647352643,0.05205901197762722,0.2332936958599851,0.49455534861034045,0.37822392374227304,0.750039576903305,0.7953998789757839,0.5394148616122846,0.4169852955069339,0.00014950470406605986,0.013039359123144748,0.505632229920983,841,0.011640499277054071,True,0,350,0.013075006816379374,False,"alpha_e~0,alpha_p~pi/2"
electron,gradient_local_minimum_0846,gradient,gradient,gradient,0.00051099895,8.4174021413745,2.901275950573213,1.2990073932480204,0.3500162933075202,0.0,0.0,3.141592653589793,0.0,0.9816367440437804,1.6197319635099139,5.2160107784301815,2.5329695948546127,1.2628637080304532,0.4612213399964205,3.7352286329987323,-0.3529648219342296,4.523023376276093,0.6719533108385695,-1.493102426831847,0.15712678257834647,0.1571598787573606,3.0879778385481775,0.8930156586203135,2.777007944442653,159.11083489086423,0.22897168369574383,1.7439321584183387,0.22897168369574383,1.7439321584183387,False,,gradient,708010277,3.0669005472635757,1.5222502441732553,1.0,0.14804235091371826,0.029985093471200416,1.0,1.112969998687624,0.26358990919231995,-0.2993698951941824,0.3599428663712731,0.43885374986042197,0.6585457462660684,0.660516195110669,0.660635397845091,0.9327231924936353,0.9328078020425343,0.9341996156258492,0.011838659219358389,1.1502431083823086,0.870942123191007,8.409886910809572e-06,8.766740349330782e-06,8.148946067432217e-06,0.11399838397793266,0.31363446220440516,0.41662669675388564,0.4276328461823378,0.20281027366271676,2.085382286762889,0.9485252382892999,0.11399838397793266,0.03255518765924453,0.23516863619512823,0.23516863619512826,0.23869921664544508,0.33719851762253394,0.3371985176225339,0.03255518765924453,708,latin_hypercube,nan,True,True,0,CONVERGENCE: NORM OF PROJECTED GRADIENT <= PGTOL,0,10300,9,0.0,1000.0,1000.0,0.011838659219358389,464,450,False,1e-05,0.01183890544212397,True,0.5732983847235288,0.15141189873675862,0.4615103148970451,0.8005820069900538,0.9460061576813595,0.9884150619460214,0.9192485581818916,0.46573606166396014,0.4772223493315507,0.5155766969530885,0.8062692634451741,0.7429253068470849,0.8301538986077682,0.20099100158440672,0.9762247641364742,0.48454730196603646,846,0.011822226380175521,True,0,350,0.031146103536267435,False,"alpha_e~0,alpha_p~pi/2"
electron,gradient_local_minimum_0864,gradient,gradient,gradient,0.00051099895,4.390213919092197,2.095283732359939,0.8376835730795205,0.47345975383715866,0.0,0.0,3.141592653589793,0.0,0.5786402362268447,1.917066413918252,4.451147753998413,1.917342343207177,1.891143268948129,0.697113870606842,5.990496370651128,-0.6239938351711417,1.3790776094037993,0.46956031334428705,-1.152289587393369,0.20651775413926302,0.22852287684376885,2.437721602125425,0.8366512640226403,2.224123698661936,127.43290104835543,0.3200826617860525,0.43347667279143887,0.3200826617860525,0.43347667279143887,False,,gradient,1189002696,0.14795870008429485,1.6890454438543323,1.0,0.8567257721007628,0.12172772803811097,1.0,1.2065870668160295,0.31419716865390335,-0.12413035950747248,0.45602730820426524,0.4950287157055042,0.6631347013481819,0.6578082185048899,0.6590000935068325,0.9340656184343259,0.9349059815244576,0.9311354436666918,0.01223614428081629,1.1503641182909479,0.8711698911566991,1.929507638032124e-05,2.0438916053078238e-05,2.0438877775919018e-05,0.4376042745612211,0.057906100114041126,0.4889469479336981,0.4955103746752622,0.24119176059606695,-0.6646556220073376,0.973508418483203,0.4376042745612211,0.056917127080491944,0.1240319419883111,0.12403194198831109,0.04941951553555837,0.3804576833364267,0.38045768333642677,0.056917127080491944,1189,sobol_screened,0.5180192078456242,True,True,0,CONVERGENCE: RELATIVE REDUCTION OF F <= FACTR*EPSMCH,20,2760,828,66192.55014325495,0.5180192078456242,0.05196996669234549,0.01223614428081629,87,73,False,1e-05,0.012236155181136384,True,0.2647534226998687,0.3547207163646817,0.6415828848257661,0.6601424980908632,0.6997571056708694,0.31486508063971996,0.263426611199975,0.8227136330679059,0.27645526019962324,0.6102211920210866,0.610309023041639,0.6746859407514327,0.7084221674812351,0.3009847993480604,0.047096716983733515,0.5376398629925228,864,0.012219711441633422,True,0,350,0.05749160594688848,False,"alpha_e~0,alpha_p~pi/2"
electron,gradient_local_minimum_0868,gradient,gradient,gradient,0.00051099895,11.558386711410737,3.3997627434000064,1.570483473882395,0.20660647313453084,0.0,0.0,3.141592653589793,0.0,1.182774199619897,2.013395057049347,2.946613726024711,2.9664036021017406,0.26557191899393356,0.07300084475698745,4.539526998027227,0.28064429572343896,7.882764097299175,0.7868855933492054,-2.0322359224073057,0.10908591572881934,0.0951709321821983,3.0147548530680366,0.9381125745390843,2.983108552556456,170.91952989086485,0.028432143741602856,2.9536962311879797,0.028432143741602856,2.9536962311879797,False,,gradient,463002295,3.1293526727669536,1.5853240812435285,1.0,0.015006164675971177,0.000894974795797708,1.0000000000000002,1.024502558236681,0.35638408954807305,-0.29220295713208233,0.3267604788959052,0.43089696373667696,0.6594671922529194,0.6606516606588873,0.6586138590366738,0.9334662063817186,0.932025259860144,0.9328634901613876,0.012363674204438338,1.149785742626353,0.8700867818797493,1.5640673828865026e-06,1.8920442403369542e-06,1.4592295601856264e-06,0.08711298189056811,0.28147737717506643,0.3512780623255901,0.36859035906563453,0.16698288279277282,2.191968761166207,0.9060621293300747,0.08711298189056811,0.11318659469959505,0.13889577118681112,0.13889577118681112,0.30051659692330435,0.4925138697475544,0.49251386974755434,0.11318659469959505,463,latin_hypercube,nan,True,False,1,STOP: TOTAL NO. OF ITERATIONS REACHED LIMIT,80,2330,1458,16.13817219945223,1.0988184968609855,0.012843917045522452,0.012363674204438338,38,24,False,1e-05,0.012364074208123244,True,0.41825825323868066,0.8246202130345215,0.9027629129926964,0.336464731427618,0.7123281486615699,0.35698072020212607,0.08343724859968008,0.9528733599083643,0.6013919630139292,0.6408835514523844,0.9442355929601918,0.7402060988061654,0.4689681398792606,0.042267083654284936,0.9961038930973901,0.5046243278650501,868,0.01234724136525547,True,0,350,0.0038963448649800983,False,"alpha_e~0,alpha_p~pi/2"
electron,gradient_local_minimum_0871,gradient,gradient,gradient,0.00051099895,6.061762221731831,2.4620646258235857,1.0523521230087078,0.4345871869454812,0.0,0.0,3.141592653589793,0.0,0.7620298861069833,1.7838876353866384,5.055726534561619,2.167000396248501,1.1986704215794188,0.6758515354149977,3.60804341578669,-0.4916927269515827,2.496267030456874,0.5676582275635859,-1.348427205311421,0.17559351001139029,0.18304174855396763,2.781059308821395,0.8486206020056316,2.537528325495576,145.3896634457955,0.3516392594207014,0.9255591719934955,0.3516392594207014,0.9255591719934955,False,,gradient,1639006479,3.008918047370563,1.4792239033463976,0.9999999999999999,0.35498666057081685,0.08860582797537837,0.9999999999999997,1.1373301398754447,0.23112436198742203,-0.26827317227099345,0.40493049166169415,0.46693495744116925,0.6578833918666774,0.6602175132369502,0.6607411569027958,0.932041507002465,0.9324125795196876,0.9340611825363927,0.012403594726283062,1.1498384574258678,0.8701852101204672,3.6486966393245446e-06,3.7847273084423705e-06,4.251511256769813e-06,0.3292978676527407,0.1580192970292092,0.4721425573956337,0.4873171646819499,0.22848397505465878,1.1865988043206723,0.9377218436530141,0.3292978676527407,0.024694342963333768,0.182395846680279,0.18239584668027897,0.2143484383010975,0.3302869886377712,0.3302869886377712,0.024694342963333768,1639,sobol_screened,0.6063885663820721,True,True,0,CONVERGENCE: RELATIVE REDUCTION OF F <= FACTR*EPSMCH,18,6524,1188,45209.71380836953,0.6063885663820721,0.1934709936715825,0.012403594726283062,243,229,False,1e-05,0.012403738282577554,True,0.49307806976139545,0.35065601859241724,0.9011875251308084,0.6356434812769294,0.6533609898760915,0.050558037124574184,0.7951880041509867,0.3286527842283249,0.36781784493169883,0.5678290701845924,0.6897776494900897,0.7097424370208643,0.8046438688963397,0.1907743227324106,0.9577683611948776,0.47085159231453444,871,0.012387161887100194,True,0,350,0.05410193582561424,False,"alpha_e~0,alpha_p~pi/2"
electron,gradient_local_minimum_0884,gradient,gradient,gradient,0.00051099895,6.986049615957861,2.6431136214619797,1.1551159265356907,0.43437704785791736,0.0,0.0,3.141592653589793,0.0,0.852556606408729,1.8199106753465688,1.979730512828941,2.2296783487609533,4.4791692823954286,0.5896416111560913,0.6952345808902107,-0.4626912561116635,3.201792369042015,0.603308237731841,-1.5639978322283141,0.14914470752228434,0.14629784128382584,2.985110558380009,0.8691255237947821,2.607813217808132,149.41669113883646,0.3818734318694137,1.2007707002762773,0.3818734318694137,1.2007707002762773,False,,gradient,614004744,0.11024440648949209,1.6434412676957237,1.0,0.1508106377994261,0.061622133765049526,1.0,1.1206611110725877,0.22858328405564987,-0.2863235968610779,0.3961359110913012,0.46158469916443234,0.6564639056608834,0.6610252815899907,0.6608219147846498,0.9316280396085312,0.9314837703723549,0.9347040085414726,0.013041575145925095,1.1495873165418662,0.869745967595587,3.1521848167237465e-05,3.1551971905685594e-05,3.155762271972451e-05,0.24552496902731202,0.23458548448732963,0.4632537536513541,0.48011045351464166,0.22319852689403333,1.5462876977633944,0.9297799090193173,0.24552496902731202,0.040822047056426676,0.16364567642112265,0.16364567642112265,0.03021789763434658,0.35624387006423563,0.3562438700642357,0.040822047056426676,614,latin_hypercube,nan,True,True,0,CONVERGENCE: RELATIVE REDUCTION OF F <= FACTR*EPSMCH,26,4783,1305,55674.00978254789,0.9437545400984566,0.09548172427255446,0.013041575145925095,157,143,False,1e-05,0.013042097075331436,True,0.5031751048384734,0.8885733155761617,0.04850423968876871,0.3202184860210201,0.494027447502684,0.7325482124872653,0.19498905440925757,0.8900609427284548,0.4129158980185604,0.579295559934232,0.7097286614205615,0.7244071305797196,0.3150838971065789,0.7128819322386102,0.035091884482069784,0.5231236028699705,884,0.013025142306742227,True,0,350,0.039649365265248294,False,"alpha_e~0,alpha_p~pi/2"
electron,gradient_local_minimum_0894,gradient,gradient,gradient,0.00051099895,4.407705552213508,2.099453631832222,0.8401855385986372,0.5053754287082151,0.0,0.0,3.141592653589793,0.0,0.5807232156745042,1.9904275076753706,1.8897654896374783,1.7570573643450453,4.420461186467674,0.8071674179178532,0.33709370737512706,-0.6596771730154312,1.2883296261952624,0.44226349251752467,-1.2697540340645987,0.18707551550715237,0.19963427796169125,2.504550715243686,0.8257230375789391,2.148020988512236,123.07253694727021,0.39756031054938823,0.4068481066148065,0.39756031054938823,0.4068481066148065,False,,gradient,1308002972,2.9823926467547253,1.692871723704746,0.9999999999999999,0.5985277000948357,0.13080739887792514,0.9999999999999998,1.2315275507358072,0.265056170513252,-0.19256697008581547,0.4311831723813041,0.4822242360395903,0.6582572159970516,0.6593429983549846,0.6589999202420843,0.9316857081572508,0.931442979147741,0.9322103718892704,0.013532700352962496,1.1487751912568738,0.8682130762318849,2.5068925477711446e-06,2.566112356494621e-06,2.0930991171397295e-06,0.0641680955886482,0.44468461679924187,0.4974663045791976,0.5088527123878901,0.24303994838525256,-2.4699926943679498,0.9552467441698028,0.0641680955886482,0.06328646874894897,0.14739121843161104,0.14739121843161104,0.08285640877306852,0.343756069180499,0.34375606918049917,0.06328646874894897,1308,sobol_screened,0.5506443477295108,True,False,2,ABNORMAL: ,9,3028,549,41018.56943560982,0.5506443477295108,0.32804629190507073,0.013532700352962496,113,99,False,1e-05,0.013533035894175828,True,0.14661643840372562,0.3919180128723383,0.7354582604020834,0.5691506257280707,0.4320667078718543,0.7621901584789157,0.8413285510614514,0.6914872769266367,0.2774939533285456,0.6335727534252333,0.5592887296630626,0.6751294852847707,0.3007655189602806,0.7035382485721947,0.9493250639438708,0.5388578056962152,894,0.013516267513779628,True,0,350,0.061130464576084696,False,"alpha_e~0,alpha_p~pi/2"
electron,gradient_local_minimum_0900,gradient,gradient,gradient,0.00051099895,4.682981751643791,2.1640198131356816,0.8787205520532005,0.49489383255639746,0.0,0.0,3.141592653589793,0.0,0.6130088606370144,1.950251267762414,5.034181650031575,1.8295236197722888,1.2545674010416035,0.8044066975897008,3.509633350405691,-0.626531268218601,1.4597589810656324,0.4648680533491412,-1.288723626605198,0.1842029040022302,0.195450352614414,2.560242684209064,0.8256755568524436,2.236569861136593,128.14601362928738,0.4008463007118652,0.4863639779420151,0.4008463007118652,0.4863639779420151,False,,gradient,1852004167,2.981081704016013,1.4506236271198645,0.9999999999999999,0.5471488803438597,0.13015748119780543,0.9999999999999999,1.2294011985503068,0.246765952444363,-0.2170079902213491,0.4266166197451352,0.48016680314014343,0.6577974689149086,0.6592356385597329,0.659489383533761,0.9312854740654187,0.931465224592954,0.9324813403766166,0.013616028813707777,1.1487388050033833,0.8681460737454428,3.4969471326973256e-06,3.707521401996594e-06,3.5760095726256047e-06,0.4323430203180585,0.07888788952097223,0.49818167438657013,0.5112309098390307,0.24256621946705476,0.75455778959989,0.9489497399264478,0.4323430203180585,0.03028273145363899,0.1563795843907403,0.1563795843907403,0.18022278360605465,0.33238950577022913,0.33238950577022935,0.03028273145363899,1852,sobol_screened,0.627849114632744,True,True,0,CONVERGENCE: RELATIVE REDUCTION OF F <= FACTR*EPSMCH,15,4201,1638,27026.11939116329,0.627849114632744,0.5116878814681848,0.013616028813707777,119,105,False,1e-05,0.013616245549687466,True,0.31686259619891644,0.2207637233659625,0.4841052368283272,0.6640131659805775,0.8503850847482681,0.3341214321553707,0.8430358730256557,0.2943529458716512,0.2935769426970977,0.6207842590712475,0.582355455180274,0.6818861065230281,0.801214894025039,0.19967060331772343,0.948907777909918,0.4617478416440417,900,0.01359959597452491,True,0,350,0.06672707660411213,False,"alpha_e~0,alpha_p~pi/2"
electron,gradient_local_minimum_0911,gradient,gradient,gradient,0.00051099895,4.8187262874788965,2.1951597407657824,0.897174323252225,0.5314366956709533,0.0,0.0,3.141592653589793,0.0,0.6048023023916801,2.023518355160634,1.1956113549982679,1.8026866701734958,4.979720651145303,0.7596035973636976,2.7852909431323836,-0.6001428639926795,1.5857090855555946,0.4841038795647078,-1.4561022912782822,0.16155540929397325,0.16327229984403666,2.569690332387798,0.8315952079862765,2.1628098750092657,123.91987772724802,0.4179111019999643,0.48271449913864567,0.4179111019999643,0.48271449913864567,False,,gradient,108003707,0.1457490752641725,1.4559923159146662,0.9999999999999999,0.339228990509441,0.11247006618845058,0.9999999999999997,1.227413688715963,0.27828673436994333,-0.18443816416390232,0.41373635692414457,0.4650630513225045,0.6580090612140702,0.6591705468083768,0.6584690068540616,0.9313925586738755,0.9308964164780288,0.9317177713408898,0.0140835922798792,1.1483247537197063,0.8673856244648662,1.0363933592105745e-05,1.0780584439373797e-05,1.0762665405894545e-05,0.0991346135084197,0.39828743134967515,0.48694329285212395,0.4974220448580948,0.23823227042307654,2.249596426466333,0.9578677619366055,0.0991346135084197,0.05306288834932715,0.1551774054424601,0.15517740544246006,0.14705457797364568,0.3474005496994451,0.347400549699445,0.05306288834932715,108,latin_hypercube,nan,True,False,2,ABNORMAL: ,2,3741,621,4.963914268054915,0.9295879559886284,0.5578081915365579,0.0140835922798792,140,126,False,1e-05,0.01408383106514107,True,0.19287082128913519,0.6464626923557054,0.2626846818761174,0.5844522657460208,0.13750718484980048,0.7709960401699729,0.21762502358713665,0.4988030741949567,0.30133368337622407,0.6441058973219927,0.573812988807962,0.6571408339115954,0.19028745716477322,0.7925471568465667,0.04639337155873149,0.4634567483632712,911,0.014067159440696333,True,0,350,0.06205370152635509,False,"alpha_e~0,alpha_p~pi/2"
electron,gradient_local_minimum_0915,gradient,gradient,gradient,0.00051099895,4.898481188145835,2.213251270901213,0.9078582412944676,0.44218535226869093,0.0,0.0,3.141592653589793,0.0,0.6376245320540908,1.7999421965635438,1.2982346332270098,2.067055512387446,5.12813633375437,0.7225382270685364,2.862237890349498,-0.5532503745479215,1.7116102026569888,0.5115359734359456,-1.1300720339954389,0.21054792198153963,0.23462983906499074,2.514254979705303,0.8326258985627244,2.3885452555061724,136.85356231650053,0.3032487317440112,0.5940178160745948,0.3032487317440112,0.5940178160745948,False,,gradient,689009279,0.15078793394988624,1.456305078359915,1.0000000000000002,0.9011971328410814,0.12059381746422561,1.0000000000000002,1.1918199285536166,0.28198257185477776,-0.18116790289511286,0.43536921668425355,0.4864554078801541,0.6603587914982599,0.6570988484045713,0.6582724547387562,0.9315924834492757,0.932420755690137,0.9301148284692506,0.014205464769846857,1.148365136201344,0.8674585676428413,1.1925135532886433e-05,1.2107464936073065e-05,1.2072895981873888e-05,0.08025562557070504,0.4114111734742565,0.48257141042462715,0.4916667990449615,0.23673801090214636,2.3453729671363646,0.9630018189635674,0.08025562557070504,0.060591963181211995,0.16137911537093524,0.16137911537093522,0.17399974955106917,0.3469540855841032,0.3469540855841031,0.060591963181211995,689,latin_hypercube,nan,True,False,2,ABNORMAL: ,14,9337,891,55911.28286500823,0.8860051280025956,0.12226877512098847,0.014205464769846857,383,369,False,1e-05,0.014205748515263992,True,0.2156942770991054,0.25052187529676345,0.5295324529323405,0.3433903950021031,0.2345784171733024,0.8327827878017012,0.42615899513165895,0.2577686677996153,0.3058401584527265,0.5729393957255439,0.6579642048836251,0.6868500623504689,0.20662045917117236,0.8161682463661577,0.04799729009347724,0.46355630374162093,915,0.01418903193066399,True,0,350,0.06319700336386054,False,"alpha_e~0,alpha_p~pi/2"
electron,gradient_local_minimum_0918,gradient,gradient,gradient,0.00051099895,1.7291297711363443,1.3149637908080756,0.32293093350637436,0.18798556696393653,0.0,0.0,3.141592653589793,0.0,0.16821530463141554,2.08882916764357,2.4659188241981314,2.1380923876349884,5.311705938789647,0.26467782962178554,0.3063383849001514,-0.4347987423696177,0.24127620987804574,0.4085123393434419,-0.19849134596718926,0.6531886115827762,1.0345938186531134,1.2291893861937475,0.6954335015799059,2.043084153548301,117.06009918837589,0.02513190959697235,0.046524341552428614,0.02513190959697235,0.046524341552428614,False,,gradient,1509004732,0.17045859762261378,1.3827609791112114,1.0000000000000002,284.77929862381484,0.16248153688185193,1.0000000000000002,1.1225830368915422,0.32588835542423006,-0.21217996866706956,0.25101889593827326,0.32016587698114923,0.6579516873692842,0.6623987254712936,0.6559020229901326,0.933635082779975,0.9290368498826755,0.9321918620338518,0.014492885830079209,1.1486202520945916,0.8679071336475267,1.973379488207083e-06,1.5817652883054478e-06,2.1323735973077795e-06,0.33272258883030736,0.10126735783781061,0.4234790422853175,0.43398994666811797,0.2064840689512585,-0.9758461086565647,0.9515615305677189,0.33272258883030736,0.027358142605961693,0.11597091296852938,0.11597091296852936,0.28701380926341585,0.4500391403633526,0.4500391403633527,0.027358142605961693,1509,sobol_screened,0.5871111916204472,True,True,0,CONVERGENCE: RELATIVE REDUCTION OF F <= FACTR*EPSMCH,19,4790,459,3.9871256630032548,0.5871111916204472,0.01719712912481322,0.014492885830079209,193,179,False,1e-05,0.014493433134107853,True,0.05798592418432236,0.5434556333348155,0.6120959687978029,0.2830266263335943,0.43634068686515093,0.8025259133428335,0.09080996457487345,0.3376995259895921,0.08208295769246819,0.664894974610007,0.6805759445585224,0.49630589321753277,0.39246317013448706,0.8453842564089488,0.05425865680830277,0.44014648988027666,918,0.014476452990896341,True,0,350,0.084302718433051,False,"alpha_e~0,alpha_p~pi/2"
electron,gradient_local_minimum_0919,gradient,gradient,gradient,0.00051099895,5.036413284762642,2.244195464918919,0.9260710526494811,0.4614735220212336,0.0,0.0,3.141592653589793,0.0,0.652812215795045,1.8443518226645854,1.879065997366934,1.994881599664444,4.331251316682757,0.76655650193906,0.3473255598988378,-0.5659533133445912,1.739727048472368,0.5049151585740447,-1.2270780204351888,0.1937975266185936,0.20951211146315227,2.585699875569,0.8289488047576662,2.3706784253629998,135.82986835601963,0.35578576232723524,0.612110276345946,0.35578576232723524,0.612110276345946,False,,gradient,597007017,2.985116385983849,1.686107923427,1.0,0.6441204869355572,0.12414411844029224,1.0,1.20163968627733,0.24948241860219356,-0.22096568608388784,0.4258559327971974,0.4809829865894988,0.6567156712570921,0.6594389905571314,0.6589608744492819,0.930670168130911,0.930331358484054,0.9322558010055524,0.014513471165893703,1.1480746254759684,0.8669186096211745,1.1706707156666774e-05,1.1529649170172185e-05,1.1662186533367702e-05,0.09421521287649356,0.40713690484871046,0.4887670393094541,0.501352117725204,0.23809098044685206,-2.2878242044698722,0.9497954512574814,0.09421521287649356,0.06885017797252162,0.16836188878167946,0.16836188878167946,0.05244778841494945,0.3302859934931166,0.33028599349311644,0.06885017797252162,597,latin_hypercube,nan,True,False,2,ABNORMAL: ,4,7052,684,0.7008053388732747,1.0836593153424132,0.9024503670706215,0.014513471165893703,287,273,False,1e-05,0.014513797726336222,True,0.4983010075056983,0.2361003530540671,0.2178381188109106,0.740813393354564,0.33311786572893565,0.5598135985985487,0.9138960082405374,0.9579169073345785,0.3135481432422576,0.5870754187552311,0.6349905349393274,0.689568411991347,0.29906264187684994,0.689340056823341,0.9501920570678876,0.536704821199636,919,0.014497038326710836,True,0,350,0.059221855802199984,False,"alpha_e~0,alpha_p~pi/2"
electron,gradient_local_minimum_0931,gradient,gradient,gradient,0.00051099895,7.513988694850287,2.7411655723159605,1.2100955213121207,0.4179526787583698,0.0,0.0,3.141592653589793,0.0,0.9015817589015946,1.7957330833932694,4.2684075701146735,2.301272864445137,1.7658186612238382,0.5453944476975313,5.521685801850538,-0.43400629771653815,3.648343700661863,0.6260994049746411,-1.610446029177832,0.1442453963122591,0.13973667302325626,3.0586000724318874,0.8783498507308181,2.659846157305567,152.39795896769905,0.36305800617129236,1.382006841913265,0.36305800617129236,1.382006841913265,False,,gradient,547007360,3.0428228939707513,1.6344814847438374,1.0,0.11936978701354475,0.049927134990898285,1.0000000000000002,1.1271132888620674,0.2337762891318036,-0.2951048577524511,0.3869063007958028,0.45589481934593956,0.6558934512728462,0.6588534020523225,0.659730823680917,0.9296746119342156,0.9302962458937556,0.9323858534045149,0.01500717134500657,1.1477756916114594,0.8663577397641811,1.0859256509787585e-05,1.0125986708520163e-05,1.0814518245083615e-05,0.27248713055703705,0.1972415836404546,0.45317699901695074,0.4697287141974916,0.21831264191820496,1.3975973117820966,0.929526491865337,0.27248713055703705,0.0978712031245139,0.16536343684489785,0.16536343684489785,0.0503663574136583,0.3649078489576106,0.3649078489576106,0.0978712031245139,547,latin_hypercube,nan,True,True,0,CONVERGENCE: RELATIVE REDUCTION OF F <= FACTR*EPSMCH,22,7428,1116,33223.268769228,0.8579803843945867,0.29103341070738503,0.01500717134500657,286,272,False,1e-05,0.015007833808640915,True,0.7964476331006569,0.32879293737271476,0.4911304649423375,0.7886421653743472,0.7234069111018783,0.6950920128774488,0.872546763219745,0.538397835728925,0.43733996107006184,0.5715995933913791,0.7325179035593775,0.7317457623910351,0.6793381639146162,0.2810387685376868,0.9685606090572624,0.5202716153783241,931,0.014990738505823702,True,0,350,0.035098820008346465,False,"alpha_e~0,alpha_p~pi/2"
electron,gradient_local_minimum_0936,gradient,gradient,gradient,0.00051099895,5.793213971868026,2.406909631014016,1.0206801190038663,0.4105531346763148,0.0,0.0,3.141592653589793,0.0,0.7344520300183938,1.698694614458212,1.8761145802320893,2.245904624367946,4.248397003583997,0.6624100914133293,0.3170613149952333,-0.476507050732897,2.367834173886354,0.5692965527933396,-1.185966511855667,0.2006338322400271,0.21967965717756754,2.6712378457955106,0.8465123254583239,2.551367266152556,146.18257633837246,0.2811289106553835,0.8720627416708798,0.2811289106553835,0.8720627416708798,False,,gradient,363005840,0.13134273701421312,1.664533782930971,0.9999999999999999,0.6396154730480612,0.09063795701250495,0.9999999999999996,1.14371576230638,0.264324659199617,-0.2303202770102746,0.41069563734404013,0.47157496607154237,0.6575058204143652,0.6576921355901796,0.6581884709685519,0.9299866364593536,0.9303376877570182,0.9304697881138818,0.015373454862088319,1.1472594068696809,0.8653922950232305,2.2948970433978033e-06,2.2460663872680975e-06,3.0180596006235128e-06,0.3404149494151701,0.13169057321149275,0.4610090582000045,0.47210552262666283,0.2249562968866731,1.0883789134642576,0.9529915923672289,0.3404149494151701,0.09185776399362129,0.1959963013045044,0.19599630130450443,0.015994055249751605,0.3318981760688328,0.3318981760688328,0.09185776399362129,363,latin_hypercube,nan,True,True,0,CONVERGENCE: RELATIVE REDUCTION OF F <= FACTR*EPSMCH,23,5873,1134,33476.92672259752,0.8513059881580416,0.2579399713636024,0.015373454862088319,214,200,False,1e-05,0.01537349298985196,True,0.371022278366828,0.7163458821138594,0.16485570543918146,0.3820445424531062,0.4144714274984159,0.8374775753872523,0.19228686474802742,0.862126023507553,0.35407911705222733,0.5407112893892116,0.7148936453622101,0.7049603409937346,0.2985929092507133,0.6761533833371897,0.04180769167006173,0.5298375589938319,936,0.015357022022905452,True,0,350,0.048799800324236677,False,"alpha_e~0,alpha_p~pi/2"
electron,gradient_local_minimum_0937,gradient,gradient,gradient,0.00051099895,4.45508684822922,2.1107076652699255,0.846929804021969,0.5572101649145085,0.0,0.0,3.141592653589793,0.0,0.5705815455692953,2.111139315567331,1.1866747895180245,1.6177710669115688,4.927709391286186,0.7983083959230888,2.7799964528436143,-0.6830846737806903,1.29164164215244,0.43474596412942157,-1.4834660195821259,0.15826211204304605,0.15872084745247236,2.5592285403193205,0.8309998860451975,2.007521737118421,115.02252281765706,0.46055076044938514,0.36463857173460645,0.46055076044938514,0.36463857173460645,False,,gradient,312005613,0.14531828322791795,1.4569508457355727,1.0,0.3122986822433483,0.11099086000035954,1.0000000000000002,1.244045351332965,0.27251290921389365,-0.1968434098592724,0.4057456281147579,0.45938799839509104,0.6578321256321721,0.6575717595868528,0.6579562669611683,0.9301342766968131,0.9304061149383333,0.9302220459125082,0.015383026786369524,1.1472465618147072,0.8653727373735195,6.048166412253586e-06,5.983967425016168e-06,5.9864620267635615e-06,0.07831444068661703,0.422650380951411,0.4892718455659948,0.500964821638028,0.2387894347469808,2.3760454614242463,0.9533181749816279,0.07831444068661703,0.047340169534459985,0.1523820740623514,0.1523820740623514,0.1317817630339295,0.3466531042996206,0.3466531042996206,0.047340169534459985,312,latin_hypercube,nan,True,True,0,CONVERGENCE: RELATIVE REDUCTION OF F <= FACTR*EPSMCH,41,5641,1062,3.9769495692954213,0.8936318247881826,0.4271609507213231,0.015383026786369524,207,193,False,1e-05,0.015383753930526912,True,0.38489833484004465,0.9709345165350114,0.20667022614777714,0.7162501855447625,0.01554649541890032,0.9834574678235994,0.26766666902459546,0.644797736132791,0.2802972552503555,0.671996515256363,0.5149525241800511,0.6567233171659013,0.18886515859432806,0.7842693077435511,0.04625624619470242,0.46376185788146773,937,0.015366593947186657,True,0,350,0.061748707149325406,False,"alpha_e~0,alpha_p~pi/2"
electron,gradient_local_minimum_0946,gradient,gradient,gradient,0.00051099895,8.012771871403519,2.830683993561188,1.2599300314147395,0.35482663377299933,0.0,0.0,3.141592653589793,0.0,0.827779232425444,2.2485961457317405,2.82489357827587,2.734425259410726,0.28578611163014944,0.18695393765257998,4.429602881544973,0.3216538972805972,4.995990192046317,0.7724945246715007,-1.9515135457962745,0.11473101844901663,0.1020072149622018,2.351200866718709,0.9066890079525002,2.7989703053127184,160.3691854768622,0.08526466694354728,1.607502990068984,0.08526466694354728,1.607502990068984,False,,gradient,393004914,3.1136691482305494,1.5883034731070986,1.0,0.02678686027509916,0.004822164828619301,1.0,1.1274605844289944,0.3624144052102098,-0.2813061549500103,0.2379305604314612,0.3398799632596403,0.655660168777822,0.6615421231493621,0.6565558949118253,0.9314135561841741,0.9278787908995181,0.9320444963548004,0.015799735678687376,1.147442928432617,0.8657189766056853,2.9750209218915025e-06,3.150535921869757e-06,3.319340839857965e-06,0.13445185128189782,0.22073883864330143,0.3279337068908381,0.35519068992519925,0.15033836192823846,1.8618648278924457,0.8465219736468808,0.13445185128189782,0.10222177900727958,0.12044083227136829,0.12044083227136829,0.30856983215746947,0.5243684778034325,0.5243684778034322,0.10222177900727958,393,latin_hypercube,nan,True,True,0,CONVERGENCE: RELATIVE REDUCTION OF F <= FACTR*EPSMCH,26,4955,729,4.550265153234324,0.9777501754745986,0.06437186381890347,0.015799735678687376,189,175,False,1e-05,0.015800007468174292,True,0.6324644188881582,0.94566474765838,0.6830577378273701,0.6111924154711821,0.17959881562058455,0.010904874414436118,0.6088714442870063,0.39428105733102214,0.4596383808946742,0.7157503832211807,0.8703945931011106,0.6390453390203737,0.4495957766911567,0.045484272332950486,0.9911116721872467,0.50557269775004,946,0.015783302839504507,True,0,350,0.00893431330381702,False,"alpha_e~0,alpha_p~pi/2"
electron,gradient_local_minimum_0948,gradient,gradient,gradient,0.00051099895,5.211972646089979,2.282974517179283,0.9487903273351107,0.4324452330512728,0.0,0.0,3.141592653589793,0.0,0.6724859259407001,1.7593310695367275,4.999608329476221,2.1218998055547353,1.1280124536633385,0.7227891269981175,3.4344227609537317,-0.5254596891839879,1.9180436384474298,0.5308923715221432,-1.150227907237464,0.20688684633623053,0.22907992656171539,2.5746675665344925,0.8339704837733931,2.450993517260768,140.4315841529671,0.30394858321165946,0.6878564488167427,0.30394858321165946,0.6878564488167427,False,,gradient,1663003145,0.14823205196760472,1.4615113127714108,0.9999999999999997,0.8101884457890518,0.11437721602225422,0.9999999999999996,1.1777031173513768,0.266263500086895,-0.21041655983812704,0.4238074961488846,0.47983374584762783,0.6577014796536742,0.6570830529376294,0.6576439292604199,0.929695098276883,0.9300916515999642,0.9296547098476263,0.015925765934089422,1.146808891452045,0.8645536230683291,3.6009635953071495e-06,3.7063442326346063e-06,4.203390954637953e-06,0.0976174219059664,0.3897253624686304,0.47661713741290823,0.48734278437459677,0.23294574522560982,-2.2484759485488244,0.955983150646407,0.0976174219059664,0.0661424294826229,0.1787798365235202,0.1787798365235202,0.1723148877542306,0.3338773791018832,0.33387737910188325,0.0661424294826229,1663,sobol_screened,0.6087394180507574,True,True,0,CONVERGENCE: RELATIVE REDUCTION OF F <= FACTR*EPSMCH,11,3179,405,1.2536555305351118,0.6087394180507574,0.3593306430569649,0.015925765934089422,125,111,False,1e-05,0.015925962765050674,True,0.34609696734696627,0.5076779229566455,0.31581754237413406,0.48965814150869846,0.7853926187381148,0.05483779218047857,0.33500080462545156,0.29284823033958673,0.32320773705181977,0.5600124725038425,0.6754216855995354,0.6936210490171117,0.7957123791595538,0.17952875786973788,0.047183727590598,0.46521349962459024,948,0.015909333094906553,True,0,350,0.061505394731191675,False,"alpha_e~0,alpha_p~pi/2"
electron,gradient_local_minimum_0981,gradient,gradient,gradient,0.00051099895,4.865801389387396,2.205856157909531,0.9034943186793777,0.40899319858510935,0.0,0.0,3.141592653589793,0.0,0.6339276815631767,1.765797916618437,1.3778067644155505,2.242486919920697,5.110415174418435,0.5286308466607459,2.9095372121551204,-0.5170903714988853,1.8474457473617327,0.5413027853516961,-1.0488991422064189,0.2263707361604372,0.25896522766283936,2.445360087226662,0.8562464985848625,2.4496051099074942,140.35203427137958,0.2163219338545706,0.6155952364322035,0.2163219338545706,0.6155952364322035,False,,gradient,491002656,0.12153517884496838,1.4762518269082194,1.0,1.0777448242972363,0.08787218441010865,0.9999999999999998,1.1740158667939784,0.3517617535058406,-0.09682925245604865,0.45616916712557576,0.49022999476017515,0.661907025743309,0.6548088867891528,0.6548963943604174,0.9310773120377852,0.93113856942254,0.9261064152922115,0.017372404425010684,1.1464394748105315,0.8638434977271774,9.37204510420564e-06,8.837391625604596e-06,9.126881065246728e-06,0.07095564818045269,0.3961703728893244,0.46306316931981467,0.4671260210697771,0.22950015878492613,2.3582068784040326,0.98260490074752,0.07095564818045269,0.053178806807521295,0.12677195396550478,0.12677195396550475,0.20573524338529003,0.40610202496471814,0.40610202496471803,0.053178806807521295,491,latin_hypercube,nan,True,False,2,ABNORMAL: ,36,2698,1665,66986.57810132108,0.8787607066567633,0.022855590817857933,0.017372404425010684,47,33,False,1e-05,0.01737262755863338,True,0.10106120946984683,0.3382919342778193,0.8132977860987994,0.13689342875274782,0.09745503729306162,0.7685027358562785,0.2825811741583013,0.12866547110548587,0.3039980869344269,0.5620709338623894,0.7138057562485964,0.6861151293712067,0.21928475718218537,0.8133478362605244,0.03868584894546853,0.4699055510017684,981,0.017355971585827815,True,0,350,0.05200942538773266,False,"alpha_e~0,alpha_p~pi/2"
electron,gradient_local_minimum_0984,gradient,gradient,gradient,0.00051099895,4.533211609330533,2.1291340045498623,0.8579467554958953,0.46374941604689085,0.0,0.0,3.141592653589793,0.0,0.5955665378120352,1.86586361124059,4.434036095346965,1.9365812776434002,1.9525544523008935,0.7755103810624917,6.017670396811186,-0.6017698195772642,1.4328962315010938,0.47577939121784063,-1.1320030530226104,0.2101928370496508,0.23409024428049724,2.458629774803015,0.8243578373741172,2.2779037085307383,130.51426863600972,0.32820149098813733,0.47864808022715777,0.32820149098813733,0.47864808022715777,False,,gradient,360005141,0.1608828849825397,1.695901781974968,1.0,0.9680261905569761,0.13660967485245218,1.0,1.2146894777367543,0.2814875646939539,-0.1725420481622555,0.4392467644162509,0.48781520536075107,0.6595021196124148,0.6546002059268677,0.6561077511361568,0.9292285578128786,0.9302911923455478,0.9268225776529617,0.017561916366334796,1.145771828278931,0.8626274190242684,2.1237282236741262e-05,2.127568148801995e-05,2.1279746837465918e-05,0.4398214728680598,0.06159444942360254,0.4924308527138209,0.5014159222916623,0.2417228915679898,-0.6723556767385122,0.9641612115675299,0.4398214728680598,0.0683422361285369,0.1536828933831596,0.1536828933831596,0.03725325315184246,0.344901184325178,0.34490118432517797,0.0683422361285369,360,latin_hypercube,nan,True,False,2,ABNORMAL: ,15,5176,864,35620.988232896016,1.126722855997936,0.37028174418711735,0.017561916366334796,194,180,False,1e-05,0.017561970288905375,True,0.48218921557898525,0.6196394024719181,0.09476660901125793,0.1577702160568301,0.5566607841725887,0.4466055437574217,0.4507889556577369,0.5518439314785016,0.28488712896996915,0.5939228337284689,0.6164329660723307,0.678273078354386,0.705698762422356,0.3107586927397756,0.051210612807712094,0.5398223031993399,984,0.017545483527151927,True,0,350,0.062115978753798165,False,"alpha_e~0,alpha_p~pi/2"
electron,gradient_local_minimum_0999,gradient,gradient,gradient,0.00051099895,5.6968775960366855,2.3868132721343502,1.0090930228531738,0.3870402705675994,0.0,0.0,3.141592653589793,0.0,0.7244064697186123,1.6416054332668317,1.83800310031577,2.346361377447323,4.195708765865476,0.6000263139908252,0.21312168831262276,-0.45485415026278186,2.3859945424170523,0.5803667515932819,-1.091559487398966,0.21783170066914145,0.24576130162042337,2.6050335250140626,0.8534680542131146,2.5804270068647828,147.84757683492757,0.21921068632941298,0.8664282138381629,0.21921068632941298,0.8664282138381629,False,,gradient,1758009986,0.11917986965358963,1.6576478282748817,1.0,0.8807115963993263,0.07914540501368297,0.9999999999999998,1.1535766232654732,0.3035159640051801,-0.1884957889127636,0.4160729220812902,0.4732844031640646,0.6579689360559984,0.6552070328382703,0.6552712525255616,0.9285650231746099,0.9286102540942449,0.9266555060559674,0.018352906818920454,1.144945168592521,0.8610768269814392,1.3625567870989563e-05,1.3468807897321078e-05,1.3756636692452417e-05,0.3356989584005252,0.11898036467296912,0.4473080080133158,0.45467932307349435,0.21996834647656863,1.0557063703549205,0.9675757630219439,0.3356989584005252,0.10856788112940285,0.19882648133404557,0.19882648133404557,0.015159328829711561,0.3464941955924601,0.3464941955924601,0.10856788112940285,1758,sobol_screened,0.6185105610592008,True,False,2,ABNORMAL: ,9,10019,801,25389.770439186166,0.6185105610592008,0.2603841692521287,0.018352906818920454,417,403,False,1e-05,0.018353314478408576,True,0.09092673473060131,0.24988671857863665,0.6627273885533214,0.8142366874963045,0.0949707105755806,0.6135884569957852,0.12997048906981945,0.35858073737472296,0.34907325299641173,0.5225392386218576,0.7468700230012997,0.7031814352063191,0.29252727883348356,0.6677677898614862,0.037936130744833124,0.5276456915509854,999,0.018336473979737585,True,0,350,0.044352591557803085,False,"alpha_e~0,alpha_p~pi/2"
electron,gradient_local_minimum_1002,gradient,gradient,gradient,0.00051099895,7.578038214110799,2.7528236801711072,1.2166042330716043,0.3716603412726204,0.0,0.0,3.141592653589793,0.0,1.0335690544340017,0.9007419013320105,1.6698724226303414,2.5259485742260934,5.266608034595832,0.529615332188485,2.4899065084211647,-0.9135560696809901,3.219871049702143,0.535987167429825,-0.7786288323292845,0.29532190190510127,0.3707609553894683,3.6673388824751596,0.8968635387894224,2.9271446771877327,167.71303602704086,0.23086481821505922,1.4514859269011149,0.23086481821505922,1.4514859269011149,False,,gradient,183007810,3.0430782129702827,1.5173228804377372,0.9999999999999999,1.4364918850935846,0.0510251519584402,0.9999999999999999,1.135296204270762,0.25342773518570927,-0.2807841022622121,0.4391905650164403,0.5103490441289054,0.6528815308957352,0.6586829588075862,0.6572847532645931,0.9274277581504038,0.9264355067217318,0.9305331558543964,0.01848755956004368,1.14513980118129,0.8614201177401547,4.712979608689771e-06,5.207855896138813e-06,5.467046729157321e-06,0.35278946820655976,0.03734416052415687,0.3900823166390075,0.39013362873071666,0.1950155022736492,-0.6287389170655652,0.9997369511986133,0.35278946820655976,0.08055467045771349,0.2597550596857697,0.2597550596857697,0.2506059800184843,0.3501113115835138,0.3501113115835139,0.08055467045771349,183,latin_hypercube,nan,True,False,2,ABNORMAL: ,2,7868,486,4.917388600361105,1.0390090983693858,0.75431316188345,0.01848755956004368,333,319,False,1e-05,0.018487624173390033,True,0.7945144929991745,0.11522347058127101,0.5133374696174042,0.09375649654421436,0.10547490560895482,0.6882825516156242,0.7765466407167801,0.07006739991126965,0.4402439151355892,0.2867150520939635,0.8040344031680162,0.8417629935100004,0.2657684503944574,0.8382067020334184,0.9686418796189439,0.48297887337619755,1002,0.01847112672086081,True,0,350,0.03812772545603747,False,"alpha_e~0,alpha_p~pi/2"
electron,gradient_local_minimum_1013,gradient,gradient,gradient,0.00051099895,5.128817883963729,2.2646893570562225,0.9380919068356356,0.4508070354636807,0.0,0.0,3.141592653589793,0.0,0.6567075391461741,1.8061607700377944,4.4011864439965525,2.0626708869660564,1.9904355382262888,0.7494626804624879,5.991017857112075,-0.5281084069539747,1.8434460904999315,0.523257703597513,-1.1987477441702679,0.19846891193924515,0.21644639256985415,2.5594154930460533,0.829145552847198,2.4008559157821243,137.55891119333194,0.32510365491545473,0.6474528280802024,0.32510365491545473,0.6474528280802024,False,,gradient,1315005182,2.989411152505474,1.6848036132464514,1.0,0.7245367754507396,0.12022245153818255,1.0,1.1880677621250586,0.26603283796498584,-0.20847359147515354,0.420190874657114,0.4756516958380022,0.6549506249706424,0.6563543558448954,0.65591099400137,0.9272337485897797,0.9269199982339684,0.9279124504594645,0.01895504898413105,1.144370607711987,0.8599875214231435,1.0629378520699007e-06,1.1299247597573725e-06,1.2432292553210544e-06,0.09849883593401393,0.39240869373464377,0.4798943695136955,0.4909075296686577,0.23444060467936667,2.2482772145050016,0.9551314270433147,0.09849883593401393,0.0645564818690372,0.17855332753035347,0.17855332753035347,0.04617982422802949,0.33053914280098884,0.3305391428009889,0.0645564818690372,1315,sobol_screened,0.5528474804419741,True,True,0,CONVERGENCE: RELATIVE REDUCTION OF F <= FACTR*EPSMCH,12,5239,252,3.8185865842274795,0.5528474804419741,0.23120785824481319,0.01895504898413105,225,211,False,1e-05,0.018955442109087943,True,0.5513912290334702,0.6548011768609285,0.31436278484761715,0.5755491899326444,0.6292557502165437,0.49838527105748653,0.7690293155610561,0.7464853739365935,0.31865303008410745,0.5749188291403581,0.656568535264784,0.6844259989642264,0.7004705780310926,0.31678765481449106,0.9515591237105719,0.5362896463745173,1013,0.01893861614494818,True,0,350,0.05784881693865095,False,"alpha_e~0,alpha_p~pi/2"
electron,gradient_local_minimum_1035,gradient,gradient,gradient,0.00051099895,4.575347959554959,2.139006301896972,0.8638365326039964,0.47830543549360494,0.0,0.0,3.141592653589793,0.0,0.6005019086661261,1.8979587258682298,5.01883465829812,1.8646529232358746,1.203979538773133,0.8302115866859109,3.438015773768637,-0.6155093124346257,1.405001715803466,0.46475094433886766,-1.191145731691697,0.19975214650913747,0.21836160711224264,2.49797054873864,0.8180558081493293,2.2528172535699884,129.07692064381374,0.3684861005134398,0.47541409256921263,0.3684861005134398,0.47541409256921263,False,,gradient,1908004370,2.973487547820536,1.4432444181258914,1.0,0.8032963851456791,0.14331958021612035,0.9999999999999999,1.2285658372474397,0.2538755149849705,-0.20950533943551725,0.4272356989234208,0.4804239748647138,0.6550274871230383,0.6541200893660374,0.6552542845108733,0.9257101686774807,0.9265119936933699,0.9258711048327141,0.02057011348727449,1.143061267629092,0.857533217959359,5.216193935009272e-06,5.288201084585609e-06,6.0340820613458135e-06,0.4424139502828103,0.06652653046765325,0.49706393519986497,0.5089404807504635,0.24259369482463322,0.6845142501192466,0.9533283517432694,0.4424139502828103,0.03167513194771778,0.16551768587382504,0.16551768587382504,0.18036001557504805,0.32554183337571135,0.3255418333757115,0.03167513194771778,1908,sobol_screened,0.6327946672149539,True,False,2,ABNORMAL: ,9,4405,747,2.702035229279331,0.6327946672149539,0.36552704313607987,0.02057011348727449,164,150,False,1e-05,0.020570157561732787,True,0.22262832894921303,0.4796807421371341,0.3013004269450903,0.4038443686440587,0.6506156213581562,0.05541916750371456,0.7231794744729996,0.17927754670381546,0.28734624998458363,0.6041390260126486,0.5935374597674838,0.6793030631885841,0.7987723444290693,0.19161929497724436,0.9464904829156736,0.4593989664690437,1035,0.02055368064809162,True,0,350,0.0700892184897042,False,"alpha_e~0,alpha_p~pi/2"
electron,gradient_local_minimum_1037,gradient,gradient,gradient,0.00051099895,6.966559491415979,2.639424083283317,1.1530384967984948,0.37078625739196214,0.0,0.0,3.141592653589793,0.0,0.8507005120826138,1.5983374620245063,4.339469013441251,2.4353122421856725,2.061701562706417,0.5684712745817863,5.938915584231248,-0.40044294533830793,3.3149970291871687,0.6274011353418494,-1.2622725205793934,0.18822750445982347,0.20131913909637775,2.848543225810744,0.8680702242646103,2.6909604478672753,154.18067649942867,0.23464755204219656,1.261009806346356,0.23464755204219656,1.261009806346356,False,,gradient,1248006442,0.10081251894419523,1.6387582788498456,1.0,0.4020104159710832,0.05448559470678306,1.0,1.1148676836929736,0.26873005535101846,-0.2711461095541644,0.37510110533500207,0.447966214363706,0.6526221035355706,0.6559628717253686,0.6555708990176148,0.9253148208294989,0.9250369961655222,0.9273969073199207,0.020855144195388454,1.1429498600894263,0.8573175556198652,4.618541342260585e-06,4.630612975509152e-06,4.530985597606119e-06,0.23112777855167638,0.20632130813961064,0.4265777866783041,0.437449086691287,0.2078532433326606,-1.5110878137948487,0.9502968443929799,0.23112777855167638,0.1156269327365295,0.2423323965841554,0.2423323965841554,0.01052041498757693,0.32021851672455764,0.32021851672455764,0.1156269327365295,1248,sobol_screened,0.53329477148198,True,True,0,CONVERGENCE: RELATIVE REDUCTION OF F <= FACTR*EPSMCH,28,6475,1746,37333.44345803935,0.53329477148198,0.2750618360577272,0.020855144195388454,214,200,False,1e-05,0.02085541547489887,True,0.3729075649753213,0.5729086380451918,0.4787118472158909,0.6479257084429264,0.6847124565392733,0.30272131878882647,0.35000821854919195,0.7458715690299869,0.4119968595667832,0.5087666156203094,0.7751839626321135,0.724112779049774,0.6906479438832855,0.3281299948850115,0.032089621431028025,0.521632961223439,1037,0.020838711356205585,True,0,350,0.0362984080252833,False,"alpha_e~0,alpha_p~pi/2"
electron,gradient_local_minimum_1038,gradient,gradient,gradient,0.00051099895,2.020795306491938,1.4215468006688836,0.4013060428647181,0.19876438738068097,0.0,0.0,3.141592653589793,0.0,0.2302780310614382,1.9383186568452506,2.432969964112124,2.3057679255755623,5.275516667866615,0.23899132073967524,0.4460599238415636,-0.4206460263992319,0.36781606818392304,0.4337878262304141,-0.25410241465350986,0.5922583017546733,0.9135799809964295,1.3599449224338611,0.7431668466908826,2.253631555927066,129.12357673212182,0.030443710338147675,0.08730053710332011,0.030443710338147675,0.08730053710332011,False,,gradient,682002683,2.991232404113679,1.41606425482545,0.9999999999999999,127.05344068397797,0.13056655021797176,1.0,1.132983673154644,0.3473746871131299,-0.20942439269200605,0.2767520615019907,0.3495007943872336,0.654689737606965,0.6603091482314326,0.6507032701730364,0.9298589546894961,0.9230624936563763,0.927056550614456,0.02094504471153763,1.1436846372882674,0.858674206213744,1.0851850245630068e-05,1.096885336732134e-05,1.093098516985469e-05,0.12974692754640768,0.3046547336844241,0.4253997750791947,0.43440166123083174,0.2081989444637788,2.004296406157864,0.9585550104659767,0.12974692754640768,0.06968235987528422,0.12418728935822528,0.12418728935822528,0.24964245562857812,0.44141104941094317,0.44141104941094317,0.06968235987528422,682,latin_hypercube,nan,True,False,2,ABNORMAL: ,11,2724,909,27408.837041432165,0.7535983508057611,0.27910932295907304,0.02094504471153763,84,70,False,1e-05,0.020945270967098813,True,0.2786142982344059,0.40030384221249615,0.68231702327466,0.6075193072671495,0.5514802576673152,0.8143852373696836,0.9647293163953548,0.3557893262437039,0.10863204856100023,0.6169859910483297,0.7339487259561924,0.5518993388735617,0.38721919618255574,0.8396245550546564,0.9521388461026918,0.45074725178242336,1038,0.02092861187235476,True,0,350,0.07209765121858944,False,"alpha_e~0,alpha_p~pi/2"
electron,gradient_local_minimum_1040,gradient,gradient,gradient,0.00051099895,5.448133329625959,2.3341236748779957,0.9785875995114929,0.43147241432284944,0.0,0.0,3.141592653589793,0.0,0.6980615161637356,1.7400475950626715,4.403929488540737,2.13230392775012,2.0256069294661776,0.7433262664415646,5.970691350074018,-0.5131998032994793,2.051029880995176,0.5395114387417388,-1.1816819327232293,0.20136771806242515,0.22077803947010202,2.6304571124854372,0.8321809186045804,2.4810630752620693,142.1544429182655,0.3193813810211304,0.7540553551569085,0.3193813810211304,0.7540553551569085,False,,gradient,1217007586,0.14989139560358092,1.6787438821466358,0.9999999999999998,0.7205600824573031,0.11425350713689933,0.9999999999999998,1.171021512896951,0.24687456899688887,-0.24066331550934994,0.41320804329847327,0.4726216955882063,0.6526277894914795,0.6557088662709161,0.6555928436212722,0.9251381737576606,0.9250558527476523,0.9272319486447436,0.020971242659742644,1.1428447892586808,0.8571186268071741,3.4916208345170396e-06,3.322478725531486e-06,2.992673812429736e-06,0.3747546943322204,0.11211001842939386,0.473979102056982,0.48686471276161425,0.23054674567617492,-0.9647618523625485,0.947066976238463,0.3747546943322204,0.08580576404675168,0.19467644905652767,0.1946764490565277,0.018428150168817783,0.3184588381818583,0.3184588381818584,0.08580576404675168,1217,sobol_screened,0.5275303602570955,True,True,0,CONVERGENCE: RELATIVE REDUCTION OF F <= FACTR*EPSMCH,26,7644,1449,55969.5451053991,0.5275303602570955,0.09516787137230028,0.020971242659742644,281,267,False,1e-05,0.020971410072196283,True,0.37496070098131895,0.5272675100713968,0.5397132197394967,0.4261761801317334,0.6707240762189031,0.3817612221464515,0.250955855473876,0.7789396466687322,0.3359486386023149,0.5538743519387777,0.6787334205513906,0.698406474877852,0.7009071471294208,0.3223853555857384,0.04771191307450539,0.5343607740578306,1040,0.020954809820559774,True,0,350,0.05619718615436232,False,"alpha_e~0,alpha_p~pi/2"
electron,gradient_local_minimum_1042,gradient,gradient,gradient,0.00051099895,4.889141413147513,2.2111402970294565,0.9066129912262529,0.4543570946643886,0.0,0.0,3.141592653589793,0.0,0.6354027639422596,1.8119173615508317,4.413263739494455,2.004025538874136,1.9891077567545363,0.790663874262906,6.001656637912459,-0.5638522306916226,1.6477305941602065,0.4996461203725571,-1.1563267790530085,0.2057981247774899,0.22743768914435097,2.5299086392573757,0.8225369954805714,2.36145654710616,135.30149365271924,0.3342304290137005,0.5799323365674277,0.3342304290137005,0.5799323365674277,False,,gradient,1527007793,0.16219139340427824,1.6925940912780488,1.0,0.8730714253609978,0.13471183649515253,1.0,1.2056065543953682,0.25851923807687965,-0.20958801928418955,0.42665896385215096,0.480841498907542,0.6534667100867801,0.6550859153630438,0.6547287980541783,0.9252888568573219,0.9250360759475321,0.9261807758688997,0.021233590404740415,1.142542395070738,0.8565530487119624,3.1709256524403706e-06,3.201611299519236e-06,3.4740806110211686e-06,0.4168290048022464,0.08170743229040667,0.48712395356054106,0.49853643709265305,0.23785573501421456,-0.7891287670014615,0.9542160504910459,0.4168290048022464,0.07670591310642438,0.1762716476586829,0.1762716476586829,0.027913585333544464,0.3251919152486641,0.32519191524866414,0.07670591310642438,1527,sobol_screened,0.589676715595703,True,False,2,ABNORMAL: ,12,7834,936,45974.26147590908,0.589676715595703,0.227331113147311,0.021233590404740415,312,298,False,1e-05,0.02123397383260517,True,0.2748697316274047,0.48096577171236277,0.6005271021276712,0.47322728857398033,0.46133936289697886,0.2844872400164604,0.2389358039945364,0.7056522136554122,0.30531432945600784,0.5767512091296796,0.637901141188436,0.685285941487576,0.7023927393087651,0.31657633182991585,0.05162712397450623,0.5387694325500724,1042,0.021217157565557546,True,0,350,0.06187333242524488,False,"alpha_e~0,alpha_p~pi/2"
electron,gradient_local_minimum_1045,gradient,gradient,gradient,0.00051099895,4.22027569159458,2.0543309596057253,0.8130216986949826,0.4588297570612674,0.0,0.0,3.141592653589793,0.0,0.5581637217592955,1.8773258476421293,4.474158102051832,1.9440373207316277,1.9369327036413866,0.7126103993808799,6.078031991953076,-0.6204632269141221,1.290978607446022,0.46530811290175167,-1.0578099537890453,0.22454460083039288,0.25612612407843993,2.3633250928055576,0.8305692716636148,2.2206764154410448,127.2353862690121,0.28832814090647674,0.404912467735145,0.28832814090647674,0.404912467735145,False,,gradient,1841011302,0.15323140710067149,1.6960131061824713,1.0,1.2886002821936715,0.13276338205797242,0.9999999999999998,1.2051674579567007,0.32892879168104194,-0.10781195946517172,0.45781305657870486,0.4932755141343493,0.6600126187807543,0.6520192185676489,0.6522154651754981,0.9277705298975675,0.9279085557391209,0.9222397421656638,0.02162547834429989,1.1430065863167285,0.8574050315826937,1.2437815016308473e-05,1.2617849940499415e-05,1.2067634131307514e-05,0.4492467298974244,0.04300947072761621,0.48699623951915183,0.4922562006250406,0.24086813920663153,-0.5674444497657513,0.9786291727794999,0.4492467298974244,0.06552183225328555,0.12918903185382505,0.12918903185382505,0.045568536968253165,0.37855476752113426,0.3785547675211342,0.06552183225328555,1841,sobol_screened,0.626461058512908,True,False,2,ABNORMAL: ,13,11361,990,41720.47399347092,0.626461058512908,0.2538476842893493,0.02162547834429989,468,454,False,1e-05,0.02162605212176351,True,0.1891366671770811,0.3057664521038532,0.44661890622228384,0.3966274205595255,0.5391507558524609,0.25890982802957296,0.23789952602237463,0.7614413583651185,0.2662542076435932,0.5975713768928546,0.6188062982991258,0.6702396192175575,0.7120843781162018,0.30827241422087587,0.04877507175399684,0.5398577387951597,1045,0.02160904550511702,True,0,350,0.06014456171019046,False,"alpha_e~0,alpha_p~pi/2"
electron,gradient_local_minimum_1061,gradient,gradient,gradient,0.00051099895,4.905812616854924,2.214906909297753,0.9088346387614097,0.39096409286100553,0.0,0.0,3.141592653589793,0.0,0.6384514255939562,1.7100604696471202,1.3972059000756725,2.3142115034992004,5.171469723944844,0.5193038707974785,2.9972991028375344,-0.4939799000757725,1.9024044972342355,0.5519621887527474,-0.9934648619922424,0.23827731533545632,0.27763650439888055,2.424060550365135,0.8560974014337824,2.489608506619045,142.64406006913896,0.187532380994769,0.6420021986159254,0.187532380994769,0.6420021986159254,False,,gradient,1462003754,3.0233950296875736,1.478585985298972,0.9999999999999999,1.3576094773362728,0.08447276699440995,0.9999999999999999,1.178836442398524,0.36007666993364335,-0.0936858449442321,0.45228838523383236,0.4860224723012711,0.6594473729496655,0.6511093227250128,0.6497364547944471,0.9267267009497528,0.9257626034144436,0.9198412453061228,0.024099403028487867,1.1411843379584201,0.853951909690331,8.190423572584926e-06,8.099501616620763e-06,7.105738037305187e-06,0.39335001278353754,0.06580917426281283,0.45574243454590835,0.4591591870463504,0.22616284102273315,-0.7610298883899566,0.9851173510327819,0.39335001278353754,0.01968132212080413,0.1418761795190602,0.14187617951906023,0.2509423971190213,0.39896463343458954,0.3989646334345896,0.01968132212080413,1462,sobol_screened,0.5792924777957342,True,True,0,CONVERGENCE: RELATIVE REDUCTION OF F <= FACTR*EPSMCH,36,3813,1350,66488.01906135165,0.5792924777957342,0.048998537102887416,0.024099403028487867,114,100,False,1e-05,0.024099717562033694,True,0.1364138461649418,0.3880703402683139,0.40120223071426153,0.5075687915086746,0.04736347962170839,0.6745018912479281,0.7602151967585087,0.23666023276746273,0.30625256653064215,0.5443291534607745,0.7366364002840496,0.6870132413873592,0.22237222551420405,0.8230649696159013,0.96237652778849,0.4706485366934638,1061,0.024082970189304997,True,0,350,0.05072285492926074,False,"alpha_e~0,alpha_p~pi/2"
electron,gradient_local_minimum_1064,gradient,gradient,gradient,0.00051099895,4.075727790362689,2.01884318122104,0.7915135299251839,0.4718202995774512,0.0,0.0,3.141592653589793,0.0,0.540414257137079,1.9218978357047982,1.3139531670541515,1.8391147169925908,5.068752127081491,0.7768292018652159,2.9410334355619816,-0.6492586908419777,1.1619294740924264,0.4421560545378949,-1.0745398237375539,0.22117679190124254,0.2509151786218874,2.345786432596218,0.8222677336777969,2.148790927257133,123.1166511878364,0.3143455965790693,0.3580404217566806,0.3143455965790693,0.3580404217566806,False,,gradient,593003196,0.16133216997811126,1.439573621589935,1.0,1.2641716127753888,0.14295613721608288,1.0,1.2139474555558498,0.3137308886071715,-0.13126346650675957,0.4460612221543431,0.48724262614316644,0.660869940901261,0.648588362069257,0.6515198730553583,0.9259703218645764,0.9280260278503546,0.9193206782909127,0.0242868788323986,1.141512547873161,0.8545461936995543,5.094775469338675e-06,5.084594800697229e-06,5.50113551200937e-06,0.03606536224190568,0.4635968233444001,0.49334599598325046,0.4996621855863058,0.24351490319009758,2.6421179544578486,0.9747181604481681,0.03606536224190568,0.05110881214123626,0.13657360956725456,0.13657360956725456,0.1642124094052163,0.3637642048464396,0.36376420484643973,0.05110881214123626,593,latin_hypercube,nan,True,True,0,CONVERGENCE: NORM OF PROJECTED GRADIENT <= PGTOL,0,3254,9,0.0,1000.0,1000.0,0.0242868788323986,145,131,False,1e-05,0.02428692053670845,True,0.20964061043939441,0.9611118592633644,0.9609769503442355,0.6895024759320476,0.22011301259916968,0.9725984864564307,0.44190327452625006,0.23900423127655052,0.25741444740143304,0.611759081340068,0.585408396244846,0.6662801083438084,0.20912214152791914,0.8067169563325782,0.05135362466351657,0.4582305156414796,1064,0.02427044599321573,True,0,350,0.0692356701865687,False,"alpha_e~0,alpha_p~pi/2"
electron,gradient_local_minimum_1067,gradient,gradient,gradient,0.00051099895,3.9965868049389384,1.9991465191273348,0.77951825105678,0.4684041113566104,0.0,0.0,3.141592653589793,0.0,0.5305726570812546,1.931911818521924,4.939597773331,1.8719971068130157,1.2391843229655597,0.6941771715284891,3.336860304442942,-0.6526686172725003,1.158400239667142,0.4463345564882117,-1.0557626979508465,0.22496199262915054,0.25677441920340954,2.3168068636997754,0.8327165516169851,2.1355679150148927,122.35902839390623,0.29089227783996296,0.3422110486981292,0.29089227783996296,0.3422110486981292,False,,gradient,877003090,0.1503458606052061,1.445771367950671,0.9999999999999999,1.3047690153362708,0.1305598703214275,0.9999999999999998,1.2022392423926134,0.34439788111676706,-0.08834158847072879,0.4606243226633461,0.4910489785471545,0.6617930225088278,0.6491393323740399,0.6504303699946186,0.9270180283421452,0.9279225634274313,0.918940836113638,0.024383953420343597,1.1416958580815704,0.8548866350989918,1.0547394974247393e-05,1.0612865029013818e-05,1.0721230881471921e-05,0.03282690416262257,0.4584616104381619,0.48691480216555816,0.4912885146007845,0.24127054486516594,-2.65103304012986,0.9821949330984042,0.03282690416262257,0.04673369810774897,0.11478255578791727,0.11478255578791727,0.1772130916643141,0.39392892961129844,0.39392892961129844,0.04673369810774897,877,latin_hypercube,nan,True,True,0,CONVERGENCE: RELATIVE REDUCTION OF F <= FACTR*EPSMCH,9,3132,738,22225.02157073169,0.7802518086718065,0.30121070317955045,0.024383953420343597,108,94,False,1e-05,0.024384240062968455,True,0.15527799240685047,0.7401347656310602,0.25055865051868176,0.39053427923433254,0.6954011360719005,0.10256788388593258,0.18746137243030278,0.3924370329165343,0.2525081450515982,0.6149466310708337,0.5958751860060365,0.6640545083278736,0.7861614025113483,0.1972223104019525,0.04785657377744722,0.4602033195801614,1067,0.024367520581160727,True,0,350,0.06532461384220058,False,"alpha_e~0,alpha_p~pi/2"
electron,gradient_local_minimum_1074,gradient,gradient,gradient,0.00051099895,4.639682110905327,2.1539921334362684,0.8727603200614686,0.6396519746443488,0.0,0.0,3.141592653589793,0.0,0.6079748516599895,0.07692040479643783,5.498052729579331,2.398161034946512,2.5998902989732513,2.052328726603439,5.774039389098831,-0.7844499679839527,0.3848464411676145,0.16200671619249024,-0.03635681857704691,0.9112631049426028,1.5974562104318448,2.8704943913856384,0.6318083192573957,1.8323664667361297,104.98686506527898,0.1400030408157219,0.3142478521108777,0.1400030408157219,0.3142478521108777,False,,gradient,408002752,2.8096078502787076,1.9001042233696033,1.0,1291.2908506250965,0.4123150499400317,1.0,0.9696059441037453,0.10131397214879101,-0.3181867302956131,0.44363634311650973,0.47587310464779436,0.6522648653997578,0.6495093900397086,0.6560072021912641,0.920498471228891,0.9250948307764338,0.9231539375003687,0.02480742235476843,1.1400138637945891,0.8517628321494921,5.53315000678678e-06,5.541967504518741e-06,5.295245870118315e-06,0.12610709707500448,0.1313691038758343,0.25728869579337554,0.2574762009508388,0.12855059531795618,-1.5912644320555163,0.9985435146489596,0.12610709707500448,0.1390618403673327,0.3777441734746022,0.3777441734746021,0.021056953019684806,0.364779625574559,0.36477962557455884,0.1390618403673327,408,latin_hypercube,nan,True,False,2,ABNORMAL: ,31,2810,1458,67739.78669945274,1.115262238802661,0.04674902561254985,0.02480742235476843,60,46,False,1e-05,0.024807672255874394,True,0.6429112974859411,0.04961727016379899,0.48225182427619073,0.07216674260993719,0.7588416173152104,0.3059272546984468,0.8996603366191849,0.030394641116439997,0.2910791170127984,0.02448452529596523,0.7633583660842258,0.6808313566028636,0.8750422692924382,0.4137853925782586,0.8943259550433003,0.6048219590781184,1074,0.02479098951558556,True,0,350,0.1455951289404748,False,"alpha_e~0,alpha_p~pi/2"
electron,gradient_local_minimum_1095,gradient,gradient,gradient,0.00051099895,4.894012259436797,2.212241455952943,0.9072626030599293,0.42827279347761593,0.0,0.0,3.141592653589793,0.0,0.6365852134492415,1.727231729080015,1.8400714431059018,2.1134386193476136,4.227082889501668,0.7579280228535786,0.200083373128969,-0.5358262827172776,1.7055943757385426,0.5151941646193641,-1.0526310994017793,0.2256029478132017,0.25777067762764444,2.4848352109570495,0.8247252202906583,2.415319059912016,138.38758831046414,0.2793029557923071,0.6057845939606574,0.2793029557923071,0.6057845939606574,False,,gradient,1731001582,0.15707261836939132,1.6904116531909485,1.0,1.273346767421924,0.1308627583371011,1.0000000000000002,1.1928180424322323,0.283377029059891,-0.18524221249093514,0.42980026054221526,0.4822936483743775,0.6520091576939451,0.6516244739414496,0.6505162502517111,0.9218107587674685,0.9210277879058764,0.9207553690624072,0.026494265070849746,1.138341865816165,0.8486051028863844,4.678223217369215e-06,4.852536477362168e-06,4.602776231876771e-06,0.4087745773772157,0.0754991478539647,0.47530185834974104,0.4842737252311804,0.23316499573415084,0.7746337797527785,0.9629471250906441,0.4087745773772157,0.09307206180424686,0.18450011172975544,0.18450011172975544,0.02235354885702606,0.33122616303906427,0.33122616303906416,0.09307206180424686,1731,sobol_screened,0.6165531153021047,True,False,2,ABNORMAL: ,0,1616,189,1.784896556541221,0.6165531153021047,0.6165531153021047,0.026494265070849746,63,49,False,1e-05,0.026494380374864138,True,0.3883096631616354,0.5089994259178638,0.5814216379076242,0.755769687704742,0.1728481985628605,0.6042420379817486,0.10582398343831301,0.6008084332570434,0.3055886205307159,0.5497949350964916,0.6727284063809665,0.6861296092334593,0.29285646581254154,0.6727611367233626,0.04999776727575094,0.5380747409309643,1095,0.026477832231666876,True,0,350,0.06013175415389055,False,"alpha_e~0,alpha_p~pi/2"
electron,gradient_local_minimum_1106,gradient,gradient,gradient,0.00051099895,2.3788030895251566,1.5423368923569054,0.48593745286589324,0.26090689424035035,0.0,0.0,3.141592653589793,0.0,0.3021680199821079,0.296052106729874,2.1426921283733984,1.8743863372015481,5.457794996022687,2.210966380337509,2.3777122408460865,-0.5601667711017627,0.104315882503734,0.13356227780261865,-0.05481603336243275,0.8730407416004513,1.510196750916605,1.5565561459182904,0.5210470185181636,2.196046419178067,125.82419143372047,0.10293888737921564,0.1276888119498531,0.10293888737921564,0.1276888119498531,False,,gradient,1854005543,0.42629197253782186,1.2063664151951417,1.0,902.3015139355618,0.5804809832770129,1.0,1.133679155500765,0.03605891943738759,-0.31345060640352385,0.4310743149481133,0.4423770051120183,0.6453198127783963,0.6499132819708501,0.6598505682459345,0.9158778587298283,0.922956354068942,0.926173885643723,0.027978979026660144,1.1388161932418641,0.8494190758132288,7.317265069139989e-06,7.998337407222333e-06,8.019951787896495e-06,0.10581082825510982,0.21594894204866563,0.31936723347620966,0.32175977030377545,0.1584873483243219,-1.9256643130766653,0.9851284277999887,0.10581082825510982,0.05373708345159705,0.30735264606965396,0.3073526460696539,0.2511456206021879,0.37088758362657054,0.3708875836265704,0.05373708345159705,1854,sobol_screened,0.6283084944877615,True,False,2,ABNORMAL: ,13,5601,1539,33988.756566796204,0.6283084944877615,0.5212230264646124,0.027978979026660144,186,172,False,1e-05,0.02797953761754708,True,0.2679213220253587,0.2056239591911435,0.5199879268184304,0.668024362064898,0.11220849398523569,0.48382097017019987,0.1823451528325677,0.4273761035874486,0.13872002528854455,0.09423631239765763,0.5966357016590771,0.6023403493633397,0.34102004375472034,0.868635051999222,0.1356929492595777,0.38399835631671314,1106,0.027962546187477275,True,0,350,0.1815863212487438,False,"alpha_e~0,alpha_p~pi/2"
electron,gradient_local_minimum_1113,gradient,gradient,gradient,0.00051099895,1.395635197578714,1.1813700510757474,0.2183016427171495,0.06422422464524735,0.0,0.0,3.141592653589793,0.0,0.11938581366251566,1.7656651627821944,5.754386163000013,2.7002969801743695,2.3657007088790656,0.1518962214503391,3.3561763242568357,-0.23121342699137862,0.10573310337217352,0.31678346670463176,-0.05668694792371883,0.8693501726300246,1.501772019645691,1.1078817984746667,0.6471050153350447,2.602847781489045,149.13219259431182,0.00249684782187988,0.027019925546125395,0.00249684782187988,0.027019925546125395,False,,gradient,325004720,2.9528685379372943,1.8501825200750976,1.0,6075.169960435318,0.2017504453502552,1.0,1.1755242560133896,0.33419985031558386,-0.23865759032975015,0.2572791209436974,0.33703845190857784,0.6498306329440655,0.6606891648773238,0.6445085722687529,0.9267127283528044,0.915246822509381,0.9229880809065518,0.028463374826204545,1.1388024467623012,0.8493690306573142,6.4567923183100895e-06,5.5948731274013674e-06,5.525181357657338e-06,0.41884641370552156,0.031019319443612803,0.443362936503532,0.44986573314913436,0.2184300699289648,-0.4783398724687432,0.9710900556924764,0.41884641370552156,0.05561484751372113,0.1782851011036934,0.1782851011036934,0.018403027598537278,0.37184916574717225,0.3718491657471722,0.05561484751372113,325,latin_hypercube,nan,True,False,2,ABNORMAL: ,7,4767,1044,21786.874298045463,1.0800078407295366,0.47085574189555485,0.028463374826204545,167,153,False,1e-05,0.028463447847836387,True,0.05914697022736509,0.39894363692491835,0.7847226299655267,0.217898758111024,0.9112692888326323,0.36085305604272244,0.5525855399329113,0.5995648457006527,0.04880568075825013,0.5620286770038846,0.8595312244217372,0.5241079229825674,0.915839002301057,0.37651296169410414,0.9399272482265165,0.5889313873843434,1113,0.028446941987021676,True,0,350,0.10348505608815602,False,"alpha_e~0,alpha_p~pi/2"
electron,gradient_local_minimum_1114,gradient,gradient,gradient,0.00051099895,4.1180044768245265,2.029286691629481,0.7978567264948793,0.4581121479458934,0.0,0.0,3.141592653589793,0.0,0.5456428276660361,1.8702490340467066,1.8196090713299544,1.8944674552767444,4.313346665595075,0.7926659496146432,0.16816195641890475,-0.6285094486162003,1.1942872116461705,0.45106877426132835,-1.0269193837947155,0.23097720992706408,0.2661535459116485,2.33323997946352,0.8176504603659874,2.196967912011736,125.87698908394125,0.2968838249086965,0.38056773883436035,0.2968838249086965,0.38056773883436035,False,,gradient,595003661,0.16628305813810787,1.7060460661304453,1.0000000000000002,1.5528031523360908,0.1511683955466298,1.0000000000000002,1.213330511837517,0.3110964941062753,-0.1353279304215126,0.4450296832373015,0.48712972794609205,0.658828139880354,0.6453524754913429,0.648110665143842,0.9222494352149936,0.924181645042377,0.9146234567533398,0.029326821173680916,1.1375376885519575,0.8469960030524525,9.685233362921597e-06,9.760861833463252e-06,8.815747430779286e-06,0.46377734430002626,0.03524590296354624,0.49275619852388575,0.4990232472635725,0.2432445748920995,0.49310912294874165,0.9748827383331237,0.46377734430002626,0.0721891316774757,0.14659145599946305,0.14659145599946305,0.04238081948526617,0.3543852967369643,0.3543852967369644,0.0721891316774757,595,latin_hypercube,nan,True,False,2,ABNORMAL: ,1,3720,324,5.054617019711662,0.9789172609903456,0.8919144979483193,0.029326821173680916,152,138,False,1e-05,0.02932718108070652,True,0.8377895075185595,0.9937889045628132,0.2169216667180275,0.8227362258702409,0.24161405373425404,0.18856076992735152,0.08428591699538389,0.6913787387458843,0.2600158536404037,0.5953187571627516,0.6030277200680361,0.667461983336686,0.28959977819701543,0.6864904430984007,0.052929541310233766,0.5430513291342859,1114,0.029310388334498047,True,0,350,0.06538243770242563,False,"alpha_e~0,alpha_p~pi/2"
electron,gradient_local_minimum_1116,gradient,gradient,gradient,0.00051099895,4.297594207383643,2.073063966061743,0.824323288565565,0.44067899999133875,0.0,0.0,3.141592653589793,0.0,0.567531070771523,1.8031673514836146,4.951235353916186,1.9956190353897272,1.1253459389540286,0.7743651568748187,3.294483725127143,-0.5920985138729141,1.3264480405016696,0.47390957791258376,-0.9959092679468103,0.23773169112453235,0.276774391380114,2.3523434851935026,0.8189445014123932,2.282999387379469,130.8062295277961,0.2750090835639011,0.44027846984112645,0.2750090835639011,0.44027846984112645,False,,gradient,657005501,2.9769890605459253,1.4383186926346778,0.9999999999999998,1.7174051498609306,0.1481765187263332,0.9999999999999997,1.2074194492286963,0.31043988418651297,-0.13970044973343887,0.44421246731212294,0.4875810587481755,0.6574471382559134,0.6454979222805513,0.6472321670729682,0.9213631244403541,0.9225789094931185,0.9141021661446451,0.03017971533097759,1.1365691890814051,0.8451589970137319,5.6998090927073974e-06,5.6265466510385664e-06,5.72438785328977e-06,0.451594906486542,0.04184163627672732,0.4871511037300606,0.4934365427632693,0.24043283234842594,0.5507813074953591,0.9745238202342699,0.451594906486542,0.02472255478599157,0.1564887831638477,0.1564887831638477,0.2011328547928959,0.35007467407288306,0.3500746740728832,0.02472255478599157,657,latin_hypercube,nan,True,False,2,ABNORMAL: ,0,5559,189,1.2042912238290782,0.879832126696979,0.879832126696979,0.03017971533097759,241,227,False,1e-05,0.03017986483698783,True,0.78719241169958,0.7979615651991394,0.30538214285482296,0.831845888366844,0.8036480194979994,0.16811299414156575,0.7684577435820047,0.41507510284347326,0.2709204700365498,0.5739659944210767,0.6352252680211102,0.6722894628997438,0.7880135809871108,0.17910436887292394,0.9476050490327634,0.4578310593485629,1116,0.03016328249179472,True,0,350,0.07027711373781659,False,"alpha_e~0,alpha_p~pi/2"
electron,gradient_local_minimum_1118,gradient,gradient,gradient,0.00051099895,4.569010484890538,2.137524382291472,0.8629529865911223,0.42653420638489653,0.0,0.0,3.141592653589793,0.0,0.5997613598809152,1.7408874484076333,1.8135785892597,2.0798694991914704,4.219577459203779,0.7692021388640241,0.151738060393887,-0.5555757783837892,1.504718838154295,0.49742931398524887,-0.991622879120208,0.23868984667230897,0.27828871815390327,2.400115438552471,0.8199658386807503,2.3675408180475346,135.65009669907408,0.2653208315081334,0.5218688110252407,0.2653208315081334,0.5218688110252407,False,,gradient,855010785,2.9792886159190832,1.6977183802790317,1.0,1.6874484789888513,0.1417703754591017,1.0000000000000004,1.201024308269272,0.2989561434245311,-0.16369381120162863,0.4347110769147079,0.4836483474140101,0.6550507848561247,0.6464308727309163,0.6474364654412769,0.9203160379058315,0.9210231918892253,0.9149124740159443,0.030236016695583647,1.1359794574469952,0.8440803187593151,1.720566640889265e-05,1.8212474098167064e-05,1.798510722822444e-05,0.05414801908389022,0.4327474166241372,0.4795380880465602,0.4868954357080274,0.2360903701925465,-2.501114867739766,0.9697785309867677,0.05414801908389022,0.04875027963471872,0.17506440836035578,0.17506440836035575,0.04535882259467068,0.33804015593161696,0.33804015593161685,0.04875027963471872,855,latin_hypercube,nan,True,True,0,CONVERGENCE: NORM OF PROJECTED GRADIENT <= PGTOL,0,10820,9,0.0,1000.0,1000.0,0.030236016695583647,488,474,False,1e-05,0.030236027440475367,True,0.4116562107283542,0.32607078811666296,0.6030083315250603,0.762616069666381,0.4716109563636608,0.575234515871823,0.6866640138692803,0.475053876578627,0.2869771140564685,0.5541416855614235,0.6620430235647746,0.6791492324373806,0.2886399971663074,0.6715666103914218,0.9483370202418666,0.5404005443987481,1118,0.030219583856400778,True,0,350,0.06281657290573095,False,"alpha_e~0,alpha_p~pi/2"
electron,gradient_local_minimum_1119,gradient,gradient,gradient,0.00051099895,4.361146770932164,2.0883358855634704,0.8335111228730996,0.4327244954439593,0.0,0.0,3.141592653589793,0.0,0.5751668835104777,1.7791727871621856,4.482637299054332,2.0420782638530075,2.0324786823422776,0.7520488910290116,6.140717737794809,-0.5775831927182637,1.3850070158213177,0.4841305946905449,-0.982015593484604,0.24085950074958767,0.2817242691639464,2.3556498123921337,0.8217650779126769,2.314928104237337,132.63561024902012,0.2617430256584034,0.4632387368267263,0.2617430256584034,0.4632387368267263,False,,gradient,1492005056,0.1608697905268614,1.7002297640087507,1.0,1.7821877185299018,0.1430047613139326,1.0,1.203188325885082,0.31614057412487534,-0.135021771329179,0.4447728302506756,0.48745869055803986,0.6576794343710494,0.6453930307816602,0.6470049143187991,0.9214607473599395,0.9225904403912915,0.9138723011033641,0.03033022310323634,1.1365251069423095,0.8450820959947143,1.5506348977956108e-05,1.55231540970302e-05,1.505938974422083e-05,0.4454913050828072,0.04372955084048813,0.4833379511542374,0.48922085592329534,0.2387275231925897,-0.5708072343280831,0.975949901980547,0.4454913050828072,0.08452337101378193,0.15759525218239442,0.15759525218239442,0.030447354895208407,0.3531838918943102,0.3531838918943102,0.08452337101378193,1492,sobol_screened,0.5845481745739504,True,False,2,ABNORMAL: ,26,5120,1503,62632.514572424676,0.5845481745739504,0.06011129018472687,0.03033022310323634,165,151,False,1e-05,0.030330527504202016,True,0.24448949843645096,0.23762739449739456,0.6029334217309952,0.6167647112160921,0.5058622928336263,0.2197553738951683,0.3122250745072961,0.6990011129528284,0.2747245995982668,0.566328287382893,0.6500136997454438,0.6739407965757247,0.7134338842325997,0.32347902902367565,0.051206444713015505,0.5411999426679187,1119,0.03031379026405347,True,0,350,0.06290252312998587,False,"alpha_e~0,alpha_p~pi/2"
electron,gradient_local_minimum_1121,gradient,gradient,gradient,0.00051099895,5.866900489624951,2.422168551035404,1.0294610039084122,0.3078143432560822,0.0,0.0,3.141592653589793,0.0,0.8480126551135734,0.6091720154277417,2.3748614730704314,2.878513774132928,6.28304577628712,0.26539939959656633,4.058170152263687,-0.899082637127451,2.374618786949993,0.5255515575901217,-0.4703503594242868,0.42698977579437347,0.6020628096114423,3.023561716206108,0.9060127450198352,2.909938071057745,166.72717011604863,0.030036512231306323,0.9821707259938438,0.030036512231306323,0.9821707259938438,False,,gradient,1391001864,3.0859232029023738,1.5262938030668884,1.0,10.114749959937445,0.019339250977532637,1.0000000000000002,1.0537031856671255,0.3685785654310533,-0.21651304290910905,0.3889276283055502,0.4687296950581017,0.6534608599377153,0.6490256060832896,0.6450377302610765,0.9210043099013998,0.9181982484781999,0.915047245247934,0.03087735804608058,1.1353467575929632,0.842859127868737,3.6060346338961935e-06,3.254577534417269e-06,3.5502236899742634e-06,0.21965438744302096,0.12000984648403736,0.32647145131325916,0.3396642339270583,0.15663933434973001,1.2471032746478468,0.922318682416046,0.21965438744302096,0.31279919116999416,0.4709125902741219,0.4709125902741219,0.07840759105495636,0.18942317579881995,0.18942317579881987,0.31279919116999416,1391,sobol_screened,0.5670407766064239,True,False,2,ABNORMAL: ,47,1900,1512,11.40138438502771,0.5670407766064239,0.030888372272112934,0.03087735804608058,18,4,False,1e-05,0.030878194444642335,True,0.4910968318581581,0.2840720247477293,0.8312353948131204,0.6936655193567276,0.3436572887003422,0.23028838727623224,0.9315805332735181,0.4662480326369405,0.35788000853326696,0.19390547489715484,0.9162593918227261,0.8146352569540699,0.37797094259765923,0.99997779296875,0.9822798634877734,0.48583440673724626,1121,0.03086092520689771,True,0,350,0.02585893424581482,False,"alpha_e~0,alpha_p~pi/2"
electron,gradient_local_minimum_1122,gradient,gradient,gradient,0.00051099895,4.0489007762869536,2.0121880568890553,0.7874652568691788,0.4644309516025057,0.0,0.0,3.141592653589793,0.0,0.5370849800723709,1.890834178700973,4.455121211066626,1.848129952298082,1.9598766822639377,0.8171804480842454,6.117214920989234,-0.6426639401606118,1.136443233333631,0.4402486504058171,-1.0342135283678286,0.22943225485671923,0.26373865388828194,2.3247675290313827,0.8145537165432855,2.1615114319734996,123.84548242136047,0.3071393654367351,0.35825421791975137,0.3071393654367351,0.35825421791975137,False,,gradient,580003611,0.16926988345912938,1.7084256993582325,0.9999999999999999,1.5413755784057632,0.15538898934551984,0.9999999999999999,1.2166672637672484,0.3066854000799074,-0.14116693414199813,0.44192125592589937,0.485215093601292,0.6578188729947806,0.6441780274779357,0.6470838833101789,0.9207024467871259,0.9227384711722525,0.9130638876269409,0.031104786599626823,1.1360811541506655,0.8442057895073123,1.9947663130182036e-06,3.0644734013707264e-06,2.7797632776715986e-06,0.46900859708446396,0.032434662243758156,0.49480436858636245,0.5014432593282221,0.2440827389222514,-0.4638973803035274,0.9735208695366503,0.46900859708446396,0.070995442872944,0.14840827328264766,0.14840827328264766,0.0453834893211668,0.3501484673891303,0.35014846738913036,0.070995442872944,580,latin_hypercube,nan,True,True,0,CONVERGENCE: RELATIVE REDUCTION OF F <= FACTR*EPSMCH,16,3669,1080,44010.21877931744,1.003167813319955,0.21287571291744103,0.031104786599626823,116,102,False,1e-05,0.031104865859147977,True,0.3541747456227539,0.23134858617232018,0.25354112687727404,0.14242041714750775,0.6684854863044724,0.288849892191408,0.4105567405891889,0.9285838050780276,0.25575670194217104,0.6018712122147281,0.588278034768857,0.6655260811869435,0.7090545628148046,0.31192406183284965,0.053880277338218985,0.543808789916182,1122,0.031088353760443953,True,0,350,0.06659679802536331,False,"alpha_e~0,alpha_p~pi/2"
electron,gradient_local_minimum_1124,gradient,gradient,gradient,0.00051099895,4.692018541236558,2.1661067705070676,0.8799598919798562,0.41359588444266604,0.0,0.0,3.141592653589793,0.0,0.6140532202351799,1.6984767817687296,4.4819185395593975,2.159268861494292,2.091156250848247,0.7275046801656551,6.157927086909506,-0.5325079436595771,1.619894834417377,0.5143578189235802,-0.9699505354063478,0.24362872603853003,0.28612299136224806,2.409303126619715,0.8261306355964241,2.4149156271049335,138.3644733133012,0.24040312498782918,0.5653752744933209,0.24040312498782918,0.5653752744933209,False,,gradient,1658007328,0.15350644911050132,1.6909824288363595,1.0,1.7840801690690322,0.13007380524752563,1.0000000000000002,1.1961682825031765,0.31159385124802336,-0.15218358274578336,0.4358783604280846,0.48329782907256547,0.654076099911329,0.6462592038351648,0.6460474750881616,0.9194953116965626,0.9193464814539433,0.9138017922471028,0.03162495805200119,1.1348338942303864,0.8418730750016327,5.125215083001677e-06,5.0684187419824944e-06,5.4169045672902705e-06,0.4184839525090963,0.058524191633624684,0.4705567927153088,0.47700814414272097,0.23205272064394833,-0.6831326845400446,0.9729507703101945,0.4184839525090963,0.10003136467848316,0.17902014894872234,0.17902014894872234,0.02169902074671795,0.3439717069085568,0.34397170690855683,0.10003136467848316,1658,sobol_screened,0.6085524557601081,True,True,0,CONVERGENCE: RELATIVE REDUCTION OF F <= FACTR*EPSMCH,17,7385,864,30732.178902598716,0.6085524557601081,0.31070597388190907,0.03162495805200119,296,282,False,1e-05,0.03162501746981542,True,0.4961832342669368,0.19322108291089535,0.6743298023939133,0.4936552131548524,0.7479188935831189,0.49043955095112324,0.25708057824522257,0.6546088457107544,0.294096789349618,0.5406419510906154,0.6873166255424513,0.6821007761991515,0.7133194901060866,0.33281785410001397,0.04886262034484153,0.5382564244616915,1124,0.031608525212818324,True,0,350,0.05929400418279105,False,"alpha_e~0,alpha_p~pi/2"
electron,gradient_local_minimum_1125,gradient,gradient,gradient,0.00051099895,4.547300090527576,2.13243993831657,0.8599200470364706,0.446339856115064,0.0,0.0,3.141592653589793,0.0,0.597216551355976,1.7826414990671968,1.8486228185323854,1.9799975620828183,4.253058462091809,0.8397016784316066,0.1946649529548626,-0.5804115495962819,1.4238749908098136,0.4787649321697164,-1.0454531096259798,0.22708328531481128,0.2600747018844723,2.4300276654015964,0.810932372344827,2.3201376420171886,132.93409477701957,0.3092256526417021,0.4984365932337575,0.3092256526417021,0.4984365932337575,False,,gradient,479009332,2.967279111078718,1.7046162800025946,0.9999999999999999,1.429947411116375,0.15636066465555953,0.9999999999999998,1.2135149091554656,0.27085821245374886,-0.1938566526416216,0.4293343153966806,0.48184198180345755,0.6491368352471507,0.6478651300981749,0.647547244763893,0.9171236596829685,0.916898899639082,0.9159992534540131,0.032036620621239645,1.1339896155489595,0.840290400101446,7.949478469881921e-06,7.527083363767506e-06,7.971329875067212e-06,0.05749865953944758,0.44026481269603834,0.4877852645167353,0.4977634722354859,0.23890352839899237,-2.499909362104795,0.9599078346430772,0.05749865953944758,0.06072289699500985,0.18181728414132237,0.18181728414132237,0.05026152337469197,0.32041924362319185,0.32041924362319196,0.06072289699500985,479,latin_hypercube,nan,True,True,0,CONVERGENCE: RELATIVE REDUCTION OF F <= FACTR*EPSMCH,14,9390,1044,34096.79221304693,0.8786947016292579,0.3063830754651846,0.032036620621239645,377,363,False,1e-05,0.032036794526334775,True,0.2562274931977129,0.30914998622612366,0.5847868041572732,0.6495376537646037,0.3896194029674667,0.5479634556225061,0.7538311538663759,0.8413286805859751,0.2857106142148716,0.5674324126745814,0.6302527986307649,0.6786154265404842,0.294217459481901,0.6768952775007258,0.9445142761230062,0.5425962140746625,1125,0.03202018778205678,True,0,350,0.06721057418727411,False,"alpha_e~0,alpha_p~pi/2"
electron,gradient_local_minimum_1127,gradient,gradient,gradient,0.00051099895,4.2323030722601676,2.0572561999566723,0.814788812922369,0.44486674766950807,0.0,0.0,3.141592653589793,0.0,0.5596278745719302,1.8112111676381617,1.8191837477747,1.9534340848168645,4.26460679418987,0.8158080715189873,0.14744659989664805,-0.6024415568498513,1.261868841765896,0.463277016443151,-0.99265412833948,0.2384587415635957,0.27792329826652235,2.3417641591519605,0.8124750084525096,2.2583867615634436,129.3960299458031,0.28573047834213594,0.4203378350554023,0.28573047834213594,0.4203378350554023,False,,gradient,1592008171,0.1717754909402859,1.7085306908514104,1.0,1.8003051998168322,0.15838927322267685,1.0,1.212652117440318,0.3003498034627088,-0.15251157192388415,0.43954590534700183,0.4853527260001292,0.6555866513960052,0.6429271052668312,0.6453397001705675,0.9182412774308645,0.9199321107895635,0.9109536593179854,0.03378125240100463,1.133714625852119,0.8396990203418655,1.7923402451547332e-05,1.790235687643138e-05,1.7978121803319258e-05,0.4589105869182609,0.03870324583658555,0.49060966949912266,0.4976138327548465,0.24180275312169944,0.5178101236168431,0.9718490009936099,0.4589105869182609,0.08199248647495874,0.1627878897132644,0.1627878897132644,0.033846726811330836,0.3395982775318891,0.3395982775318891,0.08199248647495874,1592,sobol_screened,0.5999374280973888,True,True,0,CONVERGENCE: RELATIVE REDUCTION OF F <= FACTR*EPSMCH,14,8205,207,1.0317767142217196,0.5999374280973888,0.354305858920643,0.03378125240100463,359,345,False,1e-05,0.03378142131768797,True,0.7730581248179078,0.2830212200060487,0.46146140433847904,0.5382176758721471,0.4026713138446212,0.6519532827660441,0.23267472814768553,0.7108281552791595,0.26698286479064703,0.5765264206257139,0.6217973812055935,0.6705632057838217,0.28953208585078327,0.678733251638599,0.054677836970367176,0.5438422097464257,1127,0.033764819561821764,True,0,350,0.06726315775921463,False,"alpha_e~0,alpha_p~pi/2"
electron,gradient_local_minimum_1133,gradient,gradient,gradient,0.00051099895,1.4275848918873901,1.1948158401558753,0.2292151532798745,0.07448356845653414,0.0,0.0,3.141592653589793,0.0,0.12711277787613023,1.797640200955226,0.6134408909043849,2.5894098695749523,4.047991996101892,0.16761549521148852,2.6103145648691024,-0.29785349612721435,0.11539732294538015,0.3203242801765494,-0.06515933252087454,0.8530122527938186,1.4645505737821312,1.1246982411314292,0.657704657717368,2.546033197087922,145.87695669333766,0.004330244714145594,0.029449239926411228,0.004330244714145594,0.029449239926411228,False,,gradient,1589001636,0.2176666029568875,1.8498568426948672,1.0,4087.0166468286766,0.24070881707080427,1.0,1.193437334445456,0.3006848877225832,-0.2722710966273042,0.2677276334534491,0.34959543757293465,0.6459414507656799,0.6585435236214295,0.6382890188117395,0.9224551628021268,0.9081061026881087,0.9171129125008728,0.03606675650587599,1.1332844654385845,0.8387521232767212,3.5970592986989125e-06,3.4643864613714825e-06,3.650236452046318e-06,0.05698473659841127,0.4136005771033514,0.4617393016094537,0.47058531370176265,0.22644664475857237,-2.477403591640278,0.9624042151986274,0.05698473659841127,0.04542248125119436,0.17660466206932968,0.17660466206932968,0.0043346901780618,0.3528100242289076,0.3528100242289076,0.04542248125119436,1589,sobol_screened,0.5997910478407291,True,False,2,ABNORMAL: ,2,1669,504,2.1339171876266647,0.5997910478407291,0.2415422534703845,0.03606675650587599,51,37,False,1e-05,0.03606718647115067,True,0.03599901124835014,0.5947707500308752,0.7144759576767683,0.5661644414067268,0.038851298391819,0.5547587312757969,0.10705457720905542,0.6346752373501658,0.0521549338573474,0.5722066477654646,0.8242347608675874,0.5321353198971195,0.09763215008212896,0.6442579357760445,0.06928543161321922,0.5888277210545095,1133,0.036050323666693126,True,0,350,0.10901115736330316,False,"alpha_e~0,alpha_p~pi/2"
electron,gradient_local_minimum_1134,gradient,gradient,gradient,0.00051099895,4.1227601659429585,2.0304581172589993,0.7985675093634821,0.45113908592188545,0.0,0.0,3.141592653589793,0.0,0.5462289327789781,1.8361682650103959,1.8258512419402146,1.89757873843913,4.27538237148482,0.846887206021199,0.14330842528171459,-0.6194747973009704,1.1771453696051257,0.449371111045984,-0.9937125302081593,0.23822193778899162,0.2775489780791706,2.3222381171792597,0.8077728697461658,2.216365025492098,126.98836182110233,0.29618149215364553,0.3878979118522897,0.29618149215364553,0.3878979118522897,False,,gradient,27008594,2.964786946168148,1.7125310117615078,0.9999999999999999,1.8424763981529777,0.16581005787890704,0.9999999999999997,1.2166843868868575,0.29601022463453963,-0.15884471342794135,0.43605148328912746,0.4830711425929415,0.6546803799953661,0.6410093686127016,0.6439195526021747,0.9162526547927481,0.9182909800748069,0.9085950385196916,0.036323535205973534,1.131819497082591,0.8360378911065943,1.9516814627418277e-05,1.95339124876015e-05,1.954314996061024e-05,0.03380715098729051,0.4674489883967996,0.4938840671523671,0.5012561393840901,0.24325599746032206,-2.6710626951692165,0.9705856082250433,0.03380715098729051,0.05068273693483005,0.16365431255029095,0.16365431255029095,0.0641808036687552,0.3350895480656191,0.33508954806561914,0.05068273693483005,27,latin_hypercube,nan,True,False,2,ABNORMAL: ,11,8652,945,38568.2646880513,0.7704390950652973,0.27345112255887233,0.036323535205973534,347,333,False,1e-05,0.03632360719168452,True,0.3603866810340842,0.3217777357182017,0.3266313093188821,0.3034337412400513,0.24535797114762914,0.678552582635849,0.6624688174621974,0.7714896416527265,0.2603076476657779,0.5844705114497475,0.6040180722573406,0.6675935391120439,0.2905932505052613,0.6804482380297592,0.9437209953939715,0.5451155514400174,1134,0.03630710236679067,True,0,350,0.0693064222005458,False,"alpha_e~0,alpha_p~pi/2"
electron,gradient_local_minimum_1135,gradient,gradient,gradient,0.00051099895,4.185863795411012,2.0459383654966277,0.8079469672838447,0.44513280949741535,0.0,0.0,3.141592653589793,0.0,0.5539676546388699,1.8114540621767372,4.963410510180301,1.9343561028957252,1.1169172860412686,0.8392516934434913,3.2800016738380093,-0.6066197144287413,1.222900980773863,0.4576041187975837,-0.9824656149033325,0.24075716965731933,0.2815620288719112,2.329342437280326,0.8083435050323245,2.246982364581913,128.74260613086966,0.28841677629432255,0.40863445922960373,0.28841677629432255,0.40863445922960373,False,,gradient,1745008114,0.17619426820372813,1.4300199346406972,1.0,1.9118186304073008,0.16477329767694768,0.9999999999999998,1.2143576529750777,0.2961491958177343,-0.15967226274587562,0.43619325524416597,0.483480067450755,0.6541739848118314,0.6411884590288949,0.6436807572602629,0.9160177471254625,0.9177637729270111,0.9085537425722561,0.0365179160905841,1.1315626828412217,0.8355526055687146,2.2270652368705512e-05,2.1823225486605757e-05,2.234588305916052e-05,0.03614834970076525,0.4629365558506851,0.49173034882462774,0.49908490555145035,0.24218789604890256,-2.6489999360877055,0.9705278334607359,0.03614834970076525,0.05943930123399368,0.16693639784667946,0.16693639784667946,0.16400113445483802,0.3339786966018702,0.33397869660187013,0.05943930123399368,1745,sobol_screened,0.6175940340242584,True,True,0,CONVERGENCE: RELATIVE REDUCTION OF F <= FACTR*EPSMCH,7,8147,846,32033.443282722823,0.6175940340242584,0.4749898408977066,0.0365179160905841,329,315,False,1e-05,0.03651796802712548,True,0.1907218312844634,0.4519155817106366,0.7712277136743069,0.6067306520417333,0.8260553702712059,0.2739741187542677,0.2976158456876874,0.352642179466784,0.264163670475276,0.5766037363586425,0.6157246709516592,0.6693137350226253,0.7899513172894611,0.1777629070982523,0.05608437745816499,0.45518948263603215,1135,0.036501483251401234,True,0,350,0.07478984335640158,False,"alpha_e~0,alpha_p~pi/2"
electron,gradient_local_minimum_1138,gradient,gradient,gradient,0.00051099895,1.4001496984960995,1.1832792140894302,0.21985704982601575,0.06750753099855164,0.0,0.0,3.141592653589793,0.0,0.12218222128417414,1.7531625756082916,3.7507233483069538,2.640266195672237,0.8622261635787912,0.14576195312988974,5.897036289865327,-0.29852264120535016,0.10555784740825881,0.310200486094262,-0.0577490040864623,0.867268939159421,1.4970228221693629,1.1145752628292491,0.6540179782735653,2.578349592807336,147.7285497771347,0.003305629701503561,0.027210051362397326,0.003305629701503561,0.027210051362397326,False,,gradient,484003225,2.9257301412662193,1.282090149494591,1.0,5574.671315071855,0.24061765209164374,1.0,1.186402550407343,0.31401288799363275,-0.244255290075489,0.2927613580690219,0.36946066711334874,0.6449669224431338,0.6596563340776948,0.6371582197895507,0.9225708958933814,0.90662080199945,0.917128809295522,0.03729305698751876,1.1328618282593486,0.8378996769061395,8.24781492575477e-06,8.35052696934735e-06,8.176705609430623e-06,0.0533626775003965,0.4204707169836588,0.4671463344063873,0.47383339448405526,0.23022963716435965,-2.4935468787425443,0.9717746357453368,0.0533626775003965,0.10837592675725986,0.1758105646666511,0.17581056466665107,0.1818311476742851,0.3503560408492936,0.3503560408492937,0.10837592675725986,484,latin_hypercube,nan,True,False,2,ABNORMAL: ,9,3291,1017,1.027473821928188,1.0960306639952675,0.44381521845349237,0.03729305698751876,102,88,False,1e-05,0.03729330986750371,True,0.0888947232655208,0.6433169848608998,0.846847395256787,0.08095077607841057,0.7015302183233239,0.8953839978250289,0.5844331434285386,0.46344769159852567,0.04928124006549147,0.5580489799035566,0.8404228322393398,0.533431814787912,0.5969461610532364,0.13722755599672576,0.9312888282709362,0.4081019695629825,1138,0.03727662414833589,True,0,350,0.11851626665229523,False,"alpha_e~0,alpha_p~pi/2"
electron,gradient_local_minimum_1140,gradient,gradient,gradient,0.00051099895,4.232006816925244,2.057184196158731,0.8147453264010186,0.44958093450529896,0.0,0.0,3.141592653589793,0.0,0.5595900791320492,1.8042176763239137,4.982815475805019,1.9090745800337763,1.1130263497020987,0.8849399640876844,3.2891223192611947,-0.608220337753476,1.217419089821276,0.45297674708590685,-0.9944759716998484,0.2380513700280004,0.2772794276654125,2.3500222264939326,0.8017502944959498,2.246656046058588,128.72390945670617,0.3046191948100683,0.4160907538707687,0.3046191948100683,0.4160907538707687,False,,gradient,1957007242,0.18392402083161394,1.4265373361891656,0.9999999999999998,1.8724625621869122,0.17441248313814958,0.9999999999999996,1.2200287567972883,0.278061754044524,-0.18222572203702428,0.4304542631586653,0.48112426706031014,0.6477962716379618,0.6408772939525074,0.6416791774790269,0.911251337823026,0.911815413792018,0.9069129676706583,0.04056548002220115,1.1276855324132737,0.8280733361223003,1.5285232322193032e-05,1.5172470504476454e-05,1.52582151515257e-05,0.03960732167909739,0.46225290711245104,0.4927833439035383,0.5018602287915485,0.24185322950776403,-2.633686187247923,0.9638270404097697,0.03960732167909739,0.0609351772699601,0.179283645086596,0.179283645086596,0.15595229649962,0.3188561261218556,0.3188561261218555,0.0609351772699601,1957,sobol_screened,0.6385029300355812,True,False,2,ABNORMAL: ,16,7283,1134,49010.02803105194,0.6385029300355812,0.17488321610797744,0.04056548002220115,277,263,False,1e-05,0.04056548084190756,True,0.28665977623313665,0.2621623892337084,0.6866492656990886,0.5332748806104064,0.8885926585644484,0.10591065883636475,0.38252001348882914,0.27959610987454653,0.26696492914239583,0.5743003232014483,0.6076773122869193,0.6705529793055304,0.7930397134891632,0.17714364534661753,0.05854483413737618,0.45408093711930125,1140,0.040549047183018286,True,0,350,0.07737239026652115,False,"alpha_e~0,alpha_p~pi/2"
electron,gradient_local_minimum_1143,gradient,gradient,gradient,0.00051099895,1.0632031439608367,1.0311174249137858,0.0889114917641069,0.04990218500822453,0.0,0.0,3.141592653589793,0.0,0.03221979595491111,2.585078652976554,0.8947727352332883,2.1279559796061136,4.19473321686024,0.07327030490120715,2.3171444864830066,0.006256180813955625,0.021157082344675244,0.259065957252748,-0.017921919200123086,0.9534570317800113,1.6924096135628168,0.9403536969150716,0.44539308919440074,2.1485256863587248,123.10145400380335,0.0013499630064971407,0.002967544578773116,0.0013499630064971407,0.002967544578773116,False,,gradient,320001284,0.47813665747153544,2.0154434680163678,1.0,82943.61065128967,0.6642020247040566,0.9999999999999998,1.046325990069458,0.03749166428118589,-0.36055415363791626,0.21032783721217335,0.22384561249555324,0.6460708330253851,0.6507611270402223,0.6350957148420361,0.9170067138645845,0.9059569358020194,0.909307704541146,0.04091331755432302,1.128425305556703,0.829414134649888,3.7475199486380895e-06,3.881230952462733e-06,3.890060510935989e-06,0.14860187194455957,0.3723077766188888,0.49923122928091557,0.5209096485634483,0.23877640499919137,-2.058323090051376,0.9167670656809026,0.14860187194455957,0.023034275889363215,0.14081439389574324,0.14081439389574327,0.04346010319342069,0.33827595754080836,0.3382759575408084,0.023034275889363215,320,latin_hypercube,nan,True,True,0,CONVERGENCE: RELATIVE REDUCTION OF F <= FACTR*EPSMCH,32,1349,729,2.9254429262606423,0.905899418605302,0.041024204120824366,0.04091331755432302,28,14,False,1e-05,0.04091351170343618,True,0.032983744259672716,0.1191674009624773,0.0719440690097503,0.4419453356794757,0.4850766644717903,0.09065561565175664,0.28820077335709854,0.5042609614170355,0.011378790389709919,0.8228560918051139,0.6773494256725389,0.33082153611266085,0.14240750375623354,0.6676125264150746,0.15219562502006256,0.6415355809141544,1143,0.04089688471514016,True,0,350,0.20468612575725192,False,"alpha_e~0,alpha_p~pi/2"
electron,gradient_local_minimum_1149,gradient,gradient,gradient,0.00051099895,1.0184493181089047,1.0091824999022252,0.0686703058480122,0.03517142568815979,0.0,0.0,3.141592653589793,0.0,0.023406023084848716,2.6500196267898524,1.0167036429471925,2.3296682550895618,4.169824567932056,0.009095842356296362,1.4911799583522718,0.26414998567159925,0.01294124935684137,0.2292641420386328,-0.010207710215042517,0.9726836867567978,1.7345840324801391,0.9233496474049759,0.40724990839480146,2.337798760154344,133.94600230776052,0.0005013556164451764,0.0018681251873440218,0.0005013556164451764,0.0018681251873440218,False,,gradient,1916002136,0.5729259907950791,2.0606166071699703,1.0000000000000002,282336.16231889266,0.7878047160210511,1.0000000000000002,1.0405672342438186,-0.035419540633486846,-0.35478238879715024,0.27400337298911587,0.2614371437530697,0.6450758852449181,0.6374892057599965,0.6408933402115198,0.9069276834744253,0.9093234379402997,0.9039572468101801,0.044516855503568084,1.1246724701539794,0.8221559491865164,2.437867261506632e-06,1.9435355724795045e-06,1.9430726508895546e-06,0.214569008885802,0.33555947752931914,0.5266603081266414,0.5501284864151211,0.2515960649190808,-1.8136214961388055,0.9146811013499457,0.214569008885802,0.018178445030598716,0.13209040209141584,0.13209040209141582,0.0562825491137956,0.31778111149346294,0.3177811114934628,0.018178445030598716,1916,sobol_screened,0.633548788095328,True,True,0,CONVERGENCE: RELATIVE REDUCTION OF F <= FACTR*EPSMCH,26,2170,630,5.2243592900719555,0.633548788095328,0.04575244431250662,0.044516855503568084,69,55,False,1e-05,0.044517496561253776,True,0.0024081533774733543,0.7674934845417738,0.7637429218739271,0.30765671376138926,0.23944713920354843,0.6994723677635193,0.08157567400485277,0.7451786566525698,0.005914952221817278,0.8435274457882894,0.7415564371235487,0.3086444869504613,0.1618134104345831,0.6636481918124135,0.18236800692171715,0.6559146376967021,1149,0.04450042266438522,True,0,350,0.2369257689973645,False,"alpha_e~0,alpha_p~pi/2"
electron,gradient_local_minimum_1152,gradient,gradient,gradient,0.00051099895,3.73900134388299,1.9336497469508251,0.7393161368969748,0.4411656156038076,0.0,0.0,3.141592653589793,0.0,0.49782383555911025,1.8546925976125443,1.7751302769669741,1.8879950328634947,4.27706136762144,0.7976305594588601,0.04963773983500497,-0.6443964152727905,1.0026645022332448,0.43259912107017146,-0.8990392527205588,0.2609742617859005,0.31400874146355257,2.194947734911656,0.8106473936384881,2.135111209409704,122.33286109024894,0.2532524414418435,0.30506506619831164,0.2532524414418435,0.30506506619831164,False,,gradient,520005529,2.9700010280046665,1.7163471984165197,0.9999999999999999,2.826385993634792,0.16715780697299334,0.9999999999999997,1.2045071309834048,0.3435717123405485,-0.09850838610639623,0.44900236608833344,0.4828470609828119,0.6577008330066133,0.6325902947052129,0.6337784387567051,0.9125512297087025,0.9133752583228522,0.8954632016625581,0.04819980118561347,1.1251034171523995,0.8226818589024276,8.88015004402165e-06,8.867345857199727e-06,8.755143644401109e-06,0.014441229952127044,0.4802264930187813,0.4908352728660694,0.49466772297090833,0.24350141138061523,-2.8453234651790336,0.9845049518014972,0.014441229952127044,0.03337905016030708,0.14001267846640844,0.14001267846640847,0.07531847395453192,0.3653195985626833,0.3653195985626832,0.03337905016030708,520,latin_hypercube,nan,True,True,0,CONVERGENCE: RELATIVE REDUCTION OF F <= FACTR*EPSMCH,19,5571,1485,39174.85649138389,0.9710665327559096,0.30585261639551753,0.04819980118561347,185,171,False,1e-05,0.04820006798405981,True,0.4033570953884146,0.27108923133374324,0.09695075304329681,0.391329507623491,0.7542034874465786,0.37217726640606863,0.9950888029755056,0.11127054165377248,0.2361933519304377,0.5903669896519681,0.6009674840263411,0.6564038420760023,0.2825207582113792,0.6807154585643342,0.9453806891899067,0.5463302813798304,1152,0.048183368346430604,True,0,350,0.06869545594479279,False,"alpha_e~0,alpha_p~pi/2"
electron,gradient_local_minimum_1154,gradient,gradient,gradient,0.00051099895,4.000662003218775,2.000165493957631,0.7801398445010953,0.4468580010821107,0.0,0.0,3.141592653589793,0.0,0.5310783789179391,1.8130396962536446,4.971877392969072,1.8674226823484423,1.1059879120525005,0.9145209979940654,3.243649821289642,-0.6252274887758971,1.0805078418612706,0.4355402358201152,-0.9427816375578981,0.2500523611720857,0.2963842402916376,2.280181216751263,0.7949342972345727,2.1959376282453342,125.8179581724256,0.2932129375716567,0.36207603972328994,0.2932129375716567,0.36207603972328994,False,,gradient,1336004767,0.19047271713581274,1.418819483985984,0.9999999999999999,2.425495662992545,0.1879644442941893,0.9999999999999999,1.2191428778471332,0.28599729897703935,-0.1724687080726681,0.42992139034088117,0.47924697500772373,0.6479156756034874,0.6332903391982573,0.6357016622006797,0.9060099103606922,0.907696824000745,0.8973158053602558,0.049238302191571506,1.1218806970922826,0.8165652193039943,2.581257222356026e-06,2.198283608922935e-06,2.3975027736988785e-06,0.02702012293607256,0.4767354748871744,0.49562868414598293,0.503755597823247,0.24375088523435942,-2.745277487026015,0.9677346962996307,0.02702012293607256,0.06026787265555941,0.1777487808282442,0.17774878082824422,0.15358299107737314,0.31849562134850895,0.318495621348509,0.06026787265555941,1336,sobol_screened,0.5568984785245449,True,True,0,CONVERGENCE: RELATIVE REDUCTION OF F <= FACTR*EPSMCH,8,4802,720,37017.48564376247,0.5568984785245449,0.3229634705325271,0.049238302191571506,184,170,False,1e-05,0.04923834149286601,True,0.21508607268333435,0.28629464376717806,0.6587879490107298,0.46012129355221987,0.9091515298932791,0.1795221036300063,0.16056465916335583,0.31050673592835665,0.2527619646368925,0.577108459361192,0.5944191014753618,0.6641657590128522,0.7912988635378736,0.17602344320303986,0.06062934891261791,0.4516242684629232,1154,0.04922186935238864,True,0,350,0.080557374871424,False,"alpha_e~0,alpha_p~pi/2"
electron,gradient_local_minimum_1155,gradient,gradient,gradient,0.00051099895,2.838643911526415,1.6848275613624129,0.5813056068020952,0.3650704603259389,0.0,0.0,3.141592653589793,0.0,0.3624434702554808,2.094826998859647,4.295161365789119,1.9237473368485345,1.3549176045163311,0.22395692448276633,5.61897771813756,-0.6230614582780081,0.7252391315871264,0.4477476440377611,-0.6741632074975457,0.3314532656907985,0.4323283423434141,1.774354611922329,0.8269093488827843,2.0123764042434473,115.30067475486199,0.13786148011643268,0.1633994421612129,0.13786148011643268,0.1633994421612129,False,,gradient,1230001158,0.10930784997779187,1.4958884494301827,1.0,4.351896091422634,0.0772772906873281,1.0000000000000004,1.2360625391592925,0.3997844491744623,-0.1407353039687053,0.32168932058410515,0.3779531065606345,0.6383065417980412,0.654845988717166,0.6273009483440282,0.9144747481871038,0.8949565974188671,0.9068271396173958,0.04993680895699231,1.1235266748190256,0.8195915772602558,5.554830729670446e-06,5.590168064562029e-06,5.7124143880149525e-06,0.04197745908792569,0.35707787276701686,0.3890185287284842,0.3990553318549425,0.18949086280101293,2.552490009360325,0.9496971857020232,0.04197745908792569,0.031199953965302063,0.07486282597018919,0.07486282597018919,0.2548648806413074,0.5260818421748684,0.5260818421748683,0.031199953965302063,1230,sobol_screened,0.5295033201974394,True,False,2,ABNORMAL: ,25,1239,963,3.6882227150598386,0.5295033201974394,0.049954161703437715,0.04993680895699231,17,3,False,1e-05,0.049936964754933595,True,0.12342220358550549,0.6585661191493273,0.5995353888720274,0.581759468652308,0.7755019133910537,0.28629871364682913,0.10137363243848085,0.387731583788991,0.17421346579360764,0.666804143581746,0.6123477958386274,0.6040050822765108,0.6835961627426748,0.21564183424100383,0.034793769285425796,0.4761560820817686,1155,0.049920376117809445,True,0,350,0.044983341757621954,False,"alpha_e~0,alpha_p~pi/2"
