detail_id,selected_observable,selected_region,incoming_state,alpha_e,alpha_p,final_state_order,final_ket,out_index,hOut,sOut,lambda,amplitude_real,amplitude_imag,amplitude_abs,amplitude_phase,amplitude_abs2,fraction,decomposition_rank,retained_fraction_total
max_c_ep_mixing_angles_polarization_04_local_minimum_2,C_e_p,polarization_cluster_04_local_minimum_2,cos(alpha_e)|+>+sin(alpha_e)|-> tensor cos(alpha_p)|+>+sin(alpha_p)|->,2.8064511669698580e+00,1.9268510090713744e+00,p_gamma_lepton,|+1+1+1>,7,1,1,1,-3.8855406319397295e-01,6.9241527376861944e-01,7.9398562415992024e-01,2.0821654232047813e+00,6.3041317137261832e-01,2.6635900699969856e-01,1,9.9999989982374282e-01
max_c_ep_mixing_angles_polarization_04_local_minimum_2,C_e_p,polarization_cluster_04_local_minimum_2,cos(alpha_e)|+>+sin(alpha_e)|-> tensor cos(alpha_p)|+>+sin(alpha_p)|->,2.8064511669698580e+00,1.9268510090713744e+00,p_gamma_lepton,|-1+1-1>,1,-1,-1,1,-3.8810384448601520e-01,-6.9260302364054604e-01,7.9392917975147625e-01,-2.0815551620675330e+00,6.3032354246085176e-01,2.6632113744204855e-01,2,9.9999989982374282e-01
max_c_ep_mixing_angles_polarization_04_local_minimum_2,C_e_p,polarization_cluster_04_local_minimum_2,cos(alpha_e)|+>+sin(alpha_e)|-> tensor cos(alpha_p)|+>+sin(alpha_p)|->,2.8064511669698580e+00,1.9268510090713744e+00,p_gamma_lepton,|-1-1-1>,0,-1,-1,-1,-3.6343976268780592e-01,-6.4881149628737989e-01,7.4366983185902968e-01,-2.0814082203412081e+00,5.5304481881723744e-01,2.3366971925054836e-01,3,9.9999989982374282e-01
max_c_ep_mixing_angles_polarization_04_local_minimum_2,C_e_p,polarization_cluster_04_local_minimum_2,cos(alpha_e)|+>+sin(alpha_e)|-> tensor cos(alpha_p)|+>+sin(alpha_p)|->,2.8064511669698580e+00,1.9268510090713744e+00,p_gamma_lepton,|+1-1+1>,6,1,1,-1,-3.6398855090630156e-01,6.4846786197442674e-01,7.4363850976435686e-01,2.0822778981327055e+00,5.5299823320455344e-01,2.3365003613144733e-01,4,9.9999989982374282e-01
max_c_ep_mixing_angles_polarization_04_local_minimum_10,C_e_p,polarization_cluster_04_local_minimum_10,cos(alpha_e)|+>+sin(alpha_e)|-> tensor cos(alpha_p)|+>+sin(alpha_p)|->,2.5825769432718442e+00,2.1872246466670209e+00,p_gamma_lepton,|-1+1-1>,1,-1,-1,1,1.1862279385378331e+00,-3.1746006916703401e-02,1.1866526581619714e+00,-2.6755760995125194e-02,1.4081445311228726e+00,2.8398927294812343e-01,1,9.9994642615513674e-01
max_c_ep_mixing_angles_polarization_04_local_minimum_10,C_e_p,polarization_cluster_04_local_minimum_10,cos(alpha_e)|+>+sin(alpha_e)|-> tensor cos(alpha_p)|+>+sin(alpha_p)|->,2.5825769432718442e+00,2.1872246466670209e+00,p_gamma_lepton,|+1+1+1>,7,1,1,1,1.1858779264800914e+00,3.2049048832699469e-02,1.1863109196343942e+00,2.7019011693698729e-02,1.4073335980438015e+00,2.8382572702620634e-01,2,9.9994642615513674e-01
max_c_ep_mixing_angles_polarization_04_local_minimum_10,C_e_p,polarization_cluster_04_local_minimum_10,cos(alpha_e)|+>+sin(alpha_e)|-> tensor cos(alpha_p)|+>+sin(alpha_p)|->,2.5825769432718442e+00,2.1872246466670209e+00,p_gamma_lepton,|+1-1+1>,6,1,1,-1,1.0348173787973296e+00,2.8109063504838123e-02,1.0351990759810863e+00,2.7156630492798924e-02,1.0716371269120948e+00,2.1612373006434377e-01,3,9.9994642615513674e-01
max_c_ep_mixing_angles_polarization_04_local_minimum_10,C_e_p,polarization_cluster_04_local_minimum_10,cos(alpha_e)|+>+sin(alpha_e)|-> tensor cos(alpha_p)|+>+sin(alpha_p)|->,2.5825769432718442e+00,2.1872246466670209e+00,p_gamma_lepton,|-1-1-1>,0,-1,-1,-1,1.0345549557848943e+00,-2.7528579580586680e-02,1.0349211463840176e+00,-2.6602825720861652e-02,1.0710617792328097e+00,2.1600769611646325e-01,4,9.9994642615513674e-01
max_c_ep_mixing_angles_polarization_04_local_minimum_11,C_e_p,polarization_cluster_04_local_minimum_11,cos(alpha_e)|+>+sin(alpha_e)|-> tensor cos(alpha_p)|+>+sin(alpha_p)|->,2.0950640446778070e+00,2.5610144884763448e+00,p_gamma_lepton,|+1-1+1>,6,1,1,-1,1.4793886023088316e+00,-5.0267855826997580e-03,1.4793971424923644e+00,-3.3978673549675564e-03,2.1886159052145726e+00,2.7752156185300364e-01,1,9.9988920052785568e-01
max_c_ep_mixing_angles_polarization_04_local_minimum_11,C_e_p,polarization_cluster_04_local_minimum_11,cos(alpha_e)|+>+sin(alpha_e)|-> tensor cos(alpha_p)|+>+sin(alpha_p)|->,2.0950640446778070e+00,2.5610144884763448e+00,p_gamma_lepton,|-1-1-1>,0,-1,-1,-1,1.4791514873352234e+00,5.0073075975240657e-03,1.4791599628219321e+00,3.3852438459988227e-03,2.1879141956153796e+00,2.7743258345187294e-01,2,9.9988920052785568e-01
max_c_ep_mixing_angles_polarization_04_local_minimum_11,C_e_p,polarization_cluster_04_local_minimum_11,cos(alpha_e)|+>+sin(alpha_e)|-> tensor cos(alpha_p)|+>+sin(alpha_p)|->,2.0950640446778070e+00,2.5610144884763448e+00,p_gamma_lepton,|-1+1-1>,1,-1,-1,1,1.3246194955186674e+00,4.4803996179874298e-03,1.3246270727600526e+00,3.3823921111035948e-03,1.7546368818888658e+00,2.2249201734597723e-01,3,9.9988920052785568e-01
max_c_ep_mixing_angles_polarization_04_local_minimum_11,C_e_p,polarization_cluster_04_local_minimum_11,cos(alpha_e)|+>+sin(alpha_e)|-> tensor cos(alpha_p)|+>+sin(alpha_p)|->,2.0950640446778070e+00,2.5610144884763448e+00,p_gamma_lepton,|+1+1+1>,7,1,1,1,1.3244733614002981e+00,-4.5749825289763228e-03,1.3244812628059881e+00,-3.4541761783049565e-03,1.7542506155241455e+00,2.2244303787700187e-01,4,9.9988920052785568e-01
max_c_ep_mixing_angles_polarization_04_local_minimum_14,C_e_p,polarization_cluster_04_local_minimum_14,cos(alpha_e)|+>+sin(alpha_e)|-> tensor cos(alpha_p)|+>+sin(alpha_p)|->,2.9776472215713676e+00,1.7435173094905818e+00,p_gamma_lepton,|+1+1+1>,7,1,1,1,2.5883825379713382e-01,1.3612187927727235e-08,2.5883825379713415e-01,5.2589552463894553e-08,6.6997241628749635e-02,2.6349278060570247e-01,1,9.9999996784766454e-01
max_c_ep_mixing_angles_polarization_04_local_minimum_14,C_e_p,polarization_cluster_04_local_minimum_14,cos(alpha_e)|+>+sin(alpha_e)|-> tensor cos(alpha_p)|+>+sin(alpha_p)|->,2.9776472215713676e+00,1.7435173094905818e+00,p_gamma_lepton,|-1+1-1>,1,-1,-1,1,2.5881775184786265e-01,-6.1861072913768267e-05,2.5881775924069461e-01,-2.3901402161988320e-04,6.6986632498374166e-02,2.6345105606310221e-01,2,9.9999996784766454e-01
max_c_ep_mixing_angles_polarization_04_local_minimum_14,C_e_p,polarization_cluster_04_local_minimum_14,cos(alpha_e)|+>+sin(alpha_e)|-> tensor cos(alpha_p)|+>+sin(alpha_p)|->,2.9776472215713676e+00,1.7435173094905818e+00,p_gamma_lepton,|-1-1-1>,0,-1,-1,-1,2.4524263563458537e-01,4.7243332430777820e-07,2.4524263563504042e-01,1.9263914819898014e-06,6.0143950333221188e-02,2.3653953990713689e-01,3,9.9999996784766454e-01
max_c_ep_mixing_angles_polarization_04_local_minimum_14,C_e_p,polarization_cluster_04_local_minimum_14,cos(alpha_e)|+>+sin(alpha_e)|-> tensor cos(alpha_p)|+>+sin(alpha_p)|->,2.9776472215713676e+00,1.7435173094905818e+00,p_gamma_lepton,|+1-1+1>,6,1,1,-1,2.4523073884285790e-01,-1.8084261620100108e-06,2.4523073884952590e-01,-7.3743861414374143e-06,6.0138115276684369e-02,2.3651659127172295e-01,4,9.9999996784766454e-01
max_c_ep_mixing_angles_polarization_04_local_minimum_18,C_e_p,polarization_cluster_04_local_minimum_18,cos(alpha_e)|+>+sin(alpha_e)|-> tensor cos(alpha_p)|+>+sin(alpha_p)|->,3.0044655249379852e+00,1.7160165556516112e+00,p_gamma_lepton,|-1+1-1>,1,-1,-1,1,6.4873955845198630e-02,-1.5500503043213845e-01,1.6803329909953249e-01,-1.1744202101607237e+00,2.8235189606272956e-02,2.6489024307511327e-01,1,9.9999995426895016e-01
max_c_ep_mixing_angles_polarization_04_local_minimum_18,C_e_p,polarization_cluster_04_local_minimum_18,cos(alpha_e)|+>+sin(alpha_e)|-> tensor cos(alpha_p)|+>+sin(alpha_p)|->,3.0044655249379852e+00,1.7160165556516112e+00,p_gamma_lepton,|+1+1+1>,7,1,1,1,6.4749004928372877e-02,1.5505406330385574e-01,1.6803034305223136e-01,1.1752188368538903e+00,2.8234196186250563e-02,2.6488092324142781e-01,2,9.9999995426895016e-01
max_c_ep_mixing_angles_polarization_04_local_minimum_18,C_e_p,polarization_cluster_04_local_minimum_18,cos(alpha_e)|+>+sin(alpha_e)|-> tensor cos(alpha_p)|+>+sin(alpha_p)|->,3.0044655249379852e+00,1.7160165556516112e+00,p_gamma_lepton,|+1-1+1>,6,1,1,-1,6.0990790248301764e-02,1.4608737717318432e-01,1.5830792230476828e-01,1.1752993785606785e+00,2.5061398264452559e-02,2.3511511594730689e-01,3,9.9999995426895016e-01
max_c_ep_mixing_angles_polarization_04_local_minimum_18,C_e_p,polarization_cluster_04_local_minimum_18,cos(alpha_e)|+>+sin(alpha_e)|-> tensor cos(alpha_p)|+>+sin(alpha_p)|->,3.0044655249379852e+00,1.7160165556516112e+00,p_gamma_lepton,|-1-1-1>,0,-1,-1,-1,6.1090016751370331e-02,-1.4604538405932010e-01,1.5830743618578699e-01,-1.1746187706275937e+00,2.5061244351717013e-02,2.3511367200510214e-01,4,9.9999995426895016e-01
max_c_ep_mixing_angles_polarization_04_local_minimum_21,C_e_p,polarization_cluster_04_local_minimum_21,cos(alpha_e)|+>+sin(alpha_e)|-> tensor cos(alpha_p)|+>+sin(alpha_p)|->,1.8287476738922996e+00,2.8330369647071492e+00,p_gamma_lepton,|-1-1-1>,0,-1,-1,-1,2.2774976680167439e-01,-9.1683883293942298e-09,2.2774976680167455e-01,-4.0256411491205181e-08,5.1869956278217125e-02,2.9689787620781460e-01,1,9.9999996171756478e-01
max_c_ep_mixing_angles_polarization_04_local_minimum_21,C_e_p,polarization_cluster_04_local_minimum_21,cos(alpha_e)|+>+sin(alpha_e)|-> tensor cos(alpha_p)|+>+sin(alpha_p)|->,1.8287476738922996e+00,2.8330369647071492e+00,p_gamma_lepton,|+1-1+1>,6,1,1,-1,2.2774731439637508e-01,5.3017587473006660e-05,2.2774732056739086e-01,2.3279126981505595e-04,5.1868842025625896e-02,2.9689149834957773e-01,2,9.9999996171756478e-01
max_c_ep_mixing_angles_polarization_04_local_minimum_21,C_e_p,polarization_cluster_04_local_minimum_21,cos(alpha_e)|+>+sin(alpha_e)|-> tensor cos(alpha_p)|+>+sin(alpha_p)|->,1.8287476738922996e+00,2.8330369647071492e+00,p_gamma_lepton,|-1+1-1>,1,-1,-1,1,1.8837190906417242e-01,4.4619322386683326e-06,1.8837190911701693e-01,2.3686823900658208e-05,3.5483976144389674e-02,2.0310634349044732e-01,3,9.9999996171756478e-01
max_c_ep_mixing_angles_polarization_04_local_minimum_21,C_e_p,polarization_cluster_04_local_minimum_21,cos(alpha_e)|+>+sin(alpha_e)|-> tensor cos(alpha_p)|+>+sin(alpha_p)|->,1.8287476738922996e+00,2.8330369647071492e+00,p_gamma_lepton,|+1+1+1>,7,1,1,1,1.8837093537029234e-01,-1.0906954959538486e-07,1.8837093537032390e-01,-5.7901474758283671e-07,3.5483609292290753e-02,2.0310424366972513e-01,4,9.9999996171756478e-01
max_c_ep_mixing_angles_polarization_04_local_minimum_29,C_e_p,polarization_cluster_04_local_minimum_29,cos(alpha_e)|+>+sin(alpha_e)|-> tensor cos(alpha_p)|+>+sin(alpha_p)|->,2.9729381385899329e+00,1.7475331272378560e+00,p_gamma_lepton,|+1+1+1>,7,1,1,1,1.5515561813647352e-01,-2.2383584498617876e-01,2.7235225598475926e-01,-9.6467101389902976e-01,7.4175751339987842e-02,2.6339163806347599e-01,1,9.9999607633946863e-01
max_c_ep_mixing_angles_polarization_04_local_minimum_29,C_e_p,polarization_cluster_04_local_minimum_29,cos(alpha_e)|+>+sin(alpha_e)|-> tensor cos(alpha_p)|+>+sin(alpha_p)|->,2.9729381385899329e+00,1.7475331272378560e+00,p_gamma_lepton,|-1+1-1>,1,-1,-1,1,1.5686113666536045e-01,2.2262969309640293e-01,2.7234058905008529e-01,9.5700102253014252e-01,7.4169396444147440e-02,2.6336907238136437e-01,2,9.9999607633946863e-01
max_c_ep_mixing_angles_polarization_04_local_minimum_29,C_e_p,polarization_cluster_04_local_minimum_29,cos(alpha_e)|+>+sin(alpha_e)|-> tensor cos(alpha_p)|+>+sin(alpha_p)|->,2.9729381385899329e+00,1.7475331272378560e+00,p_gamma_lepton,|-1-1-1>,0,-1,-1,-1,1.4894974508025888e-01,2.1084585311525719e-01,2.5815111918288230e-01,9.5576190950920292e-01,6.6642000335374735e-02,2.3663994385046891e-01,3,9.9999607633946863e-01
max_c_ep_mixing_angles_polarization_04_local_minimum_29,C_e_p,polarization_cluster_04_local_minimum_29,cos(alpha_e)|+>+sin(alpha_e)|-> tensor cos(alpha_p)|+>+sin(alpha_p)|->,2.9729381385899329e+00,1.7475331272378560e+00,p_gamma_lepton,|+1-1+1>,6,1,1,-1,1.4681362164422715e-01,-2.1230926194046881e-01,2.5812683356443378e-01,-9.6579223914111367e-01,6.6629462206000897e-02,2.3659542204415931e-01,4,9.9999607633946863e-01
max_c_ep_mixing_angles_polarization_04_local_minimum_39,C_e_p,polarization_cluster_04_local_minimum_39,cos(alpha_e)|+>+sin(alpha_e)|-> tensor cos(alpha_p)|+>+sin(alpha_p)|->,2.7834271976842180e+00,1.9626996542734620e+00,p_gamma_lepton,|+1+1+1>,7,1,1,1,-1.3030317818021122e+00,-1.5531548205726460e-04,1.3030317910585629e+00,-3.1414734581231203e+00,1.6978918485092858e+00,2.6937107684495581e-01,1,9.9983938057384836e-01
max_c_ep_mixing_angles_polarization_04_local_minimum_39,C_e_p,polarization_cluster_04_local_minimum_39,cos(alpha_e)|+>+sin(alpha_e)|-> tensor cos(alpha_p)|+>+sin(alpha_p)|->,2.7834271976842180e+00,1.9626996542734620e+00,p_gamma_lepton,|-1+1-1>,1,-1,-1,1,-1.3030148681207763e+00,9.3013370519166440e-05,1.3030148714405723e+00,3.1415212703902329e+00,1.6978477551952911e+00,2.6936408142679480e-01,2,9.9983938057384836e-01
max_c_ep_mixing_angles_polarization_04_local_minimum_39,C_e_p,polarization_cluster_04_local_minimum_39,cos(alpha_e)|+>+sin(alpha_e)|-> tensor cos(alpha_p)|+>+sin(alpha_p)|->,2.7834271976842180e+00,1.9626996542734620e+00,p_gamma_lepton,|-1-1-1>,0,-1,-1,-1,-1.2055059313478143e+00,1.4792034194615499e-04,1.2055059404230195e+00,3.1414699496384006e+00,1.4532445723951886e+00,2.3055770939054504e-01,3,9.9983938057384836e-01
max_c_ep_mixing_angles_polarization_04_local_minimum_39,C_e_p,polarization_cluster_04_local_minimum_39,cos(alpha_e)|+>+sin(alpha_e)|-> tensor cos(alpha_p)|+>+sin(alpha_p)|->,2.7834271976842180e+00,1.9626996542734620e+00,p_gamma_lepton,|+1-1+1>,6,1,1,-1,-1.2054766587362067e+00,-1.5594973427054715e-04,1.2054766688236354e+00,-3.1414632858975442e+00,1.4531739990781281e+00,2.3054651291155270e-01,4,9.9983938057384836e-01
max_c_ep_mixing_angles_polarization_04_local_minimum_41,C_e_p,polarization_cluster_04_local_minimum_41,cos(alpha_e)|+>+sin(alpha_e)|-> tensor cos(alpha_p)|+>+sin(alpha_p)|->,2.0496082294220663e+00,2.6149895363842446e+00,p_gamma_lepton,|+1-1+1>,6,1,1,-1,2.0697723838987763e+00,-9.6848432569179958e-03,2.0697950423505547e+00,-4.6791486111105876e-03,4.2840515173389342e+00,2.7285213897680144e-01,1,9.9978114388387407e-01
max_c_ep_mixing_angles_polarization_04_local_minimum_41,C_e_p,polarization_cluster_04_local_minimum_41,cos(alpha_e)|+>+sin(alpha_e)|-> tensor cos(alpha_p)|+>+sin(alpha_p)|->,2.0496082294220663e+00,2.6149895363842446e+00,p_gamma_lepton,|-1-1-1>,0,-1,-1,-1,2.0697637093981425e+00,9.4950423674643788e-03,2.0697854885400848e+00,4.5874684713796375e-03,4.2840119685711180e+00,2.7284962010749075e-01,2,9.9978114388387407e-01
max_c_ep_mixing_angles_polarization_04_local_minimum_41,C_e_p,polarization_cluster_04_local_minimum_41,cos(alpha_e)|+>+sin(alpha_e)|-> tensor cos(alpha_p)|+>+sin(alpha_p)|->,2.0496082294220663e+00,2.6149895363842446e+00,p_gamma_lepton,|+1+1+1>,7,1,1,1,1.8880850283688779e+00,-8.9086116593687925e-03,1.8881060451448177e+00,-4.7182968015825940e-03,3.5649444377124047e+00,2.2705205836728146e-01,3,9.9978114388387407e-01
max_c_ep_mixing_angles_polarization_04_local_minimum_41,C_e_p,polarization_cluster_04_local_minimum_41,cos(alpha_e)|+>+sin(alpha_e)|-> tensor cos(alpha_p)|+>+sin(alpha_p)|->,2.0496082294220663e+00,2.6149895363842446e+00,p_gamma_lepton,|-1+1-1>,1,-1,-1,1,1.8879836234170413e+00,8.5999594638920956e-03,1.8880032101650994e+00,4.5550712823409284e-03,3.5645561215937205e+00,2.2702732643230045e-01,4,9.9978114388387407e-01
max_c_ep_mixing_angles_polarization_04_local_minimum_42,C_e_p,polarization_cluster_04_local_minimum_42,cos(alpha_e)|+>+sin(alpha_e)|-> tensor cos(alpha_p)|+>+sin(alpha_p)|->,3.0111810932599328e+00,1.4336441289669877e+00,p_gamma_lepton,|+1+1+1>,7,1,1,1,-1.3780596930847161e-01,8.1258663552135652e-02,1.5997954737817768e-01,2.6088108109594668e+00,2.5593455579326598e-02,2.6305971218037144e-01,1,9.9999991193648186e-01
max_c_ep_mixing_angles_polarization_04_local_minimum_42,C_e_p,polarization_cluster_04_local_minimum_42,cos(alpha_e)|+>+sin(alpha_e)|-> tensor cos(alpha_p)|+>+sin(alpha_p)|->,3.0111810932599328e+00,1.4336441289669877e+00,p_gamma_lepton,|-1+1-1>,1,-1,-1,1,1.3777557381035929e-01,8.1292549022444704e-02,1.5997058249984694e-01,5.3306081698807728e-01,2.5590587265340338e-02,2.6303023050880392e-01,2,9.9999991193648186e-01
max_c_ep_mixing_angles_polarization_04_local_minimum_42,C_e_p,polarization_cluster_04_local_minimum_42,cos(alpha_e)|+>+sin(alpha_e)|-> tensor cos(alpha_p)|+>+sin(alpha_p)|->,3.0111810932599328e+00,1.4336441289669877e+00,p_gamma_lepton,|-1-1-1>,0,-1,-1,-1,1.3079401059618537e-01,7.7125561122839983e-02,1.5184013101399768e-01,5.3279074323200204e-01,2.3055425386347972e-02,2.3697282875813619e-01,3,9.9999991193648186e-01
max_c_ep_mixing_angles_polarization_04_local_minimum_42,C_e_p,polarization_cluster_04_local_minimum_42,cos(alpha_e)|+>+sin(alpha_e)|-> tensor cos(alpha_p)|+>+sin(alpha_p)|->,3.0111810932599328e+00,1.4336441289669877e+00,p_gamma_lepton,|+1-1+1>,6,1,1,-1,-1.3078511323512915e-01,7.7118139109419032e-02,1.5182869697005655e-01,2.6088142528915652e+00,2.3051953223625257e-02,2.3693714048917033e-01,4,9.9999991193648186e-01
max_c_ep_mixing_angles_polarization_04_local_minimum_48,C_e_p,polarization_cluster_04_local_minimum_48,cos(alpha_e)|+>+sin(alpha_e)|-> tensor cos(alpha_p)|+>+sin(alpha_p)|->,3.1093922770211222e+00,1.6007980084320634e+00,p_gamma_lepton,|+1+1+1>,7,1,1,1,9.8314033057194626e-03,-7.5328174180703533e-06,9.8314061915399393e-03,-7.6619946407976676e-04,9.6656547703049815e-05,2.6743175139669689e-01,1,9.9999769132651273e-01
max_c_ep_mixing_angles_polarization_04_local_minimum_48,C_e_p,polarization_cluster_04_local_minimum_48,cos(alpha_e)|+>+sin(alpha_e)|-> tensor cos(alpha_p)|+>+sin(alpha_p)|->,3.1093922770211222e+00,1.6007980084320634e+00,p_gamma_lepton,|-1+1-1>,1,-1,-1,1,9.8294477817200340e-03,6.8690977181636531e-06,9.8294501818801828e-03,6.9882833222210895e-04,9.6618090878064353e-05,2.6732534809238467e-01,2,9.9999769132651273e-01
max_c_ep_mixing_angles_polarization_04_local_minimum_48,C_e_p,polarization_cluster_04_local_minimum_48,cos(alpha_e)|+>+sin(alpha_e)|-> tensor cos(alpha_p)|+>+sin(alpha_p)|->,3.1093922770211222e+00,1.6007980084320634e+00,p_gamma_lepton,|-1-1-1>,0,-1,-1,-1,9.1705791447553361e-03,6.1628159627139164e-06,9.1705812155240245e-03,6.7202026586358988e-04,8.4099559830522091e-05,2.3268876358241961e-01,3,9.9999769132651273e-01
max_c_ep_mixing_angles_polarization_04_local_minimum_48,C_e_p,polarization_cluster_04_local_minimum_48,cos(alpha_e)|+>+sin(alpha_e)|-> tensor cos(alpha_p)|+>+sin(alpha_p)|->,3.1093922770211222e+00,1.6007980084320634e+00,p_gamma_lepton,|+1-1+1>,6,1,1,-1,9.1678796374471232e-03,-7.1357756631483932e-06,9.1678824144952858e-03,-7.7834510315781167e-04,8.4050067966011884e-05,2.3255182825501153e-01,4,9.9999769132651273e-01
max_c_ep_mixing_angles_polarization_04_local_minimum_50,C_e_p,polarization_cluster_04_local_minimum_50,cos(alpha_e)|+>+sin(alpha_e)|-> tensor cos(alpha_p)|+>+sin(alpha_p)|->,2.7280856449442088e+00,2.0238589697326717e+00,p_gamma_lepton,|-1+1-1>,1,-1,-1,1,-2.0389317891175343e+00,1.1497305369664814e-02,2.0389642048610841e+00,3.1359538266446014e+00,4.1573750287047933e+00,2.6971027609445103e-01,1,9.9972808394994328e-01
max_c_ep_mixing_angles_polarization_04_local_minimum_50,C_e_p,polarization_cluster_04_local_minimum_50,cos(alpha_e)|+>+sin(alpha_e)|-> tensor cos(alpha_p)|+>+sin(alpha_p)|->,2.7280856449442088e+00,2.0238589697326717e+00,p_gamma_lepton,|+1+1+1>,7,1,1,1,-2.0389310579461841e+00,-1.1209684977723487e-02,2.0389618721532892e+00,-3.1360948845531706e+00,4.1573655160948455e+00,2.6970965896257393e-01,2,9.9972808394994328e-01
max_c_ep_mixing_angles_polarization_04_local_minimum_50,C_e_p,polarization_cluster_04_local_minimum_50,cos(alpha_e)|+>+sin(alpha_e)|-> tensor cos(alpha_p)|+>+sin(alpha_p)|->,2.7280856449442088e+00,2.0238589697326717e+00,p_gamma_lepton,|-1-1-1>,0,-1,-1,-1,-1.8834942819685678e+00,1.0699833792139311e-02,1.8835246737570153e+00,3.1359118725036832e+00,3.5476651966514701e+00,2.3015526698288791e-01,3,9.9972808394994328e-01
max_c_ep_mixing_angles_polarization_04_local_minimum_50,C_e_p,polarization_cluster_04_local_minimum_50,cos(alpha_e)|+>+sin(alpha_e)|-> tensor cos(alpha_p)|+>+sin(alpha_p)|->,2.7280856449442088e+00,2.0238589697326717e+00,p_gamma_lepton,|+1-1+1>,6,1,1,-1,-1.8834868627920727e+00,-1.0279605545387557e-02,1.8835149143557353e+00,-3.1361349550606152e+00,3.5476284326004928e+00,2.3015288191003039e-01,4,9.9972808394994328e-01
max_c_ep_mixing_angles_polarization_04_local_minimum_65,C_e_p,polarization_cluster_04_local_minimum_65,cos(alpha_e)|+>+sin(alpha_e)|-> tensor cos(alpha_p)|+>+sin(alpha_p)|->,1.8453492689920499e+00,2.7496059855815145e+00,p_gamma_lepton,|+1-1+1>,6,1,1,-1,1.8243593243329287e-01,-3.7808117496406390e-06,1.8243593247246973e-01,-2.0724051992782794e-05,3.3282869457099531e-02,3.4165955997397224e-01,1,9.9999991345995820e-01
max_c_ep_mixing_angles_polarization_04_local_minimum_65,C_e_p,polarization_cluster_04_local_minimum_65,cos(alpha_e)|+>+sin(alpha_e)|-> tensor cos(alpha_p)|+>+sin(alpha_p)|->,1.8453492689920499e+00,2.7496059855815145e+00,p_gamma_lepton,|-1-1-1>,0,-1,-1,-1,1.8243435821862475e-01,5.3197503919886078e-10,1.8243435821862475e-01,2.9159805444178191e-09,3.3282295058641498e-02,3.4165366358560123e-01,2,9.9999991345995820e-01
max_c_ep_mixing_angles_polarization_04_local_minimum_65,C_e_p,polarization_cluster_04_local_minimum_65,cos(alpha_e)|+>+sin(alpha_e)|-> tensor cos(alpha_p)|+>+sin(alpha_p)|->,1.8453492689920499e+00,2.7496059855815145e+00,p_gamma_lepton,|+1+1+1>,7,1,1,1,1.2419806639024510e-01,4.3532052980492114e-09,1.2419806639024518e-01,3.5050507826514149e-08,1.5425159695075749e-02,1.5834431826080614e-01,3,9.9999991345995820e-01
max_c_ep_mixing_angles_polarization_04_local_minimum_65,C_e_p,polarization_cluster_04_local_minimum_65,cos(alpha_e)|+>+sin(alpha_e)|-> tensor cos(alpha_p)|+>+sin(alpha_p)|->,1.8453492689920499e+00,2.7496059855815145e+00,p_gamma_lepton,|-1+1-1>,1,-1,-1,1,1.2419730296663373e-01,-4.4023123054260754e-07,1.2419730296741395e-01,-3.5446118395907057e-06,1.5424970064379611e-02,1.5834237163957857e-01,4,9.9999991345995820e-01
max_c_ep_mixing_angles_polarization_04_local_minimum_66,C_e_p,polarization_cluster_04_local_minimum_66,cos(alpha_e)|+>+sin(alpha_e)|-> tensor cos(alpha_p)|+>+sin(alpha_p)|->,1.7458175308851998e+00,2.9572224549479067e+00,p_gamma_lepton,|-1-1-1>,0,-1,-1,-1,3.0337788944148625e-01,3.4185082977822484e-09,3.0337788944148630e-01,1.1268152415707243e-08,9.2038143801970659e-02,2.6345827997924542e-01,1,9.9999988123889272e-01
max_c_ep_mixing_angles_polarization_04_local_minimum_66,C_e_p,polarization_cluster_04_local_minimum_66,cos(alpha_e)|+>+sin(alpha_e)|-> tensor cos(alpha_p)|+>+sin(alpha_p)|->,1.7458175308851998e+00,2.9572224549479067e+00,p_gamma_lepton,|+1-1+1>,6,1,1,-1,3.0336561729725836e-01,-1.5482071992954494e-05,3.0336561769231724e-01,-5.1034366113886433e-05,9.2030697997841152e-02,2.6343696643827219e-01,2,9.9999988123889272e-01
max_c_ep_mixing_angles_polarization_04_local_minimum_66,C_e_p,polarization_cluster_04_local_minimum_66,cos(alpha_e)|+>+sin(alpha_e)|-> tensor cos(alpha_p)|+>+sin(alpha_p)|->,1.7458175308851998e+00,2.9572224549479067e+00,p_gamma_lepton,|-1+1-1>,1,-1,-1,1,2.8747570366245229e-01,-5.2103015201608735e-07,2.8747570366292446e-01,-1.8124319564316959e-06,8.2642280196493556e-02,2.3656271296580478e-01,3,9.9999988123889272e-01
max_c_ep_mixing_angles_polarization_04_local_minimum_66,C_e_p,polarization_cluster_04_local_minimum_66,cos(alpha_e)|+>+sin(alpha_e)|-> tensor cos(alpha_p)|+>+sin(alpha_p)|->,1.7458175308851998e+00,2.9572224549479067e+00,p_gamma_lepton,|+1+1+1>,7,1,1,1,2.8746307050043207e-01,1.0398073855606769e-07,2.8746307050045089e-01,3.6171859701855815e-07,8.2635016901547162e-02,2.3654192185557035e-01,4,9.9999988123889272e-01
max_c_ep_mixing_angles_polarization_04_local_minimum_69,C_e_p,polarization_cluster_04_local_minimum_69,cos(alpha_e)|+>+sin(alpha_e)|-> tensor cos(alpha_p)|+>+sin(alpha_p)|->,1.7426244428784101e+00,2.9606263178985759e+00,p_gamma_lepton,|-1-1-1>,0,-1,-1,-1,2.9333270102687009e-01,1.9658123624603710e-09,2.9333270102687009e-01,6.7016474998479530e-09,8.6044073491719150e-02,2.6341094239460527e-01,1,9.9999987650838529e-01
max_c_ep_mixing_angles_polarization_04_local_minimum_69,C_e_p,polarization_cluster_04_local_minimum_69,cos(alpha_e)|+>+sin(alpha_e)|-> tensor cos(alpha_p)|+>+sin(alpha_p)|->,1.7426244428784101e+00,2.9606263178985759e+00,p_gamma_lepton,|+1-1+1>,6,1,1,-1,2.9332117406222835e-01,-8.8629424720084062e-06,2.9332117419612891e-01,-3.0215829108303129e-05,8.6037311231795796e-02,2.6339024075663248e-01,2,9.9999987650838529e-01
max_c_ep_mixing_angles_polarization_04_local_minimum_69,C_e_p,polarization_cluster_04_local_minimum_69,cos(alpha_e)|+>+sin(alpha_e)|-> tensor cos(alpha_p)|+>+sin(alpha_p)|->,1.7426244428784101e+00,2.9606263178985759e+00,p_gamma_lepton,|+1+1+1>,7,1,1,1,2.7801167590698606e-01,6.2107541522519847e-08,2.7801167590699299e-01,2.2339904005793641e-07,7.7290491940614908e-02,2.3661317385420361e-01,3,9.9999987650838529e-01
max_c_ep_mixing_angles_polarization_04_local_minimum_69,C_e_p,polarization_cluster_04_local_minimum_69,cos(alpha_e)|+>+sin(alpha_e)|-> tensor cos(alpha_p)|+>+sin(alpha_p)|->,1.7426244428784101e+00,2.9606263178985759e+00,p_gamma_lepton,|-1+1-1>,1,-1,-1,1,2.7799542901519869e-01,-2.8767805730439234e-07,2.7799542901534752e-01,-1.0348301708534983e-06,7.7281458553427121e-02,2.3658551950294399e-01,4,9.9999987650838529e-01
max_c_ep_mixing_angles_polarization_04_local_minimum_70,C_e_p,polarization_cluster_04_local_minimum_70,cos(alpha_e)|+>+sin(alpha_e)|-> tensor cos(alpha_p)|+>+sin(alpha_p)|->,2.6724639418892382e+00,2.0880094874760635e+00,p_gamma_lepton,|+1+1+1>,7,1,1,1,-2.9819011266698676e+00,5.0069512439512237e-03,2.9819053302872955e+00,3.1399135413973713e+00,8.8917593987957844e+00,2.7181955188412038e-01,1,9.9956577973101324e-01
max_c_ep_mixing_angles_polarization_04_local_minimum_70,C_e_p,polarization_cluster_04_local_minimum_70,cos(alpha_e)|+>+sin(alpha_e)|-> tensor cos(alpha_p)|+>+sin(alpha_p)|->,2.6724639418892382e+00,2.0880094874760635e+00,p_gamma_lepton,|-1+1-1>,1,-1,-1,1,-2.9805184844935040e+00,-5.1305737106657721e-03,2.9805229002968683e+00,-3.1398712857573585e+00,8.8835167591940536e+00,2.7156757581252444e-01,2,9.9956577973101324e-01
max_c_ep_mixing_angles_polarization_04_local_minimum_70,C_e_p,polarization_cluster_04_local_minimum_70,cos(alpha_e)|+>+sin(alpha_e)|-> tensor cos(alpha_p)|+>+sin(alpha_p)|->,2.6724639418892382e+00,2.0880094874760635e+00,p_gamma_lepton,|-1-1-1>,0,-1,-1,-1,-2.7323429118851115e+00,-4.7652538900817484e-03,2.7323470672250711e+00,-3.1398486378449042e+00,7.4657204957734447e+00,2.2822578846747291e-01,3,9.9956577973101324e-01
max_c_ep_mixing_angles_polarization_04_local_minimum_70,C_e_p,polarization_cluster_04_local_minimum_70,cos(alpha_e)|+>+sin(alpha_e)|-> tensor cos(alpha_p)|+>+sin(alpha_p)|->,2.6724639418892382e+00,2.0880094874760635e+00,p_gamma_lepton,|+1-1+1>,6,1,1,-1,-2.7307090585131002e+00,4.5404812455522000e-03,2.7307128333487287e+00,3.1399299070416027e+00,7.4567925782154418e+00,2.2795286356689548e-01,4,9.9956577973101324e-01
max_c_ep_mixing_angles_polarization_04_local_minimum_74,C_e_p,polarization_cluster_04_local_minimum_74,cos(alpha_e)|+>+sin(alpha_e)|-> tensor cos(alpha_p)|+>+sin(alpha_p)|->,2.1014121277839619e+00,2.5428470927379974e+00,p_gamma_lepton,|+1-1+1>,6,1,1,-1,2.1429629222163586e+00,-8.0373565585474070e-03,2.1429779945427634e+00,-3.7505636652657550e-03,4.5923546850945263e+00,2.8148257569830648e-01,1,9.9968896976832711e-01
max_c_ep_mixing_angles_polarization_04_local_minimum_74,C_e_p,polarization_cluster_04_local_minimum_74,cos(alpha_e)|+>+sin(alpha_e)|-> tensor cos(alpha_p)|+>+sin(alpha_p)|->,2.1014121277839619e+00,2.5428470927379974e+00,p_gamma_lepton,|-1-1-1>,0,-1,-1,-1,2.1426844374045775e+00,7.8860858163455529e-03,2.1426989496066109e+00,3.6804533934312995e-03,4.5911587886452718e+00,2.8140927473705946e-01,2,9.9968896976832711e-01
max_c_ep_mixing_angles_polarization_04_local_minimum_74,C_e_p,polarization_cluster_04_local_minimum_74,cos(alpha_e)|+>+sin(alpha_e)|-> tensor cos(alpha_p)|+>+sin(alpha_p)|->,2.1014121277839619e+00,2.5428470927379974e+00,p_gamma_lepton,|-1+1-1>,1,-1,-1,1,1.8877537579406352e+00,6.8779821683603365e-03,1.8877662877744423e+00,3.6434581071918522e-03,3.5636615572576984e+00,2.1843013069302758e-01,3,9.9968896976832711e-01
max_c_ep_mixing_angles_polarization_04_local_minimum_74,C_e_p,polarization_cluster_04_local_minimum_74,cos(alpha_e)|+>+sin(alpha_e)|-> tensor cos(alpha_p)|+>+sin(alpha_p)|->,2.1014121277839619e+00,2.5428470927379974e+00,p_gamma_lepton,|+1+1+1>,7,1,1,1,1.8874797985743925e+00,-7.1702272029313006e-03,1.8874934177857603e+00,-3.7988182533570565e-03,3.5626314021845715e+00,2.1836698863993362e-01,4,9.9968896976832711e-01
max_c_ep_mixing_angles_polarization_04_local_minimum_80,C_e_p,polarization_cluster_04_local_minimum_80,cos(alpha_e)|+>+sin(alpha_e)|-> tensor cos(alpha_p)|+>+sin(alpha_p)|->,2.9660545989613891e+00,1.7562353506264583e+00,p_gamma_lepton,|+1+1+1>,7,1,1,1,-9.3734861397416741e-02,2.7989475969725658e-01,2.9517334017010738e-01,1.8939501346480441e+00,8.7127300747177963e-02,2.6397889803131130e-01,1,9.9999921508849599e-01
max_c_ep_mixing_angles_polarization_04_local_minimum_80,C_e_p,polarization_cluster_04_local_minimum_80,cos(alpha_e)|+>+sin(alpha_e)|-> tensor cos(alpha_p)|+>+sin(alpha_p)|->,2.9660545989613891e+00,1.7562353506264583e+00,p_gamma_lepton,|-1+1-1>,1,-1,-1,1,-9.2855750059543357e-02,-2.8014257623970507e-01,2.9513056998782650e-01,-1.8908589432811507e+00,8.7102053341339386e-02,2.6390240326659048e-01,2,9.9999921508849599e-01
max_c_ep_mixing_angles_polarization_04_local_minimum_80,C_e_p,polarization_cluster_04_local_minimum_80,cos(alpha_e)|+>+sin(alpha_e)|-> tensor cos(alpha_p)|+>+sin(alpha_p)|->,2.9660545989613891e+00,1.7562353506264583e+00,p_gamma_lepton,|-1-1-1>,0,-1,-1,-1,-8.7693628631831666e-02,-2.6500066311234743e-01,2.7913352351984072e-01,-1.8903719817689040e+00,7.7915523952601443e-02,2.3606899302692064e-01,3,9.9999921508849599e-01
max_c_ep_mixing_angles_polarization_04_local_minimum_80,C_e_p,polarization_cluster_04_local_minimum_80,cos(alpha_e)|+>+sin(alpha_e)|-> tensor cos(alpha_p)|+>+sin(alpha_p)|->,2.9660545989613891e+00,1.7562353506264583e+00,p_gamma_lepton,|+1-1+1>,6,1,1,-1,-8.8758572922855550e-02,2.6463335910992158e-01,2.7912165630975783e-01,1.8944075753146763e+00,7.7908899021102568e-02,2.3604892076367354e-01,4,9.9999921508849599e-01
max_c_ep_mixing_angles_polarization_04_local_minimum_83,C_e_p,polarization_cluster_04_local_minimum_83,cos(alpha_e)|+>+sin(alpha_e)|-> tensor cos(alpha_p)|+>+sin(alpha_p)|->,1.9068926793459344e+00,2.7959195300359236e+00,p_gamma_lepton,|+1-1+1>,6,1,1,-1,-2.1698278538341809e+00,-3.1513883946238724e-03,2.1698301423206980e+00,-3.1401402866781782e+00,4.7081628465234626e+00,2.6608745741533923e-01,1,9.9990423466139111e-01
max_c_ep_mixing_angles_polarization_04_local_minimum_83,C_e_p,polarization_cluster_04_local_minimum_83,cos(alpha_e)|+>+sin(alpha_e)|-> tensor cos(alpha_p)|+>+sin(alpha_p)|->,1.9068926793459344e+00,2.7959195300359236e+00,p_gamma_lepton,|-1-1-1>,0,-1,-1,-1,-2.1695592824269032e+00,3.2428841508930291e-03,2.1695617060278223e+00,3.1400979344723710e+00,4.7069979962623547e+00,2.6602162450888472e-01,2,9.9990423466139111e-01
max_c_ep_mixing_angles_polarization_04_local_minimum_83,C_e_p,polarization_cluster_04_local_minimum_83,cos(alpha_e)|+>+sin(alpha_e)|-> tensor cos(alpha_p)|+>+sin(alpha_p)|->,1.9068926793459344e+00,2.7959195300359236e+00,p_gamma_lepton,|-1+1-1>,1,-1,-1,1,-2.0344917214043914e+00,3.0667051808694534e-03,2.0344940327127210e+00,3.1400852978085125e+00,4.1391659691436704e+00,2.3392991798548426e-01,3,9.9990423466139111e-01
max_c_ep_mixing_angles_polarization_04_local_minimum_83,C_e_p,polarization_cluster_04_local_minimum_83,cos(alpha_e)|+>+sin(alpha_e)|-> tensor cos(alpha_p)|+>+sin(alpha_p)|->,1.9068926793459344e+00,2.7959195300359236e+00,p_gamma_lepton,|+1+1+1>,7,1,1,1,-2.0342106589269524e+00,-2.9079799877450184e-03,2.0342127374588026e+00,-3.1401631172759936e+00,4.1380214612396351e+00,2.3386523475168292e-01,4,9.9990423466139111e-01
max_c_ep_mixing_angles_polarization_04_local_minimum_84,C_e_p,polarization_cluster_04_local_minimum_84,cos(alpha_e)|+>+sin(alpha_e)|-> tensor cos(alpha_p)|+>+sin(alpha_p)|->,2.0079706330779334e+00,2.6590688479209699e+00,p_gamma_lepton,|-1-1-1>,0,-1,-1,-1,1.1549165823279202e+00,2.3680989971761872e-02,1.1551593402739062e+00,2.0501629642906003e-02,1.3343931014220463e+00,2.7527794742360362e-01,1,9.9993619640922138e-01
max_c_ep_mixing_angles_polarization_04_local_minimum_84,C_e_p,polarization_cluster_04_local_minimum_84,cos(alpha_e)|+>+sin(alpha_e)|-> tensor cos(alpha_p)|+>+sin(alpha_p)|->,2.0079706330779334e+00,2.6590688479209699e+00,p_gamma_lepton,|+1-1+1>,6,1,1,-1,1.1547487190567118e+00,-2.4055508178346098e-02,1.1549992517905954e+00,-2.0828799324517082e-02,1.3340232716368352e+00,2.7520165357581577e-01,2,9.9993619640922138e-01
max_c_ep_mixing_angles_polarization_04_local_minimum_84,C_e_p,polarization_cluster_04_local_minimum_84,cos(alpha_e)|+>+sin(alpha_e)|-> tensor cos(alpha_p)|+>+sin(alpha_p)|->,2.0079706330779334e+00,2.6590688479209699e+00,p_gamma_lepton,|+1+1+1>,7,1,1,1,1.0435816248729073e+00,-2.1752511179476453e-02,1.0438083059235497e+00,-2.0841073823287763e-02,1.0895357795149907e+00,2.2476523050803845e-01,3,9.9993619640922138e-01
max_c_ep_mixing_angles_polarization_04_local_minimum_84,C_e_p,polarization_cluster_04_local_minimum_84,cos(alpha_e)|+>+sin(alpha_e)|-> tensor cos(alpha_p)|+>+sin(alpha_p)|->,2.0079706330779334e+00,2.6590688479209699e+00,p_gamma_lepton,|-1+1-1>,1,-1,-1,1,1.0434193700117538e+00,2.1301144735600415e-02,1.0436367761260485e+00,2.0411913865453140e-02,1.0891777204827719e+00,2.2469136490176350e-01,4,9.9993619640922138e-01
max_c_ep_mixing_angles_polarization_04_local_minimum_88,C_e_p,polarization_cluster_04_local_minimum_88,cos(alpha_e)|+>+sin(alpha_e)|-> tensor cos(alpha_p)|+>+sin(alpha_p)|->,2.1154575285735699e+00,2.5152090757307777e+00,p_gamma_lepton,|-1-1-1>,0,-1,-1,-1,1.5499117907305380e+00,-3.8958466667579510e-02,1.5504013419662124e+00,-2.5130633346440140e-02,2.4037443211706315e+00,2.8885296330360932e-01,1,9.9977457781273649e-01
max_c_ep_mixing_angles_polarization_04_local_minimum_88,C_e_p,polarization_cluster_04_local_minimum_88,cos(alpha_e)|+>+sin(alpha_e)|-> tensor cos(alpha_p)|+>+sin(alpha_p)|->,2.1154575285735699e+00,2.5152090757307777e+00,p_gamma_lepton,|+1-1+1>,6,1,1,-1,1.5496596074142519e+00,3.9654514888115153e-02,1.5501668875970436e+00,2.5583594461110387e-02,2.4030173794023053e+00,2.8876560822092401e-01,2,9.9977457781273649e-01
max_c_ep_mixing_angles_polarization_04_local_minimum_88,C_e_p,polarization_cluster_04_local_minimum_88,cos(alpha_e)|+>+sin(alpha_e)|-> tensor cos(alpha_p)|+>+sin(alpha_p)|->,2.1154575285735699e+00,2.5152090757307777e+00,p_gamma_lepton,|+1+1+1>,7,1,1,1,1.3250195325463312e+00,3.4219873681567918e-02,1.3254613390755992e+00,2.5820199554712910e-02,1.7568477613840805e+00,2.1111674710144052e-01,3,9.9977457781273649e-01
max_c_ep_mixing_angles_polarization_04_local_minimum_88,C_e_p,polarization_cluster_04_local_minimum_88,cos(alpha_e)|+>+sin(alpha_e)|-> tensor cos(alpha_p)|+>+sin(alpha_p)|->,2.1154575285735699e+00,2.5152090757307777e+00,p_gamma_lepton,|-1+1-1>,1,-1,-1,1,1.3248081039649862e+00,-3.2960867416972760e-02,1.3252180692671605e+00,-2.4874597994280771e-02,1.7562029311121805e+00,2.1103925918676267e-01,4,9.9977457781273649e-01
max_c_ep_mixing_angles_polarization_04_local_minimum_94,C_e_p,polarization_cluster_04_local_minimum_94,cos(alpha_e)|+>+sin(alpha_e)|-> tensor cos(alpha_p)|+>+sin(alpha_p)|->,2.0355700310005469e+00,2.6281532333416795e+00,p_gamma_lepton,|-1-1-1>,0,-1,-1,-1,3.3409745943800973e+00,-1.9065808705589264e-02,3.3410289949886476e+00,-5.7065988397933445e-03,1.1162474745354855e+01,2.7164643058886040e-01,1,9.9946752340035472e-01
max_c_ep_mixing_angles_polarization_04_local_minimum_94,C_e_p,polarization_cluster_04_local_minimum_94,cos(alpha_e)|+>+sin(alpha_e)|-> tensor cos(alpha_p)|+>+sin(alpha_p)|->,2.0355700310005469e+00,2.6281532333416795e+00,p_gamma_lepton,|+1-1+1>,6,1,1,-1,3.3406693665563791e+00,1.9571670090331113e-02,3.3407266974295164e+00,5.8585403181676213e-03,1.1160454866918323e+01,2.7159727547048168e-01,2,9.9946752340035472e-01
max_c_ep_mixing_angles_polarization_04_local_minimum_94,C_e_p,polarization_cluster_04_local_minimum_94,cos(alpha_e)|+>+sin(alpha_e)|-> tensor cos(alpha_p)|+>+sin(alpha_p)|->,2.0355700310005469e+00,2.6281532333416795e+00,p_gamma_lepton,|+1+1+1>,7,1,1,1,3.0617223519565115e+00,1.8209879506751538e-02,3.0617765039567733e+00,5.9475232238881074e-03,9.3744753601817603e+00,2.2813424695955647e-01,3,9.9946752340035472e-01
max_c_ep_mixing_angles_polarization_04_local_minimum_94,C_e_p,polarization_cluster_04_local_minimum_94,cos(alpha_e)|+>+sin(alpha_e)|-> tensor cos(alpha_p)|+>+sin(alpha_p)|->,2.0355700310005469e+00,2.6281532333416795e+00,p_gamma_lepton,|-1+1-1>,1,-1,-1,1,3.0614279042308286e+00,-1.7282962222438289e-02,3.0614766883950537e+00,-5.6453325576487729e-03,9.3726395135863445e+00,2.2808957038145619e-01,4,9.9946752340035472e-01
max_c_ep_mixing_angles_polarization_04_local_minimum_95,C_e_p,polarization_cluster_04_local_minimum_95,cos(alpha_e)|+>+sin(alpha_e)|-> tensor cos(alpha_p)|+>+sin(alpha_p)|->,2.5753334530076653e+00,2.2116160841415495e+00,p_gamma_lepton,|+1+1+1>,7,1,1,1,-2.3756016989292275e+00,-1.1422539739991818e-03,2.3756019735426164e+00,-3.1411118264012599e+00,5.6434847366995715e+00,2.8345086377707640e-01,1,9.9965297056256675e-01
max_c_ep_mixing_angles_polarization_04_local_minimum_95,C_e_p,polarization_cluster_04_local_minimum_95,cos(alpha_e)|+>+sin(alpha_e)|-> tensor cos(alpha_p)|+>+sin(alpha_p)|->,2.5753334530076653e+00,2.2116160841415495e+00,p_gamma_lepton,|-1+1-1>,1,-1,-1,1,-2.3748922372103785e+00,1.0129752840490295e-03,2.3748924532452080e+00,3.1411661183530586e+00,5.6401141644810426e+00,2.8328157270049170e-01,2,9.9965297056256675e-01
max_c_ep_mixing_angles_polarization_04_local_minimum_95,C_e_p,polarization_cluster_04_local_minimum_95,cos(alpha_e)|+>+sin(alpha_e)|-> tensor cos(alpha_p)|+>+sin(alpha_p)|->,2.5753334530076653e+00,2.2116160841415495e+00,p_gamma_lepton,|-1-1-1>,0,-1,-1,-1,-2.0764596323623272e+00,1.0322747106703827e-03,2.0764598889507520e+00,3.1410955215437166e+00,4.3116856704213689e+00,2.1655964083122856e-01,3,9.9965297056256675e-01
max_c_ep_mixing_angles_polarization_04_local_minimum_95,C_e_p,polarization_cluster_04_local_minimum_95,cos(alpha_e)|+>+sin(alpha_e)|-> tensor cos(alpha_p)|+>+sin(alpha_p)|->,2.5753334530076653e+00,2.2116160841415495e+00,p_gamma_lepton,|+1-1+1>,6,1,1,-1,-2.0755065583078687e+00,-1.0714353397281216e-03,2.0755068348605024e+00,-3.1410764252790404e+00,4.3077286215526627e+00,2.1636089325377009e-01,4,9.9965297056256675e-01
max_c_ep_mixing_angles_polarization_04_local_minimum_99,C_e_p,polarization_cluster_04_local_minimum_99,cos(alpha_e)|+>+sin(alpha_e)|-> tensor cos(alpha_p)|+>+sin(alpha_p)|->,2.6227451391145973e+00,2.1271569378172832e+00,p_gamma_lepton,|-1+1-1>,1,-1,-1,1,2.5125894166190306e+00,-1.2025071121766609e-02,2.5126181920143464e+00,-4.7858910937295784e-03,6.3132501788414457e+00,2.7717026095633568e-01,1,9.9982860348753910e-01
max_c_ep_mixing_angles_polarization_04_local_minimum_99,C_e_p,polarization_cluster_04_local_minimum_99,cos(alpha_e)|+>+sin(alpha_e)|-> tensor cos(alpha_p)|+>+sin(alpha_p)|->,2.6227451391145973e+00,2.1271569378172832e+00,p_gamma_lepton,|+1+1+1>,7,1,1,1,2.5119336017480567e+00,1.2373180836050535e-02,2.5119640752198200e+00,4.9257196759875570e-03,6.3099635151949656e+00,2.7702596675053598e-01,2,9.9982860348753910e-01
max_c_ep_mixing_angles_polarization_04_local_minimum_99,C_e_p,polarization_cluster_04_local_minimum_99,cos(alpha_e)|+>+sin(alpha_e)|-> tensor cos(alpha_p)|+>+sin(alpha_p)|->,2.6227451391145973e+00,2.1271569378172832e+00,p_gamma_lepton,|+1-1+1>,6,1,1,-1,2.2532492717966979e+00,1.1241752498448575e-02,2.2532773149019154e+00,4.9890881431451919e-03,5.0772586578515853e+00,2.2290659601229171e-01,3,9.9982860348753910e-01
max_c_ep_mixing_angles_polarization_04_local_minimum_99,C_e_p,polarization_cluster_04_local_minimum_99,cos(alpha_e)|+>+sin(alpha_e)|-> tensor cos(alpha_p)|+>+sin(alpha_p)|->,2.6227451391145973e+00,2.1271569378172832e+00,p_gamma_lepton,|-1-1-1>,0,-1,-1,-1,2.2523376114405989e+00,-1.0742298223445867e-02,2.2523632284516331e+00,-4.7693634904854391e-03,5.0731401128810631e+00,2.2272577976837571e-01,4,9.9982860348753910e-01
max_c_ep_mixing_angles_polarization_04_local_minimum_100,C_e_p,polarization_cluster_04_local_minimum_100,cos(alpha_e)|+>+sin(alpha_e)|-> tensor cos(alpha_p)|+>+sin(alpha_p)|->,2.5819037289460902e+00,2.2052050423302112e+00,p_gamma_lepton,|+1+1+1>,7,1,1,1,-2.1550091968917191e+00,-1.6075380535601275e-02,2.1550691535417736e+00,-3.1341332504473312e+00,4.6443230565472549e+00,2.8413241115630322e-01,1,9.9969522414288936e-01
max_c_ep_mixing_angles_polarization_04_local_minimum_100,C_e_p,polarization_cluster_04_local_minimum_100,cos(alpha_e)|+>+sin(alpha_e)|-> tensor cos(alpha_p)|+>+sin(alpha_p)|->,2.5819037289460902e+00,2.2052050423302112e+00,p_gamma_lepton,|-1+1-1>,1,-1,-1,1,-2.1540740221007399e+00,1.6358027542300035e-02,2.1541361325956943e+00,3.1339988044758407e+00,4.6403024777543340e+00,2.8388643844235384e-01,2,9.9969522414288936e-01
max_c_ep_mixing_angles_polarization_04_local_minimum_100,C_e_p,polarization_cluster_04_local_minimum_100,cos(alpha_e)|+>+sin(alpha_e)|-> tensor cos(alpha_p)|+>+sin(alpha_p)|->,2.5819037289460902e+00,2.2052050423302112e+00,p_gamma_lepton,|-1-1-1>,0,-1,-1,-1,-1.8788980307715217e+00,1.4459379998149767e-02,1.8789536672592630e+00,3.1338971350852152e+00,3.5304668837070334e+00,2.1598843490463651e-01,3,9.9969522414288936e-01
max_c_ep_mixing_angles_polarization_04_local_minimum_100,C_e_p,polarization_cluster_04_local_minimum_100,cos(alpha_e)|+>+sin(alpha_e)|-> tensor cos(alpha_p)|+>+sin(alpha_p)|->,2.5819037289460902e+00,2.2052050423302112e+00,p_gamma_lepton,|+1-1+1>,6,1,1,-1,-1.8775951660599677e+00,-1.3838059666114670e-02,1.8776461592928206e+00,-3.1342226894085123e+00,3.5255550995070806e+00,2.1568793963959576e-01,4,9.9969522414288936e-01
max_c_ep_mixing_angles_polarization_04_local_minimum_103,C_e_p,polarization_cluster_04_local_minimum_103,cos(alpha_e)|+>+sin(alpha_e)|-> tensor cos(alpha_p)|+>+sin(alpha_p)|->,2.5731081341728683e+00,2.2041170918146151e+00,p_gamma_lepton,|+1+1+1>,7,1,1,1,9.5313237341744250e-01,-3.0255670112493621e-09,9.5313237341744250e-01,-3.1743408320097604e-09,9.0846132125636703e-01,2.8461554118322507e-01,1,9.9999990242464809e-01
max_c_ep_mixing_angles_polarization_04_local_minimum_103,C_e_p,polarization_cluster_04_local_minimum_103,cos(alpha_e)|+>+sin(alpha_e)|-> tensor cos(alpha_p)|+>+sin(alpha_p)|->,2.5731081341728683e+00,2.2041170918146151e+00,p_gamma_lepton,|-1+1-1>,1,-1,-1,1,9.5292065544921656e-01,4.2972635453120829e-05,9.5292065641815737e-01,4.5095711986359492e-05,9.0805777742841176e-01,2.8448911329653664e-01,2,9.9999990242464809e-01
max_c_ep_mixing_angles_polarization_04_local_minimum_103,C_e_p,polarization_cluster_04_local_minimum_103,cos(alpha_e)|+>+sin(alpha_e)|-> tensor cos(alpha_p)|+>+sin(alpha_p)|->,2.5731081341728683e+00,2.2041170918146151e+00,p_gamma_lepton,|-1-1-1>,0,-1,-1,-1,8.2934202727736095e-01,-6.4537156550719379e-09,8.2934202727736095e-01,-7.7817299049208674e-09,6.8780819820852290e-01,2.1548622707750276e-01,3,9.9999990242464809e-01
max_c_ep_mixing_angles_polarization_04_local_minimum_103,C_e_p,polarization_cluster_04_local_minimum_103,cos(alpha_e)|+>+sin(alpha_e)|-> tensor cos(alpha_p)|+>+sin(alpha_p)|->,2.5731081341728683e+00,2.2041170918146151e+00,p_gamma_lepton,|+1-1+1>,6,1,1,-1,8.2919344191847588e-01,2.0157264911112907e-05,8.2919344216348223e-01,2.4309484238689942e-05,6.8756176452692397e-01,2.1540902086738359e-01,4,9.9999990242464809e-01
max_c_ep_mixing_angles_polarization_04_local_minimum_106,C_e_p,polarization_cluster_04_local_minimum_106,cos(alpha_e)|+>+sin(alpha_e)|-> tensor cos(alpha_p)|+>+sin(alpha_p)|->,2.9538758590240399e+00,1.7622107566560115e+00,p_gamma_lepton,|+1+1+1>,7,1,1,1,4.6104775420429600e-01,9.9955893787502872e-04,4.6104883773294042e-01,2.1680126682994678e-03,2.1256603077489522e-01,2.6343974946035609e-01,1,9.9997114580847923e-01
max_c_ep_mixing_angles_polarization_04_local_minimum_106,C_e_p,polarization_cluster_04_local_minimum_106,cos(alpha_e)|+>+sin(alpha_e)|-> tensor cos(alpha_p)|+>+sin(alpha_p)|->,2.9538758590240399e+00,1.7622107566560115e+00,p_gamma_lepton,|-1+1-1>,1,-1,-1,1,4.6098782172538266e-01,-1.0046887244163207e-03,4.6098891654631585e-01,-2.1794222891572557e-03,2.1251078117854622e-01,2.6337127690259649e-01,2,9.9997114580847923e-01
max_c_ep_mixing_angles_polarization_04_local_minimum_106,C_e_p,polarization_cluster_04_local_minimum_106,cos(alpha_e)|+>+sin(alpha_e)|-> tensor cos(alpha_p)|+>+sin(alpha_p)|->,2.9538758590240399e+00,1.7622107566560115e+00,p_gamma_lepton,|-1-1-1>,0,-1,-1,-1,4.3695044036574054e-01,-9.0902981094490725e-04,4.3695138593556582e-01,-2.0803926842284906e-03,1.9092651367101179e-01,2.3662121715061410e-01,3,9.9997114580847923e-01
max_c_ep_mixing_angles_polarization_04_local_minimum_106,C_e_p,polarization_cluster_04_local_minimum_106,cos(alpha_e)|+>+sin(alpha_e)|-> tensor cos(alpha_p)|+>+sin(alpha_p)|->,2.9538758590240399e+00,1.7622107566560115e+00,p_gamma_lepton,|+1-1+1>,6,1,1,-1,4.3687433745406440e-01,9.5298614488380652e-04,4.3687537686223527e-01,2.1813701369633922e-03,1.9086009490852004e-01,2.3653890229491251e-01,4,9.9997114580847923e-01
max_c_ep_mixing_angles_polarization_04_local_minimum_112,C_e_p,polarization_cluster_04_local_minimum_112,cos(alpha_e)|+>+sin(alpha_e)|-> tensor cos(alpha_p)|+>+sin(alpha_p)|->,2.0339053208931710e+00,2.6534141978456769e+00,p_gamma_lepton,|-1-1-1>,0,-1,-1,-1,-2.4051742712401500e+00,-5.4550966830002124e-03,2.4051804574949065e+00,-3.1393245903586369e+00,5.7848930331154076e+00,2.7162459707885611e-01,1,9.9985902338043720e-01
max_c_ep_mixing_angles_polarization_04_local_minimum_112,C_e_p,polarization_cluster_04_local_minimum_112,cos(alpha_e)|+>+sin(alpha_e)|-> tensor cos(alpha_p)|+>+sin(alpha_p)|->,2.0339053208931710e+00,2.6534141978456769e+00,p_gamma_lepton,|+1-1+1>,6,1,1,-1,-2.4044419730717683e+00,5.2579103517994673e-03,2.4044477219292015e+00,3.1394059083782939e+00,5.7813688474905245e+00,2.7145912202254818e-01,2,9.9985902338043720e-01
max_c_ep_mixing_angles_polarization_04_local_minimum_112,C_e_p,polarization_cluster_04_local_minimum_112,cos(alpha_e)|+>+sin(alpha_e)|-> tensor cos(alpha_p)|+>+sin(alpha_p)|->,2.0339053208931710e+00,2.6534141978456769e+00,p_gamma_lepton,|+1+1+1>,7,1,1,1,-2.2057888392378877e+00,4.8402249679179834e-03,2.2057941497529110e+00,3.1393983287690514e+00,4.8655278310841679e+00,2.2845660743055471e-01,3,9.9985902338043720e-01
max_c_ep_mixing_angles_polarization_04_local_minimum_112,C_e_p,polarization_cluster_04_local_minimum_112,cos(alpha_e)|+>+sin(alpha_e)|-> tensor cos(alpha_p)|+>+sin(alpha_p)|->,2.0339053208931710e+00,2.6534141978456769e+00,p_gamma_lepton,|-1+1-1>,1,-1,-1,1,-2.2051224740677124e+00,-5.0567757811947845e-03,2.2051282721465006e+00,-3.1392994626325583e+00,4.8625906966198116e+00,2.2831869684847822e-01,4,9.9985902338043720e-01
max_c_ep_mixing_angles_polarization_04_local_minimum_115,C_e_p,polarization_cluster_04_local_minimum_115,cos(alpha_e)|+>+sin(alpha_e)|-> tensor cos(alpha_p)|+>+sin(alpha_p)|->,3.0305093628066864e+00,1.6880648774962892e+00,p_gamma_lepton,|+1+1+1>,7,1,1,1,-7.0615336753692567e-02,-1.0483397117939193e-01,1.2639892126944352e-01,-2.1635781613675480e+00,1.5976687298078981e-02,2.6292946923411098e-01,1,9.9999748497649432e-01
max_c_ep_mixing_angles_polarization_04_local_minimum_115,C_e_p,polarization_cluster_04_local_minimum_115,cos(alpha_e)|+>+sin(alpha_e)|-> tensor cos(alpha_p)|+>+sin(alpha_p)|->,3.0305093628066864e+00,1.6880648774962892e+00,p_gamma_lepton,|-1+1-1>,1,-1,-1,1,-6.9834413952144750e-02,1.0535449516104355e-01,1.2639784421689262e-01,2.1561531981508693e+00,1.5976415022677857e-02,2.6292498837863904e-01,2,9.9999748497649432e-01
max_c_ep_mixing_angles_polarization_04_local_minimum_115,C_e_p,polarization_cluster_04_local_minimum_115,cos(alpha_e)|+>+sin(alpha_e)|-> tensor cos(alpha_p)|+>+sin(alpha_p)|->,3.0305093628066864e+00,1.6880648774962892e+00,p_gamma_lepton,|+1-1+1>,6,1,1,-1,-6.7160247119200156e-02,-9.9473854622252653e-02,1.2002310838551503e-01,-2.1646523091315939e+00,1.4405546546521087e-02,2.3707309511900454e-01,3,9.9999748497649432e-01
max_c_ep_mixing_angles_polarization_04_local_minimum_115,C_e_p,polarization_cluster_04_local_minimum_115,cos(alpha_e)|+>+sin(alpha_e)|-> tensor cos(alpha_p)|+>+sin(alpha_p)|->,3.0305093628066864e+00,1.6880648774962892e+00,p_gamma_lepton,|-1-1-1>,0,-1,-1,-1,-6.6162349337005585e-02,1.0013939228567217e-01,1.2002230774791701e-01,2.1546585356112606e+00,1.4405354357135703e-02,2.3706993224473977e-01,4,9.9999748497649432e-01
max_c_ep_mixing_angles_polarization_04_local_minimum_118,C_e_p,polarization_cluster_04_local_minimum_118,cos(alpha_e)|+>+sin(alpha_e)|-> tensor cos(alpha_p)|+>+sin(alpha_p)|->,2.5797307679071735e+00,2.2044706250447974e+00,p_gamma_lepton,|+1+1+1>,7,1,1,1,-2.3286874359451435e+00,1.0453139668881013e-02,2.3287108971398109e+00,3.1371038289846696e+00,5.4228944424577055e+00,2.8254152110840858e-01,1,9.9969021593872354e-01
max_c_ep_mixing_angles_polarization_04_local_minimum_118,C_e_p,polarization_cluster_04_local_minimum_118,cos(alpha_e)|+>+sin(alpha_e)|-> tensor cos(alpha_p)|+>+sin(alpha_p)|->,2.5797307679071735e+00,2.2044706250447974e+00,p_gamma_lepton,|-1+1-1>,1,-1,-1,1,-2.3274855848194771e+00,-1.0667412094340767e-02,2.3275100303163581e+00,-3.1370094512397966e+00,5.4173029412232516e+00,2.8225019490229747e-01,2,9.9969021593872354e-01
max_c_ep_mixing_angles_polarization_04_local_minimum_118,C_e_p,polarization_cluster_04_local_minimum_118,cos(alpha_e)|+>+sin(alpha_e)|-> tensor cos(alpha_p)|+>+sin(alpha_p)|->,2.5797307679071735e+00,2.2044706250447974e+00,p_gamma_lepton,|-1-1-1>,0,-1,-1,-1,-2.0435173099558170e+00,-9.4656524161386806e-03,2.0435392324750512e+00,-3.1369606474535017e+00,4.1760525946647213e+00,2.1757905576907033e-01,3,9.9969021593872354e-01
max_c_ep_mixing_angles_polarization_04_local_minimum_118,C_e_p,polarization_cluster_04_local_minimum_118,cos(alpha_e)|+>+sin(alpha_e)|-> tensor cos(alpha_p)|+>+sin(alpha_p)|->,2.5797307679071735e+00,2.2044706250447974e+00,p_gamma_lepton,|+1-1+1>,6,1,1,-1,-2.0422997131465950e+00,9.0377969710361203e-03,2.0423197105479725e+00,3.1371673785349730e+00,4.1710698000927540e+00,2.1731944415894716e-01,4,9.9969021593872354e-01
max_c_ep_mixing_angles_polarization_04_local_minimum_120,C_e_p,polarization_cluster_04_local_minimum_120,cos(alpha_e)|+>+sin(alpha_e)|-> tensor cos(alpha_p)|+>+sin(alpha_p)|->,2.5690967316172064e+00,2.2202330786840201e+00,p_gamma_lepton,|+1+1+1>,7,1,1,1,-2.1899341278149054e+00,1.4672439360404054e-02,2.1899832795355345e+00,3.1348928083136589e+00,4.7960267646452150e+00,2.8487408061224934e-01,1,9.9970125410420319e-01
max_c_ep_mixing_angles_polarization_04_local_minimum_120,C_e_p,polarization_cluster_04_local_minimum_120,cos(alpha_e)|+>+sin(alpha_e)|-> tensor cos(alpha_p)|+>+sin(alpha_p)|->,2.5690967316172064e+00,2.2202330786840201e+00,p_gamma_lepton,|-1+1-1>,1,-1,-1,1,-2.1892333763184801e+00,-1.4966781957019429e-02,2.1892845362238691e+00,-3.1347562199086862e+00,4.7929667805489613e+00,2.8469232387925225e-01,2,9.9970125410420319e-01
max_c_ep_mixing_angles_polarization_04_local_minimum_120,C_e_p,polarization_cluster_04_local_minimum_120,cos(alpha_e)|+>+sin(alpha_e)|-> tensor cos(alpha_p)|+>+sin(alpha_p)|->,2.5690967316172064e+00,2.2202330786840201e+00,p_gamma_lepton,|-1-1-1>,0,-1,-1,-1,-1.9031948046878675e+00,-1.3150999272852662e-02,1.9032402405825610e+00,-3.1346828039321757e+00,3.6223234133727638e+00,2.1515852656863266e-01,3,9.9970125410420319e-01
max_c_ep_mixing_angles_polarization_04_local_minimum_120,C_e_p,polarization_cluster_04_local_minimum_120,cos(alpha_e)|+>+sin(alpha_e)|-> tensor cos(alpha_p)|+>+sin(alpha_p)|->,2.5690967316172064e+00,2.2202330786840201e+00,p_gamma_lepton,|+1-1+1>,6,1,1,-1,-1.9023927972500547e+00,1.2551981613921265e-02,1.9024342057667394e+00,3.1349947525187494e+00,3.6192559072713237e+00,2.1497632304406897e-01,4,9.9970125410420319e-01
max_c_ep_mixing_angles_polarization_04_local_minimum_121,C_e_p,polarization_cluster_04_local_minimum_121,cos(alpha_e)|+>+sin(alpha_e)|-> tensor cos(alpha_p)|+>+sin(alpha_p)|->,2.9535009531874703e+00,1.7690400150425631e+00,p_gamma_lepton,|+1+1+1>,7,1,1,1,-9.4620995112128431e-02,-3.3863666854864899e-01,3.5160763075015450e-01,-1.8432647517158327e+00,1.2362792600173698e-01,2.6358940220807009e-01,1,9.9999976630139109e-01
max_c_ep_mixing_angles_polarization_04_local_minimum_121,C_e_p,polarization_cluster_04_local_minimum_121,cos(alpha_e)|+>+sin(alpha_e)|-> tensor cos(alpha_p)|+>+sin(alpha_p)|->,2.9535009531874703e+00,1.7690400150425631e+00,p_gamma_lepton,|-1+1-1>,1,-1,-1,1,-9.4430763679375460e-02,3.3866822501342259e-01,3.5158688223938656e-01,1.8427194928402217e+00,1.2361333576281226e-01,2.6355829408807957e-01,2,9.9999976630139109e-01
max_c_ep_mixing_angles_polarization_04_local_minimum_121,C_e_p,polarization_cluster_04_local_minimum_121,cos(alpha_e)|+>+sin(alpha_e)|-> tensor cos(alpha_p)|+>+sin(alpha_p)|->,2.9535009531874703e+00,1.7690400150425631e+00,p_gamma_lepton,|-1-1-1>,0,-1,-1,-1,-8.9413650236684142e-02,3.2077121929025909e-01,3.3299996392433373e-01,1.8426416904032412e+00,1.1088897597360757e-01,2.3642844973341695e-01,3,9.9999976630139109e-01
max_c_ep_mixing_angles_polarization_04_local_minimum_121,C_e_p,polarization_cluster_04_local_minimum_121,cos(alpha_e)|+>+sin(alpha_e)|-> tensor cos(alpha_p)|+>+sin(alpha_p)|->,2.9535009531874703e+00,1.7690400150425631e+00,p_gamma_lepton,|+1-1+1>,6,1,1,-1,-8.9638565512458176e-02,-3.2070490867245460e-01,3.3299656285574286e-01,-1.8433457840683252e+00,1.1088671087373871e-01,2.3642362027182454e-01,4,9.9999976630139109e-01
max_c_ep_mixing_angles_polarization_04_local_minimum_122,C_e_p,polarization_cluster_04_local_minimum_122,cos(alpha_e)|+>+sin(alpha_e)|-> tensor cos(alpha_p)|+>+sin(alpha_p)|->,2.5449490718351693e+00,2.2758364433195237e+00,p_gamma_lepton,|+1+1+1>,7,1,1,1,-1.3387863039574124e+00,2.7986568902144036e-03,1.3387892291710215e+00,3.1395022133116952e+00,1.7923566001443385e+00,3.0052028776240081e-01,1,9.9978839812112041e-01
max_c_ep_mixing_angles_polarization_04_local_minimum_122,C_e_p,polarization_cluster_04_local_minimum_122,cos(alpha_e)|+>+sin(alpha_e)|-> tensor cos(alpha_p)|+>+sin(alpha_p)|->,2.5449490718351693e+00,2.2758364433195237e+00,p_gamma_lepton,|-1+1-1>,1,-1,-1,1,-1.3383823148738925e+00,-2.8363685619246575e-03,1.3383853203595062e+00,-3.1394734053868270e+00,1.7912752657538180e+00,3.0033898292485878e-01,2,9.9978839812112041e-01
max_c_ep_mixing_angles_polarization_04_local_minimum_122,C_e_p,polarization_cluster_04_local_minimum_122,cos(alpha_e)|+>+sin(alpha_e)|-> tensor cos(alpha_p)|+>+sin(alpha_p)|->,2.5449490718351693e+00,2.2758364433195237e+00,p_gamma_lepton,|-1-1-1>,0,-1,-1,-1,-1.0909583525667423e+00,-2.3413673326981290e-03,1.0909608650341804e+00,-3.1394465004094911e+00,1.1901956090361272e+00,1.9955734639651454e-01,3,9.9978839812112041e-01
max_c_ep_mixing_angles_polarization_04_local_minimum_122,C_e_p,polarization_cluster_04_local_minimum_122,cos(alpha_e)|+>+sin(alpha_e)|-> tensor cos(alpha_p)|+>+sin(alpha_p)|->,2.5449490718351693e+00,2.2758364433195237e+00,p_gamma_lepton,|+1-1+1>,6,1,1,-1,-1.0904511993635819e+00,2.2463172534815702e-03,1.0904535130553148e+00,3.1395326677074862e+00,1.1890888641346775e+00,1.9937178103734635e-01,4,9.9978839812112041e-01
max_c_ep_mixing_angles_polarization_04_local_minimum_125,C_e_p,polarization_cluster_04_local_minimum_125,cos(alpha_e)|+>+sin(alpha_e)|-> tensor cos(alpha_p)|+>+sin(alpha_p)|->,2.5652179892642861e+00,2.2138712373863290e+00,p_gamma_lepton,|-1+1-1>,1,-1,-1,1,1.2056093947782984e+00,5.9181618827076211e-02,1.2070610907425889e+00,4.9049179048566552e-02,1.4569964767846879e+00,2.8792498268884897e-01,1,9.9995589466895674e-01
max_c_ep_mixing_angles_polarization_04_local_minimum_125,C_e_p,polarization_cluster_04_local_minimum_125,cos(alpha_e)|+>+sin(alpha_e)|-> tensor cos(alpha_p)|+>+sin(alpha_p)|->,2.5652179892642861e+00,2.2138712373863290e+00,p_gamma_lepton,|+1+1+1>,7,1,1,1,1.2053746829019765e+00,-5.9606184158720418e-02,1.2068475559783860e+00,-4.9410088374923014e-02,1.4564810233710035e+00,2.8782312114177128e-01,2,9.9995589466895674e-01
max_c_ep_mixing_angles_polarization_04_local_minimum_125,C_e_p,polarization_cluster_04_local_minimum_125,cos(alpha_e)|+>+sin(alpha_e)|-> tensor cos(alpha_p)|+>+sin(alpha_p)|->,2.5652179892642861e+00,2.2138712373863290e+00,p_gamma_lepton,|+1-1+1>,6,1,1,-1,1.0348288958957672e+00,-5.1419781533499201e-02,1.0361056112741622e+00,-4.9648328933194930e-02,1.0735148377138057e+00,2.1214309436566123e-01,3,9.9995589466895674e-01
max_c_ep_mixing_angles_polarization_04_local_minimum_125,C_e_p,polarization_cluster_04_local_minimum_125,cos(alpha_e)|+>+sin(alpha_e)|-> tensor cos(alpha_p)|+>+sin(alpha_p)|->,2.5652179892642861e+00,2.2138712373863290e+00,p_gamma_lepton,|-1-1-1>,0,-1,-1,-1,1.0346843712267064e+00,5.0461571096456909e-02,1.0359141461618948e+00,4.8731402195735511e-02,1.0731181182183276e+00,2.1206469647267528e-01,4,9.9995589466895674e-01
max_c_ep_mixing_angles_polarization_04_local_minimum_127,C_e_p,polarization_cluster_04_local_minimum_127,cos(alpha_e)|+>+sin(alpha_e)|-> tensor cos(alpha_p)|+>+sin(alpha_p)|->,1.8072289866898081e+00,2.8919339719575401e+00,p_gamma_lepton,|-1-1-1>,0,-1,-1,-1,5.2612475389703406e-01,5.0258376252585906e-03,5.2614875815405104e-01,9.5522682117971294e-03,2.7683251570705009e-01,2.6423345156008787e-01,1,9.9999980379541142e-01
max_c_ep_mixing_angles_polarization_04_local_minimum_127,C_e_p,polarization_cluster_04_local_minimum_127,cos(alpha_e)|+>+sin(alpha_e)|-> tensor cos(alpha_p)|+>+sin(alpha_p)|->,1.8072289866898081e+00,2.8919339719575401e+00,p_gamma_lepton,|+1-1+1>,6,1,1,-1,5.2612093564194928e-01,-5.0115027528552332e-03,5.2614480333896863e-01,-9.5250936661612148e-03,2.7682835408060208e-01,2.6422947933551860e-01,2,9.9999980379541142e-01
max_c_ep_mixing_angles_polarization_04_local_minimum_127,C_e_p,polarization_cluster_04_local_minimum_127,cos(alpha_e)|+>+sin(alpha_e)|-> tensor cos(alpha_p)|+>+sin(alpha_p)|->,1.8072289866898081e+00,2.8919339719575401e+00,p_gamma_lepton,|-1+1-1>,1,-1,-1,1,4.9697941121951034e-01,4.7483070927972545e-03,4.9700209415689456e-01,9.5540429039662339e-03,2.4701108159633864e-01,2.3576923576730283e-01,3,9.9999980379541142e-01
max_c_ep_mixing_angles_polarization_04_local_minimum_127,C_e_p,polarization_cluster_04_local_minimum_127,cos(alpha_e)|+>+sin(alpha_e)|-> tensor cos(alpha_p)|+>+sin(alpha_p)|->,1.8072289866898081e+00,2.8919339719575401e+00,p_gamma_lepton,|+1+1+1>,7,1,1,1,4.9697773328354611e-01,-4.7475632148870264e-03,4.9700040919111010e-01,-9.5525784924320994e-03,2.4700940673613089e-01,2.3576763713250215e-01,4,9.9999980379541142e-01
max_c_ep_mixing_angles_polarization_04_local_minimum_128,C_e_p,polarization_cluster_04_local_minimum_128,cos(alpha_e)|+>+sin(alpha_e)|-> tensor cos(alpha_p)|+>+sin(alpha_p)|->,2.1319962139525854e+00,2.5072242521022763e+00,p_gamma_lepton,|-1-1-1>,0,-1,-1,-1,2.8541896309835573e+00,3.2950373938609315e-03,2.8541915329713738e+00,1.1544558547375997e-03,8.1464093068854844e+00,2.8229891796149587e-01,1,9.9955979566630559e-01
max_c_ep_mixing_angles_polarization_04_local_minimum_128,C_e_p,polarization_cluster_04_local_minimum_128,cos(alpha_e)|+>+sin(alpha_e)|-> tensor cos(alpha_p)|+>+sin(alpha_p)|->,2.1319962139525854e+00,2.5072242521022763e+00,p_gamma_lepton,|+1-1+1>,6,1,1,-1,2.8531183187372622e+00,-3.3923466373816189e-03,2.8531203354800598e+00,-1.1889955689900070e-03,8.1402956487298468e+00,2.8208706031758102e-01,2,9.9955979566630559e-01
max_c_ep_mixing_angles_polarization_04_local_minimum_128,C_e_p,polarization_cluster_04_local_minimum_128,cos(alpha_e)|+>+sin(alpha_e)|-> tensor cos(alpha_p)|+>+sin(alpha_p)|->,2.1319962139525854e+00,2.5072242521022763e+00,p_gamma_lepton,|+1+1+1>,7,1,1,1,2.5063657098757437e+00,-3.0016507636679290e-03,2.5063675072798577e+00,-1.1976102756197603e-03,6.2818780815482471e+00,2.1768699783943182e-01,3,9.9955979566630559e-01
max_c_ep_mixing_angles_polarization_04_local_minimum_128,C_e_p,polarization_cluster_04_local_minimum_128,cos(alpha_e)|+>+sin(alpha_e)|-> tensor cos(alpha_p)|+>+sin(alpha_p)|->,2.1319962139525854e+00,2.5072242521022763e+00,p_gamma_lepton,|-1+1-1>,1,-1,-1,1,2.5052132552243354e+00,2.8292820755782349e-03,2.5052148528596851e+00,1.1293572979508596e-03,6.2761014589887738e+00,2.1748681954779689e-01,4,9.9955979566630559e-01
max_c_ep_mixing_angles_polarization_04_local_minimum_131,C_e_p,polarization_cluster_04_local_minimum_131,cos(alpha_e)|+>+sin(alpha_e)|-> tensor cos(alpha_p)|+>+sin(alpha_p)|->,2.5960892259103501e+00,2.1586279452212680e+00,p_gamma_lepton,|+1+1+1>,7,1,1,1,2.9769418113115846e+00,3.5294212764967131e-03,2.9769439035275163e+00,1.1855856938212165e-03,8.8621950047496441e+00,2.7960806080559153e-01,1,9.9978214790661246e-01
max_c_ep_mixing_angles_polarization_04_local_minimum_131,C_e_p,polarization_cluster_04_local_minimum_131,cos(alpha_e)|+>+sin(alpha_e)|-> tensor cos(alpha_p)|+>+sin(alpha_p)|->,2.5960892259103501e+00,2.1586279452212680e+00,p_gamma_lepton,|-1+1-1>,1,-1,-1,1,2.9757104052948509e+00,-3.3694210461815994e-03,2.9757123129056398e+00,-1.1323076332242295e-03,8.8548637691782321e+00,2.7937675551831986e-01,2,9.9978214790661246e-01
max_c_ep_mixing_angles_polarization_04_local_minimum_131,C_e_p,polarization_cluster_04_local_minimum_131,cos(alpha_e)|+>+sin(alpha_e)|-> tensor cos(alpha_p)|+>+sin(alpha_p)|->,2.5960892259103501e+00,2.1586279452212680e+00,p_gamma_lepton,|-1-1-1>,0,-1,-1,-1,2.6437231297931807e+00,-3.0257995919111061e-03,2.6437248613398903e+00,-1.1445216167370565e-03,6.9892811424666217e+00,2.2051640091679400e-01,3,9.9978214790661246e-01
max_c_ep_mixing_angles_polarization_04_local_minimum_131,C_e_p,polarization_cluster_04_local_minimum_131,cos(alpha_e)|+>+sin(alpha_e)|-> tensor cos(alpha_p)|+>+sin(alpha_p)|->,2.5960892259103501e+00,2.1586279452212680e+00,p_gamma_lepton,|+1-1+1>,6,1,1,-1,2.6423110422754013e+00,3.2021839375090018e-03,2.6423129826181619e+00,1.2118869878016891e-03,6.9818178981124897e+00,2.2028093066590709e-01,4,9.9978214790661246e-01
max_c_ep_mixing_angles_polarization_04_local_minimum_132,C_e_p,polarization_cluster_04_local_minimum_132,cos(alpha_e)|+>+sin(alpha_e)|-> tensor cos(alpha_p)|+>+sin(alpha_p)|->,2.1109111185907250e+00,2.5599325369735797e+00,p_gamma_lepton,|+1-1+1>,6,1,1,-1,-3.0862324449644793e+00,5.4742037316808040e-03,3.0862372998941483e+00,3.1398189057958881e+00,9.5248606712579225e+00,2.7942556067817109e-01,1,9.9977841685851443e-01
max_c_ep_mixing_angles_polarization_04_local_minimum_132,C_e_p,polarization_cluster_04_local_minimum_132,cos(alpha_e)|+>+sin(alpha_e)|-> tensor cos(alpha_p)|+>+sin(alpha_p)|->,2.1109111185907250e+00,2.5599325369735797e+00,p_gamma_lepton,|-1-1-1>,0,-1,-1,-1,-3.0848024427067289e+00,-5.5715880533539000e-03,3.0848074742393305e+00,-3.1397865145911368e+00,9.5160371531228378e+00,2.7916671001492832e-01,2,9.9977841685851443e-01
max_c_ep_mixing_angles_polarization_04_local_minimum_132,C_e_p,polarization_cluster_04_local_minimum_132,cos(alpha_e)|+>+sin(alpha_e)|-> tensor cos(alpha_p)|+>+sin(alpha_p)|->,2.1109111185907250e+00,2.5599325369735797e+00,p_gamma_lepton,|-1+1-1>,1,-1,-1,1,-2.7428041269459058e+00,-5.0179573330479850e-03,2.7428087171159583e+00,-3.1397631566580646e+00,7.5229996586872891e+00,2.2069807319635726e-01,3,9.9977841685851443e-01
max_c_ep_mixing_angles_polarization_04_local_minimum_132,C_e_p,polarization_cluster_04_local_minimum_132,cos(alpha_e)|+>+sin(alpha_e)|-> tensor cos(alpha_p)|+>+sin(alpha_p)|->,2.1109111185907250e+00,2.5599325369735797e+00,p_gamma_lepton,|+1+1+1>,7,1,1,1,-2.7414993182377718e+00,4.7757436061309699e-03,2.7415034779524099e+00,3.1398506364594230e+00,7.5158413196251592e+00,2.2048807296905779e-01,4,9.9977841685851443e-01
max_c_ep_mixing_angles_polarization_04_local_minimum_133,C_e_p,polarization_cluster_04_local_minimum_133,cos(alpha_e)|+>+sin(alpha_e)|-> tensor cos(alpha_p)|+>+sin(alpha_p)|->,2.9609148885371623e+00,1.7611800956080668e+00,p_gamma_lepton,|+1+1+1>,7,1,1,1,-1.7680044565697545e-01,2.7585654370381302e-01,3.2765108009698185e-01,2.1407579804301347e+00,1.0735523028871882e-01,2.6350130958536366e-01,1,9.9999973511740459e-01
max_c_ep_mixing_angles_polarization_04_local_minimum_133,C_e_p,polarization_cluster_04_local_minimum_133,cos(alpha_e)|+>+sin(alpha_e)|-> tensor cos(alpha_p)|+>+sin(alpha_p)|->,2.9609148885371623e+00,1.7611800956080668e+00,p_gamma_lepton,|-1+1-1>,1,-1,-1,1,-1.7669342008824637e-01,-2.7589045540749685e-01,3.2762189805847458e-01,-2.1404270932237899e+00,1.0733610808743752e-01,2.6345437451693499e-01,2,9.9999973511740459e-01
max_c_ep_mixing_angles_polarization_04_local_minimum_133,C_e_p,polarization_cluster_04_local_minimum_133,cos(alpha_e)|+>+sin(alpha_e)|-> tensor cos(alpha_p)|+>+sin(alpha_p)|->,2.9609148885371623e+00,1.7611800956080668e+00,p_gamma_lepton,|-1-1-1>,0,-1,-1,-1,-1.6738676641707959e-01,-2.6144146656861234e-01,3.1043513012079160e-01,-2.1402837805520138e+00,9.6369970013112774e-02,2.3653820344723225e-01,3,9.9999973511740459e-01
max_c_ep_mixing_angles_polarization_04_local_minimum_133,C_e_p,polarization_cluster_04_local_minimum_133,cos(alpha_e)|+>+sin(alpha_e)|-> tensor cos(alpha_p)|+>+sin(alpha_p)|->,2.9609148885371623e+00,1.7611800956080668e+00,p_gamma_lepton,|+1-1+1>,6,1,1,-1,-1.6751442754797363e-01,2.6133446807134358e-01,3.1041389730303220e-01,2.1408159956831145e+00,9.6356787638857425e-02,2.3650584756787374e-01,4,9.9999973511740459e-01
max_c_ep_mixing_angles_polarization_04_local_minimum_134,C_e_p,polarization_cluster_04_local_minimum_134,cos(alpha_e)|+>+sin(alpha_e)|-> tensor cos(alpha_p)|+>+sin(alpha_p)|->,2.5398180104101193e+00,2.2724119491993986e+00,p_gamma_lepton,|+1+1+1>,7,1,1,1,-1.6812399414155332e+00,3.3256090827605755e-03,1.6812432305549001e+00,3.1396145868882992e+00,2.8265788002866761e+00,2.9564461642387180e-01,1,9.9973473147080738e-01
max_c_ep_mixing_angles_polarization_04_local_minimum_134,C_e_p,polarization_cluster_04_local_minimum_134,cos(alpha_e)|+>+sin(alpha_e)|-> tensor cos(alpha_p)|+>+sin(alpha_p)|->,2.5398180104101193e+00,2.2724119491993986e+00,p_gamma_lepton,|-1+1-1>,1,-1,-1,1,-1.6808079804650262e+00,-3.3588880928527767e-03,1.6808113366241137e+00,-3.1395942792004226e+00,2.8251267493241405e+00,2.9549273986914659e-01,2,9.9973473147080738e-01
max_c_ep_mixing_angles_polarization_04_local_minimum_134,C_e_p,polarization_cluster_04_local_minimum_134,cos(alpha_e)|+>+sin(alpha_e)|-> tensor cos(alpha_p)|+>+sin(alpha_p)|->,2.5398180104101193e+00,2.2724119491993986e+00,p_gamma_lepton,|-1-1-1>,0,-1,-1,-1,-1.3978419998562870e+00,-2.8473046729165980e-03,1.3978448997317707e+00,-3.1395557275743196e+00,1.9539703637061236e+00,2.0437456709960494e-01,3,9.9973473147080738e-01
max_c_ep_mixing_angles_polarization_04_local_minimum_134,C_e_p,polarization_cluster_04_local_minimum_134,cos(alpha_e)|+>+sin(alpha_e)|-> tensor cos(alpha_p)|+>+sin(alpha_p)|->,2.5398180104101193e+00,2.2724119491993986e+00,p_gamma_lepton,|+1-1+1>,6,1,1,-1,-1.3973231546108544e+00,2.7272763564775062e-03,1.3973258161387967e+00,3.1396408696489586e+00,1.9525194364479543e+00,2.0422280807818410e-01,4,9.9973473147080738e-01
max_c_ep_mixing_angles_polarization_04_local_minimum_135,C_e_p,polarization_cluster_04_local_minimum_135,cos(alpha_e)|+>+sin(alpha_e)|-> tensor cos(alpha_p)|+>+sin(alpha_p)|->,1.7588653448387142e+00,2.9484995996059080e+00,p_gamma_lepton,|-1-1-1>,0,-1,-1,-1,-4.2861526047394799e-01,6.0106726702860019e-03,4.2865740364199895e-01,3.1275701041006356e+00,1.8374716969709956e-01,2.6423654986516559e-01,1,9.9997580431094446e-01
max_c_ep_mixing_angles_polarization_04_local_minimum_135,C_e_p,polarization_cluster_04_local_minimum_135,cos(alpha_e)|+>+sin(alpha_e)|-> tensor cos(alpha_p)|+>+sin(alpha_p)|->,1.7588653448387142e+00,2.9484995996059080e+00,p_gamma_lepton,|+1-1+1>,6,1,1,-1,-4.2848896248972829e-01,-5.8367156313337215e-03,4.2852871341939835e-01,-3.1279718717629348e+00,1.8363685822488485e-01,2.6407791709342487e-01,2,9.9997580431094446e-01
max_c_ep_mixing_angles_polarization_04_local_minimum_135,C_e_p,polarization_cluster_04_local_minimum_135,cos(alpha_e)|+>+sin(alpha_e)|-> tensor cos(alpha_p)|+>+sin(alpha_p)|->,1.7588653448387142e+00,2.9484995996059080e+00,p_gamma_lepton,|+1+1+1>,7,1,1,1,-4.0500004701275860e-01,-5.4786624448064430e-03,4.0503710178515845e-01,-3.1280659186354565e+00,1.6405505382252081e-01,2.3591841703720789e-01,3,9.9997580431094446e-01
max_c_ep_mixing_angles_polarization_04_local_minimum_135,C_e_p,polarization_cluster_04_local_minimum_135,cos(alpha_e)|+>+sin(alpha_e)|-> tensor cos(alpha_p)|+>+sin(alpha_p)|->,1.7588653448387142e+00,2.9484995996059080e+00,p_gamma_lepton,|-1+1-1>,1,-1,-1,1,-4.0484622292981437e-01,5.7053593687148288e-03,4.0488642277318110e-01,3.1275009284109951e+00,1.6393301534606314e-01,2.3574292031514610e-01,4,9.9997580431094446e-01
max_c_ep_mixing_angles_polarization_04_local_minimum_136,C_e_p,polarization_cluster_04_local_minimum_136,cos(alpha_e)|+>+sin(alpha_e)|-> tensor cos(alpha_p)|+>+sin(alpha_p)|->,1.7903566711110124e+00,2.9061508778549086e+00,p_gamma_lepton,|+1-1+1>,6,1,1,-1,4.7774804782915065e-01,-3.8893660058287684e-02,4.7932860753067308e-01,-8.1231259335797917e-02,2.2975591399729403e-01,2.6498110742374581e-01,1,9.9997598782978692e-01
max_c_ep_mixing_angles_polarization_04_local_minimum_136,C_e_p,polarization_cluster_04_local_minimum_136,cos(alpha_e)|+>+sin(alpha_e)|-> tensor cos(alpha_p)|+>+sin(alpha_p)|->,1.7903566711110124e+00,2.9061508778549086e+00,p_gamma_lepton,|-1-1-1>,0,-1,-1,-1,4.7778527470052418e-01,3.8371831740379309e-02,4.7932365494701729e-01,8.0139870714963202e-02,2.2975116619176728e-01,2.6497563170499533e-01,2,9.9997598782978692e-01
max_c_ep_mixing_angles_polarization_04_local_minimum_136,C_e_p,polarization_cluster_04_local_minimum_136,cos(alpha_e)|+>+sin(alpha_e)|-> tensor cos(alpha_p)|+>+sin(alpha_p)|->,1.7903566711110124e+00,2.9061508778549086e+00,p_gamma_lepton,|+1+1+1>,7,1,1,1,4.4992026943037594e-01,-3.6735593195032196e-02,4.5141749262926550e-01,-8.1468400285377107e-02,2.0377775265169298e-01,2.3502008556177456e-01,3,9.9997598782978692e-01
max_c_ep_mixing_angles_polarization_04_local_minimum_136,C_e_p,polarization_cluster_04_local_minimum_136,cos(alpha_e)|+>+sin(alpha_e)|-> tensor cos(alpha_p)|+>+sin(alpha_p)|->,1.7903566711110124e+00,2.9061508778549086e+00,p_gamma_lepton,|-1+1-1>,1,-1,-1,1,4.4995506254549228e-01,3.6056250991653292e-02,4.5139739869198514e-01,7.9962142865906943e-02,2.0375961154589103e-01,2.3499916313927122e-01,4,9.9997598782978692e-01
max_c_ep_mixing_angles_polarization_04_local_minimum_139,C_e_p,polarization_cluster_04_local_minimum_139,cos(alpha_e)|+>+sin(alpha_e)|-> tensor cos(alpha_p)|+>+sin(alpha_p)|->,1.7904397664676110e+00,2.9087928722001588e+00,p_gamma_lepton,|-1-1-1>,0,-1,-1,-1,3.6192871196227794e-01,-2.4472953243980583e-01,4.3690380702264375e-01,-5.9456096364771782e-01,1.9088493659087954e-01,2.6507169354818472e-01,1,9.9999971287210576e-01
max_c_ep_mixing_angles_polarization_04_local_minimum_139,C_e_p,polarization_cluster_04_local_minimum_139,cos(alpha_e)|+>+sin(alpha_e)|-> tensor cos(alpha_p)|+>+sin(alpha_p)|->,1.7904397664676110e+00,2.9087928722001588e+00,p_gamma_lepton,|+1-1+1>,6,1,1,-1,3.6180898977638665e-01,2.4488624552172955e-01,4.3689245625066392e-01,5.9501160557752786e-01,1.9087501832873829e-01,2.6505792058846461e-01,2,9.9999971287210576e-01
max_c_ep_mixing_angles_polarization_04_local_minimum_139,C_e_p,polarization_cluster_04_local_minimum_139,cos(alpha_e)|+>+sin(alpha_e)|-> tensor cos(alpha_p)|+>+sin(alpha_p)|->,1.7904397664676110e+00,2.9087928722001588e+00,p_gamma_lepton,|+1+1+1>,7,1,1,1,3.4066896913201350e-01,2.3049434168659858e-01,4.1131859680666910e-01,5.9484343881715318e-01,1.6918298807900722e-01,2.3493535933514570e-01,3,9.9999971287210576e-01
max_c_ep_mixing_angles_polarization_04_local_minimum_139,C_e_p,polarization_cluster_04_local_minimum_139,cos(alpha_e)|+>+sin(alpha_e)|-> tensor cos(alpha_p)|+>+sin(alpha_p)|->,1.7904397664676110e+00,2.9087928722001588e+00,p_gamma_lepton,|-1+1-1>,1,-1,-1,1,3.4074512513410959e-01,-2.3038077468692028e-01,4.1131805412357664e-01,-5.9451100376469501e-01,1.6918254164800556e-01,2.3493473940031073e-01,4,9.9999971287210576e-01
max_c_ep_mixing_angles_polarization_04_local_minimum_144,C_e_p,polarization_cluster_04_local_minimum_144,cos(alpha_e)|+>+sin(alpha_e)|-> tensor cos(alpha_p)|+>+sin(alpha_p)|->,2.1626175118805375e+00,2.4632019188177923e+00,p_gamma_lepton,|-1-1-1>,0,-1,-1,-1,1.5728392800795936e+00,-1.5804168415929572e-02,1.5729186796209820e+00,-1.0047839441969141e-02,2.4740731727006136e+00,2.9033327558607952e-01,1,9.9981883033910102e-01
max_c_ep_mixing_angles_polarization_04_local_minimum_144,C_e_p,polarization_cluster_04_local_minimum_144,cos(alpha_e)|+>+sin(alpha_e)|-> tensor cos(alpha_p)|+>+sin(alpha_p)|->,2.1626175118805375e+00,2.4632019188177923e+00,p_gamma_lepton,|+1-1+1>,6,1,1,-1,1.5721275991768573e+00,1.6018035175334774e-02,1.5722091990395133e+00,1.0188410238517586e-02,2.4718417655444678e+00,2.9007141924490154e-01,2,9.9981883033910102e-01
max_c_ep_mixing_angles_polarization_04_local_minimum_144,C_e_p,polarization_cluster_04_local_minimum_144,cos(alpha_e)|+>+sin(alpha_e)|-> tensor cos(alpha_p)|+>+sin(alpha_p)|->,2.1626175118805375e+00,2.4632019188177923e+00,p_gamma_lepton,|+1+1+1>,7,1,1,1,1.3370860802894617e+00,1.3768571955794886e-02,1.3371569689746745e+00,1.0297082236166427e-02,1.7879887596775392e+00,2.0982105098436757e-01,3,9.9981883033910102e-01
max_c_ep_mixing_angles_polarization_04_local_minimum_144,C_e_p,polarization_cluster_04_local_minimum_144,cos(alpha_e)|+>+sin(alpha_e)|-> tensor cos(alpha_p)|+>+sin(alpha_p)|->,2.1626175118805375e+00,2.4632019188177923e+00,p_gamma_lepton,|-1+1-1>,1,-1,-1,1,1.3363645228146186e+00,-1.3266766254325863e-02,1.3364303741401533e+00,-9.9271794608476859e-03,1.7860461449243901e+00,2.0959308452375236e-01,4,9.9981883033910102e-01
max_c_ep_mixing_angles_polarization_04_local_minimum_146,C_e_p,polarization_cluster_04_local_minimum_146,cos(alpha_e)|+>+sin(alpha_e)|-> tensor cos(alpha_p)|+>+sin(alpha_p)|->,2.5618793411615819e+00,2.2287354364377268e+00,p_gamma_lepton,|+1+1+1>,7,1,1,1,-1.5468752014967704e+00,2.7735994993171803e-03,1.5468776880735775e+00,3.1397996217251074e+00,2.3928305818598563e+00,2.8686505889299924e-01,1,9.9985121734091442e-01
max_c_ep_mixing_angles_polarization_04_local_minimum_146,C_e_p,polarization_cluster_04_local_minimum_146,cos(alpha_e)|+>+sin(alpha_e)|-> tensor cos(alpha_p)|+>+sin(alpha_p)|->,2.5618793411615819e+00,2.2287354364377268e+00,p_gamma_lepton,|-1+1-1>,1,-1,-1,1,-1.5464123613124687e+00,-2.8064872893267308e-03,1.5464149079696918e+00,-3.1397778179881373e+00,2.3913990675909114e+00,2.8669344146710196e-01,2,9.9985121734091442e-01
max_c_ep_mixing_angles_polarization_04_local_minimum_146,C_e_p,polarization_cluster_04_local_minimum_146,cos(alpha_e)|+>+sin(alpha_e)|-> tensor cos(alpha_p)|+>+sin(alpha_p)|->,2.5618793411615819e+00,2.2287354364377268e+00,p_gamma_lepton,|-1-1-1>,0,-1,-1,-1,-1.3336936516870463e+00,-2.4454359525165701e-03,1.3336958936381735e+00,-3.1397590741850379e+00,1.7787447367073264e+00,2.1324523245375529e-01,3,9.9985121734091442e-01
max_c_ep_mixing_angles_polarization_04_local_minimum_146,C_e_p,polarization_cluster_04_local_minimum_146,cos(alpha_e)|+>+sin(alpha_e)|-> tensor cos(alpha_p)|+>+sin(alpha_p)|->,2.5618793411615819e+00,2.2287354364377268e+00,p_gamma_lepton,|+1-1+1>,6,1,1,-1,-1.3330752585795398e+00,2.3695518266282651e-03,1.3330773645264427e+00,3.1398151475444123e+00,1.7770952598127661e+00,2.1304748452705799e-01,4,9.9985121734091442e-01
max_c_ep_mixing_angles_polarization_04_local_minimum_147,C_e_p,polarization_cluster_04_local_minimum_147,cos(alpha_e)|+>+sin(alpha_e)|-> tensor cos(alpha_p)|+>+sin(alpha_p)|->,1.8305890125728916e+00,2.8658850325879666e+00,p_gamma_lepton,|+1-1+1>,6,1,1,-1,5.8505595148814982e-01,4.1656427739831106e-05,5.8505595297113444e-01,7.1200758770986983e-05,3.4229046810696229e-01,2.6566351046502024e-01,1,9.9999977506637983e-01
max_c_ep_mixing_angles_polarization_04_local_minimum_147,C_e_p,polarization_cluster_04_local_minimum_147,cos(alpha_e)|+>+sin(alpha_e)|-> tensor cos(alpha_p)|+>+sin(alpha_p)|->,1.8305890125728916e+00,2.8658850325879666e+00,p_gamma_lepton,|-1-1-1>,0,-1,-1,-1,5.8503900957602462e-01,-8.6030472342329998e-09,5.8503900957602462e-01,-1.4705083068678775e-08,3.4227064272569580e-01,2.6564812329863874e-01,2,9.9999977506637983e-01
max_c_ep_mixing_angles_polarization_04_local_minimum_147,C_e_p,polarization_cluster_04_local_minimum_147,cos(alpha_e)|+>+sin(alpha_e)|-> tensor cos(alpha_p)|+>+sin(alpha_p)|->,1.8305890125728916e+00,2.8658850325879666e+00,p_gamma_lepton,|-1+1-1>,1,-1,-1,1,5.4950240355050983e-01,3.1551348185203730e-06,5.4950240355956792e-01,5.7418034900291061e-06,3.0195289151774224e-01,2.3435611747914514e-01,3,9.9999977506637983e-01
max_c_ep_mixing_angles_polarization_04_local_minimum_147,C_e_p,polarization_cluster_04_local_minimum_147,cos(alpha_e)|+>+sin(alpha_e)|-> tensor cos(alpha_p)|+>+sin(alpha_p)|->,1.8305890125728916e+00,2.8658850325879666e+00,p_gamma_lepton,|+1+1+1>,7,1,1,1,5.4947415624498253e-01,-1.1471359660643769e-07,5.4947415624499452e-01,-2.0876977616266830e-07,3.0192184838114866e-01,2.3433202382357565e-01,4,9.9999977506637983e-01
max_c_ep_mixing_angles_polarization_04_local_minimum_155,C_e_p,polarization_cluster_04_local_minimum_155,cos(alpha_e)|+>+sin(alpha_e)|-> tensor cos(alpha_p)|+>+sin(alpha_p)|->,1.9359826002989469e+00,2.7474993559289782e+00,p_gamma_lepton,|-1-1-1>,0,-1,-1,-1,1.3074980034827097e+00,-2.7192310448811347e-02,1.3077807350082875e+00,-2.0794212267806613e-02,1.7102904508588161e+00,2.6711960612446783e-01,1,9.9991982750811537e-01
max_c_ep_mixing_angles_polarization_04_local_minimum_155,C_e_p,polarization_cluster_04_local_minimum_155,cos(alpha_e)|+>+sin(alpha_e)|-> tensor cos(alpha_p)|+>+sin(alpha_p)|->,1.9359826002989469e+00,2.7474993559289782e+00,p_gamma_lepton,|+1-1+1>,6,1,1,-1,1.3072852428057362e+00,2.7701213168634411e-02,1.3075787025141801e+00,2.1186706106416091e-02,1.7097620632686665e+00,2.6703708055994108e-01,2,9.9991982750811537e-01
max_c_ep_mixing_angles_polarization_04_local_minimum_155,C_e_p,polarization_cluster_04_local_minimum_155,cos(alpha_e)|+>+sin(alpha_e)|-> tensor cos(alpha_p)|+>+sin(alpha_p)|->,1.9359826002989469e+00,2.7474993559289782e+00,p_gamma_lepton,|+1+1+1>,7,1,1,1,1.2210050045327947e+00,2.5915273705843570e-02,1.2212799934926384e+00,2.1221357171261338e-02,1.4915248225053788e+00,2.3295196608999402e-01,3,9.9991982750811537e-01
max_c_ep_mixing_angles_polarization_04_local_minimum_155,C_e_p,polarization_cluster_04_local_minimum_155,cos(alpha_e)|+>+sin(alpha_e)|-> tensor cos(alpha_p)|+>+sin(alpha_p)|->,1.9359826002989469e+00,2.7474993559289782e+00,p_gamma_lepton,|-1+1-1>,1,-1,-1,1,1.2206490900007092e+00,-2.5281906437315954e-02,1.2209108795127779e+00,-2.0708893672044933e-02,1.4906233757126648e+00,2.3281117473371241e-01,4,9.9991982750811537e-01
max_c_ep_mixing_angles_polarization_04_local_minimum_158,C_e_p,polarization_cluster_04_local_minimum_158,cos(alpha_e)|+>+sin(alpha_e)|-> tensor cos(alpha_p)|+>+sin(alpha_p)|->,3.0129270694717643e+00,1.7062528022872054e+00,p_gamma_lepton,|-1+1-1>,1,-1,-1,1,2.6368760759900672e-02,-1.3072533165596506e-01,1.3335825388994466e-01,-1.3717559453718569e+00,1.7784423880574940e-02,2.6452872881363565e-01,1,9.9998151075021458e-01
max_c_ep_mixing_angles_polarization_04_local_minimum_158,C_e_p,polarization_cluster_04_local_minimum_158,cos(alpha_e)|+>+sin(alpha_e)|-> tensor cos(alpha_p)|+>+sin(alpha_p)|->,3.0129270694717643e+00,1.7062528022872054e+00,p_gamma_lepton,|+1+1+1>,7,1,1,1,2.3216734441530478e-02,1.3127739174499128e-01,1.3331455412480833e-01,1.3957537780540117e+00,1.7772770341496456e-02,2.6435539197127783e-01,2,9.9998151075021458e-01
max_c_ep_mixing_angles_polarization_04_local_minimum_158,C_e_p,polarization_cluster_04_local_minimum_158,cos(alpha_e)|+>+sin(alpha_e)|-> tensor cos(alpha_p)|+>+sin(alpha_p)|->,3.0129270694717643e+00,1.7062528022872054e+00,p_gamma_lepton,|+1-1+1>,6,1,1,-1,2.1530850673308274e-02,1.2401192523590303e-01,1.2586713284822015e-01,1.3988907478068231e+00,1.5842535131431502e-02,2.3564472527447752e-01,3,9.9998151075021458e-01
max_c_ep_mixing_angles_polarization_04_local_minimum_158,C_e_p,polarization_cluster_04_local_minimum_158,cos(alpha_e)|+>+sin(alpha_e)|-> tensor cos(alpha_p)|+>+sin(alpha_p)|->,3.0129270694717643e+00,1.7062528022872054e+00,p_gamma_lepton,|-1-1-1>,0,-1,-1,-1,2.5181485227203128e-02,-1.2327009201681409e-01,1.2581582882960976e-01,-1.3692897958836294e+00,1.5829622784081662e-02,2.3545266469082352e-01,4,9.9998151075021458e-01
max_c_ep_mixing_angles_polarization_04_local_minimum_161,C_e_p,polarization_cluster_04_local_minimum_161,cos(alpha_e)|+>+sin(alpha_e)|-> tensor cos(alpha_p)|+>+sin(alpha_p)|->,3.0624692092810859e+00,1.6537448958044423e+00,p_gamma_lepton,|+1+1+1>,7,1,1,1,6.6519042613452026e-02,8.0954053672129255e-09,6.6519042613452525e-02,1.2170056947836719e-07,4.4247830302103115e-03,2.6273697410794516e-01,1,9.9999963392046776e-01
max_c_ep_mixing_angles_polarization_04_local_minimum_161,C_e_p,polarization_cluster_04_local_minimum_161,cos(alpha_e)|+>+sin(alpha_e)|-> tensor cos(alpha_p)|+>+sin(alpha_p)|->,3.0624692092810859e+00,1.6537448958044423e+00,p_gamma_lepton,|-1+1-1>,1,-1,-1,1,6.6512645197064749e-02,-3.5104271153444534e-05,6.6512654460790188e-02,-5.2778336795873291e-04,4.4239332034204729e-03,2.6268651266887488e-01,2,9.9999963392046776e-01
max_c_ep_mixing_angles_polarization_04_local_minimum_161,C_e_p,polarization_cluster_04_local_minimum_161,cos(alpha_e)|+>+sin(alpha_e)|-> tensor cos(alpha_p)|+>+sin(alpha_p)|->,3.0624692092810859e+00,1.6537448958044423e+00,p_gamma_lepton,|-1-1-1>,0,-1,-1,-1,6.3218885683543072e-02,1.2368221067655080e-06,6.3218885695641741e-02,1.9564123809440593e-05,3.9966275085986163e-03,2.3731374195671381e-01,3,9.9999963392046776e-01
max_c_ep_mixing_angles_polarization_04_local_minimum_161,C_e_p,polarization_cluster_04_local_minimum_161,cos(alpha_e)|+>+sin(alpha_e)|-> tensor cos(alpha_p)|+>+sin(alpha_p)|->,3.0624692092810859e+00,1.6537448958044423e+00,p_gamma_lepton,|+1-1+1>,6,1,1,-1,6.3212047429119830e-02,-2.9020947661871147e-07,6.3212047429786006e-02,-4.5910469351920083e-06,3.9957629402655173e-03,2.3726240518693389e-01,4,9.9999963392046776e-01
max_c_ep_mixing_angles_polarization_04_local_minimum_163,C_e_p,polarization_cluster_04_local_minimum_163,cos(alpha_e)|+>+sin(alpha_e)|-> tensor cos(alpha_p)|+>+sin(alpha_p)|->,2.6549591664225791e+00,2.0961598106874315e+00,p_gamma_lepton,|+1+1+1>,7,1,1,1,3.3017545827604966e-01,6.4332973963031537e-01,7.2311063271162657e-01,1.0966216393872410e+00,5.2288898714060894e-01,2.7384026141032969e-01,1,9.9997423792072759e-01
max_c_ep_mixing_angles_polarization_04_local_minimum_163,C_e_p,polarization_cluster_04_local_minimum_163,cos(alpha_e)|+>+sin(alpha_e)|-> tensor cos(alpha_p)|+>+sin(alpha_p)|->,2.6549591664225791e+00,2.0961598106874315e+00,p_gamma_lepton,|-1+1-1>,1,-1,-1,1,3.3512380923150348e-01,-6.4076346957030428e-01,7.2310842302493428e-01,-1.0889129420115182e+00,5.2288579144960734e-01,2.7383858780679093e-01,2,9.9997423792072759e-01
max_c_ep_mixing_angles_polarization_04_local_minimum_163,C_e_p,polarization_cluster_04_local_minimum_163,cos(alpha_e)|+>+sin(alpha_e)|-> tensor cos(alpha_p)|+>+sin(alpha_p)|->,2.6549591664225791e+00,2.0961598106874315e+00,p_gamma_lepton,|-1-1-1>,0,-1,-1,-1,3.0572992594418824e-01,-5.8171029216327397e-01,6.5715877200758754e-01,-1.0869019872337602e+00,4.3185765162652040e-01,2.2616657669566942e-01,3,9.9997423792072759e-01
max_c_ep_mixing_angles_polarization_04_local_minimum_163,C_e_p,polarization_cluster_04_local_minimum_163,cos(alpha_e)|+>+sin(alpha_e)|-> tensor cos(alpha_p)|+>+sin(alpha_p)|->,2.6549591664225791e+00,2.0961598106874315e+00,p_gamma_lepton,|+1-1+1>,6,1,1,-1,2.9883614457899621e-01,5.8522004399074290e-01,6.5710390441342370e-01,1.0986738328351753e+00,4.3178554119536572e-01,2.2612881200793752e-01,4,9.9997423792072759e-01
max_c_ep_mixing_angles_polarization_04_local_minimum_164,C_e_p,polarization_cluster_04_local_minimum_164,cos(alpha_e)|+>+sin(alpha_e)|-> tensor cos(alpha_p)|+>+sin(alpha_p)|->,2.5244555406720206e+00,2.3029581509447170e+00,p_gamma_lepton,|+1+1+1>,7,1,1,1,-1.4559153782110161e+00,9.8326889013402845e-03,1.4559485809197921e+00,3.1348391433523735e+00,2.1197862702823569e+00,3.0281106037739935e-01,1,9.9975589507055695e-01
max_c_ep_mixing_angles_polarization_04_local_minimum_164,C_e_p,polarization_cluster_04_local_minimum_164,cos(alpha_e)|+>+sin(alpha_e)|-> tensor cos(alpha_p)|+>+sin(alpha_p)|->,2.5244555406720206e+00,2.3029581509447170e+00,p_gamma_lepton,|-1+1-1>,1,-1,-1,1,-1.4552415941727530e+00,-9.9804726577354397e-03,1.4552758182712058e+00,-3.1347344685152176e+00,2.1178277072449267e+00,3.0253128002477858e-01,2,9.9975589507055695e-01
max_c_ep_mixing_angles_polarization_04_local_minimum_164,C_e_p,polarization_cluster_04_local_minimum_164,cos(alpha_e)|+>+sin(alpha_e)|-> tensor cos(alpha_p)|+>+sin(alpha_p)|->,2.5244555406720206e+00,2.3029581509447170e+00,p_gamma_lepton,|-1-1-1>,0,-1,-1,-1,-1.1753964193879771e+00,-8.1667543802472833e-03,1.1754247906978927e+00,-3.1346446802675652e+00,1.3816234385871844e+00,1.9736464206135590e-01,3,9.9975589507055695e-01
max_c_ep_mixing_angles_polarization_04_local_minimum_164,C_e_p,polarization_cluster_04_local_minimum_164,cos(alpha_e)|+>+sin(alpha_e)|-> tensor cos(alpha_p)|+>+sin(alpha_p)|->,2.5244555406720206e+00,2.3029581509447170e+00,p_gamma_lepton,|+1-1+1>,6,1,1,-1,-1.1744586570466855e+00,7.7512452999170698e-03,1.1744842352775977e+00,3.1349929042384215e+00,1.3794132189156034e+00,1.9704891260702309e-01,4,9.9975589507055695e-01
max_c_ep_mixing_angles_polarization_04_local_minimum_165,C_e_p,polarization_cluster_04_local_minimum_165,cos(alpha_e)|+>+sin(alpha_e)|-> tensor cos(alpha_p)|+>+sin(alpha_p)|->,2.0500141956834992e+00,2.6381966736291291e+00,p_gamma_lepton,|-1-1-1>,0,-1,-1,-1,-4.3926165686090712e+00,-3.6463931984078476e-02,4.3927679129626993e+00,-3.1332916571617591e+00,1.9296409937154667e+01,2.7239471460476683e-01,1,9.9977484479377332e-01
max_c_ep_mixing_angles_polarization_04_local_minimum_165,C_e_p,polarization_cluster_04_local_minimum_165,cos(alpha_e)|+>+sin(alpha_e)|-> tensor cos(alpha_p)|+>+sin(alpha_p)|->,2.0500141956834992e+00,2.6381966736291291e+00,p_gamma_lepton,|+1-1+1>,6,1,1,-1,-4.3912725497266933e+00,3.5431023474780068e-02,4.3914154851719100e+00,3.1335243193562792e+00,1.9284529963407643e+01,2.7222701283698347e-01,2,9.9977484479377332e-01
max_c_ep_mixing_angles_polarization_04_local_minimum_165,C_e_p,polarization_cluster_04_local_minimum_165,cos(alpha_e)|+>+sin(alpha_e)|-> tensor cos(alpha_p)|+>+sin(alpha_p)|->,2.0500141956834992e+00,2.6381966736291291e+00,p_gamma_lepton,|+1+1+1>,7,1,1,1,-4.0157553290745582e+00,3.1863977675552574e-02,4.0158817432867746e+00,3.1336580793017994e+00,1.6127306176064025e+01,2.2765856330166759e-01,3,9.9977484479377332e-01
max_c_ep_mixing_angles_polarization_04_local_minimum_165,C_e_p,polarization_cluster_04_local_minimum_165,cos(alpha_e)|+>+sin(alpha_e)|-> tensor cos(alpha_p)|+>+sin(alpha_p)|->,2.0500141956834992e+00,2.6381966736291291e+00,p_gamma_lepton,|-1+1-1>,1,-1,-1,1,-4.0142925686853435e+00,-3.3807584244766244e-02,4.0144349265811794e+00,-3.1331710489327689e+00,1.6115687779754840e+01,2.2749455405035543e-01,4,9.9977484479377332e-01
max_c_ep_mixing_angles_polarization_04_local_minimum_169,C_e_p,polarization_cluster_04_local_minimum_169,cos(alpha_e)|+>+sin(alpha_e)|-> tensor cos(alpha_p)|+>+sin(alpha_p)|->,2.9459451224725690e+00,1.7768438341589190e+00,p_gamma_lepton,|+1+1+1>,7,1,1,1,3.8086029349827433e-01,1.3370862812296951e-02,3.8109492667304945e-01,3.5092588794676270e-02,1.4523334313593689e-01,2.6374797952643358e-01,1,9.9999983278054549e-01
max_c_ep_mixing_angles_polarization_04_local_minimum_169,C_e_p,polarization_cluster_04_local_minimum_169,cos(alpha_e)|+>+sin(alpha_e)|-> tensor cos(alpha_p)|+>+sin(alpha_p)|->,2.9459451224725690e+00,1.7768438341589190e+00,p_gamma_lepton,|-1+1-1>,1,-1,-1,1,3.8085777643681690e-01,-1.3359849845971458e-02,3.8109202492351280e-01,-3.5063939877730058e-02,1.4523113146030325e-01,2.6374396305909115e-01,2,9.9999983278054549e-01
max_c_ep_mixing_angles_polarization_04_local_minimum_169,C_e_p,polarization_cluster_04_local_minimum_169,cos(alpha_e)|+>+sin(alpha_e)|-> tensor cos(alpha_p)|+>+sin(alpha_p)|->,2.9459451224725690e+00,1.7768438341589190e+00,p_gamma_lepton,|+1-1+1>,6,1,1,-1,3.6046577775330607e-01,1.2657220190256878e-02,3.6068792903871971e-01,3.5099093650450837e-02,1.3009578215424047e-01,2.3625772806163278e-01,3,9.9999983278054549e-01
max_c_ep_mixing_angles_polarization_04_local_minimum_169,C_e_p,polarization_cluster_04_local_minimum_169,cos(alpha_e)|+>+sin(alpha_e)|-> tensor cos(alpha_p)|+>+sin(alpha_p)|->,2.9459451224725690e+00,1.7768438341589190e+00,p_gamma_lepton,|-1-1-1>,0,-1,-1,-1,3.6046079983184087e-01,-1.2634387423872073e-02,3.6068215364914707e-01,-3.5036312560277678e-02,1.3009161596098698e-01,2.3625016213338793e-01,4,9.9999983278054549e-01
max_c_ep_mixing_angles_polarization_04_local_minimum_171,C_e_p,polarization_cluster_04_local_minimum_171,cos(alpha_e)|+>+sin(alpha_e)|-> tensor cos(alpha_p)|+>+sin(alpha_p)|->,2.9014074974754882e+00,1.8245561789525722e+00,p_gamma_lepton,|-1+1-1>,1,-1,-1,1,4.2804549827798638e-01,8.4260523135177033e-05,4.2804550657130536e-01,1.9684945265350905e-04,1.8322295569588545e-01,2.6440857499536380e-01,1,9.9999968705731679e-01
max_c_ep_mixing_angles_polarization_04_local_minimum_171,C_e_p,polarization_cluster_04_local_minimum_171,cos(alpha_e)|+>+sin(alpha_e)|-> tensor cos(alpha_p)|+>+sin(alpha_p)|->,2.9014074974754882e+00,1.8245561789525722e+00,p_gamma_lepton,|+1+1+1>,7,1,1,1,4.2801170040686465e-01,-1.5936601252086393e-08,4.2801170040686493e-01,-3.7234031772816431e-08,1.8319401568517590e-01,2.6436681174051940e-01,2,9.9999968705731679e-01
max_c_ep_mixing_angles_polarization_04_local_minimum_171,C_e_p,polarization_cluster_04_local_minimum_171,cos(alpha_e)|+>+sin(alpha_e)|-> tensor cos(alpha_p)|+>+sin(alpha_p)|->,2.9014074974754882e+00,1.8245561789525722e+00,p_gamma_lepton,|+1-1+1>,6,1,1,-1,4.0409122155942206e-01,5.2993245087309392e-06,4.0409122159417021e-01,1.3114178744038546e-05,1.6328971536946874e-01,2.3564296727044526e-01,3,9.9999968705731679e-01
max_c_ep_mixing_angles_polarization_04_local_minimum_171,C_e_p,polarization_cluster_04_local_minimum_171,cos(alpha_e)|+>+sin(alpha_e)|-> tensor cos(alpha_p)|+>+sin(alpha_p)|->,2.9014074974754882e+00,1.8245561789525722e+00,p_gamma_lepton,|-1-1-1>,0,-1,-1,-1,4.0403837156399725e-01,-2.5014070825044082e-07,4.0403837156407463e-01,-6.1910136723434470e-07,1.6324700569614928e-01,2.3558133305098830e-01,4,9.9999968705731679e-01
max_c_ep_mixing_angles_polarization_04_local_minimum_182,C_e_p,polarization_cluster_04_local_minimum_182,cos(alpha_e)|+>+sin(alpha_e)|-> tensor cos(alpha_p)|+>+sin(alpha_p)|->,2.1054955870995480e+00,2.5682559697489666e+00,p_gamma_lepton,|-1-1-1>,0,-1,-1,-1,-3.9532969768553641e+00,4.4584426293964672e-03,3.9532994909220376e+00,3.1404648757463143e+00,1.5628576864924439e+01,2.7855173969552222e-01,1,9.9973637553017280e-01
max_c_ep_mixing_angles_polarization_04_local_minimum_182,C_e_p,polarization_cluster_04_local_minimum_182,cos(alpha_e)|+>+sin(alpha_e)|-> tensor cos(alpha_p)|+>+sin(alpha_p)|->,2.1054955870995480e+00,2.5682559697489666e+00,p_gamma_lepton,|+1-1+1>,6,1,1,-1,-3.9524691711574960e+00,-4.3242298493658890e-03,3.9524715366355534e+00,-3.1404985961950871e+00,1.5622031247914210e+01,2.7843507564982323e-01,2,9.9973637553017280e-01
max_c_ep_mixing_angles_polarization_04_local_minimum_182,C_e_p,polarization_cluster_04_local_minimum_182,cos(alpha_e)|+>+sin(alpha_e)|-> tensor cos(alpha_p)|+>+sin(alpha_p)|->,2.1054955870995480e+00,2.5682559697489666e+00,p_gamma_lepton,|+1+1+1>,7,1,1,1,-3.5247419110405982e+00,-3.8146828881559032e-03,3.5247439752770222e+00,-3.1405103952301530e+00,1.2423820091251665e+01,2.2143261859300870e-01,3,9.9973637553017280e-01
max_c_ep_mixing_angles_polarization_04_local_minimum_182,C_e_p,polarization_cluster_04_local_minimum_182,cos(alpha_e)|+>+sin(alpha_e)|-> tensor cos(alpha_p)|+>+sin(alpha_p)|->,2.1054955870995480e+00,2.5682559697489666e+00,p_gamma_lepton,|-1+1-1>,1,-1,-1,1,-3.5238208615031152e+00,4.0484488507693105e-03,3.5238231870941901e+00,3.1404437736584150e+00,1.2417329853902658e+01,2.2131694159181864e-01,4,9.9973637553017280e-01
max_c_ep_mixing_angles_polarization_04_local_minimum_186,C_e_p,polarization_cluster_04_local_minimum_186,cos(alpha_e)|+>+sin(alpha_e)|-> tensor cos(alpha_p)|+>+sin(alpha_p)|->,2.5319255011745634e+00,2.2623779574879981e+00,p_gamma_lepton,|+1+1+1>,7,1,1,1,1.8891630972318325e+00,-2.5718811770046256e-03,1.8891648478932057e+00,-1.3613856801933453e-03,3.5689438225153580e+00,2.9730254587791016e-01,1,9.9979706028034765e-01
max_c_ep_mixing_angles_polarization_04_local_minimum_186,C_e_p,polarization_cluster_04_local_minimum_186,cos(alpha_e)|+>+sin(alpha_e)|-> tensor cos(alpha_p)|+>+sin(alpha_p)|->,2.5319255011745634e+00,2.2623779574879981e+00,p_gamma_lepton,|-1+1-1>,1,-1,-1,1,1.8879712500238754e+00,2.5487911028159909e-03,1.8879729704772790e+00,1.3500150250479234e-03,3.5644419372528011e+00,2.9692752682006879e-01,2,9.9979706028034765e-01
max_c_ep_mixing_angles_polarization_04_local_minimum_186,C_e_p,polarization_cluster_04_local_minimum_186,cos(alpha_e)|+>+sin(alpha_e)|-> tensor cos(alpha_p)|+>+sin(alpha_p)|->,2.5319255011745634e+00,2.2623779574879981e+00,p_gamma_lepton,|-1-1-1>,0,-1,-1,-1,1.5608593649606981e+00,2.0632683464141214e-03,1.5608607286563985e+00,1.3218789539733314e-03,2.4362862142617838e+00,2.0294914406268078e-01,3,9.9979706028034765e-01
max_c_ep_mixing_angles_polarization_04_local_minimum_186,C_e_p,polarization_cluster_04_local_minimum_186,cos(alpha_e)|+>+sin(alpha_e)|-> tensor cos(alpha_p)|+>+sin(alpha_p)|->,2.5319255011745634e+00,2.2623779574879981e+00,p_gamma_lepton,|+1-1+1>,6,1,1,-1,1.5595847177049855e+00,-2.1569876885760668e-03,1.5595862093179806e+00,-1.3830517116323313e-03,2.4323091442948281e+00,2.0261784351968787e-01,4,9.9979706028034765e-01
max_c_ep_mixing_angles_polarization_04_local_minimum_188,C_e_p,polarization_cluster_04_local_minimum_188,cos(alpha_e)|+>+sin(alpha_e)|-> tensor cos(alpha_p)|+>+sin(alpha_p)|->,1.7974813488182573e+00,2.9103811776941066e+00,p_gamma_lepton,|-1-1-1>,0,-1,-1,-1,-8.2933188028317728e-01,-2.2810383938772429e-03,8.2933501722174052e-01,-3.1388422074823650e+00,6.8779657079018486e-01,2.6448383495317634e-01,1,9.9995854121151928e-01
max_c_ep_mixing_angles_polarization_04_local_minimum_188,C_e_p,polarization_cluster_04_local_minimum_188,cos(alpha_e)|+>+sin(alpha_e)|-> tensor cos(alpha_p)|+>+sin(alpha_p)|->,1.7974813488182573e+00,2.9103811776941066e+00,p_gamma_lepton,|+1-1+1>,6,1,1,-1,-8.2906541550821622e-01,2.1485468348711608e-03,8.2906819951395605e-01,3.1390011306715708e+00,6.8735407944531279e-01,2.6431368026966157e-01,2,9.9995854121151928e-01
max_c_ep_mixing_angles_polarization_04_local_minimum_188,C_e_p,polarization_cluster_04_local_minimum_188,cos(alpha_e)|+>+sin(alpha_e)|-> tensor cos(alpha_p)|+>+sin(alpha_p)|->,1.7974813488182573e+00,2.9103811776941066e+00,p_gamma_lepton,|+1+1+1>,7,1,1,1,-7.8279701668714907e-01,2.0556255754923519e-03,7.8279971571967710e-01,3.1389666588471261e+00,6.1277539493080746e-01,2.3563535106034569e-01,3,9.9995854121151928e-01
max_c_ep_mixing_angles_polarization_04_local_minimum_188,C_e_p,polarization_cluster_04_local_minimum_188,cos(alpha_e)|+>+sin(alpha_e)|-> tensor cos(alpha_p)|+>+sin(alpha_p)|->,1.7974813488182573e+00,2.9103811776941066e+00,p_gamma_lepton,|-1+1-1>,1,-1,-1,1,-7.8261451594829989e-01,-2.1677038522428457e-03,7.8261751802076518e-01,-3.1388228374611495e+00,6.1249017951298268e-01,2.3552567492833562e-01,4,9.9995854121151928e-01
max_c_ep_mixing_angles_polarization_04_local_minimum_189,C_e_p,polarization_cluster_04_local_minimum_189,cos(alpha_e)|+>+sin(alpha_e)|-> tensor cos(alpha_p)|+>+sin(alpha_p)|->,2.6981415732374616e+00,2.0606159308062431e+00,p_gamma_lepton,|+1+1+1>,7,1,1,1,-4.9912389120144578e+00,3.2000197300521621e-03,4.9912399378244219e+00,3.1409515263370187e+00,2.4912476116933540e+01,2.6969690099847915e-01,1,9.9904097325435970e-01
max_c_ep_mixing_angles_polarization_04_local_minimum_189,C_e_p,polarization_cluster_04_local_minimum_189,cos(alpha_e)|+>+sin(alpha_e)|-> tensor cos(alpha_p)|+>+sin(alpha_p)|->,2.6981415732374616e+00,2.0606159308062431e+00,p_gamma_lepton,|-1+1-1>,1,-1,-1,1,-4.9874995978270249e+00,-3.4066884239881330e-03,4.9875007612882376e+00,-3.1409096083428976e+00,2.4875163843850750e+01,2.6929296666564112e-01,2,9.9904097325435970e-01
max_c_ep_mixing_angles_polarization_04_local_minimum_189,C_e_p,polarization_cluster_04_local_minimum_189,cos(alpha_e)|+>+sin(alpha_e)|-> tensor cos(alpha_p)|+>+sin(alpha_p)|->,2.6981415732374616e+00,2.0606159308062431e+00,p_gamma_lepton,|-1-1-1>,0,-1,-1,-1,-4.6115588532965104e+00,-3.1157859919008130e-03,4.6115599058821495e+00,-3.1409170066736629e+00,2.1266484765539779e+01,2.3022621314221361e-01,3,9.9904097325435970e-01
max_c_ep_mixing_angles_polarization_04_local_minimum_189,C_e_p,polarization_cluster_04_local_minimum_189,cos(alpha_e)|+>+sin(alpha_e)|-> tensor cos(alpha_p)|+>+sin(alpha_p)|->,2.6981415732374616e+00,2.0606159308062431e+00,p_gamma_lepton,|+1-1+1>,6,1,1,-1,-4.6075379219114243e+00,2.8666991164359810e-03,4.6075388137069089e+00,3.1409704777563832e+00,2.1229413919815670e+01,2.2982489244802579e-01,4,9.9904097325435970e-01
max_c_ep_mixing_angles_polarization_04_local_minimum_194,C_e_p,polarization_cluster_04_local_minimum_194,cos(alpha_e)|+>+sin(alpha_e)|-> tensor cos(alpha_p)|+>+sin(alpha_p)|->,2.1985604336746341e+00,2.3699166225439288e+00,p_gamma_lepton,|-1-1-1>,0,-1,-1,-1,1.0926072702552241e+00,-2.6718469807448532e-03,1.0926105370995014e+00,-2.4453815453141965e-03,1.1937977857808604e+00,3.1646605445808929e-01,1,9.9978868072614013e-01
max_c_ep_mixing_angles_polarization_04_local_minimum_194,C_e_p,polarization_cluster_04_local_minimum_194,cos(alpha_e)|+>+sin(alpha_e)|-> tensor cos(alpha_p)|+>+sin(alpha_p)|->,2.1985604336746341e+00,2.3699166225439288e+00,p_gamma_lepton,|+1-1+1>,6,1,1,-1,1.0918939731951562e+00,2.6602787323787725e-03,1.0918972139275924e+00,2.4363844236768200e-03,1.1922395257828384e+00,3.1605297244431146e-01,2,9.9978868072614013e-01
max_c_ep_mixing_angles_polarization_04_local_minimum_194,C_e_p,polarization_cluster_04_local_minimum_194,cos(alpha_e)|+>+sin(alpha_e)|-> tensor cos(alpha_p)|+>+sin(alpha_p)|->,2.1985604336746341e+00,2.3699166225439288e+00,p_gamma_lepton,|+1+1+1>,7,1,1,1,8.3271977365474747e-01,2.0918560388226023e-03,8.3272240110213258e-01,2.5120715332821071e-03,6.9342659729730116e-01,1.8382173423067302e-01,3,9.9978868072614013e-01
max_c_ep_mixing_angles_polarization_04_local_minimum_194,C_e_p,polarization_cluster_04_local_minimum_194,cos(alpha_e)|+>+sin(alpha_e)|-> tensor cos(alpha_p)|+>+sin(alpha_p)|->,2.1985604336746341e+00,2.3699166225439288e+00,p_gamma_lepton,|-1+1-1>,1,-1,-1,1,8.3187283644427312e-01,-2.0121446703144949e-03,8.3187526994136241e-01,-2.4188080894757924e-03,6.9201646474001477e-01,1.8344791959306636e-01,4,9.9978868072614013e-01
max_c_ep_mixing_angles_polarization_04_local_minimum_199,C_e_p,polarization_cluster_04_local_minimum_199,cos(alpha_e)|+>+sin(alpha_e)|-> tensor cos(alpha_p)|+>+sin(alpha_p)|->,2.1471288302280858e+00,2.4886760994407493e+00,p_gamma_lepton,|-1-1-1>,0,-1,-1,-1,1.6467081276518065e+00,-1.2687814247890080e-02,1.6467570064538688e+00,-7.7048038856212817e-03,2.7118086383049071e+00,2.8598074444840837e-01,1,9.9983901845357470e-01
max_c_ep_mixing_angles_polarization_04_local_minimum_199,C_e_p,polarization_cluster_04_local_minimum_199,cos(alpha_e)|+>+sin(alpha_e)|-> tensor cos(alpha_p)|+>+sin(alpha_p)|->,2.1471288302280858e+00,2.4886760994407493e+00,p_gamma_lepton,|+1-1+1>,6,1,1,-1,1.6462346886213803e+00,1.2877977267264465e-02,1.6462850580378932e+00,7.8225265687466277e-03,2.7102544923188292e+00,2.8581684799207213e-01,2,9.9983901845357470e-01
max_c_ep_mixing_angles_polarization_04_local_minimum_199,C_e_p,polarization_cluster_04_local_minimum_199,cos(alpha_e)|+>+sin(alpha_e)|-> tensor cos(alpha_p)|+>+sin(alpha_p)|->,2.1471288302280858e+00,2.4886760994407493e+00,p_gamma_lepton,|+1+1+1>,7,1,1,1,1.4248643312043783e+00,1.1235883246952291e-02,1.4249086312500319e+00,7.8854176627386717e-03,2.0303646074108395e+00,2.1411731407862206e-01,3,9.9983901845357470e-01
max_c_ep_mixing_angles_polarization_04_local_minimum_199,C_e_p,polarization_cluster_04_local_minimum_199,cos(alpha_e)|+>+sin(alpha_e)|-> tensor cos(alpha_p)|+>+sin(alpha_p)|->,2.1471288302280858e+00,2.4886760994407493e+00,p_gamma_lepton,|-1+1-1>,1,-1,-1,1,1.4242242378464887e+00,-1.0857760223866272e-02,1.4242656250245214e+00,-7.6234834322928763e-03,2.0285325706264912e+00,2.1392411193447214e-01,4,9.9983901845357470e-01
max_c_ep_mixing_angles_polarization_04_local_minimum_200,C_e_p,polarization_cluster_04_local_minimum_200,cos(alpha_e)|+>+sin(alpha_e)|-> tensor cos(alpha_p)|+>+sin(alpha_p)|->,2.6264330512567757e+00,2.1179894433123803e+00,p_gamma_lepton,|+1+1+1>,7,1,1,1,3.9095293716306383e+00,3.7721020823321301e-04,3.9095293898281667e+00,9.6484812161766109e-05,1.5284420049930198e+01,2.7560454161767600e-01,1,9.9975498178642008e-01
max_c_ep_mixing_angles_polarization_04_local_minimum_200,C_e_p,polarization_cluster_04_local_minimum_200,cos(alpha_e)|+>+sin(alpha_e)|-> tensor cos(alpha_p)|+>+sin(alpha_p)|->,2.6264330512567757e+00,2.1179894433123803e+00,p_gamma_lepton,|-1+1-1>,1,-1,-1,1,3.9079730855240160e+00,-3.8554903781013014e-04,3.9079731045425783e+00,-9.8657034765006738e-05,1.5272253785828161e+01,2.7538516282344710e-01,2,9.9975498178642008e-01
max_c_ep_mixing_angles_polarization_04_local_minimum_200,C_e_p,polarization_cluster_04_local_minimum_200,cos(alpha_e)|+>+sin(alpha_e)|-> tensor cos(alpha_p)|+>+sin(alpha_p)|->,2.6264330512567757e+00,2.1179894433123803e+00,p_gamma_lepton,|-1-1-1>,0,-1,-1,-1,3.5285210744535771e+00,-3.2653369804778900e-04,3.5285210895624930e+00,-9.2541234762562343e-05,1.2450461079487283e+01,2.2450335750596431e-01,3,9.9975498178642008e-01
max_c_ep_mixing_angles_polarization_04_local_minimum_200,C_e_p,polarization_cluster_04_local_minimum_200,cos(alpha_e)|+>+sin(alpha_e)|-> tensor cos(alpha_p)|+>+sin(alpha_p)|->,2.6264330512567757e+00,2.1179894433123803e+00,p_gamma_lepton,|+1-1+1>,6,1,1,-1,3.5266232237930444e+00,3.4113747648866941e-04,3.5266232402925071e+00,9.6732044728538549e-05,1.2437071478971221e+01,2.2426191983933266e-01,4,9.9975498178642008e-01
max_c_ep_mixing_angles_polarization_04_local_minimum_202,C_e_p,polarization_cluster_04_local_minimum_202,cos(alpha_e)|+>+sin(alpha_e)|-> tensor cos(alpha_p)|+>+sin(alpha_p)|->,1.7667907845400057e+00,2.9347888388819179e+00,p_gamma_lepton,|-1-1-1>,0,-1,-1,-1,3.8511668269113408e-01,7.6026813545614679e-03,3.8519171856466833e-01,1.9738677384528329e-02,1.4837266005080268e-01,2.6373187787147462e-01,1,9.9999949101286445e-01
max_c_ep_mixing_angles_polarization_04_local_minimum_202,C_e_p,polarization_cluster_04_local_minimum_202,cos(alpha_e)|+>+sin(alpha_e)|-> tensor cos(alpha_p)|+>+sin(alpha_p)|->,1.7667907845400057e+00,2.9347888388819179e+00,p_gamma_lepton,|+1-1+1>,6,1,1,-1,3.8510471022264370e-01,-7.5988845487645488e-03,3.8517967350582227e-01,-1.9729435565524804e-02,1.4836338088205184e-01,2.6371538418187640e-01,2,9.9999949101286445e-01
max_c_ep_mixing_angles_polarization_04_local_minimum_202,C_e_p,polarization_cluster_04_local_minimum_202,cos(alpha_e)|+>+sin(alpha_e)|-> tensor cos(alpha_p)|+>+sin(alpha_p)|->,1.7667907845400057e+00,2.9347888388819179e+00,p_gamma_lepton,|+1+1+1>,7,1,1,1,3.6452605788835868e-01,-7.2033656282598068e-03,3.6459722346172824e-01,-1.9758335706429615e-02,1.3293113535600143e-01,2.3628462240295173e-01,3,9.9999949101286445e-01
max_c_ep_mixing_angles_polarization_04_local_minimum_202,C_e_p,polarization_cluster_04_local_minimum_202,cos(alpha_e)|+>+sin(alpha_e)|-> tensor cos(alpha_p)|+>+sin(alpha_p)|->,1.7667907845400057e+00,2.9347888388819179e+00,p_gamma_lepton,|-1+1-1>,1,-1,-1,1,3.6451308333851090e-01,7.1954501333810405e-03,3.6458409513796697e-01,1.9737332017219250e-02,1.3292156242757014e-01,2.3626760655656165e-01,4,9.9999949101286445e-01
max_c_ep_mixing_angles_polarization_04_local_minimum_203,C_e_p,polarization_cluster_04_local_minimum_203,cos(alpha_e)|+>+sin(alpha_e)|-> tensor cos(alpha_p)|+>+sin(alpha_p)|->,1.8829399538522182e+00,2.7988222829773957e+00,p_gamma_lepton,|-1-1-1>,0,-1,-1,-1,2.5719020361374634e+00,-3.9039162510425439e-03,2.5719049990328422e+00,-1.5179090019444364e-03,6.6146953240501238e+00,2.6501679249843285e-01,1,9.9919964233682745e-01
max_c_ep_mixing_angles_polarization_04_local_minimum_203,C_e_p,polarization_cluster_04_local_minimum_203,cos(alpha_e)|+>+sin(alpha_e)|-> tensor cos(alpha_p)|+>+sin(alpha_p)|->,1.8829399538522182e+00,2.7988222829773957e+00,p_gamma_lepton,|+1-1+1>,6,1,1,-1,2.5701665634596544e+00,4.0641953502985563e-03,2.5701697768065550e+00,1.5812951660720447e-03,6.6057726816098565e+00,2.6465930814514260e-01,2,9.9919964233682745e-01
max_c_ep_mixing_angles_polarization_04_local_minimum_203,C_e_p,polarization_cluster_04_local_minimum_203,cos(alpha_e)|+>+sin(alpha_e)|-> tensor cos(alpha_p)|+>+sin(alpha_p)|->,1.8829399538522182e+00,2.7988222829773957e+00,p_gamma_lepton,|+1+1+1>,7,1,1,1,2.4214401062650577e+00,3.8933856253888822e-03,2.4214432363118821e+00,1.6078788239107112e-03,5.8633873466805611e+00,2.3491574920214786e-01,3,9.9919964233682745e-01
max_c_ep_mixing_angles_polarization_04_local_minimum_203,C_e_p,polarization_cluster_04_local_minimum_203,cos(alpha_e)|+>+sin(alpha_e)|-> tensor cos(alpha_p)|+>+sin(alpha_p)|->,1.8829399538522182e+00,2.7988222829773957e+00,p_gamma_lepton,|-1+1-1>,1,-1,-1,1,2.4198528251836566e+00,-3.6325613505263973e-03,2.4198555516913176e+00,-1.5011485757012554e-03,5.8557008910512893e+00,2.3460779249110408e-01,4,9.9919964233682745e-01
max_c_ep_mixing_angles_polarization_04_local_minimum_204,C_e_p,polarization_cluster_04_local_minimum_204,cos(alpha_e)|+>+sin(alpha_e)|-> tensor cos(alpha_p)|+>+sin(alpha_p)|->,2.5182279005907247e+00,2.3215892090077852e+00,p_gamma_lepton,|+1+1+1>,7,1,1,1,-1.3243222650884099e+00,4.8807565862204836e-03,1.3243312590110339e+00,3.1379071952862723e+00,1.7538532835937501e+00,3.0864183408406470e-01,1,9.9976401488468036e-01
max_c_ep_mixing_angles_polarization_04_local_minimum_204,C_e_p,polarization_cluster_04_local_minimum_204,cos(alpha_e)|+>+sin(alpha_e)|-> tensor cos(alpha_p)|+>+sin(alpha_p)|->,2.5182279005907247e+00,2.3215892090077852e+00,p_gamma_lepton,|-1+1-1>,1,-1,-1,1,-1.3235845508278905e+00,-4.9168497906996759e-03,1.3235936833492872e+00,-3.1378778722630170e+00,1.7519002386021325e+00,3.0829813863707362e-01,2,9.9976401488468036e-01
max_c_ep_mixing_angles_polarization_04_local_minimum_204,C_e_p,polarization_cluster_04_local_minimum_204,cos(alpha_e)|+>+sin(alpha_e)|-> tensor cos(alpha_p)|+>+sin(alpha_p)|->,2.5182279005907247e+00,2.3215892090077852e+00,p_gamma_lepton,|-1-1-1>,0,-1,-1,-1,-1.0434658069187637e+00,-3.9551991945228678e-03,1.0434733028732910e+00,-3.1378022272754920e+00,1.0888365338092949e+00,1.9161266678135613e-01,3,9.9976401488468036e-01
max_c_ep_mixing_angles_polarization_04_local_minimum_204,C_e_p,polarization_cluster_04_local_minimum_204,cos(alpha_e)|+>+sin(alpha_e)|-> tensor cos(alpha_p)|+>+sin(alpha_p)|->,2.5182279005907247e+00,2.3215892090077852e+00,p_gamma_lepton,|+1-1+1>,6,1,1,-1,-1.0423732595712742e+00,3.7667340177203320e-03,1.0423800653093878e+00,3.1379790558812268e+00,1.0865562005544034e+00,1.9121137538218591e-01,4,9.9976401488468036e-01
max_c_ep_mixing_angles_polarization_04_local_minimum_213,C_e_p,polarization_cluster_04_local_minimum_213,cos(alpha_e)|+>+sin(alpha_e)|-> tensor cos(alpha_p)|+>+sin(alpha_p)|->,2.6458897471864820e+00,2.0930362691555247e+00,p_gamma_lepton,|+1+1+1>,7,1,1,1,5.0729523560765992e+00,1.0041708209334357e-02,5.0729622946486481e+00,1.9794577967964196e-03,2.5734946442926876e+01,2.7359167585463046e-01,1,9.9974183786541782e-01
max_c_ep_mixing_angles_polarization_04_local_minimum_213,C_e_p,polarization_cluster_04_local_minimum_213,cos(alpha_e)|+>+sin(alpha_e)|-> tensor cos(alpha_p)|+>+sin(alpha_p)|->,2.6458897471864820e+00,2.0930362691555247e+00,p_gamma_lepton,|-1+1-1>,1,-1,-1,1,5.0714586478830999e+00,-9.7160332524086814e-03,5.0714679549899984e+00,-1.9158238368521812e-03,2.5719787218490445e+01,2.7343051610139696e-01,2,9.9974183786541782e-01
max_c_ep_mixing_angles_polarization_04_local_minimum_213,C_e_p,polarization_cluster_04_local_minimum_213,cos(alpha_e)|+>+sin(alpha_e)|-> tensor cos(alpha_p)|+>+sin(alpha_p)|->,2.6458897471864820e+00,2.0930362691555247e+00,p_gamma_lepton,|-1-1-1>,0,-1,-1,-1,4.6152276840467756e+00,-8.7127790120179443e-03,4.6152359081752126e+00,-1.8878307329511109e-03,2.1300402488109878e+01,2.2644744281959880e-01,3,9.9974183786541782e-01
max_c_ep_mixing_angles_polarization_04_local_minimum_213,C_e_p,polarization_cluster_04_local_minimum_213,cos(alpha_e)|+>+sin(alpha_e)|-> tensor cos(alpha_p)|+>+sin(alpha_p)|->,2.6458897471864820e+00,2.0930362691555247e+00,p_gamma_lepton,|+1-1+1>,6,1,1,-1,4.6134404116455077e+00,9.2963576580352772e-03,4.6134497779936412e+00,2.0150569306339409e-03,2.1283918854069569e+01,2.2627220308979157e-01,4,9.9974183786541782e-01
max_c_ep_mixing_angles_polarization_04_local_minimum_214,C_e_p,polarization_cluster_04_local_minimum_214,cos(alpha_e)|+>+sin(alpha_e)|-> tensor cos(alpha_p)|+>+sin(alpha_p)|->,2.1760450445129362e+00,2.4359988059306894e+00,p_gamma_lepton,|-1-1-1>,0,-1,-1,-1,2.2206875518121789e+00,-9.1390403844903161e-05,2.2206875536927240e+00,-4.1154102799707148e-05,4.9314532111257732e+00,2.9489855533616927e-01,1,9.9960384079515752e-01
max_c_ep_mixing_angles_polarization_04_local_minimum_214,C_e_p,polarization_cluster_04_local_minimum_214,cos(alpha_e)|+>+sin(alpha_e)|-> tensor cos(alpha_p)|+>+sin(alpha_p)|->,2.1760450445129362e+00,2.4359988059306894e+00,p_gamma_lepton,|+1-1+1>,6,1,1,-1,2.2192087435143728e+00,1.1707775789962673e-04,2.2192087466026811e+00,5.2756532315027582e-05,4.9248874609978408e+00,2.9450592660290720e-01,2,9.9960384079515752e-01
max_c_ep_mixing_angles_polarization_04_local_minimum_214,C_e_p,polarization_cluster_04_local_minimum_214,cos(alpha_e)|+>+sin(alpha_e)|-> tensor cos(alpha_p)|+>+sin(alpha_p)|->,2.1760450445129362e+00,2.4359988059306894e+00,p_gamma_lepton,|+1+1+1>,7,1,1,1,1.8529048486591693e+00,7.8944597883263008e-05,1.8529048503409202e+00,4.2605856362576821e-05,3.4332563844169086e+00,2.0530709803329900e-01,3,9.9960384079515752e-01
max_c_ep_mixing_angles_polarization_04_local_minimum_214,C_e_p,polarization_cluster_04_local_minimum_214,cos(alpha_e)|+>+sin(alpha_e)|-> tensor cos(alpha_p)|+>+sin(alpha_p)|->,2.1760450445129362e+00,2.4359988059306894e+00,p_gamma_lepton,|-1+1-1>,1,-1,-1,1,1.8510319416172405e+00,-5.6816234370339426e-05,1.8510319424892094e+00,-3.0694356523559638e-05,3.4263192521153751e+00,2.0489226082278206e-01,4,9.9960384079515752e-01
max_c_ep_mixing_angles_polarization_04_local_minimum_216,C_e_p,polarization_cluster_04_local_minimum_216,cos(alpha_e)|+>+sin(alpha_e)|-> tensor cos(alpha_p)|+>+sin(alpha_p)|->,1.8915753431305966e+00,2.7968592098108593e+00,p_gamma_lepton,|+1-1+1>,6,1,1,-1,3.1416310489305826e-01,-4.7412180982716978e-01,5.6876176649792287e-01,-9.8559974720640642e-01,3.2348994702983763e-01,2.6791449170942028e-01,1,9.9997734160964491e-01
max_c_ep_mixing_angles_polarization_04_local_minimum_216,C_e_p,polarization_cluster_04_local_minimum_216,cos(alpha_e)|+>+sin(alpha_e)|-> tensor cos(alpha_p)|+>+sin(alpha_p)|->,1.8915753431305966e+00,2.7968592098108593e+00,p_gamma_lepton,|-1-1-1>,0,-1,-1,-1,3.1890548469000313e-01,4.7087893198758407e-01,5.6870702189715716e-01,9.7549857289761654e-01,3.2342767675513362e-01,2.6786291944527696e-01,2,9.9997734160964491e-01
max_c_ep_mixing_angles_polarization_04_local_minimum_216,C_e_p,polarization_cluster_04_local_minimum_216,cos(alpha_e)|+>+sin(alpha_e)|-> tensor cos(alpha_p)|+>+sin(alpha_p)|->,1.8915753431305966e+00,2.7968592098108593e+00,p_gamma_lepton,|-1+1-1>,1,-1,-1,1,2.9760259280687462e-01,4.3781309388047418e-01,5.2938417847397679e-01,9.7379198045588722e-01,2.8024760841856733e-01,2.3210117115421755e-01,3,9.9997734160964491e-01
max_c_ep_mixing_angles_polarization_04_local_minimum_216,C_e_p,polarization_cluster_04_local_minimum_216,cos(alpha_e)|+>+sin(alpha_e)|-> tensor cos(alpha_p)|+>+sin(alpha_p)|->,1.8915753431305966e+00,2.7968592098108593e+00,p_gamma_lepton,|+1+1+1>,7,1,1,1,2.9169765586609842e-01,-4.4176597177573435e-01,5.2938142794844600e-01,-9.8721503142047717e-01,2.8024469625673570e-01,2.3209875930073010e-01,4,9.9997734160964491e-01
max_c_ep_mixing_angles_polarization_04_local_minimum_222,C_e_p,polarization_cluster_04_local_minimum_222,cos(alpha_e)|+>+sin(alpha_e)|-> tensor cos(alpha_p)|+>+sin(alpha_p)|->,2.5142095114150460e+00,2.3401095747553886e+00,p_gamma_lepton,|+1+1+1>,7,1,1,1,-1.1388066260404144e+00,5.0523847373007771e-04,1.1388067381164670e+00,3.1411489975475573e+00,1.2968807867794681e+00,3.1552959432885030e-01,1,9.9978632178080384e-01
max_c_ep_mixing_angles_polarization_04_local_minimum_222,C_e_p,polarization_cluster_04_local_minimum_222,cos(alpha_e)|+>+sin(alpha_e)|-> tensor cos(alpha_p)|+>+sin(alpha_p)|->,2.5142095114150460e+00,2.3401095747553886e+00,p_gamma_lepton,|-1+1-1>,1,-1,-1,1,-1.1381216935097245e+00,-5.0323234008363275e-04,1.1381218047644248e+00,-3.1411504932213909e+00,1.2953212424802309e+00,3.1515015900596444e-01,2,9.9978632178080384e-01
max_c_ep_mixing_angles_polarization_04_local_minimum_222,C_e_p,polarization_cluster_04_local_minimum_222,cos(alpha_e)|+>+sin(alpha_e)|-> tensor cos(alpha_p)|+>+sin(alpha_p)|->,2.5142095114150460e+00,2.3401095747553886e+00,p_gamma_lepton,|-1-1-1>,0,-1,-1,-1,-8.7138565173847615e-01,-3.9717267531424170e-04,8.7138574225300647e-01,-3.1411368592500337e+00,7.5931311180182259e-01,1.8474000122275472e-01,3,9.9978632178080384e-01
max_c_ep_mixing_angles_polarization_04_local_minimum_222,C_e_p,polarization_cluster_04_local_minimum_222,cos(alpha_e)|+>+sin(alpha_e)|-> tensor cos(alpha_p)|+>+sin(alpha_p)|->,2.5142095114150460e+00,2.3401095747553886e+00,p_gamma_lepton,|+1-1+1>,6,1,1,-1,-8.7050450205959828e-01,3.8192354055158174e-04,8.7050458584180934e-01,3.1411539154613375e+00,7.5777823397162003e-01,1.8436656722323436e-01,4,9.9978632178080384e-01
max_c_ep_mixing_angles_polarization_04_local_minimum_224,C_e_p,polarization_cluster_04_local_minimum_224,cos(alpha_e)|+>+sin(alpha_e)|-> tensor cos(alpha_p)|+>+sin(alpha_p)|->,1.9758869231779388e+00,2.7236504592924806e+00,p_gamma_lepton,|-1-1-1>,0,-1,-1,-1,-4.4718135303764104e+00,1.5371067134680819e-02,4.4718399479590492e+00,3.1381553442088581e+00,1.9997352520162398e+01,2.6809251050679889e-01,1,9.9983426017399757e-01
max_c_ep_mixing_angles_polarization_04_local_minimum_224,C_e_p,polarization_cluster_04_local_minimum_224,cos(alpha_e)|+>+sin(alpha_e)|-> tensor cos(alpha_p)|+>+sin(alpha_p)|->,1.9758869231779388e+00,2.7236504592924806e+00,p_gamma_lepton,|+1-1+1>,6,1,1,-1,-4.4709974442258851e+00,-1.5218020063361681e-02,4.4710233430847843e+00,-3.1381889474850273e+00,1.9990049734409048e+01,2.6799460643853112e-01,2,9.9983426017399757e-01
max_c_ep_mixing_angles_polarization_04_local_minimum_224,C_e_p,polarization_cluster_04_local_minimum_224,cos(alpha_e)|+>+sin(alpha_e)|-> tensor cos(alpha_p)|+>+sin(alpha_p)|->,1.9758869231779388e+00,2.7236504592924806e+00,p_gamma_lepton,|+1+1+1>,7,1,1,1,-4.1595194251663665e+00,-1.3559728984479741e-02,4.1595415269698259e+00,-3.1383327383050825e+00,1.7301785714586480e+01,2.3195466318840940e-01,3,9.9983426017399757e-01
max_c_ep_mixing_angles_polarization_04_local_minimum_224,C_e_p,polarization_cluster_04_local_minimum_224,cos(alpha_e)|+>+sin(alpha_e)|-> tensor cos(alpha_p)|+>+sin(alpha_p)|->,1.9758869231779388e+00,2.7236504592924806e+00,p_gamma_lepton,|-1+1-1>,1,-1,-1,1,-4.1580619248633734e+00,1.4467260472386178e-02,4.1580870929580200e+00,3.1381133398240637e+00,1.7289688272624080e+01,2.3179248004025815e-01,4,9.9983426017399757e-01
max_c_ep_mixing_angles_polarization_04_local_minimum_227,C_e_p,polarization_cluster_04_local_minimum_227,cos(alpha_e)|+>+sin(alpha_e)|-> tensor cos(alpha_p)|+>+sin(alpha_p)|->,2.8913632060758045e+00,1.8422549187150392e+00,p_gamma_lepton,|+1+1+1>,7,1,1,1,-9.5960321262893222e-01,-4.1764863813947440e-03,9.5961230125830588e-01,-3.1372403755277669e+00,9.2085576872626185e-01,2.6420475655262482e-01,1,9.9979471532907926e-01
max_c_ep_mixing_angles_polarization_04_local_minimum_227,C_e_p,polarization_cluster_04_local_minimum_227,cos(alpha_e)|+>+sin(alpha_e)|-> tensor cos(alpha_p)|+>+sin(alpha_p)|->,2.8913632060758045e+00,1.8422549187150392e+00,p_gamma_lepton,|-1+1-1>,1,-1,-1,1,-9.5931978180102662e-01,4.2833841081935655e-03,9.5932934445590046e-01,3.1371276610766885e+00,9.2031279113418774e-01,2.6404896965591473e-01,2,9.9979471532907926e-01
max_c_ep_mixing_angles_polarization_04_local_minimum_227,C_e_p,polarization_cluster_04_local_minimum_227,cos(alpha_e)|+>+sin(alpha_e)|-> tensor cos(alpha_p)|+>+sin(alpha_p)|->,2.8913632060758045e+00,1.8422549187150392e+00,p_gamma_lepton,|-1-1-1>,0,-1,-1,-1,-9.0664416317978835e-01,4.1007024231319239e-03,9.0665343675979171e-01,3.1370697386169000e+00,8.2202045438834204e-01,2.3584769885663873e-01,3,9.9979471532907926e-01
max_c_ep_mixing_angles_polarization_04_local_minimum_227,C_e_p,polarization_cluster_04_local_minimum_227,cos(alpha_e)|+>+sin(alpha_e)|-> tensor cos(alpha_p)|+>+sin(alpha_p)|->,2.8913632060758045e+00,1.8422549187150392e+00,p_gamma_lepton,|+1-1+1>,6,1,1,-1,-9.0634810087046913e-01,-3.9243811259541787e-03,9.0635659688597614e-01,-3.1372627977674612e+00,8.2148228071872786e-01,2.3569329026390098e-01,4,9.9979471532907926e-01
max_c_ep_mixing_angles_polarization_04_local_minimum_235,C_e_p,polarization_cluster_04_local_minimum_235,cos(alpha_e)|+>+sin(alpha_e)|-> tensor cos(alpha_p)|+>+sin(alpha_p)|->,2.5136564444347016e+00,2.3242948216063488e+00,p_gamma_lepton,|+1+1+1>,7,1,1,1,1.0337759426179893e+00,-2.2989803422021377e-03,1.0337784989282406e+00,-2.2238634674135284e-03,1.0686979848463258e+00,3.1669177349996669e-01,1,9.9986672220334083e-01
max_c_ep_mixing_angles_polarization_04_local_minimum_235,C_e_p,polarization_cluster_04_local_minimum_235,cos(alpha_e)|+>+sin(alpha_e)|-> tensor cos(alpha_p)|+>+sin(alpha_p)|->,2.5136564444347016e+00,2.3242948216063488e+00,p_gamma_lepton,|-1+1-1>,1,-1,-1,1,1.0331630585810050e+00,2.2862553780167820e-03,1.0331655881707011e+00,2.2128662337140828e-03,1.0674311325801109e+00,3.1631636183395911e-01,2,9.9986672220334083e-01
max_c_ep_mixing_angles_polarization_04_local_minimum_235,C_e_p,polarization_cluster_04_local_minimum_235,cos(alpha_e)|+>+sin(alpha_e)|-> tensor cos(alpha_p)|+>+sin(alpha_p)|->,2.5136564444347016e+00,2.3242948216063488e+00,p_gamma_lepton,|-1-1-1>,0,-1,-1,-1,7.8713976398803964e-01,1.7114929436319926e-03,7.8714162465165238e-01,2.1743155724311307e-03,6.1959193725924300e-01,1.8360628750050959e-01,3,9.9986672220334083e-01
max_c_ep_mixing_angles_polarization_04_local_minimum_235,C_e_p,polarization_cluster_04_local_minimum_235,cos(alpha_e)|+>+sin(alpha_e)|-> tensor cos(alpha_p)|+>+sin(alpha_p)|->,2.5136564444347016e+00,2.3242948216063488e+00,p_gamma_lepton,|+1-1+1>,6,1,1,-1,7.8638045093958531e-01,-1.7794804844461099e-03,7.8638246430775660e-01,-2.2628709106286031e-03,6.1839738017074009e-01,1.8325229936890539e-01,4,9.9986672220334083e-01
max_c_ep_mixing_angles_polarization_04_local_minimum_239,C_e_p,polarization_cluster_04_local_minimum_239,cos(alpha_e)|+>+sin(alpha_e)|-> tensor cos(alpha_p)|+>+sin(alpha_p)|->,2.5351980689241298e+00,2.2810398470243816e+00,p_gamma_lepton,|+1+1+1>,7,1,1,1,-2.2108640146554475e+00,-1.0268389227019363e-02,2.2108878603664457e+00,-3.1369481728234434e+00,4.8880251311157199e+00,2.9649243919981272e-01,1,9.9959013114258721e-01
max_c_ep_mixing_angles_polarization_04_local_minimum_239,C_e_p,polarization_cluster_04_local_minimum_239,cos(alpha_e)|+>+sin(alpha_e)|-> tensor cos(alpha_p)|+>+sin(alpha_p)|->,2.5351980689241298e+00,2.2810398470243816e+00,p_gamma_lepton,|-1+1-1>,1,-1,-1,1,-2.2092731457764074e+00,1.0393156267122512e-02,2.2092975920744529e+00,3.1368883554279430e+00,4.8809958503459754e+00,2.9606606483688752e-01,2,9.9959013114258721e-01
max_c_ep_mixing_angles_polarization_04_local_minimum_239,C_e_p,polarization_cluster_04_local_minimum_239,cos(alpha_e)|+>+sin(alpha_e)|-> tensor cos(alpha_p)|+>+sin(alpha_p)|->,2.5351980689241298e+00,2.2810398470243816e+00,p_gamma_lepton,|-1-1-1>,0,-1,-1,-1,-1.8326939540512432e+00,8.8219609663482430e-03,1.8327151868774572e+00,3.1367790332856331e+00,3.3588449562112719e+00,2.0373711412031031e-01,3,9.9959013114258721e-01
max_c_ep_mixing_angles_polarization_04_local_minimum_239,C_e_p,polarization_cluster_04_local_minimum_239,cos(alpha_e)|+>+sin(alpha_e)|-> tensor cos(alpha_p)|+>+sin(alpha_p)|->,2.5351980689241298e+00,2.2810398470243816e+00,p_gamma_lepton,|+1-1+1>,6,1,1,-1,-1.8307044641326986e+00,-8.3260499061415302e-03,1.8307233974859312e+00,-3.1370446816676658e+00,3.3515481581024313e+00,2.0329451298557660e-01,4,9.9959013114258721e-01
max_c_ep_mixing_angles_polarization_04_local_minimum_242,C_e_p,polarization_cluster_04_local_minimum_242,cos(alpha_e)|+>+sin(alpha_e)|-> tensor cos(alpha_p)|+>+sin(alpha_p)|->,1.7657833565732284e+00,2.9342509193455046e+00,p_gamma_lepton,|-1-1-1>,0,-1,-1,-1,3.0069898482615437e-01,1.5432068228000023e-01,3.3798631992263328e-01,4.7415692660289688e-01,1.1423475245484462e-01,2.6593472962178016e-01,1,9.9999963436128814e-01
max_c_ep_mixing_angles_polarization_04_local_minimum_242,C_e_p,polarization_cluster_04_local_minimum_242,cos(alpha_e)|+>+sin(alpha_e)|-> tensor cos(alpha_p)|+>+sin(alpha_p)|->,1.7657833565732284e+00,2.9342509193455046e+00,p_gamma_lepton,|+1-1+1>,6,1,1,-1,3.0070419423145256e-01,-1.5429047005368998e-01,3.3797716132569633e-01,-4.7407035948976034e-01,1.1422856157777576e-01,2.6592031746449840e-01,2,9.9999963436128814e-01
max_c_ep_mixing_angles_polarization_04_local_minimum_242,C_e_p,polarization_cluster_04_local_minimum_242,cos(alpha_e)|+>+sin(alpha_e)|-> tensor cos(alpha_p)|+>+sin(alpha_p)|->,1.7657833565732284e+00,2.9342509193455046e+00,p_gamma_lepton,|+1+1+1>,7,1,1,1,2.8212146977115243e-01,-1.4478955543553537e-01,3.1710651060653933e-01,-4.7416527378974310e-01,1.0055653906905523e-01,2.3409230076111651e-01,3,9.9999963436128814e-01
max_c_ep_mixing_angles_polarization_04_local_minimum_242,C_e_p,polarization_cluster_04_local_minimum_242,cos(alpha_e)|+>+sin(alpha_e)|-> tensor cos(alpha_p)|+>+sin(alpha_p)|->,1.7657833565732284e+00,2.9342509193455046e+00,p_gamma_lepton,|-1+1-1>,1,-1,-1,1,2.8209809806456049e-01,1.4477573568438545e-01,3.1707940736446039e-01,4.7416015315299748e-01,1.0053935057459745e-01,2.3405228651389309e-01,4,9.9999963436128814e-01
max_c_ep_mixing_angles_polarization_04_local_minimum_243,C_e_p,polarization_cluster_04_local_minimum_243,cos(alpha_e)|+>+sin(alpha_e)|-> tensor cos(alpha_p)|+>+sin(alpha_p)|->,1.9384128951932740e+00,2.7464441282369005e+00,p_gamma_lepton,|-1-1-1>,0,-1,-1,-1,1.1731668216693123e+00,2.6316895330097775e-02,1.1734619595221192e+00,2.2428594009848739e-02,1.3770129704454912e+00,2.6728180715333150e-01,1,9.9996534015447680e-01
max_c_ep_mixing_angles_polarization_04_local_minimum_243,C_e_p,polarization_cluster_04_local_minimum_243,cos(alpha_e)|+>+sin(alpha_e)|-> tensor cos(alpha_p)|+>+sin(alpha_p)|->,1.9384128951932740e+00,2.7464441282369005e+00,p_gamma_lepton,|+1-1+1>,6,1,1,-1,1.1731510051943603e+00,-2.6627500924903288e-02,1.1734531540688122e+00,-2.2693523366756042e-02,1.3769923047940436e+00,2.6727779589651440e-01,2,9.9996534015447680e-01
max_c_ep_mixing_angles_polarization_04_local_minimum_243,C_e_p,polarization_cluster_04_local_minimum_243,cos(alpha_e)|+>+sin(alpha_e)|-> tensor cos(alpha_p)|+>+sin(alpha_p)|->,1.9384128951932740e+00,2.7464441282369005e+00,p_gamma_lepton,|+1+1+1>,7,1,1,1,1.0946517040605284e+00,-2.4891033825409744e-02,1.0949346632413810e+00,-2.2734852629247796e-02,1.1988819167675164e+00,2.3270610528338248e-01,3,9.9996534015447680e-01
max_c_ep_mixing_angles_polarization_04_local_minimum_243,C_e_p,polarization_cluster_04_local_minimum_243,cos(alpha_e)|+>+sin(alpha_e)|-> tensor cos(alpha_p)|+>+sin(alpha_p)|->,1.9384128951932740e+00,2.7464441282369005e+00,p_gamma_lepton,|-1+1-1>,1,-1,-1,1,1.0946454254848321e+00,2.4494050509492611e-02,1.0949194335864310e+00,2.2372508157528531e-02,1.1988485660452308e+00,2.3269963182124836e-01,4,9.9996534015447680e-01
max_c_ep_mixing_angles_polarization_04_local_minimum_247,C_e_p,polarization_cluster_04_local_minimum_247,cos(alpha_e)|+>+sin(alpha_e)|-> tensor cos(alpha_p)|+>+sin(alpha_p)|->,2.8871853906468412e+00,1.8275685926390008e+00,p_gamma_lepton,|+1+1+1>,7,1,1,1,1.5952999076971517e+00,2.7820137407535269e-03,1.5953023334462326e+00,1.7438795722283429e-03,2.5449895350989946e+00,2.6409101297226334e-01,1,9.9994667957848438e-01
max_c_ep_mixing_angles_polarization_04_local_minimum_247,C_e_p,polarization_cluster_04_local_minimum_247,cos(alpha_e)|+>+sin(alpha_e)|-> tensor cos(alpha_p)|+>+sin(alpha_p)|->,2.8871853906468412e+00,1.8275685926390008e+00,p_gamma_lepton,|-1+1-1>,1,-1,-1,1,1.5952455744712941e+00,-2.5940005039444014e-03,1.5952476834989804e+00,-1.6260808111030721e-03,2.5448151717088647e+00,2.6407291945805056e-01,2,9.9994667957848438e-01
max_c_ep_mixing_angles_polarization_04_local_minimum_247,C_e_p,polarization_cluster_04_local_minimum_247,cos(alpha_e)|+>+sin(alpha_e)|-> tensor cos(alpha_p)|+>+sin(alpha_p)|->,2.8871853906468412e+00,1.8275685926390008e+00,p_gamma_lepton,|-1-1-1>,0,-1,-1,-1,1.5077427054471624e+00,-2.4756886250005879e-03,1.5077447379657130e+00,-1.6419820113542007e-03,2.2732941948632965e+00,2.3589745986207414e-01,3,9.9994667957848438e-01
max_c_ep_mixing_angles_polarization_04_local_minimum_247,C_e_p,polarization_cluster_04_local_minimum_247,cos(alpha_e)|+>+sin(alpha_e)|-> tensor cos(alpha_p)|+>+sin(alpha_p)|->,2.8871853906468412e+00,1.8275685926390008e+00,p_gamma_lepton,|+1-1+1>,6,1,1,-1,1.5077034968391181e+00,2.6562997652743734e-03,1.5077058367962060e+00,1.7618165789626068e-03,2.2731768903093474e+00,2.3588528728609634e-01,4,9.9994667957848438e-01
max_c_ep_mixing_angles_polarization_04_local_minimum_248,C_e_p,polarization_cluster_04_local_minimum_248,cos(alpha_e)|+>+sin(alpha_e)|-> tensor cos(alpha_p)|+>+sin(alpha_p)|->,1.7805624802235569e+00,2.9191375647003492e+00,p_gamma_lepton,|+1-1+1>,6,1,1,-1,1.0508928998888965e-02,-1.5154394487739598e-01,1.5190788267139699e-01,-1.5015614113734550e+00,2.3076004817706920e-02,2.6483780491750364e-01,1,9.9990795615250949e-01
max_c_ep_mixing_angles_polarization_04_local_minimum_248,C_e_p,polarization_cluster_04_local_minimum_248,cos(alpha_e)|+>+sin(alpha_e)|-> tensor cos(alpha_p)|+>+sin(alpha_p)|->,1.7805624802235569e+00,2.9191375647003492e+00,p_gamma_lepton,|-1-1-1>,0,-1,-1,-1,1.5789572247379775e-02,1.5104642612283792e-01,1.5186946182902328e-01,1.4666400522438177e+00,2.3064333436237157e-02,2.6470385525536649e-01,2,9.9990795615250949e-01
max_c_ep_mixing_angles_polarization_04_local_minimum_248,C_e_p,polarization_cluster_04_local_minimum_248,cos(alpha_e)|+>+sin(alpha_e)|-> tensor cos(alpha_p)|+>+sin(alpha_p)|->,1.7805624802235569e+00,2.9191375647003492e+00,p_gamma_lepton,|-1+1-1>,1,-1,-1,1,1.5482375536988162e-02,1.4233342575634841e-01,1.4317300038696640e-01,1.4624469184755178e+00,2.0498508039806271e-02,2.3525648899069504e-01,3,9.9990795615250949e-01
max_c_ep_mixing_angles_polarization_04_local_minimum_248,C_e_p,polarization_cluster_04_local_minimum_248,cos(alpha_e)|+>+sin(alpha_e)|-> tensor cos(alpha_p)|+>+sin(alpha_p)|->,1.7805624802235569e+00,2.9191375647003492e+00,p_gamma_lepton,|+1+1+1>,7,1,1,1,9.3896320447483719e-03,-1.4282003384199290e-01,1.4312835937215157e-01,-1.5051463029404408e+00,2.0485727256563769e-02,2.3510980698894429e-01,4,9.9990795615250949e-01
max_c_ep_mixing_angles_polarization_04_local_minimum_252,C_e_p,polarization_cluster_04_local_minimum_252,cos(alpha_e)|+>+sin(alpha_e)|-> tensor cos(alpha_p)|+>+sin(alpha_p)|->,2.0945780208832234e+00,2.5637115957231327e+00,p_gamma_lepton,|+1-1+1>,6,1,1,-1,1.4232488557765426e+00,2.6475107818686720e-02,1.4234950778991997e+00,1.8599737226319454e-02,2.0263382368032485e+00,2.7742951827014017e-01,1,9.9994470582633133e-01
max_c_ep_mixing_angles_polarization_04_local_minimum_252,C_e_p,polarization_cluster_04_local_minimum_252,cos(alpha_e)|+>+sin(alpha_e)|-> tensor cos(alpha_p)|+>+sin(alpha_p)|->,2.0945780208832234e+00,2.5637115957231327e+00,p_gamma_lepton,|-1-1-1>,0,-1,-1,-1,1.4231981954536408e+00,-2.6243465918429822e-02,1.4234401367974387e+00,-1.8437693446739338e-02,2.0261818230459112e+00,2.7740810338857658e-01,2,9.9994470582633133e-01
max_c_ep_mixing_angles_polarization_04_local_minimum_252,C_e_p,polarization_cluster_04_local_minimum_252,cos(alpha_e)|+>+sin(alpha_e)|-> tensor cos(alpha_p)|+>+sin(alpha_p)|->,2.0945780208832234e+00,2.5637115957231327e+00,p_gamma_lepton,|-1+1-1>,1,-1,-1,1,1.2748370358562098e+00,-2.3426207886579020e-02,1.2750522558729083e+00,-1.8373777175313199e-02,1.6257582552065923e+00,2.2258541114893965e-01,3,9.9994470582633133e-01
max_c_ep_mixing_angles_polarization_04_local_minimum_252,C_e_p,polarization_cluster_04_local_minimum_252,cos(alpha_e)|+>+sin(alpha_e)|-> tensor cos(alpha_p)|+>+sin(alpha_p)|->,2.0945780208832234e+00,2.5637115957231327e+00,p_gamma_lepton,|+1+1+1>,7,1,1,1,1.2746467347506212e+00,2.3841457438930441e-02,1.2748696849102785e+00,1.8702183934805942e-02,1.6252927135032329e+00,2.2252167301867495e-01,4,9.9994470582633133e-01
max_c_ep_mixing_angles_polarization_04_local_minimum_256,C_e_p,polarization_cluster_04_local_minimum_256,cos(alpha_e)|+>+sin(alpha_e)|-> tensor cos(alpha_p)|+>+sin(alpha_p)|->,1.8328024196880586e+00,2.8769401616056194e+00,p_gamma_lepton,|-1-1-1>,0,-1,-1,-1,-1.7523391364987051e+00,-6.0874490143448274e-03,1.7523497100580494e+00,-3.1381187686550764e+00,3.0707295063405300e+00,2.6420852198875611e-01,1,9.9994461915932331e-01
max_c_ep_mixing_angles_polarization_04_local_minimum_256,C_e_p,polarization_cluster_04_local_minimum_256,cos(alpha_e)|+>+sin(alpha_e)|-> tensor cos(alpha_p)|+>+sin(alpha_p)|->,1.8328024196880586e+00,2.8769401616056194e+00,p_gamma_lepton,|+1-1+1>,6,1,1,-1,-1.7518889385530243e+00,6.0231144482725480e-03,1.7518992924629255e+00,3.1381545984801411e+00,3.0691511309320991e+00,2.6407271704958973e-01,2,9.9994461915932331e-01
max_c_ep_mixing_angles_polarization_04_local_minimum_256,C_e_p,polarization_cluster_04_local_minimum_256,cos(alpha_e)|+>+sin(alpha_e)|-> tensor cos(alpha_p)|+>+sin(alpha_p)|->,1.8328024196880586e+00,2.8769401616056194e+00,p_gamma_lepton,|+1+1+1>,7,1,1,1,-1.6556903748635230e+00,5.4149590374477537e-03,1.6556992296903112e+00,3.1383221509564683e+00,2.7413399391970907e+00,2.3586752662795102e-01,3,9.9994461915932331e-01
max_c_ep_mixing_angles_polarization_04_local_minimum_256,C_e_p,polarization_cluster_04_local_minimum_256,cos(alpha_e)|+>+sin(alpha_e)|-> tensor cos(alpha_p)|+>+sin(alpha_p)|->,1.8328024196880586e+00,2.8769401616056194e+00,p_gamma_lepton,|-1+1-1>,1,-1,-1,1,-1.6554374238479832e+00,-5.8192047831258711e-03,1.6554476516703132e+00,-3.1380774613325730e+00,2.7405069274207552e+00,2.3579585349302642e-01,4,9.9994461915932331e-01
max_c_ep_mixing_angles_polarization_04_local_minimum_259,C_e_p,polarization_cluster_04_local_minimum_259,cos(alpha_e)|+>+sin(alpha_e)|-> tensor cos(alpha_p)|+>+sin(alpha_p)|->,2.1542061218363471e+00,2.5006110399532280e+00,p_gamma_lepton,|-1-1-1>,0,-1,-1,-1,-3.1347365439293831e+00,5.8105997272502111e-03,3.1347419292368430e+00,3.1397390391022704e+00,9.8266069629155250e+00,2.8691743378562690e-01,1,9.9971616089400428e-01
max_c_ep_mixing_angles_polarization_04_local_minimum_259,C_e_p,polarization_cluster_04_local_minimum_259,cos(alpha_e)|+>+sin(alpha_e)|-> tensor cos(alpha_p)|+>+sin(alpha_p)|->,2.1542061218363471e+00,2.5006110399532280e+00,p_gamma_lepton,|+1-1+1>,6,1,1,-1,-3.1329162774645738e+00,-5.6884755787207251e-03,3.1329214417787261e+00,-3.1397769429790845e+00,9.8151967603568924e+00,2.8658427850125945e-01,2,9.9971616089400428e-01
max_c_ep_mixing_angles_polarization_04_local_minimum_259,C_e_p,polarization_cluster_04_local_minimum_259,cos(alpha_e)|+>+sin(alpha_e)|-> tensor cos(alpha_p)|+>+sin(alpha_p)|->,2.1542061218363471e+00,2.5006110399532280e+00,p_gamma_lepton,|+1+1+1>,7,1,1,1,-2.7026886043787099e+00,-4.8241759322301811e-03,2.7026929098423231e+00,-3.1398077010795227e+00,7.3045489649119641e+00,2.1327834234983786e-01,3,9.9971616089400428e-01
max_c_ep_mixing_angles_polarization_04_local_minimum_259,C_e_p,polarization_cluster_04_local_minimum_259,cos(alpha_e)|+>+sin(alpha_e)|-> tensor cos(alpha_p)|+>+sin(alpha_p)|->,2.1542061218363471e+00,2.5006110399532280e+00,p_gamma_lepton,|-1+1-1>,1,-1,-1,1,-2.7005187710167320e+00,5.1109718512861134e-03,2.7005236074966987e+00,3.1397000669490946e+00,7.2928277546469840e+00,2.1293610625728004e-01,4,9.9971616089400428e-01
max_c_ep_mixing_angles_polarization_04_local_minimum_261,C_e_p,polarization_cluster_04_local_minimum_261,cos(alpha_e)|+>+sin(alpha_e)|-> tensor cos(alpha_p)|+>+sin(alpha_p)|->,2.1716863854200286e+00,2.4455472800971720e+00,p_gamma_lepton,|-1-1-1>,0,-1,-1,-1,1.9592568530546501e+00,-8.0014733179683516e-03,1.9592731917261741e+00,-4.0839100915884448e-03,3.8387514398168703e+00,2.9329886917892267e-01,1,9.9970994293178905e-01
max_c_ep_mixing_angles_polarization_04_local_minimum_261,C_e_p,polarization_cluster_04_local_minimum_261,cos(alpha_e)|+>+sin(alpha_e)|-> tensor cos(alpha_p)|+>+sin(alpha_p)|->,2.1716863854200286e+00,2.4455472800971720e+00,p_gamma_lepton,|+1-1+1>,6,1,1,-1,1.9581427614916511e+00,8.1598286781552343e-03,1.9581597629371834e+00,4.1671024235109665e-03,3.8343896571862062e+00,2.9296560823894391e-01,2,9.9970994293178905e-01
max_c_ep_mixing_angles_polarization_04_local_minimum_261,C_e_p,polarization_cluster_04_local_minimum_261,cos(alpha_e)|+>+sin(alpha_e)|-> tensor cos(alpha_p)|+>+sin(alpha_p)|->,2.1716863854200286e+00,2.4455472800971720e+00,p_gamma_lepton,|+1+1+1>,7,1,1,1,1.6455293343521880e+00,6.9277092744124491e-03,1.6455439171803790e+00,4.2099938303889403e-03,2.7078147833693458e+00,2.0688992928025740e-01,3,9.9970994293178905e-01
max_c_ep_mixing_angles_polarization_04_local_minimum_261,C_e_p,polarization_cluster_04_local_minimum_261,cos(alpha_e)|+>+sin(alpha_e)|-> tensor cos(alpha_p)|+>+sin(alpha_p)|->,2.1716863854200286e+00,2.4455472800971720e+00,p_gamma_lepton,|-1+1-1>,1,-1,-1,1,1.6442004247982800e+00,-6.5686075343757144e-03,1.6442135455930853e+00,-3.9949950689155481e-03,2.7034381835117856e+00,2.0655553623366507e-01,4,9.9970994293178905e-01
max_c_ep_mixing_angles_polarization_04_local_minimum_262,C_e_p,polarization_cluster_04_local_minimum_262,cos(alpha_e)|+>+sin(alpha_e)|-> tensor cos(alpha_p)|+>+sin(alpha_p)|->,2.1996337735053189e+00,2.3600587422116979e+00,p_gamma_lepton,|-1-1-1>,0,-1,-1,-1,1.1440187429893964e+00,-5.3463400630114509e-03,1.1440312354403215e+00,-4.6732635941884194e-03,1.3088074676631078e+00,3.2013587931564536e-01,1,9.9975360269168156e-01
max_c_ep_mixing_angles_polarization_04_local_minimum_262,C_e_p,polarization_cluster_04_local_minimum_262,cos(alpha_e)|+>+sin(alpha_e)|-> tensor cos(alpha_p)|+>+sin(alpha_p)|->,2.1996337735053189e+00,2.3600587422116979e+00,p_gamma_lepton,|+1-1+1>,6,1,1,-1,1.1431969449959896e+00,5.3719420277466038e-03,1.1432095664441027e+00,4.6990175335385265e-03,1.3069281128093131e+00,3.1967618686008509e-01,2,9.9975360269168156e-01
max_c_ep_mixing_angles_polarization_04_local_minimum_262,C_e_p,polarization_cluster_04_local_minimum_262,cos(alpha_e)|+>+sin(alpha_e)|-> tensor cos(alpha_p)|+>+sin(alpha_p)|->,2.1996337735053189e+00,2.3600587422116979e+00,p_gamma_lepton,|+1+1+1>,7,1,1,1,8.5829544465512098e-01,4.1291554982639152e-03,8.5830537703131093e-01,4.8108418477524912e-03,7.3668812024086083e-01,1.8019479945036812e-01,3,9.9975360269168156e-01
max_c_ep_mixing_angles_polarization_04_local_minimum_262,C_e_p,polarization_cluster_04_local_minimum_262,cos(alpha_e)|+>+sin(alpha_e)|-> tensor cos(alpha_p)|+>+sin(alpha_p)|->,2.1996337735053189e+00,2.3600587422116979e+00,p_gamma_lepton,|-1+1-1>,1,-1,-1,1,8.5722871966376557e-01,-3.9031579508161532e-03,8.5723760560206863e-01,-4.5531967004167105e-03,7.3485631245836791e-01,1.7974673706558306e-01,4,9.9975360269168156e-01
max_c_ep_mixing_angles_polarization_04_local_minimum_263,C_e_p,polarization_cluster_04_local_minimum_263,cos(alpha_e)|+>+sin(alpha_e)|-> tensor cos(alpha_p)|+>+sin(alpha_p)|->,2.9733916250941910e+00,1.7534169492949685e+00,p_gamma_lepton,|+1+1+1>,7,1,1,1,-4.0059946679315039e-01,1.3792386385099813e-03,4.0060184110183311e-01,3.1381497304130757e+00,1.6048183509417835e-01,2.6312424396257900e-01,1,9.9985846473316775e-01
max_c_ep_mixing_angles_polarization_04_local_minimum_263,C_e_p,polarization_cluster_04_local_minimum_263,cos(alpha_e)|+>+sin(alpha_e)|-> tensor cos(alpha_p)|+>+sin(alpha_p)|->,2.9733916250941910e+00,1.7534169492949685e+00,p_gamma_lepton,|-1+1-1>,1,-1,-1,1,-4.0054159398167893e-01,-1.4079023386708580e-03,4.0054406835999878e-01,-3.1380776714716747e+00,1.6043555069837939e-01,2.6304835657853504e-01,2,9.9985846473316775e-01
max_c_ep_mixing_angles_polarization_04_local_minimum_263,C_e_p,polarization_cluster_04_local_minimum_263,cos(alpha_e)|+>+sin(alpha_e)|-> tensor cos(alpha_p)|+>+sin(alpha_p)|->,2.9733916250941910e+00,1.7534169492949685e+00,p_gamma_lepton,|-1-1-1>,0,-1,-1,-1,-3.8012641207514508e-01,-1.3663685568166275e-03,3.8012886778059368e-01,-3.1379981581042591e+00,1.4449795612015606e-01,2.3691725257217741e-01,3,9.9985846473316775e-01
max_c_ep_mixing_angles_polarization_04_local_minimum_263,C_e_p,polarization_cluster_04_local_minimum_263,cos(alpha_e)|+>+sin(alpha_e)|-> tensor cos(alpha_p)|+>+sin(alpha_p)|->,2.9733916250941910e+00,1.7534169492949685e+00,p_gamma_lepton,|+1-1+1>,6,1,1,-1,-3.8000737043621430e-01,1.3027221700992024e-03,3.8000960339299145e-01,3.1381645172740389e+00,1.4440729867089866e-01,2.3676861161987628e-01,4,9.9985846473316775e-01
max_c_ep_mixing_angles_polarization_04_local_minimum_264,C_e_p,polarization_cluster_04_local_minimum_264,cos(alpha_e)|+>+sin(alpha_e)|-> tensor cos(alpha_p)|+>+sin(alpha_p)|->,2.7706889426204118e+00,1.9523125909503849e+00,p_gamma_lepton,|-1+1-1>,1,-1,-1,1,3.9988456159435097e+00,8.6579990609513286e-03,3.9988549887559519e+00,2.1651212283821681e-03,1.5990841221098368e+01,2.6776149559020140e-01,1,9.9986383936312584e-01
max_c_ep_mixing_angles_polarization_04_local_minimum_264,C_e_p,polarization_cluster_04_local_minimum_264,cos(alpha_e)|+>+sin(alpha_e)|-> tensor cos(alpha_p)|+>+sin(alpha_p)|->,2.7706889426204118e+00,1.9523125909503849e+00,p_gamma_lepton,|+1+1+1>,7,1,1,1,3.9986424082762606e+00,-8.3006430315136874e-03,3.9986510237754072e+00,-2.0758623204901075e-03,1.5989210009940107e+01,2.6773418148375006e-01,2,9.9986383936312584e-01
max_c_ep_mixing_angles_polarization_04_local_minimum_264,C_e_p,polarization_cluster_04_local_minimum_264,cos(alpha_e)|+>+sin(alpha_e)|-> tensor cos(alpha_p)|+>+sin(alpha_p)|->,2.7706889426204118e+00,1.9523125909503849e+00,p_gamma_lepton,|+1-1+1>,6,1,1,-1,3.7238469949740063e+00,-7.8102944881500835e-03,3.7238551855136537e+00,-2.0973694800834643e-03,1.3867097442676927e+01,2.3220008875125270e-01,3,9.9986383936312584e-01
max_c_ep_mixing_angles_polarization_04_local_minimum_264,C_e_p,polarization_cluster_04_local_minimum_264,cos(alpha_e)|+>+sin(alpha_e)|-> tensor cos(alpha_p)|+>+sin(alpha_p)|->,2.7706889426204118e+00,1.9523125909503849e+00,p_gamma_lepton,|-1-1-1>,0,-1,-1,-1,3.7235912995799900e+00,7.3015695960013810e-03,3.7235984583768378e+00,1.9608919589020036e-03,1.3865185479226364e+01,2.3216807353792163e-01,4,9.9986383936312584e-01
max_c_ep_mixing_angles_polarization_04_local_minimum_266,C_e_p,polarization_cluster_04_local_minimum_266,cos(alpha_e)|+>+sin(alpha_e)|-> tensor cos(alpha_p)|+>+sin(alpha_p)|->,2.9665686375721765e+00,1.7468928687640277e+00,p_gamma_lepton,|+1+1+1>,7,1,1,1,5.0806806738190491e-01,-8.9950030159473282e-04,5.0806886363363823e-01,-1.7704308133833372e-03,2.5813397019397649e-01,2.6317004434136726e-01,1,9.9997381488295101e-01
max_c_ep_mixing_angles_polarization_04_local_minimum_266,C_e_p,polarization_cluster_04_local_minimum_266,cos(alpha_e)|+>+sin(alpha_e)|-> tensor cos(alpha_p)|+>+sin(alpha_p)|->,2.9665686375721765e+00,1.7468928687640277e+00,p_gamma_lepton,|-1+1-1>,1,-1,-1,1,5.0793420804853573e-01,9.0417599333841446e-04,5.0793501281179665e-01,1.7801026667832703e-03,2.5799797724012014e-01,2.6303139822799598e-01,2,9.9997381488295101e-01
max_c_ep_mixing_angles_polarization_04_local_minimum_266,C_e_p,polarization_cluster_04_local_minimum_266,cos(alpha_e)|+>+sin(alpha_e)|-> tensor cos(alpha_p)|+>+sin(alpha_p)|->,2.9665686375721765e+00,1.7468928687640277e+00,p_gamma_lepton,|-1-1-1>,0,-1,-1,-1,4.8208117952074375e-01,8.0620273081875209e-04,4.8208185364204981e-01,1.6723365555329558e-03,2.3240291361095466e-01,2.3693698676736608e-01,3,9.9997381488295101e-01
max_c_ep_mixing_angles_polarization_04_local_minimum_266,C_e_p,polarization_cluster_04_local_minimum_266,cos(alpha_e)|+>+sin(alpha_e)|-> tensor cos(alpha_p)|+>+sin(alpha_p)|->,2.9665686375721765e+00,1.7468928687640277e+00,p_gamma_lepton,|+1-1+1>,6,1,1,-1,4.8197771062661565e-01,-8.6203831064418960e-04,4.8197848152269485e-01,-1.7885420268435642e-03,2.3230325665092258e-01,2.3683538554622166e-01,4,9.9997381488295101e-01
max_c_ep_mixing_angles_polarization_04_local_minimum_269,C_e_p,polarization_cluster_04_local_minimum_269,cos(alpha_e)|+>+sin(alpha_e)|-> tensor cos(alpha_p)|+>+sin(alpha_p)|->,2.0811982355749499e+00,2.5935370080385645e+00,p_gamma_lepton,|+1-1+1>,6,1,1,-1,-4.3840380092945006e+00,-1.0923512295871891e-02,4.3840516180879723e+00,-3.1391010032740008e+00,1.9219908590059759e+01,2.7906037928907418e-01,1,9.9972011485633094e-01
max_c_ep_mixing_angles_polarization_04_local_minimum_269,C_e_p,polarization_cluster_04_local_minimum_269,cos(alpha_e)|+>+sin(alpha_e)|-> tensor cos(alpha_p)|+>+sin(alpha_p)|->,2.0811982355749499e+00,2.5935370080385645e+00,p_gamma_lepton,|-1-1-1>,0,-1,-1,-1,-4.3837028903957265e+00,1.1253789423690144e-02,4.3837173356684671e+00,3.1390254712367383e+00,1.9216977679040237e+01,2.7901782439673750e-01,2,9.9972011485633094e-01
max_c_ep_mixing_angles_polarization_04_local_minimum_269,C_e_p,polarization_cluster_04_local_minimum_269,cos(alpha_e)|+>+sin(alpha_e)|-> tensor cos(alpha_p)|+>+sin(alpha_p)|->,2.0811982355749499e+00,2.5935370080385645e+00,p_gamma_lepton,|-1+1-1>,1,-1,-1,1,-3.9000992431613395e+00,1.0200230643798507e-02,3.9001125818638673e+00,3.1389772823515920e+00,1.5210878151212837e+01,2.2085190500815735e-01,3,9.9972011485633094e-01
max_c_ep_mixing_angles_polarization_04_local_minimum_269,C_e_p,polarization_cluster_04_local_minimum_269,cos(alpha_e)|+>+sin(alpha_e)|-> tensor cos(alpha_p)|+>+sin(alpha_p)|->,2.0811982355749499e+00,2.5935370080385645e+00,p_gamma_lepton,|+1+1+1>,7,1,1,1,-3.8995542654751145e+00,-9.5646228527792223e-03,3.8995659952609438e+00,-3.1391399107834261e+00,1.5206614951395476e+01,2.2079000616236194e-01,4,9.9972011485633094e-01
max_c_ep_mixing_angles_polarization_04_local_minimum_270,C_e_p,polarization_cluster_04_local_minimum_270,cos(alpha_e)|+>+sin(alpha_e)|-> tensor cos(alpha_p)|+>+sin(alpha_p)|->,2.5132819219068860e+00,2.3455920418287488e+00,p_gamma_lepton,|+1+1+1>,7,1,1,1,-1.2513752108371623e+00,1.8560323383246386e-03,1.2513765872645186e+00,3.1401094605704287e+00,1.5659433631537933e+00,3.1713247714419257e-01,1,9.9973799063660784e-01
max_c_ep_mixing_angles_polarization_04_local_minimum_270,C_e_p,polarization_cluster_04_local_minimum_270,cos(alpha_e)|+>+sin(alpha_e)|-> tensor cos(alpha_p)|+>+sin(alpha_p)|->,2.5132819219068860e+00,2.3455920418287488e+00,p_gamma_lepton,|-1+1-1>,1,-1,-1,1,-1.2506118878553474e+00,-1.8621582435977804e-03,1.2506132742292639e+00,-3.1401036569750342e+00,1.5640335616784402e+00,3.1674570704318933e-01,2,9.9973799063660784e-01
max_c_ep_mixing_angles_polarization_04_local_minimum_270,C_e_p,polarization_cluster_04_local_minimum_270,cos(alpha_e)|+>+sin(alpha_e)|-> tensor cos(alpha_p)|+>+sin(alpha_p)|->,2.5132819219068860e+00,2.3455920418287488e+00,p_gamma_lepton,|-1-1-1>,0,-1,-1,-1,-9.5099812735928801e-01,-1.4531281671967967e-03,9.5099923755087357e-01,-3.1400646515943369e+00,9.0439954982234305e-01,1.8315762645822067e-01,3,9.9973799063660784e-01
max_c_ep_mixing_angles_polarization_04_local_minimum_270,C_e_p,polarization_cluster_04_local_minimum_270,cos(alpha_e)|+>+sin(alpha_e)|-> tensor cos(alpha_p)|+>+sin(alpha_p)|->,2.5132819219068860e+00,2.3455920418287488e+00,p_gamma_lepton,|+1-1+1>,6,1,1,-1,-9.4981510987496987e-01,1.3761562618128640e-03,9.4981610680850115e-01,3.1401437870845585e+00,9.0215063675285789e-01,1.8270217999100527e-01,4,9.9973799063660784e-01
max_c_ep_mixing_angles_polarization_04_local_minimum_271,C_e_p,polarization_cluster_04_local_minimum_271,cos(alpha_e)|+>+sin(alpha_e)|-> tensor cos(alpha_p)|+>+sin(alpha_p)|->,2.7780030503199495e+00,1.9591928532718255e+00,p_gamma_lepton,|-1+1-1>,1,-1,-1,1,8.8436208822864792e-01,-4.2857706105009480e-01,9.8273831733298744e-01,-4.5126579478334133e-01,9.6577460035447127e-01,2.6816938742489355e-01,1,9.9999964819208209e-01
max_c_ep_mixing_angles_polarization_04_local_minimum_271,C_e_p,polarization_cluster_04_local_minimum_271,cos(alpha_e)|+>+sin(alpha_e)|-> tensor cos(alpha_p)|+>+sin(alpha_p)|->,2.7780030503199495e+00,1.9591928532718255e+00,p_gamma_lepton,|+1+1+1>,7,1,1,1,8.8440228472247262e-01,4.2843084696374339e-01,9.8271073661194930e-01,4.5111406413828842e-01,9.6572039185240022e-01,2.6815433519553461e-01,2,9.9999964819208209e-01
max_c_ep_mixing_angles_polarization_04_local_minimum_271,C_e_p,polarization_cluster_04_local_minimum_271,cos(alpha_e)|+>+sin(alpha_e)|-> tensor cos(alpha_p)|+>+sin(alpha_p)|->,2.7780030503199495e+00,1.9591928532718255e+00,p_gamma_lepton,|+1-1+1>,6,1,1,-1,8.2235832619012483e-01,3.9834902975367453e-01,9.1375881180972351e-01,4.5108858176598782e-01,8.3495516615991749e-01,2.3184438206821045e-01,3,9.9999964819208209e-01
max_c_ep_mixing_angles_polarization_04_local_minimum_271,C_e_p,polarization_cluster_04_local_minimum_271,cos(alpha_e)|+>+sin(alpha_e)|-> tensor cos(alpha_p)|+>+sin(alpha_p)|->,2.7780030503199495e+00,1.9591928532718255e+00,p_gamma_lepton,|-1-1-1>,0,-1,-1,-1,8.2232572560998962e-01,-3.9835829458133776e-01,9.1373351140348780e-01,-4.5111326092124954e-01,8.3490892986174792e-01,2.3183154350344351e-01,4,9.9999964819208209e-01
max_c_ep_mixing_angles_polarization_04_local_minimum_277,C_e_p,polarization_cluster_04_local_minimum_277,cos(alpha_e)|+>+sin(alpha_e)|-> tensor cos(alpha_p)|+>+sin(alpha_p)|->,2.5538775113197363e+00,2.2186691472786726e+00,p_gamma_lepton,|+1+1+1>,7,1,1,1,3.1246305179977254e+00,-1.1979866345729196e-02,3.1246534833802606e+00,-3.8339917559368714e-03,9.7634593912003940e+00,2.8813964705730766e-01,1,9.9970860344336787e-01
max_c_ep_mixing_angles_polarization_04_local_minimum_277,C_e_p,polarization_cluster_04_local_minimum_277,cos(alpha_e)|+>+sin(alpha_e)|-> tensor cos(alpha_p)|+>+sin(alpha_p)|->,2.5538775113197363e+00,2.2186691472786726e+00,p_gamma_lepton,|-1+1-1>,1,-1,-1,1,3.1227040651786138e+00,1.1831330173312591e-02,3.1227264784250170e+00,3.7887911610059968e-03,9.7514206590567092e+00,2.8778435945975539e-01,2,9.9970860344336787e-01
max_c_ep_mixing_angles_polarization_04_local_minimum_277,C_e_p,polarization_cluster_04_local_minimum_277,cos(alpha_e)|+>+sin(alpha_e)|-> tensor cos(alpha_p)|+>+sin(alpha_p)|->,2.5538775113197363e+00,2.2186691472786726e+00,p_gamma_lepton,|-1-1-1>,0,-1,-1,-1,2.6806166860595568e+00,9.8947785486261739e-03,2.6806349479598013e+00,3.6912154061495895e-03,7.1858037242234465e+00,2.1206775856382865e-01,3,9.9970860344336787e-01
max_c_ep_mixing_angles_polarization_04_local_minimum_277,C_e_p,polarization_cluster_04_local_minimum_277,cos(alpha_e)|+>+sin(alpha_e)|-> tensor cos(alpha_p)|+>+sin(alpha_p)|->,2.5538775113197363e+00,2.2186691472786726e+00,p_gamma_lepton,|+1-1+1>,6,1,1,-1,2.6783957151146462e+00,-1.0458118533807213e-02,2.6784161325282829e+00,-3.9046005513329114e-03,7.1739129789877669e+00,2.1171683836247615e-01,4,9.9970860344336787e-01
max_c_ep_mixing_angles_polarization_04_local_minimum_280,C_e_p,polarization_cluster_04_local_minimum_280,cos(alpha_e)|+>+sin(alpha_e)|-> tensor cos(alpha_p)|+>+sin(alpha_p)|->,1.8531761635988193e+00,2.8427229875040885e+00,p_gamma_lepton,|-1-1-1>,0,-1,-1,-1,3.0591793807139250e-01,6.6693033721142037e-01,7.3374509165430957e-01,1.1407348025940653e+00,5.3838185952679130e-01,2.6503203278252341e-01,1,9.9999951866371206e-01
max_c_ep_mixing_angles_polarization_04_local_minimum_280,C_e_p,polarization_cluster_04_local_minimum_280,cos(alpha_e)|+>+sin(alpha_e)|-> tensor cos(alpha_p)|+>+sin(alpha_p)|->,1.8531761635988193e+00,2.8427229875040885e+00,p_gamma_lepton,|+1-1+1>,6,1,1,-1,3.0557711057955433e-01,-6.6705810840131696e-01,7.3371921774892357e-01,-1.1412296281409651e+00,5.3834389049409237e-01,2.6501334156969569e-01,2,9.9999951866371206e-01
max_c_ep_mixing_angles_polarization_04_local_minimum_280,C_e_p,polarization_cluster_04_local_minimum_280,cos(alpha_e)|+>+sin(alpha_e)|-> tensor cos(alpha_p)|+>+sin(alpha_p)|->,1.8531761635988193e+00,2.8427229875040885e+00,p_gamma_lepton,|+1+1+1>,7,1,1,1,2.8773713201646212e-01,-6.2815436853553630e-01,6.9092008789102177e-01,-1.1412537136399681e+00,4.7737056785133741e-01,2.3499768751382230e-01,3,9.9999951866371206e-01
max_c_ep_mixing_angles_polarization_04_local_minimum_280,C_e_p,polarization_cluster_04_local_minimum_280,cos(alpha_e)|+>+sin(alpha_e)|-> tensor cos(alpha_p)|+>+sin(alpha_p)|->,1.8531761635988193e+00,2.8427229875040885e+00,p_gamma_lepton,|-1+1-1>,1,-1,-1,1,2.8808877740853228e-01,6.2792648356399139e-01,6.9085947372080125e-01,1.1406535850879649e+00,4.7728681242978233e-01,2.3495645679767072e-01,4,9.9999951866371206e-01
max_c_ep_mixing_angles_polarization_04_local_minimum_287,C_e_p,polarization_cluster_04_local_minimum_287,cos(alpha_e)|+>+sin(alpha_e)|-> tensor cos(alpha_p)|+>+sin(alpha_p)|->,2.1977673879998032e+00,2.3687482852508364e+00,p_gamma_lepton,|-1-1-1>,0,-1,-1,-1,1.2912326179226403e+00,-1.2727560968559124e-02,1.2912953435971044e+00,-9.8565886722930523e-03,1.6674436643955635e+00,3.1660059200162055e-01,1,9.9972814117501763e-01
max_c_ep_mixing_angles_polarization_04_local_minimum_287,C_e_p,polarization_cluster_04_local_minimum_287,cos(alpha_e)|+>+sin(alpha_e)|-> tensor cos(alpha_p)|+>+sin(alpha_p)|->,2.1977673879998032e+00,2.3687482852508364e+00,p_gamma_lepton,|+1-1+1>,6,1,1,-1,1.2909993805788171e+00,1.2798203245537943e-02,1.2910628159238433e+00,9.9130830054513421e-03,1.6668431946612032e+00,3.1648657970996907e-01,2,9.9972814117501763e-01
max_c_ep_mixing_angles_polarization_04_local_minimum_287,C_e_p,polarization_cluster_04_local_minimum_287,cos(alpha_e)|+>+sin(alpha_e)|-> tensor cos(alpha_p)|+>+sin(alpha_p)|->,2.1977673879998032e+00,2.3687482852508364e+00,p_gamma_lepton,|+1+1+1>,7,1,1,1,9.8270041032792133e-01,9.9838882271089391e-03,9.8275112540398357e-01,1.0159296400458298e-02,9.6579977448279641e-01,1.8337817755727626e-01,3,9.9972814117501763e-01
max_c_ep_mixing_angles_polarization_04_local_minimum_287,C_e_p,polarization_cluster_04_local_minimum_287,cos(alpha_e)|+>+sin(alpha_e)|-> tensor cos(alpha_p)|+>+sin(alpha_p)|->,2.1977673879998032e+00,2.3687482852508364e+00,p_gamma_lepton,|-1+1-1>,1,-1,-1,1,9.8239657644356171e-01,-9.4360083530703343e-03,9.8244189225707901e-01,-9.6047954702723724e-03,9.6519207166167009e-01,1.8326279190615177e-01,4,9.9972814117501763e-01
max_c_ep_mixing_angles_polarization_04_local_minimum_297,C_e_p,polarization_cluster_04_local_minimum_297,cos(alpha_e)|+>+sin(alpha_e)|-> tensor cos(alpha_p)|+>+sin(alpha_p)|->,1.9400790207478367e+00,2.7639138622940944e+00,p_gamma_lepton,|-1-1-1>,0,-1,-1,-1,-4.7511957106323175e+00,3.5462854825136455e-03,4.7511970341032645e+00,3.1408462552008531e+00,2.2573873256871657e+01,2.6664995989523066e-01,1,9.9987300241143262e-01
max_c_ep_mixing_angles_polarization_04_local_minimum_297,C_e_p,polarization_cluster_04_local_minimum_297,cos(alpha_e)|+>+sin(alpha_e)|-> tensor cos(alpha_p)|+>+sin(alpha_p)|->,1.9400790207478367e+00,2.7639138622940944e+00,p_gamma_lepton,|+1-1+1>,6,1,1,-1,-4.7509633108842531e+00,-3.2887922241616224e-03,4.7509644491958216e+00,-3.1409004167772490e+00,2.2571663197522557e+01,2.6662385395275029e-01,2,9.9987300241143262e-01
max_c_ep_mixing_angles_polarization_04_local_minimum_297,C_e_p,polarization_cluster_04_local_minimum_297,cos(alpha_e)|+>+sin(alpha_e)|-> tensor cos(alpha_p)|+>+sin(alpha_p)|->,1.9400790207478367e+00,2.7639138622940944e+00,p_gamma_lepton,|+1+1+1>,7,1,1,1,-4.4444099619781712e+00,-3.1241747906071596e-03,4.4444110600392186e+00,-3.1408897089238534e+00,1.9752789670598929e+01,2.3332639966341584e-01,3,9.9987300241143262e-01
max_c_ep_mixing_angles_polarization_04_local_minimum_297,C_e_p,polarization_cluster_04_local_minimum_297,cos(alpha_e)|+>+sin(alpha_e)|-> tensor cos(alpha_p)|+>+sin(alpha_p)|->,1.9400790207478367e+00,2.7639138622940944e+00,p_gamma_lepton,|-1+1-1>,1,-1,-1,1,-4.4438991613886802e+00,3.3719430309402739e-03,4.4439004406704274e+00,3.1408338734596972e+00,1.9748251126590819e+01,2.3327278890003580e-01,4,9.9987300241143262e-01
max_c_ep_mixing_angles_polarization_04_local_minimum_300,C_e_p,polarization_cluster_04_local_minimum_300,cos(alpha_e)|+>+sin(alpha_e)|-> tensor cos(alpha_p)|+>+sin(alpha_p)|->,2.1849422947179340e+00,2.4383495187735584e+00,p_gamma_lepton,|-1-1-1>,0,-1,-1,-1,-1.4711847284963637e+00,3.3794523716020298e-03,1.4711886099542952e+00,3.1392955617548250e+00,2.1643959260592514e+00,3.0040183283737248e-01,1,9.9982212592524822e-01
max_c_ep_mixing_angles_polarization_04_local_minimum_300,C_e_p,polarization_cluster_04_local_minimum_300,cos(alpha_e)|+>+sin(alpha_e)|-> tensor cos(alpha_p)|+>+sin(alpha_p)|->,2.1849422947179340e+00,2.4383495187735584e+00,p_gamma_lepton,|+1-1+1>,6,1,1,-1,-1.4704231160298731e+00,-3.3440555430842367e-03,1.4704269185724521e+00,-3.1393184443901117e+00,2.1621553228624766e+00,3.0009085401003849e-01,2,9.9982212592524822e-01
max_c_ep_mixing_angles_polarization_04_local_minimum_300,C_e_p,polarization_cluster_04_local_minimum_300,cos(alpha_e)|+>+sin(alpha_e)|-> tensor cos(alpha_p)|+>+sin(alpha_p)|->,2.1849422947179340e+00,2.4383495187735584e+00,p_gamma_lepton,|+1+1+1>,7,1,1,1,-1.1998905442650145e+00,-2.6828366742023923e-03,1.1998935435400979e+00,-3.1393567561437208e+00,1.4397445158292135e+00,1.9982568169037077e-01,3,9.9982212592524822e-01
max_c_ep_mixing_angles_polarization_04_local_minimum_300,C_e_p,polarization_cluster_04_local_minimum_300,cos(alpha_e)|+>+sin(alpha_e)|-> tensor cos(alpha_p)|+>+sin(alpha_p)|->,2.1849422947179340e+00,2.4383495187735584e+00,p_gamma_lepton,|-1+1-1>,1,-1,-1,1,-1.1989233595979980e+00,2.7979036712534279e-03,1.1989266242997125e+00,3.1392589776548934e+00,1.4374250504547041e+00,1.9950375738746651e-01,4,9.9982212592524822e-01
max_c_ep_mixing_angles_polarization_04_local_minimum_305,C_e_p,polarization_cluster_04_local_minimum_305,cos(alpha_e)|+>+sin(alpha_e)|-> tensor cos(alpha_p)|+>+sin(alpha_p)|->,2.6774445393635622e+00,2.0692867822126493e+00,p_gamma_lepton,|-1+1-1>,1,-1,-1,1,3.7432195661543837e+00,1.8269025538572882e-03,3.7432200119701693e+00,4.8805643818501860e-04,1.4011696058013955e+01,2.7880071993131539e-01,1,9.9975573409316687e-01
max_c_ep_mixing_angles_polarization_04_local_minimum_305,C_e_p,polarization_cluster_04_local_minimum_305,cos(alpha_e)|+>+sin(alpha_e)|-> tensor cos(alpha_p)|+>+sin(alpha_p)|->,2.6774445393635622e+00,2.0692867822126493e+00,p_gamma_lepton,|+1+1+1>,7,1,1,1,3.7431990466734608e+00,-1.9655231855587041e-03,3.7431995627134946e+00,-5.2509176787161795e-04,1.4011542966298501e+01,2.7879767375615522e-01,2,9.9975573409316687e-01
max_c_ep_mixing_angles_polarization_04_local_minimum_305,C_e_p,polarization_cluster_04_local_minimum_305,cos(alpha_e)|+>+sin(alpha_e)|-> tensor cos(alpha_p)|+>+sin(alpha_p)|->,2.6774445393635622e+00,2.0692867822126493e+00,p_gamma_lepton,|+1-1+1>,6,1,1,-1,3.3333618574480224e+00,-1.7920702309231864e-03,3.3333623391712224e+00,-5.3761641697079512e-04,1.1111304484205041e+01,2.2108955809105044e-01,3,9.9975573409316687e-01
max_c_ep_mixing_angles_polarization_04_local_minimum_305,C_e_p,polarization_cluster_04_local_minimum_305,cos(alpha_e)|+>+sin(alpha_e)|-> tensor cos(alpha_p)|+>+sin(alpha_p)|->,2.6774445393635622e+00,2.0692867822126493e+00,p_gamma_lepton,|-1-1-1>,0,-1,-1,-1,3.3331977603930958e+00,1.6698725366674982e-03,3.3331981786812253e+00,5.0098209497396356e-04,1.1110210098363840e+01,2.2106778231464577e-01,4,9.9975573409316687e-01
max_c_ep_mixing_angles_polarization_04_local_minimum_306,C_e_p,polarization_cluster_04_local_minimum_306,cos(alpha_e)|+>+sin(alpha_e)|-> tensor cos(alpha_p)|+>+sin(alpha_p)|->,2.1668690275912530e+00,2.4792136780052316e+00,p_gamma_lepton,|-1-1-1>,0,-1,-1,-1,-3.1702472221868656e+00,-3.1351578677015629e-03,3.1702487724149337e+00,-3.1406037222459808e+00,1.0050477278998395e+01,2.9095281550737007e-01,1,9.9969101569034480e-01
max_c_ep_mixing_angles_polarization_04_local_minimum_306,C_e_p,polarization_cluster_04_local_minimum_306,cos(alpha_e)|+>+sin(alpha_e)|-> tensor cos(alpha_p)|+>+sin(alpha_p)|->,2.1668690275912530e+00,2.4792136780052316e+00,p_gamma_lepton,|+1-1+1>,6,1,1,-1,-3.1689881655663354e+00,3.1296365047309670e-03,3.1689897109527099e+00,3.1406050716476224e+00,1.0042495788124137e+01,2.9072175809812001e-01,2,9.9969101569034480e-01
max_c_ep_mixing_angles_polarization_04_local_minimum_306,C_e_p,polarization_cluster_04_local_minimum_306,cos(alpha_e)|+>+sin(alpha_e)|-> tensor cos(alpha_p)|+>+sin(alpha_p)|->,2.1668690275912530e+00,2.4792136780052316e+00,p_gamma_lepton,|+1+1+1>,7,1,1,1,-2.6876646927323682e+00,2.5573837128791792e-03,2.6876659094410584e+00,3.1406411275501149e+00,7.2235480407716297e+00,2.0911560536602730e-01,3,9.9969101569034480e-01
max_c_ep_mixing_angles_polarization_04_local_minimum_306,C_e_p,polarization_cluster_04_local_minimum_306,cos(alpha_e)|+>+sin(alpha_e)|-> tensor cos(alpha_p)|+>+sin(alpha_p)|->,2.1668690275912530e+00,2.4792136780052316e+00,p_gamma_lepton,|-1+1-1>,1,-1,-1,1,-2.6862840358052003e+00,-2.7012691813919111e-03,2.6862853939738169e+00,-3.1405870755366569e+00,7.2161292178770653e+00,2.0890083671882739e-01,4,9.9969101569034480e-01
max_c_ep_mixing_angles_polarization_04_local_minimum_312,C_e_p,polarization_cluster_04_local_minimum_312,cos(alpha_e)|+>+sin(alpha_e)|-> tensor cos(alpha_p)|+>+sin(alpha_p)|->,2.1124219759059963e+00,2.5536626756202265e+00,p_gamma_lepton,|+1-1+1>,6,1,1,-1,-4.3822316234798908e+00,1.5215375285468548e-03,4.3822318876234343e+00,3.1412454475089340e+00,1.9203956316903657e+01,2.8273226825778025e-01,1,9.9968587713214685e-01
max_c_ep_mixing_angles_polarization_04_local_minimum_312,C_e_p,polarization_cluster_04_local_minimum_312,cos(alpha_e)|+>+sin(alpha_e)|-> tensor cos(alpha_p)|+>+sin(alpha_p)|->,2.1124219759059963e+00,2.5536626756202265e+00,p_gamma_lepton,|-1-1-1>,0,-1,-1,-1,-4.3806390395233636e+00,-1.5002295268566454e-03,4.3806392964138023e+00,-3.1412501854122810e+00,1.9190000645284805e+01,2.8252680441341677e-01,2,9.9968587713214685e-01
max_c_ep_mixing_angles_polarization_04_local_minimum_312,C_e_p,polarization_cluster_04_local_minimum_312,cos(alpha_e)|+>+sin(alpha_e)|-> tensor cos(alpha_p)|+>+sin(alpha_p)|->,2.1124219759059963e+00,2.5536626756202265e+00,p_gamma_lepton,|-1+1-1>,1,-1,-1,1,-3.8424160827912113e+00,-1.3280621651178884e-03,3.8424163123016317e+00,-3.1412470215490100e+00,1.4764163117041671e+01,2.1736694554625466e-01,3,9.9968587713214685e-01
max_c_ep_mixing_angles_polarization_04_local_minimum_312,C_e_p,polarization_cluster_04_local_minimum_312,cos(alpha_e)|+>+sin(alpha_e)|-> tensor cos(alpha_p)|+>+sin(alpha_p)|->,2.1124219759059963e+00,2.5536626756202265e+00,p_gamma_lepton,|+1+1+1>,7,1,1,1,-3.8397009472087396e+00,1.2574292744275970e-03,3.8397011531008598e+00,3.1412651725576075e+00,1.4743304945124072e+01,2.1705985891469518e-01,4,9.9968587713214685e-01
max_c_ep_mixing_angles_polarization_04_local_minimum_315,C_e_p,polarization_cluster_04_local_minimum_315,cos(alpha_e)|+>+sin(alpha_e)|-> tensor cos(alpha_p)|+>+sin(alpha_p)|->,2.9749198228833267e+00,1.7467941867952768e+00,p_gamma_lepton,|+1+1+1>,7,1,1,1,-8.0387418935063348e-02,-2.0935295100706217e-01,2.2425609293485596e-01,-1.9374168407421961e+00,5.0290795218406750e-02,2.6403772275815440e-01,1,9.9999944137680374e-01
max_c_ep_mixing_angles_polarization_04_local_minimum_315,C_e_p,polarization_cluster_04_local_minimum_315,cos(alpha_e)|+>+sin(alpha_e)|-> tensor cos(alpha_p)|+>+sin(alpha_p)|->,2.9749198228833267e+00,1.7467941867952768e+00,p_gamma_lepton,|-1+1-1>,1,-1,-1,1,-8.0324665267514514e-02,2.0937444439803859e-01,2.2425367291825032e-01,1.9371212473978461e+00,5.0289709817325598e-02,2.6403202416403787e-01,2,9.9999944137680374e-01
max_c_ep_mixing_angles_polarization_04_local_minimum_315,C_e_p,polarization_cluster_04_local_minimum_315,cos(alpha_e)|+>+sin(alpha_e)|-> tensor cos(alpha_p)|+>+sin(alpha_p)|->,2.9749198228833267e+00,1.7467941867952768e+00,p_gamma_lepton,|+1-1+1>,6,1,1,-1,-7.6002295898170369e-02,-1.9792420887308143e-01,2.1201495569847945e-01,-1.9374313243718480e+00,4.4950341439828213e-02,2.3599916723189460e-01,3,9.9999944137680374e-01
max_c_ep_mixing_angles_polarization_04_local_minimum_315,C_e_p,polarization_cluster_04_local_minimum_315,cos(alpha_e)|+>+sin(alpha_e)|-> tensor cos(alpha_p)|+>+sin(alpha_p)|->,2.9749198228833267e+00,1.7467941867952768e+00,p_gamma_lepton,|-1-1-1>,0,-1,-1,-1,-7.5977360367376470e-02,1.9790075394253984e-01,2.1198412133794334e-01,1.9373611764015093e+00,4.4937267699419886e-02,2.3593052722271687e-01,4,9.9999944137680374e-01
max_c_ep_mixing_angles_polarization_04_local_minimum_317,C_e_p,polarization_cluster_04_local_minimum_317,cos(alpha_e)|+>+sin(alpha_e)|-> tensor cos(alpha_p)|+>+sin(alpha_p)|->,2.5543948950616326e+00,2.2190818366733480e+00,p_gamma_lepton,|+1+1+1>,7,1,1,1,2.5774132646560792e+00,-4.7067639647253804e-03,2.5774175622999329e+00,-1.8261560135338299e-03,6.6430812904521259e+00,2.8828418794348459e-01,1,9.9974483642686929e-01
max_c_ep_mixing_angles_polarization_04_local_minimum_317,C_e_p,polarization_cluster_04_local_minimum_317,cos(alpha_e)|+>+sin(alpha_e)|-> tensor cos(alpha_p)|+>+sin(alpha_p)|->,2.5543948950616326e+00,2.2190818366733480e+00,p_gamma_lepton,|-1+1-1>,1,-1,-1,1,2.5760126708023048e+00,4.6306562527040369e-03,2.5760168328470514e+00,1.7976042266344625e-03,6.6358627231113534e+00,2.8797092987347711e-01,2,9.9974483642686929e-01
max_c_ep_mixing_angles_polarization_04_local_minimum_317,C_e_p,polarization_cluster_04_local_minimum_317,cos(alpha_e)|+>+sin(alpha_e)|-> tensor cos(alpha_p)|+>+sin(alpha_p)|->,2.5543948950616326e+00,2.2190818366733480e+00,p_gamma_lepton,|-1-1-1>,0,-1,-1,-1,2.2096091371957485e+00,3.8965014513913029e-03,2.2096125728060341e+00,1.7634328835903772e-03,4.8823877219024991e+00,2.1187685624995664e-01,3,9.9974483642686929e-01
max_c_ep_mixing_angles_polarization_04_local_minimum_317,C_e_p,polarization_cluster_04_local_minimum_317,cos(alpha_e)|+>+sin(alpha_e)|-> tensor cos(alpha_p)|+>+sin(alpha_p)|->,2.5543948950616326e+00,2.2190818366733480e+00,p_gamma_lepton,|+1-1+1>,6,1,1,-1,2.2082317684668400e+00,-4.1025863118642498e-03,2.2082355794798332e+00,-1.8578582421619246e-03,4.8763043744806343e+00,2.1161286235995097e-01,4,9.9974483642686929e-01
max_c_ep_mixing_angles_polarization_04_local_minimum_318,C_e_p,polarization_cluster_04_local_minimum_318,cos(alpha_e)|+>+sin(alpha_e)|-> tensor cos(alpha_p)|+>+sin(alpha_p)|->,2.5687617776102467e+00,2.2591910906362163e+00,p_gamma_lepton,|+1+1+1>,7,1,1,1,-1.9349075238784357e+00,-1.0113101675533248e-03,1.9349077881670831e+00,-3.1410699877450523e+00,3.7438681487096335e+00,3.0319447945996503e-01,1,9.9955176247714816e-01
max_c_ep_mixing_angles_polarization_04_local_minimum_318,C_e_p,polarization_cluster_04_local_minimum_318,cos(alpha_e)|+>+sin(alpha_e)|-> tensor cos(alpha_p)|+>+sin(alpha_p)|->,2.5687617776102467e+00,2.2591910906362163e+00,p_gamma_lepton,|-1+1-1>,1,-1,-1,1,-1.9332874151899961e+00,1.0203189278784810e-03,1.9332876844336260e+00,3.1410648899344098e+00,3.7376012707827315e+00,3.0268696084140972e-01,2,9.9955176247714816e-01
max_c_ep_mixing_angles_polarization_04_local_minimum_318,C_e_p,polarization_cluster_04_local_minimum_318,cos(alpha_e)|+>+sin(alpha_e)|-> tensor cos(alpha_p)|+>+sin(alpha_p)|->,2.5687617776102467e+00,2.2591910906362163e+00,p_gamma_lepton,|-1-1-1>,0,-1,-1,-1,-1.5599554878785353e+00,8.4555361502486835e-04,1.5599557170391969e+00,3.1410506166286196e+00,2.4334618391232747e+00,1.9707216341285036e-01,3,9.9955176247714816e-01
max_c_ep_mixing_angles_polarization_04_local_minimum_318,C_e_p,polarization_cluster_04_local_minimum_318,cos(alpha_e)|+>+sin(alpha_e)|-> tensor cos(alpha_p)|+>+sin(alpha_p)|->,2.5687617776102467e+00,2.2591910906362163e+00,p_gamma_lepton,|+1-1+1>,6,1,1,-1,-1.5580783509070411e+00,-8.0413106126429575e-04,1.5580785584148087e+00,-3.1410765492556312e+00,2.4276087941919684e+00,1.9659815876292303e-01,4,9.9955176247714816e-01
max_c_ep_mixing_angles_polarization_04_local_minimum_334,C_e_p,polarization_cluster_04_local_minimum_334,cos(alpha_e)|+>+sin(alpha_e)|-> tensor cos(alpha_p)|+>+sin(alpha_p)|->,2.0663498582850219e+00,2.6013878044424792e+00,p_gamma_lepton,|-1-1-1>,0,-1,-1,-1,1.5877400691228438e-01,-4.2542819846435309e-01,4.5409067081322768e-01,-1.2135959996758967e+00,2.0619833731960710e-01,2.7477250044092977e-01,1,9.9993831661310006e-01
max_c_ep_mixing_angles_polarization_04_local_minimum_334,C_e_p,polarization_cluster_04_local_minimum_334,cos(alpha_e)|+>+sin(alpha_e)|-> tensor cos(alpha_p)|+>+sin(alpha_p)|->,2.0663498582850219e+00,2.6013878044424792e+00,p_gamma_lepton,|+1-1+1>,6,1,1,-1,1.5334452012566183e-01,4.2736807561396073e-01,4.5404626846451407e-01,1.2262934115138100e+00,2.0615801390654953e-01,2.7471876690856395e-01,2,9.9993831661310006e-01
max_c_ep_mixing_angles_polarization_04_local_minimum_334,C_e_p,polarization_cluster_04_local_minimum_334,cos(alpha_e)|+>+sin(alpha_e)|-> tensor cos(alpha_p)|+>+sin(alpha_p)|->,2.0663498582850219e+00,2.6013878044424792e+00,p_gamma_lepton,|+1+1+1>,7,1,1,1,1.3757296505321873e-01,3.8744008239279304e-01,4.1114004689165029e-01,1.2296013852679122e+00,1.6903613815806839e-01,2.2525148820467422e-01,3,9.9993831661310006e-01
max_c_ep_mixing_angles_polarization_04_local_minimum_334,C_e_p,polarization_cluster_04_local_minimum_334,cos(alpha_e)|+>+sin(alpha_e)|-> tensor cos(alpha_p)|+>+sin(alpha_p)|->,2.0663498582850219e+00,2.6013878044424792e+00,p_gamma_lepton,|-1+1-1>,1,-1,-1,1,1.4494026608577348e-01,-3.8469011925476460e-01,4.1108900324049025e-01,-1.2104734822405683e+00,1.6899416858525981e-01,2.2519556105893213e-01,4,9.9993831661310006e-01
max_c_ep_mixing_angles_polarization_04_local_minimum_337,C_e_p,polarization_cluster_04_local_minimum_337,cos(alpha_e)|+>+sin(alpha_e)|-> tensor cos(alpha_p)|+>+sin(alpha_p)|->,2.1122199404644535e+00,2.5563307434712956e+00,p_gamma_lepton,|-1-1-1>,0,-1,-1,-1,-4.7702321030960571e+00,1.5225626176238618e-02,4.7702564016099478e+00,3.1384008645649897e+00,2.2755346137100688e+01,2.8156469521626204e-01,1,9.9967861537536251e-01
max_c_ep_mixing_angles_polarization_04_local_minimum_337,C_e_p,polarization_cluster_04_local_minimum_337,cos(alpha_e)|+>+sin(alpha_e)|-> tensor cos(alpha_p)|+>+sin(alpha_p)|->,2.1122199404644535e+00,2.5563307434712956e+00,p_gamma_lepton,|+1-1+1>,6,1,1,-1,-4.7689878569470423e+00,-1.5205189613193774e-02,4.7690120965981535e+00,-3.1384043170818114e+00,2.2743476377499515e+01,2.8141782400523946e-01,2,9.9967861537536251e-01
max_c_ep_mixing_angles_polarization_04_local_minimum_337,C_e_p,polarization_cluster_04_local_minimum_337,cos(alpha_e)|+>+sin(alpha_e)|-> tensor cos(alpha_p)|+>+sin(alpha_p)|->,2.1122199404644535e+00,2.5563307434712956e+00,p_gamma_lepton,|+1+1+1>,7,1,1,1,-4.2015022756713236e+00,-1.2808737544569578e-02,4.2015218000420749e+00,-3.1385440540597109e+00,1.7652785436228797e+01,2.1842784201669460e-01,3,9.9967861537536251e-01
max_c_ep_mixing_angles_polarization_04_local_minimum_337,C_e_p,polarization_cluster_04_local_minimum_337,cos(alpha_e)|+>+sin(alpha_e)|-> tensor cos(alpha_p)|+>+sin(alpha_p)|->,2.1122199404644535e+00,2.5563307434712956e+00,p_gamma_lepton,|-1+1-1>,1,-1,-1,1,-4.1999646307328202e+00,1.3603244217827383e-02,4.1999866604145213e+00,3.1383537699690649e+00,1.7639887947659929e+01,2.1826825413716647e-01,4,9.9967861537536251e-01
max_c_ep_mixing_angles_polarization_04_local_minimum_347,C_e_p,polarization_cluster_04_local_minimum_347,cos(alpha_e)|+>+sin(alpha_e)|-> tensor cos(alpha_p)|+>+sin(alpha_p)|->,2.1514658395010935e+00,2.5066459856148469e+00,p_gamma_lepton,|-1-1-1>,0,-1,-1,-1,-4.2525488966715788e+00,-1.1708684757303911e-03,4.2525490578611373e+00,-3.1413173202603963e+00,1.8084173489515653e+01,2.8579866500820245e-01,1,9.9965783101461214e-01
max_c_ep_mixing_angles_polarization_04_local_minimum_347,C_e_p,polarization_cluster_04_local_minimum_347,cos(alpha_e)|+>+sin(alpha_e)|-> tensor cos(alpha_p)|+>+sin(alpha_p)|->,2.1514658395010935e+00,2.5066459856148469e+00,p_gamma_lepton,|+1-1+1>,6,1,1,-1,-4.2500595695135122e+00,1.0094466222324199e-03,4.2500596893921223e+00,3.1413551400710436e+00,1.8063007363395862e+01,2.8546415977953171e-01,2,9.9965783101461214e-01
max_c_ep_mixing_angles_polarization_04_local_minimum_347,C_e_p,polarization_cluster_04_local_minimum_347,cos(alpha_e)|+>+sin(alpha_e)|-> tensor cos(alpha_p)|+>+sin(alpha_p)|->,2.1514658395010935e+00,2.5066459856148469e+00,p_gamma_lepton,|+1+1+1>,7,1,1,1,-3.6831961700242455e+00,9.7179078494584936e-04,3.6831962982250350e+00,3.1413288091683897e+00,1.3565934971258601e+01,2.1439332611034556e-01,3,9.9965783101461214e-01
max_c_ep_mixing_angles_polarization_04_local_minimum_347,C_e_p,polarization_cluster_04_local_minimum_347,cos(alpha_e)|+>+sin(alpha_e)|-> tensor cos(alpha_p)|+>+sin(alpha_p)|->,2.1514658395010935e+00,2.5066459856148469e+00,p_gamma_lepton,|-1+1-1>,1,-1,-1,1,-3.6798304355653797e+00,-1.0844982075114635e-03,3.6798305953738759e+00,-3.1412979394188274e+00,1.3541153210649654e+01,2.1400168011653245e-01,4,9.9965783101461214e-01
max_c_ep_mixing_angles_polarization_04_local_minimum_353,C_e_p,polarization_cluster_04_local_minimum_353,cos(alpha_e)|+>+sin(alpha_e)|-> tensor cos(alpha_p)|+>+sin(alpha_p)|->,2.5226303682139859e+00,2.3080832007293282e+00,p_gamma_lepton,|+1+1+1>,7,1,1,1,-2.2082696763816752e+00,-1.2315615859551743e-02,2.2083040184768103e+00,-3.1360156679943487e+00,4.8766066380208288e+00,3.0287753100716736e-01,1,9.9955425995426128e-01
max_c_ep_mixing_angles_polarization_04_local_minimum_353,C_e_p,polarization_cluster_04_local_minimum_353,cos(alpha_e)|+>+sin(alpha_e)|-> tensor cos(alpha_p)|+>+sin(alpha_p)|->,2.5226303682139859e+00,2.3080832007293282e+00,p_gamma_lepton,|-1+1-1>,1,-1,-1,1,-2.2063709578547068e+00,1.2444234848469038e-02,2.2064060511713750e+00,3.1359525762258498e+00,4.8682276626456584e+00,3.0235712746380683e-01,2,9.9955425995426128e-01
max_c_ep_mixing_angles_polarization_04_local_minimum_353,C_e_p,polarization_cluster_04_local_minimum_353,cos(alpha_e)|+>+sin(alpha_e)|-> tensor cos(alpha_p)|+>+sin(alpha_p)|->,2.5226303682139859e+00,2.3080832007293282e+00,p_gamma_lepton,|-1-1-1>,0,-1,-1,-1,-1.7828442456030007e+00,1.0321978390232149e-02,1.7828741254832381e+00,3.1358031051822914e+00,3.1786401473176218e+00,1.9741979438607080e-01,3,9.9955425995426128e-01
max_c_ep_mixing_angles_polarization_04_local_minimum_353,C_e_p,polarization_cluster_04_local_minimum_353,cos(alpha_e)|+>+sin(alpha_e)|-> tensor cos(alpha_p)|+>+sin(alpha_p)|->,2.5226303682139859e+00,2.3080832007293282e+00,p_gamma_lepton,|+1-1+1>,6,1,1,-1,-1.7804984724556416e+00,-9.6469480004555425e-03,1.7805246064075040e+00,-3.1361745901919300e+00,3.1702678740225969e+00,1.9689980709721627e-01,4,9.9955425995426128e-01
max_c_ep_mixing_angles_polarization_04_local_minimum_355,C_e_p,polarization_cluster_04_local_minimum_355,cos(alpha_e)|+>+sin(alpha_e)|-> tensor cos(alpha_p)|+>+sin(alpha_p)|->,1.9514827527542087e+00,2.7215079948033725e+00,p_gamma_lepton,|-1-1-1>,0,-1,-1,-1,6.1065824977830845e+00,-1.6353504603479720e-03,6.1065827167575337e+00,-2.6780124920071808e-04,3.7290352476601832e+01,2.6641208986758108e-01,1,9.9834837227466389e-01
max_c_ep_mixing_angles_polarization_04_local_minimum_355,C_e_p,polarization_cluster_04_local_minimum_355,cos(alpha_e)|+>+sin(alpha_e)|-> tensor cos(alpha_p)|+>+sin(alpha_p)|->,1.9514827527542087e+00,2.7215079948033725e+00,p_gamma_lepton,|+1-1+1>,6,1,1,-1,6.1005791357727421e+00,1.5880488365053386e-03,6.1005793424661565e+00,2.6031115493995653e-04,3.7217068313724802e+01,2.6588852852558209e-01,2,9.9834837227466389e-01
max_c_ep_mixing_angles_polarization_04_local_minimum_355,C_e_p,polarization_cluster_04_local_minimum_355,cos(alpha_e)|+>+sin(alpha_e)|-> tensor cos(alpha_p)|+>+sin(alpha_p)|->,1.9514827527542087e+00,2.7215079948033725e+00,p_gamma_lepton,|+1+1+1>,7,1,1,1,5.7141438069310597e+00,1.6377527587314023e-03,5.7141440416323670e+00,2.8661384263712480e-04,3.2651442128522682e+01,2.3327049375862591e-01,3,9.9834837227466389e-01
max_c_ep_mixing_angles_polarization_04_local_minimum_355,C_e_p,polarization_cluster_04_local_minimum_355,cos(alpha_e)|+>+sin(alpha_e)|-> tensor cos(alpha_p)|+>+sin(alpha_p)|->,1.9514827527542087e+00,2.7215079948033725e+00,p_gamma_lepton,|-1+1-1>,1,-1,-1,1,5.7080995616689547e+00,-1.5501662251846133e-03,5.7080997721606650e+00,-2.7157308143064613e-04,3.2582403008940624e+01,2.3277726012287484e-01,4,9.9834837227466389e-01
max_c_ep_mixing_angles_polarization_04_local_minimum_363,C_e_p,polarization_cluster_04_local_minimum_363,cos(alpha_e)|+>+sin(alpha_e)|-> tensor cos(alpha_p)|+>+sin(alpha_p)|->,2.0671679429353707e+00,2.6199574853835714e+00,p_gamma_lepton,|-1-1-1>,0,-1,-1,-1,-7.4080582068829903e+00,-3.6979299330177767e-03,7.4080591298431342e+00,-3.1410934769469270e+00,5.4879340071252216e+01,2.7338909596540939e-01,1,9.9970830297709568e-01
max_c_ep_mixing_angles_polarization_04_local_minimum_363,C_e_p,polarization_cluster_04_local_minimum_363,cos(alpha_e)|+>+sin(alpha_e)|-> tensor cos(alpha_p)|+>+sin(alpha_p)|->,2.0671679429353707e+00,2.6199574853835714e+00,p_gamma_lepton,|+1-1+1>,6,1,1,-1,-7.4076855354848190e+00,3.4636418843555943e-03,7.4076863452393900e+00,3.1411250795256200e+00,5.4873816989446127e+01,2.7336158196214422e-01,2,9.9970830297709568e-01
max_c_ep_mixing_angles_polarization_04_local_minimum_363,C_e_p,polarization_cluster_04_local_minimum_363,cos(alpha_e)|+>+sin(alpha_e)|-> tensor cos(alpha_p)|+>+sin(alpha_p)|->,2.0671679429353707e+00,2.6199574853835714e+00,p_gamma_lepton,|+1+1+1>,7,1,1,1,-6.7430673564729116e+00,3.1853969390418526e-03,6.7430681088569937e+00,3.1411202577892330e+00,4.5468967520684231e+01,2.2651001103185797e-01,3,9.9970830297709568e-01
max_c_ep_mixing_angles_polarization_04_local_minimum_363,C_e_p,polarization_cluster_04_local_minimum_363,cos(alpha_e)|+>+sin(alpha_e)|-> tensor cos(alpha_p)|+>+sin(alpha_p)|->,2.0671679429353707e+00,2.6199574853835714e+00,p_gamma_lepton,|-1+1-1>,1,-1,-1,1,-6.7421383953764042e+00,-3.4613990551666954e-03,6.7421392839136844e+00,-3.1410792558296072e+00,4.5456442123692128e+01,2.2644761401768410e-01,4,9.9970830297709568e-01
max_c_ep_mixing_angles_polarization_04_local_minimum_371,C_e_p,polarization_cluster_04_local_minimum_371,cos(alpha_e)|+>+sin(alpha_e)|-> tensor cos(alpha_p)|+>+sin(alpha_p)|->,2.5388612673891631e+00,2.2440122812003533e+00,p_gamma_lepton,|+1+1+1>,7,1,1,1,3.2089305275980484e+00,-2.8629031657383475e-03,3.2089318046922131e+00,-8.9216715087118395e-04,1.0297243327165226e+01,2.9305043098172284e-01,1,9.9967090715441653e-01
max_c_ep_mixing_angles_polarization_04_local_minimum_371,C_e_p,polarization_cluster_04_local_minimum_371,cos(alpha_e)|+>+sin(alpha_e)|-> tensor cos(alpha_p)|+>+sin(alpha_p)|->,2.5388612673891631e+00,2.2440122812003533e+00,p_gamma_lepton,|-1+1-1>,1,-1,-1,1,3.2067535189878704e+00,2.7914066562694504e-03,3.2067547339159272e+00,8.7047723958082093e-04,1.0283275923492209e+01,2.9265293103576395e-01,2,9.9967090715441653e-01
max_c_ep_mixing_angles_polarization_04_local_minimum_371,C_e_p,polarization_cluster_04_local_minimum_371,cos(alpha_e)|+>+sin(alpha_e)|-> tensor cos(alpha_p)|+>+sin(alpha_p)|->,2.5388612673891631e+00,2.2440122812003533e+00,p_gamma_lepton,|-1-1-1>,0,-1,-1,-1,2.6983481458395260e+00,2.3146064122483261e-03,2.6983491385583247e+00,8.5778621566066731e-04,7.2810880735584504e+00,2.0721332206875107e-01,3,9.9967090715441653e-01
max_c_ep_mixing_angles_polarization_04_local_minimum_371,C_e_p,polarization_cluster_04_local_minimum_371,cos(alpha_e)|+>+sin(alpha_e)|-> tensor cos(alpha_p)|+>+sin(alpha_p)|->,2.5388612673891631e+00,2.2440122812003533e+00,p_gamma_lepton,|+1-1+1>,6,1,1,-1,2.6953571289690776e+00,-2.4782621032297843e-03,2.6953582682952337e+00,-9.1945567369189991e-04,7.2649561944674836e+00,2.0675422306817862e-01,4,9.9967090715441653e-01
max_c_ep_mixing_angles_polarization_04_local_minimum_374,C_e_p,polarization_cluster_04_local_minimum_374,cos(alpha_e)|+>+sin(alpha_e)|-> tensor cos(alpha_p)|+>+sin(alpha_p)|->,2.5649016650422589e+00,2.1993253228353282e+00,p_gamma_lepton,|+1+1+1>,7,1,1,1,4.4065521505226073e+00,-2.1506201977478615e-02,4.4066046307785438e+00,-4.8804667438010372e-03,1.9418164371998913e+01,2.8481630704882888e-01,1,9.9964730556939640e-01
max_c_ep_mixing_angles_polarization_04_local_minimum_374,C_e_p,polarization_cluster_04_local_minimum_374,cos(alpha_e)|+>+sin(alpha_e)|-> tensor cos(alpha_p)|+>+sin(alpha_p)|->,2.5649016650422589e+00,2.1993253228353282e+00,p_gamma_lepton,|-1+1-1>,1,-1,-1,1,4.4038712670761573e+00,2.1066806340847080e-02,4.4039216554462417e+00,4.7836651821191890e-03,1.9394525947308360e+01,2.8446958999072613e-01,2,9.9964730556939640e-01
max_c_ep_mixing_angles_polarization_04_local_minimum_374,C_e_p,polarization_cluster_04_local_minimum_374,cos(alpha_e)|+>+sin(alpha_e)|-> tensor cos(alpha_p)|+>+sin(alpha_p)|->,2.5649016650422589e+00,2.1993253228353282e+00,p_gamma_lepton,|-1-1-1>,0,-1,-1,-1,3.8318566175727526e+00,1.7893501220857779e-02,3.8318983957070207e+00,4.6696348396125173e-03,1.4683445315022043e+01,2.1536972235174773e-01,3,9.9964730556939640e-01
max_c_ep_mixing_angles_polarization_04_local_minimum_374,C_e_p,polarization_cluster_04_local_minimum_374,cos(alpha_e)|+>+sin(alpha_e)|-> tensor cos(alpha_p)|+>+sin(alpha_p)|->,2.5649016650422589e+00,2.1993253228353282e+00,p_gamma_lepton,|+1-1+1>,6,1,1,-1,3.8284859949739292e+00,-1.9146972540053740e-02,3.8285338734650063e+00,-5.0011448216722163e-03,1.4657671620268966e+01,2.1499168617809372e-01,4,9.9964730556939640e-01
max_c_ep_mixing_angles_polarization_04_local_minimum_380,C_e_p,polarization_cluster_04_local_minimum_380,cos(alpha_e)|+>+sin(alpha_e)|-> tensor cos(alpha_p)|+>+sin(alpha_p)|->,2.8679177370708464e+00,1.8461522824796883e+00,p_gamma_lepton,|+1+1+1>,7,1,1,1,2.4336149479152960e+00,-4.9891295833385850e-03,2.4336200619921691e+00,-2.0500870928975732e-03,5.9225066061307690e+00,2.6425931392589530e-01,1,9.9994698502064738e-01
max_c_ep_mixing_angles_polarization_04_local_minimum_380,C_e_p,polarization_cluster_04_local_minimum_380,cos(alpha_e)|+>+sin(alpha_e)|-> tensor cos(alpha_p)|+>+sin(alpha_p)|->,2.8679177370708464e+00,1.8461522824796883e+00,p_gamma_lepton,|-1+1-1>,1,-1,-1,1,2.4334963828660885e+00,4.3584971753298637e-03,2.4335002859913462e+00,1.7910412957991815e-03,5.9219236419199657e+00,2.6423330235129766e-01,2,9.9994698502064738e-01
max_c_ep_mixing_angles_polarization_04_local_minimum_380,C_e_p,polarization_cluster_04_local_minimum_380,cos(alpha_e)|+>+sin(alpha_e)|-> tensor cos(alpha_p)|+>+sin(alpha_p)|->,2.8679177370708464e+00,1.8461522824796883e+00,p_gamma_lepton,|-1-1-1>,0,-1,-1,-1,2.2986431372799521e+00,4.4071099383454241e-03,2.2986473620767125e+00,1.9172634789793629e-03,5.2837796951822291e+00,2.3575963524279470e-01,3,9.9994698502064738e-01
max_c_ep_mixing_angles_polarization_04_local_minimum_380,C_e_p,polarization_cluster_04_local_minimum_380,cos(alpha_e)|+>+sin(alpha_e)|-> tensor cos(alpha_p)|+>+sin(alpha_p)|->,2.8679177370708464e+00,1.8461522824796883e+00,p_gamma_lepton,|+1-1+1>,6,1,1,-1,2.2983260110299710e+00,-4.7625962515674622e-03,2.2983309455559251e+00,-2.0721992492931814e-03,5.2823251352999927e+00,2.3569473350065970e-01,4,9.9994698502064738e-01
max_c_ep_mixing_angles_polarization_04_local_minimum_387,C_e_p,polarization_cluster_04_local_minimum_387,cos(alpha_e)|+>+sin(alpha_e)|-> tensor cos(alpha_p)|+>+sin(alpha_p)|->,3.0072912904936215e+00,1.7053677053394356e+00,p_gamma_lepton,|+1+1+1>,7,1,1,1,2.4995666451653831e-01,2.8193554278755058e-06,2.4995666453243859e-01,1.1279376900028206e-05,6.2478334144182059e-02,2.6285566274088840e-01,1,9.9998101765001823e-01
max_c_ep_mixing_angles_polarization_04_local_minimum_387,C_e_p,polarization_cluster_04_local_minimum_387,cos(alpha_e)|+>+sin(alpha_e)|-> tensor cos(alpha_p)|+>+sin(alpha_p)|->,3.0072912904936215e+00,1.7053677053394356e+00,p_gamma_lepton,|-1+1-1>,1,-1,-1,1,2.4985195859933693e-01,2.2769197011606229e-05,2.4985195963682397e-01,9.1130752291150303e-05,6.2426001734361115e-02,2.6263549249379814e-01,2,9.9998101765001823e-01
max_c_ep_mixing_angles_polarization_04_local_minimum_387,C_e_p,polarization_cluster_04_local_minimum_387,cos(alpha_e)|+>+sin(alpha_e)|-> tensor cos(alpha_p)|+>+sin(alpha_p)|->,3.0072912904936215e+00,1.7053677053394356e+00,p_gamma_lepton,|-1-1-1>,0,-1,-1,-1,2.3751344170773150e-01,-2.9148343636202169e-06,2.3751344172561736e-01,-1.2272292222773176e-05,5.6412635000348210e-02,2.3733636248618156e-01,3,9.9998101765001823e-01
max_c_ep_mixing_angles_polarization_04_local_minimum_387,C_e_p,polarization_cluster_04_local_minimum_387,cos(alpha_e)|+>+sin(alpha_e)|-> tensor cos(alpha_p)|+>+sin(alpha_p)|->,3.0072912904936215e+00,1.7053677053394356e+00,p_gamma_lepton,|+1-1+1>,6,1,1,-1,2.3742192459355577e-01,1.4263305753985284e-06,2.3742192459784017e-01,6.0075773449445094e-06,5.6369170279742475e-02,2.3715349992915014e-01,4,9.9998101765001823e-01
max_c_ep_mixing_angles_polarization_04_local_minimum_389,C_e_p,polarization_cluster_04_local_minimum_389,cos(alpha_e)|+>+sin(alpha_e)|-> tensor cos(alpha_p)|+>+sin(alpha_p)|->,1.8652169677761399e+00,2.8161443691584993e+00,p_gamma_lepton,|-1-1-1>,0,-1,-1,-1,3.0521601611917357e+00,-1.7624609269401264e-03,3.0521606700556378e+00,-5.7744700080134079e-04,9.3156847558344804e+00,2.6469111885037488e-01,1,9.9867992861310928e-01
max_c_ep_mixing_angles_polarization_04_local_minimum_389,C_e_p,polarization_cluster_04_local_minimum_389,cos(alpha_e)|+>+sin(alpha_e)|-> tensor cos(alpha_p)|+>+sin(alpha_p)|->,1.8652169677761399e+00,2.8161443691584993e+00,p_gamma_lepton,|+1-1+1>,6,1,1,-1,3.0501826342440186e+00,1.7977327713640185e-03,3.0501831640225965e+00,5.8938522009097387e-04,9.3036173340868977e+00,2.6434824127908241e-01,2,9.9867992861310928e-01
max_c_ep_mixing_angles_polarization_04_local_minimum_389,C_e_p,polarization_cluster_04_local_minimum_389,cos(alpha_e)|+>+sin(alpha_e)|-> tensor cos(alpha_p)|+>+sin(alpha_p)|->,1.8652169677761399e+00,2.8161443691584993e+00,p_gamma_lepton,|+1+1+1>,7,1,1,1,2.8757358394968091e+00,1.7826025934143583e-03,2.8757363919939571e+00,6.1987695135659994e-04,8.2698597962384248e+00,2.3497558146019501e-01,3,9.9867992861310928e-01
max_c_ep_mixing_angles_polarization_04_local_minimum_389,C_e_p,polarization_cluster_04_local_minimum_389,cos(alpha_e)|+>+sin(alpha_e)|-> tensor cos(alpha_p)|+>+sin(alpha_p)|->,1.8652169677761399e+00,2.8161443691584993e+00,p_gamma_lepton,|-1+1-1>,1,-1,-1,1,2.8738346924786478e+00,-1.6508127632853227e-03,2.8738351666156192e+00,-5.7442851046162814e-04,8.2589285648766246e+00,2.3466498702345701e-01,4,9.9867992861310928e-01
max_c_ep_mixing_angles_polarization_04_local_minimum_390,C_e_p,polarization_cluster_04_local_minimum_390,cos(alpha_e)|+>+sin(alpha_e)|-> tensor cos(alpha_p)|+>+sin(alpha_p)|->,1.9541874817763374e+00,2.7103057660835415e+00,p_gamma_lepton,|-1-1-1>,0,-1,-1,-1,3.5605710926290377e+00,4.3160360404455441e-03,3.5605737085240410e+00,1.2121746242991171e-03,1.2677685133832643e+01,2.7294645131487311e-01,1,9.9886009898883910e-01
max_c_ep_mixing_angles_polarization_04_local_minimum_390,C_e_p,polarization_cluster_04_local_minimum_390,cos(alpha_e)|+>+sin(alpha_e)|-> tensor cos(alpha_p)|+>+sin(alpha_p)|->,1.9541874817763374e+00,2.7103057660835415e+00,p_gamma_lepton,|+1-1+1>,6,1,1,-1,3.5572995010906650e+00,-4.6054727796727320e-03,3.5573024823367798e+00,-1.2946534878888654e-03,1.2654400950839415e+01,2.7244515040286299e-01,2,9.9886009898883910e-01
max_c_ep_mixing_angles_polarization_04_local_minimum_390,C_e_p,polarization_cluster_04_local_minimum_390,cos(alpha_e)|+>+sin(alpha_e)|-> tensor cos(alpha_p)|+>+sin(alpha_p)|->,1.9541874817763374e+00,2.7103057660835415e+00,p_gamma_lepton,|+1+1+1>,7,1,1,1,3.2469850330218359e+00,-4.1700981318134843e-03,3.2469877108461995e+00,-1.2842978321902705e-03,1.0542929194386243e+01,2.2698584794413043e-01,3,9.9886009898883910e-01
max_c_ep_mixing_angles_polarization_04_local_minimum_390,C_e_p,polarization_cluster_04_local_minimum_390,cos(alpha_e)|+>+sin(alpha_e)|-> tensor cos(alpha_p)|+>+sin(alpha_p)|->,1.9541874817763374e+00,2.7103057660835415e+00,p_gamma_lepton,|-1+1-1>,1,-1,-1,1,3.2433843686803754e+00,3.8346706953697354e-03,3.2433866355554253e+00,1.1823048003933641e-03,1.0519556867699540e+01,2.2648264932697257e-01,4,9.9886009898883910e-01
max_c_ep_mixing_angles_polarization_04_local_minimum_392,C_e_p,polarization_cluster_04_local_minimum_392,cos(alpha_e)|+>+sin(alpha_e)|-> tensor cos(alpha_p)|+>+sin(alpha_p)|->,3.0102795637480200e+00,1.7022553510207303e+00,p_gamma_lepton,|+1+1+1>,7,1,1,1,2.4439325541310797e-01,2.5255566452345494e-04,2.4439338590841672e-01,1.0333982997776732e-03,5.9728127075780298e-02,2.6280889639812077e-01,1,9.9998256194451285e-01
max_c_ep_mixing_angles_polarization_04_local_minimum_392,C_e_p,polarization_cluster_04_local_minimum_392,cos(alpha_e)|+>+sin(alpha_e)|-> tensor cos(alpha_p)|+>+sin(alpha_p)|->,3.0102795637480200e+00,1.7022553510207303e+00,p_gamma_lepton,|-1+1-1>,1,-1,-1,1,2.4438882127751849e-01,-2.3335796344570620e-04,2.4438893268999309e-01,-9.5486320243046998e-04,5.9725950421353986e-02,2.6279931893142922e-01,2,9.9998256194451285e-01
max_c_ep_mixing_angles_polarization_04_local_minimum_392,C_e_p,polarization_cluster_04_local_minimum_392,cos(alpha_e)|+>+sin(alpha_e)|-> tensor cos(alpha_p)|+>+sin(alpha_p)|->,3.0102795637480200e+00,1.7022553510207303e+00,p_gamma_lepton,|-1-1-1>,0,-1,-1,-1,2.3217760869225285e-01,-2.2620217461298618e-04,2.3217771888249028e-01,-9.7426321305291847e-04,5.3906493145476686e-02,2.3719320638132549e-01,3,9.9998256194451285e-01
max_c_ep_mixing_angles_polarization_04_local_minimum_392,C_e_p,polarization_cluster_04_local_minimum_392,cos(alpha_e)|+>+sin(alpha_e)|-> tensor cos(alpha_p)|+>+sin(alpha_p)|->,3.0102795637480200e+00,1.7022553510207303e+00,p_gamma_lepton,|+1-1+1>,6,1,1,-1,2.3217168775015681e-01,2.4145399754465222e-04,2.3217181330383163e-01,1.0399799942687775e-03,5.3903750892789239e-02,2.3718114023363734e-01,4,9.9998256194451285e-01
max_c_ep_mixing_angles_polarization_04_local_minimum_399,C_e_p,polarization_cluster_04_local_minimum_399,cos(alpha_e)|+>+sin(alpha_e)|-> tensor cos(alpha_p)|+>+sin(alpha_p)|->,1.7349425581129629e+00,2.7973688763603195e+00,p_gamma_lepton,|-1-1-1>,0,-1,-1,-1,-7.4949799219238916e-02,-7.2584682771944214e-02,1.0433603680468222e-01,-2.3722240572605457e+00,1.0886008576108002e-02,4.1308097447065839e-01,1,9.9997704593466374e-01
max_c_ep_mixing_angles_polarization_04_local_minimum_399,C_e_p,polarization_cluster_04_local_minimum_399,cos(alpha_e)|+>+sin(alpha_e)|-> tensor cos(alpha_p)|+>+sin(alpha_p)|->,1.7349425581129629e+00,2.7973688763603195e+00,p_gamma_lepton,|+1-1+1>,6,1,1,-1,-7.5214004743055562e-02,7.2302562818100463e-02,1.0433027892013778e-01,2.3759283006756005e+00,1.0884807099553749e-02,4.1303538318691424e-01,2,9.9997704593466374e-01
max_c_ep_mixing_angles_polarization_04_local_minimum_399,C_e_p,polarization_cluster_04_local_minimum_399,cos(alpha_e)|+>+sin(alpha_e)|-> tensor cos(alpha_p)|+>+sin(alpha_p)|->,1.7349425581129629e+00,2.7973688763603195e+00,p_gamma_lepton,|+1+1+1>,7,1,1,1,-3.4561492777590158e-02,3.3120067305202817e-02,4.7868942345915488e-02,2.3774884379253138e+00,2.2914356413165811e-03,8.6950920627536760e-02,3,9.9997704593466374e-01
max_c_ep_mixing_angles_polarization_04_local_minimum_399,C_e_p,polarization_cluster_04_local_minimum_399,cos(alpha_e)|+>+sin(alpha_e)|-> tensor cos(alpha_p)|+>+sin(alpha_p)|->,1.7349425581129629e+00,2.7973688763603195e+00,p_gamma_lepton,|-1+1-1>,1,-1,-1,1,-3.4351552080472351e-02,-3.3321494534564067e-02,4.7857613065784919e-02,-2.3714144050628549e+00,2.2903511283543882e-03,8.6909767649554368e-02,4,9.9997704593466374e-01
max_c_ep_mixing_angles_polarization_04_local_minimum_407,C_e_p,polarization_cluster_04_local_minimum_407,cos(alpha_e)|+>+sin(alpha_e)|-> tensor cos(alpha_p)|+>+sin(alpha_p)|->,2.1999900272720181e+00,2.3596447290790423e+00,p_gamma_lepton,|-1-1-1>,0,-1,-1,-1,1.5025899758983183e+00,-1.6788089417904693e-02,1.5026837576870298e+00,-1.1172303278276497e-02,2.2580584756164126e+00,3.1922446307868851e-01,1,9.9964298967218512e-01
max_c_ep_mixing_angles_polarization_04_local_minimum_407,C_e_p,polarization_cluster_04_local_minimum_407,cos(alpha_e)|+>+sin(alpha_e)|-> tensor cos(alpha_p)|+>+sin(alpha_p)|->,2.1999900272720181e+00,2.3596447290790423e+00,p_gamma_lepton,|+1-1+1>,6,1,1,-1,1.5012625111557931e+00,1.6824252208817347e-02,1.5013567806701322e+00,1.1206266600546728e-02,2.2540721828641841e+00,3.1866091604160068e-01,2,9.9964298967218512e-01
max_c_ep_mixing_angles_polarization_04_local_minimum_407,C_e_p,polarization_cluster_04_local_minimum_407,cos(alpha_e)|+>+sin(alpha_e)|-> tensor cos(alpha_p)|+>+sin(alpha_p)|->,2.1999900272720181e+00,2.3596447290790423e+00,p_gamma_lepton,|+1+1+1>,7,1,1,1,1.1318810566144095e+00,1.3089799462401483e-02,1.1319567435076829e+00,1.1564126712192323e-02,1.2813260691725183e+00,1.8114261914703739e-01,3,9.9964298967218512e-01
max_c_ep_mixing_angles_polarization_04_local_minimum_407,C_e_p,polarization_cluster_04_local_minimum_407,cos(alpha_e)|+>+sin(alpha_e)|-> tensor cos(alpha_p)|+>+sin(alpha_p)|->,2.1999900272720181e+00,2.3596447290790423e+00,p_gamma_lepton,|-1+1-1>,1,-1,-1,1,1.1302407429437173e+00,-1.2235900862303677e-02,1.1303069734721971e+00,-1.0825501517118412e-02,1.2775938542798786e+00,1.8061499140485857e-01,4,9.9964298967218512e-01
max_c_ep_mixing_angles_polarization_04_local_minimum_409,C_e_p,polarization_cluster_04_local_minimum_409,cos(alpha_e)|+>+sin(alpha_e)|-> tensor cos(alpha_p)|+>+sin(alpha_p)|->,1.9283097645098370e+00,2.7613105952786352e+00,p_gamma_lepton,|-1-1-1>,0,-1,-1,-1,-9.0160818784987551e-01,5.4920145740590842e-01,1.0557080871219611e+00,2.5944830165461323e+00,1.1145195652147102e+00,2.6696675182476109e-01,1,9.9999947673843304e-01
max_c_ep_mixing_angles_polarization_04_local_minimum_409,C_e_p,polarization_cluster_04_local_minimum_409,cos(alpha_e)|+>+sin(alpha_e)|-> tensor cos(alpha_p)|+>+sin(alpha_p)|->,1.9283097645098370e+00,2.7613105952786352e+00,p_gamma_lepton,|+1-1+1>,6,1,1,-1,-9.0162291664058358e-01,-5.4915371049277661e-01,1.0556958281434370e+00,-2.5945289005993044e+00,1.1144936815594573e+00,2.6696055177625239e-01,2,9.9999947673843304e-01
max_c_ep_mixing_angles_polarization_04_local_minimum_409,C_e_p,polarization_cluster_04_local_minimum_409,cos(alpha_e)|+>+sin(alpha_e)|-> tensor cos(alpha_p)|+>+sin(alpha_p)|->,1.9283097645098370e+00,2.7613105952786352e+00,p_gamma_lepton,|+1+1+1>,7,1,1,1,-8.4243038504235801e-01,-5.1305684599180279e-01,9.8636518635932813e-01,-2.5945672774652007e+00,9.7291628086167214e-01,2.3304777000395671e-01,3,9.9999947673843304e-01
max_c_ep_mixing_angles_polarization_04_local_minimum_409,C_e_p,polarization_cluster_04_local_minimum_409,cos(alpha_e)|+>+sin(alpha_e)|-> tensor cos(alpha_p)|+>+sin(alpha_p)|->,1.9283097645098370e+00,2.7613105952786352e+00,p_gamma_lepton,|-1+1-1>,1,-1,-1,1,-8.4233960637583971e-01,5.1311082383764017e-01,9.8631573545632245e-01,2.5944726631487409e+00,9.7281873000874652e-01,2.3302440313346282e-01,4,9.9999947673843304e-01
max_c_ep_mixing_angles_polarization_04_local_minimum_413,C_e_p,polarization_cluster_04_local_minimum_413,cos(alpha_e)|+>+sin(alpha_e)|-> tensor cos(alpha_p)|+>+sin(alpha_p)|->,2.5118431815345637e+00,2.3747641398862940e+00,p_gamma_lepton,|+1+1+1>,7,1,1,1,-1.1674376345684754e+00,-2.0901814786068770e-02,1.1676247327237412e+00,-3.1236905565415864e+00,1.3633475164681876e+00,3.2927029640515049e-01,1,9.9969803792544853e-01
max_c_ep_mixing_angles_polarization_04_local_minimum_413,C_e_p,polarization_cluster_04_local_minimum_413,cos(alpha_e)|+>+sin(alpha_e)|-> tensor cos(alpha_p)|+>+sin(alpha_p)|->,2.5118431815345637e+00,2.3747641398862940e+00,p_gamma_lepton,|-1+1-1>,1,-1,-1,1,-1.1665752598744987e+00,2.0924206803237554e-02,1.1667628976709874e+00,3.1236581369985541e+00,1.3613356593815991e+00,3.2878440064400077e-01,2,9.9969803792544853e-01
max_c_ep_mixing_angles_polarization_04_local_minimum_413,C_e_p,polarization_cluster_04_local_minimum_413,cos(alpha_e)|+>+sin(alpha_e)|-> tensor cos(alpha_p)|+>+sin(alpha_p)|->,2.5118431815345637e+00,2.3747641398862940e+00,p_gamma_lepton,|-1-1-1>,0,-1,-1,-1,-8.4138635490097091e-01,1.5558521855501578e-02,8.4153019305065380e-01,3.1231032298128119e+00,7.0817306581587081e-01,1.7103515609240993e-01,3,9.9969803792544853e-01
max_c_ep_mixing_angles_polarization_04_local_minimum_413,C_e_p,polarization_cluster_04_local_minimum_413,cos(alpha_e)|+>+sin(alpha_e)|-> tensor cos(alpha_p)|+>+sin(alpha_p)|->,2.5118431815345637e+00,2.3747641398862940e+00,p_gamma_lepton,|+1-1+1>,6,1,1,-1,-8.4035366361226793e-01,-1.4522608875523420e-02,8.4047914079714803e-01,-3.1243128295953921e+00,7.0640518611511194e-01,1.7060818478388731e-01,4,9.9969803792544853e-01
max_c_ep_mixing_angles_polarization_04_local_minimum_416,C_e_p,polarization_cluster_04_local_minimum_416,cos(alpha_e)|+>+sin(alpha_e)|-> tensor cos(alpha_p)|+>+sin(alpha_p)|->,1.8429643252470638e+00,2.8537348918446201e+00,p_gamma_lepton,|-1-1-1>,0,-1,-1,-1,-7.1838023384451744e-01,-2.8407651724128874e-02,7.1894169099794381e-01,-3.1020692132730083e+00,5.1687715505498311e-01,2.6482915322420680e-01,1,9.9999937332907307e-01
max_c_ep_mixing_angles_polarization_04_local_minimum_416,C_e_p,polarization_cluster_04_local_minimum_416,cos(alpha_e)|+>+sin(alpha_e)|-> tensor cos(alpha_p)|+>+sin(alpha_p)|->,1.8429643252470638e+00,2.8537348918446201e+00,p_gamma_lepton,|+1-1+1>,6,1,1,-1,-7.1837182885583961e-01,2.8406973507930339e-02,7.1893326577476158e-01,3.1020696939559507e+00,5.1686504063756378e-01,2.6482294623503039e-01,2,9.9999937332907307e-01
max_c_ep_mixing_angles_polarization_04_local_minimum_416,C_e_p,polarization_cluster_04_local_minimum_416,cos(alpha_e)|+>+sin(alpha_e)|-> tensor cos(alpha_p)|+>+sin(alpha_p)|->,1.8429643252470638e+00,2.8537348918446201e+00,p_gamma_lepton,|-1+1-1>,1,-1,-1,1,-6.7696550063235328e-01,-2.6770044313871411e-02,6.7749459357177111e-01,-3.1020690684854135e+00,4.5899892431897932e-01,2.3517444187543257e-01,3,9.9999937332907307e-01
max_c_ep_mixing_angles_polarization_04_local_minimum_416,C_e_p,polarization_cluster_04_local_minimum_416,cos(alpha_e)|+>+sin(alpha_e)|-> tensor cos(alpha_p)|+>+sin(alpha_p)|->,1.8429643252470638e+00,2.8537348918446201e+00,p_gamma_lepton,|+1+1+1>,7,1,1,1,-6.7696322648650364e-01,2.6768866949871482e-02,6.7749227468126683e-01,3.1020706723199871e+00,4.5899578225279708e-01,2.3517283199440325e-01,4,9.9999937332907307e-01
max_c_ep_mixing_angles_polarization_04_local_minimum_423,C_e_p,polarization_cluster_04_local_minimum_423,cos(alpha_e)|+>+sin(alpha_e)|-> tensor cos(alpha_p)|+>+sin(alpha_p)|->,2.6490680416927375e+00,2.0874900674830301e+00,p_gamma_lepton,|+1+1+1>,7,1,1,1,8.3102258562264684e+00,9.5460343759920432e-03,8.3102313390342655e+00,1.1487088729451428e-03,6.9059944908267241e+01,2.7296127788705643e-01,1,9.9971217829014147e-01
max_c_ep_mixing_angles_polarization_04_local_minimum_423,C_e_p,polarization_cluster_04_local_minimum_423,cos(alpha_e)|+>+sin(alpha_e)|-> tensor cos(alpha_p)|+>+sin(alpha_p)|->,2.6490680416927375e+00,2.0874900674830301e+00,p_gamma_lepton,|-1+1-1>,1,-1,-1,1,8.3096340628878860e+00,-1.1575476421226336e-02,8.3096421253120774e+00,-1.3930178929928629e-03,6.9050152250760988e+01,2.7292257214655280e-01,2,9.9971217829014147e-01
max_c_ep_mixing_angles_polarization_04_local_minimum_423,C_e_p,polarization_cluster_04_local_minimum_423,cos(alpha_e)|+>+sin(alpha_e)|-> tensor cos(alpha_p)|+>+sin(alpha_p)|->,2.6490680416927375e+00,2.0874900674830301e+00,p_gamma_lepton,|-1-1-1>,0,-1,-1,-1,7.5771426880513877e+00,-8.2035072745349109e-03,7.5771471288752350e+00,-1.0826645883532718e-03,5.7413158612622219e+01,2.2692704379145198e-01,3,9.9971217829014147e-01
max_c_ep_mixing_angles_polarization_04_local_minimum_423,C_e_p,polarization_cluster_04_local_minimum_423,cos(alpha_e)|+>+sin(alpha_e)|-> tensor cos(alpha_p)|+>+sin(alpha_p)|->,2.6490680416927375e+00,2.0874900674830301e+00,p_gamma_lepton,|+1-1+1>,6,1,1,-1,7.5767121260107642e+00,8.6482730437069562e-03,7.5767170617006148e+00,1.1414277253844014e-03,5.7406641433065182e+01,2.2690128446508023e-01,4,9.9971217829014147e-01
max_c_ep_mixing_angles_polarization_04_local_minimum_424,C_e_p,polarization_cluster_04_local_minimum_424,cos(alpha_e)|+>+sin(alpha_e)|-> tensor cos(alpha_p)|+>+sin(alpha_p)|->,2.1201022764822790e+00,2.5210542824959203e+00,p_gamma_lepton,|-1-1-1>,0,-1,-1,-1,6.8123492245553985e+00,-1.2633825032019278e-04,6.8123492257268996e+00,-1.8545474716756626e-05,4.6408101973261886e+01,2.7924558287793216e-01,1,9.9882592835124151e-01
max_c_ep_mixing_angles_polarization_04_local_minimum_424,C_e_p,polarization_cluster_04_local_minimum_424,cos(alpha_e)|+>+sin(alpha_e)|-> tensor cos(alpha_p)|+>+sin(alpha_p)|->,2.1201022764822790e+00,2.5210542824959203e+00,p_gamma_lepton,|+1-1+1>,6,1,1,-1,6.8092628732946894e+00,3.7561881435021739e-04,6.8092628836548048e+00,5.5162918653407283e-05,4.6366061018718945e+01,2.7899261517710161e-01,2,9.9882592835124151e-01
max_c_ep_mixing_angles_polarization_04_local_minimum_424,C_e_p,polarization_cluster_04_local_minimum_424,cos(alpha_e)|+>+sin(alpha_e)|-> tensor cos(alpha_p)|+>+sin(alpha_p)|->,2.1201022764822790e+00,2.5210542824959203e+00,p_gamma_lepton,|+1+1+1>,7,1,1,1,6.0524451404566886e+00,1.1697019363003918e-04,6.0524451415869773e+00,1.9326105549244259e-05,3.6632092191919803e+01,2.2042163978316659e-01,3,9.9882592835124151e-01
max_c_ep_mixing_angles_polarization_04_local_minimum_424,C_e_p,polarization_cluster_04_local_minimum_424,cos(alpha_e)|+>+sin(alpha_e)|-> tensor cos(alpha_p)|+>+sin(alpha_p)|->,2.1201022764822790e+00,2.5210542824959203e+00,p_gamma_lepton,|-1+1-1>,1,-1,-1,1,6.0489356253106017e+00,6.8182246446432752e-05,6.0489356256948694e+00,1.1271775840736300e-05,3.6589622203800580e+01,2.2016609051304120e-01,4,9.9882592835124151e-01
max_c_ep_mixing_angles_polarization_04_local_minimum_425,C_e_p,polarization_cluster_04_local_minimum_425,cos(alpha_e)|+>+sin(alpha_e)|-> tensor cos(alpha_p)|+>+sin(alpha_p)|->,2.0932355880725164e+00,2.5566812526894336e+00,p_gamma_lepton,|-1-1-1>,0,-1,-1,-1,8.2030464291240932e+00,-1.2669823494265972e-02,8.2030562135580247e+00,-1.5445253819864331e-03,6.7290131242792924e+01,2.7532510558460649e-01,1,9.9857930710957588e-01
max_c_ep_mixing_angles_polarization_04_local_minimum_425,C_e_p,polarization_cluster_04_local_minimum_425,cos(alpha_e)|+>+sin(alpha_e)|-> tensor cos(alpha_p)|+>+sin(alpha_p)|->,2.0932355880725164e+00,2.5566812526894336e+00,p_gamma_lepton,|+1-1+1>,6,1,1,-1,8.1945221286410614e+00,1.3339087299450002e-02,8.1945329853529785e+00,1.6278039534600927e-03,6.7150370848038023e+01,2.7475326028230501e-01,2,9.9857930710957588e-01
max_c_ep_mixing_angles_polarization_04_local_minimum_425,C_e_p,polarization_cluster_04_local_minimum_425,cos(alpha_e)|+>+sin(alpha_e)|-> tensor cos(alpha_p)|+>+sin(alpha_p)|->,2.0932355880725164e+00,2.5566812526894336e+00,p_gamma_lepton,|+1+1+1>,7,1,1,1,7.4076319770599168e+00,1.2124761091967994e-02,7.4076418999160687e+00,1.6367916632131739e-03,5.4873158517392142e+01,2.2451967151096872e-01,3,9.9857930710957588e-01
max_c_ep_mixing_angles_polarization_04_local_minimum_425,C_e_p,polarization_cluster_04_local_minimum_425,cos(alpha_e)|+>+sin(alpha_e)|-> tensor cos(alpha_p)|+>+sin(alpha_p)|->,2.0932355880725164e+00,2.5566812526894336e+00,p_gamma_lepton,|-1+1-1>,1,-1,-1,1,7.3987467330146028e+00,-1.0889555364377426e-02,7.3987547466928714e+00,-1.4718097394405118e-03,5.4741571801710293e+01,2.2398126973169566e-01,4,9.9857930710957588e-01
max_c_ep_mixing_angles_polarization_04_local_minimum_436,C_e_p,polarization_cluster_04_local_minimum_436,cos(alpha_e)|+>+sin(alpha_e)|-> tensor cos(alpha_p)|+>+sin(alpha_p)|->,2.7264271026630089e+00,2.0182583874654942e+00,p_gamma_lepton,|+1+1+1>,7,1,1,1,-1.3293892932960814e+00,1.7618575680206475e-01,1.3410135398384950e+00,3.0098291794924417e+00,1.7983173140301709e+00,2.6918157276874610e-01,1,9.9997369570886374e-01
max_c_ep_mixing_angles_polarization_04_local_minimum_436,C_e_p,polarization_cluster_04_local_minimum_436,cos(alpha_e)|+>+sin(alpha_e)|-> tensor cos(alpha_p)|+>+sin(alpha_p)|->,2.7264271026630089e+00,2.0182583874654942e+00,p_gamma_lepton,|-1+1-1>,1,-1,-1,1,-1.3290618030104746e+00,-1.7768570832774760e-01,1.3408868286195472e+00,-3.0086881611998395e+00,1.7979774871653871e+00,2.6913070570028280e-01,2,9.9997369570886374e-01
max_c_ep_mixing_angles_polarization_04_local_minimum_436,C_e_p,polarization_cluster_04_local_minimum_436,cos(alpha_e)|+>+sin(alpha_e)|-> tensor cos(alpha_p)|+>+sin(alpha_p)|->,2.7264271026630089e+00,2.0182583874654942e+00,p_gamma_lepton,|-1-1-1>,0,-1,-1,-1,-1.2308885808098429e+00,-1.6491422789339669e-01,1.2418870322737670e+00,-3.0084059829249585e+00,1.5422834009297444e+00,2.3085707304180139e-01,3,9.9997369570886374e-01
max_c_ep_mixing_angles_polarization_04_local_minimum_436,C_e_p,polarization_cluster_04_local_minimum_436,cos(alpha_e)|+>+sin(alpha_e)|-> tensor cos(alpha_p)|+>+sin(alpha_p)|->,2.7264271026630089e+00,2.0182583874654942e+00,p_gamma_lepton,|+1-1+1>,6,1,1,-1,-1.2310270068267830e+00,1.6279939985630384e-01,1.2417451977481053e+00,3.0101088134872032e+00,1.5419311361304813e+00,2.3080434419803342e-01,4,9.9997369570886374e-01
max_c_ep_mixing_angles_polarization_04_local_minimum_447,C_e_p,polarization_cluster_04_local_minimum_447,cos(alpha_e)|+>+sin(alpha_e)|-> tensor cos(alpha_p)|+>+sin(alpha_p)|->,1.8033912445071532e+00,2.8877325301588050e+00,p_gamma_lepton,|-1-1-1>,0,-1,-1,-1,-2.1000695056143606e-01,3.1014294090980099e-01,3.7455515358928615e-01,2.1660075302110910e+00,1.4029156308029378e-01,2.7284407283998630e-01,1,9.9999929291800871e-01
max_c_ep_mixing_angles_polarization_04_local_minimum_447,C_e_p,polarization_cluster_04_local_minimum_447,cos(alpha_e)|+>+sin(alpha_e)|-> tensor cos(alpha_p)|+>+sin(alpha_p)|->,1.8033912445071532e+00,2.8877325301588050e+00,p_gamma_lepton,|+1-1+1>,6,1,1,-1,-2.1010392799457700e-01,-3.1006450754053461e-01,3.7454460267784478e-01,-2.1663393372714581e+00,1.4028365939510462e-01,2.7282870146903493e-01,2,9.9999929291800871e-01
max_c_ep_mixing_angles_polarization_04_local_minimum_447,C_e_p,polarization_cluster_04_local_minimum_447,cos(alpha_e)|+>+sin(alpha_e)|-> tensor cos(alpha_p)|+>+sin(alpha_p)|->,1.8033912445071532e+00,2.8877325301588050e+00,p_gamma_lepton,|-1+1-1>,1,-1,-1,1,-1.9161704087399539e-01,2.8299918436378801e-01,3.4176838458797754e-01,2.1659831328402381e+00,1.1680562870387572e-01,2.2716778376729968e-01,3,9.9999929291800871e-01
max_c_ep_mixing_angles_polarization_04_local_minimum_447,C_e_p,polarization_cluster_04_local_minimum_447,cos(alpha_e)|+>+sin(alpha_e)|-> tensor cos(alpha_p)|+>+sin(alpha_p)|->,1.8033912445071532e+00,2.8877325301588050e+00,p_gamma_lepton,|+1+1+1>,7,1,1,1,-1.9162520546909070e-01,-2.8298543520190278e-01,3.4176157757635883e-01,-2.1660254702345791e+00,1.1680097590748154e-01,2.2715873484168783e-01,4,9.9999929291800871e-01
max_c_ep_mixing_angles_polarization_04_local_minimum_449,C_e_p,polarization_cluster_04_local_minimum_449,cos(alpha_e)|+>+sin(alpha_e)|-> tensor cos(alpha_p)|+>+sin(alpha_p)|->,3.0780454161283393e+00,1.6372700640062980e+00,p_gamma_lepton,|+1+1+1>,7,1,1,1,-2.6484117544455395e-02,3.5896157169940483e-02,4.4608772474453946e-02,2.2064423916053069e+00,1.9899425816775999e-03,2.6262924146451816e-01,1,9.9999855375943414e-01
max_c_ep_mixing_angles_polarization_04_local_minimum_449,C_e_p,polarization_cluster_04_local_minimum_449,cos(alpha_e)|+>+sin(alpha_e)|-> tensor cos(alpha_p)|+>+sin(alpha_p)|->,3.0780454161283393e+00,1.6372700640062980e+00,p_gamma_lepton,|-1+1-1>,1,-1,-1,1,-2.6475510421886613e-02,-3.5893486107260404e-02,4.4601513393959208e-02,-2.2063226591764011e+00,1.9892949970315220e-03,2.6254377434302956e-01,2,9.9999855375943414e-01
max_c_ep_mixing_angles_polarization_04_local_minimum_449,C_e_p,polarization_cluster_04_local_minimum_449,cos(alpha_e)|+>+sin(alpha_e)|-> tensor cos(alpha_p)|+>+sin(alpha_p)|->,3.0780454161283393e+00,1.6372700640062980e+00,p_gamma_lepton,|-1-1-1>,0,-1,-1,-1,-2.5177047175073547e-02,-3.4133842339674980e-02,4.2414654275682445e-02,-2.2063126655064664e+00,1.7990028973256672e-03,2.3742934628736823e-01,3,9.9999855375943414e-01
max_c_ep_mixing_angles_polarization_04_local_minimum_449,C_e_p,polarization_cluster_04_local_minimum_449,cos(alpha_e)|+>+sin(alpha_e)|-> tensor cos(alpha_p)|+>+sin(alpha_p)|->,3.0780454161283393e+00,1.6372700640062980e+00,p_gamma_lepton,|+1-1+1>,6,1,1,-1,-2.5180251734522791e-02,3.4127798159725893e-02,4.2411692782119981e-02,2.2064580664927322e+00,1.7987516846449281e-03,2.3739619166451817e-01,4,9.9999855375943414e-01
max_c_ep_mixing_angles_polarization_04_local_minimum_450,C_e_p,polarization_cluster_04_local_minimum_450,cos(alpha_e)|+>+sin(alpha_e)|-> tensor cos(alpha_p)|+>+sin(alpha_p)|->,1.8123689318198604e+00,2.8996246053466814e+00,p_gamma_lepton,|-1-1-1>,0,-1,-1,-1,-1.7960506164191614e+00,-1.2651406780403538e-03,1.7960510620025771e+00,-3.1408882522454054e+00,3.2257994173205842e+00,2.6407604427065434e-01,1,9.9996554844701235e-01
max_c_ep_mixing_angles_polarization_04_local_minimum_450,C_e_p,polarization_cluster_04_local_minimum_450,cos(alpha_e)|+>+sin(alpha_e)|-> tensor cos(alpha_p)|+>+sin(alpha_p)|->,1.8123689318198604e+00,2.8996246053466814e+00,p_gamma_lepton,|+1-1+1>,6,1,1,-1,-1.7959919603574093e+00,1.2307504786861702e-03,1.7959923820593424e+00,3.1409073775344449e+00,3.2255886364151900e+00,2.6405878895483853e-01,2,9.9996554844701235e-01
max_c_ep_mixing_angles_polarization_04_local_minimum_450,C_e_p,polarization_cluster_04_local_minimum_450,cos(alpha_e)|+>+sin(alpha_e)|-> tensor cos(alpha_p)|+>+sin(alpha_p)|->,1.8123689318198604e+00,2.8996246053466814e+00,p_gamma_lepton,|-1+1-1>,1,-1,-1,1,-1.6976031606858084e+00,-1.2138143465860144e-03,1.6976035946344230e+00,-3.1408776371667311e+00,2.8818579645157145e+00,2.3591970639368412e-01,3,9.9996554844701235e-01
max_c_ep_mixing_angles_polarization_04_local_minimum_450,C_e_p,polarization_cluster_04_local_minimum_450,cos(alpha_e)|+>+sin(alpha_e)|-> tensor cos(alpha_p)|+>+sin(alpha_p)|->,1.8123689318198604e+00,2.8996246053466814e+00,p_gamma_lepton,|+1+1+1>,7,1,1,1,-1.6975719371956284e+00,1.1127237476167675e-03,1.6975723018794389e+00,3.1409371740994261e+00,2.8817517201082574e+00,2.3591100882783533e-01,4,9.9996554844701235e-01
max_c_ep_mixing_angles_polarization_04_local_minimum_451,C_e_p,polarization_cluster_04_local_minimum_451,cos(alpha_e)|+>+sin(alpha_e)|-> tensor cos(alpha_p)|+>+sin(alpha_p)|->,2.8159660654935315e+00,1.9187123218177615e+00,p_gamma_lepton,|+1+1+1>,7,1,1,1,-1.0056441333340482e+00,-1.9590249070327078e-02,1.0058349271962206e+00,-3.1221148175087490e+00,1.0117039007678263e+00,2.6601522726719784e-01,1,9.9998346162531782e-01
max_c_ep_mixing_angles_polarization_04_local_minimum_451,C_e_p,polarization_cluster_04_local_minimum_451,cos(alpha_e)|+>+sin(alpha_e)|-> tensor cos(alpha_p)|+>+sin(alpha_p)|->,2.8159660654935315e+00,1.9187123218177615e+00,p_gamma_lepton,|-1+1-1>,1,-1,-1,1,-1.0055469863909290e+00,1.9868362119066431e-02,1.0057432543413720e+00,3.1218364637745415e+00,1.0115194936531733e+00,2.6596673966081724e-01,2,9.9998346162531782e-01
max_c_ep_mixing_angles_polarization_04_local_minimum_451,C_e_p,polarization_cluster_04_local_minimum_451,cos(alpha_e)|+>+sin(alpha_e)|-> tensor cos(alpha_p)|+>+sin(alpha_p)|->,2.8159660654935315e+00,1.9187123218177615e+00,p_gamma_lepton,|-1-1-1>,0,-1,-1,-1,-9.4322368542835155e-01,1.8553136950127603e-02,9.4340613716666699e-01,3.1219252671367475e+00,8.9001513964373213e-01,2.3401864860250962e-01,3,9.9998346162531782e-01
max_c_ep_mixing_angles_polarization_04_local_minimum_451,C_e_p,polarization_cluster_04_local_minimum_451,cos(alpha_e)|+>+sin(alpha_e)|-> tensor cos(alpha_p)|+>+sin(alpha_p)|->,2.8159660654935315e+00,1.9187123218177615e+00,p_gamma_lepton,|+1-1+1>,6,1,1,-1,-9.4315591443606073e-01,-1.8327501523092874e-02,9.4333396856458052e-01,-3.1221629973649363e+00,8.8987897624780099e-01,2.3398284609479306e-01,4,9.9998346162531782e-01
max_c_ep_mixing_angles_polarization_04_local_minimum_461,C_e_p,polarization_cluster_04_local_minimum_461,cos(alpha_e)|+>+sin(alpha_e)|-> tensor cos(alpha_p)|+>+sin(alpha_p)|->,2.8217073461790161e+00,1.8940582838939388e+00,p_gamma_lepton,|+1+1+1>,7,1,1,1,4.4010610938341008e+00,-8.6068649318938213e-03,4.4010695097651169e+00,-1.9556315570456169e-03,1.9369412829784167e+01,2.6509431541696782e-01,1,9.9993226123334567e-01
max_c_ep_mixing_angles_polarization_04_local_minimum_461,C_e_p,polarization_cluster_04_local_minimum_461,cos(alpha_e)|+>+sin(alpha_e)|-> tensor cos(alpha_p)|+>+sin(alpha_p)|->,2.8217073461790161e+00,1.8940582838939388e+00,p_gamma_lepton,|-1+1-1>,1,-1,-1,1,4.4008348094231442e+00,1.0031627749281111e-02,4.4008462428703119e+00,2.2794789645215834e-03,1.9367447653385739e+01,2.6506741955303054e-01,2,9.9993226123334567e-01
max_c_ep_mixing_angles_polarization_04_local_minimum_461,C_e_p,polarization_cluster_04_local_minimum_461,cos(alpha_e)|+>+sin(alpha_e)|-> tensor cos(alpha_p)|+>+sin(alpha_p)|->,2.8217073461790161e+00,1.8940582838939388e+00,p_gamma_lepton,|-1-1-1>,0,-1,-1,-1,4.1429599748405286e+00,7.5370591796612655e-03,4.1429668307134335e+00,1.8192429833823638e-03,1.7164174160391713e+01,2.3491290307726648e-01,3,9.9993226123334567e-01
max_c_ep_mixing_angles_polarization_04_local_minimum_461,C_e_p,polarization_cluster_04_local_minimum_461,cos(alpha_e)|+>+sin(alpha_e)|-> tensor cos(alpha_p)|+>+sin(alpha_p)|->,2.8217073461790161e+00,1.8940582838939388e+00,p_gamma_lepton,|+1-1+1>,6,1,1,-1,4.1424710113477801e+00,-8.3062278073367905e-03,4.1424793389076893e+00,-2.0051357396728585e-03,1.7160135073277086e+01,2.3485762318608078e-01,4,9.9993226123334567e-01
max_c_ep_mixing_angles_polarization_04_local_minimum_464,C_e_p,polarization_cluster_04_local_minimum_464,cos(alpha_e)|+>+sin(alpha_e)|-> tensor cos(alpha_p)|+>+sin(alpha_p)|->,2.7063859802893733e+00,2.0204353733504337e+00,p_gamma_lepton,|+1+1+1>,7,1,1,1,8.2764693226453314e+00,1.0828538298420375e-03,8.2764693934830493e+00,1.3083523679602329e-04,6.8499945621261674e+01,2.6913235744251257e-01,1,9.9980760703665283e-01
max_c_ep_mixing_angles_polarization_04_local_minimum_464,C_e_p,polarization_cluster_04_local_minimum_464,cos(alpha_e)|+>+sin(alpha_e)|-> tensor cos(alpha_p)|+>+sin(alpha_p)|->,2.7063859802893733e+00,2.0204353733504337e+00,p_gamma_lepton,|-1+1-1>,1,-1,-1,1,8.2759164034830341e+00,-1.6078471793418774e-03,8.2759165596695148e+00,-1.9428025619445515e-04,6.8490794902612095e+01,2.6909640479378977e-01,2,9.9980760703665283e-01
max_c_ep_mixing_angles_polarization_04_local_minimum_464,C_e_p,polarization_cluster_04_local_minimum_464,cos(alpha_e)|+>+sin(alpha_e)|-> tensor cos(alpha_p)|+>+sin(alpha_p)|->,2.7063859802893733e+00,2.0204353733504337e+00,p_gamma_lepton,|-1-1-1>,0,-1,-1,-1,7.6648578191217807e+00,-9.3785246987926362e-04,7.6648578764983997e+00,-1.2235745102267477e-04,5.8750046266919554e+01,2.3082556209745381e-01,3,9.9980760703665283e-01
max_c_ep_mixing_angles_polarization_04_local_minimum_464,C_e_p,polarization_cluster_04_local_minimum_464,cos(alpha_e)|+>+sin(alpha_e)|-> tensor cos(alpha_p)|+>+sin(alpha_p)|->,2.7063859802893733e+00,2.0204353733504337e+00,p_gamma_lepton,|+1-1+1>,6,1,1,-1,7.6636576522994977e+00,1.0011241075223807e-03,7.6636577176892580e+00,1.3063267531624384e-04,5.8731649613898142e+01,2.3075328270289663e-01,4,9.9980760703665283e-01
max_c_ep_mixing_angles_polarization_04_local_minimum_466,C_e_p,polarization_cluster_04_local_minimum_466,cos(alpha_e)|+>+sin(alpha_e)|-> tensor cos(alpha_p)|+>+sin(alpha_p)|->,2.5887871714510227e+00,2.1639578159336703e+00,p_gamma_lepton,|+1+1+1>,7,1,1,1,7.2055252931136478e+00,-1.5570628171643331e-03,7.2055254613487518e+00,-2.1609289116175214e-04,5.1919597174145132e+01,2.7988764595085480e-01,1,9.9961083694992992e-01
max_c_ep_mixing_angles_polarization_04_local_minimum_466,C_e_p,polarization_cluster_04_local_minimum_466,cos(alpha_e)|+>+sin(alpha_e)|-> tensor cos(alpha_p)|+>+sin(alpha_p)|->,2.5887871714510227e+00,2.1639578159336703e+00,p_gamma_lepton,|-1+1-1>,1,-1,-1,1,7.2029839157886242e+00,1.1560764245719245e-03,7.2029840085635559e+00,1.6049965238863848e-04,5.1882978627622336e+01,2.7969024305595114e-01,2,9.9961083694992992e-01
max_c_ep_mixing_angles_polarization_04_local_minimum_466,C_e_p,polarization_cluster_04_local_minimum_466,cos(alpha_e)|+>+sin(alpha_e)|-> tensor cos(alpha_p)|+>+sin(alpha_p)|->,2.5887871714510227e+00,2.1639578159336703e+00,p_gamma_lepton,|-1-1-1>,0,-1,-1,-1,6.3896794191508866e+00,1.3111559823476516e-03,6.3896795536748501e+00,2.0519902141179699e-04,4.0828004798650419e+01,2.2009520053932546e-01,3,9.9961083694992992e-01
max_c_ep_mixing_angles_polarization_04_local_minimum_466,C_e_p,polarization_cluster_04_local_minimum_466,cos(alpha_e)|+>+sin(alpha_e)|-> tensor cos(alpha_p)|+>+sin(alpha_p)|->,2.5887871714510227e+00,2.1639578159336703e+00,p_gamma_lepton,|+1-1+1>,6,1,1,-1,6.3873934229652027e+00,-1.5017963117307602e-03,6.3873935995154776e+00,-2.3511880114628344e-04,4.0798796995131291e+01,2.1993774740379854e-01,4,9.9961083694992992e-01
max_c_ep_mixing_angles_polarization_04_local_minimum_473,C_e_p,polarization_cluster_04_local_minimum_473,cos(alpha_e)|+>+sin(alpha_e)|-> tensor cos(alpha_p)|+>+sin(alpha_p)|->,2.9813129920366381e+00,1.7300189431880533e+00,p_gamma_lepton,|+1+1+1>,7,1,1,1,4.8965903955284729e-01,-1.9899643330345347e-03,4.8966308312334883e-01,-4.0639571968073933e-03,2.3976993497386362e-01,2.6288142038324147e-01,1,9.9998177623820605e-01
max_c_ep_mixing_angles_polarization_04_local_minimum_473,C_e_p,polarization_cluster_04_local_minimum_473,cos(alpha_e)|+>+sin(alpha_e)|-> tensor cos(alpha_p)|+>+sin(alpha_p)|->,2.9813129920366381e+00,1.7300189431880533e+00,p_gamma_lepton,|-1+1-1>,1,-1,-1,1,4.8952534542261267e-01,1.8370375571596098e-03,4.8952879232800461e-01,3.7526737909107108e-03,2.3963843851811467e-01,2.6273724895046191e-01,2,9.9998177623820605e-01
max_c_ep_mixing_angles_polarization_04_local_minimum_473,C_e_p,polarization_cluster_04_local_minimum_473,cos(alpha_e)|+>+sin(alpha_e)|-> tensor cos(alpha_p)|+>+sin(alpha_p)|->,2.9813129920366381e+00,1.7300189431880533e+00,p_gamma_lepton,|-1-1-1>,0,-1,-1,-1,4.6518560194017833e-01,1.7623622472096249e-03,4.6518894029537766e-01,3.7884960503885450e-03,2.1640075017313640e-01,2.3725967387743671e-01,3,9.9998177623820605e-01
max_c_ep_mixing_angles_polarization_04_local_minimum_473,C_e_p,polarization_cluster_04_local_minimum_473,cos(alpha_e)|+>+sin(alpha_e)|-> tensor cos(alpha_p)|+>+sin(alpha_p)|->,2.9813129920366381e+00,1.7300189431880533e+00,p_gamma_lepton,|+1-1+1>,6,1,1,-1,4.6503183636602952e-01,-1.9069768913819853e-03,4.6503574636239087e-01,-4.1007218281697271e-03,2.1625824539482594e-01,2.3710343302706596e-01,4,9.9998177623820605e-01
max_c_ep_mixing_angles_polarization_04_local_minimum_476,C_e_p,polarization_cluster_04_local_minimum_476,cos(alpha_e)|+>+sin(alpha_e)|-> tensor cos(alpha_p)|+>+sin(alpha_p)|->,2.0594783367893141e+00,2.6117810160759940e+00,p_gamma_lepton,|+1-1+1>,6,1,1,-1,5.8361756835314582e-01,-7.5051390928901802e-06,5.8361756840140266e-01,-1.2859686718572398e-05,3.4060946614676590e-01,2.7416637009989692e-01,1,9.9999936280607726e-01
max_c_ep_mixing_angles_polarization_04_local_minimum_476,C_e_p,polarization_cluster_04_local_minimum_476,cos(alpha_e)|+>+sin(alpha_e)|-> tensor cos(alpha_p)|+>+sin(alpha_p)|->,2.0594783367893141e+00,2.6117810160759940e+00,p_gamma_lepton,|-1-1-1>,0,-1,-1,-1,5.8355440920151069e-01,6.5094232401706898e-10,5.8355440920151069e-01,1.1154783748575674e-09,3.4053574849852419e-01,2.7410703264148928e-01,2,9.9999936280607726e-01
max_c_ep_mixing_angles_polarization_04_local_minimum_476,C_e_p,polarization_cluster_04_local_minimum_476,cos(alpha_e)|+>+sin(alpha_e)|-> tensor cos(alpha_p)|+>+sin(alpha_p)|->,2.0594783367893141e+00,2.6117810160759940e+00,p_gamma_lepton,|-1+1-1>,1,-1,-1,1,5.2974010677745076e-01,-2.3355941220481875e-06,5.2974010678259953e-01,-4.4089433519411828e-06,2.8062458073403995e-01,2.2588280804710609e-01,3,9.9999936280607726e-01
max_c_ep_mixing_angles_polarization_04_local_minimum_476,C_e_p,polarization_cluster_04_local_minimum_476,cos(alpha_e)|+>+sin(alpha_e)|-> tensor cos(alpha_p)|+>+sin(alpha_p)|->,2.0594783367893141e+00,2.6117810160759940e+00,p_gamma_lepton,|+1+1+1>,7,1,1,1,5.2969360410364186e-01,2.0867440351693231e-09,5.2969360410364186e-01,3.9395303605761924e-09,2.8057531422830567e-01,2.2584315201758501e-01,4,9.9999936280607726e-01
max_c_ep_mixing_angles_polarization_04_local_minimum_491,C_e_p,polarization_cluster_04_local_minimum_491,cos(alpha_e)|+>+sin(alpha_e)|-> tensor cos(alpha_p)|+>+sin(alpha_p)|->,2.1684135141153211e+00,2.4800142260179752e+00,p_gamma_lepton,|-1-1-1>,0,-1,-1,-1,-4.6805378888549312e+00,1.0615119363147765e-02,4.6805499259986183e+00,3.1393247302408809e+00,2.1907547609765672e+01,2.9046599275763341e-01,1,9.9958774000547823e-01
max_c_ep_mixing_angles_polarization_04_local_minimum_491,C_e_p,polarization_cluster_04_local_minimum_491,cos(alpha_e)|+>+sin(alpha_e)|-> tensor cos(alpha_p)|+>+sin(alpha_p)|->,2.1684135141153211e+00,2.4800142260179752e+00,p_gamma_lepton,|+1-1+1>,6,1,1,-1,-4.6769076326760697e+00,-1.0439162447493858e-02,4.6769192831068063e+00,-3.1393605921656502e+00,2.1873573980696282e+01,2.9001554599512946e-01,2,9.9958774000547823e-01
max_c_ep_mixing_angles_polarization_04_local_minimum_491,C_e_p,polarization_cluster_04_local_minimum_491,cos(alpha_e)|+>+sin(alpha_e)|-> tensor cos(alpha_p)|+>+sin(alpha_p)|->,2.1684135141153211e+00,2.4800142260179752e+00,p_gamma_lepton,|+1+1+1>,7,1,1,1,-3.9777958557026118e+00,-8.6161118466099706e-03,3.9778051871639248e+00,-3.1394266051840343e+00,1.5822934107028230e+01,2.0979181903901531e-01,3,9.9958774000547823e-01
max_c_ep_mixing_angles_polarization_04_local_minimum_491,C_e_p,polarization_cluster_04_local_minimum_491,cos(alpha_e)|+>+sin(alpha_e)|-> tensor cos(alpha_p)|+>+sin(alpha_p)|->,2.1684135141153211e+00,2.4800142260179752e+00,p_gamma_lepton,|-1+1-1>,1,-1,-1,1,-3.9732654373169725e+00,9.3057007099395430e-03,3.9732763346441606e+00,3.1392505790815965e+00,1.5786924831443340e+01,2.0931438221370011e-01,4,9.9958774000547823e-01
max_c_ep_mixing_angles_polarization_04_local_minimum_495,C_e_p,polarization_cluster_04_local_minimum_495,cos(alpha_e)|+>+sin(alpha_e)|-> tensor cos(alpha_p)|+>+sin(alpha_p)|->,2.8354477818774830e+00,1.8954154142227271e+00,p_gamma_lepton,|+1+1+1>,7,1,1,1,-6.5531908368734695e-02,-8.7226436409563046e-01,8.7472255709202040e-01,-1.6457839489144055e+00,7.6513955188560268e-01,2.6571160667600247e-01,1,9.9999918531667431e-01
max_c_ep_mixing_angles_polarization_04_local_minimum_495,C_e_p,polarization_cluster_04_local_minimum_495,cos(alpha_e)|+>+sin(alpha_e)|-> tensor cos(alpha_p)|+>+sin(alpha_p)|->,2.8354477818774830e+00,1.8954154142227271e+00,p_gamma_lepton,|-1+1-1>,1,-1,-1,1,-6.5353782990050444e-02,8.7222016819593851e-01,8.7466515807985734e-01,1.6455846569221848e+00,7.6503913875886198e-01,2.6567673600022590e-01,2,9.9999918531667431e-01
max_c_ep_mixing_angles_polarization_04_local_minimum_495,C_e_p,polarization_cluster_04_local_minimum_495,cos(alpha_e)|+>+sin(alpha_e)|-> tensor cos(alpha_p)|+>+sin(alpha_p)|->,2.8354477818774830e+00,1.8954154142227271e+00,p_gamma_lepton,|-1-1-1>,0,-1,-1,-1,-6.1196634017518722e-02,8.1916837917421126e-01,8.2145107063901157e-01,1.6453636196817982e+00,6.7478186145397834e-01,2.3433290322125100e-01,3,9.9999918531667431e-01
max_c_ep_mixing_angles_polarization_04_local_minimum_495,C_e_p,polarization_cluster_04_local_minimum_495,cos(alpha_e)|+>+sin(alpha_e)|-> tensor cos(alpha_p)|+>+sin(alpha_p)|->,2.8354477818774830e+00,1.8954154142227271e+00,p_gamma_lepton,|+1-1+1>,6,1,1,-1,-6.1572416109690511e-02,-8.1904360445995017e-01,8.2135472752783989e-01,-1.6458311805821653e+00,6.7462358843233206e-01,2.3427793941919492e-01,4,9.9999918531667431e-01
max_c_ep_mixing_angles_polarization_04_local_minimum_497,C_e_p,polarization_cluster_04_local_minimum_497,cos(alpha_e)|+>+sin(alpha_e)|-> tensor cos(alpha_p)|+>+sin(alpha_p)|->,2.7687964173077151e+00,1.9508310428989020e+00,p_gamma_lepton,|+1+1+1>,7,1,1,1,6.8076993804484278e+00,1.1774794679777144e-02,6.8077095634543383e+00,1.7296273351500233e-03,4.6344909500347669e+01,2.6650716613439912e-01,1,9.9989407643737960e-01
max_c_ep_mixing_angles_polarization_04_local_minimum_497,C_e_p,polarization_cluster_04_local_minimum_497,cos(alpha_e)|+>+sin(alpha_e)|-> tensor cos(alpha_p)|+>+sin(alpha_p)|->,2.7687964173077151e+00,1.9508310428989020e+00,p_gamma_lepton,|-1+1-1>,1,-1,-1,1,6.8068727469518855e+00,-1.2504345073680872e-02,6.8068842322932177e+00,-1.8370155389561870e-03,4.6333672951842040e+01,2.6644255017696927e-01,2,9.9989407643737960e-01
max_c_ep_mixing_angles_polarization_04_local_minimum_497,C_e_p,polarization_cluster_04_local_minimum_497,cos(alpha_e)|+>+sin(alpha_e)|-> tensor cos(alpha_p)|+>+sin(alpha_p)|->,2.7687964173077151e+00,1.9508310428989020e+00,p_gamma_lepton,|-1-1-1>,0,-1,-1,-1,6.3724378648415305e+00,-1.0279471316552451e-02,6.3724461558177667e+00,-1.6131130061039416e-03,4.0608070008796631e+01,2.3351737605940279e-01,3,9.9989407643737960e-01
max_c_ep_mixing_angles_polarization_04_local_minimum_497,C_e_p,polarization_cluster_04_local_minimum_497,cos(alpha_e)|+>+sin(alpha_e)|-> tensor cos(alpha_p)|+>+sin(alpha_p)|->,2.7687964173077151e+00,1.9508310428989020e+00,p_gamma_lepton,|+1-1+1>,6,1,1,-1,6.3712027217229297e+00,1.1267336276381965e-02,6.3712126847372179e+00,1.7684768515881602e-03,4.0592351074156426e+01,2.3342698406660836e-01,4,9.9989407643737960e-01
max_c_ep_mixing_angles_polarization_04_local_minimum_498,C_e_p,polarization_cluster_04_local_minimum_498,cos(alpha_e)|+>+sin(alpha_e)|-> tensor cos(alpha_p)|+>+sin(alpha_p)|->,1.9856120974832354e+00,2.6939312721182160e+00,p_gamma_lepton,|-1-1-1>,0,-1,-1,-1,1.4251099783973313e+00,2.1170366788981831e-02,1.4252672152819703e+00,1.4854158650567774e-02,2.0313866349576224e+00,2.6915221852497517e-01,1,9.9996295014759418e-01
max_c_ep_mixing_angles_polarization_04_local_minimum_498,C_e_p,polarization_cluster_04_local_minimum_498,cos(alpha_e)|+>+sin(alpha_e)|-> tensor cos(alpha_p)|+>+sin(alpha_p)|->,1.9856120974832354e+00,2.6939312721182160e+00,p_gamma_lepton,|+1-1+1>,6,1,1,-1,1.4250441460488295e+00,-2.1381945070091096e-02,1.4252045487448524e+00,-1.5003283061339471e-02,2.0312080057630175e+00,2.6912855072919772e-01,2,9.9996295014759418e-01
max_c_ep_mixing_angles_polarization_04_local_minimum_498,C_e_p,polarization_cluster_04_local_minimum_498,cos(alpha_e)|+>+sin(alpha_e)|-> tensor cos(alpha_p)|+>+sin(alpha_p)|->,1.9856120974832354e+00,2.6939312721182160e+00,p_gamma_lepton,|+1+1+1>,7,1,1,1,1.3198375246762064e+00,-1.9856471427710395e-02,1.3199868828897412e+00,-1.5043498270652583e-02,1.7423653710009754e+00,2.3085782736568372e-01,3,9.9996295014759418e-01
max_c_ep_mixing_angles_polarization_04_local_minimum_498,C_e_p,polarization_cluster_04_local_minimum_498,cos(alpha_e)|+>+sin(alpha_e)|-> tensor cos(alpha_p)|+>+sin(alpha_p)|->,1.9856120974832354e+00,2.6939312721182160e+00,p_gamma_lepton,|-1+1-1>,1,-1,-1,1,1.3197462989389790e+00,1.9556037114263066e-02,1.3198911819353698e+00,1.4816943215879572e-02,1.7421127321507475e+00,2.3082435352773761e-01,4,9.9996295014759418e-01
max_c_ep_mixing_angles_polarization_04_local_minimum_499,C_e_p,polarization_cluster_04_local_minimum_499,cos(alpha_e)|+>+sin(alpha_e)|-> tensor cos(alpha_p)|+>+sin(alpha_p)|->,1.7602160818096177e+00,2.8505590449158302e+00,p_gamma_lepton,|+1-1+1>,6,1,1,-1,-1.2721818961052073e-01,3.8669122448331462e-02,1.3296529170690544e-01,2.8465076553188782e+00,1.7679768798702457e-02,3.5773537266455807e-01,1,9.9996013753857704e-01
max_c_ep_mixing_angles_polarization_04_local_minimum_499,C_e_p,polarization_cluster_04_local_minimum_499,cos(alpha_e)|+>+sin(alpha_e)|-> tensor cos(alpha_p)|+>+sin(alpha_p)|->,1.7602160818096177e+00,2.8505590449158302e+00,p_gamma_lepton,|-1-1-1>,0,-1,-1,-1,-1.2703439770146469e-01,-3.9205381224154824e-02,1.3294660626095428e-01,-2.8422463010724384e+00,1.7674800116305209e-02,3.5763483552126912e-01,2,9.9996013753857704e-01
max_c_ep_mixing_angles_polarization_04_local_minimum_499,C_e_p,polarization_cluster_04_local_minimum_499,cos(alpha_e)|+>+sin(alpha_e)|-> tensor cos(alpha_p)|+>+sin(alpha_p)|->,1.7602160818096177e+00,2.8505590449158302e+00,p_gamma_lepton,|-1+1-1>,1,-1,-1,1,-8.0121759851099456e-02,-2.4797618120400881e-02,8.3871438917443683e-02,-2.8414439688317747e+00,7.0344182660824865e-03,1.4233558529792989e-01,3,9.9996013753857704e-01
max_c_ep_mixing_angles_polarization_04_local_minimum_499,C_e_p,polarization_cluster_04_local_minimum_499,cos(alpha_e)|+>+sin(alpha_e)|-> tensor cos(alpha_p)|+>+sin(alpha_p)|->,1.7602160818096177e+00,2.8505590449158302e+00,p_gamma_lepton,|+1+1+1>,7,1,1,1,-8.0237171885025757e-02,2.4339257614316354e-02,8.3847499744018755e-02,2.8470731628714034e+00,7.0304032133232230e-03,1.4225434405481993e-01,4,9.9996013753857704e-01
max_c_ep_mixing_angles_polarization_04_local_minimum_500,C_e_p,polarization_cluster_04_local_minimum_500,cos(alpha_e)|+>+sin(alpha_e)|-> tensor cos(alpha_p)|+>+sin(alpha_p)|->,1.9990676804862968e+00,2.6823242120829542e+00,p_gamma_lepton,|-1-1-1>,0,-1,-1,-1,5.0556976693535416e-01,3.2099139021543494e-01,5.9886247322027608e-01,5.6569401531682839e-01,3.5863626183150588e-01,2.7002544171066678e-01,1,9.9999926586170096e-01
max_c_ep_mixing_angles_polarization_04_local_minimum_500,C_e_p,polarization_cluster_04_local_minimum_500,cos(alpha_e)|+>+sin(alpha_e)|-> tensor cos(alpha_p)|+>+sin(alpha_p)|->,1.9990676804862968e+00,2.6823242120829542e+00,p_gamma_lepton,|+1-1+1>,6,1,1,-1,5.0548079679096070e-01,-3.2095695986939826e-01,5.9876890868934651e-01,-5.6572511493526301e-01,3.5852420601303098e-01,2.6994107232279335e-01,2,9.9999926586170096e-01
max_c_ep_mixing_angles_polarization_04_local_minimum_500,C_e_p,polarization_cluster_04_local_minimum_500,cos(alpha_e)|+>+sin(alpha_e)|-> tensor cos(alpha_p)|+>+sin(alpha_p)|->,1.9990676804862968e+00,2.6823242120829542e+00,p_gamma_lepton,|+1+1+1>,7,1,1,1,4.6664436854867775e-01,-2.9629424200569437e-01,5.5276328074857073e-01,-5.6571995344809223e-01,3.0554724454392324e-01,2.3005350672044608e-01,3,9.9999926586170096e-01
max_c_ep_mixing_angles_polarization_04_local_minimum_500,C_e_p,polarization_cluster_04_local_minimum_500,cos(alpha_e)|+>+sin(alpha_e)|-> tensor cos(alpha_p)|+>+sin(alpha_p)|->,1.9990676804862968e+00,2.6823242120829542e+00,p_gamma_lepton,|-1+1-1>,1,-1,-1,1,4.6657872535766148e-01,2.9623117068351401e-01,5.5267405714481055e-01,5.6568727833977916e-01,3.0544861344090529e-01,2.2997924510779480e-01,4,9.9999926586170096e-01
max_c_ep_mixing_angles_polarization_04_local_minimum_519,C_e_p,polarization_cluster_04_local_minimum_519,cos(alpha_e)|+>+sin(alpha_e)|-> tensor cos(alpha_p)|+>+sin(alpha_p)|->,2.0848830567687271e+00,2.5985710807513667e+00,p_gamma_lepton,|-1-1-1>,0,-1,-1,-1,-9.4416644057429515e+00,-8.6731930298213702e-03,9.4416683893764635e+00,-3.1406740453637960e+00,8.9145101974950748e+01,2.7497464066258481e-01,1,9.9966862434555404e-01
max_c_ep_mixing_angles_polarization_04_local_minimum_519,C_e_p,polarization_cluster_04_local_minimum_519,cos(alpha_e)|+>+sin(alpha_e)|-> tensor cos(alpha_p)|+>+sin(alpha_p)|->,2.0848830567687271e+00,2.5985710807513667e+00,p_gamma_lepton,|+1-1+1>,6,1,1,-1,-9.4404472090016256e+00,6.7123352407234983e-03,9.4404495952995244e+00,3.1408816349313562e+00,8.9122088561390981e+01,2.7490365409143486e-01,2,9.9966862434555404e-01
max_c_ep_mixing_angles_polarization_04_local_minimum_519,C_e_p,polarization_cluster_04_local_minimum_519,cos(alpha_e)|+>+sin(alpha_e)|-> tensor cos(alpha_p)|+>+sin(alpha_p)|->,2.0848830567687271e+00,2.5985710807513667e+00,p_gamma_lepton,|+1+1+1>,7,1,1,1,-8.5391404395676780e+00,7.4027824523160077e-03,8.5391436483905174e+00,3.1407257301974250e+00,7.2916974247848117e+01,2.2491778401508825e-01,3,9.9966862434555404e-01
max_c_ep_mixing_angles_polarization_04_local_minimum_519,C_e_p,polarization_cluster_04_local_minimum_519,cos(alpha_e)|+>+sin(alpha_e)|-> tensor cos(alpha_p)|+>+sin(alpha_p)|->,2.0848830567687271e+00,2.5985710807513667e+00,p_gamma_lepton,|-1+1-1>,1,-1,-1,1,-8.5382808167818620e+00,-8.3015441464288943e-03,8.5382848524665853e+00,-3.1406203803993575e+00,7.2902308221860338e+01,2.2487254557644615e-01,4,9.9966862434555404e-01
max_c_ep_mixing_angles_polarization_04_local_minimum_520,C_e_p,polarization_cluster_04_local_minimum_520,cos(alpha_e)|+>+sin(alpha_e)|-> tensor cos(alpha_p)|+>+sin(alpha_p)|->,1.7666456002164859e+00,2.9474117098299772e+00,p_gamma_lepton,|-1-1-1>,0,-1,-1,-1,-1.0350220018818821e+00,1.2803517749518675e-03,1.0350227937974343e+00,3.1403556256623260e+00,1.0712721836802463e+00,2.6309415478781095e-01,1,9.9998192647107753e-01
max_c_ep_mixing_angles_polarization_04_local_minimum_520,C_e_p,polarization_cluster_04_local_minimum_520,cos(alpha_e)|+>+sin(alpha_e)|-> tensor cos(alpha_p)|+>+sin(alpha_p)|->,1.7666456002164859e+00,2.9474117098299772e+00,p_gamma_lepton,|+1-1+1>,6,1,1,-1,-1.0349757543651341e+00,-9.7210361902726303e-04,1.0349762108904361e+00,-3.1406534013135290e+00,1.0711757571091245e+00,2.6307047334847661e-01,2,9.9998192647107753e-01
max_c_ep_mixing_angles_polarization_04_local_minimum_520,C_e_p,polarization_cluster_04_local_minimum_520,cos(alpha_e)|+>+sin(alpha_e)|-> tensor cos(alpha_p)|+>+sin(alpha_p)|->,1.7666456002164859e+00,2.9474117098299772e+00,p_gamma_lepton,|+1+1+1>,7,1,1,1,-9.8217488479223325e-01,-1.1275085845062493e-03,9.8217553196577079e-01,-3.1404446827887949e+00,9.6466877559224462e-01,2.3691338208067203e-01,3,9.9998192647107753e-01
max_c_ep_mixing_angles_polarization_04_local_minimum_520,C_e_p,polarization_cluster_04_local_minimum_520,cos(alpha_e)|+>+sin(alpha_e)|-> tensor cos(alpha_p)|+>+sin(alpha_p)|->,1.7666456002164859e+00,2.9474117098299772e+00,p_gamma_lepton,|-1+1-1>,1,-1,-1,1,-9.8215515966132161e-01,1.2144117457222334e-03,9.8215591045680950e-01,3.1403561777490032e+00,9.6463023244524437e-01,2.3690391625411797e-01,4,9.9998192647107753e-01
max_c_ep_mixing_angles_polarization_04_local_minimum_531,C_e_p,polarization_cluster_04_local_minimum_531,cos(alpha_e)|+>+sin(alpha_e)|-> tensor cos(alpha_p)|+>+sin(alpha_p)|->,2.0767389073065488e+00,2.6090005460530046e+00,p_gamma_lepton,|-1-1-1>,0,-1,-1,-1,-9.8047539295317225e+00,-5.0859117369162071e-03,9.8047552486110501e+00,-3.1410739346788126e+00,9.6133225485165966e+01,2.7397426286359677e-01,1,9.9968534683257770e-01
max_c_ep_mixing_angles_polarization_04_local_minimum_531,C_e_p,polarization_cluster_04_local_minimum_531,cos(alpha_e)|+>+sin(alpha_e)|-> tensor cos(alpha_p)|+>+sin(alpha_p)|->,2.0767389073065488e+00,2.6090005460530046e+00,p_gamma_lepton,|+1-1+1>,6,1,1,-1,-9.8039585790760402e+00,3.2961768557058565e-03,9.8039591331778073e+00,3.1412564448323894e+00,9.6117614685020584e+01,2.7392977296490717e-01,2,9.9968534683257770e-01
max_c_ep_mixing_angles_polarization_04_local_minimum_531,C_e_p,polarization_cluster_04_local_minimum_531,cos(alpha_e)|+>+sin(alpha_e)|-> tensor cos(alpha_p)|+>+sin(alpha_p)|->,2.0767389073065488e+00,2.6090005460530046e+00,p_gamma_lepton,|+1+1+1>,7,1,1,1,-8.9029935428069304e+00,4.3571601098738562e-03,8.9029946090125271e+00,3.1411032496897393e+00,7.9263313008106124e+01,2.2589596514550908e-01,3,9.9968534683257770e-01
max_c_ep_mixing_angles_polarization_04_local_minimum_531,C_e_p,polarization_cluster_04_local_minimum_531,cos(alpha_e)|+>+sin(alpha_e)|-> tensor cos(alpha_p)|+>+sin(alpha_p)|->,2.0767389073065488e+00,2.6090005460530046e+00,p_gamma_lepton,|-1+1-1>,1,-1,-1,1,-8.9027839725088089e+00,-4.9403953966501660e-03,8.9027853432881550e+00,-3.1410377266248366e+00,7.9259586868666418e+01,2.2588534585856465e-01,4,9.9968534683257770e-01
max_c_ep_mixing_angles_polarization_04_local_minimum_532,C_e_p,polarization_cluster_04_local_minimum_532,cos(alpha_e)|+>+sin(alpha_e)|-> tensor cos(alpha_p)|+>+sin(alpha_p)|->,2.5491461035394356e+00,2.2228955285545768e+00,p_gamma_lepton,|+1+1+1>,7,1,1,1,5.2708205477860659e+00,1.6929868094577643e-03,5.2708208196796198e+00,3.2119984656799489e-04,2.7781552113168139e+01,2.8858916765419051e-01,1,9.9956912511496243e-01
max_c_ep_mixing_angles_polarization_04_local_minimum_532,C_e_p,polarization_cluster_04_local_minimum_532,cos(alpha_e)|+>+sin(alpha_e)|-> tensor cos(alpha_p)|+>+sin(alpha_p)|->,2.5491461035394356e+00,2.2228955285545768e+00,p_gamma_lepton,|-1+1-1>,1,-1,-1,1,5.2672987645578830e+00,-1.8869892695169265e-03,5.2672991025611511e+00,-3.5824609028983897e-04,2.7744439835841508e+01,2.8820365279239246e-01,2,9.9956912511496243e-01
max_c_ep_mixing_angles_polarization_04_local_minimum_532,C_e_p,polarization_cluster_04_local_minimum_532,cos(alpha_e)|+>+sin(alpha_e)|-> tensor cos(alpha_p)|+>+sin(alpha_p)|->,2.5491461035394356e+00,2.2228955285545768e+00,p_gamma_lepton,|-1-1-1>,0,-1,-1,-1,4.5136879996611636e+00,-1.3809644779044169e-03,4.5136882109144496e+00,-3.0595035255414325e-04,2.0373381265348083e+01,2.1163458102405477e-01,3,9.9956912511496243e-01
max_c_ep_mixing_angles_polarization_04_local_minimum_532,C_e_p,polarization_cluster_04_local_minimum_532,cos(alpha_e)|+>+sin(alpha_e)|-> tensor cos(alpha_p)|+>+sin(alpha_p)|->,2.5491461035394356e+00,2.2228955285545768e+00,p_gamma_lepton,|+1-1+1>,6,1,1,-1,4.5084291542392361e+00,1.4247281670274070e-03,4.5084293793564809e+00,3.1601430805692067e-04,2.0325935468644662e+01,2.1114172364432471e-01,4,9.9956912511496243e-01
max_c_ep_mixing_angles_polarization_04_local_minimum_536,C_e_p,polarization_cluster_04_local_minimum_536,cos(alpha_e)|+>+sin(alpha_e)|-> tensor cos(alpha_p)|+>+sin(alpha_p)|->,1.9533884274311764e+00,2.7319182651459406e+00,p_gamma_lepton,|-1-1-1>,0,-1,-1,-1,1.2237244638440530e+00,-1.9170887707006545e-02,1.2238746203536903e+00,-1.5664735135910744e-02,1.4978690863458901e+00,2.6781325829247893e-01,1,9.9999021540130917e-01
max_c_ep_mixing_angles_polarization_04_local_minimum_536,C_e_p,polarization_cluster_04_local_minimum_536,cos(alpha_e)|+>+sin(alpha_e)|-> tensor cos(alpha_p)|+>+sin(alpha_p)|->,1.9533884274311764e+00,2.7319182651459406e+00,p_gamma_lepton,|+1-1+1>,6,1,1,-1,1.2235327742506796e+00,1.9302346739410503e-02,1.2236850208510410e+00,1.5774604543194046e-02,1.4974050302552133e+00,2.6773028684002859e-01,2,9.9999021540130917e-01
max_c_ep_mixing_angles_polarization_04_local_minimum_536,C_e_p,polarization_cluster_04_local_minimum_536,cos(alpha_e)|+>+sin(alpha_e)|-> tensor cos(alpha_p)|+>+sin(alpha_p)|->,1.9533884274311764e+00,2.7319182651459406e+00,p_gamma_lepton,|+1+1+1>,7,1,1,1,1.1396117546088027e+00,1.7967045197334705e-02,1.1397533794447277e+00,1.5764629215894357e-02,1.2990377659556769e+00,2.3226297939981319e-01,3,9.9999021540130917e-01
max_c_ep_mixing_angles_polarization_04_local_minimum_536,C_e_p,polarization_cluster_04_local_minimum_536,cos(alpha_e)|+>+sin(alpha_e)|-> tensor cos(alpha_p)|+>+sin(alpha_p)|->,1.9533884274311764e+00,2.7319182651459406e+00,p_gamma_lepton,|-1+1-1>,1,-1,-1,1,1.1394194327384233e+00,-1.7823147863318123e-02,1.1395588217822317e+00,-1.5641030772601722e-02,1.2985943083017080e+00,2.3218369086898846e-01,4,9.9999021540130917e-01
max_c_ep_mixing_angles_polarization_04_local_minimum_538,C_e_p,polarization_cluster_04_local_minimum_538,cos(alpha_e)|+>+sin(alpha_e)|-> tensor cos(alpha_p)|+>+sin(alpha_p)|->,1.9893975117344607e+00,2.7109465705792362e+00,p_gamma_lepton,|-1-1-1>,0,-1,-1,-1,-9.0154089127213535e+00,5.2509038937501740e-03,9.0154104418804657e+00,3.1410102170801655e+00,8.1277625435567302e+01,2.6822781138809748e-01,1,9.9984586914011342e-01
max_c_ep_mixing_angles_polarization_04_local_minimum_538,C_e_p,polarization_cluster_04_local_minimum_538,cos(alpha_e)|+>+sin(alpha_e)|-> tensor cos(alpha_p)|+>+sin(alpha_p)|->,1.9893975117344607e+00,2.7109465705792362e+00,p_gamma_lepton,|+1-1+1>,6,1,1,-1,-9.0143444767900007e+00,-2.3094588633703270e-03,9.0143447726296024e+00,-3.1413364553916008e+00,8.1258411679834637e+01,2.6816440324076174e-01,2,9.9984586914011342e-01
max_c_ep_mixing_angles_polarization_04_local_minimum_538,C_e_p,polarization_cluster_04_local_minimum_538,cos(alpha_e)|+>+sin(alpha_e)|-> tensor cos(alpha_p)|+>+sin(alpha_p)|->,1.9893975117344607e+00,2.7109465705792362e+00,p_gamma_lepton,|+1+1+1>,7,1,1,1,-8.3799982413717409e+00,-4.5837506836717643e-03,8.3799994949978238e+00,-3.1410456665744624e+00,7.0224391536163807e+01,2.3175055554173846e-01,3,9.9984586914011342e-01
max_c_ep_mixing_angles_polarization_04_local_minimum_538,C_e_p,polarization_cluster_04_local_minimum_538,cos(alpha_e)|+>+sin(alpha_e)|-> tensor cos(alpha_p)|+>+sin(alpha_p)|->,1.9893975117344607e+00,2.7109465705792362e+00,p_gamma_lepton,|-1+1-1>,1,-1,-1,1,-8.3791399365563226e+00,5.0303853016046484e-03,8.3791414465426808e+00,3.1409923074044630e+00,7.0210011381169394e+01,2.3170309896951574e-01,4,9.9984586914011342e-01
max_c_ep_mixing_angles_polarization_04_local_minimum_544,C_e_p,polarization_cluster_04_local_minimum_544,cos(alpha_e)|+>+sin(alpha_e)|-> tensor cos(alpha_p)|+>+sin(alpha_p)|->,2.1660983874261364e+00,2.4846058055290241e+00,p_gamma_lepton,|-1-1-1>,0,-1,-1,-1,-5.3831207126589264e+00,-6.3677902674817740e-05,5.3831207130355549e+00,-3.1415808244100161e+00,2.8977988611112423e+01,2.8949664605610581e-01,1,9.9955929953359701e-01
max_c_ep_mixing_angles_polarization_04_local_minimum_544,C_e_p,polarization_cluster_04_local_minimum_544,cos(alpha_e)|+>+sin(alpha_e)|-> tensor cos(alpha_p)|+>+sin(alpha_p)|->,2.1660983874261364e+00,2.4846058055290241e+00,p_gamma_lepton,|+1-1+1>,6,1,1,-1,-5.3792732412426698e+00,6.8255987090552270e-05,5.3792732416757101e+00,3.1415799648892895e+00,2.8936580608608303e+01,2.8908297076601930e-01,2,9.9955929953359701e-01
max_c_ep_mixing_angles_polarization_04_local_minimum_544,C_e_p,polarization_cluster_04_local_minimum_544,cos(alpha_e)|+>+sin(alpha_e)|-> tensor cos(alpha_p)|+>+sin(alpha_p)|->,2.1660983874261364e+00,2.4846058055290241e+00,p_gamma_lepton,|+1+1+1>,7,1,1,1,-4.5926248077746203e+00,5.1738496094763581e-05,4.5926248080660521e+00,3.1415813880285386e+00,2.1092202627663735e+01,2.1071586439587700e-01,3,9.9955929953359701e-01
max_c_ep_mixing_angles_polarization_04_local_minimum_544,C_e_p,polarization_cluster_04_local_minimum_544,cos(alpha_e)|+>+sin(alpha_e)|-> tensor cos(alpha_p)|+>+sin(alpha_p)|->,2.1660983874261364e+00,2.4846058055290241e+00,p_gamma_lepton,|-1+1-1>,1,-1,-1,1,-4.5876959128774919e+00,-5.4359990537024852e-05,4.5876959131995498e+00,-3.1415808045066007e+00,2.1046953791987850e+01,2.1026381831559490e-01,4,9.9955929953359701e-01
max_c_ep_mixing_angles_polarization_04_local_minimum_546,C_e_p,polarization_cluster_04_local_minimum_546,cos(alpha_e)|+>+sin(alpha_e)|-> tensor cos(alpha_p)|+>+sin(alpha_p)|->,2.2008765461130402e+00,2.3561637537920901e+00,p_gamma_lepton,|-1-1-1>,0,-1,-1,-1,1.8995396969169358e+00,2.4023827679063255e-03,1.8995412160851493e+00,1.2647177055190128e-03,3.6082568316062478e+00,3.1962429532183906e-01,1,9.9952815492096492e-01
max_c_ep_mixing_angles_polarization_04_local_minimum_546,C_e_p,polarization_cluster_04_local_minimum_546,cos(alpha_e)|+>+sin(alpha_e)|-> tensor cos(alpha_p)|+>+sin(alpha_p)|->,2.2008765461130402e+00,2.3561637537920901e+00,p_gamma_lepton,|+1-1+1>,6,1,1,-1,1.8976760916621465e+00,-2.4013742945323616e-03,1.8976776110458333e+00,-1.2654282905826854e-03,3.6011803154646218e+00,3.1899744790197454e-01,2,9.9952815492096492e-01
max_c_ep_mixing_angles_polarization_04_local_minimum_546,C_e_p,polarization_cluster_04_local_minimum_546,cos(alpha_e)|+>+sin(alpha_e)|-> tensor cos(alpha_p)|+>+sin(alpha_p)|->,2.2008765461130402e+00,2.3561637537920901e+00,p_gamma_lepton,|+1+1+1>,7,1,1,1,1.4285873196147416e+00,-1.8789889483460493e-03,1.4285885553102755e+00,-1.3152768745921873e-03,2.0408652603634994e+00,1.8078261917961183e-01,3,9.9952815492096492e-01
max_c_ep_mixing_angles_polarization_04_local_minimum_546,C_e_p,polarization_cluster_04_local_minimum_546,cos(alpha_e)|+>+sin(alpha_e)|-> tensor cos(alpha_p)|+>+sin(alpha_p)|->,2.2008765461130402e+00,2.3561637537920901e+00,p_gamma_lepton,|-1+1-1>,1,-1,-1,1,1.4259820216876102e+00,1.7327905752079051e-03,1.4259830744926330e+00,1.2151553778189251e-03,2.0334277287394618e+00,1.8012379251753946e-01,4,9.9952815492096492e-01
max_c_ep_mixing_angles_polarization_04_local_minimum_547,C_e_p,polarization_cluster_04_local_minimum_547,cos(alpha_e)|+>+sin(alpha_e)|-> tensor cos(alpha_p)|+>+sin(alpha_p)|->,2.5199062561986603e+00,2.3129213252705783e+00,p_gamma_lepton,|-1+1-1>,1,-1,-1,1,2.0700753662735005e+00,1.4451538090968925e-02,2.0701258099462367e+00,6.9810517819842493e-03,4.2854208690055628e+00,3.1554654146806982e-01,1,9.9971055847348289e-01
max_c_ep_mixing_angles_polarization_04_local_minimum_547,C_e_p,polarization_cluster_04_local_minimum_547,cos(alpha_e)|+>+sin(alpha_e)|-> tensor cos(alpha_p)|+>+sin(alpha_p)|->,2.5199062561986603e+00,2.3129213252705783e+00,p_gamma_lepton,|+1+1+1>,7,1,1,1,2.0691047723446085e+00,-1.4473009906827360e-02,2.0691553897556840e+00,-6.9947032478077749e-03,4.2814040269549984e+00,3.1525077107458377e-01,2,9.9971055847348289e-01
max_c_ep_mixing_angles_polarization_04_local_minimum_547,C_e_p,polarization_cluster_04_local_minimum_547,cos(alpha_e)|+>+sin(alpha_e)|-> tensor cos(alpha_p)|+>+sin(alpha_p)|->,2.5199062561986603e+00,2.3129213252705783e+00,p_gamma_lepton,|+1-1+1>,6,1,1,-1,1.5833900663742035e+00,-1.1420301921632096e-02,1.5834312506668820e+00,-7.2124387655333648e-03,2.5072545255884866e+00,1.8461558813316784e-01,3,9.9971055847348289e-01
max_c_ep_mixing_angles_polarization_04_local_minimum_547,C_e_p,polarization_cluster_04_local_minimum_547,cos(alpha_e)|+>+sin(alpha_e)|-> tensor cos(alpha_p)|+>+sin(alpha_p)|->,2.5199062561986603e+00,2.3129213252705783e+00,p_gamma_lepton,|-1-1-1>,0,-1,-1,-1,1.5820310896610117e+00,1.0694011636432601e-02,1.5820672332549233e+00,6.7595692838732869e-03,2.5029367305388877e+00,1.8429765779766147e-01,4,9.9971055847348289e-01
max_c_ep_mixing_angles_polarization_04_local_minimum_552,C_e_p,polarization_cluster_04_local_minimum_552,cos(alpha_e)|+>+sin(alpha_e)|-> tensor cos(alpha_p)|+>+sin(alpha_p)|->,3.0580953760505789e+00,1.4798569462624465e+00,p_gamma_lepton,|-1+1-1>,1,-1,-1,1,5.9807180802707506e-02,-3.6536815535302115e-02,7.0084504457322366e-02,-5.4840309280137767e-01,4.9118377650284387e-03,2.6321093639810611e-01,1,9.9998646308973338e-01
max_c_ep_mixing_angles_polarization_04_local_minimum_552,C_e_p,polarization_cluster_04_local_minimum_552,cos(alpha_e)|+>+sin(alpha_e)|-> tensor cos(alpha_p)|+>+sin(alpha_p)|->,3.0580953760505789e+00,1.4798569462624465e+00,p_gamma_lepton,|+1+1+1>,7,1,1,1,-6.0552197145706296e-02,-3.5272312261291690e-02,7.0076419653336677e-02,-2.6141320858276216e+00,4.9107045914305487e-03,2.6315021295851576e-01,2,9.9998646308973338e-01
max_c_ep_mixing_angles_polarization_04_local_minimum_552,C_e_p,polarization_cluster_04_local_minimum_552,cos(alpha_e)|+>+sin(alpha_e)|-> tensor cos(alpha_p)|+>+sin(alpha_p)|->,3.0580953760505789e+00,1.4798569462624465e+00,p_gamma_lepton,|+1-1+1>,6,1,1,-1,-5.7354587623401482e-02,-3.3618543487101936e-02,6.6481239366039210e-02,-2.6114172551380466e+00,4.4197551876446013e-03,2.3684167866313621e-01,3,9.9998646308973338e-01
max_c_ep_mixing_angles_polarization_04_local_minimum_552,C_e_p,polarization_cluster_04_local_minimum_552,cos(alpha_e)|+>+sin(alpha_e)|-> tensor cos(alpha_p)|+>+sin(alpha_p)|->,3.0580953760505789e+00,1.4798569462624465e+00,p_gamma_lepton,|-1-1-1>,0,-1,-1,-1,5.6828383440788229e-02,-3.4484878697236189e-02,6.6473092475499790e-02,-5.4542271035123024e-01,4.4186720232563467e-03,2.3678363506997532e-01,4,9.9998646308973338e-01
max_c_ep_mixing_angles_polarization_04_local_minimum_557,C_e_p,polarization_cluster_04_local_minimum_557,cos(alpha_e)|+>+sin(alpha_e)|-> tensor cos(alpha_p)|+>+sin(alpha_p)|->,2.5707091867543030e+00,2.1886447597806251e+00,p_gamma_lepton,|+1+1+1>,7,1,1,1,7.6114479538560769e+00,-9.1955177325291175e-03,7.6114535084835291e+00,-1.2081161579924951e-03,5.7934224511806221e+01,2.8288572709338938e-01,1,9.9955691095600319e-01
max_c_ep_mixing_angles_polarization_04_local_minimum_557,C_e_p,polarization_cluster_04_local_minimum_557,cos(alpha_e)|+>+sin(alpha_e)|-> tensor cos(alpha_p)|+>+sin(alpha_p)|->,2.5707091867543030e+00,2.1886447597806251e+00,p_gamma_lepton,|-1+1-1>,1,-1,-1,1,7.6069353035401948e+00,8.9357178801766392e-03,7.6069405518447555e+00,1.1746798695614418e-03,5.7865544559300183e+01,2.8255037129178628e-01,2,9.9955691095600319e-01
max_c_ep_mixing_angles_polarization_04_local_minimum_557,C_e_p,polarization_cluster_04_local_minimum_557,cos(alpha_e)|+>+sin(alpha_e)|-> tensor cos(alpha_p)|+>+sin(alpha_p)|->,2.5707091867543030e+00,2.1886447597806251e+00,p_gamma_lepton,|-1-1-1>,0,-1,-1,-1,6.6697058897109986e+00,7.6333732807712038e-03,6.6697102578472798e+00,1.1444837409856762e-03,4.4485034923633229e+01,2.1721498052644714e-01,3,9.9955691095600319e-01
max_c_ep_mixing_angles_polarization_04_local_minimum_557,C_e_p,polarization_cluster_04_local_minimum_557,cos(alpha_e)|+>+sin(alpha_e)|-> tensor cos(alpha_p)|+>+sin(alpha_p)|->,2.5707091867543030e+00,2.1886447597806251e+00,p_gamma_lepton,|+1-1+1>,6,1,1,-1,6.6649570372004234e+00,-8.3576841159452627e-03,6.6649622773584571e+00,-1.2539735348056063e-03,4.4421722158611232e+01,2.1690583204438038e-01,4,9.9955691095600319e-01
max_c_ep_mixing_angles_polarization_04_local_minimum_558,C_e_p,polarization_cluster_04_local_minimum_558,cos(alpha_e)|+>+sin(alpha_e)|-> tensor cos(alpha_p)|+>+sin(alpha_p)|->,2.6627127644875106e+00,2.0719481264062707e+00,p_gamma_lepton,|+1+1+1>,7,1,1,1,1.0069704618139307e+01,-6.4899670009989406e-04,1.0069704639053363e+01,-6.4450420723582595e-05,1.0139895151777282e+02,2.7236086522560249e-01,1,9.9973862275659786e-01
max_c_ep_mixing_angles_polarization_04_local_minimum_558,C_e_p,polarization_cluster_04_local_minimum_558,cos(alpha_e)|+>+sin(alpha_e)|-> tensor cos(alpha_p)|+>+sin(alpha_p)|->,2.6627127644875106e+00,2.0719481264062707e+00,p_gamma_lepton,|-1+1-1>,1,-1,-1,1,1.0068823297811617e+01,8.3547483520483878e-04,1.0068823332473970e+01,8.2976412295266368e-05,1.0138120330057220e+02,2.7231319293983802e-01,2,9.9973862275659786e-01
max_c_ep_mixing_angles_polarization_04_local_minimum_558,C_e_p,polarization_cluster_04_local_minimum_558,cos(alpha_e)|+>+sin(alpha_e)|-> tensor cos(alpha_p)|+>+sin(alpha_p)|->,2.6627127644875106e+00,2.0719481264062707e+00,p_gamma_lepton,|-1-1-1>,0,-1,-1,-1,9.2042339418215864e+00,5.5566267754318373e-04,9.2042339585943580e+00,6.0370333955045271e-05,8.4717922764541527e+01,2.2755508216691966e-01,3,9.9973862275659786e-01
max_c_ep_mixing_angles_polarization_04_local_minimum_558,C_e_p,polarization_cluster_04_local_minimum_558,cos(alpha_e)|+>+sin(alpha_e)|-> tensor cos(alpha_p)|+>+sin(alpha_p)|->,2.6627127644875106e+00,2.0719481264062707e+00,p_gamma_lepton,|+1-1+1>,6,1,1,-1,9.2033116753791049e+00,-5.9444281038054092e-04,9.2033116945766640e+00,-6.4590098708072521e-05,8.4700946147531582e+01,2.2750948242423769e-01,4,9.9973862275659786e-01
max_c_ep_mixing_angles_polarization_04_local_minimum_570,C_e_p,polarization_cluster_04_local_minimum_570,cos(alpha_e)|+>+sin(alpha_e)|-> tensor cos(alpha_p)|+>+sin(alpha_p)|->,3.0726528335863046e+00,1.6331018620031301e+00,p_gamma_lepton,|+1+1+1>,7,1,1,1,5.0196912629883822e-02,1.6803406327413741e-04,5.0197193875939031e-02,3.3474854692457103e-03,2.5197582730186103e-03,2.9983688497473049e-01,1,9.9894856848935365e-01
max_c_ep_mixing_angles_polarization_04_local_minimum_570,C_e_p,polarization_cluster_04_local_minimum_570,cos(alpha_e)|+>+sin(alpha_e)|-> tensor cos(alpha_p)|+>+sin(alpha_p)|->,3.0726528335863046e+00,1.6331018620031301e+00,p_gamma_lepton,|-1+1-1>,1,-1,-1,1,5.0195893862008671e-02,-7.4753598934898131e-05,5.0195949524902840e-02,-1.4892362287030117e-03,2.5196333487065938e-03,2.9982201969301925e-01,2,9.9894856848935365e-01
max_c_ep_mixing_angles_polarization_04_local_minimum_570,C_e_p,polarization_cluster_04_local_minimum_570,cos(alpha_e)|+>+sin(alpha_e)|-> tensor cos(alpha_p)|+>+sin(alpha_p)|->,3.0726528335863046e+00,1.6331018620031301e+00,p_gamma_lepton,|-1-1-1>,0,-1,-1,-1,4.0963447499076648e-02,-1.1695963483074195e-04,4.0963614471452449e-02,-2.8552117593559699e-03,1.6780177105657885e-03,1.9967455158535316e-01,3,9.9894856848935365e-01
max_c_ep_mixing_angles_polarization_04_local_minimum_570,C_e_p,polarization_cluster_04_local_minimum_570,cos(alpha_e)|+>+sin(alpha_e)|-> tensor cos(alpha_p)|+>+sin(alpha_p)|->,3.0726528335863046e+00,1.6331018620031301e+00,p_gamma_lepton,|+1-1+1>,6,1,1,-1,4.0957203672835785e-02,1.6019873459993856e-04,4.0957516969815450e-02,3.9113490007093273e-03,1.6775181963327205e-03,1.9961511223625075e-01,4,9.9894856848935365e-01
max_c_ep_mixing_angles_polarization_04_local_minimum_580,C_e_p,polarization_cluster_04_local_minimum_580,cos(alpha_e)|+>+sin(alpha_e)|-> tensor cos(alpha_p)|+>+sin(alpha_p)|->,2.0508869613248688e+00,2.6217324279993477e+00,p_gamma_lepton,|-1-1-1>,0,-1,-1,-1,-3.8892256132613362e-01,-1.3164280288359831e+00,1.3726774981085224e+00,-1.8580623515698922e+00,1.8842435138134719e+00,2.7356445548645580e-01,1,9.9999917935194116e-01
max_c_ep_mixing_angles_polarization_04_local_minimum_580,C_e_p,polarization_cluster_04_local_minimum_580,cos(alpha_e)|+>+sin(alpha_e)|-> tensor cos(alpha_p)|+>+sin(alpha_p)|->,2.0508869613248688e+00,2.6217324279993477e+00,p_gamma_lepton,|+1-1+1>,6,1,1,-1,-3.8910727964296404e-01,1.3163491687685234e+00,1.3726542205481795e+00,1.8582076849473834e+00,1.8841796091887304e+00,2.7355517747448854e-01,2,9.9999917935194116e-01
max_c_ep_mixing_angles_polarization_04_local_minimum_580,C_e_p,polarization_cluster_04_local_minimum_580,cos(alpha_e)|+>+sin(alpha_e)|-> tensor cos(alpha_p)|+>+sin(alpha_p)|->,2.0508869613248688e+00,2.6217324279993477e+00,p_gamma_lepton,|-1+1-1>,1,-1,-1,1,-3.5378665132697523e-01,-1.1977092449317457e+00,1.2488684598676223e+00,-1.8580148199064390e+00,1.5596724300521274e+00,2.2644150606676061e-01,3,9.9999917935194116e-01
max_c_ep_mixing_angles_polarization_04_local_minimum_580,C_e_p,polarization_cluster_04_local_minimum_580,cos(alpha_e)|+>+sin(alpha_e)|-> tensor cos(alpha_p)|+>+sin(alpha_p)|->,2.0508869613248688e+00,2.6217324279993477e+00,p_gamma_lepton,|+1+1+1>,7,1,1,1,-3.5385672539954183e-01,1.1976785782397481e+00,1.2488589027127408e+00,1.8580755881513291e+00,1.5596485588848716e+00,2.2643804032423620e-01,4,9.9999917935194116e-01
max_c_ep_mixing_angles_polarization_04_local_minimum_583,C_e_p,polarization_cluster_04_local_minimum_583,cos(alpha_e)|+>+sin(alpha_e)|-> tensor cos(alpha_p)|+>+sin(alpha_p)|->,1.9392964302277509e+00,2.7478409254176559e+00,p_gamma_lepton,|-1-1-1>,0,-1,-1,-1,1.1890765817858775e+00,2.8121442379195376e-02,1.1894090687703172e+00,2.3645408264746367e-02,1.4146939328730730e+00,2.6731394934468833e-01,1,9.9999319924599128e-01
max_c_ep_mixing_angles_polarization_04_local_minimum_583,C_e_p,polarization_cluster_04_local_minimum_583,cos(alpha_e)|+>+sin(alpha_e)|-> tensor cos(alpha_p)|+>+sin(alpha_p)|->,1.9392964302277509e+00,2.7478409254176559e+00,p_gamma_lepton,|+1-1+1>,6,1,1,-1,1.1890421030649423e+00,-2.8290526515214819e-02,1.1893786095064973e+00,-2.3788215657603303e-02,1.4146214767516090e+00,2.6730025837483778e-01,2,9.9999319924599128e-01
max_c_ep_mixing_angles_polarization_04_local_minimum_583,C_e_p,polarization_cluster_04_local_minimum_583,cos(alpha_e)|+>+sin(alpha_e)|-> tensor cos(alpha_p)|+>+sin(alpha_p)|->,1.9392964302277509e+00,2.7478409254176559e+00,p_gamma_lepton,|+1+1+1>,7,1,1,1,1.1094101805443286e+00,-2.6368567622713193e-02,1.1097235016227571e+00,-2.3763621759896669e-02,1.2314862500538735e+00,2.3269588242103298e-01,3,9.9999319924599128e-01
max_c_ep_mixing_angles_polarization_04_local_minimum_583,C_e_p,polarization_cluster_04_local_minimum_583,cos(alpha_e)|+>+sin(alpha_e)|-> tensor cos(alpha_p)|+>+sin(alpha_p)|->,1.9392964302277509e+00,2.7478409254176559e+00,p_gamma_lepton,|-1+1-1>,1,-1,-1,1,1.1093836024327934e+00,2.6204447086951285e-02,1.1096930433204919e+00,2.3616335385038694e-02,1.2314186503938951e+00,2.3268310910543216e-01,4,9.9999319924599128e-01
max_c_ep_mixing_angles_polarization_04_local_minimum_586,C_e_p,polarization_cluster_04_local_minimum_586,cos(alpha_e)|+>+sin(alpha_e)|-> tensor cos(alpha_p)|+>+sin(alpha_p)|->,2.5172400796486172e+00,2.2950497859674339e+00,p_gamma_lepton,|+1+1+1>,7,1,1,1,3.0293158974884857e+00,3.1534787236992549e-04,3.0293159139021388e+00,1.0409870805889788e-04,9.1767549062207507e+00,3.0680278903945424e-01,1,9.9960836859691360e-01
max_c_ep_mixing_angles_polarization_04_local_minimum_586,C_e_p,polarization_cluster_04_local_minimum_586,cos(alpha_e)|+>+sin(alpha_e)|-> tensor cos(alpha_p)|+>+sin(alpha_p)|->,2.5172400796486172e+00,2.2950497859674339e+00,p_gamma_lepton,|-1+1-1>,1,-1,-1,1,3.0260678074834684e+00,-2.8001583437662112e-04,3.0260678204390383e+00,-9.2534553549962248e-05,9.1570864538966728e+00,3.0614522151250351e-01,2,9.9960836859691360e-01
max_c_ep_mixing_angles_polarization_04_local_minimum_586,C_e_p,polarization_cluster_04_local_minimum_586,cos(alpha_e)|+>+sin(alpha_e)|-> tensor cos(alpha_p)|+>+sin(alpha_p)|->,2.5172400796486172e+00,2.2950497859674339e+00,p_gamma_lepton,|-1-1-1>,0,-1,-1,-1,2.4065599087797165e+00,-2.4055759734732717e-04,2.4065599208026787e+00,-9.9959114114928698e-05,5.7915306524137931e+00,1.9362593587015636e-01,3,9.9960836859691360e-01
max_c_ep_mixing_angles_polarization_04_local_minimum_586,C_e_p,polarization_cluster_04_local_minimum_586,cos(alpha_e)|+>+sin(alpha_e)|-> tensor cos(alpha_p)|+>+sin(alpha_p)|->,2.5172400796486172e+00,2.2950497859674339e+00,p_gamma_lepton,|+1-1+1>,6,1,1,-1,2.4028811571579110e+00,2.7532153133998674e-04,2.4028811729310475e+00,1.1457975327451395e-04,5.7738379312264865e+00,1.9303442217479946e-01,4,9.9960836859691360e-01
max_c_ep_mixing_angles_polarization_04_local_minimum_587,C_e_p,polarization_cluster_04_local_minimum_587,cos(alpha_e)|+>+sin(alpha_e)|-> tensor cos(alpha_p)|+>+sin(alpha_p)|->,2.0642035817720643e+00,2.6027282152574798e+00,p_gamma_lepton,|-1-1-1>,0,-1,-1,-1,-5.4072399112310965e+00,-6.8797274553492231e-03,5.4072442878290916e+00,-3.1403203365008512e+00,2.9238290788260340e+01,2.8451632455141995e-01,1,9.9965927365024521e-01
max_c_ep_mixing_angles_polarization_04_local_minimum_587,C_e_p,polarization_cluster_04_local_minimum_587,cos(alpha_e)|+>+sin(alpha_e)|-> tensor cos(alpha_p)|+>+sin(alpha_p)|->,2.0642035817720643e+00,2.6027282152574798e+00,p_gamma_lepton,|+1-1+1>,6,1,1,-1,-5.4054104069763147e+00,6.7103843306982984e-03,5.4054145721772082e+00,3.1403512342750148e+00,2.9218506697105703e+01,2.8432380656394002e-01,2,9.9965927365024521e-01
max_c_ep_mixing_angles_polarization_04_local_minimum_587,C_e_p,polarization_cluster_04_local_minimum_587,cos(alpha_e)|+>+sin(alpha_e)|-> tensor cos(alpha_p)|+>+sin(alpha_p)|->,2.0642035817720643e+00,2.6027282152574798e+00,p_gamma_lepton,|+1+1+1>,7,1,1,1,-4.7057857838898096e+00,5.6719463056185988e-03,4.7057892021247962e+00,3.1403873408493914e+00,2.2144452014834318e+01,2.1548653928141670e-01,3,9.9965927365024521e-01
max_c_ep_mixing_angles_polarization_04_local_minimum_587,C_e_p,polarization_cluster_04_local_minimum_587,cos(alpha_e)|+>+sin(alpha_e)|-> tensor cos(alpha_p)|+>+sin(alpha_p)|->,2.0642035817720643e+00,2.6027282152574798e+00,p_gamma_lepton,|-1+1-1>,1,-1,-1,1,-4.7041040937260634e+00,-6.1212880047366216e-03,4.7041080764345908e+00,-3.1402913889009736e+00,2.2128632794777147e+01,2.1533260325346859e-01,4,9.9965927365024521e-01
max_c_ep_mixing_angles_polarization_04_local_minimum_590,C_e_p,polarization_cluster_04_local_minimum_590,cos(alpha_e)|+>+sin(alpha_e)|-> tensor cos(alpha_p)|+>+sin(alpha_p)|->,1.8369099000301110e+00,2.8760968788164707e+00,p_gamma_lepton,|-1-1-1>,0,-1,-1,-1,-3.2097710551522747e+00,-8.6710699742016786e-05,3.2097710563235022e+00,-3.1415656389840065e+00,1.0302630234012089e+01,2.6387794543977278e-01,1,9.9997731856812300e-01
max_c_ep_mixing_angles_polarization_04_local_minimum_590,C_e_p,polarization_cluster_04_local_minimum_590,cos(alpha_e)|+>+sin(alpha_e)|-> tensor cos(alpha_p)|+>+sin(alpha_p)|->,1.8369099000301110e+00,2.8760968788164707e+00,p_gamma_lepton,|+1-1+1>,6,1,1,-1,-3.2096225385656103e+00,1.5311195332454893e-03,3.2096229037685062e+00,3.1411156132528988e+00,1.0301679184395375e+01,2.6385358651266688e-01,2,9.9997731856812300e-01
max_c_ep_mixing_angles_polarization_04_local_minimum_590,C_e_p,polarization_cluster_04_local_minimum_590,cos(alpha_e)|+>+sin(alpha_e)|-> tensor cos(alpha_p)|+>+sin(alpha_p)|->,1.8369099000301110e+00,2.8760968788164707e+00,p_gamma_lepton,|+1+1+1>,7,1,1,1,-3.0363530179501774e+00,5.9583880589701433e-05,3.0363530185347996e+00,3.1415730300874438e+00,9.2194396531653879e+00,2.3613453443683005e-01,3,9.9997731856812300e-01
max_c_ep_mixing_angles_polarization_04_local_minimum_590,C_e_p,polarization_cluster_04_local_minimum_590,cos(alpha_e)|+>+sin(alpha_e)|-> tensor cos(alpha_p)|+>+sin(alpha_p)|->,1.8369099000301110e+00,2.8760968788164707e+00,p_gamma_lepton,|-1+1-1>,1,-1,-1,1,-3.0362033203230863e+00,-1.9436689207157502e-04,3.0362033265444235e+00,-3.1415286371616098e+00,9.2185306401194236e+00,2.3611125217885331e-01,4,9.9997731856812300e-01
max_c_ep_mixing_angles_polarization_04_local_minimum_591,C_e_p,polarization_cluster_04_local_minimum_591,cos(alpha_e)|+>+sin(alpha_e)|-> tensor cos(alpha_p)|+>+sin(alpha_p)|->,3.0837937955847599e+00,1.6311454592794037e+00,p_gamma_lepton,|+1+1+1>,7,1,1,1,3.7494711999693155e-02,4.2895314931121259e-03,3.7739283357932682e-02,1.1390840984921827e-01,1.4242535083703347e-03,2.6255642644384053e-01,1,9.9999756948862695e-01
max_c_ep_mixing_angles_polarization_04_local_minimum_591,C_e_p,polarization_cluster_04_local_minimum_591,cos(alpha_e)|+>+sin(alpha_e)|-> tensor cos(alpha_p)|+>+sin(alpha_p)|->,3.0837937955847599e+00,1.6311454592794037e+00,p_gamma_lepton,|-1+1-1>,1,-1,-1,1,3.7490286694505173e-02,-4.2876025602185891e-03,3.7734667510799465e-02,-1.1387095245692838e-01,1.4239051321505841e-03,2.6249220443927590e-01,2,9.9999756948862695e-01
max_c_ep_mixing_angles_polarization_04_local_minimum_591,C_e_p,polarization_cluster_04_local_minimum_591,cos(alpha_e)|+>+sin(alpha_e)|-> tensor cos(alpha_p)|+>+sin(alpha_p)|->,3.0837937955847599e+00,1.6311454592794037e+00,p_gamma_lepton,|-1-1-1>,0,-1,-1,-1,3.5659208135221283e-02,-4.0771056556339622e-03,3.5891529855360503e-02,-1.1384093655705191e-01,1.2882019153582338e-03,2.3747576498623099e-01,3,9.9999756948862695e-01
max_c_ep_mixing_angles_polarization_04_local_minimum_591,C_e_p,polarization_cluster_04_local_minimum_591,cos(alpha_e)|+>+sin(alpha_e)|-> tensor cos(alpha_p)|+>+sin(alpha_p)|->,3.0837937955847599e+00,1.6311454592794037e+00,p_gamma_lepton,|+1-1+1>,6,1,1,-1,3.5658706914342662e-02,4.0797646409556692e-03,3.5891334028266227e-02,1.1391612769666609e-01,1.2881878583285811e-03,2.3747317361927955e-01,4,9.9999756948862695e-01
max_c_ep_mixing_angles_polarization_04_local_minimum_595,C_e_p,polarization_cluster_04_local_minimum_595,cos(alpha_e)|+>+sin(alpha_e)|-> tensor cos(alpha_p)|+>+sin(alpha_p)|->,2.5619330923628674e+00,2.2015201409950538e+00,p_gamma_lepton,|+1+1+1>,7,1,1,1,7.4653268752845880e+00,1.4090802726097423e-03,7.4653270082665211e+00,1.8874997430336481e-04,5.5731107340353567e+01,2.8472589292556599e-01,1,9.9953487018345011e-01
max_c_ep_mixing_angles_polarization_04_local_minimum_595,C_e_p,polarization_cluster_04_local_minimum_595,cos(alpha_e)|+>+sin(alpha_e)|-> tensor cos(alpha_p)|+>+sin(alpha_p)|->,2.5619330923628674e+00,2.2015201409950538e+00,p_gamma_lepton,|-1+1-1>,1,-1,-1,1,7.4610394496298396e+00,-1.5813606894960774e-03,7.4610396172138351e+00,-2.1194910930205757e-04,5.5667112169634372e+01,2.8439894657557385e-01,2,9.9953487018345011e-01
max_c_ep_mixing_angles_polarization_04_local_minimum_595,C_e_p,polarization_cluster_04_local_minimum_595,cos(alpha_e)|+>+sin(alpha_e)|-> tensor cos(alpha_p)|+>+sin(alpha_p)|->,2.5619330923628674e+00,2.2015201409950538e+00,p_gamma_lepton,|-1-1-1>,0,-1,-1,-1,6.4932950903671269e+00,-1.1603102963242157e-03,6.4932951940371400e+00,-1.7869360129580997e-04,4.2162882476905807e+01,2.1540688736432603e-01,3,9.9953487018345011e-01
max_c_ep_mixing_angles_polarization_04_local_minimum_595,C_e_p,polarization_cluster_04_local_minimum_595,cos(alpha_e)|+>+sin(alpha_e)|-> tensor cos(alpha_p)|+>+sin(alpha_p)|->,2.5619330923628674e+00,2.2015201409950538e+00,p_gamma_lepton,|+1-1+1>,6,1,1,-1,6.4872069290247136e+00,1.2216045559673430e-03,6.4872070440447596e+00,1.8830978491869981e-04,4.2083855232303961e+01,2.1500314331798417e-01,4,9.9953487018345011e-01
max_c_ep_mixing_angles_polarization_04_local_minimum_599,C_e_p,polarization_cluster_04_local_minimum_599,cos(alpha_e)|+>+sin(alpha_e)|-> tensor cos(alpha_p)|+>+sin(alpha_p)|->,2.0379212609395161e+00,2.6349851501445900e+00,p_gamma_lepton,|-1-1-1>,0,-1,-1,-1,8.2894266077048839e-01,-1.0264436632842795e+00,1.3193682309127002e+00,-8.9144619590455287e-01,1.7407325287417081e+00,2.7378371771308774e-01,1,9.9999898462124970e-01
max_c_ep_mixing_angles_polarization_04_local_minimum_599,C_e_p,polarization_cluster_04_local_minimum_599,cos(alpha_e)|+>+sin(alpha_e)|-> tensor cos(alpha_p)|+>+sin(alpha_p)|->,2.0379212609395161e+00,2.6349851501445900e+00,p_gamma_lepton,|+1-1+1>,6,1,1,-1,8.2862124708890272e-01,1.0265817080949107e+00,1.3192737299447119e+00,8.9170147699784230e-01,1.7404831745222327e+00,2.7374449909442677e-01,2,9.9999898462124970e-01
max_c_ep_mixing_angles_polarization_04_local_minimum_599,C_e_p,polarization_cluster_04_local_minimum_599,cos(alpha_e)|+>+sin(alpha_e)|-> tensor cos(alpha_p)|+>+sin(alpha_p)|->,2.0379212609395161e+00,2.6349851501445900e+00,p_gamma_lepton,|+1+1+1>,7,1,1,1,7.5328509960953205e-01,9.3341032519793754e-01,1.1994554082915556e+00,8.9178674154423154e-01,1.4386932764798623e+00,2.2627875758041049e-01,3,9.9999898462124970e-01
max_c_ep_mixing_angles_polarization_04_local_minimum_599,C_e_p,polarization_cluster_04_local_minimum_599,cos(alpha_e)|+>+sin(alpha_e)|-> tensor cos(alpha_p)|+>+sin(alpha_p)|->,2.0379212609395161e+00,2.6349851501445900e+00,p_gamma_lepton,|-1+1-1>,1,-1,-1,1,7.5352941304635446e-01,-9.3291755024867062e-01,1.1992254716640922e+00,-8.9137014153911343e-01,1.4381417318879643e+00,2.2619201023332466e-01,4,9.9999898462124970e-01
max_c_ep_mixing_angles_polarization_04_local_minimum_600,C_e_p,polarization_cluster_04_local_minimum_600,cos(alpha_e)|+>+sin(alpha_e)|-> tensor cos(alpha_p)|+>+sin(alpha_p)|->,1.8164628725266279e+00,2.8973113440680618e+00,p_gamma_lepton,|-1-1-1>,0,-1,-1,-1,-2.5011904976389201e+00,-6.2610519051778954e-04,2.5011905760031437e+00,-3.1413423307223303e+00,6.2559542974869373e+00,2.6362893317722891e-01,1,9.9998272119068443e-01
max_c_ep_mixing_angles_polarization_04_local_minimum_600,C_e_p,polarization_cluster_04_local_minimum_600,cos(alpha_e)|+>+sin(alpha_e)|-> tensor cos(alpha_p)|+>+sin(alpha_p)|->,1.8164628725266279e+00,2.8973113440680618e+00,p_gamma_lepton,|+1-1+1>,6,1,1,-1,-2.5011803409206652e+00,6.8648812359660362e-04,2.5011804351293727e+00,3.1413181879324683e+00,6.2559035690739586e+00,2.6362679545742479e-01,2,9.9998272119068443e-01
max_c_ep_mixing_angles_polarization_04_local_minimum_600,C_e_p,polarization_cluster_04_local_minimum_600,cos(alpha_e)|+>+sin(alpha_e)|-> tensor cos(alpha_p)|+>+sin(alpha_p)|->,1.8164628725266279e+00,2.8973113440680618e+00,p_gamma_lepton,|+1+1+1>,7,1,1,1,-2.3683690890445583e+00,5.4507066913213385e-04,2.3683691517674741e+00,3.1413625075952227e+00,5.6091724390437845e+00,2.3637323352989467e-01,3,9.9998272119068443e-01
max_c_ep_mixing_angles_polarization_04_local_minimum_600,C_e_p,polarization_cluster_04_local_minimum_600,cos(alpha_e)|+>+sin(alpha_e)|-> tensor cos(alpha_p)|+>+sin(alpha_p)|->,1.8164628725266279e+00,2.8973113440680618e+00,p_gamma_lepton,|-1+1-1>,1,-1,-1,1,-2.3682715074363370e+00,-6.1090192448518357e-04,2.3682715862282224e+00,-3.1413347009399315e+00,5.6087103061359427e+00,2.3635375902613601e-01,4,9.9998272119068443e-01
max_c_ep_mixing_angles_polarization_04_local_minimum_601,C_e_p,polarization_cluster_04_local_minimum_601,cos(alpha_e)|+>+sin(alpha_e)|-> tensor cos(alpha_p)|+>+sin(alpha_p)|->,2.5472952911936164e+00,2.2253058601099025e+00,p_gamma_lepton,|+1+1+1>,7,1,1,1,6.3287322934392423e+00,1.1457138918069272e-03,6.3287323971456599e+00,1.8103370883271633e-04,4.0052853754681053e+01,2.8886673834987286e-01,1,9.9952522677555622e-01
max_c_ep_mixing_angles_polarization_04_local_minimum_601,C_e_p,polarization_cluster_04_local_minimum_601,cos(alpha_e)|+>+sin(alpha_e)|-> tensor cos(alpha_p)|+>+sin(alpha_p)|->,2.5472952911936164e+00,2.2253058601099025e+00,p_gamma_lepton,|-1+1-1>,1,-1,-1,1,6.3239362976286619e+00,-9.5527240361576089e-04,6.3239363697787692e+00,-1.5105661274736961e-04,3.9992171209010664e+01,2.8842908741119228e-01,2,9.9952522677555622e-01
max_c_ep_mixing_angles_polarization_04_local_minimum_601,C_e_p,polarization_cluster_04_local_minimum_601,cos(alpha_e)|+>+sin(alpha_e)|-> tensor cos(alpha_p)|+>+sin(alpha_p)|->,2.5472952911936164e+00,2.2253058601099025e+00,p_gamma_lepton,|-1-1-1>,0,-1,-1,-1,5.4133328230600473e+00,-9.3157927992447507e-04,5.4133329032176851e+00,-1.7208978298172790e-04,2.9304173121059222e+01,2.1134576231115793e-01,3,9.9952522677555622e-01
max_c_ep_mixing_angles_polarization_04_local_minimum_601,C_e_p,polarization_cluster_04_local_minimum_601,cos(alpha_e)|+>+sin(alpha_e)|-> tensor cos(alpha_p)|+>+sin(alpha_p)|->,2.5472952911936164e+00,2.2253058601099025e+00,p_gamma_lepton,|+1-1+1>,6,1,1,-1,5.4074112264148999e+00,1.0690314486320330e-03,5.4074113320872987e+00,1.9769745446442685e-04,2.9240097314386134e+01,2.1088363870333313e-01,4,9.9952522677555622e-01
max_c_ep_mixing_angles_polarization_04_local_minimum_603,C_e_p,polarization_cluster_04_local_minimum_603,cos(alpha_e)|+>+sin(alpha_e)|-> tensor cos(alpha_p)|+>+sin(alpha_p)|->,2.6490160669236285e+00,2.0942877497477439e+00,p_gamma_lepton,|+1+1+1>,7,1,1,1,8.5944196673057931e+00,-9.2958255051875036e-04,8.5944197175781643e+00,-1.0816117700535170e-04,7.3864050281896326e+01,2.7671832781926531e-01,1,9.9968923489036066e-01
max_c_ep_mixing_angles_polarization_04_local_minimum_603,C_e_p,polarization_cluster_04_local_minimum_603,cos(alpha_e)|+>+sin(alpha_e)|-> tensor cos(alpha_p)|+>+sin(alpha_p)|->,2.6490160669236285e+00,2.0942877497477439e+00,p_gamma_lepton,|-1+1-1>,1,-1,-1,1,8.5934371190440419e+00,-1.2245390104841933e-03,8.5934372062906093e+00,-1.4249699919048983e-04,7.3847163018459753e+01,2.7665506273588875e-01,2,9.9968923489036066e-01
max_c_ep_mixing_angles_polarization_04_local_minimum_603,C_e_p,polarization_cluster_04_local_minimum_603,cos(alpha_e)|+>+sin(alpha_e)|-> tensor cos(alpha_p)|+>+sin(alpha_p)|->,2.6490160669236285e+00,2.0942877497477439e+00,p_gamma_lepton,|-1-1-1>,0,-1,-1,-1,7.7185551126324006e+00,7.9682831526061283e-04,7.7185551537628552e+00,1.0323542435108807e-04,5.9576093661679117e+01,2.2319107811103006e-01,3,9.9968923489036066e-01
max_c_ep_mixing_angles_polarization_04_local_minimum_603,C_e_p,polarization_cluster_04_local_minimum_603,cos(alpha_e)|+>+sin(alpha_e)|-> tensor cos(alpha_p)|+>+sin(alpha_p)|->,2.6490160669236285e+00,2.0942877497477439e+00,p_gamma_lepton,|+1-1+1>,6,1,1,-1,7.7174083633101791e+00,-1.1282761390925121e-03,7.7174084457865089e+00,-1.4619883747734436e-04,5.9558393119096941e+01,2.2312476622417657e-01,4,9.9968923489036066e-01
max_c_ep_mixing_angles_polarization_04_local_minimum_609,C_e_p,polarization_cluster_04_local_minimum_609,cos(alpha_e)|+>+sin(alpha_e)|-> tensor cos(alpha_p)|+>+sin(alpha_p)|->,2.5263199996218493e+00,2.2766305789454004e+00,p_gamma_lepton,|+1+1+1>,7,1,1,1,3.6809723396934553e+00,5.0500439441876687e-03,3.6809758038504068e+00,1.3719311936525823e-03,1.3549582868532148e+01,3.0275119413455942e-01,1,9.9957456007170209e-01
max_c_ep_mixing_angles_polarization_04_local_minimum_609,C_e_p,polarization_cluster_04_local_minimum_609,cos(alpha_e)|+>+sin(alpha_e)|-> tensor cos(alpha_p)|+>+sin(alpha_p)|->,2.5263199996218493e+00,2.2766305789454004e+00,p_gamma_lepton,|-1+1-1>,1,-1,-1,1,3.6770382553712113e+00,-4.9977985897874935e-03,3.6770416518519484e+00,-1.3591905128656626e-03,1.3520635309454105e+01,3.0210439133899059e-01,2,9.9957456007170209e-01
max_c_ep_mixing_angles_polarization_04_local_minimum_609,C_e_p,polarization_cluster_04_local_minimum_609,cos(alpha_e)|+>+sin(alpha_e)|-> tensor cos(alpha_p)|+>+sin(alpha_p)|->,2.5263199996218493e+00,2.2766305789454004e+00,p_gamma_lepton,|-1-1-1>,0,-1,-1,-1,2.9742074530851572e+00,-3.9061293353356190e-03,2.9742100181113105e+00,-1.3133337708034439e-03,8.8459252318336841e+00,1.9765290586047407e-01,3,9.9957456007170209e-01
max_c_ep_mixing_angles_polarization_04_local_minimum_609,C_e_p,polarization_cluster_04_local_minimum_609,cos(alpha_e)|+>+sin(alpha_e)|-> tensor cos(alpha_p)|+>+sin(alpha_p)|->,2.5263199996218493e+00,2.2766305789454004e+00,p_gamma_lepton,|+1-1+1>,6,1,1,-1,2.9697884612947636e+00,4.2334768791500070e-03,2.9697914787348294e+00,1.4255136575293485e-03,8.8196614271660074e+00,1.9706606873767804e-01,4,9.9957456007170209e-01
max_c_ep_mixing_angles_polarization_04_local_minimum_614,C_e_p,polarization_cluster_04_local_minimum_614,cos(alpha_e)|+>+sin(alpha_e)|-> tensor cos(alpha_p)|+>+sin(alpha_p)|->,2.8225900861140882e+00,1.8920402172817057e+00,p_gamma_lepton,|-1+1-1>,1,-1,-1,1,5.8872971768786515e+00,-3.0659562574032631e-03,5.8872979752150396e+00,-5.2077479497303120e-04,3.4660277448971115e+01,2.6490406611329820e-01,1,9.9996355091921652e-01
max_c_ep_mixing_angles_polarization_04_local_minimum_614,C_e_p,polarization_cluster_04_local_minimum_614,cos(alpha_e)|+>+sin(alpha_e)|-> tensor cos(alpha_p)|+>+sin(alpha_p)|->,2.8225900861140882e+00,1.8920402172817057e+00,p_gamma_lepton,|+1+1+1>,7,1,1,1,5.8870831818362781e+00,1.3358213627472451e-03,5.8870833333899961e+00,2.2690716243707482e-04,3.4657750174278270e+01,2.6488475047615984e-01,2,9.9996355091921652e-01
max_c_ep_mixing_angles_polarization_04_local_minimum_614,C_e_p,polarization_cluster_04_local_minimum_614,cos(alpha_e)|+>+sin(alpha_e)|-> tensor cos(alpha_p)|+>+sin(alpha_p)|->,2.8225900861140882e+00,1.8920402172817057e+00,p_gamma_lepton,|+1-1+1>,6,1,1,-1,5.5461395586706050e+00,1.4107849804733535e-03,5.5461397381030020e+00,2.5437242159536994e-04,3.0759665994565246e+01,2.3509219181074861e-01,3,9.9996355091921652e-01
max_c_ep_mixing_angles_polarization_04_local_minimum_614,C_e_p,polarization_cluster_04_local_minimum_614,cos(alpha_e)|+>+sin(alpha_e)|-> tensor cos(alpha_p)|+>+sin(alpha_p)|->,2.8225900861140882e+00,1.8920402172817057e+00,p_gamma_lepton,|-1-1-1>,0,-1,-1,-1,5.5460257990414465e+00,-1.1442217415871421e-03,5.5460259170758217e+00,-2.0631381223472798e-04,3.0758403472876708e+01,2.3508254251900990e-01,4,9.9996355091921652e-01
max_c_ep_mixing_angles_polarization_04_local_minimum_615,C_e_p,polarization_cluster_04_local_minimum_615,cos(alpha_e)|+>+sin(alpha_e)|-> tensor cos(alpha_p)|+>+sin(alpha_p)|->,2.2017640640960283e+00,2.3851415059111094e+00,p_gamma_lepton,|-1-1-1>,0,-1,-1,-1,-2.2215195732465571e+00,7.2292036053822834e-03,2.2215313357462088e+00,3.1383384945112884e+00,4.9352014757023346e+00,3.1832947642276233e-01,1,9.9964948291229705e-01
max_c_ep_mixing_angles_polarization_04_local_minimum_615,C_e_p,polarization_cluster_04_local_minimum_615,cos(alpha_e)|+>+sin(alpha_e)|-> tensor cos(alpha_p)|+>+sin(alpha_p)|->,2.2017640640960283e+00,2.3851415059111094e+00,p_gamma_lepton,|+1-1+1>,6,1,1,-1,-2.2192192263640504e+00,-7.2231718779058995e-03,2.2192309814158220e+00,-3.1383378393357106e+00,4.9249861488758322e+00,3.1767056925226933e-01,2,9.9964948291229705e-01
max_c_ep_mixing_angles_polarization_04_local_minimum_615,C_e_p,polarization_cluster_04_local_minimum_615,cos(alpha_e)|+>+sin(alpha_e)|-> tensor cos(alpha_p)|+>+sin(alpha_p)|->,2.2017640640960283e+00,2.3851415059111094e+00,p_gamma_lepton,|+1+1+1>,7,1,1,1,-1.6807030356593635e+00,-5.2684923004182680e-03,1.6807112931987216e+00,-3.1384579683229048e+00,2.8247904510857191e+00,1.8220412474045294e-01,3,9.9964948291229705e-01
max_c_ep_mixing_angles_polarization_04_local_minimum_615,C_e_p,polarization_cluster_04_local_minimum_615,cos(alpha_e)|+>+sin(alpha_e)|-> tensor cos(alpha_p)|+>+sin(alpha_p)|->,2.2017640640960283e+00,2.3851415059111094e+00,p_gamma_lepton,|-1+1-1>,1,-1,-1,1,-1.6771982626991804e+00,5.6780010481360076e-03,1.6772078738477980e+00,3.1382072581462577e+00,2.8130262520970510e+00,1.8144531249681239e-01,4,9.9964948291229705e-01
max_c_ep_mixing_angles_polarization_04_local_minimum_618,C_e_p,polarization_cluster_04_local_minimum_618,cos(alpha_e)|+>+sin(alpha_e)|-> tensor cos(alpha_p)|+>+sin(alpha_p)|->,3.0856596907890261e+00,1.6292391228907719e+00,p_gamma_lepton,|-1+1-1>,1,-1,-1,1,3.4930733295252460e-02,-9.2831835427773621e-06,3.4930734528800786e-02,-2.6575976077454391e-04,1.2201562147215554e-03,2.6272080062747888e-01,1,9.9999761115086772e-01
max_c_ep_mixing_angles_polarization_04_local_minimum_618,C_e_p,polarization_cluster_04_local_minimum_618,cos(alpha_e)|+>+sin(alpha_e)|-> tensor cos(alpha_p)|+>+sin(alpha_p)|->,3.0856596907890261e+00,1.6292391228907719e+00,p_gamma_lepton,|+1+1+1>,7,1,1,1,3.4926137572546180e-02,2.1360414882988272e-09,3.4926137572546243e-02,6.1158823642092841e-08,1.2198350857364263e-03,2.6265165598594864e-01,2,9.9999761115086772e-01
max_c_ep_mixing_angles_polarization_04_local_minimum_618,C_e_p,polarization_cluster_04_local_minimum_618,cos(alpha_e)|+>+sin(alpha_e)|-> tensor cos(alpha_p)|+>+sin(alpha_p)|->,3.0856596907890261e+00,1.6292391228907719e+00,p_gamma_lepton,|+1-1+1>,6,1,1,-1,3.3201897469978404e-02,-7.7579277034506529e-08,3.3201897470069040e-02,-2.3365916693319577e-06,1.1023659956129769e-03,2.3735852299702490e-01,3,9.9999761115086772e-01
max_c_ep_mixing_angles_polarization_04_local_minimum_618,C_e_p,polarization_cluster_04_local_minimum_618,cos(alpha_e)|+>+sin(alpha_e)|-> tensor cos(alpha_p)|+>+sin(alpha_p)|->,3.0856596907890261e+00,1.6292391228907719e+00,p_gamma_lepton,|-1-1-1>,0,-1,-1,-1,3.3195469916502830e-02,6.6628465918620539e-07,3.3195469923189516e-02,2.0071553762385307e-05,1.1019392234213794e-03,2.3726663154041527e-01,4,9.9999761115086772e-01
max_c_ep_mixing_angles_polarization_04_local_minimum_620,C_e_p,polarization_cluster_04_local_minimum_620,cos(alpha_e)|+>+sin(alpha_e)|-> tensor cos(alpha_p)|+>+sin(alpha_p)|->,1.9885976622211545e+00,2.6963097543038415e+00,p_gamma_lepton,|-1-1-1>,0,-1,-1,-1,-7.2733906621426855e-02,2.3049310340478346e-01,2.4169669399804095e-01,1.8764645581359332e+00,5.8417291889582626e-02,2.6957516197647069e-01,1,9.9991961276488017e-01
max_c_ep_mixing_angles_polarization_04_local_minimum_620,C_e_p,polarization_cluster_04_local_minimum_620,cos(alpha_e)|+>+sin(alpha_e)|-> tensor cos(alpha_p)|+>+sin(alpha_p)|->,1.9885976622211545e+00,2.6963097543038415e+00,p_gamma_lepton,|+1-1+1>,6,1,1,-1,-7.6712265183323483e-02,-2.2916307938321737e-01,2.4166193035303538e-01,-1.8938210420451462e+00,5.8400488581955332e-02,2.6949762064874311e-01,2,9.9991961276488017e-01
max_c_ep_mixing_angles_polarization_04_local_minimum_620,C_e_p,polarization_cluster_04_local_minimum_620,cos(alpha_e)|+>+sin(alpha_e)|-> tensor cos(alpha_p)|+>+sin(alpha_p)|->,1.9885976622211545e+00,2.6963097543038415e+00,p_gamma_lepton,|+1+1+1>,7,1,1,1,-7.1587107262698096e-02,-2.1170780910397816e-01,2.2348357962465049e-01,-1.8968675945998430e+00,4.9944910361847492e-02,2.3047811470179300e-01,3,9.9991961276488017e-01
max_c_ep_mixing_angles_polarization_04_local_minimum_620,C_e_p,polarization_cluster_04_local_minimum_620,cos(alpha_e)|+>+sin(alpha_e)|-> tensor cos(alpha_p)|+>+sin(alpha_p)|->,1.9885976622211545e+00,2.6963097543038415e+00,p_gamma_lepton,|-1+1-1>,1,-1,-1,1,-6.6628865030364720e-02,2.1326461905891356e-01,2.2343053371815161e-01,1.8736114412512359e+00,4.9921203397578086e-02,2.3036871543787341e-01,4,9.9991961276488017e-01
max_c_ep_mixing_angles_polarization_04_local_minimum_621,C_e_p,polarization_cluster_04_local_minimum_621,cos(alpha_e)|+>+sin(alpha_e)|-> tensor cos(alpha_p)|+>+sin(alpha_p)|->,2.6718421125474370e+00,2.0807974749317313e+00,p_gamma_lepton,|+1+1+1>,7,1,1,1,-2.8792576834871703e-02,1.3376271020057817e+00,1.3379369478795247e+00,1.5923181180329402e+00,1.7900752765011785e+00,2.7416753389515081e-01,1,9.9999883801018308e-01
max_c_ep_mixing_angles_polarization_04_local_minimum_621,C_e_p,polarization_cluster_04_local_minimum_621,cos(alpha_e)|+>+sin(alpha_e)|-> tensor cos(alpha_p)|+>+sin(alpha_p)|->,2.6718421125474370e+00,2.0807974749317313e+00,p_gamma_lepton,|-1+1-1>,1,-1,-1,1,-2.7936624133086171e-02,-1.3375886179436662e+00,1.3378803256720686e+00,-1.5916791024678654e+00,1.7899237658204004e+00,2.7414432855275372e-01,2,9.9999883801018308e-01
max_c_ep_mixing_angles_polarization_04_local_minimum_621,C_e_p,polarization_cluster_04_local_minimum_621,cos(alpha_e)|+>+sin(alpha_e)|-> tensor cos(alpha_p)|+>+sin(alpha_p)|->,2.6718421125474370e+00,2.0807974749317313e+00,p_gamma_lepton,|-1-1-1>,0,-1,-1,-1,-2.5016953220306188e-02,-1.2140694262502512e+00,1.2143271469023662e+00,-1.5913992781861477e+00,1.4745904197040414e+00,2.2584794292331328e-01,3,9.9999883801018308e-01
max_c_ep_mixing_angles_polarization_04_local_minimum_621,C_e_p,polarization_cluster_04_local_minimum_621,cos(alpha_e)|+>+sin(alpha_e)|-> tensor cos(alpha_p)|+>+sin(alpha_p)|->,2.6718421125474370e+00,2.0807974749317313e+00,p_gamma_lepton,|+1-1+1>,6,1,1,-1,-2.6367139493167626e-02,1.2140168933175728e+00,1.2143031924958045e+00,1.5925118357931116e+00,1.4745322433055035e+00,2.2583903263896524e-01,4,9.9999883801018308e-01
max_c_ep_mixing_angles_polarization_04_local_minimum_626,C_e_p,polarization_cluster_04_local_minimum_626,cos(alpha_e)|+>+sin(alpha_e)|-> tensor cos(alpha_p)|+>+sin(alpha_p)|->,2.1230428973866613e+00,2.5469467195591977e+00,p_gamma_lepton,|-1-1-1>,0,-1,-1,-1,-9.9082677196954521e+00,-5.4550976004418402e-03,9.9082692213750807e+00,-3.1410420934713557e+00,9.8173798963248714e+01,2.8081333856688717e-01,1,9.9956927846081089e-01
max_c_ep_mixing_angles_polarization_04_local_minimum_626,C_e_p,polarization_cluster_04_local_minimum_626,cos(alpha_e)|+>+sin(alpha_e)|-> tensor cos(alpha_p)|+>+sin(alpha_p)|->,2.1230428973866613e+00,2.5469467195591977e+00,p_gamma_lepton,|+1-1+1>,6,1,1,-1,-9.9061561346920701e+00,4.9005318823163368e-03,9.9061573468277828e+00,3.1410979580271627e+00,9.8131953380110090e+01,2.8069364473788666e-01,2,9.9956927846081089e-01
max_c_ep_mixing_angles_polarization_04_local_minimum_626,C_e_p,polarization_cluster_04_local_minimum_626,cos(alpha_e)|+>+sin(alpha_e)|-> tensor cos(alpha_p)|+>+sin(alpha_p)|->,2.1230428973866613e+00,2.5469467195591977e+00,p_gamma_lepton,|+1+1+1>,7,1,1,1,-8.7513720450124950e+00,4.5429642716483505e-03,8.7513732241717683e+00,3.1410735391194904e+00,7.6586533308750575e+01,2.1906578267125329e-01,3,9.9956927846081089e-01
max_c_ep_mixing_angles_polarization_04_local_minimum_626,C_e_p,polarization_cluster_04_local_minimum_626,cos(alpha_e)|+>+sin(alpha_e)|-> tensor cos(alpha_p)|+>+sin(alpha_p)|->,2.1230428973866613e+00,2.5469467195591977e+00,p_gamma_lepton,|-1+1-1>,1,-1,-1,1,-8.7499880140366670e+00,-5.0839613591721821e-03,8.7499894909907425e+00,-3.1410116287039398e+00,7.6562316092448427e+01,2.1899651248478380e-01,4,9.9956927846081089e-01
max_c_ep_mixing_angles_polarization_04_local_minimum_633,C_e_p,polarization_cluster_04_local_minimum_633,cos(alpha_e)|+>+sin(alpha_e)|-> tensor cos(alpha_p)|+>+sin(alpha_p)|->,2.6999795325187157e+00,2.0270830995502234e+00,p_gamma_lepton,|+1+1+1>,7,1,1,1,1.2064296593055856e+01,1.5546489143116208e-03,1.2064296693224698e+01,1.2886361784250692e-04,1.4554725470215237e+02,2.6909185067355640e-01,1,9.9983742481328375e-01
max_c_ep_mixing_angles_polarization_04_local_minimum_633,C_e_p,polarization_cluster_04_local_minimum_633,cos(alpha_e)|+>+sin(alpha_e)|-> tensor cos(alpha_p)|+>+sin(alpha_p)|->,2.6999795325187157e+00,2.0270830995502234e+00,p_gamma_lepton,|-1+1-1>,1,-1,-1,1,1.2061527201718846e+01,-1.8062627183513950e-03,1.2061527336966437e+01,-1.4975406303369333e-04,1.4548044170038867e+02,2.6896832492014766e-01,2,9.9983742481328375e-01
max_c_ep_mixing_angles_polarization_04_local_minimum_633,C_e_p,polarization_cluster_04_local_minimum_633,cos(alpha_e)|+>+sin(alpha_e)|-> tensor cos(alpha_p)|+>+sin(alpha_p)|->,2.6999795325187157e+00,2.0270830995502234e+00,p_gamma_lepton,|-1-1-1>,0,-1,-1,-1,1.1177001958020018e+01,-1.3399867763168284e-03,1.1177002038344087e+01,-1.1988785319442532e-04,1.2492537456514788e+02,2.3096553972533121e-01,3,9.9983742481328375e-01
max_c_ep_mixing_angles_polarization_04_local_minimum_633,C_e_p,polarization_cluster_04_local_minimum_633,cos(alpha_e)|+>+sin(alpha_e)|-> tensor cos(alpha_p)|+>+sin(alpha_p)|->,2.6999795325187157e+00,2.0270830995502234e+00,p_gamma_lepton,|+1-1+1>,6,1,1,-1,1.1173279204309756e+01,1.4845222100307895e-03,1.1173279302929245e+01,1.3286360916523821e-04,1.2484217038126704e+02,2.3081170949424853e-01,4,9.9983742481328375e-01
max_c_ep_mixing_angles_polarization_04_local_minimum_640,C_e_p,polarization_cluster_04_local_minimum_640,cos(alpha_e)|+>+sin(alpha_e)|-> tensor cos(alpha_p)|+>+sin(alpha_p)|->,2.1885594382311995e+00,2.4083503940886497e+00,p_gamma_lepton,|-1-1-1>,0,-1,-1,-1,4.6531795238720655e+00,5.7046010281397459e-03,4.6531830206703830e+00,1.2259570345231742e-03,2.1652112223855152e+01,2.9963833734815409e-01,1,9.9906185610291565e-01
max_c_ep_mixing_angles_polarization_04_local_minimum_640,C_e_p,polarization_cluster_04_local_minimum_640,cos(alpha_e)|+>+sin(alpha_e)|-> tensor cos(alpha_p)|+>+sin(alpha_p)|->,2.1885594382311995e+00,2.4083503940886497e+00,p_gamma_lepton,|+1-1+1>,6,1,1,-1,4.6468490492024959e+00,-5.7562877966310273e-03,4.6468526145040725e+00,-1.2387501275243323e-03,2.1593239220923333e+01,2.9882360811846959e-01,2,9.9906185610291565e-01
max_c_ep_mixing_angles_polarization_04_local_minimum_640,C_e_p,polarization_cluster_04_local_minimum_640,cos(alpha_e)|+>+sin(alpha_e)|-> tensor cos(alpha_p)|+>+sin(alpha_p)|->,2.1885594382311995e+00,2.4083503940886497e+00,p_gamma_lepton,|+1+1+1>,7,1,1,1,3.8081386950816509e+00,-4.9141891070356662e-03,3.8081418658228530e+00,-1.2904431200492983e-03,1.4501944470232756e+01,2.0068889743645130e-01,3,9.9906185610291565e-01
max_c_ep_mixing_angles_polarization_04_local_minimum_640,C_e_p,polarization_cluster_04_local_minimum_640,cos(alpha_e)|+>+sin(alpha_e)|-> tensor cos(alpha_p)|+>+sin(alpha_p)|->,2.1885594382311995e+00,2.4083503940886497e+00,p_gamma_lepton,|-1+1-1>,1,-1,-1,1,3.8007518215601652e+00,4.4167468636145887e-03,3.8007543878479928e+00,1.1620713697801687e-03,1.4445733916745770e+01,1.9991101319984073e-01,4,9.9906185610291565e-01
max_c_ep_mixing_angles_polarization_04_local_minimum_643,C_e_p,polarization_cluster_04_local_minimum_643,cos(alpha_e)|+>+sin(alpha_e)|-> tensor cos(alpha_p)|+>+sin(alpha_p)|->,2.1376710808222352e+00,2.5298370940046704e+00,p_gamma_lepton,|-1-1-1>,0,-1,-1,-1,-1.0124911442362341e+01,-2.6015588192711764e-03,1.0124911776592830e+01,-3.1413357072671682e+00,1.0251383848378818e+02,2.8173511430621490e-01,1,9.9953624146820896e-01
max_c_ep_mixing_angles_polarization_04_local_minimum_643,C_e_p,polarization_cluster_04_local_minimum_643,cos(alpha_e)|+>+sin(alpha_e)|-> tensor cos(alpha_p)|+>+sin(alpha_p)|->,2.1376710808222352e+00,2.5298370940046704e+00,p_gamma_lepton,|+1-1+1>,6,1,1,-1,-1.0120524314924012e+01,2.8894024014866652e-03,1.0120524727385156e+01,3.1413071543179107e+00,1.0242502075761439e+02,2.8149101972731622e-01,2,9.9953624146820896e-01
max_c_ep_mixing_angles_polarization_04_local_minimum_643,C_e_p,polarization_cluster_04_local_minimum_643,cos(alpha_e)|+>+sin(alpha_e)|-> tensor cos(alpha_p)|+>+sin(alpha_p)|->,2.1376710808222352e+00,2.5298370940046704e+00,p_gamma_lepton,|+1+1+1>,7,1,1,1,-8.9120510788200225e+00,2.1564693435677583e-03,8.9120513397229235e+00,3.1413506813117613e+00,7.9424659081857158e+01,2.1827994869880804e-01,3,9.9953624146820896e-01
max_c_ep_mixing_angles_polarization_04_local_minimum_643,C_e_p,polarization_cluster_04_local_minimum_643,cos(alpha_e)|+>+sin(alpha_e)|-> tensor cos(alpha_p)|+>+sin(alpha_p)|->,2.1376710808222352e+00,2.5298370940046704e+00,p_gamma_lepton,|-1+1-1>,1,-1,-1,1,-8.9069502968993248e+00,-2.3253924074747587e-03,8.9069506004515837e+00,-3.1413315774327328e+00,7.9333768998884793e+01,2.1803015873586981e-01,4,9.9953624146820896e-01
max_c_ep_mixing_angles_polarization_04_local_minimum_650,C_e_p,polarization_cluster_04_local_minimum_650,cos(alpha_e)|+>+sin(alpha_e)|-> tensor cos(alpha_p)|+>+sin(alpha_p)|->,3.0883622132260640e+00,1.5152217857368651e+00,p_gamma_lepton,|+1+1+1>,7,1,1,1,-1.6823381747461931e-02,2.2995178170099183e-02,2.8492181251975800e-02,2.2024201609916223e+00,8.1180439249544148e-04,2.6250179139215862e-01,1,9.9999664323181514e-01
max_c_ep_mixing_angles_polarization_04_local_minimum_650,C_e_p,polarization_cluster_04_local_minimum_650,cos(alpha_e)|+>+sin(alpha_e)|-> tensor cos(alpha_p)|+>+sin(alpha_p)|->,3.0883622132260640e+00,1.5152217857368651e+00,p_gamma_lepton,|-1+1-1>,1,-1,-1,1,1.6800418390389236e-02,2.3005171059896745e-02,2.8486697835783625e-02,9.4003020510029944e-01,8.1149195358723968e-04,2.6240076240800708e-01,2,9.9999664323181514e-01
max_c_ep_mixing_angles_polarization_04_local_minimum_650,C_e_p,polarization_cluster_04_local_minimum_650,cos(alpha_e)|+>+sin(alpha_e)|-> tensor cos(alpha_p)|+>+sin(alpha_p)|->,3.0883622132260640e+00,1.5152217857368651e+00,p_gamma_lepton,|-1-1-1>,0,-1,-1,-1,1.5992053005956769e-02,2.1889061574644070e-02,2.7108610734670458e-02,9.3983010744290252e-01,7.3487677596389056e-04,2.3762678783990263e-01,3,9.9999664323181514e-01
max_c_ep_mixing_angles_polarization_04_local_minimum_650,C_e_p,polarization_cluster_04_local_minimum_650,cos(alpha_e)|+>+sin(alpha_e)|-> tensor cos(alpha_p)|+>+sin(alpha_p)|->,3.0883622132260640e+00,1.5152217857368651e+00,p_gamma_lepton,|+1-1+1>,6,1,1,-1,-1.5998927729358677e-02,2.1872765384320692e-02,2.7099512062891087e-02,2.2023221349679059e+00,7.3438355404677961e-04,2.3746730159174681e-01,4,9.9999664323181514e-01
max_c_ep_mixing_angles_polarization_04_local_minimum_652,C_e_p,polarization_cluster_04_local_minimum_652,cos(alpha_e)|+>+sin(alpha_e)|-> tensor cos(alpha_p)|+>+sin(alpha_p)|->,3.0223475147499910e+00,2.4825986016988111e+00,p_gamma_lepton,|-1+1-1>,1,-1,-1,1,1.5157534648047279e+00,-8.2968609654830872e-03,1.5157761721208769e+00,-5.4736989201508461e-03,2.2975774039694183e+00,4.9150582622902178e-01,1,9.8296380366563230e-01
max_c_ep_mixing_angles_polarization_04_local_minimum_652,C_e_p,polarization_cluster_04_local_minimum_652,cos(alpha_e)|+>+sin(alpha_e)|-> tensor cos(alpha_p)|+>+sin(alpha_p)|->,3.0223475147499910e+00,2.4825986016988111e+00,p_gamma_lepton,|+1+1+1>,7,1,1,1,1.5156801210562221e+00,8.2159704767816241e-03,1.5157023888401968e+00,5.4205962675804428e-03,2.2973537315358792e+00,4.9145797743661057e-01,2,9.8296380366563230e-01
max_c_ep_mixing_angles_polarization_04_local_minimum_654,C_e_p,polarization_cluster_04_local_minimum_654,cos(alpha_e)|+>+sin(alpha_e)|-> tensor cos(alpha_p)|+>+sin(alpha_p)|->,2.5942972422614803e+00,2.1798558334263025e+00,p_gamma_lepton,|+1+1+1>,7,1,1,1,5.9536358853700406e+00,-7.6863551681975156e-03,5.9536408470465929e+00,-1.2910347635838480e-03,3.5445839335621670e+01,2.9100602966057454e-01,1,9.9955625138979287e-01
max_c_ep_mixing_angles_polarization_04_local_minimum_654,C_e_p,polarization_cluster_04_local_minimum_654,cos(alpha_e)|+>+sin(alpha_e)|-> tensor cos(alpha_p)|+>+sin(alpha_p)|->,2.5942972422614803e+00,2.1798558334263025e+00,p_gamma_lepton,|-1+1-1>,1,-1,-1,1,5.9494949414032465e+00,7.4591583559947576e-03,5.9494996173481853e+00,1.2537458256814508e-03,3.5396545696826202e+01,2.9060133488165935e-01,2,9.9955625138979287e-01
max_c_ep_mixing_angles_polarization_04_local_minimum_654,C_e_p,polarization_cluster_04_local_minimum_654,cos(alpha_e)|+>+sin(alpha_e)|-> tensor cos(alpha_p)|+>+sin(alpha_p)|->,2.5942972422614803e+00,2.1798558334263025e+00,p_gamma_lepton,|-1-1-1>,0,-1,-1,-1,5.0473025076293130e+00,6.1785090559881399e-03,5.0473062892492768e+00,1.2241204010545411e-03,2.5475300777495296e+01,2.0914912081705489e-01,3,9.9955625138979287e-01
max_c_ep_mixing_angles_polarization_04_local_minimum_654,C_e_p,polarization_cluster_04_local_minimum_654,cos(alpha_e)|+>+sin(alpha_e)|-> tensor cos(alpha_p)|+>+sin(alpha_p)|->,2.5942972422614803e+00,2.1798558334263025e+00,p_gamma_lepton,|+1-1+1>,6,1,1,-1,5.0430846142993504e+00,-6.7357955270072765e-03,5.0430891126296995e+00,-1.3356491188840727e-03,2.5432747797924211e+01,2.0879976603050412e-01,4,9.9955625138979287e-01
max_c_ep_mixing_angles_polarization_04_local_minimum_657,C_e_p,polarization_cluster_04_local_minimum_657,cos(alpha_e)|+>+sin(alpha_e)|-> tensor cos(alpha_p)|+>+sin(alpha_p)|->,1.9531996825128544e+00,2.7328557130920972e+00,p_gamma_lepton,|-1-1-1>,0,-1,-1,-1,8.3527291715470176e-01,-9.5935780097357914e-01,1.2720252499148696e+00,-8.5443058999980870e-01,1.6180482364209865e+00,2.6780747189981435e-01,1,9.9999183277831039e-01
max_c_ep_mixing_angles_polarization_04_local_minimum_657,C_e_p,polarization_cluster_04_local_minimum_657,cos(alpha_e)|+>+sin(alpha_e)|-> tensor cos(alpha_p)|+>+sin(alpha_p)|->,1.9531996825128544e+00,2.7328557130920972e+00,p_gamma_lepton,|+1-1+1>,6,1,1,-1,8.3182545235873917e-01,9.6213255376019469e-01,1.2718618770121757e+00,8.5790747149993474e-01,1.6176326341969347e+00,2.6773868446910992e-01,2,9.9999183277831039e-01
max_c_ep_mixing_angles_polarization_04_local_minimum_657,C_e_p,polarization_cluster_04_local_minimum_657,cos(alpha_e)|+>+sin(alpha_e)|-> tensor cos(alpha_p)|+>+sin(alpha_p)|->,1.9531996825128544e+00,2.7328557130920972e+00,p_gamma_lepton,|+1+1+1>,7,1,1,1,7.7396342935213469e-01,8.9680966817086394e-01,1.1846041410105115e+00,8.5879267692984129e-01,1.4032869708992517e+00,2.3226176301007251e-01,3,9.9999183277831039e-01
max_c_ep_mixing_angles_polarization_04_local_minimum_657,C_e_p,polarization_cluster_04_local_minimum_657,cos(alpha_e)|+>+sin(alpha_e)|-> tensor cos(alpha_p)|+>+sin(alpha_p)|->,1.9531996825128544e+00,2.7328557130920972e+00,p_gamma_lepton,|-1+1-1>,1,-1,-1,1,7.7843563047925579e-01,-8.9266711919381314e-01,1.1844055962757933e+00,-8.5364894198051799e-01,1.4028166164894180e+00,2.3218391339931363e-01,4,9.9999183277831039e-01
max_c_ep_mixing_angles_polarization_04_local_minimum_660,C_e_p,polarization_cluster_04_local_minimum_660,cos(alpha_e)|+>+sin(alpha_e)|-> tensor cos(alpha_p)|+>+sin(alpha_p)|->,2.6274904056856103e+00,2.1270074853737269e+00,p_gamma_lepton,|+1+1+1>,7,1,1,1,8.3331989091295178e+00,1.3234758636352506e-02,8.3332094188225909e+00,1.5881953200736971e-03,6.9442379217953544e+01,2.8190658800001389e-01,1,9.9962562085321005e-01
max_c_ep_mixing_angles_polarization_04_local_minimum_660,C_e_p,polarization_cluster_04_local_minimum_660,cos(alpha_e)|+>+sin(alpha_e)|-> tensor cos(alpha_p)|+>+sin(alpha_p)|->,2.6274904056856103e+00,2.1270074853737269e+00,p_gamma_lepton,|-1+1-1>,1,-1,-1,1,8.3322863102370590e+00,-1.4056906512375903e-02,8.3322981675156456e+00,-1.6870391454636877e-03,6.9427192752384613e+01,2.8184493739500110e-01,2,9.9962562085321005e-01
max_c_ep_mixing_angles_polarization_04_local_minimum_660,C_e_p,polarization_cluster_04_local_minimum_660,cos(alpha_e)|+>+sin(alpha_e)|-> tensor cos(alpha_p)|+>+sin(alpha_p)|->,2.6274904056856103e+00,2.1270074853737269e+00,p_gamma_lepton,|-1-1-1>,0,-1,-1,-1,7.3274405728847993e+00,-1.0957805329138065e-02,7.3274487662934877e+00,-1.4954467459142738e-03,5.3691505422655958e+01,2.1796472512525819e-01,3,9.9962562085321005e-01
max_c_ep_mixing_angles_polarization_04_local_minimum_660,C_e_p,polarization_cluster_04_local_minimum_660,cos(alpha_e)|+>+sin(alpha_e)|-> tensor cos(alpha_p)|+>+sin(alpha_p)|->,2.6274904056856103e+00,2.1270074853737269e+00,p_gamma_lepton,|+1-1+1>,6,1,1,-1,7.3265087311963724e+00,1.1816246740468599e-02,7.3265182598546570e+00,1.6128058982451620e-03,5.3677869811983712e+01,2.1790937033293684e-01,4,9.9962562085321005e-01
max_c_ep_mixing_angles_polarization_04_local_minimum_663,C_e_p,polarization_cluster_04_local_minimum_663,cos(alpha_e)|+>+sin(alpha_e)|-> tensor cos(alpha_p)|+>+sin(alpha_p)|->,3.0898645973548109e+00,1.6245567516450716e+00,p_gamma_lepton,|+1+1+1>,7,1,1,1,1.7542148039230269e-02,-2.4793559496846886e-02,3.0371821650239498e-02,-9.5503557977598241e-01,9.2244755035395692e-04,2.6253592780066282e-01,1,9.9999722018563353e-01
max_c_ep_mixing_angles_polarization_04_local_minimum_663,C_e_p,polarization_cluster_04_local_minimum_663,cos(alpha_e)|+>+sin(alpha_e)|-> tensor cos(alpha_p)|+>+sin(alpha_p)|->,3.0898645973548109e+00,1.6245567516450716e+00,p_gamma_lepton,|-1+1-1>,1,-1,-1,1,1.7666965280570497e-02,2.4698678399910273e-02,3.0366863139400447e-02,9.4987552469778302e-01,9.2214637692707754e-04,2.6245021144202069e-01,2,9.9999722018563353e-01
max_c_ep_mixing_angles_polarization_04_local_minimum_663,C_e_p,polarization_cluster_04_local_minimum_663,cos(alpha_e)|+>+sin(alpha_e)|-> tensor cos(alpha_p)|+>+sin(alpha_p)|->,3.0898645973548109e+00,1.6245567516450716e+00,p_gamma_lepton,|-1-1-1>,0,-1,-1,-1,1.6830892674397878e-02,2.3478956989404439e-02,2.8888412374642597e-02,9.4885086003722241e-01,8.3454036952740351e-04,2.3751684322530220e-01,3,9.9999722018563353e-01
max_c_ep_mixing_angles_polarization_04_local_minimum_663,C_e_p,polarization_cluster_04_local_minimum_663,cos(alpha_e)|+>+sin(alpha_e)|-> tensor cos(alpha_p)|+>+sin(alpha_p)|->,3.0898645973548109e+00,1.6245567516450716e+00,p_gamma_lepton,|+1-1+1>,6,1,1,-1,1.6667196230708888e-02,-2.3593760033313340e-02,2.8887037624210108e-02,-9.5577201168301185e-01,8.3446094270253060e-04,2.3749423771764785e-01,4,9.9999722018563353e-01
max_c_ep_mixing_angles_polarization_04_local_minimum_673,C_e_p,polarization_cluster_04_local_minimum_673,cos(alpha_e)|+>+sin(alpha_e)|-> tensor cos(alpha_p)|+>+sin(alpha_p)|->,2.1560640347836006e+00,2.4925475171619680e+00,p_gamma_lepton,|-1-1-1>,0,-1,-1,-1,-7.0218637288033445e+00,-6.1092403632331165e-04,7.0218637553794920e+00,-3.1415056504723338e+00,4.9306570599112185e+01,2.9072487002721009e-01,1,9.9949778815507107e-01
max_c_ep_mixing_angles_polarization_04_local_minimum_673,C_e_p,polarization_cluster_04_local_minimum_673,cos(alpha_e)|+>+sin(alpha_e)|-> tensor cos(alpha_p)|+>+sin(alpha_p)|->,2.1560640347836006e+00,2.4925475171619680e+00,p_gamma_lepton,|+1-1+1>,6,1,1,-1,-7.0177738992498941e+00,6.1019682471122956e-04,7.0177739257782612e+00,3.1415057033927742e+00,4.9249150873333228e+01,2.9038630780089325e-01,2,9.9949778815507107e-01
max_c_ep_mixing_angles_polarization_04_local_minimum_673,C_e_p,polarization_cluster_04_local_minimum_673,cos(alpha_e)|+>+sin(alpha_e)|-> tensor cos(alpha_p)|+>+sin(alpha_p)|->,2.1560640347836006e+00,2.4925475171619680e+00,p_gamma_lepton,|+1+1+1>,7,1,1,1,-5.9591137950410342e+00,4.9116026518100501e-04,5.9591138152821648e+00,3.1415102318940575e+00,3.5511037463486758e+01,2.0938267710895045e-01,3,9.9949778815507107e-01
max_c_ep_mixing_angles_polarization_04_local_minimum_673,C_e_p,polarization_cluster_04_local_minimum_673,cos(alpha_e)|+>+sin(alpha_e)|-> tensor cos(alpha_p)|+>+sin(alpha_p)|->,2.1560640347836006e+00,2.4925475171619680e+00,p_gamma_lepton,|-1+1-1>,1,-1,-1,1,-5.9537217510626261e+00,-5.3766704809852812e-04,5.9537217753403686e+00,-3.1415023458681497e+00,3.5446802978162083e+01,2.0900393321801725e-01,4,9.9949778815507107e-01
max_c_ep_mixing_angles_polarization_04_local_minimum_674,C_e_p,polarization_cluster_04_local_minimum_674,cos(alpha_e)|+>+sin(alpha_e)|-> tensor cos(alpha_p)|+>+sin(alpha_p)|->,2.1203761439716242e+00,2.5538587046276140e+00,p_gamma_lepton,|-1-1-1>,0,-1,-1,-1,-1.2271378814302752e+01,-8.4271248326063097e-03,1.2271381707882425e+01,-3.1409059236277090e+00,1.5058680902055133e+02,2.7858954013877496e-01,1,9.9958135056170505e-01
max_c_ep_mixing_angles_polarization_04_local_minimum_674,C_e_p,polarization_cluster_04_local_minimum_674,cos(alpha_e)|+>+sin(alpha_e)|-> tensor cos(alpha_p)|+>+sin(alpha_p)|->,2.1203761439716242e+00,2.5538587046276140e+00,p_gamma_lepton,|+1-1+1>,6,1,1,-1,-1.2266733066801677e+01,8.3772241048360105e-03,1.2266735927297423e+01,3.1409097315145442e+00,1.5047281031004943e+02,2.7837863953903647e-01,2,9.9958135056170505e-01
max_c_ep_mixing_angles_polarization_04_local_minimum_674,C_e_p,polarization_cluster_04_local_minimum_674,cos(alpha_e)|+>+sin(alpha_e)|-> tensor cos(alpha_p)|+>+sin(alpha_p)|->,2.1203761439716242e+00,2.5538587046276140e+00,p_gamma_lepton,|+1+1+1>,7,1,1,1,-1.0940064941489334e+01,7.0558994084442758e-03,1.0940067216873965e+01,3.1409476941249430e+00,1.1968507070972046e+02,2.2142051503294224e-01,3,9.9958135056170505e-01
max_c_ep_mixing_angles_polarization_04_local_minimum_674,C_e_p,polarization_cluster_04_local_minimum_674,cos(alpha_e)|+>+sin(alpha_e)|-> tensor cos(alpha_p)|+>+sin(alpha_p)|->,2.1203761439716242e+00,2.5538587046276140e+00,p_gamma_lepton,|-1+1-1>,1,-1,-1,1,-1.0934433875241007e+01,-7.8202135260930748e-03,1.0934436671715542e+01,-3.1408774622701534e+00,1.1956190532775766e+02,2.2119265585095141e-01,4,9.9958135056170505e-01
max_c_ep_mixing_angles_polarization_04_local_minimum_676,C_e_p,polarization_cluster_04_local_minimum_676,cos(alpha_e)|+>+sin(alpha_e)|-> tensor cos(alpha_p)|+>+sin(alpha_p)|->,2.6784770491560193e+00,2.0520894226287334e+00,p_gamma_lepton,|+1+1+1>,7,1,1,1,1.4221281704075041e+01,-2.5863795402163885e-04,1.4221281706426925e+01,-1.8186683828857145e-05,2.0224485337355307e+02,2.7020963063026532e-01,1,9.9981634019999632e-01
max_c_ep_mixing_angles_polarization_04_local_minimum_676,C_e_p,polarization_cluster_04_local_minimum_676,cos(alpha_e)|+>+sin(alpha_e)|-> tensor cos(alpha_p)|+>+sin(alpha_p)|->,2.6784770491560193e+00,2.0520894226287334e+00,p_gamma_lepton,|-1+1-1>,1,-1,-1,1,1.4218905838519182e+01,-1.4481309202591956e-05,1.4218905838526556e+01,-1.0184545398252032e-06,2.0217728324488453e+02,2.7011935342812837e-01,2,9.9981634019999632e-01
max_c_ep_mixing_angles_polarization_04_local_minimum_676,C_e_p,polarization_cluster_04_local_minimum_676,cos(alpha_e)|+>+sin(alpha_e)|-> tensor cos(alpha_p)|+>+sin(alpha_p)|->,2.6784770491560193e+00,2.0520894226287334e+00,p_gamma_lepton,|-1-1-1>,0,-1,-1,-1,1.3114740699824395e+01,2.2451780757918894e-04,1.3114740701746211e+01,1.7119500316179450e-05,1.7199642367403868e+02,2.2979615716028903e-01,3,9.9981634019999632e-01
max_c_ep_mixing_angles_polarization_04_local_minimum_676,C_e_p,polarization_cluster_04_local_minimum_676,cos(alpha_e)|+>+sin(alpha_e)|-> tensor cos(alpha_p)|+>+sin(alpha_p)|->,2.6784770491560193e+00,2.0520894226287334e+00,p_gamma_lepton,|+1-1+1>,6,1,1,-1,1.3111745313141849e+01,-2.4663451606932489e-04,1.3111745315461471e+01,-1.8810197281138136e-05,1.7191786521752579e+02,2.2969119898131363e-01,4,9.9981634019999632e-01
max_c_ep_mixing_angles_polarization_04_local_minimum_677,C_e_p,polarization_cluster_04_local_minimum_677,cos(alpha_e)|+>+sin(alpha_e)|-> tensor cos(alpha_p)|+>+sin(alpha_p)|->,2.1551890190924157e+00,2.5007132938747580e+00,p_gamma_lepton,|-1-1-1>,0,-1,-1,-1,-8.5021468536176883e+00,-1.1529745065105290e-04,8.5021468543994612e+00,-3.1415790926089460e+00,7.2286501133774649e+01,2.8714495466806306e-01,1,9.9948746752269824e-01
max_c_ep_mixing_angles_polarization_04_local_minimum_677,C_e_p,polarization_cluster_04_local_minimum_677,cos(alpha_e)|+>+sin(alpha_e)|-> tensor cos(alpha_p)|+>+sin(alpha_p)|->,2.1551890190924157e+00,2.5007132938747580e+00,p_gamma_lepton,|+1-1+1>,6,1,1,-1,-8.4970058242116231e+00,4.5857030274467705e-05,8.4970058243353641e+00,3.1415872567439838e+00,7.2199107978789129e+01,2.8679780128350274e-01,2,9.9948746752269824e-01
max_c_ep_mixing_angles_polarization_04_local_minimum_677,C_e_p,polarization_cluster_04_local_minimum_677,cos(alpha_e)|+>+sin(alpha_e)|-> tensor cos(alpha_p)|+>+sin(alpha_p)|->,2.1551890190924157e+00,2.5007132938747580e+00,p_gamma_lepton,|+1+1+1>,7,1,1,1,-7.3218079834918051e+00,9.4136659664569857e-05,7.3218079840969637e+00,3.1415797965659720e+00,5.3608872155986028e+01,2.1295147674320392e-01,3,9.9948746752269824e-01
max_c_ep_mixing_angles_polarization_04_local_minimum_677,C_e_p,polarization_cluster_04_local_minimum_677,cos(alpha_e)|+>+sin(alpha_e)|-> tensor cos(alpha_p)|+>+sin(alpha_p)|->,2.1551890190924157e+00,2.5007132938747580e+00,p_gamma_lepton,|-1+1-1>,1,-1,-1,1,-7.3156467612616662e+00,-1.1992549217478923e-04,7.3156467622446364e+00,-3.1415762605768336e+00,5.3518687549940431e+01,2.1259323482792855e-01,4,9.9948746752269824e-01
max_c_ep_mixing_angles_polarization_04_local_minimum_679,C_e_p,polarization_cluster_04_local_minimum_679,cos(alpha_e)|+>+sin(alpha_e)|-> tensor cos(alpha_p)|+>+sin(alpha_p)|->,2.0237566089563921e+00,2.6419839550450712e+00,p_gamma_lepton,|-1-1-1>,0,-1,-1,-1,1.7769266296523568e+01,-9.6633371738218848e-04,1.7769266322799297e+01,-5.4382308211488824e-05,3.1574682565056924e+02,2.6827720201212790e-01,1,9.9633420419215080e-01
max_c_ep_mixing_angles_polarization_04_local_minimum_679,C_e_p,polarization_cluster_04_local_minimum_679,cos(alpha_e)|+>+sin(alpha_e)|-> tensor cos(alpha_p)|+>+sin(alpha_p)|->,2.0237566089563921e+00,2.6419839550450712e+00,p_gamma_lepton,|+1-1+1>,6,1,1,-1,1.7759840606867261e+01,1.6926839256263472e-04,1.7759840607673905e+01,9.5309634981778890e-06,3.1541193840998312e+02,2.6799266198006616e-01,2,9.9633420419215080e-01
max_c_ep_mixing_angles_polarization_04_local_minimum_679,C_e_p,polarization_cluster_04_local_minimum_679,cos(alpha_e)|+>+sin(alpha_e)|-> tensor cos(alpha_p)|+>+sin(alpha_p)|->,2.0237566089563921e+00,2.6419839550450712e+00,p_gamma_lepton,|+1+1+1>,7,1,1,1,1.6459495983886882e+01,9.8811774799948174e-04,1.6459496013546861e+01,6.0033293108109005e-05,2.7091500901996500e+02,2.3018543560403193e-01,3,9.9633420419215080e-01
max_c_ep_mixing_angles_polarization_04_local_minimum_679,C_e_p,polarization_cluster_04_local_minimum_679,cos(alpha_e)|+>+sin(alpha_e)|-> tensor cos(alpha_p)|+>+sin(alpha_p)|->,2.0237566089563921e+00,2.6419839550450712e+00,p_gamma_lepton,|-1+1-1>,1,-1,-1,1,1.6448532975548670e+01,-1.6182047961680308e-03,1.6448533055148069e+01,-9.8379885510330712e-05,2.7055423966629877e+02,2.2987890459592478e-01,4,9.9633420419215080e-01
max_c_ep_mixing_angles_polarization_04_local_minimum_682,C_e_p,polarization_cluster_04_local_minimum_682,cos(alpha_e)|+>+sin(alpha_e)|-> tensor cos(alpha_p)|+>+sin(alpha_p)|->,2.7930124627602604e+00,2.4531948476417362e+00,p_gamma_lepton,|-1+1-1>,1,-1,-1,1,-3.6078325857264054e-01,-2.1818197105683567e-02,3.6144237907477766e-01,-3.0811916865509099e+00,1.3064059339123527e-01,4.5828375011814615e-01,1,9.9995494353888448e-01
max_c_ep_mixing_angles_polarization_04_local_minimum_682,C_e_p,polarization_cluster_04_local_minimum_682,cos(alpha_e)|+>+sin(alpha_e)|-> tensor cos(alpha_p)|+>+sin(alpha_p)|->,2.7930124627602604e+00,2.4531948476417362e+00,p_gamma_lepton,|+1+1+1>,7,1,1,1,-3.6075375673989041e-01,2.1720148162581582e-02,3.6140702516435474e-01,3.0814575620905256e+00,1.3061503783814854e-01,4.5819410191309046e-01,2,9.9995494353888448e-01
max_c_ep_mixing_angles_polarization_04_local_minimum_682,C_e_p,polarization_cluster_04_local_minimum_682,cos(alpha_e)|+>+sin(alpha_e)|-> tensor cos(alpha_p)|+>+sin(alpha_p)|->,2.7930124627602604e+00,2.4531948476417362e+00,p_gamma_lepton,|+1-1+1>,6,1,1,-1,-1.0892505524192206e-01,6.5410265977554035e-03,1.0912127514104807e-01,3.0816139733249930e+00,1.1907452688408317e-02,4.1771029438421675e-02,3,9.9995494353888448e-01
max_c_ep_mixing_angles_polarization_04_local_minimum_682,C_e_p,polarization_cluster_04_local_minimum_682,cos(alpha_e)|+>+sin(alpha_e)|-> tensor cos(alpha_p)|+>+sin(alpha_p)|->,2.7930124627602604e+00,2.4531948476417362e+00,p_gamma_lepton,|-1-1-1>,0,-1,-1,-1,-1.0883588328839969e-01,-6.6093330368513104e-03,1.0903638280114658e-01,-3.0809396220188030e+00,1.1888932774358174e-02,4.1706062069226196e-02,4,9.9995494353888448e-01
max_c_ep_mixing_angles_polarization_04_local_minimum_686,C_e_p,polarization_cluster_04_local_minimum_686,cos(alpha_e)|+>+sin(alpha_e)|-> tensor cos(alpha_p)|+>+sin(alpha_p)|->,1.8424413726345810e+00,2.7880295870376726e+00,p_gamma_lepton,|-1-1-1>,0,-1,-1,-1,4.6429008030455055e-01,2.4225895884652138e-03,4.6429640059935867e-01,5.2177888478188742e-03,2.1557114760952015e-01,3.1253654369362638e-01,1,9.9962168339826318e-01
max_c_ep_mixing_angles_polarization_04_local_minimum_686,C_e_p,polarization_cluster_04_local_minimum_686,cos(alpha_e)|+>+sin(alpha_e)|-> tensor cos(alpha_p)|+>+sin(alpha_p)|->,1.8424413726345810e+00,2.7880295870376726e+00,p_gamma_lepton,|+1-1+1>,6,1,1,-1,4.6377353559487355e-01,-2.4984592754943961e-03,4.6378026544573964e-01,-5.3871877409333744e-03,2.1509213461692078e-01,3.1184206733743736e-01,2,9.9962168339826318e-01
max_c_ep_mixing_angles_polarization_04_local_minimum_686,C_e_p,polarization_cluster_04_local_minimum_686,cos(alpha_e)|+>+sin(alpha_e)|-> tensor cos(alpha_p)|+>+sin(alpha_p)|->,1.8424413726345810e+00,2.7880295870376726e+00,p_gamma_lepton,|+1+1+1>,7,1,1,1,3.6008519609432277e-01,-1.9505390191960467e-03,3.6009047897542679e-01,-5.4168290246844261e-03,1.2966515304875229e-01,1.8798943745833838e-01,3,9.9962168339826318e-01
max_c_ep_mixing_angles_polarization_04_local_minimum_686,C_e_p,polarization_cluster_04_local_minimum_686,cos(alpha_e)|+>+sin(alpha_e)|-> tensor cos(alpha_p)|+>+sin(alpha_p)|->,1.8424413726345810e+00,2.7880295870376726e+00,p_gamma_lepton,|-1+1-1>,1,-1,-1,1,3.5938025945583918e-01,1.8613304941548661e-03,3.5938507959813076e-01,5.1792323092245372e-03,1.2915763543775474e-01,1.8725363490886113e-01,4,9.9962168339826318e-01
max_c_ep_mixing_angles_polarization_04_local_minimum_690,C_e_p,polarization_cluster_04_local_minimum_690,cos(alpha_e)|+>+sin(alpha_e)|-> tensor cos(alpha_p)|+>+sin(alpha_p)|->,2.8409826171424055e+00,1.9073528479091046e+00,p_gamma_lepton,|+1+1+1>,7,1,1,1,-4.6493165370769072e+00,1.1922808662720847e-03,4.6493166899524567e+00,3.1413362114158461e+00,2.1616145683470467e+01,2.6675742589279783e-01,1,9.9718155068873193e-01
max_c_ep_mixing_angles_polarization_04_local_minimum_690,C_e_p,polarization_cluster_04_local_minimum_690,cos(alpha_e)|+>+sin(alpha_e)|-> tensor cos(alpha_p)|+>+sin(alpha_p)|->,2.8409826171424055e+00,1.9073528479091046e+00,p_gamma_lepton,|-1+1-1>,1,-1,-1,1,-4.6416783633376069e+00,-1.1790957658277884e-03,4.6416785130966698e+00,-3.1413386300129380e+00,2.1545179418943313e+01,2.6588165560850674e-01,2,9.9718155068873193e-01
max_c_ep_mixing_angles_polarization_04_local_minimum_690,C_e_p,polarization_cluster_04_local_minimum_690,cos(alpha_e)|+>+sin(alpha_e)|-> tensor cos(alpha_p)|+>+sin(alpha_p)|->,2.8409826171424055e+00,1.9073528479091046e+00,p_gamma_lepton,|-1-1-1>,0,-1,-1,-1,-4.3425231811262970e+00,-1.2164267651425303e-03,4.3425233514989108e+00,-3.1413125337878740e+00,1.8857509058313333e+01,2.3271403925596401e-01,3,9.9718155068873193e-01
max_c_ep_mixing_angles_polarization_04_local_minimum_690,C_e_p,polarization_cluster_04_local_minimum_690,cos(alpha_e)|+>+sin(alpha_e)|-> tensor cos(alpha_p)|+>+sin(alpha_p)|->,2.8409826171424055e+00,1.9073528479091046e+00,p_gamma_lepton,|+1-1+1>,6,1,1,-1,-4.3342524451616598e+00,1.1174864454388494e-03,4.3342525892206352e+00,3.1413348267938654e+00,1.8785745507165789e+01,2.3182842993146338e-01,4,9.9718155068873193e-01
max_c_ep_mixing_angles_polarization_04_local_minimum_696,C_e_p,polarization_cluster_04_local_minimum_696,cos(alpha_e)|+>+sin(alpha_e)|-> tensor cos(alpha_p)|+>+sin(alpha_p)|->,2.8387220795743362e+00,2.0963313595185928e+00,p_gamma_lepton,|+1+1+1>,7,1,1,1,-4.0229657757497328e-01,-1.5672048731000050e-02,4.0260172557996238e-01,-3.1026558869855467e+00,1.6208814943996333e-01,3.8463686478642872e-01,1,9.9969943844103148e-01
max_c_ep_mixing_angles_polarization_04_local_minimum_696,C_e_p,polarization_cluster_04_local_minimum_696,cos(alpha_e)|+>+sin(alpha_e)|-> tensor cos(alpha_p)|+>+sin(alpha_p)|->,2.8387220795743362e+00,2.0963313595185928e+00,p_gamma_lepton,|-1+1-1>,1,-1,-1,1,-4.0200490383317561e-01,1.5934880800615923e-02,4.0232059744941051e-01,3.1019748707896189e+00,1.6186186313205062e-01,3.8409988502374787e-01,2,9.9969943844103148e-01
max_c_ep_mixing_angles_polarization_04_local_minimum_696,C_e_p,polarization_cluster_04_local_minimum_696,cos(alpha_e)|+>+sin(alpha_e)|-> tensor cos(alpha_p)|+>+sin(alpha_p)|->,2.8387220795743362e+00,2.0963313595185928e+00,p_gamma_lepton,|-1-1-1>,0,-1,-1,-1,-2.2066756313352179e-01,8.7983621757376177e-03,2.2084289573418989e-01,3.1017421920291937e+00,4.8771584596262268e-02,1.1573547760640436e-01,3,9.9969943844103148e-01
max_c_ep_mixing_angles_polarization_04_local_minimum_696,C_e_p,polarization_cluster_04_local_minimum_696,cos(alpha_e)|+>+sin(alpha_e)|-> tensor cos(alpha_p)|+>+sin(alpha_p)|->,2.8387220795743362e+00,2.0963313595185928e+00,p_gamma_lepton,|+1-1+1>,6,1,1,-1,-2.2019216348063655e-01,-8.5328381421441463e-03,2.2035743278828468e-01,-3.1028602545970445e+00,4.8557398185043413e-02,1.1522721102445049e-01,4,9.9969943844103148e-01
max_c_ep_mixing_angles_polarization_04_local_minimum_700,C_e_p,polarization_cluster_04_local_minimum_700,cos(alpha_e)|+>+sin(alpha_e)|-> tensor cos(alpha_p)|+>+sin(alpha_p)|->,3.0447029174083622e+00,1.4775780814890014e+00,p_gamma_lepton,|+1+1+1>,7,1,1,1,2.2745736608768705e-02,-7.1097992051678341e-05,2.2745847726562195e-02,-3.1257620591830749e-03,5.1737358879995455e-04,2.6220265596170317e-01,1,9.9998482629965935e-01
max_c_ep_mixing_angles_polarization_04_local_minimum_700,C_e_p,polarization_cluster_04_local_minimum_700,cos(alpha_e)|+>+sin(alpha_e)|-> tensor cos(alpha_p)|+>+sin(alpha_p)|->,3.0447029174083622e+00,1.4775780814890014e+00,p_gamma_lepton,|-1+1-1>,1,-1,-1,1,-2.2736266592860849e-02,-6.8516641085881083e-05,2.2736369831434084e-02,-3.1385791230526809e+00,5.1694251311174596e-04,2.6198418870165036e-01,2,9.9998482629965935e-01
max_c_ep_mixing_angles_polarization_04_local_minimum_700,C_e_p,polarization_cluster_04_local_minimum_700,cos(alpha_e)|+>+sin(alpha_e)|-> tensor cos(alpha_p)|+>+sin(alpha_p)|->,3.0447029174083622e+00,1.4775780814890014e+00,p_gamma_lepton,|-1-1-1>,0,-1,-1,-1,-2.1672411785944680e-02,-6.3354888226303750e-05,2.1672504388312305e-02,-3.1386693652920656e+00,4.6969744646141595e-04,2.3804059702056435e-01,3,9.9998482629965935e-01
max_c_ep_mixing_angles_polarization_04_local_minimum_700,C_e_p,polarization_cluster_04_local_minimum_700,cos(alpha_e)|+>+sin(alpha_e)|-> tensor cos(alpha_p)|+>+sin(alpha_p)|->,3.0447029174083622e+00,1.4775780814890014e+00,p_gamma_lepton,|+1-1+1>,6,1,1,-1,2.1659504747257731e-02,-6.6864905880898427e-05,2.1659607956103884e-02,-3.0870832113493716e-03,4.6913861681211871e-04,2.3775738461574145e-01,4,9.9998482629965935e-01
max_c_ep_mixing_angles_polarization_04_local_minimum_701,C_e_p,polarization_cluster_04_local_minimum_701,cos(alpha_e)|+>+sin(alpha_e)|-> tensor cos(alpha_p)|+>+sin(alpha_p)|->,2.9004510182619887e+00,1.8257395932548519e+00,p_gamma_lepton,|-1+1-1>,1,-1,-1,1,3.2762771315091238e-01,-4.6362764345623436e-05,3.2762771643132155e-01,-1.4151050773532348e-04,1.0733992057400248e-01,2.6458976844943743e-01,1,9.9999797052501271e-01
max_c_ep_mixing_angles_polarization_04_local_minimum_701,C_e_p,polarization_cluster_04_local_minimum_701,cos(alpha_e)|+>+sin(alpha_e)|-> tensor cos(alpha_p)|+>+sin(alpha_p)|->,2.9004510182619887e+00,1.8257395932548519e+00,p_gamma_lepton,|+1+1+1>,7,1,1,1,3.2760096582899195e-01,7.7660945904079725e-09,3.2760096582899206e-01,2.3705957553439817e-08,1.0732239281208839e-01,2.6454656302836499e-01,2,9.9999797052501271e-01
max_c_ep_mixing_angles_polarization_04_local_minimum_701,C_e_p,polarization_cluster_04_local_minimum_701,cos(alpha_e)|+>+sin(alpha_e)|-> tensor cos(alpha_p)|+>+sin(alpha_p)|->,2.9004510182619887e+00,1.8257395932548519e+00,p_gamma_lepton,|+1-1+1>,6,1,1,-1,3.0906778415661479e-01,-2.8947195693430595e-06,3.0906778417017072e-01,-9.3659699187268493e-06,9.5522895211859235e-02,2.3546114614740193e-01,3,9.9999797052501271e-01
max_c_ep_mixing_angles_polarization_04_local_minimum_701,C_e_p,polarization_cluster_04_local_minimum_701,cos(alpha_e)|+>+sin(alpha_e)|-> tensor cos(alpha_p)|+>+sin(alpha_p)|->,2.9004510182619887e+00,1.8257395932548519e+00,p_gamma_lepton,|-1-1-1>,0,-1,-1,-1,3.0902797468882082e-01,1.2020548467467775e-07,3.0902797468884419e-01,3.8897929805776953e-07,9.5498289140288892e-02,2.3540049289980838e-01,4,9.9999797052501271e-01
max_c_ep_mixing_angles_polarization_04_local_minimum_705,C_e_p,polarization_cluster_04_local_minimum_705,cos(alpha_e)|+>+sin(alpha_e)|-> tensor cos(alpha_p)|+>+sin(alpha_p)|->,3.1006760923037460e+00,1.6123343719011118e+00,p_gamma_lepton,|+1+1+1>,7,1,1,1,1.9971875729093935e-02,2.2235388467787909e-05,1.9971888106808323e-02,1.1133345501630624e-03,3.9887631455087173e-04,2.6239432428384390e-01,1,9.9999791309367903e-01
max_c_ep_mixing_angles_polarization_04_local_minimum_705,C_e_p,polarization_cluster_04_local_minimum_705,cos(alpha_e)|+>+sin(alpha_e)|-> tensor cos(alpha_p)|+>+sin(alpha_p)|->,3.1006760923037460e+00,1.6123343719011118e+00,p_gamma_lepton,|-1+1-1>,1,-1,-1,1,1.9970954348484223e-02,-2.5450015520672087e-05,1.9970970564610297e-02,-1.2743508046682416e-03,3.9883966529253093e-04,2.6237021516272779e-01,2,9.9999791309367903e-01
max_c_ep_mixing_angles_polarization_04_local_minimum_705,C_e_p,polarization_cluster_04_local_minimum_705,cos(alpha_e)|+>+sin(alpha_e)|-> tensor cos(alpha_p)|+>+sin(alpha_p)|->,3.1006760923037460e+00,1.6123343719011118e+00,p_gamma_lepton,|+1-1+1>,6,1,1,-1,1.9006263877849330e-02,2.1313534866116706e-05,1.9006275828294422e-02,1.1213948237793873e-03,3.6123852086120871e-04,2.3763491119647118e-01,3,9.9999791309367903e-01
max_c_ep_mixing_angles_polarization_04_local_minimum_705,C_e_p,polarization_cluster_04_local_minimum_705,cos(alpha_e)|+>+sin(alpha_e)|-> tensor cos(alpha_p)|+>+sin(alpha_p)|->,3.1006760923037460e+00,1.6123343719011118e+00,p_gamma_lepton,|-1-1-1>,0,-1,-1,-1,1.9004807561172204e-02,-2.0079812037935339e-05,1.9004818168981245e-02,-1.0565644772468031e-03,3.6118311363603965e-04,2.3759846245063615e-01,4,9.9999791309367903e-01
max_c_ep_mixing_angles_polarization_04_local_minimum_708,C_e_p,polarization_cluster_04_local_minimum_708,cos(alpha_e)|+>+sin(alpha_e)|-> tensor cos(alpha_p)|+>+sin(alpha_p)|->,3.0910406142770905e+00,1.5180662200339587e+00,p_gamma_lepton,|-1+1-1>,1,-1,-1,1,1.3972237455161579e-02,-2.1862386579086453e-02,2.5945854513521799e-02,-1.0021223240269850e+00,6.7318736643683964e-04,2.6250260685380222e-01,1,9.9999576003048207e-01
max_c_ep_mixing_angles_polarization_04_local_minimum_708,C_e_p,polarization_cluster_04_local_minimum_708,cos(alpha_e)|+>+sin(alpha_e)|-> tensor cos(alpha_p)|+>+sin(alpha_p)|->,3.0910406142770905e+00,1.5180662200339587e+00,p_gamma_lepton,|+1+1+1>,7,1,1,1,-1.3982622170122538e-02,-2.1854022936877156e-02,2.5944402889215915e-02,-2.1399812017528350e+00,6.7311204127795514e-04,2.6247323456971805e-01,2,9.9999576003048207e-01
max_c_ep_mixing_angles_polarization_04_local_minimum_708,C_e_p,polarization_cluster_04_local_minimum_708,cos(alpha_e)|+>+sin(alpha_e)|-> tensor cos(alpha_p)|+>+sin(alpha_p)|->,3.0910406142770905e+00,1.5180662200339587e+00,p_gamma_lepton,|-1-1-1>,0,-1,-1,-1,1.3296063664416753e-02,-2.0792846763185258e-02,2.4680514287298130e-02,-1.0018707589453122e+00,6.0912778548552710e-04,2.3752322097689954e-01,3,9.9999576003048207e-01
max_c_ep_mixing_angles_polarization_04_local_minimum_708,C_e_p,polarization_cluster_04_local_minimum_708,cos(alpha_e)|+>+sin(alpha_e)|-> tensor cos(alpha_p)|+>+sin(alpha_p)|->,3.0910406142770905e+00,1.5180662200339587e+00,p_gamma_lepton,|+1-1+1>,6,1,1,-1,-1.3299907359073999e-02,-2.0788752503699878e-02,2.4679136257576735e-02,-2.1399424828287517e+00,6.0905976642003877e-04,2.3749669763006231e-01,4,9.9999576003048207e-01
max_c_ep_mixing_angles_polarization_04_local_minimum_709,C_e_p,polarization_cluster_04_local_minimum_709,cos(alpha_e)|+>+sin(alpha_e)|-> tensor cos(alpha_p)|+>+sin(alpha_p)|->,2.7898393919911473e+00,1.9573343664827016e+00,p_gamma_lepton,|+1+1+1>,7,1,1,1,-1.2799167180738007e+01,-5.8754204999200595e-03,1.2799168529285289e+01,-3.1411336065280389e+00,1.6381871504104694e+02,2.6356957253141672e-01,1,9.9513682909849299e-01
max_c_ep_mixing_angles_polarization_04_local_minimum_709,C_e_p,polarization_cluster_04_local_minimum_709,cos(alpha_e)|+>+sin(alpha_e)|-> tensor cos(alpha_p)|+>+sin(alpha_p)|->,2.7898393919911473e+00,1.9573343664827016e+00,p_gamma_lepton,|-1+1-1>,1,-1,-1,1,-1.2775939590760521e+01,6.2886691657525360e-03,1.2775941138488466e+01,3.1411004261013029e+00,1.6322467197412197e+02,2.6261381068714007e-01,2,9.9513682909849299e-01
max_c_ep_mixing_angles_polarization_04_local_minimum_709,C_e_p,polarization_cluster_04_local_minimum_709,cos(alpha_e)|+>+sin(alpha_e)|-> tensor cos(alpha_p)|+>+sin(alpha_p)|->,2.7898393919911473e+00,1.9573343664827016e+00,p_gamma_lepton,|-1-1-1>,0,-1,-1,-1,-1.2083774347352987e+01,6.0825042463597996e-03,1.2083775878201484e+01,3.1410892923420737e+00,1.4601763947460401e+02,2.3492924363815681e-01,3,9.9513682909849299e-01
max_c_ep_mixing_angles_polarization_04_local_minimum_709,C_e_p,polarization_cluster_04_local_minimum_709,cos(alpha_e)|+>+sin(alpha_e)|-> tensor cos(alpha_p)|+>+sin(alpha_p)|->,2.7898393919911473e+00,1.9573343664827016e+00,p_gamma_lepton,|+1-1+1>,6,1,1,-1,-1.2060476507592576e+01,-5.2482052252373190e-03,1.2060477649490110e+01,-3.1411574962483182e+00,1.4545512113385044e+02,2.3402420224177942e-01,4,9.9513682909849299e-01
max_c_ep_mixing_angles_polarization_04_local_minimum_729,C_e_p,polarization_cluster_04_local_minimum_729,cos(alpha_e)|+>+sin(alpha_e)|-> tensor cos(alpha_p)|+>+sin(alpha_p)|->,2.1557000814286642e+00,2.5033205466619264e+00,p_gamma_lepton,|-1-1-1>,0,-1,-1,-1,-1.0859693192774150e+01,1.7790957690859796e-02,1.0859707765836093e+01,3.1399543990407199e+00,1.1793325275936080e+02,2.8530200846599196e-01,1,9.9946924760221878e-01
max_c_ep_mixing_angles_polarization_04_local_minimum_729,C_e_p,polarization_cluster_04_local_minimum_729,cos(alpha_e)|+>+sin(alpha_e)|-> tensor cos(alpha_p)|+>+sin(alpha_p)|->,2.1557000814286642e+00,2.5033205466619264e+00,p_gamma_lepton,|+1-1+1>,6,1,1,-1,-1.0853712608915915e+01,-1.7393088622691989e-02,1.0853726545130579e+01,-3.1399901536562789e+00,1.1780337991647217e+02,2.8498782241537129e-01,2,9.9946924760221878e-01
max_c_ep_mixing_angles_polarization_04_local_minimum_729,C_e_p,polarization_cluster_04_local_minimum_729,cos(alpha_e)|+>+sin(alpha_e)|-> tensor cos(alpha_p)|+>+sin(alpha_p)|->,2.1557000814286642e+00,2.5033205466619264e+00,p_gamma_lepton,|+1+1+1>,7,1,1,1,-9.4227626631028230e+00,-1.4530536629810265e-02,9.4227738666307470e+00,-3.1400505872519680e+00,8.8788667341659362e+01,2.1479595049652850e-01,3,9.9946924760221878e-01
max_c_ep_mixing_angles_polarization_04_local_minimum_729,C_e_p,polarization_cluster_04_local_minimum_729,cos(alpha_e)|+>+sin(alpha_e)|-> tensor cos(alpha_p)|+>+sin(alpha_p)|->,2.1557000814286642e+00,2.5033205466619264e+00,p_gamma_lepton,|-1+1-1>,1,-1,-1,1,-9.4137079194871696e+00,1.6274883726338236e-02,9.4137219878885183e+00,3.1398638058657311e+00,8.8618161665255755e+01,2.1438346622432700e-01,4,9.9946924760221878e-01
max_c_ep_mixing_angles_polarization_04_local_minimum_731,C_e_p,polarization_cluster_04_local_minimum_731,cos(alpha_e)|+>+sin(alpha_e)|-> tensor cos(alpha_p)|+>+sin(alpha_p)|->,2.5367475689990053e+00,2.2670376093350093e+00,p_gamma_lepton,|+1+1+1>,7,1,1,1,-9.2684770418544518e-02,-1.3028271688551615e-01,1.5988762612100368e-01,-2.1891407794346351e+00,2.5564052986609860e-02,2.9707881393781521e-01,1,9.9999866220352951e-01
max_c_ep_mixing_angles_polarization_04_local_minimum_731,C_e_p,polarization_cluster_04_local_minimum_731,cos(alpha_e)|+>+sin(alpha_e)|-> tensor cos(alpha_p)|+>+sin(alpha_p)|->,2.5367475689990053e+00,2.2670376093350093e+00,p_gamma_lepton,|-1+1-1>,1,-1,-1,1,-9.2650823056200496e-02,1.3025846920356782e-01,1.5984818989356181e-01,2.1890556638056080e+00,2.5551443812248206e-02,2.9693228323839688e-01,2,9.9999866220352951e-01
max_c_ep_mixing_angles_polarization_04_local_minimum_731,C_e_p,polarization_cluster_04_local_minimum_731,cos(alpha_e)|+>+sin(alpha_e)|-> tensor cos(alpha_p)|+>+sin(alpha_p)|->,2.5367475689990053e+00,2.2670376093350093e+00,p_gamma_lepton,|-1-1-1>,0,-1,-1,-1,-7.6605184714169813e-02,1.0772722465992146e-01,1.3218740203976045e-01,2.1889353634565514e+00,1.7473509258021266e-02,2.0305893625018609e-01,3,9.9999866220352951e-01
max_c_ep_mixing_angles_polarization_04_local_minimum_731,C_e_p,polarization_cluster_04_local_minimum_731,cos(alpha_e)|+>+sin(alpha_e)|-> tensor cos(alpha_p)|+>+sin(alpha_p)|->,2.5367475689990053e+00,2.2670376093350093e+00,p_gamma_lepton,|+1-1+1>,6,1,1,-1,-7.6606410718650098e-02,-1.0767429568883527e-01,1.3214498142298570e-01,-2.1891750435141812e+00,1.7462296115281235e-02,2.0292862877713130e-01,4,9.9999866220352951e-01
max_c_ep_mixing_angles_polarization_04_local_minimum_741,C_e_p,polarization_cluster_04_local_minimum_741,cos(alpha_e)|+>+sin(alpha_e)|-> tensor cos(alpha_p)|+>+sin(alpha_p)|->,2.9578398682663254e+00,1.7764011545524101e+00,p_gamma_lepton,|+1+1+1>,7,1,1,1,-1.2339962902948849e+00,1.6122594023715402e-03,1.2339973435311431e+00,3.1402861192852263e+00,1.5227494438419185e+00,2.6201928842627042e-01,1,9.9824765025560813e-01
max_c_ep_mixing_angles_polarization_04_local_minimum_741,C_e_p,polarization_cluster_04_local_minimum_741,cos(alpha_e)|+>+sin(alpha_e)|-> tensor cos(alpha_p)|+>+sin(alpha_p)|->,2.9578398682663254e+00,1.7764011545524101e+00,p_gamma_lepton,|-1+1-1>,1,-1,-1,1,-1.2327947357978273e+00,-1.7411990556849620e-03,1.2327959654318252e+00,-3.1401802547148616e+00,1.5197858923849861e+00,2.6150935053261348e-01,2,9.9824765025560813e-01
max_c_ep_mixing_angles_polarization_04_local_minimum_741,C_e_p,polarization_cluster_04_local_minimum_741,cos(alpha_e)|+>+sin(alpha_e)|-> tensor cos(alpha_p)|+>+sin(alpha_p)|->,2.9578398682663254e+00,1.7764011545524101e+00,p_gamma_lepton,|-1-1-1>,0,-1,-1,-1,-1.1751613662045264e+00,-1.6991955038022628e-03,1.1751625946587345e+00,-3.1401467293376011e+00,1.3810071238850492e+00,2.3762970682755066e-01,3,9.9824765025560813e-01
max_c_ep_mixing_angles_polarization_04_local_minimum_741,C_e_p,polarization_cluster_04_local_minimum_741,cos(alpha_e)|+>+sin(alpha_e)|-> tensor cos(alpha_p)|+>+sin(alpha_p)|->,2.9578398682663254e+00,1.7764011545524101e+00,p_gamma_lepton,|+1-1+1>,6,1,1,-1,-1.1738246291446519e+00,1.5051158722257959e-03,1.1738255940983602e+00,3.1403104219770013e+00,1.3778665253603681e+00,2.3708930446917359e-01,4,9.9824765025560813e-01
max_c_ep_mixing_angles_polarization_04_local_minimum_743,C_e_p,polarization_cluster_04_local_minimum_743,cos(alpha_e)|+>+sin(alpha_e)|-> tensor cos(alpha_p)|+>+sin(alpha_p)|->,3.0631057993602839e+00,1.4842296174170135e+00,p_gamma_lepton,|+1+1+1>,7,1,1,1,-5.4445800714759650e-02,-2.2055870872221453e-02,5.8743566927821372e-02,-2.7566994118389858e+00,3.4508066554034288e-03,2.6279391476968222e-01,1,9.9997032518691698e-01
max_c_ep_mixing_angles_polarization_04_local_minimum_743,C_e_p,polarization_cluster_04_local_minimum_743,cos(alpha_e)|+>+sin(alpha_e)|-> tensor cos(alpha_p)|+>+sin(alpha_p)|->,3.0631057993602839e+00,1.4842296174170135e+00,p_gamma_lepton,|-1+1-1>,1,-1,-1,1,5.3914793170816343e-02,-2.3193035406780686e-02,5.8691752521389980e-02,-4.0624948540539524e-01,3.4447218140320878e-03,2.6233052767083581e-01,2,9.9997032518691698e-01
max_c_ep_mixing_angles_polarization_04_local_minimum_743,C_e_p,polarization_cluster_04_local_minimum_743,cos(alpha_e)|+>+sin(alpha_e)|-> tensor cos(alpha_p)|+>+sin(alpha_p)|->,3.0631057993602839e+00,1.4842296174170135e+00,p_gamma_lepton,|-1-1-1>,0,-1,-1,-1,5.1381062044471237e-02,-2.1906724680634610e-02,5.5856227254003903e-02,-4.0302028738884454e-01,3.1199181230509286e-03,2.3759531587595709e-01,3,9.9997032518691698e-01
max_c_ep_mixing_angles_polarization_04_local_minimum_743,C_e_p,polarization_cluster_04_local_minimum_743,cos(alpha_e)|+>+sin(alpha_e)|-> tensor cos(alpha_p)|+>+sin(alpha_p)|->,3.0631057993602839e+00,1.4842296174170135e+00,p_gamma_lepton,|+1-1+1>,6,1,1,-1,-5.1673772750383117e-02,-2.1100055810441311e-02,5.5815689061965136e-02,-2.7539242041434906e+00,3.1153911454619744e-03,2.3725056687044180e-01,4,9.9997032518691698e-01
max_c_ep_mixing_angles_polarization_04_local_minimum_746,C_e_p,polarization_cluster_04_local_minimum_746,cos(alpha_e)|+>+sin(alpha_e)|-> tensor cos(alpha_p)|+>+sin(alpha_p)|->,2.1450648520849138e+00,2.5186235102469898e+00,p_gamma_lepton,|-1-1-1>,0,-1,-1,-1,-1.2575121713115889e+01,-1.0554098161114136e-02,1.2575126142057847e+01,-3.1407533698099779e+00,1.5813379748866669e+02,2.8291075206312827e-01,1,9.9949985796414897e-01
max_c_ep_mixing_angles_polarization_04_local_minimum_746,C_e_p,polarization_cluster_04_local_minimum_746,cos(alpha_e)|+>+sin(alpha_e)|-> tensor cos(alpha_p)|+>+sin(alpha_p)|->,2.1450648520849138e+00,2.5186235102469898e+00,p_gamma_lepton,|+1-1+1>,6,1,1,-1,-1.2572898589632944e+01,1.0299131039866783e-02,1.2572902807915691e+01,3.1407735004992920e+00,1.5807788501729425e+02,2.8281072133233642e-01,2,9.9949985796414897e-01
max_c_ep_mixing_angles_polarization_04_local_minimum_746,C_e_p,polarization_cluster_04_local_minimum_746,cos(alpha_e)|+>+sin(alpha_e)|-> tensor cos(alpha_p)|+>+sin(alpha_p)|->,2.1450648520849138e+00,2.5186235102469898e+00,p_gamma_lepton,|+1+1+1>,7,1,1,1,-1.1012402545789177e+01,8.6797511196452810e-03,1.1012405966390062e+01,3.1408044741451908e+00,1.2127308516858348e+02,2.1696474931311688e-01,3,9.9949985796414897e-01
max_c_ep_mixing_angles_polarization_04_local_minimum_746,C_e_p,polarization_cluster_04_local_minimum_746,cos(alpha_e)|+>+sin(alpha_e)|-> tensor cos(alpha_p)|+>+sin(alpha_p)|->,2.1450648520849138e+00,2.5186235102469898e+00,p_gamma_lepton,|-1+1-1>,1,-1,-1,1,-1.1008565952517419e+01,-9.7565594806054614e-03,1.1008570275988552e+01,-3.1407063840276921e+00,1.2118861952137866e+02,2.1681363525556743e-01,4,9.9949985796414897e-01
max_c_ep_mixing_angles_polarization_04_local_minimum_753,C_e_p,polarization_cluster_04_local_minimum_753,cos(alpha_e)|+>+sin(alpha_e)|-> tensor cos(alpha_p)|+>+sin(alpha_p)|->,2.6696946694826411e+00,2.0628933937447700e+00,p_gamma_lepton,|+1+1+1>,7,1,1,1,1.7434596289271134e+01,3.1388954188356507e-03,1.7434596571831861e+01,1.8003831765538226e-04,3.0396515762253114e+02,2.7054448758913735e-01,1,9.9983450114422212e-01
max_c_ep_mixing_angles_polarization_04_local_minimum_753,C_e_p,polarization_cluster_04_local_minimum_753,cos(alpha_e)|+>+sin(alpha_e)|-> tensor cos(alpha_p)|+>+sin(alpha_p)|->,2.6696946694826411e+00,2.0628933937447700e+00,p_gamma_lepton,|-1+1-1>,1,-1,-1,1,1.7431921066827659e+01,-4.1971568916772334e-03,1.7431921572111204e+01,-2.4077419777663618e-04,3.0387188969623594e+02,2.7046147437957935e-01,2,9.9983450114422212e-01
max_c_ep_mixing_angles_polarization_04_local_minimum_753,C_e_p,polarization_cluster_04_local_minimum_753,cos(alpha_e)|+>+sin(alpha_e)|-> tensor cos(alpha_p)|+>+sin(alpha_p)|->,2.6696946694826411e+00,2.0628933937447700e+00,p_gamma_lepton,|-1-1-1>,0,-1,-1,-1,1.6056377911793135e+01,-2.6750199795634150e-03,1.6056378134624580e+01,-1.6660170615748020e-04,2.5780727880205046e+02,2.2946162213389346e-01,3,9.9983450114422212e-01
max_c_ep_mixing_angles_polarization_04_local_minimum_753,C_e_p,polarization_cluster_04_local_minimum_753,cos(alpha_e)|+>+sin(alpha_e)|-> tensor cos(alpha_p)|+>+sin(alpha_p)|->,2.6696946694826411e+00,2.0628933937447700e+00,p_gamma_lepton,|+1-1+1>,6,1,1,-1,1.6053064051440764e+01,3.0400204714366094e-03,1.6053064339290000e+01,1.8937322029953174e-04,2.5770087468138428e+02,2.2936691704161197e-01,4,9.9983450114422212e-01
max_c_ep_mixing_angles_polarization_04_local_minimum_757,C_e_p,polarization_cluster_04_local_minimum_757,cos(alpha_e)|+>+sin(alpha_e)|-> tensor cos(alpha_p)|+>+sin(alpha_p)|->,2.6360576941190130e+00,2.1319584641747662e+00,p_gamma_lepton,|-1+1-1>,1,-1,-1,1,1.1746659004800937e+00,5.8342646396775344e-01,1.3115740225426187e+00,4.6098357966194581e-01,1.7202264166086256e+00,2.8163127904060054e-01,1,9.9999850542705071e-01
max_c_ep_mixing_angles_polarization_04_local_minimum_757,C_e_p,polarization_cluster_04_local_minimum_757,cos(alpha_e)|+>+sin(alpha_e)|-> tensor cos(alpha_p)|+>+sin(alpha_p)|->,2.6360576941190130e+00,2.1319584641747662e+00,p_gamma_lepton,|+1+1+1>,7,1,1,1,1.1745834230584149e+00,-5.8351369254872454e-01,1.3115389613410158e+00,-4.6107111928718408e-01,1.7201344471154711e+00,2.8161622201918768e-01,2,9.9999850542705071e-01
max_c_ep_mixing_angles_polarization_04_local_minimum_757,C_e_p,polarization_cluster_04_local_minimum_757,cos(alpha_e)|+>+sin(alpha_e)|-> tensor cos(alpha_p)|+>+sin(alpha_p)|->,2.6360576941190130e+00,2.1319584641747662e+00,p_gamma_lepton,|+1-1+1>,6,1,1,-1,1.0343611119325253e+00,-5.1389706366211774e-01,1.1549861912243093e+00,-4.6110485309140159e-01,1.3339931019188369e+00,2.1839810149259883e-01,3,9.9999850542705071e-01
max_c_ep_mixing_angles_polarization_04_local_minimum_757,C_e_p,polarization_cluster_04_local_minimum_757,cos(alpha_e)|+>+sin(alpha_e)|-> tensor cos(alpha_p)|+>+sin(alpha_p)|->,2.6360576941190130e+00,2.1319584641747662e+00,p_gamma_lepton,|-1-1-1>,0,-1,-1,-1,1.0343429708775669e+00,5.1366491386443325e-01,1.1548666698537917e+00,4.6093181773194503e-01,1.3337170251391868e+00,2.1835290287466366e-01,4,9.9999850542705071e-01
max_c_ep_mixing_angles_polarization_04_local_minimum_762,C_e_p,polarization_cluster_04_local_minimum_762,cos(alpha_e)|+>+sin(alpha_e)|-> tensor cos(alpha_p)|+>+sin(alpha_p)|->,1.9945068042086980e+00,2.6796001588243556e+00,p_gamma_lepton,|-1-1-1>,0,-1,-1,-1,2.3011127951304836e+01,-1.0603458811477015e-03,2.3011127975735047e+01,-4.6079700336335918e-05,5.2951201071565606e+02,2.6550360163579673e-01,1,9.9451890709891788e-01
max_c_ep_mixing_angles_polarization_04_local_minimum_762,C_e_p,polarization_cluster_04_local_minimum_762,cos(alpha_e)|+>+sin(alpha_e)|-> tensor cos(alpha_p)|+>+sin(alpha_p)|->,1.9945068042086980e+00,2.6796001588243556e+00,p_gamma_lepton,|+1-1+1>,6,1,1,-1,2.2964217569753870e+01,1.3087012709043337e-03,2.2964217607044475e+01,5.6988715836382748e-05,5.2735529030369128e+02,2.6442219644477155e-01,2,9.9451890709891788e-01
max_c_ep_mixing_angles_polarization_04_local_minimum_762,C_e_p,polarization_cluster_04_local_minimum_762,cos(alpha_e)|+>+sin(alpha_e)|-> tensor cos(alpha_p)|+>+sin(alpha_p)|->,1.9945068042086980e+00,2.6796001588243556e+00,p_gamma_lepton,|+1+1+1>,7,1,1,1,2.1549350032044980e+01,1.0726652707901243e-03,2.1549350058742093e+01,4.9777151900594636e-05,4.6437448795420767e+02,2.3284287525978048e-01,3,9.9451890709891788e-01
max_c_ep_mixing_angles_polarization_04_local_minimum_762,C_e_p,polarization_cluster_04_local_minimum_762,cos(alpha_e)|+>+sin(alpha_e)|-> tensor cos(alpha_p)|+>+sin(alpha_p)|->,1.9945068042086980e+00,2.6796001588243556e+00,p_gamma_lepton,|-1+1-1>,1,-1,-1,1,2.1498729212245589e+01,-6.7680974598393652e-04,2.1498729222899044e+01,-3.1481383810110883e-05,4.6219535819953319e+02,2.3175023375856910e-01,4,9.9451890709891788e-01
max_c_ep_mixing_angles_polarization_04_local_minimum_769,C_e_p,polarization_cluster_04_local_minimum_769,cos(alpha_e)|+>+sin(alpha_e)|-> tensor cos(alpha_p)|+>+sin(alpha_p)|->,2.0759641525182277e+00,2.5908536488897544e+00,p_gamma_lepton,|+1-1+1>,6,1,1,-1,2.4932680027498286e-01,5.7910751881050563e-19,2.4932680027498286e-01,2.3226845977721095e-18,6.2163853335361188e-02,2.7618602478539228e-01,1,9.9999813869861154e-01
max_c_ep_mixing_angles_polarization_04_local_minimum_769,C_e_p,polarization_cluster_04_local_minimum_769,cos(alpha_e)|+>+sin(alpha_e)|-> tensor cos(alpha_p)|+>+sin(alpha_p)|->,2.0759641525182277e+00,2.5908536488897544e+00,p_gamma_lepton,|-1-1-1>,0,-1,-1,-1,2.4931457401765231e-01,1.5049869933577389e-18,2.4931457401765231e-01,6.0364982644423375e-18,6.2157756817603431e-02,2.7615893873917396e-01,2,9.9999813869861154e-01
max_c_ep_mixing_angles_polarization_04_local_minimum_769,C_e_p,polarization_cluster_04_local_minimum_769,cos(alpha_e)|+>+sin(alpha_e)|-> tensor cos(alpha_p)|+>+sin(alpha_p)|->,2.0759641525182277e+00,2.5908536488897544e+00,p_gamma_lepton,|+1+1+1>,7,1,1,1,2.2445715323566454e-01,9.1641433187380969e-19,2.2445715323566454e-01,4.0828029700244739e-18,5.0381013638658594e-02,2.2383637974392795e-01,3,9.9999813869861154e-01
max_c_ep_mixing_angles_polarization_04_local_minimum_769,C_e_p,polarization_cluster_04_local_minimum_769,cos(alpha_e)|+>+sin(alpha_e)|-> tensor cos(alpha_p)|+>+sin(alpha_p)|->,2.0759641525182277e+00,2.5908536488897544e+00,p_gamma_lepton,|-1+1-1>,1,-1,-1,1,2.2444733370702605e-01,1.7928417887031564e-18,2.2444733370702605e-01,7.9878061329228146e-18,5.0376605608193112e-02,2.2381679543011737e-01,4,9.9999813869861154e-01
max_c_ep_mixing_angles_polarization_04_local_minimum_773,C_e_p,polarization_cluster_04_local_minimum_773,cos(alpha_e)|+>+sin(alpha_e)|-> tensor cos(alpha_p)|+>+sin(alpha_p)|->,2.1878556673238450e+00,2.4443934636352163e+00,p_gamma_lepton,|-1-1-1>,0,-1,-1,-1,-7.0155608912637906e+00,-5.9354299044788459e-03,7.0155634020624555e+00,-3.1407466159628208e+00,4.9218129848358146e+01,2.9785133538179848e-01,1,9.9940192317893350e-01
max_c_ep_mixing_angles_polarization_04_local_minimum_773,C_e_p,polarization_cluster_04_local_minimum_773,cos(alpha_e)|+>+sin(alpha_e)|-> tensor cos(alpha_p)|+>+sin(alpha_p)|->,2.1878556673238450e+00,2.4443934636352163e+00,p_gamma_lepton,|+1-1+1>,6,1,1,-1,-7.0072949611006479e+00,5.9533148481701829e-03,7.0072974900331015e+00,3.1407430656319790e+00,4.9102218113824208e+01,2.9714987709754992e-01,2,9.9940192317893350e-01
max_c_ep_mixing_angles_polarization_04_local_minimum_773,C_e_p,polarization_cluster_04_local_minimum_773,cos(alpha_e)|+>+sin(alpha_e)|-> tensor cos(alpha_p)|+>+sin(alpha_p)|->,2.1878556673238450e+00,2.4443934636352163e+00,p_gamma_lepton,|+1+1+1>,7,1,1,1,-5.7854171253899889e+00,4.6328255846617202e-03,5.7854189803184228e+00,3.1407918773460071e+00,3.3471072777828667e+01,2.0255551672226324e-01,3,9.9940192317893350e-01
max_c_ep_mixing_angles_polarization_04_local_minimum_773,C_e_p,polarization_cluster_04_local_minimum_773,cos(alpha_e)|+>+sin(alpha_e)|-> tensor cos(alpha_p)|+>+sin(alpha_p)|->,2.1878556673238450e+00,2.4443934636352163e+00,p_gamma_lepton,|-1+1-1>,1,-1,-1,1,-5.7752635903113028e+00,-5.1679066563105093e-03,5.7752659025221176e+00,-3.1406978190604020e+00,3.3353696244834609e+01,2.0184519397732190e-01,4,9.9940192317893350e-01
max_c_ep_mixing_angles_polarization_04_local_minimum_775,C_e_p,polarization_cluster_04_local_minimum_775,cos(alpha_e)|+>+sin(alpha_e)|-> tensor cos(alpha_p)|+>+sin(alpha_p)|->,2.6054661180788368e+00,2.1568191793484819e+00,p_gamma_lepton,|+1+1+1>,7,1,1,1,1.0423267127410575e+01,-2.2482563257725007e-03,1.0423267369880445e+01,-2.1569592944554225e-04,1.0864450266401438e+02,2.8480550704638147e-01,1,9.9956366367665406e-01
max_c_ep_mixing_angles_polarization_04_local_minimum_775,C_e_p,polarization_cluster_04_local_minimum_775,cos(alpha_e)|+>+sin(alpha_e)|-> tensor cos(alpha_p)|+>+sin(alpha_p)|->,2.6054661180788368e+00,2.1568191793484819e+00,p_gamma_lepton,|-1+1-1>,1,-1,-1,1,1.0422161435338660e+01,5.7683735251205220e-03,1.0422163031654875e+01,5.5347184668919536e-04,1.0862148225839351e+02,2.8474516033638231e-01,2,9.9956366367665406e-01
max_c_ep_mixing_angles_polarization_04_local_minimum_775,C_e_p,polarization_cluster_04_local_minimum_775,cos(alpha_e)|+>+sin(alpha_e)|-> tensor cos(alpha_p)|+>+sin(alpha_p)|->,2.6054661180788368e+00,2.1568191793484819e+00,p_gamma_lepton,|-1-1-1>,0,-1,-1,-1,9.0570579100622979e+00,1.8148647474683821e-03,9.0570580918947456e+00,2.0038126521875743e-04,8.2030301279956092e+01,2.1503786180010376e-01,3,9.9956366367665406e-01
max_c_ep_mixing_angles_polarization_04_local_minimum_775,C_e_p,polarization_cluster_04_local_minimum_775,cos(alpha_e)|+>+sin(alpha_e)|-> tensor cos(alpha_p)|+>+sin(alpha_p)|->,2.6054661180788368e+00,2.1568191793484819e+00,p_gamma_lepton,|+1-1+1>,6,1,1,-1,9.0557368925573449e+00,-1.4433148114268420e-03,9.0557370075760151e+00,-1.5938126475293775e-04,8.2006372750381800e+01,2.1497513449378658e-01,4,9.9956366367665406e-01
max_c_ep_mixing_angles_polarization_04_local_minimum_777,C_e_p,polarization_cluster_04_local_minimum_777,cos(alpha_e)|+>+sin(alpha_e)|-> tensor cos(alpha_p)|+>+sin(alpha_p)|->,2.5598276315062436e+00,2.2047450994831519e+00,p_gamma_lepton,|+1+1+1>,7,1,1,1,1.2997322799952837e+01,7.9448367632431530e-03,1.2997325228161564e+01,6.1126709677082548e-04,1.6893046308660507e+02,2.8433002235586730e-01,1,9.9947300189232102e-01
max_c_ep_mixing_angles_polarization_04_local_minimum_777,C_e_p,polarization_cluster_04_local_minimum_777,cos(alpha_e)|+>+sin(alpha_e)|-> tensor cos(alpha_p)|+>+sin(alpha_p)|->,2.5598276315062436e+00,2.2047450994831519e+00,p_gamma_lepton,|-1+1-1>,1,-1,-1,1,1.2990848281112170e+01,-7.7920665502510403e-03,1.2990850617999429e+01,-5.9981191737250186e-04,1.6876219977917614e+02,2.8404681523567837e-01,2,9.9947300189232102e-01
max_c_ep_mixing_angles_polarization_04_local_minimum_777,C_e_p,polarization_cluster_04_local_minimum_777,cos(alpha_e)|+>+sin(alpha_e)|-> tensor cos(alpha_p)|+>+sin(alpha_p)|->,2.5598276315062436e+00,2.2047450994831519e+00,p_gamma_lepton,|-1-1-1>,0,-1,-1,-1,1.1320145243501692e+01,-6.4954310286632136e-03,1.1320147107021102e+01,-5.7379390247145376e-04,1.2814573052459821e+02,2.1568447608048399e-01,3,9.9947300189232102e-01
max_c_ep_mixing_angles_polarization_04_local_minimum_777,C_e_p,polarization_cluster_04_local_minimum_777,cos(alpha_e)|+>+sin(alpha_e)|-> tensor cos(alpha_p)|+>+sin(alpha_p)|->,2.5598276315062436e+00,2.2047450994831519e+00,p_gamma_lepton,|+1-1+1>,6,1,1,-1,1.1312983863414900e+01,7.3329379954259130e-03,1.1312986239975084e+01,6.4818769804565442e-04,1.2798365766586555e+02,2.1541168822029141e-01,4,9.9947300189232102e-01
max_c_ep_mixing_angles_polarization_04_local_minimum_778,C_e_p,polarization_cluster_04_local_minimum_778,cos(alpha_e)|+>+sin(alpha_e)|-> tensor cos(alpha_p)|+>+sin(alpha_p)|->,1.7184423466988763e+00,2.9762586357014400e+00,p_gamma_lepton,|-1-1-1>,0,-1,-1,-1,5.8287897367130148e-01,2.7947969199219401e-05,5.8287897434132818e-01,4.7948151229010010e-05,3.3974789872919869e-01,2.6197424839293920e-01,1,9.9890436625769685e-01
max_c_ep_mixing_angles_polarization_04_local_minimum_778,C_e_p,polarization_cluster_04_local_minimum_778,cos(alpha_e)|+>+sin(alpha_e)|-> tensor cos(alpha_p)|+>+sin(alpha_p)|->,1.7184423466988763e+00,2.9762586357014400e+00,p_gamma_lepton,|+1-1+1>,6,1,1,-1,5.8253273403272188e-01,-4.7992442408015194e-05,5.8253273600967048e-01,-8.2385829148508714e-05,3.3934438852291243e-01,2.6166310803443771e-01,2,9.9890436625769685e-01
max_c_ep_mixing_angles_polarization_04_local_minimum_778,C_e_p,polarization_cluster_04_local_minimum_778,cos(alpha_e)|+>+sin(alpha_e)|-> tensor cos(alpha_p)|+>+sin(alpha_p)|->,1.7184423466988763e+00,2.9762586357014400e+00,p_gamma_lepton,|+1+1+1>,7,1,1,1,5.5534294338490142e-01,-2.8831906396846971e-05,5.5534294413333873e-01,-5.1917300317543360e-05,3.0840578559868470e-01,2.3780683908408151e-01,3,9.9890436625769685e-01
max_c_ep_mixing_angles_polarization_04_local_minimum_778,C_e_p,polarization_cluster_04_local_minimum_778,cos(alpha_e)|+>+sin(alpha_e)|-> tensor cos(alpha_p)|+>+sin(alpha_p)|->,1.7184423466988763e+00,2.9762586357014400e+00,p_gamma_lepton,|-1+1-1>,1,-1,-1,1,5.5493801417491928e-01,2.1485750970607987e-05,5.5493801459085534e-01,3.8717388989501799e-05,3.0795620003804036e-01,2.3746017074623846e-01,4,9.9890436625769685e-01
max_c_ep_mixing_angles_polarization_04_local_minimum_782,C_e_p,polarization_cluster_04_local_minimum_782,cos(alpha_e)|+>+sin(alpha_e)|-> tensor cos(alpha_p)|+>+sin(alpha_p)|->,3.0773753193015461e+00,1.5060022705487919e+00,p_gamma_lepton,|-1+1-1>,1,-1,-1,1,-3.6858111550107674e-02,2.8134494309492554e-03,3.6965333553759382e-02,3.0654084950874121e+00,1.3664358847406896e-03,2.6246979399152448e-01,1,9.9999626895791383e-01
max_c_ep_mixing_angles_polarization_04_local_minimum_782,C_e_p,polarization_cluster_04_local_minimum_782,cos(alpha_e)|+>+sin(alpha_e)|-> tensor cos(alpha_p)|+>+sin(alpha_p)|->,3.0773753193015461e+00,1.5060022705487919e+00,p_gamma_lepton,|+1+1+1>,7,1,1,1,3.6852640541482587e-02,2.8501769096226314e-03,3.6962692316657240e-02,7.7186178419905035e-02,1.3662406232958723e-03,2.6243228748882791e-01,2,9.9999626895791383e-01
max_c_ep_mixing_angles_polarization_04_local_minimum_782,C_e_p,polarization_cluster_04_local_minimum_782,cos(alpha_e)|+>+sin(alpha_e)|-> tensor cos(alpha_p)|+>+sin(alpha_p)|->,3.0773753193015461e+00,1.5060022705487919e+00,p_gamma_lepton,|-1-1-1>,0,-1,-1,-1,-3.5068155242574374e-02,2.6342984388161273e-03,3.5166959498683502e-02,3.0666140845060310e+00,1.2367150403820458e-03,2.3755255954573770e-01,3,9.9999626895791383e-01
max_c_ep_mixing_angles_polarization_04_local_minimum_782,C_e_p,polarization_cluster_04_local_minimum_782,cos(alpha_e)|+>+sin(alpha_e)|-> tensor cos(alpha_p)|+>+sin(alpha_p)|->,3.0773753193015461e+00,1.5060022705487919e+00,p_gamma_lepton,|+1-1+1>,6,1,1,-1,3.5062535809893207e-02,2.6975381785192560e-03,3.5166150338707992e-02,7.6783800508089292e-02,1.2366581296446122e-03,2.3754162793182376e-01,4,9.9999626895791383e-01
max_c_ep_mixing_angles_polarization_04_local_minimum_798,C_e_p,polarization_cluster_04_local_minimum_798,cos(alpha_e)|+>+sin(alpha_e)|-> tensor cos(alpha_p)|+>+sin(alpha_p)|->,1.6607993172090050e+00,2.4390632010790592e+00,p_gamma_lepton,|+1-1+1>,6,1,1,-1,1.9783190481577619e+00,-3.4372260012256648e-03,1.9783220341558188e+00,-1.7374460129436734e-03,3.9137580708264172e+00,4.0251978956571305e-01,1,9.8797591110322180e-01
max_c_ep_mixing_angles_polarization_04_local_minimum_798,C_e_p,polarization_cluster_04_local_minimum_798,cos(alpha_e)|+>+sin(alpha_e)|-> tensor cos(alpha_p)|+>+sin(alpha_p)|->,1.6607993172090050e+00,2.4390632010790592e+00,p_gamma_lepton,|-1-1-1>,0,-1,-1,-1,1.9782386621163439e+00,4.1479511794898357e-03,1.9782430108029827e+00,2.0967869954610857e-03,3.9134454097908500e+00,4.0248763319529762e-01,2,9.8797591110322180e-01
max_c_ep_mixing_angles_polarization_04_local_minimum_798,C_e_p,polarization_cluster_04_local_minimum_798,cos(alpha_e)|+>+sin(alpha_e)|-> tensor cos(alpha_p)|+>+sin(alpha_p)|->,1.6607993172090050e+00,2.4390632010790592e+00,p_gamma_lepton,|+1-1-1>,2,-1,1,-1,-9.4321222936272286e-01,6.3658644610311878e-06,9.4321222938420490e-01,3.1415859044571350e+00,8.8964930965992173e-01,9.1498106533697415e-02,3,9.8797591110322180e-01
max_c_ep_mixing_angles_polarization_04_local_minimum_798,C_e_p,polarization_cluster_04_local_minimum_798,cos(alpha_e)|+>+sin(alpha_e)|-> tensor cos(alpha_p)|+>+sin(alpha_p)|->,1.6607993172090050e+00,2.4390632010790592e+00,p_gamma_lepton,|-1-1+1>,4,1,-1,-1,9.4306922984343422e-01,4.0727600923958933e-04,9.4306931778699910e-01,4.3186223347307673e-04,8.8937973815123572e-01,9.1470381808513704e-02,4,9.8797591110322180e-01
max_c_ep_mixing_angles_polarization_04_local_minimum_803,C_e_p,polarization_cluster_04_local_minimum_803,cos(alpha_e)|+>+sin(alpha_e)|-> tensor cos(alpha_p)|+>+sin(alpha_p)|->,2.0142710185293060e+00,2.6817662410881065e+00,p_gamma_lepton,|-1-1-1>,0,-1,-1,-1,-1.9690230017042033e+01,1.7131272054679407e-04,1.9690230017787275e+01,3.1415839531977512e+00,3.8770515815337109e+02,2.6866243916196902e-01,1,9.9992800328417342e-01
max_c_ep_mixing_angles_polarization_04_local_minimum_803,C_e_p,polarization_cluster_04_local_minimum_803,cos(alpha_e)|+>+sin(alpha_e)|-> tensor cos(alpha_p)|+>+sin(alpha_p)|->,2.0142710185293060e+00,2.6817662410881065e+00,p_gamma_lepton,|+1-1+1>,6,1,1,-1,-1.9688546906894825e+01,3.6233568590558216e-03,1.9688547240304775e+01,3.1414086198550901e+00,3.8763889243371278e+02,2.6861651996408931e-01,2,9.9992800328417342e-01
max_c_ep_mixing_angles_polarization_04_local_minimum_803,C_e_p,polarization_cluster_04_local_minimum_803,cos(alpha_e)|+>+sin(alpha_e)|-> tensor cos(alpha_p)|+>+sin(alpha_p)|->,2.0142710185293060e+00,2.6817662410881065e+00,p_gamma_lepton,|+1+1+1>,7,1,1,1,-1.8271826262456049e+01,-1.9179445439722236e-04,1.8271826263462657e+01,-3.1415821568582878e+00,3.3385963500216360e+02,2.3134988532167935e-01,3,9.9992800328417342e-01
max_c_ep_mixing_angles_polarization_04_local_minimum_803,C_e_p,polarization_cluster_04_local_minimum_803,cos(alpha_e)|+>+sin(alpha_e)|-> tensor cos(alpha_p)|+>+sin(alpha_p)|->,2.0142710185293060e+00,2.6817662410881065e+00,p_gamma_lepton,|-1+1-1>,1,-1,-1,1,-1.8269822984696312e+01,-1.5080383501428493e-04,1.8269822985318701e+01,-3.1415843993316575e+00,3.3378643191487942e+02,2.3129915883643570e-01,4,9.9992800328417342e-01
max_c_ep_mixing_angles_polarization_04_local_minimum_807,C_e_p,polarization_cluster_04_local_minimum_807,cos(alpha_e)|+>+sin(alpha_e)|-> tensor cos(alpha_p)|+>+sin(alpha_p)|->,2.0724644024667529e+00,2.5935476889164115e+00,p_gamma_lepton,|-1-1-1>,0,-1,-1,-1,-5.9964979660925521e-01,-1.4484606072803159e+00,1.5676791793655942e+00,-1.9633055079811215e+00,2.4576180094163829e+00,2.7666551998798183e-01,1,9.9999797214977715e-01
max_c_ep_mixing_angles_polarization_04_local_minimum_807,C_e_p,polarization_cluster_04_local_minimum_807,cos(alpha_e)|+>+sin(alpha_e)|-> tensor cos(alpha_p)|+>+sin(alpha_p)|->,2.0724644024667529e+00,2.5935476889164115e+00,p_gamma_lepton,|+1-1+1>,6,1,1,-1,-5.9977744133434341e-01,1.4481986110115626e+00,1.5674859476465461e+00,1.9634446819798521e+00,2.4570121960693907e+00,2.7659732075440724e-01,2,9.9999797214977715e-01
max_c_ep_mixing_angles_polarization_04_local_minimum_807,C_e_p,polarization_cluster_04_local_minimum_807,cos(alpha_e)|+>+sin(alpha_e)|-> tensor cos(alpha_p)|+>+sin(alpha_p)|->,2.0724644024667529e+00,2.5935476889164115e+00,p_gamma_lepton,|+1+1+1>,7,1,1,1,-5.3915634600961393e-01,1.3014298100384050e+00,1.4086905678320691e+00,1.9635521180478543e+00,1.9844091158990367e+00,2.2339418811854936e-01,3,9.9999797214977715e-01
max_c_ep_mixing_angles_polarization_04_local_minimum_807,C_e_p,polarization_cluster_04_local_minimum_807,cos(alpha_e)|+>+sin(alpha_e)|-> tensor cos(alpha_p)|+>+sin(alpha_p)|->,2.0724644024667529e+00,2.5935476889164115e+00,p_gamma_lepton,|-1+1-1>,1,-1,-1,1,-5.3870328247703170e-01,-1.3014357133076124e+00,1.4085226808340796e+00,-1.9632533470757543e+00,1.9839361424240232e+00,2.2334094328883874e-01,4,9.9999797214977715e-01
max_c_ep_mixing_angles_polarization_04_local_minimum_810,C_e_p,polarization_cluster_04_local_minimum_810,cos(alpha_e)|+>+sin(alpha_e)|-> tensor cos(alpha_p)|+>+sin(alpha_p)|->,2.5621332395228094e+00,2.2020240232335189e+00,p_gamma_lepton,|+1+1+1>,7,1,1,1,1.4778351456589197e+01,2.1832190436144823e-02,1.4778367583025240e+01,1.4773078457230402e-03,2.1840014841901126e+02,2.8370923229529371e-01,1,9.9948309344271413e-01
max_c_ep_mixing_angles_polarization_04_local_minimum_810,C_e_p,polarization_cluster_04_local_minimum_810,cos(alpha_e)|+>+sin(alpha_e)|-> tensor cos(alpha_p)|+>+sin(alpha_p)|->,2.5621332395228094e+00,2.2020240232335189e+00,p_gamma_lepton,|-1+1-1>,1,-1,-1,1,1.4773117060707552e+01,-2.1890124096132082e-02,1.4773133278587231e+01,-1.4817528342587617e-03,2.1824546686690152e+02,2.8350829569009001e-01,2,9.9948309344271413e-01
max_c_ep_mixing_angles_polarization_04_local_minimum_810,C_e_p,polarization_cluster_04_local_minimum_810,cos(alpha_e)|+>+sin(alpha_e)|-> tensor cos(alpha_p)|+>+sin(alpha_p)|->,2.5621332395228094e+00,2.2020240232335189e+00,p_gamma_lepton,|-1-1-1>,0,-1,-1,-1,1.2900823373247739e+01,-1.7852471321187936e-02,1.2900835725582565e+01,-1.3838232963158178e-03,1.6643156241846745e+02,2.1620026884258023e-01,3,9.9948309344271413e-01
max_c_ep_mixing_angles_polarization_04_local_minimum_810,C_e_p,polarization_cluster_04_local_minimum_810,cos(alpha_e)|+>+sin(alpha_e)|-> tensor cos(alpha_p)|+>+sin(alpha_p)|->,2.5621332395228094e+00,2.2020240232335189e+00,p_gamma_lepton,|+1-1+1>,6,1,1,-1,1.2896792273596750e+01,2.0235548807801762e-02,1.2896808148752944e+01,1.5690360651489301e-03,1.6632766042574045e+02,2.1606529661475016e-01,4,9.9948309344271413e-01
max_c_ep_mixing_angles_polarization_04_local_minimum_812,C_e_p,polarization_cluster_04_local_minimum_812,cos(alpha_e)|+>+sin(alpha_e)|-> tensor cos(alpha_p)|+>+sin(alpha_p)|->,2.5478732563225082e+00,2.2242197679451521e+00,p_gamma_lepton,|+1+1+1>,7,1,1,1,1.2486398005451418e+01,6.4887688700384144e-03,1.2486399691450799e+01,5.1966694342916715e-04,1.5591017725466261e+02,2.8758072767968967e-01,1,9.9942344722624121e-01
max_c_ep_mixing_angles_polarization_04_local_minimum_812,C_e_p,polarization_cluster_04_local_minimum_812,cos(alpha_e)|+>+sin(alpha_e)|-> tensor cos(alpha_p)|+>+sin(alpha_p)|->,2.5478732563225082e+00,2.2242197679451521e+00,p_gamma_lepton,|-1+1-1>,1,-1,-1,1,1.2480186222087081e+01,-6.4050878351924216e-03,1.2480187865698271e+01,-5.1322048876965116e-04,1.5575508916312236e+02,2.8729466331234083e-01,2,9.9942344722624121e-01
max_c_ep_mixing_angles_polarization_04_local_minimum_812,C_e_p,polarization_cluster_04_local_minimum_812,cos(alpha_e)|+>+sin(alpha_e)|-> tensor cos(alpha_p)|+>+sin(alpha_p)|->,2.5478732563225082e+00,2.2242197679451521e+00,p_gamma_lepton,|-1-1-1>,0,-1,-1,-1,1.0730867435162516e+01,-5.2365036348608496e-03,1.0730868712830368e+01,-4.8798508143403527e-04,1.1515154333200164e+02,2.1240027564567474e-01,3,9.9942344722624121e-01
max_c_ep_mixing_angles_polarization_04_local_minimum_812,C_e_p,polarization_cluster_04_local_minimum_812,cos(alpha_e)|+>+sin(alpha_e)|-> tensor cos(alpha_p)|+>+sin(alpha_p)|->,2.5478732563225082e+00,2.2242197679451521e+00,p_gamma_lepton,|+1-1+1>,6,1,1,-1,1.0724486900695002e+01,5.9463188453672154e-03,1.0724488549198348e+01,5.5446179300448577e-04,1.1501465464188649e+02,2.1214778058853598e-01,4,9.9942344722624121e-01
max_c_ep_mixing_angles_polarization_04_local_minimum_815,C_e_p,polarization_cluster_04_local_minimum_815,cos(alpha_e)|+>+sin(alpha_e)|-> tensor cos(alpha_p)|+>+sin(alpha_p)|->,3.0765212909768627e+00,1.6338085106570397e+00,p_gamma_lepton,|+1+1+1>,7,1,1,1,5.2207284913302489e-02,1.3314482991591301e-04,5.2207454693410163e-02,2.5503057949911490e-03,2.7256183255644746e-03,2.6231298189348706e-01,1,9.9999065273576304e-01
max_c_ep_mixing_angles_polarization_04_local_minimum_815,C_e_p,polarization_cluster_04_local_minimum_815,cos(alpha_e)|+>+sin(alpha_e)|-> tensor cos(alpha_p)|+>+sin(alpha_p)|->,3.0765212909768627e+00,1.6338085106570397e+00,p_gamma_lepton,|-1+1-1>,1,-1,-1,1,5.2145870698242967e-02,-1.2338066447454470e-04,5.2146016661546071e-02,-2.3660633638585334e-03,2.7192070536662411e-03,2.6169596232270498e-01,2,9.9999065273576304e-01
max_c_ep_mixing_angles_polarization_04_local_minimum_815,C_e_p,polarization_cluster_04_local_minimum_815,cos(alpha_e)|+>+sin(alpha_e)|-> tensor cos(alpha_p)|+>+sin(alpha_p)|->,3.0765212909768627e+00,1.6338085106570397e+00,p_gamma_lepton,|-1-1-1>,0,-1,-1,-1,4.9760732077567746e-02,-1.1623630673369759e-04,4.9760867835825402e-02,-2.3359000253596481e-03,2.4761439677744830e-03,2.3830361782219778e-01,3,9.9999065273576304e-01
max_c_ep_mixing_angles_polarization_04_local_minimum_815,C_e_p,polarization_cluster_04_local_minimum_815,cos(alpha_e)|+>+sin(alpha_e)|-> tensor cos(alpha_p)|+>+sin(alpha_p)|->,3.0765212909768627e+00,1.6338085106570397e+00,p_gamma_lepton,|+1-1+1>,6,1,1,-1,4.9695350708162507e-02,1.2811844356994372e-04,4.9695515857498151e-02,2.5780713467108743e-03,2.4696442963428504e-03,2.3767809069737322e-01,4,9.9999065273576304e-01
max_c_ep_mixing_angles_polarization_04_local_minimum_817,C_e_p,polarization_cluster_04_local_minimum_817,cos(alpha_e)|+>+sin(alpha_e)|-> tensor cos(alpha_p)|+>+sin(alpha_p)|->,2.0079964978248022e+00,2.6606717344495974e+00,p_gamma_lepton,|-1-1-1>,0,-1,-1,-1,-2.6764933134281776e-01,-1.2385185161022971e+00,1.2671086296353968e+00,-1.7836278751284689e+00,1.6055642792964933e+00,2.7743184397496362e-01,1,9.9999763681266018e-01
max_c_ep_mixing_angles_polarization_04_local_minimum_817,C_e_p,polarization_cluster_04_local_minimum_817,cos(alpha_e)|+>+sin(alpha_e)|-> tensor cos(alpha_p)|+>+sin(alpha_p)|->,2.0079964978248022e+00,2.6606717344495974e+00,p_gamma_lepton,|+1-1+1>,6,1,1,-1,-2.6776234972486174e-01,1.2383883717995869e+00,1.2670053020167718e+00,1.7837367606169570e+00,1.6053024353386109e+00,2.7738659891501449e-01,2,9.9999763681266018e-01
max_c_ep_mixing_angles_polarization_04_local_minimum_817,C_e_p,polarization_cluster_04_local_minimum_817,cos(alpha_e)|+>+sin(alpha_e)|-> tensor cos(alpha_p)|+>+sin(alpha_p)|->,2.0079964978248022e+00,2.6606717344495974e+00,p_gamma_lepton,|+1+1+1>,7,1,1,1,-2.3976393851369435e-01,1.1094360332036066e+00,1.1350484826570859e+00,1.7836364028956369e+00,1.2883350579821526e+00,2.2261654385472038e-01,3,9.9999763681266018e-01
max_c_ep_mixing_angles_polarization_04_local_minimum_817,C_e_p,polarization_cluster_04_local_minimum_817,cos(alpha_e)|+>+sin(alpha_e)|-> tensor cos(alpha_p)|+>+sin(alpha_p)|->,2.0079964978248022e+00,2.6606717344495974e+00,p_gamma_lepton,|-1+1-1>,1,-1,-1,1,-2.3969235997045282e-01,-1.1093109277160931e+00,1.1349110810008616e+00,-1.7835980417464337e+00,1.2880231617785443e+00,2.2256265006796164e-01,4,9.9999763681266018e-01
max_c_ep_mixing_angles_polarization_04_local_minimum_819,C_e_p,polarization_cluster_04_local_minimum_819,cos(alpha_e)|+>+sin(alpha_e)|-> tensor cos(alpha_p)|+>+sin(alpha_p)|->,3.0828694513522259e+00,1.6318121390407927e+00,p_gamma_lepton,|-1+1-1>,1,-1,-1,1,6.5874115940841704e-03,-3.4345903267411722e-02,3.4971918202527548e-02,-1.3813013964582355e+00,1.2230350627642776e-03,2.6327838991809321e-01,1,9.9997893304106333e-01
max_c_ep_mixing_angles_polarization_04_local_minimum_819,C_e_p,polarization_cluster_04_local_minimum_819,cos(alpha_e)|+>+sin(alpha_e)|-> tensor cos(alpha_p)|+>+sin(alpha_p)|->,3.0828694513522259e+00,1.6318121390407927e+00,p_gamma_lepton,|+1+1+1>,7,1,1,1,5.0254304264159555e-03,3.4582517528530005e-02,3.4945750379435724e-02,1.4264893695365903e+00,1.2212054695818319e-03,2.6288453992806043e-01,2,9.9997893304106333e-01
max_c_ep_mixing_angles_polarization_04_local_minimum_819,C_e_p,polarization_cluster_04_local_minimum_819,cos(alpha_e)|+>+sin(alpha_e)|-> tensor cos(alpha_p)|+>+sin(alpha_p)|->,3.0828694513522259e+00,1.6318121390407927e+00,p_gamma_lepton,|+1-1+1>,6,1,1,-1,4.5901646574805369e-03,3.2868544238160512e-02,3.3187509878246334e-02,1.4320415114609990e+00,1.1014108119186980e-03,2.3709677181693653e-01,3,9.9997893304106333e-01
max_c_ep_mixing_angles_polarization_04_local_minimum_819,C_e_p,polarization_cluster_04_local_minimum_819,cos(alpha_e)|+>+sin(alpha_e)|-> tensor cos(alpha_p)|+>+sin(alpha_p)|->,3.0828694513522259e+00,1.6318121390407927e+00,p_gamma_lepton,|-1-1-1>,0,-1,-1,-1,6.3556247279633674e-03,-3.2546321106126277e-02,3.3161076327914638e-02,-1.3779439378268494e+00,1.0996569832257802e-03,2.3671923137797321e-01,4,9.9997893304106333e-01
max_c_ep_mixing_angles_polarization_04_local_minimum_829,C_e_p,polarization_cluster_04_local_minimum_829,cos(alpha_e)|+>+sin(alpha_e)|-> tensor cos(alpha_p)|+>+sin(alpha_p)|->,2.0684501175585255e+00,2.5898648420434420e+00,p_gamma_lepton,|+1-1+1>,6,1,1,-1,-6.5674845778444318e-02,-1.4082926519840799e+00,1.4098231729548125e+00,-1.6173969382504494e+00,1.9876013790003753e+00,2.8099838901126373e-01,1,9.9999767651209970e-01
max_c_ep_mixing_angles_polarization_04_local_minimum_829,C_e_p,polarization_cluster_04_local_minimum_829,cos(alpha_e)|+>+sin(alpha_e)|-> tensor cos(alpha_p)|+>+sin(alpha_p)|->,2.0684501175585255e+00,2.5898648420434420e+00,p_gamma_lepton,|-1-1-1>,0,-1,-1,-1,-6.5657922394538243e-02,1.4082928447688767e+00,1.4098225772771491e+00,1.6173849410015839e+00,1.9875996994003831e+00,2.8099815155676355e-01,2,9.9999767651209970e-01
max_c_ep_mixing_angles_polarization_04_local_minimum_829,C_e_p,polarization_cluster_04_local_minimum_829,cos(alpha_e)|+>+sin(alpha_e)|-> tensor cos(alpha_p)|+>+sin(alpha_p)|->,2.0684501175585255e+00,2.5898648420434420e+00,p_gamma_lepton,|+1+1+1>,7,1,1,1,-5.7966562881745988e-02,-1.2432786222585968e+00,1.2446292038103388e+00,-1.6173865392445956e+00,1.5491018549775584e+00,2.1900524434229224e-01,3,9.9999767651209970e-01
max_c_ep_mixing_angles_polarization_04_local_minimum_829,C_e_p,polarization_cluster_04_local_minimum_829,cos(alpha_e)|+>+sin(alpha_e)|-> tensor cos(alpha_p)|+>+sin(alpha_p)|->,2.0684501175585255e+00,2.5898648420434420e+00,p_gamma_lepton,|-1+1-1>,1,-1,-1,1,-5.7957678455412366e-02,1.2432524310175774e+00,1.2446026272361219e+00,1.6173803887099947e+00,1.5490356997230577e+00,2.1899589160178012e-01,4,9.9999767651209970e-01
max_c_ep_mixing_angles_polarization_04_local_minimum_836,C_e_p,polarization_cluster_04_local_minimum_836,cos(alpha_e)|+>+sin(alpha_e)|-> tensor cos(alpha_p)|+>+sin(alpha_p)|->,2.1449316008279848e+00,2.5182133504137050e+00,p_gamma_lepton,|-1-1-1>,0,-1,-1,-1,-1.7179170520165258e+01,4.1833848979460327e-03,1.7179171029523637e+01,3.1413491386418309e+00,2.9512391726162434e+02,2.8214494473915908e-01,1,9.9951472795865970e-01
max_c_ep_mixing_angles_polarization_04_local_minimum_836,C_e_p,polarization_cluster_04_local_minimum_836,cos(alpha_e)|+>+sin(alpha_e)|-> tensor cos(alpha_p)|+>+sin(alpha_p)|->,2.1449316008279848e+00,2.5182133504137050e+00,p_gamma_lepton,|+1-1+1>,6,1,1,-1,-1.7171528893659715e+01,-4.6155792176091146e-03,1.7171529513976381e+01,-3.1413238610358492e+00,2.9486142584936204e+02,2.8189399718568919e-01,2,9.9951472795865970e-01
max_c_ep_mixing_angles_polarization_04_local_minimum_836,C_e_p,polarization_cluster_04_local_minimum_836,cos(alpha_e)|+>+sin(alpha_e)|-> tensor cos(alpha_p)|+>+sin(alpha_p)|->,2.1449316008279848e+00,2.5182133504137050e+00,p_gamma_lepton,|+1+1+1>,7,1,1,1,-1.5095432166927369e+01,-3.4322231715960927e-03,1.5095432557116785e+01,-3.1413652852657532e+00,2.2787208408646134e+02,2.1785071562050526e-01,3,9.9951472795865970e-01
max_c_ep_mixing_angles_polarization_04_local_minimum_836,C_e_p,polarization_cluster_04_local_minimum_836,cos(alpha_e)|+>+sin(alpha_e)|-> tensor cos(alpha_p)|+>+sin(alpha_p)|->,2.1449316008279848e+00,2.5182133504137050e+00,p_gamma_lepton,|-1+1-1>,1,-1,-1,1,-1.5087612265847035e+01,3.8821666849726370e-03,1.5087612765303730e+01,3.1413353453735633e+00,2.2763605895575606e+02,2.1762507041330620e-01,4,9.9951472795865970e-01
max_c_ep_mixing_angles_polarization_04_local_minimum_846,C_e_p,polarization_cluster_04_local_minimum_846,cos(alpha_e)|+>+sin(alpha_e)|-> tensor cos(alpha_p)|+>+sin(alpha_p)|->,2.1831731406698305e+00,2.4483193169543784e+00,p_gamma_lepton,|-1-1-1>,0,-1,-1,-1,-9.0067003213563250e+00,-4.4522472481425572e-03,9.0067014217873176e+00,-3.1410983275073612e+00,8.1120670501225689e+01,2.9770001899607906e-01,1,9.9934862502679800e-01
max_c_ep_mixing_angles_polarization_04_local_minimum_846,C_e_p,polarization_cluster_04_local_minimum_846,cos(alpha_e)|+>+sin(alpha_e)|-> tensor cos(alpha_p)|+>+sin(alpha_p)|->,2.1831731406698305e+00,2.4483193169543784e+00,p_gamma_lepton,|+1-1+1>,6,1,1,-1,-8.9993616895930320e+00,4.0497762819902043e-03,8.9993626008069416e+00,3.1411426465617054e+00,8.0988527220802681e+01,2.9721507407576381e-01,2,9.9934862502679800e-01
max_c_ep_mixing_angles_polarization_04_local_minimum_846,C_e_p,polarization_cluster_04_local_minimum_846,cos(alpha_e)|+>+sin(alpha_e)|-> tensor cos(alpha_p)|+>+sin(alpha_p)|->,2.1831731406698305e+00,2.4483193169543784e+00,p_gamma_lepton,|+1+1+1>,7,1,1,1,-7.4275388299227192e+00,3.4626611729503239e-03,7.4275396370556086e+00,3.1411264613555434e+00,5.5168345060032138e+01,2.0245909298919884e-01,3,9.9934862502679800e-01
max_c_ep_mixing_angles_polarization_04_local_minimum_846,C_e_p,polarization_cluster_04_local_minimum_846,cos(alpha_e)|+>+sin(alpha_e)|-> tensor cos(alpha_p)|+>+sin(alpha_p)|->,2.1831731406698305e+00,2.4483193169543784e+00,p_gamma_lepton,|-1+1-1>,1,-1,-1,1,-7.4186430545938933e+00,-4.0342294323694747e-03,7.4186441514930017e+00,-3.1410488575067332e+00,5.5036281046481321e+01,2.0197443896575629e-01,4,9.9934862502679800e-01
max_c_ep_mixing_angles_polarization_04_local_minimum_854,C_e_p,polarization_cluster_04_local_minimum_854,cos(alpha_e)|+>+sin(alpha_e)|-> tensor cos(alpha_p)|+>+sin(alpha_p)|->,2.5156771880434143e+00,2.2948730582591432e+00,p_gamma_lepton,|+1+1+1>,7,1,1,1,6.6991308897597523e+00,6.0160613922321726e-03,6.6991335910793692e+00,8.9803586076720972e-04,4.4878390871127955e+01,3.0599055772605149e-01,1,9.9934521839213664e-01
max_c_ep_mixing_angles_polarization_04_local_minimum_854,C_e_p,polarization_cluster_04_local_minimum_854,cos(alpha_e)|+>+sin(alpha_e)|-> tensor cos(alpha_p)|+>+sin(alpha_p)|->,2.5156771880434143e+00,2.2948730582591432e+00,p_gamma_lepton,|-1+1-1>,1,-1,-1,1,6.6888691393989141e+00,-5.8975020881298183e-03,6.6888717392796559e+00,-8.8168873348140229e-04,4.4741005144534036e+01,3.0505383218201876e-01,2,9.9934521839213664e-01
max_c_ep_mixing_angles_polarization_04_local_minimum_854,C_e_p,polarization_cluster_04_local_minimum_854,cos(alpha_e)|+>+sin(alpha_e)|-> tensor cos(alpha_p)|+>+sin(alpha_p)|->,2.5156771880434143e+00,2.2948730582591432e+00,p_gamma_lepton,|-1-1-1>,0,-1,-1,-1,5.3422189405993885e+00,-4.5395731031043305e-03,5.3422208693597470e+00,-8.4975401812099839e-04,2.8539323817022801e+01,1.9458727112057228e-01,3,9.9934521839213664e-01
max_c_ep_mixing_angles_polarization_04_local_minimum_854,C_e_p,polarization_cluster_04_local_minimum_854,cos(alpha_e)|+>+sin(alpha_e)|-> tensor cos(alpha_p)|+>+sin(alpha_p)|->,2.5156771880434143e+00,2.2948730582591432e+00,p_gamma_lepton,|+1-1+1>,6,1,1,-1,5.3302113292421618e+00,5.1921690145447343e-03,5.3302138580924279e+00,9.7410159777753407e-04,2.8411179773000566e+01,1.9371355736349413e-01,4,9.9934521839213664e-01
max_c_ep_mixing_angles_polarization_04_local_minimum_857,C_e_p,polarization_cluster_04_local_minimum_857,cos(alpha_e)|+>+sin(alpha_e)|-> tensor cos(alpha_p)|+>+sin(alpha_p)|->,2.5184373329472565e+00,2.2827700499015751e+00,p_gamma_lepton,|+1+1+1>,7,1,1,1,8.0223056141396984e+00,-1.5658010986040894e-03,8.0223057669469569e+00,-1.9518093102323535e-04,6.4357389818390402e+01,3.0143611467552278e-01,1,9.9933011365410329e-01
max_c_ep_mixing_angles_polarization_04_local_minimum_857,C_e_p,polarization_cluster_04_local_minimum_857,cos(alpha_e)|+>+sin(alpha_e)|-> tensor cos(alpha_p)|+>+sin(alpha_p)|->,2.5184373329472565e+00,2.2827700499015751e+00,p_gamma_lepton,|-1+1-1>,1,-1,-1,1,8.0122984526809802e+00,1.6862655230023946e-03,8.0122986301264039e+00,2.1045964626310474e-04,6.4196929338325418e+01,3.0068455244146935e-01,2,9.9933011365410329e-01
max_c_ep_mixing_angles_polarization_04_local_minimum_857,C_e_p,polarization_cluster_04_local_minimum_857,cos(alpha_e)|+>+sin(alpha_e)|-> tensor cos(alpha_p)|+>+sin(alpha_p)|->,2.5184373329472565e+00,2.2827700499015751e+00,p_gamma_lepton,|-1-1-1>,0,-1,-1,-1,6.5180870542377702e+00,1.2001263193924794e-03,6.5180871647228837e+00,1.8412247272002133e-04,4.2485460286925203e+01,1.9899272042000063e-01,3,9.9933011365410329e-01
max_c_ep_mixing_angles_polarization_04_local_minimum_857,C_e_p,polarization_cluster_04_local_minimum_857,cos(alpha_e)|+>+sin(alpha_e)|-> tensor cos(alpha_p)|+>+sin(alpha_p)|->,2.5184373329472565e+00,2.2827700499015751e+00,p_gamma_lepton,|+1-1+1>,6,1,1,-1,6.5053656098174200e+00,-1.3340170749332205e-03,6.5053657465969374e+00,-2.0506411726052302e-04,4.2319783496996742e+01,1.9821672611711053e-01,4,9.9933011365410329e-01
max_c_ep_mixing_angles_polarization_04_local_minimum_867,C_e_p,polarization_cluster_04_local_minimum_867,cos(alpha_e)|+>+sin(alpha_e)|-> tensor cos(alpha_p)|+>+sin(alpha_p)|->,3.0965095034005081e+00,1.6176530671083837e+00,p_gamma_lepton,|+1+1+1>,7,1,1,1,2.4187241424730419e-02,-5.6206600457181808e-11,2.4187241424730419e-02,-2.3238119416012844e-09,5.8502264773819515e-04,2.6232305847007920e-01,1,9.9999008300187764e-01
max_c_ep_mixing_angles_polarization_04_local_minimum_867,C_e_p,polarization_cluster_04_local_minimum_867,cos(alpha_e)|+>+sin(alpha_e)|-> tensor cos(alpha_p)|+>+sin(alpha_p)|->,3.0965095034005081e+00,1.6176530671083837e+00,p_gamma_lepton,|-1+1-1>,1,-1,-1,1,2.4180670999169554e-02,2.4086130672641908e-07,2.4180671000369150e-02,9.9609025211386829e-06,5.8470485002809361e-04,2.6218055857266337e-01,2,9.9999008300187764e-01
max_c_ep_mixing_angles_polarization_04_local_minimum_867,C_e_p,polarization_cluster_04_local_minimum_867,cos(alpha_e)|+>+sin(alpha_e)|-> tensor cos(alpha_p)|+>+sin(alpha_p)|->,3.0965095034005081e+00,1.6176530671083837e+00,p_gamma_lepton,|-1-1-1>,0,-1,-1,-1,2.3027713520870012e-02,-2.8404038654748590e-08,2.3027713520887529e-02,-1.2334719480069791e-06,5.3027559000006635e-04,2.3777458041777161e-01,3,9.9999008300187764e-01
max_c_ep_mixing_angles_polarization_04_local_minimum_867,C_e_p,polarization_cluster_04_local_minimum_867,cos(alpha_e)|+>+sin(alpha_e)|-> tensor cos(alpha_p)|+>+sin(alpha_p)|->,3.0965095034005081e+00,1.6176530671083837e+00,p_gamma_lepton,|+1-1+1>,6,1,1,-1,2.3024677420832081e-02,4.3479549449194633e-09,2.3024677420832491e-02,1.8883890816144525e-07,5.3013577033339347e-04,2.3771188554136349e-01,4,9.9999008300187764e-01
max_c_ep_mixing_angles_polarization_04_local_minimum_875,C_e_p,polarization_cluster_04_local_minimum_875,cos(alpha_e)|+>+sin(alpha_e)|-> tensor cos(alpha_p)|+>+sin(alpha_p)|->,2.5435908252132746e+00,2.2515051446049679e+00,p_gamma_lepton,|+1+1+1>,7,1,1,1,-4.2622987366810083e-01,1.3231567500979911e+00,1.3901135531088828e+00,1.8824311746846363e+00,1.9324156905370029e+00,2.9278017343162482e-01,1,9.9999738236551794e-01
max_c_ep_mixing_angles_polarization_04_local_minimum_875,C_e_p,polarization_cluster_04_local_minimum_875,cos(alpha_e)|+>+sin(alpha_e)|-> tensor cos(alpha_p)|+>+sin(alpha_p)|->,2.5435908252132746e+00,2.2515051446049679e+00,p_gamma_lepton,|-1+1-1>,1,-1,-1,1,-4.2607891004345344e-01,-1.3228005158496492e+00,1.3897281900846350e+00,-1.8824063745622148e+00,1.9313444423159154e+00,2.9261786868451778e-01,2,9.9999738236551794e-01
max_c_ep_mixing_angles_polarization_04_local_minimum_875,C_e_p,polarization_cluster_04_local_minimum_875,cos(alpha_e)|+>+sin(alpha_e)|-> tensor cos(alpha_p)|+>+sin(alpha_p)|->,2.5435908252132746e+00,2.2515051446049679e+00,p_gamma_lepton,|-1-1-1>,0,-1,-1,-1,-3.5847982950145507e-01,-1.1136621773058164e+00,1.1699364227687434e+00,-1.8822153022352612e+00,1.3687512333209240e+00,2.0737940880881958e-01,3,9.9999738236551794e-01
max_c_ep_mixing_angles_polarization_04_local_minimum_875,C_e_p,polarization_cluster_04_local_minimum_875,cos(alpha_e)|+>+sin(alpha_e)|-> tensor cos(alpha_p)|+>+sin(alpha_p)|->,2.5435908252132746e+00,2.2515051446049679e+00,p_gamma_lepton,|+1-1+1>,6,1,1,-1,-3.5863554554409083e-01,1.1131393407454109e+00,1.1694864883541134e+00,1.8824790318666065e+00,1.3676986464428353e+00,2.0721993144055573e-01,4,9.9999738236551794e-01
max_c_ep_mixing_angles_polarization_04_local_minimum_882,C_e_p,polarization_cluster_04_local_minimum_882,cos(alpha_e)|+>+sin(alpha_e)|-> tensor cos(alpha_p)|+>+sin(alpha_p)|->,2.5567707348959088e+00,2.2393685435034212e+00,p_gamma_lepton,|+1+1+1>,7,1,1,1,2.3240654893933840e-01,1.3492025118487907e+00,1.3690727599251178e+00,1.4002155657784385e+00,1.8743602219689799e+00,2.9360323014929313e-01,1,9.9999721990418455e-01
max_c_ep_mixing_angles_polarization_04_local_minimum_882,C_e_p,polarization_cluster_04_local_minimum_882,cos(alpha_e)|+>+sin(alpha_e)|-> tensor cos(alpha_p)|+>+sin(alpha_p)|->,2.5567707348959088e+00,2.2393685435034212e+00,p_gamma_lepton,|-1+1-1>,1,-1,-1,1,2.3250445008301954e-01,-1.3490848401952171e+00,1.3689734202507229e+00,-1.4001304979778617e+00,1.8740882253529618e+00,2.9356062409944395e-01,2,9.9999721990418455e-01
max_c_ep_mixing_angles_polarization_04_local_minimum_882,C_e_p,polarization_cluster_04_local_minimum_882,cos(alpha_e)|+>+sin(alpha_e)|-> tensor cos(alpha_p)|+>+sin(alpha_p)|->,2.5567707348959088e+00,2.2393685435034212e+00,p_gamma_lepton,|-1-1-1>,0,-1,-1,-1,1.9521232453863596e-01,-1.1312845910577733e+00,1.1480037794434874e+00,-1.3999209734675266e+00,1.3179126776165309e+00,2.0644026407924981e-01,3,9.9999721990418455e-01
max_c_ep_mixing_angles_polarization_04_local_minimum_882,C_e_p,polarization_cluster_04_local_minimum_882,cos(alpha_e)|+>+sin(alpha_e)|-> tensor cos(alpha_p)|+>+sin(alpha_p)|->,2.5567707348959088e+00,2.2393685435034212e+00,p_gamma_lepton,|+1-1+1>,6,1,1,-1,1.9476019716779935e-01,1.1312294454467970e+00,1.1478726378160202e+00,1.4003009507235757e+00,1.3176115926467078e+00,2.0639310157619764e-01,4,9.9999721990418455e-01
max_c_ep_mixing_angles_polarization_04_local_minimum_890,C_e_p,polarization_cluster_04_local_minimum_890,cos(alpha_e)|+>+sin(alpha_e)|-> tensor cos(alpha_p)|+>+sin(alpha_p)|->,2.1768727250770388e+00,2.4669352529511603e+00,p_gamma_lepton,|-1-1-1>,0,-1,-1,-1,-1.4087899707283190e+01,5.2640680390115902e-03,1.4087900690765894e+01,3.1412189947830584e+00,1.9846894587288213e+02,2.9093353711469372e-01,1,9.9935621464837554e-01
max_c_ep_mixing_angles_polarization_04_local_minimum_890,C_e_p,polarization_cluster_04_local_minimum_890,cos(alpha_e)|+>+sin(alpha_e)|-> tensor cos(alpha_p)|+>+sin(alpha_p)|->,2.1768727250770388e+00,2.4669352529511603e+00,p_gamma_lepton,|+1-1+1>,6,1,1,-1,-1.4074005651054291e+01,-5.4603692396556908e-03,1.4074006710298967e+01,-3.1412046781191942e+00,1.9807766488154036e+02,2.9035996243117768e-01,2,9.9935621464837554e-01
max_c_ep_mixing_angles_polarization_04_local_minimum_890,C_e_p,polarization_cluster_04_local_minimum_890,cos(alpha_e)|+>+sin(alpha_e)|-> tensor cos(alpha_p)|+>+sin(alpha_p)|->,2.1768727250770388e+00,2.4669352529511603e+00,p_gamma_lepton,|+1+1+1>,7,1,1,1,-1.1949093579481364e+01,-4.1821301159076767e-03,1.1949094311344901e+01,-3.1412426580091810e+00,1.4278085486141507e+02,2.0930095111049307e-01,3,9.9935621464837554e-01
max_c_ep_mixing_angles_polarization_04_local_minimum_890,C_e_p,polarization_cluster_04_local_minimum_890,cos(alpha_e)|+>+sin(alpha_e)|-> tensor cos(alpha_p)|+>+sin(alpha_p)|->,2.1768727250770388e+00,2.4669352529511603e+00,p_gamma_lepton,|-1+1-1>,1,-1,-1,1,-1.1933692190943098e+01,4.8020667553031696e-03,1.1933693157108634e+01,3.1411902578836464e+00,1.4241303236802139e+02,2.0876176399201105e-01,4,9.9935621464837554e-01
max_c_ep_mixing_angles_polarization_04_local_minimum_895,C_e_p,polarization_cluster_04_local_minimum_895,cos(alpha_e)|+>+sin(alpha_e)|-> tensor cos(alpha_p)|+>+sin(alpha_p)|->,2.1457964324087571e+00,2.4813075474280586e+00,p_gamma_lepton,|+1-1+1>,6,1,1,-1,7.1860368268747282e-03,-1.3460032317557389e+00,1.3460224140118062e+00,-1.5654575814006926e+00,1.8117763390221702e+00,2.9464149198726813e-01,1,9.9999704154382840e-01
max_c_ep_mixing_angles_polarization_04_local_minimum_895,C_e_p,polarization_cluster_04_local_minimum_895,cos(alpha_e)|+>+sin(alpha_e)|-> tensor cos(alpha_p)|+>+sin(alpha_p)|->,2.1457964324087571e+00,2.4813075474280586e+00,p_gamma_lepton,|-1-1-1>,0,-1,-1,-1,7.2087483722774069e-03,1.3459081379600322e+00,1.3459274430221475e+00,1.5654403301729145e+00,1.8115206818801362e+00,2.9459991555195231e-01,2,9.9999704154382840e-01
max_c_ep_mixing_angles_polarization_04_local_minimum_895,C_e_p,polarization_cluster_04_local_minimum_895,cos(alpha_e)|+>+sin(alpha_e)|-> tensor cos(alpha_p)|+>+sin(alpha_p)|->,2.1457964324087571e+00,2.4813075474280586e+00,p_gamma_lepton,|-1+1-1>,1,-1,-1,1,6.0391899480488091e-03,1.1237956195527985e+00,1.1238118465033580e+00,1.5654224565745010e+00,1.2629530663412871e+00,2.0538869382604216e-01,3,9.9999704154382840e-01
max_c_ep_mixing_angles_polarization_04_local_minimum_895,C_e_p,polarization_cluster_04_local_minimum_895,cos(alpha_e)|+>+sin(alpha_e)|-> tensor cos(alpha_p)|+>+sin(alpha_p)|->,2.1457964324087571e+00,2.4813075474280586e+00,p_gamma_lepton,|+1+1+1>,7,1,1,1,5.9239375993694991e-03,-1.1237367165938306e+00,1.1237523309242854e+00,-1.5655247336921816e+00,1.2628193012577642e+00,2.0536694017856585e-01,4,9.9999704154382840e-01
max_c_ep_mixing_angles_polarization_04_local_minimum_897,C_e_p,polarization_cluster_04_local_minimum_897,cos(alpha_e)|+>+sin(alpha_e)|-> tensor cos(alpha_p)|+>+sin(alpha_p)|->,2.5237713067364846e+00,2.2691760637052227e+00,p_gamma_lepton,|+1+1+1>,7,1,1,1,1.1140555282549318e+01,5.3934197795379958e-03,1.1140556588093542e+01,4.8412482334898161e-04,1.2411200109251446e+02,2.9693739386517543e-01,1,9.9930642130836767e-01
max_c_ep_mixing_angles_polarization_04_local_minimum_897,C_e_p,polarization_cluster_04_local_minimum_897,cos(alpha_e)|+>+sin(alpha_e)|-> tensor cos(alpha_p)|+>+sin(alpha_p)|->,2.5237713067364846e+00,2.2691760637052227e+00,p_gamma_lepton,|-1+1-1>,1,-1,-1,1,1.1125247190340898e+01,-5.4277887291062955e-03,1.1125248514396366e+01,-4.8788024262194494e-04,1.2377115450707856e+02,2.9612191997146442e-01,2,9.9930642130836767e-01
max_c_ep_mixing_angles_polarization_04_local_minimum_897,C_e_p,polarization_cluster_04_local_minimum_897,cos(alpha_e)|+>+sin(alpha_e)|-> tensor cos(alpha_p)|+>+sin(alpha_p)|->,2.5237713067364846e+00,2.2691760637052227e+00,p_gamma_lepton,|-1-1-1>,0,-1,-1,-1,9.2226183653873619e+00,-4.1954718916181345e-03,9.2226193196707769e+00,-4.5491111482552372e-04,8.5056707115564635e+01,2.0349778199791330e-01,3,9.9930642130836767e-01
max_c_ep_mixing_angles_polarization_04_local_minimum_897,C_e_p,polarization_cluster_04_local_minimum_897,cos(alpha_e)|+>+sin(alpha_e)|-> tensor cos(alpha_p)|+>+sin(alpha_p)|->,2.5237713067364846e+00,2.2691760637052227e+00,p_gamma_lepton,|+1-1+1>,6,1,1,-1,9.2056422172678136e+00,4.8364441701019088e-03,9.2056434877490059e+00,5.2537819860531086e-04,8.4743872023535687e+01,2.0274932547381452e-01,4,9.9930642130836767e-01
max_c_ep_mixing_angles_polarization_04_local_minimum_900,C_e_p,polarization_cluster_04_local_minimum_900,cos(alpha_e)|+>+sin(alpha_e)|-> tensor cos(alpha_p)|+>+sin(alpha_p)|->,2.1874758405031707e+00,2.4447406977770836e+00,p_gamma_lepton,|-1-1-1>,0,-1,-1,-1,-1.1274824915890873e+01,2.6274815429979067e-03,1.1274825222044592e+01,3.1413596139182212e+00,1.2712168378765290e+02,2.9675268209820349e-01,1,9.9930422752197001e-01
max_c_ep_mixing_angles_polarization_04_local_minimum_900,C_e_p,polarization_cluster_04_local_minimum_900,cos(alpha_e)|+>+sin(alpha_e)|-> tensor cos(alpha_p)|+>+sin(alpha_p)|->,2.1874758405031707e+00,2.4447406977770836e+00,p_gamma_lepton,|+1-1+1>,6,1,1,-1,-1.1260538901364075e+01,-2.4880185621329438e-03,1.1260539176228198e+01,-3.1413717033720960e+00,1.2679974253937006e+02,2.9600114289529644e-01,2,9.9930422752197001e-01
max_c_ep_mixing_angles_polarization_04_local_minimum_900,C_e_p,polarization_cluster_04_local_minimum_900,cos(alpha_e)|+>+sin(alpha_e)|-> tensor cos(alpha_p)|+>+sin(alpha_p)|->,2.1874758405031707e+00,2.4447406977770836e+00,p_gamma_lepton,|+1+1+1>,7,1,1,1,-9.3404058608325702e+00,-2.0457002996745895e-03,9.3404060848533312e+00,-3.1413736373824199e+00,8.7243185829965142e+01,2.0366037184561550e-01,3,9.9930422752197001e-01
max_c_ep_mixing_angles_polarization_04_local_minimum_900,C_e_p,polarization_cluster_04_local_minimum_900,cos(alpha_e)|+>+sin(alpha_e)|-> tensor cos(alpha_p)|+>+sin(alpha_p)|->,2.1874758405031707e+00,2.4447406977770836e+00,p_gamma_lepton,|-1+1-1>,1,-1,-1,1,-9.3227240956530277e+00,2.3900612642102155e-03,9.3227244020223186e+00,3.1413362841866741e+00,8.6913190276062437e+01,2.0289003068285455e-01,4,9.9930422752197001e-01
max_c_ep_mixing_angles_polarization_04_local_minimum_901,C_e_p,polarization_cluster_04_local_minimum_901,cos(alpha_e)|+>+sin(alpha_e)|-> tensor cos(alpha_p)|+>+sin(alpha_p)|->,2.5292128703451979e+00,2.2578205723212323e+00,p_gamma_lepton,|+1+1+1>,7,1,1,1,1.2883670532742196e+01,3.4239284836830295e-03,1.2883670987709047e+01,2.6575721525743816e-04,1.6598897811953583e+02,2.9387371809375412e-01,1,9.9932186004520729e-01
max_c_ep_mixing_angles_polarization_04_local_minimum_901,C_e_p,polarization_cluster_04_local_minimum_901,cos(alpha_e)|+>+sin(alpha_e)|-> tensor cos(alpha_p)|+>+sin(alpha_p)|->,2.5292128703451979e+00,2.2578205723212323e+00,p_gamma_lepton,|-1+1-1>,1,-1,-1,1,1.2868526270835876e+01,-3.8203461282159215e-03,1.2868526837918846e+01,-2.9687517712411154e-04,1.6559898297823761e+02,2.9318325464545653e-01,2,9.9932186004520729e-01
max_c_ep_mixing_angles_polarization_04_local_minimum_901,C_e_p,polarization_cluster_04_local_minimum_901,cos(alpha_e)|+>+sin(alpha_e)|-> tensor cos(alpha_p)|+>+sin(alpha_p)|->,2.5292128703451979e+00,2.2578205723212323e+00,p_gamma_lepton,|-1-1-1>,0,-1,-1,-1,1.0799188820219142e+01,-2.6887898336779136e-03,1.0799189154947554e+01,-2.4898071724453264e-04,1.1662248640433685e+02,2.0647324949672144e-01,3,9.9932186004520729e-01
max_c_ep_mixing_angles_polarization_04_local_minimum_901,C_e_p,polarization_cluster_04_local_minimum_901,cos(alpha_e)|+>+sin(alpha_e)|-> tensor cos(alpha_p)|+>+sin(alpha_p)|->,2.5292128703451979e+00,2.2578205723212323e+00,p_gamma_lepton,|+1-1+1>,6,1,1,-1,1.0781348790016972e+01,3.0462653102901233e-03,1.0781349220377418e+01,2.8254954816464063e-04,1.1623749101173276e+02,2.0579163780927523e-01,4,9.9932186004520729e-01
max_c_ep_mixing_angles_polarization_04_local_minimum_907,C_e_p,polarization_cluster_04_local_minimum_907,cos(alpha_e)|+>+sin(alpha_e)|-> tensor cos(alpha_p)|+>+sin(alpha_p)|->,2.5105339800652109e+00,2.3150795111428391e+00,p_gamma_lepton,|+1+1+1>,7,1,1,1,6.6377028244799652e+00,1.1981133917585854e-03,6.6377029326104235e+00,1.8050120808785482e-04,4.4059100221585005e+01,3.1238031370214131e-01,1,9.9929728388770200e-01
max_c_ep_mixing_angles_polarization_04_local_minimum_907,C_e_p,polarization_cluster_04_local_minimum_907,cos(alpha_e)|+>+sin(alpha_e)|-> tensor cos(alpha_p)|+>+sin(alpha_p)|->,2.5105339800652109e+00,2.3150795111428391e+00,p_gamma_lepton,|-1+1-1>,1,-1,-1,1,6.6307705556869525e+00,-1.3138126475813023e-03,6.6307706858455555e+00,-1.9813875617540722e-04,4.3967119888268726e+01,3.1172817043931339e-01,2,9.9929728388770200e-01
max_c_ep_mixing_angles_polarization_04_local_minimum_907,C_e_p,polarization_cluster_04_local_minimum_907,cos(alpha_e)|+>+sin(alpha_e)|-> tensor cos(alpha_p)|+>+sin(alpha_p)|->,2.5105339800652109e+00,2.3150795111428391e+00,p_gamma_lepton,|-1-1-1>,0,-1,-1,-1,5.1482194391086891e+00,-8.7787390874091481e-04,5.1482195139561782e+00,-1.7051990705047398e-04,2.6504164163879189e+01,1.8791530181702351e-01,3,9.9929728388770200e-01
max_c_ep_mixing_angles_polarization_04_local_minimum_907,C_e_p,polarization_cluster_04_local_minimum_907,cos(alpha_e)|+>+sin(alpha_e)|-> tensor cos(alpha_p)|+>+sin(alpha_p)|->,2.5105339800652109e+00,2.3150795111428391e+00,p_gamma_lepton,|+1-1+1>,6,1,1,-1,5.1394203142881505e+00,9.8059247532813988e-04,5.1394204078358205e+00,1.9079826195628140e-04,2.6413642128479314e+01,1.8727349792922382e-01,4,9.9929728388770200e-01
max_c_ep_mixing_angles_polarization_04_local_minimum_909,C_e_p,polarization_cluster_04_local_minimum_909,cos(alpha_e)|+>+sin(alpha_e)|-> tensor cos(alpha_p)|+>+sin(alpha_p)|->,3.0920533089026314e+00,1.6185990928362979e+00,p_gamma_lepton,|-1+1-1>,1,-1,-1,1,2.6012821985305138e-02,2.9758922937809514e-04,2.6014524154568276e-02,1.1439598831382838e-02,6.7675546698861609e-04,2.6586498426936406e-01,1,9.9999014589097746e-01
max_c_ep_mixing_angles_polarization_04_local_minimum_909,C_e_p,polarization_cluster_04_local_minimum_909,cos(alpha_e)|+>+sin(alpha_e)|-> tensor cos(alpha_p)|+>+sin(alpha_p)|->,3.0920533089026314e+00,1.6185990928362979e+00,p_gamma_lepton,|+1+1+1>,7,1,1,1,2.5979405505984005e-02,-3.2782662784147805e-04,2.5981473798502540e-02,-1.2618041982430524e-02,6.7503698074227380e-04,2.6518987288698553e-01,2,9.9999014589097746e-01
max_c_ep_mixing_angles_polarization_04_local_minimum_909,C_e_p,polarization_cluster_04_local_minimum_909,cos(alpha_e)|+>+sin(alpha_e)|-> tensor cos(alpha_p)|+>+sin(alpha_p)|->,3.0920533089026314e+00,1.6185990928362979e+00,p_gamma_lepton,|+1-1+1>,6,1,1,-1,2.4444747584595826e-02,-3.1181593766805974e-04,2.4446736257700892e-02,-1.2755256561534360e-02,5.9764291365358726e-04,2.3478543076162642e-01,3,9.9999014589097746e-01
max_c_ep_mixing_angles_polarization_04_local_minimum_909,C_e_p,polarization_cluster_04_local_minimum_909,cos(alpha_e)|+>+sin(alpha_e)|-> tensor cos(alpha_p)|+>+sin(alpha_p)|->,3.0920533089026314e+00,1.6185990928362979e+00,p_gamma_lepton,|-1-1-1>,0,-1,-1,-1,2.4412034309789825e-02,2.7866320650465014e-04,2.4413624727291420e-02,1.1414497474911973e-02,5.9602507232501504e-04,2.3414985797300142e-01,4,9.9999014589097746e-01
max_c_ep_mixing_angles_polarization_04_local_minimum_912,C_e_p,polarization_cluster_04_local_minimum_912,cos(alpha_e)|+>+sin(alpha_e)|-> tensor cos(alpha_p)|+>+sin(alpha_p)|->,3.1051237266200329e+00,1.6076972757230164e+00,p_gamma_lepton,|+1+1+1>,7,1,1,1,1.6783823912277528e-02,-2.7996348273634522e-05,1.6783847261991381e-02,-1.6680538627097900e-03,2.8169752891385555e-04,2.6205410284425551e-01,1,9.9998975878105045e-01
max_c_ep_mixing_angles_polarization_04_local_minimum_912,C_e_p,polarization_cluster_04_local_minimum_912,cos(alpha_e)|+>+sin(alpha_e)|-> tensor cos(alpha_p)|+>+sin(alpha_p)|->,3.1051237266200329e+00,1.6076972757230164e+00,p_gamma_lepton,|-1+1-1>,1,-1,-1,1,1.6780924538826677e-02,4.9303187418487860e-05,1.6780996966273633e-02,2.9380410740316798e-03,2.8160185918208499e-04,2.6196510438613929e-01,2,9.9998975878105045e-01
max_c_ep_mixing_angles_polarization_04_local_minimum_912,C_e_p,polarization_cluster_04_local_minimum_912,cos(alpha_e)|+>+sin(alpha_e)|-> tensor cos(alpha_p)|+>+sin(alpha_p)|->,3.1051237266200329e+00,1.6076972757230164e+00,p_gamma_lepton,|-1-1-1>,0,-1,-1,-1,1.5994943090221841e-02,2.2046427491668213e-05,1.5994958283921862e-02,1.3783364783456005e-03,2.5583869050440061e-04,2.3799846158211102e-01,3,9.9998975878105045e-01
max_c_ep_mixing_angles_polarization_04_local_minimum_912,C_e_p,polarization_cluster_04_local_minimum_912,cos(alpha_e)|+>+sin(alpha_e)|-> tensor cos(alpha_p)|+>+sin(alpha_p)|->,3.1051237266200329e+00,1.6076972757230164e+00,p_gamma_lepton,|+1-1+1>,6,1,1,-1,1.5994049416643081e-02,-2.6932279946090149e-05,1.5994072092176025e-02,-1.6838921644590748e-03,2.5581034208972399e-04,2.3797208996854458e-01,4,9.9998975878105045e-01
max_c_ep_mixing_angles_polarization_04_local_minimum_913,C_e_p,polarization_cluster_04_local_minimum_913,cos(alpha_e)|+>+sin(alpha_e)|-> tensor cos(alpha_p)|+>+sin(alpha_p)|->,2.5117166051829387e+00,2.3022190191518064e+00,p_gamma_lepton,|+1+1+1>,7,1,1,1,8.2562089238267831e+00,5.8448861069093213e-03,8.2562109927357490e+00,7.0793813291252124e-04,6.8165019956570617e+01,3.0697865589249235e-01,1,9.9926332676894325e-01
max_c_ep_mixing_angles_polarization_04_local_minimum_913,C_e_p,polarization_cluster_04_local_minimum_913,cos(alpha_e)|+>+sin(alpha_e)|-> tensor cos(alpha_p)|+>+sin(alpha_p)|->,2.5117166051829387e+00,2.3022190191518064e+00,p_gamma_lepton,|-1+1-1>,1,-1,-1,1,8.2425435763799904e+00,-5.9124516316395263e-03,8.2425456969074382e+00,-7.1730899118731305e-04,6.7939559565607325e+01,3.0596330332868465e-01,2,9.9926332676894325e-01
max_c_ep_mixing_angles_polarization_04_local_minimum_913,C_e_p,polarization_cluster_04_local_minimum_913,cos(alpha_e)|+>+sin(alpha_e)|-> tensor cos(alpha_p)|+>+sin(alpha_p)|->,2.5117166051829387e+00,2.3022190191518064e+00,p_gamma_lepton,|-1-1-1>,0,-1,-1,-1,6.5575675079891314e+00,-4.3750934232524592e-03,6.5575689674815658e+00,-6.6718226976043686e-04,4.3001710763277238e+01,1.9365662006112455e-01,3,9.9926332676894325e-01
max_c_ep_mixing_angles_polarization_04_local_minimum_913,C_e_p,polarization_cluster_04_local_minimum_913,cos(alpha_e)|+>+sin(alpha_e)|-> tensor cos(alpha_p)|+>+sin(alpha_p)|->,2.5117166051829387e+00,2.3022190191518064e+00,p_gamma_lepton,|+1-1+1>,6,1,1,-1,6.5407521316109705e+00,5.0683414640898990e-03,6.5407540953057284e+00,7.7488648823244234e-04,4.2781464135258659e+01,1.9266474748664172e-01,4,9.9926332676894325e-01
max_c_ep_mixing_angles_polarization_04_local_minimum_914,C_e_p,polarization_cluster_04_local_minimum_914,cos(alpha_e)|+>+sin(alpha_e)|-> tensor cos(alpha_p)|+>+sin(alpha_p)|->,2.6001963974739133e+00,2.1529637421806367e+00,p_gamma_lepton,|+1+1+1>,7,1,1,1,2.9065478103373287e+01,-2.3960752788118357e-03,2.9065478202136102e+01,-8.2437153273798544e-05,8.4480202311884887e+02,2.7599707757661268e-01,1,9.9976185677223550e-01
max_c_ep_mixing_angles_polarization_04_local_minimum_914,C_e_p,polarization_cluster_04_local_minimum_914,cos(alpha_e)|+>+sin(alpha_e)|-> tensor cos(alpha_p)|+>+sin(alpha_p)|->,2.6001963974739133e+00,2.1529637421806367e+00,p_gamma_lepton,|-1+1-1>,1,-1,-1,1,2.9056771928134065e+01,-3.9888031388691774e-03,2.9056772201917926e+01,-1.3727619584441984e-04,8.4429601079415033e+02,2.7583176319642339e-01,2,9.9976185677223550e-01
max_c_ep_mixing_angles_polarization_04_local_minimum_914,C_e_p,polarization_cluster_04_local_minimum_914,cos(alpha_e)|+>+sin(alpha_e)|-> tensor cos(alpha_p)|+>+sin(alpha_p)|->,2.6001963974739133e+00,2.1529637421806367e+00,p_gamma_lepton,|-1-1-1>,0,-1,-1,-1,2.6187239085246265e+01,2.0819897057513938e-03,2.6187239168009498e+01,7.9503978811485464e-05,6.8577149524253059e+02,2.2404175581105973e-01,3,9.9976185677223550e-01
max_c_ep_mixing_angles_polarization_04_local_minimum_914,C_e_p,polarization_cluster_04_local_minimum_914,cos(alpha_e)|+>+sin(alpha_e)|-> tensor cos(alpha_p)|+>+sin(alpha_p)|->,2.6001963974739133e+00,2.1529637421806367e+00,p_gamma_lepton,|+1-1+1>,6,1,1,-1,2.6178442241535130e+01,-1.8964352211553275e-03,2.6178442310226508e+01,-7.2442630479706592e-05,6.8531084178985725e+02,2.2389126018813965e-01,4,9.9976185677223550e-01
max_c_ep_mixing_angles_polarization_04_local_minimum_918,C_e_p,polarization_cluster_04_local_minimum_918,cos(alpha_e)|+>+sin(alpha_e)|-> tensor cos(alpha_p)|+>+sin(alpha_p)|->,2.0123195457350747e+00,2.4997466696868602e+00,p_gamma_lepton,|-1-1-1>,0,-1,-1,-1,2.0845413084406932e+00,1.7004875776859582e-03,2.0845420020363319e+00,8.1576085520345776e-04,4.3453153582536386e+00,3.4963671902595145e-01,1,9.9843458435367727e-01
max_c_ep_mixing_angles_polarization_04_local_minimum_918,C_e_p,polarization_cluster_04_local_minimum_918,cos(alpha_e)|+>+sin(alpha_e)|-> tensor cos(alpha_p)|+>+sin(alpha_p)|->,2.0123195457350747e+00,2.4997466696868602e+00,p_gamma_lepton,|+1-1+1>,6,1,1,-1,2.0797401043563948e+00,-1.7563512128950473e-03,2.0797408459800781e+00,-8.4450494159317229e-04,4.3253219864379311e+00,3.4802799414695457e-01,2,9.9843458435367727e-01
max_c_ep_mixing_angles_polarization_04_local_minimum_918,C_e_p,polarization_cluster_04_local_minimum_918,cos(alpha_e)|+>+sin(alpha_e)|-> tensor cos(alpha_p)|+>+sin(alpha_p)|->,2.0123195457350747e+00,2.4997466696868602e+00,p_gamma_lepton,|+1+1+1>,7,1,1,1,1.3705494193487118e+00,-1.1781185070205901e-03,1.3705499257014711e+00,-8.5959557547953577e-04,1.8784070988403079e+00,1.5114210152460145e-01,3,9.9843458435367727e-01
max_c_ep_mixing_angles_polarization_04_local_minimum_918,C_e_p,polarization_cluster_04_local_minimum_918,cos(alpha_e)|+>+sin(alpha_e)|-> tensor cos(alpha_p)|+>+sin(alpha_p)|->,2.0123195457350747e+00,2.4997466696868602e+00,p_gamma_lepton,|-1+1-1>,1,-1,-1,1,1.3636662643710304e+00,1.0820967275046382e-03,1.3636666937037689e+00,7.9352003393659348e-04,1.8595868515169693e+00,1.4962776965616978e-01,4,9.9843458435367727e-01
max_c_ep_mixing_angles_polarization_04_local_minimum_919,C_e_p,polarization_cluster_04_local_minimum_919,cos(alpha_e)|+>+sin(alpha_e)|-> tensor cos(alpha_p)|+>+sin(alpha_p)|->,3.0121225157975577e+00,1.7171235455671412e+00,p_gamma_lepton,|+1+1+1>,7,1,1,1,-4.9855875800354749e-01,-1.5583697219636117e-04,4.9855878235891277e-01,-3.1412800786633288e+00,2.4856085946720174e-01,2.6117156340369663e-01,1,9.9834094820080443e-01
max_c_ep_mixing_angles_polarization_04_local_minimum_919,C_e_p,polarization_cluster_04_local_minimum_919,cos(alpha_e)|+>+sin(alpha_e)|-> tensor cos(alpha_p)|+>+sin(alpha_p)|->,3.0121225157975577e+00,1.7171235455671412e+00,p_gamma_lepton,|-1+1-1>,1,-1,-1,1,-4.9783776962635928e-01,1.7436096036894103e-04,4.9783780016014501e-01,3.1412424170993591e+00,2.4784247526829253e-01,2.6041673207282739e-01,2,9.9834094820080443e-01
max_c_ep_mixing_angles_polarization_04_local_minimum_919,C_e_p,polarization_cluster_04_local_minimum_919,cos(alpha_e)|+>+sin(alpha_e)|-> tensor cos(alpha_p)|+>+sin(alpha_p)|->,3.0121225157975577e+00,1.7171235455671412e+00,p_gamma_lepton,|-1-1-1>,0,-1,-1,-1,-4.7671533086655299e-01,1.6810037879543129e-04,4.7671536050450947e-01,3.1412400314672309e+00,2.2725753494094447e-01,2.3878741738752512e-01,3,9.9834094820080443e-01
max_c_ep_mixing_angles_polarization_04_local_minimum_919,C_e_p,polarization_cluster_04_local_minimum_919,cos(alpha_e)|+>+sin(alpha_e)|-> tensor cos(alpha_p)|+>+sin(alpha_p)|->,3.0121225157975577e+00,1.7171235455671412e+00,p_gamma_lepton,|+1-1+1>,6,1,1,-1,-4.7589392847652950e-01,-1.4456779061849243e-04,4.7589395043504207e-01,-3.1412888720588241e+00,2.2647505206067023e-01,2.3796523533675532e-01,4,9.9834094820080443e-01
max_c_ep_mixing_angles_polarization_04_local_minimum_923,C_e_p,polarization_cluster_04_local_minimum_923,cos(alpha_e)|+>+sin(alpha_e)|-> tensor cos(alpha_p)|+>+sin(alpha_p)|->,2.0751872186434128e+00,2.5225567010821797e+00,p_gamma_lepton,|-1-1-1>,0,-1,-1,-1,-7.7519692700785070e-01,-6.2062980640431731e-01,9.9303153637730723e-01,-2.4664803466657732e+00,9.8611163223987552e-01,3.1230589121695318e-01,1,9.9999627229122590e-01
max_c_ep_mixing_angles_polarization_04_local_minimum_923,C_e_p,polarization_cluster_04_local_minimum_923,cos(alpha_e)|+>+sin(alpha_e)|-> tensor cos(alpha_p)|+>+sin(alpha_p)|->,2.0751872186434128e+00,2.5225567010821797e+00,p_gamma_lepton,|+1-1+1>,6,1,1,-1,-7.7519478762283356e-01,6.2054580335590859e-01,9.9297736772810696e-01,2.4665450397661828e+00,9.8600405282023973e-01,3.1227182034158013e-01,2,9.9999627229122590e-01
max_c_ep_mixing_angles_polarization_04_local_minimum_923,C_e_p,polarization_cluster_04_local_minimum_923,cos(alpha_e)|+>+sin(alpha_e)|-> tensor cos(alpha_p)|+>+sin(alpha_p)|->,2.0751872186434128e+00,2.5225567010821797e+00,p_gamma_lepton,|+1+1+1>,7,1,1,1,-6.0103257760587570e-01,4.8110792770738098e-01,7.6987336455189403e-01,2.4665658200932885e+00,5.9270499744645355e-01,1.8771227962883322e-01,3,9.9999627229122590e-01
max_c_ep_mixing_angles_polarization_04_local_minimum_923,C_e_p,polarization_cluster_04_local_minimum_923,cos(alpha_e)|+>+sin(alpha_e)|-> tensor cos(alpha_p)|+>+sin(alpha_p)|->,2.0751872186434128e+00,2.5225567010821797e+00,p_gamma_lepton,|-1+1-1>,1,-1,-1,1,-6.0096592444787111e-01,-4.8117150232046457e-01,7.6986106343470651e-01,-2.4664472469419136e+00,5.9268605699281718e-01,1.8770628110385940e-01,4,9.9999627229122590e-01
max_c_ep_mixing_angles_polarization_04_local_minimum_927,C_e_p,polarization_cluster_04_local_minimum_927,cos(alpha_e)|+>+sin(alpha_e)|-> tensor cos(alpha_p)|+>+sin(alpha_p)|->,2.5693859298283939e+00,2.1974618521368074e+00,p_gamma_lepton,|+1+1+1>,7,1,1,1,2.3946651279422934e+01,6.0996520799448868e-04,2.3946651287191401e+01,2.5471837408293754e-05,5.7344210787034558e+02,2.8237725138149800e-01,1,9.9957702772027779e-01
max_c_ep_mixing_angles_polarization_04_local_minimum_927,C_e_p,polarization_cluster_04_local_minimum_927,cos(alpha_e)|+>+sin(alpha_e)|-> tensor cos(alpha_p)|+>+sin(alpha_p)|->,2.5693859298283939e+00,2.1974618521368074e+00,p_gamma_lepton,|-1+1-1>,1,-1,-1,1,2.3941030354584580e+01,-1.8912996707581261e-03,2.3941030429289270e+01,-7.8998256917609737e-05,5.7317293801615460e+02,2.8224470540599672e-01,2,9.9957702772027779e-01
max_c_ep_mixing_angles_polarization_04_local_minimum_927,C_e_p,polarization_cluster_04_local_minimum_927,cos(alpha_e)|+>+sin(alpha_e)|-> tensor cos(alpha_p)|+>+sin(alpha_p)|->,2.5693859298283939e+00,2.1974618521368074e+00,p_gamma_lepton,|-1-1-1>,0,-1,-1,-1,2.1018736134933064e+01,-4.8462690050889867e-04,2.1018736140520062e+01,-2.3056900153838045e-05,4.4178726894480417e+02,2.1754711240734065e-01,3,9.9957702772027779e-01
max_c_ep_mixing_angles_polarization_04_local_minimum_927,C_e_p,polarization_cluster_04_local_minimum_927,cos(alpha_e)|+>+sin(alpha_e)|-> tensor cos(alpha_p)|+>+sin(alpha_p)|->,2.5693859298283939e+00,2.1974618521368074e+00,p_gamma_lepton,|+1-1+1>,6,1,1,-1,2.1012012746222116e+01,5.7609417021499605e-04,2.1012012754119610e+01,2.7417372006602432e-05,4.4150467997928502e+02,2.1740795852544248e-01,4,9.9957702772027779e-01
max_c_ep_mixing_angles_polarization_04_local_minimum_928,C_e_p,polarization_cluster_04_local_minimum_928,cos(alpha_e)|+>+sin(alpha_e)|-> tensor cos(alpha_p)|+>+sin(alpha_p)|->,2.5743911898885625e+00,2.1881050726355342e+00,p_gamma_lepton,|+1+1+1>,7,1,1,1,2.7391727010205976e+01,3.8068274361587918e-03,2.7391727274737217e+01,1.3897726894807229e-04,7.5030672309358283e+02,2.7980425745498405e-01,1,9.9964222025941374e-01
max_c_ep_mixing_angles_polarization_04_local_minimum_928,C_e_p,polarization_cluster_04_local_minimum_928,cos(alpha_e)|+>+sin(alpha_e)|-> tensor cos(alpha_p)|+>+sin(alpha_p)|->,2.5743911898885625e+00,2.1881050726355342e+00,p_gamma_lepton,|-1+1-1>,1,-1,-1,1,2.7381258950726494e+01,-4.4112022765133057e-03,2.7381259306055394e+01,-1.6110297361740690e-04,7.4973336118544535e+02,2.7959043942827372e-01,2,9.9964222025941374e-01
max_c_ep_mixing_angles_polarization_04_local_minimum_928,C_e_p,polarization_cluster_04_local_minimum_928,cos(alpha_e)|+>+sin(alpha_e)|-> tensor cos(alpha_p)|+>+sin(alpha_p)|->,2.5743911898885625e+00,2.1881050726355342e+00,p_gamma_lepton,|-1-1-1>,0,-1,-1,-1,2.4301747521246245e+01,-3.1333625140576808e-03,2.4301747723247370e+01,-1.2893568637213624e-04,5.9057494240435858e+02,2.2023710856494766e-01,3,9.9964222025941374e-01
max_c_ep_mixing_angles_polarization_04_local_minimum_928,C_e_p,polarization_cluster_04_local_minimum_928,cos(alpha_e)|+>+sin(alpha_e)|-> tensor cos(alpha_p)|+>+sin(alpha_p)|->,2.5743911898885625e+00,2.1881050726355342e+00,p_gamma_lepton,|+1-1+1>,6,1,1,-1,2.4289237123979774e+01,3.6925830963580523e-03,2.4289237404663144e+01,1.5202548557052725e-04,5.8996705370008715e+02,2.2001041481120834e-01,4,9.9964222025941374e-01
max_c_ep_mixing_angles_polarization_04_local_minimum_935,C_e_p,polarization_cluster_04_local_minimum_935,cos(alpha_e)|+>+sin(alpha_e)|-> tensor cos(alpha_p)|+>+sin(alpha_p)|->,2.6181151808996610e+00,2.1327133403059131e+00,p_gamma_lepton,|+1+1+1>,7,1,1,1,3.5596480247880763e+01,2.0190952054928629e-02,3.5596485974212541e+01,5.6721759423803200e-04,1.2671098137123101e+03,2.7361655773603916e-01,1,9.9988664829276963e-01
max_c_ep_mixing_angles_polarization_04_local_minimum_935,C_e_p,polarization_cluster_04_local_minimum_935,cos(alpha_e)|+>+sin(alpha_e)|-> tensor cos(alpha_p)|+>+sin(alpha_p)|->,2.6181151808996610e+00,2.1327133403059131e+00,p_gamma_lepton,|-1+1-1>,1,-1,-1,1,3.5588848066035297e+01,-2.7681154212015249e-03,3.5588848173687879e+01,-7.7780416227102851e-05,1.2665661143298071e+03,2.7349915263675428e-01,2,9.9988664829276963e-01
max_c_ep_mixing_angles_polarization_04_local_minimum_935,C_e_p,polarization_cluster_04_local_minimum_935,cos(alpha_e)|+>+sin(alpha_e)|-> tensor cos(alpha_p)|+>+sin(alpha_p)|->,2.6181151808996610e+00,2.1327133403059131e+00,p_gamma_lepton,|-1-1-1>,0,-1,-1,-1,3.2382677801731852e+01,-1.7248118017510437e-02,3.2382682395199318e+01,-5.3263403638276598e-04,1.0486381191083524e+03,2.2644032060694511e-01,3,9.9988664829276963e-01
max_c_ep_mixing_angles_polarization_04_local_minimum_935,C_e_p,polarization_cluster_04_local_minimum_935,cos(alpha_e)|+>+sin(alpha_e)|-> tensor cos(alpha_p)|+>+sin(alpha_p)|->,2.6181151808996610e+00,2.1327133403059131e+00,p_gamma_lepton,|+1-1+1>,6,1,1,-1,3.2374832477300977e+01,1.7567439788207143e-02,3.2374837243579201e+01,5.4262637733550328e-04,1.0481300865482428e+03,2.2633061731303111e-01,4,9.9988664829276963e-01
max_c_ep_mixing_angles_polarization_04_local_minimum_946,C_e_p,polarization_cluster_04_local_minimum_946,cos(alpha_e)|+>+sin(alpha_e)|-> tensor cos(alpha_p)|+>+sin(alpha_p)|->,2.1896743066896569e+00,2.4384306053871079e+00,p_gamma_lepton,|-1-1-1>,0,-1,-1,-1,-1.4571302165097922e+01,1.2681001329428059e-03,1.4571302220277547e+01,3.1415056263553449e+00,2.1232284839466530e+02,2.9725976491415312e-01,1,9.9926450898231289e-01
max_c_ep_mixing_angles_polarization_04_local_minimum_946,C_e_p,polarization_cluster_04_local_minimum_946,cos(alpha_e)|+>+sin(alpha_e)|-> tensor cos(alpha_p)|+>+sin(alpha_p)|->,2.1896743066896569e+00,2.4384306053871079e+00,p_gamma_lepton,|+1-1+1>,6,1,1,-1,-1.4551454237826762e+01,-1.6113911850275230e-03,1.4551454327047452e+01,-3.1414819161231384e+00,2.1174482303214796e+02,2.9645050823417052e-01,2,9.9926450898231289e-01
max_c_ep_mixing_angles_polarization_04_local_minimum_946,C_e_p,polarization_cluster_04_local_minimum_946,cos(alpha_e)|+>+sin(alpha_e)|-> tensor cos(alpha_p)|+>+sin(alpha_p)|->,2.1896743066896569e+00,2.4384306053871079e+00,p_gamma_lepton,|+1+1+1>,7,1,1,1,-1.2046594689435477e+01,-9.7851745595901179e-04,1.2046594729176849e+01,-3.1415114258670189e+00,1.4512044456903146e+02,2.0317393800521166e-01,3,9.9926450898231289e-01
max_c_ep_mixing_angles_polarization_04_local_minimum_946,C_e_p,polarization_cluster_04_local_minimum_946,cos(alpha_e)|+>+sin(alpha_e)|-> tensor cos(alpha_p)|+>+sin(alpha_p)|->,2.1896743066896569e+00,2.4384306053871079e+00,p_gamma_lepton,|-1+1-1>,1,-1,-1,1,-1.2023043388560565e+01,1.1121415351386839e-03,1.2023043439997574e+01,3.1415001527565165e+00,1.4455357356006868e+02,2.0238029782877759e-01,4,9.9926450898231289e-01
max_c_ep_mixing_angles_polarization_04_local_minimum_954,C_e_p,polarization_cluster_04_local_minimum_954,cos(alpha_e)|+>+sin(alpha_e)|-> tensor cos(alpha_p)|+>+sin(alpha_p)|->,2.5075701067859604e+00,2.3174208136075256e+00,p_gamma_lepton,|+1+1+1>,7,1,1,1,8.8382609581521105e+00,8.3715890718489526e-03,8.8382649229302608e+00,9.4719839206674832e-04,7.8114926847899454e+01,3.1154806208755681e-01,1,9.9919991170903477e-01
max_c_ep_mixing_angles_polarization_04_local_minimum_954,C_e_p,polarization_cluster_04_local_minimum_954,cos(alpha_e)|+>+sin(alpha_e)|-> tensor cos(alpha_p)|+>+sin(alpha_p)|->,2.5075701067859604e+00,2.3174208136075256e+00,p_gamma_lepton,|-1+1-1>,1,-1,-1,1,8.8200479297077852e+00,-8.6947261853214386e-03,8.8200522152992953e+00,-9.8579094333160625e-04,7.7793321080606034e+01,3.1026539233928269e-01,2,9.9919991170903477e-01
max_c_ep_mixing_angles_polarization_04_local_minimum_954,C_e_p,polarization_cluster_04_local_minimum_954,cos(alpha_e)|+>+sin(alpha_e)|-> tensor cos(alpha_p)|+>+sin(alpha_p)|->,2.5075701067859604e+00,2.3174208136075256e+00,p_gamma_lepton,|-1-1-1>,0,-1,-1,-1,6.8894798616747854e+00,-6.1385694421656417e-03,6.8894825964260349e+00,-8.9100598898045964e-04,4.7464970446457208e+01,1.8930593877954258e-01,3,9.9919991170903477e-01
max_c_ep_mixing_angles_polarization_04_local_minimum_954,C_e_p,polarization_cluster_04_local_minimum_954,cos(alpha_e)|+>+sin(alpha_e)|-> tensor cos(alpha_p)|+>+sin(alpha_p)|->,2.5075701067859604e+00,2.3174208136075256e+00,p_gamma_lepton,|+1-1+1>,6,1,1,-1,6.8671440121136662e+00,7.2141837537933722e-03,6.8671478014934131e+00,1.0505358686446677e-03,4.7157718927555820e+01,1.8808051850265267e-01,4,9.9919991170903477e-01
max_c_ep_mixing_angles_polarization_04_local_minimum_955,C_e_p,polarization_cluster_04_local_minimum_955,cos(alpha_e)|+>+sin(alpha_e)|-> tensor cos(alpha_p)|+>+sin(alpha_p)|->,3.1027723649501393e+00,1.5305766547996047e+00,p_gamma_lepton,|+1+1+1>,7,1,1,1,-1.4444398973752923e-02,-2.3387080034624609e-03,1.4632505487387109e-02,-2.9810745872139601e+00,2.1411021683841389e-04,2.6199310816054122e-01,1,9.9997826901181697e-01
max_c_ep_mixing_angles_polarization_04_local_minimum_955,C_e_p,polarization_cluster_04_local_minimum_955,cos(alpha_e)|+>+sin(alpha_e)|-> tensor cos(alpha_p)|+>+sin(alpha_p)|->,3.1027723649501393e+00,1.5305766547996047e+00,p_gamma_lepton,|-1+1-1>,1,-1,-1,1,1.4435918890762423e-02,-2.3413847377612589e-03,1.4624562786999574e-02,-1.6079142104068578e-01,2.1387783671089275e-04,2.6170875932010285e-01,2,9.9997826901181697e-01
max_c_ep_mixing_angles_polarization_04_local_minimum_955,C_e_p,polarization_cluster_04_local_minimum_955,cos(alpha_e)|+>+sin(alpha_e)|-> tensor cos(alpha_p)|+>+sin(alpha_p)|->,3.1027723649501393e+00,1.5305766547996047e+00,p_gamma_lepton,|-1-1-1>,0,-1,-1,-1,1.3776074391423265e-02,-2.2319023879868527e-03,1.3955701842169361e-02,-1.6061734376891404e-01,1.9476161390752931e-04,2.3831744851533956e-01,3,9.9997826901181697e-01
max_c_ep_mixing_angles_polarization_04_local_minimum_955,C_e_p,polarization_cluster_04_local_minimum_955,cos(alpha_e)|+>+sin(alpha_e)|-> tensor cos(alpha_p)|+>+sin(alpha_p)|->,3.1027723649501393e+00,1.5305766547996047e+00,p_gamma_lepton,|+1-1+1>,6,1,1,-1,-1.3765899232896377e-02,-2.2290483991699965e-03,1.3945201269831117e-02,-2.9810606413502900e+00,1.9446863845609935e-04,2.3795895301583334e-01,4,9.9997826901181697e-01
max_c_ep_mixing_angles_polarization_04_local_minimum_956,C_e_p,polarization_cluster_04_local_minimum_956,cos(alpha_e)|+>+sin(alpha_e)|-> tensor cos(alpha_p)|+>+sin(alpha_p)|->,2.2050720334255169e+00,2.3525556259513389e+00,p_gamma_lepton,|-1-1-1>,0,-1,-1,-1,-5.0185738038510239e+00,-2.0871848007833513e-02,5.0186172058385763e+00,-3.1374337573600295e+00,2.5186518658739008e+01,3.3134569156068011e-01,1,9.9926953437882715e-01
max_c_ep_mixing_angles_polarization_04_local_minimum_956,C_e_p,polarization_cluster_04_local_minimum_956,cos(alpha_e)|+>+sin(alpha_e)|-> tensor cos(alpha_p)|+>+sin(alpha_p)|->,2.2050720334255169e+00,2.3525556259513389e+00,p_gamma_lepton,|+1-1+1>,6,1,1,-1,-5.0070422190175004e+00,2.1889610996246360e-02,5.0070900669044551e+00,3.1372209166268212e+00,2.5070950938093269e+01,3.2982532001436610e-01,2,9.9926953437882715e-01
max_c_ep_mixing_angles_polarization_04_local_minimum_956,C_e_p,polarization_cluster_04_local_minimum_956,cos(alpha_e)|+>+sin(alpha_e)|-> tensor cos(alpha_p)|+>+sin(alpha_p)|->,2.2050720334255169e+00,2.3525556259513389e+00,p_gamma_lepton,|+1+1+1>,7,1,1,1,-3.5923051328378817e+00,1.4146363722140991e-02,3.5923329866564360e+00,3.1376547112172597e+00,1.2904856287019950e+01,1.6977211455264685e-01,3,9.9926953437882715e-01
max_c_ep_mixing_angles_polarization_04_local_minimum_956,C_e_p,polarization_cluster_04_local_minimum_956,cos(alpha_e)|+>+sin(alpha_e)|-> tensor cos(alpha_p)|+>+sin(alpha_p)|->,2.2050720334255169e+00,2.3525556259513389e+00,p_gamma_lepton,|-1+1-1>,1,-1,-1,1,-3.5769670233326836e+00,-1.6461949561097498e-02,3.5770049037977052e+00,-3.1369904771559498e+00,1.2794964081792831e+01,1.6832640825113407e-01,4,9.9926953437882715e-01
max_c_ep_mixing_angles_polarization_04_local_minimum_957,C_e_p,polarization_cluster_04_local_minimum_957,cos(alpha_e)|+>+sin(alpha_e)|-> tensor cos(alpha_p)|+>+sin(alpha_p)|->,1.8224287294866306e+00,2.8754364043170924e+00,p_gamma_lepton,|-1-1-1>,0,-1,-1,-1,1.3664686096771114e-01,-5.9446565142826565e-10,1.3664686096771114e-01,-4.3503791248357647e-09,1.8672364612328980e-02,2.6477399987558997e-01,1,9.9999185712151162e-01
max_c_ep_mixing_angles_polarization_04_local_minimum_957,C_e_p,polarization_cluster_04_local_minimum_957,cos(alpha_e)|+>+sin(alpha_e)|-> tensor cos(alpha_p)|+>+sin(alpha_p)|->,1.8224287294866306e+00,2.8754364043170924e+00,p_gamma_lepton,|+1-1+1>,6,1,1,-1,1.3663062167098319e-01,5.3754286825165333e-06,1.3663062177672536e-01,3.9342781391184101e-05,1.8667926807094570e-02,2.6471107182834053e-01,2,9.9999185712151162e-01
max_c_ep_mixing_angles_polarization_04_local_minimum_957,C_e_p,polarization_cluster_04_local_minimum_957,cos(alpha_e)|+>+sin(alpha_e)|-> tensor cos(alpha_p)|+>+sin(alpha_p)|->,1.8224287294866306e+00,2.8754364043170924e+00,p_gamma_lepton,|+1+1+1>,7,1,1,1,1.2881703252049778e-01,-8.3518128513293239e-09,1.2881703252049806e-01,-6.4834693735087745e-08,1.6593827867387046e-02,2.3530036333984639e-01,3,9.9999185712151162e-01
max_c_ep_mixing_angles_polarization_04_local_minimum_957,C_e_p,polarization_cluster_04_local_minimum_957,cos(alpha_e)|+>+sin(alpha_e)|-> tensor cos(alpha_p)|+>+sin(alpha_p)|->,1.8224287294866306e+00,2.8754364043170924e+00,p_gamma_lepton,|-1+1-1>,1,-1,-1,1,1.2879131551193590e-01,3.5958544238772572e-07,1.2879131551243789e-01,2.7920006947476699e-06,1.6587202951424317e-02,2.3520642207773471e-01,4,9.9999185712151162e-01
max_c_ep_mixing_angles_polarization_04_local_minimum_959,C_e_p,polarization_cluster_04_local_minimum_959,cos(alpha_e)|+>+sin(alpha_e)|-> tensor cos(alpha_p)|+>+sin(alpha_p)|->,2.5120625233897891e+00,2.2986437574850722e+00,p_gamma_lepton,|+1+1+1>,7,1,1,1,1.1925829993611977e+01,-6.2990117633065926e-03,1.1925831657124975e+01,-5.2818220458634687e-04,1.4222546071408419e+02,3.0415575179079729e-01,1,9.9920128970760591e-01
max_c_ep_mixing_angles_polarization_04_local_minimum_959,C_e_p,polarization_cluster_04_local_minimum_959,cos(alpha_e)|+>+sin(alpha_e)|-> tensor cos(alpha_p)|+>+sin(alpha_p)|->,2.5120625233897891e+00,2.2986437574850722e+00,p_gamma_lepton,|-1+1-1>,1,-1,-1,1,1.1903606379995642e+01,6.8979186677623752e-03,1.1903608378603307e+01,5.7948135005964400e-04,1.4169589243115493e+02,3.0302324542794074e-01,2,9.9920128970760591e-01
max_c_ep_mixing_angles_polarization_04_local_minimum_959,C_e_p,polarization_cluster_04_local_minimum_959,cos(alpha_e)|+>+sin(alpha_e)|-> tensor cos(alpha_p)|+>+sin(alpha_p)|->,2.5120625233897891e+00,2.2986437574850722e+00,p_gamma_lepton,|-1-1-1>,0,-1,-1,-1,9.5869692528421204e+00,4.7447706422062592e-03,9.5869704269799776e+00,4.9491868907348339e-04,9.1910001967788659e+01,1.9655380692915639e-01,3,9.9920128970760591e-01
max_c_ep_mixing_angles_polarization_04_local_minimum_959,C_e_p,polarization_cluster_04_local_minimum_959,cos(alpha_e)|+>+sin(alpha_e)|-> tensor cos(alpha_p)|+>+sin(alpha_p)|->,2.5120625233897891e+00,2.2986437574850722e+00,p_gamma_lepton,|+1-1+1>,6,1,1,-1,9.5604637401264938e+00,-5.5504627990677676e-03,9.5604653513263020e+00,-5.8056411554269845e-04,9.1402497733910749e+01,1.9546848555971144e-01,4,9.9920128970760591e-01
max_c_ep_mixing_angles_polarization_04_local_minimum_962,C_e_p,polarization_cluster_04_local_minimum_962,cos(alpha_e)|+>+sin(alpha_e)|-> tensor cos(alpha_p)|+>+sin(alpha_p)|->,2.9214087075672732e+00,1.7845953876287839e+00,p_gamma_lepton,|-1+1-1>,1,-1,-1,1,5.4586078632425172e+00,-6.2827242071335403e-03,5.4586114788723057e+00,-1.1509750453238161e-03,2.9796439277276509e+01,2.6173134063368891e-01,1,9.9964254279564524e-01
max_c_ep_mixing_angles_polarization_04_local_minimum_962,C_e_p,polarization_cluster_04_local_minimum_962,cos(alpha_e)|+>+sin(alpha_e)|-> tensor cos(alpha_p)|+>+sin(alpha_p)|->,2.9214087075672732e+00,1.7845953876287839e+00,p_gamma_lepton,|+1+1+1>,7,1,1,1,5.4585150355787011e+00,-7.9361108512123121e-03,5.4585208047138734e+00,-1.4538945496486450e-03,2.9795449375494190e+01,2.6172264535576761e-01,2,9.9964254279564524e-01
max_c_ep_mixing_angles_polarization_04_local_minimum_962,C_e_p,polarization_cluster_04_local_minimum_962,cos(alpha_e)|+>+sin(alpha_e)|-> tensor cos(alpha_p)|+>+sin(alpha_p)|->,2.9214087075672732e+00,1.7845953876287839e+00,p_gamma_lepton,|+1-1+1>,6,1,1,-1,5.2063515675567880e+00,-4.5003422561611141e-03,5.2063535125922291e+00,-8.6439439920904125e-04,2.7106116898081453e+01,2.3809960140166150e-01,3,9.9964254279564524e-01
max_c_ep_mixing_angles_polarization_04_local_minimum_962,C_e_p,polarization_cluster_04_local_minimum_962,cos(alpha_e)|+>+sin(alpha_e)|-> tensor cos(alpha_p)|+>+sin(alpha_p)|->,2.9214087075672732e+00,1.7845953876287839e+00,p_gamma_lepton,|-1-1-1>,0,-1,-1,-1,5.2062323286506560e+00,7.0611263239473117e-03,5.2062371170925550e+00,1.3562825376492785e-03,2.7104904919392197e+01,2.3808895540452721e-01,4,9.9964254279564524e-01
max_c_ep_mixing_angles_polarization_04_local_minimum_966,C_e_p,polarization_cluster_04_local_minimum_966,cos(alpha_e)|+>+sin(alpha_e)|-> tensor cos(alpha_p)|+>+sin(alpha_p)|->,3.1282470207351882e+00,2.6099489357024890e+00,p_gamma_lepton,|-1+1+1>,5,1,-1,1,6.4922147100711200e+01,9.8403323992395119e-04,6.4922147108168758e+01,1.5157127171442773e-05,4.2148851851347054e+03,4.9507251769600397e-01,1,9.9011387643097371e-01
max_c_ep_mixing_angles_polarization_04_local_minimum_966,C_e_p,polarization_cluster_04_local_minimum_966,cos(alpha_e)|+>+sin(alpha_e)|-> tensor cos(alpha_p)|+>+sin(alpha_p)|->,3.1282470207351882e+00,2.6099489357024890e+00,p_gamma_lepton,|+1+1-1>,3,-1,1,1,-6.4919925797952558e+01,1.5212606379691798e-01,6.4920104035275173e+01,3.1392493701758530e+00,4.2146199079509533e+03,4.9504135873496974e-01,2,9.9011387643097371e-01
max_c_ep_mixing_angles_polarization_04_local_minimum_967,C_e_p,polarization_cluster_04_local_minimum_967,cos(alpha_e)|+>+sin(alpha_e)|-> tensor cos(alpha_p)|+>+sin(alpha_p)|->,2.0857685737335547e+00,2.6291237224720869e+00,p_gamma_lepton,|-1-1-1>,0,-1,-1,-1,8.9687934138248636e+01,-5.1153896268715795e-03,8.9687934284127849e+01,-5.7035427011170244e-05,8.0439255561540331e+03,2.6456356375546336e-01,1,9.8856425618426891e-01
max_c_ep_mixing_angles_polarization_04_local_minimum_967,C_e_p,polarization_cluster_04_local_minimum_967,cos(alpha_e)|+>+sin(alpha_e)|-> tensor cos(alpha_p)|+>+sin(alpha_p)|->,2.0857685737335547e+00,2.6291237224720869e+00,p_gamma_lepton,|+1-1+1>,6,1,1,-1,8.9313321359648768e+01,4.7206023960248630e-03,8.9313321484401087e+01,5.2854404245252905e-05,7.9768693945759806e+03,2.6235809616939409e-01,2,9.8856425618426891e-01
max_c_ep_mixing_angles_polarization_04_local_minimum_967,C_e_p,polarization_cluster_04_local_minimum_967,cos(alpha_e)|+>+sin(alpha_e)|-> tensor cos(alpha_p)|+>+sin(alpha_p)|->,2.0857685737335547e+00,2.6291237224720869e+00,p_gamma_lepton,|+1+1+1>,7,1,1,1,8.3981422176104971e+01,5.0945738480800591e-03,8.3981422330631304e+01,6.0663105122792753e-05,7.0528792966758583e+03,2.3196819369345742e-01,3,9.8856425618426891e-01
max_c_ep_mixing_angles_polarization_04_local_minimum_967,C_e_p,polarization_cluster_04_local_minimum_967,cos(alpha_e)|+>+sin(alpha_e)|-> tensor cos(alpha_p)|+>+sin(alpha_p)|->,2.0857685737335547e+00,2.6291237224720869e+00,p_gamma_lepton,|-1+1-1>,1,-1,-1,1,8.3565170301267045e+01,-3.6887872361865697e-03,8.3565170382683448e+01,-4.4142640055562504e-05,6.9831377010869128e+03,2.2967440256595403e-01,4,9.8856425618426891e-01
max_c_ep_mixing_angles_polarization_04_local_minimum_969,C_e_p,polarization_cluster_04_local_minimum_969,cos(alpha_e)|+>+sin(alpha_e)|-> tensor cos(alpha_p)|+>+sin(alpha_p)|->,2.1058420784093501e+00,2.5980455520048729e+00,p_gamma_lepton,|-1-1-1>,0,-1,-1,-1,8.1842210253891338e+01,-8.7086851067298323e-03,8.1842210717229236e+01,-1.0640823417213511e-04,6.6981474550833518e+03,2.6738402714020232e-01,1,9.9074860512264906e-01
max_c_ep_mixing_angles_polarization_04_local_minimum_969,C_e_p,polarization_cluster_04_local_minimum_969,cos(alpha_e)|+>+sin(alpha_e)|-> tensor cos(alpha_p)|+>+sin(alpha_p)|->,2.1058420784093501e+00,2.5980455520048729e+00,p_gamma_lepton,|+1-1+1>,6,1,1,-1,8.1500682193437655e+01,7.9649502041106296e-03,8.1500682582639499e+01,9.7728632011309915e-05,6.6423612614361573e+03,2.6515709242187363e-01,2,9.9074860512264906e-01
max_c_ep_mixing_angles_polarization_04_local_minimum_969,C_e_p,polarization_cluster_04_local_minimum_969,cos(alpha_e)|+>+sin(alpha_e)|-> tensor cos(alpha_p)|+>+sin(alpha_p)|->,2.1058420784093501e+00,2.5980455520048729e+00,p_gamma_lepton,|+1+1+1>,7,1,1,1,7.5937292895905614e+01,8.5639420906096601e-03,7.5937293378811319e+01,1.1277649923657560e-04,5.7664725256996617e+03,2.3019240120561399e-01,3,9.9074860512264906e-01
max_c_ep_mixing_angles_polarization_04_local_minimum_969,C_e_p,polarization_cluster_04_local_minimum_969,cos(alpha_e)|+>+sin(alpha_e)|-> tensor cos(alpha_p)|+>+sin(alpha_p)|->,2.1058420784093501e+00,2.5980455520048729e+00,p_gamma_lepton,|-1+1-1>,1,-1,-1,1,7.5577306575168535e+01,-4.8407569886163649e-03,7.5577306730194749e+01,-6.4050403505477253e-05,5.7119292925899408e+03,2.2801508435495912e-01,4,9.9074860512264906e-01
max_c_ep_mixing_angles_polarization_04_local_minimum_979,C_e_p,polarization_cluster_04_local_minimum_979,cos(alpha_e)|+>+sin(alpha_e)|-> tensor cos(alpha_p)|+>+sin(alpha_p)|->,1.8307550976957381e+00,2.4810241697868536e+00,p_gamma_lepton,|-1-1-1>,0,-1,-1,-1,-1.4520268806002887e+00,-2.3545864732518957e-03,1.4520287896812740e+00,-3.1399710690028368e+00,2.1083876060632654e+00,4.4793839697510968e-01,1,9.9827614507303075e-01
max_c_ep_mixing_angles_polarization_04_local_minimum_979,C_e_p,polarization_cluster_04_local_minimum_979,cos(alpha_e)|+>+sin(alpha_e)|-> tensor cos(alpha_p)|+>+sin(alpha_p)|->,1.8307550976957381e+00,2.4810241697868536e+00,p_gamma_lepton,|+1-1+1>,6,1,1,-1,-1.4518809605094887e+00,2.2943148596918563e-03,1.4518827732880608e+00,3.1400124186997767e+00,2.1079635873706311e+00,4.4784831190113189e-01,2,9.9827614507303075e-01
max_c_ep_mixing_angles_polarization_04_local_minimum_979,C_e_p,polarization_cluster_04_local_minimum_979,cos(alpha_e)|+>+sin(alpha_e)|-> tensor cos(alpha_p)|+>+sin(alpha_p)|->,1.8307550976957381e+00,2.4810241697868536e+00,p_gamma_lepton,|+1+1+1>,7,1,1,1,-4.9127889168138167e-01,7.6981328056700306e-04,4.9127949481346533e-01,3.1400256970941092e+00,2.4135554202417375e-01,5.1277295637889006e-02,3,9.9827614507303075e-01
max_c_ep_mixing_angles_polarization_04_local_minimum_979,C_e_p,polarization_cluster_04_local_minimum_979,cos(alpha_e)|+>+sin(alpha_e)|-> tensor cos(alpha_p)|+>+sin(alpha_p)|->,1.8307550976957381e+00,2.4810241697868536e+00,p_gamma_lepton,|-1+1-1>,1,-1,-1,1,-4.9096660638806172e-01,-8.1054173642490935e-04,4.9096727545338137e-01,-3.1399417449750286e+00,2.4104886556611646e-01,5.1212140558900145e-02,4,9.9827614507303075e-01
max_c_ep_mixing_angles_polarization_04_local_minimum_980,C_e_p,polarization_cluster_04_local_minimum_980,cos(alpha_e)|+>+sin(alpha_e)|-> tensor cos(alpha_p)|+>+sin(alpha_p)|->,2.5580526301964590e+00,2.2170467558575981e+00,p_gamma_lepton,|+1+1+1>,7,1,1,1,3.4084700026384944e+01,-1.8940041561376021e-03,3.4084700079007554e+01,-5.5567575854328996e-05,1.1617667794758975e+03,2.8230892683066988e-01,1,9.9964434669239288e-01
max_c_ep_mixing_angles_polarization_04_local_minimum_980,C_e_p,polarization_cluster_04_local_minimum_980,cos(alpha_e)|+>+sin(alpha_e)|-> tensor cos(alpha_p)|+>+sin(alpha_p)|->,2.5580526301964590e+00,2.2170467558575981e+00,p_gamma_lepton,|-1+1-1>,1,-1,-1,1,3.4068926454374626e+01,3.7197791487154188e-03,3.4068926657444671e+01,1.0918392567830551e-04,1.1606917635903435e+03,2.8204769834115018e-01,2,9.9964434669239288e-01
max_c_ep_mixing_angles_polarization_04_local_minimum_980,C_e_p,polarization_cluster_04_local_minimum_980,cos(alpha_e)|+>+sin(alpha_e)|-> tensor cos(alpha_p)|+>+sin(alpha_p)|->,2.5580526301964590e+00,2.2170467558575981e+00,p_gamma_lepton,|-1-1-1>,0,-1,-1,-1,2.9936666270893912e+01,1.5219461087187750e-03,2.9936666309580918e+01,5.0838864075098876e-05,8.9620398973119700e+02,2.1777726048985196e-01,3,9.9964434669239288e-01
max_c_ep_mixing_angles_polarization_04_local_minimum_980,C_e_p,polarization_cluster_04_local_minimum_980,cos(alpha_e)|+>+sin(alpha_e)|-> tensor cos(alpha_p)|+>+sin(alpha_p)|->,2.5580526301964590e+00,2.2170467558575981e+00,p_gamma_lepton,|+1-1+1>,6,1,1,-1,2.9918322879132607e+01,-2.0278592570414210e-03,2.9918322947856598e+01,-6.7779843881236025e-05,8.9510604801224270e+02,2.1751046103072089e-01,4,9.9964434669239288e-01
max_c_ep_mixing_angles_polarization_04_local_minimum_983,C_e_p,polarization_cluster_04_local_minimum_983,cos(alpha_e)|+>+sin(alpha_e)|-> tensor cos(alpha_p)|+>+sin(alpha_p)|->,1.9945755279845727e+00,2.7471366733642233e+00,p_gamma_lepton,|-1-1-1>,0,-1,-1,-1,8.8718029590778940e+01,-1.8951629663816808e-02,8.8718031614968751e+01,-2.1361643696288503e-04,7.8708891336345951e+03,2.5488482357260983e-01,1,9.7552586086308257e-01
max_c_ep_mixing_angles_polarization_04_local_minimum_983,C_e_p,polarization_cluster_04_local_minimum_983,cos(alpha_e)|+>+sin(alpha_e)|-> tensor cos(alpha_p)|+>+sin(alpha_p)|->,1.9945755279845727e+00,2.7471366733642233e+00,p_gamma_lepton,|+1-1+1>,6,1,1,-1,8.8313011760584089e+01,1.7534609056095645e-02,8.8313013501338403e+01,1.9855068325846706e-04,7.7991883536875794e+03,2.5256292062917779e-01,2,9.7552586086308257e-01
max_c_ep_mixing_angles_polarization_04_local_minimum_983,C_e_p,polarization_cluster_04_local_minimum_983,cos(alpha_e)|+>+sin(alpha_e)|-> tensor cos(alpha_p)|+>+sin(alpha_p)|->,1.9945755279845727e+00,2.7471366733642233e+00,p_gamma_lepton,|+1+1+1>,7,1,1,1,8.5223405270837830e+01,1.9443800868610188e-02,8.5223407488898630e+01,2.2815094596900741e-04,7.2630291840188629e+03,2.3520035420909383e-01,3,9.7552586086308257e-01
max_c_ep_mixing_angles_polarization_04_local_minimum_983,C_e_p,polarization_cluster_04_local_minimum_983,cos(alpha_e)|+>+sin(alpha_e)|-> tensor cos(alpha_p)|+>+sin(alpha_p)|->,1.9945755279845727e+00,2.7471366733642233e+00,p_gamma_lepton,|-1+1-1>,1,-1,-1,1,8.4801573712874230e+01,-1.5139630704685584e-02,8.4801575064313866e+01,-1.7853006590535408e-04,7.1913071333884591e+03,2.3287776245220110e-01,4,9.7552586086308257e-01
max_c_ep_mixing_angles_polarization_04_local_minimum_984,C_e_p,polarization_cluster_04_local_minimum_984,cos(alpha_e)|+>+sin(alpha_e)|-> tensor cos(alpha_p)|+>+sin(alpha_p)|->,2.1298775128593963e+00,2.5651149219738740e+00,p_gamma_lepton,|-1-1-1>,0,-1,-1,-1,7.6236225843584833e+01,1.3011944076256304e-02,7.6236226954019443e+01,1.7067927754714686e-04,5.8119623001847631e+03,2.7057057282905012e-01,1,9.9242809531288578e-01
max_c_ep_mixing_angles_polarization_04_local_minimum_984,C_e_p,polarization_cluster_04_local_minimum_984,cos(alpha_e)|+>+sin(alpha_e)|-> tensor cos(alpha_p)|+>+sin(alpha_p)|->,2.1298775128593963e+00,2.5651149219738740e+00,p_gamma_lepton,|+1-1+1>,6,1,1,-1,7.5917900733322426e+01,-1.2120082325798320e-02,7.5917901700791191e+01,-1.5964722556546340e-04,5.7635277986509918e+03,2.6831574904530575e-01,2,9.9242809531288578e-01
max_c_ep_mixing_angles_polarization_04_local_minimum_984,C_e_p,polarization_cluster_04_local_minimum_984,cos(alpha_e)|+>+sin(alpha_e)|-> tensor cos(alpha_p)|+>+sin(alpha_p)|->,2.1298775128593963e+00,2.5651149219738740e+00,p_gamma_lepton,|+1+1+1>,7,1,1,1,6.9963875633391623e+01,-1.2744472548652868e-02,6.9963876794144781e+01,-1.8215789637602759e-04,4.8949440560662706e+03,2.2787962977218573e-01,3,9.9242809531288578e-01
max_c_ep_mixing_angles_polarization_04_local_minimum_984,C_e_p,polarization_cluster_04_local_minimum_984,cos(alpha_e)|+>+sin(alpha_e)|-> tensor cos(alpha_p)|+>+sin(alpha_p)|->,2.1298775128593963e+00,2.5651149219738740e+00,p_gamma_lepton,|-1+1-1>,1,-1,-1,1,6.9622636220949943e+01,1.0401025252602012e-02,6.9622636997861960e+01,1.4939142985361808e-04,4.8473115825360574e+03,2.2566214366634421e-01,4,9.9242809531288578e-01
max_c_ep_mixing_angles_polarization_04_local_minimum_988,C_e_p,polarization_cluster_04_local_minimum_988,cos(alpha_e)|+>+sin(alpha_e)|-> tensor cos(alpha_p)|+>+sin(alpha_p)|->,2.1893880460774193e+00,2.4393781558139942e+00,p_gamma_lepton,|-1-1-1>,0,-1,-1,-1,-2.1443282149052344e+01,2.4024940659637542e-03,2.1443282283639430e+01,3.1414806141156486e+00,4.5981435509584452e+02,2.9428677986113194e-01,1,9.9929710604712807e-01
max_c_ep_mixing_angles_polarization_04_local_minimum_988,C_e_p,polarization_cluster_04_local_minimum_988,cos(alpha_e)|+>+sin(alpha_e)|-> tensor cos(alpha_p)|+>+sin(alpha_p)|->,2.1893880460774193e+00,2.4393781558139942e+00,p_gamma_lepton,|+1-1+1>,6,1,1,-1,-2.1410084889382851e+01,-2.8716199567671448e-03,2.1410085081960347e+01,-3.1414585289492614e+00,4.5839174321678098e+02,2.9337629095568113e-01,2,9.9929710604712807e-01
max_c_ep_mixing_angles_polarization_04_local_minimum_988,C_e_p,polarization_cluster_04_local_minimum_988,cos(alpha_e)|+>+sin(alpha_e)|-> tensor cos(alpha_p)|+>+sin(alpha_p)|->,2.1893880460774193e+00,2.4393781558139942e+00,p_gamma_lepton,|+1+1+1>,7,1,1,1,-1.7951521308307274e+01,-1.8709887634904294e-03,1.7951521405808730e+01,-3.1414884290661673e+00,3.2225712078320907e+02,2.0624847682896433e-01,3,9.9929710604712807e-01
max_c_ep_mixing_angles_polarization_04_local_minimum_988,C_e_p,polarization_cluster_04_local_minimum_988,cos(alpha_e)|+>+sin(alpha_e)|-> tensor cos(alpha_p)|+>+sin(alpha_p)|->,2.1893880460774193e+00,2.4393781558139942e+00,p_gamma_lepton,|-1+1-1>,1,-1,-1,1,-1.7913928414750146e+01,2.2615114935032594e-03,1.7913928557500359e+01,3.1414664103990688e+00,3.2090883636322690e+02,2.0538555840135067e-01,4,9.9929710604712807e-01
max_c_ep_mixing_angles_polarization_04_local_minimum_991,C_e_p,polarization_cluster_04_local_minimum_991,cos(alpha_e)|+>+sin(alpha_e)|-> tensor cos(alpha_p)|+>+sin(alpha_p)|->,2.8602728476321064e+00,1.8635735472990158e+00,p_gamma_lepton,|+1+1+1>,7,1,1,1,-2.1759023494421019e+01,-3.5090112596885157e-03,2.1759023777364781e+01,-3.1414313866455221e+00,4.7345511574392594e+02,2.5417846168046787e-01,1,9.7821843241460560e-01
max_c_ep_mixing_angles_polarization_04_local_minimum_991,C_e_p,polarization_cluster_04_local_minimum_991,cos(alpha_e)|+>+sin(alpha_e)|-> tensor cos(alpha_p)|+>+sin(alpha_p)|->,2.8602728476321064e+00,1.8635735472990158e+00,p_gamma_lepton,|-1+1-1>,1,-1,-1,1,-2.1693316817205208e+01,3.6924669345620048e-03,2.1693317131456645e+01,3.1414224414027858e+00,4.7060000816595038e+02,2.5264567255649401e-01,2,9.7821843241460560e-01
max_c_ep_mixing_angles_polarization_04_local_minimum_991,C_e_p,polarization_cluster_04_local_minimum_991,cos(alpha_e)|+>+sin(alpha_e)|-> tensor cos(alpha_p)|+>+sin(alpha_p)|->,2.8602728476321064e+00,1.8635735472990158e+00,p_gamma_lepton,|-1-1-1>,0,-1,-1,-1,-2.0986446275453897e+01,3.8650089882607788e-03,2.0986446631357278e+01,3.1414084866806444e+00,4.4043094221080725e+02,2.3644914933852043e-01,3,9.7821843241460560e-01
max_c_ep_mixing_angles_polarization_04_local_minimum_991,C_e_p,polarization_cluster_04_local_minimum_991,cos(alpha_e)|+>+sin(alpha_e)|-> tensor cos(alpha_p)|+>+sin(alpha_p)|->,2.8602728476321064e+00,1.8635735472990158e+00,p_gamma_lepton,|+1-1+1>,6,1,1,-1,-2.0919594810066798e+01,-3.4401743351056288e-03,2.0919595092930770e+01,-3.1414282061262870e+00,4.3762945885217329e+02,2.3494514883912326e-01,4,9.7821843241460560e-01
max_c_ep_mixing_angles_polarization_04_local_minimum_992,C_e_p,polarization_cluster_04_local_minimum_992,cos(alpha_e)|+>+sin(alpha_e)|-> tensor cos(alpha_p)|+>+sin(alpha_p)|->,3.0341784679436627e+00,1.6975254737380638e+00,p_gamma_lepton,|+1+1+1>,7,1,1,1,6.2210731003763253e-01,3.0560001493503777e-03,6.2211481604216101e-01,4.9122965104345636e-03,3.8702684433917195e-01,2.9879559078784340e-01,1,9.7294137191763730e-01
max_c_ep_mixing_angles_polarization_04_local_minimum_992,C_e_p,polarization_cluster_04_local_minimum_992,cos(alpha_e)|+>+sin(alpha_e)|-> tensor cos(alpha_p)|+>+sin(alpha_p)|->,3.0341784679436627e+00,1.6975254737380638e+00,p_gamma_lepton,|-1+1-1>,1,-1,-1,1,6.2189298232266899e-01,-6.4440574764536437e-04,6.2189331618932120e-01,-1.0362000140338172e-03,3.8675129672095104e-01,2.9858286028973785e-01,2,9.7294137191763730e-01
max_c_ep_mixing_angles_polarization_04_local_minimum_992,C_e_p,polarization_cluster_04_local_minimum_992,cos(alpha_e)|+>+sin(alpha_e)|-> tensor cos(alpha_p)|+>+sin(alpha_p)|->,3.0341784679436627e+00,1.6975254737380638e+00,p_gamma_lepton,|-1-1-1>,0,-1,-1,-1,4.5898282574620713e-01,-2.0514080418484295e-03,4.5898741007235405e-01,-4.4694360381557288e-03,2.1066944260492729e-01,1.6264272487755671e-01,3,9.7294137191763730e-01
max_c_ep_mixing_angles_polarization_04_local_minimum_992,C_e_p,polarization_cluster_04_local_minimum_992,cos(alpha_e)|+>+sin(alpha_e)|-> tensor cos(alpha_p)|+>+sin(alpha_p)|->,3.0341784679436627e+00,1.6975254737380638e+00,p_gamma_lepton,|+1-1+1>,6,1,1,-1,4.5751139608138303e-01,3.3906013836139978e-03,4.5752395972460141e-01,7.4108302904784566e-03,2.0932817372207871e-01,1.6160722763978663e-01,4,9.7294137191763730e-01
max_c_ep_mixing_angles_polarization_04_local_minimum_992,C_e_p,polarization_cluster_04_local_minimum_992,cos(alpha_e)|+>+sin(alpha_e)|-> tensor cos(alpha_p)|+>+sin(alpha_p)|->,3.0341784679436627e+00,1.6975254737380638e+00,p_gamma_lepton,|+1+1-1>,3,-1,1,1,-1.8279417599816525e-01,-3.5625984769899259e-04,1.8279452316720898e-01,-3.1396436888885191e+00,3.3413837699927292e-02,2.5796420899655909e-02,5,9.7294137191763730e-01
max_c_ep_mixing_angles_polarization_04_local_minimum_992,C_e_p,polarization_cluster_04_local_minimum_992,cos(alpha_e)|+>+sin(alpha_e)|-> tensor cos(alpha_p)|+>+sin(alpha_p)|->,3.0341784679436627e+00,1.6975254737380638e+00,p_gamma_lepton,|-1+1+1>,5,1,-1,1,1.8179997219552413e-01,-3.0097254711219229e-04,1.8180022132760856e-01,-1.6555133013305726e-03,3.3051320474767457e-02,2.5516547423056757e-02,6,9.7294137191763730e-01
max_c_ep_mixing_angles_polarization_04_local_minimum_993,C_e_p,polarization_cluster_04_local_minimum_993,cos(alpha_e)|+>+sin(alpha_e)|-> tensor cos(alpha_p)|+>+sin(alpha_p)|->,3.0268443450254554e+00,1.7697692689816775e+00,p_gamma_lepton,|+1+1+1>,7,1,1,1,-2.3158418429096016e-02,-6.4182748729076589e-02,6.8232965482652716e-02,-1.9170776249374044e+00,4.6557375785568770e-03,3.7837860956476949e-01,1,9.9998070966808683e-01
max_c_ep_mixing_angles_polarization_04_local_minimum_993,C_e_p,polarization_cluster_04_local_minimum_993,cos(alpha_e)|+>+sin(alpha_e)|-> tensor cos(alpha_p)|+>+sin(alpha_p)|->,3.0268443450254554e+00,1.7697692689816775e+00,p_gamma_lepton,|-1+1-1>,1,-1,-1,1,-2.3155701427956071e-02,6.4168862828019674e-02,6.8218981707893089e-02,1.9171092463668229e+00,4.6538294652618498e-03,3.7822353440357709e-01,2,9.9998070966808683e-01
max_c_ep_mixing_angles_polarization_04_local_minimum_993,C_e_p,polarization_cluster_04_local_minimum_993,cos(alpha_e)|+>+sin(alpha_e)|-> tensor cos(alpha_p)|+>+sin(alpha_p)|->,3.0268443450254554e+00,1.7697692689816775e+00,p_gamma_lepton,|-1-1-1>,0,-1,-1,-1,-1.3137706110689274e-02,3.6411886759855717e-02,3.8709492624721890e-02,1.9170671681241984e+00,1.4984248192633979e-03,1.2177917893430065e-01,3,9.9998070966808683e-01
max_c_ep_mixing_angles_polarization_04_local_minimum_993,C_e_p,polarization_cluster_04_local_minimum_993,cos(alpha_e)|+>+sin(alpha_e)|-> tensor cos(alpha_p)|+>+sin(alpha_p)|->,3.0268443450254554e+00,1.7697692689816775e+00,p_gamma_lepton,|+1-1+1>,6,1,1,-1,-1.3128367463783749e-02,-3.6384866974086695e-02,3.8680907137580427e-02,-1.9170771461302760e+00,1.4962125769861204e-03,1.2159938676543959e-01,4,9.9998070966808683e-01
max_c_ep_mixing_angles_polarization_04_local_minimum_999,C_e_p,polarization_cluster_04_local_minimum_999,cos(alpha_e)|+>+sin(alpha_e)|-> tensor cos(alpha_p)|+>+sin(alpha_p)|->,2.2164856868231544e+00,2.8968286427844920e+00,p_gamma_lepton,|+1+1+1>,7,1,1,1,3.8141145845025642e+02,5.8209084170932401e-02,3.8141146289204414e+02,1.5261493179970085e-04,1.4547470402544917e+05,2.3549743244055724e-01,1,9.4056949236038823e-01
max_c_ep_mixing_angles_polarization_04_local_minimum_999,C_e_p,polarization_cluster_04_local_minimum_999,cos(alpha_e)|+>+sin(alpha_e)|-> tensor cos(alpha_p)|+>+sin(alpha_p)|->,2.2164856868231544e+00,2.8968286427844920e+00,p_gamma_lepton,|-1-1-1>,0,-1,-1,-1,3.8125783863696108e+02,-6.0174126029221058e-02,3.8125784338561812e+02,-1.5783052682849709e-04,1.4535754314305252e+05,2.3530777000287284e-01,2,9.4056949236038823e-01
max_c_ep_mixing_angles_polarization_04_local_minimum_999,C_e_p,polarization_cluster_04_local_minimum_999,cos(alpha_e)|+>+sin(alpha_e)|-> tensor cos(alpha_p)|+>+sin(alpha_p)|->,2.2164856868231544e+00,2.8968286427844920e+00,p_gamma_lepton,|-1+1-1>,1,-1,-1,1,3.8099140914972793e+02,6.2533117176786033e-03,3.8099140920104657e+02,1.6413261734884793e-05,1.4515445388499930e+05,2.3497900494953802e-01,3,9.4056949236038823e-01
max_c_ep_mixing_angles_polarization_04_local_minimum_999,C_e_p,polarization_cluster_04_local_minimum_999,cos(alpha_e)|+>+sin(alpha_e)|-> tensor cos(alpha_p)|+>+sin(alpha_p)|->,2.2164856868231544e+00,2.8968286427844920e+00,p_gamma_lepton,|+1-1+1>,6,1,1,-1,3.8083432947018002e+02,4.1953192304841173e-03,3.8083432949328812e+02,1.1016126713552776e-05,1.4503478652060230e+05,2.3478528496742010e-01,4,9.4056949236038823e-01
max_c_ep_mixing_angles_polarization_04_local_minimum_1002,C_e_p,polarization_cluster_04_local_minimum_1002,cos(alpha_e)|+>+sin(alpha_e)|-> tensor cos(alpha_p)|+>+sin(alpha_p)|->,1.7472594960405226e+00,2.9744116475504248e+00,p_gamma_lepton,|+1-1+1>,6,1,1,-1,-2.9575221583517251e+00,3.6946759979532826e-04,2.9575221814295416e+00,3.1414677288798192e+00,8.7469374536477513e+00,2.6094094256109579e-01,1,9.9943458230082938e-01
max_c_ep_mixing_angles_polarization_04_local_minimum_1002,C_e_p,polarization_cluster_04_local_minimum_1002,cos(alpha_e)|+>+sin(alpha_e)|-> tensor cos(alpha_p)|+>+sin(alpha_p)|->,1.7472594960405226e+00,2.9744116475504248e+00,p_gamma_lepton,|-1-1-1>,0,-1,-1,-1,-2.9569836556883105e+00,6.4364897669485783e-04,2.9569837257401010e+00,3.1413749828004094e+00,8.7437527542918119e+00,2.6084593577087734e-01,2,9.9943458230082938e-01
max_c_ep_mixing_angles_polarization_04_local_minimum_1002,C_e_p,polarization_cluster_04_local_minimum_1002,cos(alpha_e)|+>+sin(alpha_e)|-> tensor cos(alpha_p)|+>+sin(alpha_p)|->,1.7472594960405226e+00,2.9744116475504248e+00,p_gamma_lepton,|-1+1-1>,1,-1,-1,1,-2.8297516286375646e+00,3.8845117051107596e-04,2.8297516552996771e+00,3.1414553796452744e+00,8.0074944306712617e+00,2.3888168348805364e-01,3,9.9943458230082938e-01
max_c_ep_mixing_angles_polarization_04_local_minimum_1002,C_e_p,polarization_cluster_04_local_minimum_1002,cos(alpha_e)|+>+sin(alpha_e)|-> tensor cos(alpha_p)|+>+sin(alpha_p)|->,1.7472594960405226e+00,2.9744116475504248e+00,p_gamma_lepton,|+1+1+1>,7,1,1,1,-2.8290664532632332e+00,-5.6775143336557825e-04,2.8290665102328543e+00,-3.1413919685104137e+00,8.0036173193211013e+00,2.3876602048080264e-01,4,9.9943458230082938e-01
max_c_ep_mixing_angles_polarization_04_local_minimum_1007,C_e_p,polarization_cluster_04_local_minimum_1007,cos(alpha_e)|+>+sin(alpha_e)|-> tensor cos(alpha_p)|+>+sin(alpha_p)|->,2.1474150467802677e+00,2.8323434011714324e+00,p_gamma_lepton,|-1-1-1>,0,-1,-1,-1,2.9046726090199314e+02,1.4689175822040858e-02,2.9046726127341520e+02,5.0570848376867718e-05,8.4371229871678457e+04,2.4203649709818176e-01,1,9.5155610092281051e-01
max_c_ep_mixing_angles_polarization_04_local_minimum_1007,C_e_p,polarization_cluster_04_local_minimum_1007,cos(alpha_e)|+>+sin(alpha_e)|-> tensor cos(alpha_p)|+>+sin(alpha_p)|->,2.1474150467802677e+00,2.8323434011714324e+00,p_gamma_lepton,|+1-1+1>,6,1,1,-1,2.8954090709518067e+02,5.5180125938302307e-04,2.8954090709570647e+02,1.9057799635923694e-06,8.3833936881804490e+04,2.4049515992220019e-01,2,9.5155610092281051e-01
max_c_ep_mixing_angles_polarization_04_local_minimum_1007,C_e_p,polarization_cluster_04_local_minimum_1007,cos(alpha_e)|+>+sin(alpha_e)|-> tensor cos(alpha_p)|+>+sin(alpha_p)|->,2.1474150467802677e+00,2.8323434011714324e+00,p_gamma_lepton,|+1+1+1>,7,1,1,1,2.8638652758823503e+02,-1.4157824288504152e-02,2.8638652793818864e+02,-4.9436069483431289e-05,8.2017243384490896e+04,2.3528359513809566e-01,3,9.5155610092281051e-01
max_c_ep_mixing_angles_polarization_04_local_minimum_1007,C_e_p,polarization_cluster_04_local_minimum_1007,cos(alpha_e)|+>+sin(alpha_e)|-> tensor cos(alpha_p)|+>+sin(alpha_p)|->,2.1474150467802677e+00,2.8323434011714324e+00,p_gamma_lepton,|-1+1-1>,1,-1,-1,1,2.8544607044474765e+02,-5.6215629597576406e-03,2.8544607050010308e+02,-1.9693958127614163e-05,8.1479459163949810e+04,2.3374084876433288e-01,4,9.5155610092281051e-01
max_c_ep_mixing_angles_polarization_04_local_minimum_1010,C_e_p,polarization_cluster_04_local_minimum_1010,cos(alpha_e)|+>+sin(alpha_e)|-> tensor cos(alpha_p)|+>+sin(alpha_p)|->,3.0257499416579172e+00,1.7040893071944627e+00,p_gamma_lepton,|-1+1-1>,1,-1,-1,1,-5.3058572193100373e-01,-4.8107732313251637e-05,5.3058572411194627e-01,-3.1415019844854561e+00,2.8152121063139823e-01,2.6006630360552579e-01,1,9.9667772053872605e-01
max_c_ep_mixing_angles_polarization_04_local_minimum_1010,C_e_p,polarization_cluster_04_local_minimum_1010,cos(alpha_e)|+>+sin(alpha_e)|-> tensor cos(alpha_p)|+>+sin(alpha_p)|->,3.0257499416579172e+00,1.7040893071944627e+00,p_gamma_lepton,|+1+1+1>,7,1,1,1,-5.3025082952402935e-01,4.0857121554889362e-05,5.3025083109809978e-01,3.1415156011474412e+00,2.8116594388022564e-01,2.5973811195501328e-01,2,9.9667772053872605e-01
max_c_ep_mixing_angles_polarization_04_local_minimum_1010,C_e_p,polarization_cluster_04_local_minimum_1010,cos(alpha_e)|+>+sin(alpha_e)|-> tensor cos(alpha_p)|+>+sin(alpha_p)|->,3.0257499416579172e+00,1.7040893071944627e+00,p_gamma_lepton,|+1-1+1>,6,1,1,-1,-5.0823029268071840e-01,3.6995708270603510e-05,5.0823029402723630e-01,3.1415198603920285e+00,2.5829803176701105e-01,2.3861297768494752e-01,3,9.9667772053872605e-01
max_c_ep_mixing_angles_polarization_04_local_minimum_1010,C_e_p,polarization_cluster_04_local_minimum_1010,cos(alpha_e)|+>+sin(alpha_e)|-> tensor cos(alpha_p)|+>+sin(alpha_p)|->,3.0257499416579172e+00,1.7040893071944627e+00,p_gamma_lepton,|-1-1-1>,0,-1,-1,-1,-5.0785459177143744e-01,-4.5805153422223967e-05,5.0785459383709963e-01,-3.1415024601485206e+00,2.5791628848144543e-01,2.3826032729323951e-01,4,9.9667772053872605e-01
max_c_ep_mixing_angles_polarization_04_local_minimum_1011,C_e_p,polarization_cluster_04_local_minimum_1011,cos(alpha_e)|+>+sin(alpha_e)|-> tensor cos(alpha_p)|+>+sin(alpha_p)|->,2.5773695369698473e+00,1.9456016303138171e+00,p_gamma_lepton,|+1+1+1>,7,1,1,1,-2.4744848158325544e+02,-1.0263862017991933e-02,2.4744848179612171e+02,-3.1415511748062239e+00,6.1230751143205576e+04,2.4970337031037934e-01,1,9.6674755948861568e-01
max_c_ep_mixing_angles_polarization_04_local_minimum_1011,C_e_p,polarization_cluster_04_local_minimum_1011,cos(alpha_e)|+>+sin(alpha_e)|-> tensor cos(alpha_p)|+>+sin(alpha_p)|->,2.5773695369698473e+00,1.9456016303138171e+00,p_gamma_lepton,|-1+1-1>,1,-1,-1,1,-2.4618741302643593e+02,7.6474686895483084e-03,2.4618741314521492e+02,3.1415615899842537e+00,6.0608242391132742e+04,2.4716473522036145e-01,2,9.6674755948861568e-01
max_c_ep_mixing_angles_polarization_04_local_minimum_1011,C_e_p,polarization_cluster_04_local_minimum_1011,cos(alpha_e)|+>+sin(alpha_e)|-> tensor cos(alpha_p)|+>+sin(alpha_p)|->,2.5773695369698473e+00,1.9456016303138171e+00,p_gamma_lepton,|-1-1-1>,0,-1,-1,-1,-2.4068034256541975e+02,9.8875232867695530e-03,2.4068034276851716e+02,3.1415515720325051e+00,5.7927027395170924e+04,2.3623054923507836e-01,3,9.6674755948861568e-01
max_c_ep_mixing_angles_polarization_04_local_minimum_1011,C_e_p,polarization_cluster_04_local_minimum_1011,cos(alpha_e)|+>+sin(alpha_e)|-> tensor cos(alpha_p)|+>+sin(alpha_p)|->,2.5773695369698473e+00,1.9456016303138171e+00,p_gamma_lepton,|+1-1+1>,6,1,1,-1,-2.3936159274360844e+02,-7.1960111135340975e-03,2.3936159285177652e+02,-3.1415625902407451e+00,5.7293972132539646e+04,2.3364890472279648e-01,4,9.6674755948861568e-01
max_c_ep_mixing_angles_polarization_04_local_minimum_1012,C_e_p,polarization_cluster_04_local_minimum_1012,cos(alpha_e)|+>+sin(alpha_e)|-> tensor cos(alpha_p)|+>+sin(alpha_p)|->,1.8728183126409317e+00,2.8415045863946622e+00,p_gamma_lepton,|-1-1-1>,0,-1,-1,-1,3.1994719874359756e+01,-1.4744877451941768e-03,3.1994719908335895e+01,-4.6085346267774270e-05,1.0236621020128650e+03,2.5128784939299681e-01,1,9.7114171823654249e-01
max_c_ep_mixing_angles_polarization_04_local_minimum_1012,C_e_p,polarization_cluster_04_local_minimum_1012,cos(alpha_e)|+>+sin(alpha_e)|-> tensor cos(alpha_p)|+>+sin(alpha_p)|->,1.8728183126409317e+00,2.8415045863946622e+00,p_gamma_lepton,|+1-1+1>,6,1,1,-1,3.1856102644607851e+01,1.3789788670364495e-03,3.1856102674454295e+01,4.3287745571366683e-05,1.0148112776053739e+03,2.4911515527221209e-01,2,9.7114171823654249e-01
max_c_ep_mixing_angles_polarization_04_local_minimum_1012,C_e_p,polarization_cluster_04_local_minimum_1012,cos(alpha_e)|+>+sin(alpha_e)|-> tensor cos(alpha_p)|+>+sin(alpha_p)|->,1.8728183126409317e+00,2.8415045863946622e+00,p_gamma_lepton,|+1+1+1>,7,1,1,1,3.1035055329707156e+01,1.5790280283874041e-03,3.1035055369876723e+01,5.0878853291858548e-05,9.6317466181131397e+02,2.3643943531803260e-01,3,9.7114171823654249e-01
max_c_ep_mixing_angles_polarization_04_local_minimum_1012,C_e_p,polarization_cluster_04_local_minimum_1012,cos(alpha_e)|+>+sin(alpha_e)|-> tensor cos(alpha_p)|+>+sin(alpha_p)|->,1.8728183126409317e+00,2.8415045863946622e+00,p_gamma_lepton,|-1+1-1>,1,-1,-1,1,3.0894277487620712e+01,-9.6665869170344183e-04,3.0894277502743726e+01,-3.1289247394612871e-05,9.5445638241653694e+02,2.3429927825330105e-01,4,9.7114171823654249e-01
max_c_ep_mixing_angles_polarization_04_local_minimum_1019,C_e_p,polarization_cluster_04_local_minimum_1019,cos(alpha_e)|+>+sin(alpha_e)|-> tensor cos(alpha_p)|+>+sin(alpha_p)|->,2.2278817250379506e+00,2.9038329328147818e+00,p_gamma_lepton,|+1+1+1>,7,1,1,1,3.8372342583917680e+02,-1.1357228739817203e-02,3.8372342600724920e+02,-2.9597433911321368e-05,1.4724366766674086e+05,2.3682865372779863e-01,1,9.4052385911414427e-01
max_c_ep_mixing_angles_polarization_04_local_minimum_1019,C_e_p,polarization_cluster_04_local_minimum_1019,cos(alpha_e)|+>+sin(alpha_e)|-> tensor cos(alpha_p)|+>+sin(alpha_p)|->,2.2278817250379506e+00,2.9038329328147818e+00,p_gamma_lepton,|-1+1-1>,1,-1,-1,1,3.8325903362762580e+02,-4.1001120606898880e-02,3.8325903582077945e+02,-1.0698018012099763e-04,1.4688748853827349e+05,2.3625577052801455e-01,2,9.4052385911414427e-01
max_c_ep_mixing_angles_polarization_04_local_minimum_1019,C_e_p,polarization_cluster_04_local_minimum_1019,cos(alpha_e)|+>+sin(alpha_e)|-> tensor cos(alpha_p)|+>+sin(alpha_p)|->,2.2278817250379506e+00,2.9038329328147818e+00,p_gamma_lepton,|-1-1-1>,0,-1,-1,-1,3.8141869747877661e+02,1.1028459205862887e-02,3.8141869763821677e+02,2.8914311950853286e-05,1.4548022290803344e+05,2.3399230595987111e-01,3,9.4052385911414427e-01
max_c_ep_mixing_angles_polarization_04_local_minimum_1019,C_e_p,polarization_cluster_04_local_minimum_1019,cos(alpha_e)|+>+sin(alpha_e)|-> tensor cos(alpha_p)|+>+sin(alpha_p)|->,2.2278817250379506e+00,2.9038329328147818e+00,p_gamma_lepton,|+1-1+1>,6,1,1,-1,3.8097410490310966e+02,3.0534187418897917e-02,3.8097410612673167e+02,8.0147671352317099e-05,1.4514126953906220e+05,2.3344712889845992e-01,4,9.4052385911414427e-01
max_c_ep_mixing_angles_polarization_04_local_minimum_1020,C_e_p,polarization_cluster_04_local_minimum_1020,cos(alpha_e)|+>+sin(alpha_e)|-> tensor cos(alpha_p)|+>+sin(alpha_p)|->,2.8178120329723266e+00,1.8819644863540261e+00,p_gamma_lepton,|+1+1+1>,7,1,1,1,-4.4988549772020129e+01,-7.9141099790598591e-04,4.4988549778981138e+01,-3.1415750622026106e+00,2.0239696112158638e+03,2.5025218010692873e-01,1,9.6729385576926363e-01
max_c_ep_mixing_angles_polarization_04_local_minimum_1020,C_e_p,polarization_cluster_04_local_minimum_1020,cos(alpha_e)|+>+sin(alpha_e)|-> tensor cos(alpha_p)|+>+sin(alpha_p)|->,2.8178120329723266e+00,1.8819644863540261e+00,p_gamma_lepton,|-1+1-1>,1,-1,-1,1,-4.4857696313945496e+01,1.8758588785506227e-03,4.4857696353167825e+01,3.1415508355957455e+00,2.0122129221130060e+03,2.4879853324260545e-01,2,9.6729385576926363e-01
max_c_ep_mixing_angles_polarization_04_local_minimum_1020,C_e_p,polarization_cluster_04_local_minimum_1020,cos(alpha_e)|+>+sin(alpha_e)|-> tensor cos(alpha_p)|+>+sin(alpha_p)|->,2.8178120329723266e+00,1.8819644863540261e+00,p_gamma_lepton,|-1-1-1>,0,-1,-1,-1,-4.3583652887342261e+01,1.0360311451452788e-03,4.3583652899656059e+01,3.1415688824949832e+00,1.8995348000776980e+03,2.3486653271580360e-01,3,9.6729385576926363e-01
max_c_ep_mixing_angles_polarization_04_local_minimum_1020,C_e_p,polarization_cluster_04_local_minimum_1020,cos(alpha_e)|+>+sin(alpha_e)|-> tensor cos(alpha_p)|+>+sin(alpha_p)|->,2.8178120329723266e+00,1.8819644863540261e+00,p_gamma_lepton,|+1-1+1>,6,1,1,-1,-4.3445191979217164e+01,-3.6786662706453773e-03,4.3445192134960351e+01,-3.1415079798642491e+00,1.8874847196436201e+03,2.3337660970392582e-01,4,9.6729385576926363e-01
max_c_ep_mixing_angles_polarization_04_local_minimum_1021,C_e_p,polarization_cluster_04_local_minimum_1021,cos(alpha_e)|+>+sin(alpha_e)|-> tensor cos(alpha_p)|+>+sin(alpha_p)|->,1.8451194417982062e+00,2.5809556572779417e+00,p_gamma_lepton,|-1-1-1>,0,-1,-1,-1,1.1946633724591948e+00,-5.4218785984251399e-04,1.1946634954928741e+00,-4.5384150474224054e-04,1.4272208674632525e+00,4.1034795393713341e-01,1,9.9684615928233000e-01
max_c_ep_mixing_angles_polarization_04_local_minimum_1021,C_e_p,polarization_cluster_04_local_minimum_1021,cos(alpha_e)|+>+sin(alpha_e)|-> tensor cos(alpha_p)|+>+sin(alpha_p)|->,1.8451194417982062e+00,2.5809556572779417e+00,p_gamma_lepton,|+1-1+1>,6,1,1,-1,1.1934166357551335e+00,5.5729289368388810e-04,1.1934167658753878e+00,4.6697258650401426e-04,1.4242435770724702e+00,4.0949193715095394e-01,2,9.9684615928233000e-01
max_c_ep_mixing_angles_polarization_04_local_minimum_1021,C_e_p,polarization_cluster_04_local_minimum_1021,cos(alpha_e)|+>+sin(alpha_e)|-> tensor cos(alpha_p)|+>+sin(alpha_p)|->,1.8451194417982062e+00,2.5809556572779417e+00,p_gamma_lepton,|+1+1+1>,7,1,1,1,5.5607293452655504e-01,2.6560442625906435e-04,5.5607299795861842e-01,4.7764311040710895e-04,3.0921717905868562e-01,8.8904695581191032e-02,3,9.9684615928233000e-01
max_c_ep_mixing_angles_polarization_04_local_minimum_1021,C_e_p,polarization_cluster_04_local_minimum_1021,cos(alpha_e)|+>+sin(alpha_e)|-> tensor cos(alpha_p)|+>+sin(alpha_p)|->,1.8451194417982062e+00,2.5809556572779417e+00,p_gamma_lepton,|-1+1-1>,1,-1,-1,1,5.5355559447661817e-01,-2.4727678262851126e-04,5.5355564970666626e-01,-4.4670629047579105e-04,3.0642385732216926e-01,8.8101572613051612e-02,4,9.9684615928233000e-01
max_c_ep_mixing_angles_polarization_04_local_minimum_1024,C_e_p,polarization_cluster_04_local_minimum_1024,cos(alpha_e)|+>+sin(alpha_e)|-> tensor cos(alpha_p)|+>+sin(alpha_p)|->,2.8972371845364919e+00,1.8129646459429447e+00,p_gamma_lepton,|-1+1-1>,1,-1,-1,1,1.2306047057620532e+01,-1.6198720781506783e-02,1.2306057718982384e+01,-1.3163212646439900e-03,1.5143905658292587e+02,2.6105781195881056e-01,1,9.9865145577155046e-01
max_c_ep_mixing_angles_polarization_04_local_minimum_1024,C_e_p,polarization_cluster_04_local_minimum_1024,cos(alpha_e)|+>+sin(alpha_e)|-> tensor cos(alpha_p)|+>+sin(alpha_p)|->,2.8972371845364919e+00,1.8129646459429447e+00,p_gamma_lepton,|+1+1+1>,7,1,1,1,1.2303737303094952e+01,-1.1291580947500665e-02,1.2303742484438242e+01,-9.1773560335944068e-04,1.5138207912337052e+02,2.6095959151780862e-01,2,9.9865145577155046e-01
max_c_ep_mixing_angles_polarization_04_local_minimum_1024,C_e_p,polarization_cluster_04_local_minimum_1024,cos(alpha_e)|+>+sin(alpha_e)|-> tensor cos(alpha_p)|+>+sin(alpha_p)|->,2.8972371845364919e+00,1.8129646459429447e+00,p_gamma_lepton,|+1-1+1>,6,1,1,-1,1.1758821537774478e+01,-2.1491036462876973e-03,1.1758821734165181e+01,-1.8276522145139370e-04,1.3826988857587540e+02,2.3835617697235637e-01,3,9.9865145577155046e-01
max_c_ep_mixing_angles_polarization_04_local_minimum_1024,C_e_p,polarization_cluster_04_local_minimum_1024,cos(alpha_e)|+>+sin(alpha_e)|-> tensor cos(alpha_p)|+>+sin(alpha_p)|->,2.8972371845364919e+00,1.8129646459429447e+00,p_gamma_lepton,|-1-1-1>,0,-1,-1,-1,1.1756885538273377e+01,1.0411665619785323e-02,1.1756890148455186e+01,8.8558001726743831e-04,1.3822446596284260e+02,2.3827787532257488e-01,4,9.9865145577155046e-01
max_c_ep_mixing_angles_polarization_04_local_minimum_1026,C_e_p,polarization_cluster_04_local_minimum_1026,cos(alpha_e)|+>+sin(alpha_e)|-> tensor cos(alpha_p)|+>+sin(alpha_p)|->,2.9858124451042922e+00,1.9418961866154227e+00,p_gamma_lepton,|-1+1-1>,1,-1,-1,1,4.5377496834609315e-01,-4.7648642832281681e-03,4.5379998438644248e-01,-1.0500114598040792e-02,2.0593442582913543e-01,4.3301575300027823e-01,1,9.9848620416106726e-01
max_c_ep_mixing_angles_polarization_04_local_minimum_1026,C_e_p,polarization_cluster_04_local_minimum_1026,cos(alpha_e)|+>+sin(alpha_e)|-> tensor cos(alpha_p)|+>+sin(alpha_p)|->,2.9858124451042922e+00,1.9418961866154227e+00,p_gamma_lepton,|+1+1+1>,7,1,1,1,4.5377656768288432e-01,3.8918670186773147e-03,4.5379325689894334e-01,8.5764049394399557e-03,2.0592832000695033e-01,4.3300291436399618e-01,2,9.9848620416106726e-01
max_c_ep_mixing_angles_polarization_04_local_minimum_1026,C_e_p,polarization_cluster_04_local_minimum_1026,cos(alpha_e)|+>+sin(alpha_e)|-> tensor cos(alpha_p)|+>+sin(alpha_p)|->,2.9858124451042922e+00,1.9418961866154227e+00,p_gamma_lepton,|-1-1-1>,0,-1,-1,-1,1.7753863721535632e-01,-1.4560219889363990e-03,1.7754460764641142e-01,-8.2009717410560859e-03,3.1522087704318170e-02,6.6281101318879224e-02,3,9.9848620416106726e-01
max_c_ep_mixing_angles_polarization_04_local_minimum_1026,C_e_p,polarization_cluster_04_local_minimum_1026,cos(alpha_e)|+>+sin(alpha_e)|-> tensor cos(alpha_p)|+>+sin(alpha_p)|->,2.9858124451042922e+00,1.9418961866154227e+00,p_gamma_lepton,|+1-1+1>,6,1,1,-1,1.7741164641316837e-01,1.4744717876989384e-03,1.7741777348981638e-01,8.3108289120644545e-03,3.1477066350083800e-02,6.6186435477913599e-02,4,9.9848620416106726e-01
max_c_ep_mixing_angles_polarization_04_local_minimum_1030,C_e_p,polarization_cluster_04_local_minimum_1030,cos(alpha_e)|+>+sin(alpha_e)|-> tensor cos(alpha_p)|+>+sin(alpha_p)|->,1.7473031544733750e+00,2.9441299663116838e+00,p_gamma_lepton,|-1-1-1>,0,-1,-1,-1,3.1554925274620635e+00,-5.6072629561020612e-05,3.1554925279602646e+00,-1.7769850211059567e-05,9.9571330940130611e+00,2.5635975405525208e-01,1,9.8844854330881038e-01
max_c_ep_mixing_angles_polarization_04_local_minimum_1030,C_e_p,polarization_cluster_04_local_minimum_1030,cos(alpha_e)|+>+sin(alpha_e)|-> tensor cos(alpha_p)|+>+sin(alpha_p)|->,1.7473031544733750e+00,2.9441299663116838e+00,p_gamma_lepton,|+1-1+1>,6,1,1,-1,3.1447298802625250e+00,6.1577418830769054e-05,3.1447298808654032e+00,1.9581147242369347e-05,9.8893260236077332e+00,2.5461397003005221e-01,2,9.8844854330881038e-01
max_c_ep_mixing_angles_polarization_04_local_minimum_1030,C_e_p,polarization_cluster_04_local_minimum_1030,cos(alpha_e)|+>+sin(alpha_e)|-> tensor cos(alpha_p)|+>+sin(alpha_p)|->,1.7473031544733750e+00,2.9441299663116838e+00,p_gamma_lepton,|+1+1+1>,7,1,1,1,3.0506405826995553e+00,6.4743045905926399e-05,3.0506405833865688e+00,2.1222770805374306e-05,9.3064079690051429e+00,2.3960596243375543e-01,3,9.8844854330881038e-01
max_c_ep_mixing_angles_polarization_04_local_minimum_1030,C_e_p,polarization_cluster_04_local_minimum_1030,cos(alpha_e)|+>+sin(alpha_e)|-> tensor cos(alpha_p)|+>+sin(alpha_p)|->,1.7473031544733750e+00,2.9441299663116838e+00,p_gamma_lepton,|-1+1-1>,1,-1,-1,1,3.0395621342430212e+00,-5.5426267141204131e-05,3.0395621347483686e+00,-1.8234951182817086e-05,9.2389379709960586e+00,2.3786885678975062e-01,4,9.8844854330881038e-01
max_c_ep_mixing_angles_polarization_04_local_minimum_1031,C_e_p,polarization_cluster_04_local_minimum_1031,cos(alpha_e)|+>+sin(alpha_e)|-> tensor cos(alpha_p)|+>+sin(alpha_p)|->,2.2096361332668035e+00,2.3691321400243806e+00,p_gamma_lepton,|-1-1-1>,0,-1,-1,-1,-1.1408044361722835e+01,1.2893209662720266e-04,1.1408044362451422e+01,3.1415813517318645e+00,1.3014347617565969e+02,3.1900746753408665e-01,1,9.9905401601967658e-01
max_c_ep_mixing_angles_polarization_04_local_minimum_1031,C_e_p,polarization_cluster_04_local_minimum_1031,cos(alpha_e)|+>+sin(alpha_e)|-> tensor cos(alpha_p)|+>+sin(alpha_p)|->,2.2096361332668035e+00,2.3691321400243806e+00,p_gamma_lepton,|+1-1+1>,6,1,1,-1,-1.1375878768916108e+01,2.1561544931887212e-04,1.1375878770959467e+01,3.1415736998497197e+00,1.2941061781156628e+02,3.1721108635801404e-01,2,9.9905401601967658e-01
max_c_ep_mixing_angles_polarization_04_local_minimum_1031,C_e_p,polarization_cluster_04_local_minimum_1031,cos(alpha_e)|+>+sin(alpha_e)|-> tensor cos(alpha_p)|+>+sin(alpha_p)|->,2.2096361332668035e+00,2.3691321400243806e+00,p_gamma_lepton,|+1+1+1>,7,1,1,1,-8.6231908322433295e+00,-9.4207091893418643e-05,8.6231908327579294e+00,-3.1415817287368331e+00,7.4359420138160360e+01,1.8226968421805687e-01,3,9.9905401601967658e-01
max_c_ep_mixing_angles_polarization_04_local_minimum_1031,C_e_p,polarization_cluster_04_local_minimum_1031,cos(alpha_e)|+>+sin(alpha_e)|-> tensor cos(alpha_p)|+>+sin(alpha_p)|->,2.2096361332668035e+00,2.3691321400243806e+00,p_gamma_lepton,|-1+1-1>,1,-1,-1,1,-8.5827902301075518e+00,1.7854034071054144e-04,8.5827902319645624e+00,3.1415718514571651e+00,7.3664288165906271e+01,1.8056577790951903e-01,4,9.9905401601967658e-01
max_c_ep_mixing_angles_polarization_04_local_minimum_1034,C_e_p,polarization_cluster_04_local_minimum_1034,cos(alpha_e)|+>+sin(alpha_e)|-> tensor cos(alpha_p)|+>+sin(alpha_p)|->,2.2019507240200200e+00,2.3976163597830342e+00,p_gamma_lepton,|-1-1-1>,0,-1,-1,-1,-1.6464774617328995e+01,1.0881819226805694e-03,1.6464774653288792e+01,3.1415265620734263e+00,2.7108880438358108e+02,3.0796742571572105e-01,1,9.9911320851303365e-01
max_c_ep_mixing_angles_polarization_04_local_minimum_1034,C_e_p,polarization_cluster_04_local_minimum_1034,cos(alpha_e)|+>+sin(alpha_e)|-> tensor cos(alpha_p)|+>+sin(alpha_p)|->,2.2019507240200200e+00,2.3976163597830342e+00,p_gamma_lepton,|+1-1+1>,6,1,1,-1,-1.6422965304173538e+01,-1.6405817327759362e-03,1.6422965386116974e+01,-3.1414927580047429e+00,2.6971379207359615e+02,3.0640535825079435e-01,2,9.9911320851303365e-01
max_c_ep_mixing_angles_polarization_04_local_minimum_1034,C_e_p,polarization_cluster_04_local_minimum_1034,cos(alpha_e)|+>+sin(alpha_e)|-> tensor cos(alpha_p)|+>+sin(alpha_p)|->,2.2019507240200200e+00,2.3976163597830342e+00,p_gamma_lepton,|+1+1+1>,7,1,1,1,-1.3037663025477242e+01,-7.9975136038893009e-04,1.3037663050006264e+01,-3.1415313119706840e+00,1.6998065780549859e+02,1.9310463862518279e-01,3,9.9911320851303365e-01
max_c_ep_mixing_angles_polarization_04_local_minimum_1034,C_e_p,polarization_cluster_04_local_minimum_1034,cos(alpha_e)|+>+sin(alpha_e)|-> tensor cos(alpha_p)|+>+sin(alpha_p)|->,2.2019507240200200e+00,2.3976163597830342e+00,p_gamma_lepton,|-1+1-1>,1,-1,-1,1,-1.2987982793087214e+01,9.4872172325778149e-04,1.2987982827737433e+01,3.1415196074719560e+00,1.6868769793360249e+02,1.9163578592133543e-01,4,9.9911320851303365e-01
max_c_ep_mixing_angles_polarization_04_local_minimum_1043,C_e_p,polarization_cluster_04_local_minimum_1043,cos(alpha_e)|+>+sin(alpha_e)|-> tensor cos(alpha_p)|+>+sin(alpha_p)|->,2.2045127208932689e+00,2.4008422082417114e+00,p_gamma_lepton,|-1-1-1>,0,-1,-1,-1,-2.1049584277096248e+01,6.1867092368656749e-03,2.1049585186267894e+01,3.1412987423667840e+00,4.4308503651394864e+02,3.0337118480632069e-01,1,9.9914740710108585e-01
max_c_ep_mixing_angles_polarization_04_local_minimum_1043,C_e_p,polarization_cluster_04_local_minimum_1043,cos(alpha_e)|+>+sin(alpha_e)|-> tensor cos(alpha_p)|+>+sin(alpha_p)|->,2.2045127208932689e+00,2.4008422082417114e+00,p_gamma_lepton,|+1-1+1>,6,1,1,-1,-2.0994730317934387e+01,-6.5350691114012451e-03,2.0994731335025975e+01,-3.1412813817229308e+00,4.4077874382992155e+02,3.0179211377840204e-01,2,9.9914740710108585e-01
max_c_ep_mixing_angles_polarization_04_local_minimum_1043,C_e_p,polarization_cluster_04_local_minimum_1043,cos(alpha_e)|+>+sin(alpha_e)|-> tensor cos(alpha_p)|+>+sin(alpha_p)|->,2.2045127208932689e+00,2.4008422082417114e+00,p_gamma_lepton,|+1+1+1>,7,1,1,1,-1.6994090719648394e+01,-4.6563702723502838e-03,1.6994091357569658e+01,-3.1413186542195040e+00,2.8879914106942374e+02,1.9773481471320392e-01,3,9.9914740710108585e-01
max_c_ep_mixing_angles_polarization_04_local_minimum_1043,C_e_p,polarization_cluster_04_local_minimum_1043,cos(alpha_e)|+>+sin(alpha_e)|-> tensor cos(alpha_p)|+>+sin(alpha_p)|->,2.2045127208932689e+00,2.4008422082417114e+00,p_gamma_lepton,|-1+1-1>,1,-1,-1,1,-1.6930134295617385e+01,5.8810560504175867e-03,1.6930135317074708e+01,3.1412452815187168e+00,2.8662948185446032e+02,1.9624929380315920e-01,4,9.9914740710108585e-01
max_c_ep_mixing_angles_polarization_04_local_minimum_1046,C_e_p,polarization_cluster_04_local_minimum_1046,cos(alpha_e)|+>+sin(alpha_e)|-> tensor cos(alpha_p)|+>+sin(alpha_p)|->,2.7593327100510110e+00,1.8650459811260247e+00,p_gamma_lepton,|+1+1+1>,7,1,1,1,-9.3668280442834060e+01,-1.2443644387401146e-02,9.3668281269390732e+01,-3.1414598055834526e+00,8.7737469159616940e+03,2.4031772932196332e-01,1,9.4378272125831530e-01
max_c_ep_mixing_angles_polarization_04_local_minimum_1046,C_e_p,polarization_cluster_04_local_minimum_1046,cos(alpha_e)|+>+sin(alpha_e)|-> tensor cos(alpha_p)|+>+sin(alpha_p)|->,2.7593327100510110e+00,1.8650459811260247e+00,p_gamma_lepton,|-1+1-1>,1,-1,-1,1,-9.3355571326008302e+01,5.0376642958047061e-03,9.3355571461929813e+01,3.1415386914724888e+00,8.7152627229834816e+03,2.3871581527174354e-01,2,9.4378272125831530e-01
max_c_ep_mixing_angles_polarization_04_local_minimum_1046,C_e_p,polarization_cluster_04_local_minimum_1046,cos(alpha_e)|+>+sin(alpha_e)|-> tensor cos(alpha_p)|+>+sin(alpha_p)|->,2.7593327100510110e+00,1.8650459811260247e+00,p_gamma_lepton,|-1-1-1>,0,-1,-1,-1,-9.2267278960914936e+01,1.2458548908272476e-02,9.2267279802033485e+01,3.1414576268612189e+00,8.5132509220667362e+03,2.3318260149688147e-01,3,9.4378272125831530e-01
max_c_ep_mixing_angles_polarization_04_local_minimum_1046,C_e_p,polarization_cluster_04_local_minimum_1046,cos(alpha_e)|+>+sin(alpha_e)|-> tensor cos(alpha_p)|+>+sin(alpha_p)|->,2.7593327100510110e+00,1.8650459811260247e+00,p_gamma_lepton,|+1-1+1>,6,1,1,-1,-9.1947003777720255e+01,-9.8181022761810216e-04,9.1947003782962142e+01,-3.1415819755884744e+00,8.4542515046640510e+03,2.3156657516772700e-01,4,9.4378272125831530e-01
max_c_ep_mixing_angles_polarization_04_local_minimum_1047,C_e_p,polarization_cluster_04_local_minimum_1047,cos(alpha_e)|+>+sin(alpha_e)|-> tensor cos(alpha_p)|+>+sin(alpha_p)|->,1.8641599818971348e+00,2.8381490309144959e+00,p_gamma_lepton,|+1-1+1>,6,1,1,-1,-2.8968615696053035e+01,-8.1750710362854376e-02,2.8968731047877384e+01,-3.1387706170036274e+00,8.3918737852425511e+02,2.6119398752250522e-01,1,9.9765471746288292e-01
max_c_ep_mixing_angles_polarization_04_local_minimum_1047,C_e_p,polarization_cluster_04_local_minimum_1047,cos(alpha_e)|+>+sin(alpha_e)|-> tensor cos(alpha_p)|+>+sin(alpha_p)|->,1.8641599818971348e+00,2.8381490309144959e+00,p_gamma_lepton,|-1-1-1>,0,-1,-1,-1,-2.8960663928175752e+01,-3.6943555714034688e-02,2.8960687491616095e+01,-3.1403170082604390e+00,8.3872141998704876e+02,2.6104895964021380e-01,2,9.9765471746288292e-01
max_c_ep_mixing_angles_polarization_04_local_minimum_1047,C_e_p,polarization_cluster_04_local_minimum_1047,cos(alpha_e)|+>+sin(alpha_e)|-> tensor cos(alpha_p)|+>+sin(alpha_p)|->,1.8641599818971348e+00,2.8381490309144959e+00,p_gamma_lepton,|-1+1-1>,1,-1,-1,1,-2.7640482375986426e+01,1.0750276911787229e-02,2.7640484466551413e+01,3.1412037212902950e+00,7.6399638154566992e+02,2.3779106604248243e-01,3,9.9765471746288292e-01
max_c_ep_mixing_angles_polarization_04_local_minimum_1047,C_e_p,polarization_cluster_04_local_minimum_1047,cos(alpha_e)|+>+sin(alpha_e)|-> tensor cos(alpha_p)|+>+sin(alpha_p)|->,1.8641599818971348e+00,2.8381490309144959e+00,p_gamma_lepton,|+1+1+1>,7,1,1,1,-2.7630558715457543e+01,3.5398513674727378e-02,2.7630581390609883e+01,3.1403115179213965e+00,7.6344902798311716e+02,2.3762070425768150e-01,4,9.9765471746288292e-01
max_c_ep_mixing_angles_polarization_04_local_minimum_1053,C_e_p,polarization_cluster_04_local_minimum_1053,cos(alpha_e)|+>+sin(alpha_e)|-> tensor cos(alpha_p)|+>+sin(alpha_p)|->,1.6865438037631983e+00,1.4558904612296717e+00,p_gamma_lepton,|+1-1+1>,6,1,1,-1,-8.2553443493532802e+02,1.2811861725383557e+02,8.3541695179773922e+02,2.9876261698858002e+00,6.9792148335102608e+05,2.5450761709464537e-01,1,9.8767880292262522e-01
max_c_ep_mixing_angles_polarization_04_local_minimum_1053,C_e_p,polarization_cluster_04_local_minimum_1053,cos(alpha_e)|+>+sin(alpha_e)|-> tensor cos(alpha_p)|+>+sin(alpha_p)|->,1.6865438037631983e+00,1.4558904612296717e+00,p_gamma_lepton,|-1-1-1>,0,-1,-1,-1,-8.2062979090826741e+02,-1.2732673469152394e+02,8.3044888529839841e+02,-2.9876627094787764e+00,6.8964535109335242e+05,2.5148960038372942e-01,2,9.8767880292262522e-01
max_c_ep_mixing_angles_polarization_04_local_minimum_1053,C_e_p,polarization_cluster_04_local_minimum_1053,cos(alpha_e)|+>+sin(alpha_e)|-> tensor cos(alpha_p)|+>+sin(alpha_p)|->,1.6865438037631983e+00,1.4558904612296717e+00,p_gamma_lepton,|-1+1-1>,1,-1,-1,1,-8.0559942162455889e+02,-1.2502607722618680e+02,8.1524349007421847e+02,-2.9876246310442802e+00,6.6462194810839219e+05,2.4236443828852836e-01,3,9.8767880292262522e-01
max_c_ep_mixing_angles_polarization_04_local_minimum_1053,C_e_p,polarization_cluster_04_local_minimum_1053,cos(alpha_e)|+>+sin(alpha_e)|-> tensor cos(alpha_p)|+>+sin(alpha_p)|->,1.6865438037631983e+00,1.4558904612296717e+00,p_gamma_lepton,|+1+1+1>,7,1,1,1,-8.0052365816266342e+02,1.2420712951603178e+02,8.1010217769164467e+02,2.9876626986472514e+00,6.5626553830074519e+05,2.3931714715572211e-01,4,9.8767880292262522e-01
max_c_ep_mixing_angles_polarization_04_local_minimum_1062,C_e_p,polarization_cluster_04_local_minimum_1062,cos(alpha_e)|+>+sin(alpha_e)|-> tensor cos(alpha_p)|+>+sin(alpha_p)|->,3.0594707803821044e+00,1.6657182548397624e+00,p_gamma_lepton,|-1+1-1>,1,-1,-1,1,-1.7658815710364553e-01,2.3163064596968492e-04,1.7658830901851330e-01,3.1402809545669119e+00,3.1183430882017936e-02,2.6095388933312774e-01,1,9.9813164868083937e-01
max_c_ep_mixing_angles_polarization_04_local_minimum_1062,C_e_p,polarization_cluster_04_local_minimum_1062,cos(alpha_e)|+>+sin(alpha_e)|-> tensor cos(alpha_p)|+>+sin(alpha_p)|->,3.0594707803821044e+00,1.6657182548397624e+00,p_gamma_lepton,|+1+1+1>,7,1,1,1,-1.7626004735647219e-01,-2.0242057333862343e-04,1.7626016358835689e-01,-3.1404442340393288e+00,3.1067645268194322e-02,2.5998495469696109e-01,2,9.9813164868083937e-01
max_c_ep_mixing_angles_polarization_04_local_minimum_1062,C_e_p,polarization_cluster_04_local_minimum_1062,cos(alpha_e)|+>+sin(alpha_e)|-> tensor cos(alpha_p)|+>+sin(alpha_p)|->,3.0594707803821044e+00,1.6657182548397624e+00,p_gamma_lepton,|+1-1+1>,6,1,1,-1,-1.6903377492869162e-01,-1.8961320200984900e-04,1.6903388127771884e-01,-3.1404709066338450e+00,2.8572453019809950e-02,2.3910431060384268e-01,3,9.9813164868083937e-01
max_c_ep_mixing_angles_polarization_04_local_minimum_1062,C_e_p,polarization_cluster_04_local_minimum_1062,cos(alpha_e)|+>+sin(alpha_e)|-> tensor cos(alpha_p)|+>+sin(alpha_p)|->,3.0594707803821044e+00,1.6657182548397624e+00,p_gamma_lepton,|-1-1-1>,0,-1,-1,-1,-1.6867428158208758e-01,2.2770513757409055e-04,1.6867443527951426e-01,3.1402426848979816e+00,2.8451065116863045e-02,2.3808849404690785e-01,4,9.9813164868083937e-01
max_c_ep_mixing_angles_polarization_04_local_minimum_1063,C_e_p,polarization_cluster_04_local_minimum_1063,cos(alpha_e)|+>+sin(alpha_e)|-> tensor cos(alpha_p)|+>+sin(alpha_p)|->,1.8972238973912205e+00,2.8580879998518713e+00,p_gamma_lepton,|-1-1-1>,0,-1,-1,-1,5.3454400120682678e+01,-3.0184006801570944e-03,5.3454400205902438e+01,-5.6466832854441647e-05,2.8573729013727834e+03,2.4260796821466379e-01,1,9.5021256183309533e-01
max_c_ep_mixing_angles_polarization_04_local_minimum_1063,C_e_p,polarization_cluster_04_local_minimum_1063,cos(alpha_e)|+>+sin(alpha_e)|-> tensor cos(alpha_p)|+>+sin(alpha_p)|->,1.8972238973912205e+00,2.8580879998518713e+00,p_gamma_lepton,|+1-1+1>,6,1,1,-1,5.3250426319961470e+01,2.5019021583163508e-03,5.3250426378735781e+01,4.6983701903951337e-05,2.8356079095171590e+03,2.4075999084714383e-01,2,9.5021256183309533e-01
max_c_ep_mixing_angles_polarization_04_local_minimum_1063,C_e_p,polarization_cluster_04_local_minimum_1063,cos(alpha_e)|+>+sin(alpha_e)|-> tensor cos(alpha_p)|+>+sin(alpha_p)|->,1.8972238973912205e+00,2.8580879998518713e+00,p_gamma_lepton,|+1+1+1>,7,1,1,1,5.2537633492538788e+01,3.1843070069731069e-03,5.2537633589039238e+01,6.0610019739965411e-05,2.7602029431361439e+03,2.3435766034341290e-01,3,9.5021256183309533e-01
max_c_ep_mixing_angles_polarization_04_local_minimum_1063,C_e_p,polarization_cluster_04_local_minimum_1063,cos(alpha_e)|+>+sin(alpha_e)|-> tensor cos(alpha_p)|+>+sin(alpha_p)|->,1.8972238973912205e+00,2.8580879998518713e+00,p_gamma_lepton,|-1+1-1>,1,-1,-1,1,5.2327527316435578e+01,-2.0072396816782443e-03,5.2327527354933586e+01,-3.8359154036756647e-05,2.7381701190813228e+03,2.3248694242787477e-01,4,9.5021256183309533e-01
max_c_ep_mixing_angles_polarization_04_local_minimum_1066,C_e_p,polarization_cluster_04_local_minimum_1066,cos(alpha_e)|+>+sin(alpha_e)|-> tensor cos(alpha_p)|+>+sin(alpha_p)|->,2.1973078928857217e+00,2.4159499634659829e+00,p_gamma_lepton,|-1-1-1>,0,-1,-1,-1,-3.2180760298907018e+01,3.4744636208238052e-03,3.2180760486470909e+01,3.1414846864822716e+00,1.0356013454876074e+03,2.9546229934832313e-01,1,9.9933515444656196e-01
max_c_ep_mixing_angles_polarization_04_local_minimum_1066,C_e_p,polarization_cluster_04_local_minimum_1066,cos(alpha_e)|+>+sin(alpha_e)|-> tensor cos(alpha_p)|+>+sin(alpha_p)|->,2.1973078928857217e+00,2.4159499634659829e+00,p_gamma_lepton,|+1-1+1>,6,1,1,-1,-3.2102126752065757e+01,-4.8606162247021379e-03,3.2102127120041224e+01,-3.1414412425563407e+00,1.0305465656312858e+03,2.9402014510088426e-01,2,9.9933515444656196e-01
max_c_ep_mixing_angles_polarization_04_local_minimum_1066,C_e_p,polarization_cluster_04_local_minimum_1066,cos(alpha_e)|+>+sin(alpha_e)|-> tensor cos(alpha_p)|+>+sin(alpha_p)|->,2.1973078928857217e+00,2.4159499634659829e+00,p_gamma_lepton,|+1+1+1>,7,1,1,1,-2.6845732968629896e+01,-2.6832036397231524e-03,2.6845733102721628e+01,-3.1414927046096732e+00,7.2069338582256398e+02,2.0561746643927190e-01,3,9.9933515444656196e-01
max_c_ep_mixing_angles_polarization_04_local_minimum_1066,C_e_p,polarization_cluster_04_local_minimum_1066,cos(alpha_e)|+>+sin(alpha_e)|-> tensor cos(alpha_p)|+>+sin(alpha_p)|->,2.1973078928857217e+00,2.4159499634659829e+00,p_gamma_lepton,|-1+1-1>,1,-1,-1,1,-2.6755348135532373e+01,3.5729067976174554e-03,2.6755348374095199e+01,3.1414591136800047e+00,7.1584866661919864e+02,2.0423524355808270e-01,4,9.9933515444656196e-01
max_c_ep_mixing_angles_polarization_04_local_minimum_1082,C_e_p,polarization_cluster_04_local_minimum_1082,cos(alpha_e)|+>+sin(alpha_e)|-> tensor cos(alpha_p)|+>+sin(alpha_p)|->,2.5194697152613457e+00,2.2904425972886160e+00,p_gamma_lepton,|+1+1+1>,7,1,1,1,3.8757310294686377e+01,1.2577722718564086e-02,3.8757312335580124e+01,3.2452515877348984e-04,1.5021292594777119e+03,2.9228336201951105e-01,1,9.9945496073822282e-01
max_c_ep_mixing_angles_polarization_04_local_minimum_1082,C_e_p,polarization_cluster_04_local_minimum_1082,cos(alpha_e)|+>+sin(alpha_e)|-> tensor cos(alpha_p)|+>+sin(alpha_p)|->,2.5194697152613457e+00,2.2904425972886160e+00,p_gamma_lepton,|-1+1-1>,1,-1,-1,1,3.8660503945431522e+01,-1.4267573161477465e-02,3.8660506578139533e+01,-3.6904776341989333e-04,1.4946347688783706e+03,2.9082508877492974e-01,2,9.9945496073822282e-01
max_c_ep_mixing_angles_polarization_04_local_minimum_1082,C_e_p,polarization_cluster_04_local_minimum_1082,cos(alpha_e)|+>+sin(alpha_e)|-> tensor cos(alpha_p)|+>+sin(alpha_p)|->,2.5194697152613457e+00,2.2904425972886160e+00,p_gamma_lepton,|-1-1-1>,0,-1,-1,-1,3.2758891750326669e+01,-9.8928371297154517e-03,3.2758893244092469e+01,-3.0198936228917290e-04,1.0731450865778472e+03,2.0881189275865142e-01,3,9.9945496073822282e-01
max_c_ep_mixing_angles_polarization_04_local_minimum_1082,C_e_p,polarization_cluster_04_local_minimum_1082,cos(alpha_e)|+>+sin(alpha_e)|-> tensor cos(alpha_p)|+>+sin(alpha_p)|->,2.5194697152613457e+00,2.2904425972886160e+00,p_gamma_lepton,|+1-1+1>,6,1,1,-1,3.2658546062204771e+01,1.2836976454346007e-02,3.2658548585096604e+01,3.9306635907140924e-04,1.0665807956851154e+03,2.0753461718513067e-01,4,9.9945496073822282e-01
max_c_ep_mixing_angles_polarization_04_local_minimum_1083,C_e_p,polarization_cluster_04_local_minimum_1083,cos(alpha_e)|+>+sin(alpha_e)|-> tensor cos(alpha_p)|+>+sin(alpha_p)|->,2.9242172609859449e+00,2.2921612897838295e+00,p_gamma_lepton,|+1+1+1>,7,1,1,1,-2.9148503400444250e+00,-6.0040843095022882e-03,2.9148565237221362e+00,-3.1395328305740118e+00,8.4963885538854935e+00,4.6058836948232751e-01,1,9.8305676537563869e-01
max_c_ep_mixing_angles_polarization_04_local_minimum_1083,C_e_p,polarization_cluster_04_local_minimum_1083,cos(alpha_e)|+>+sin(alpha_e)|-> tensor cos(alpha_p)|+>+sin(alpha_p)|->,2.9242172609859449e+00,2.2921612897838295e+00,p_gamma_lepton,|-1+1-1>,1,-1,-1,1,-2.9119501958756522e+00,6.3849385606770601e-03,2.9119571958908796e+00,3.1393999896021785e+00,8.4794947107006724e+00,4.5967255594138157e-01,2,9.8305676537563869e-01
max_c_ep_mixing_angles_polarization_04_local_minimum_1083,C_e_p,polarization_cluster_04_local_minimum_1083,cos(alpha_e)|+>+sin(alpha_e)|-> tensor cos(alpha_p)|+>+sin(alpha_p)|->,2.9242172609859449e+00,2.2921612897838295e+00,p_gamma_lepton,|-1-1-1>,0,-1,-1,-1,-7.6520797692888143e-01,1.6672460150359654e-03,7.6520979323638183e-01,3.1394138428258658e+00,5.8554602766486619e-01,3.1742391302911836e-02,3,9.8305676537563869e-01
max_c_ep_mixing_angles_polarization_04_local_minimum_1083,C_e_p,polarization_cluster_04_local_minimum_1083,cos(alpha_e)|+>+sin(alpha_e)|-> tensor cos(alpha_p)|+>+sin(alpha_p)|->,2.9242172609859449e+00,2.2921612897838295e+00,p_gamma_lepton,|+1-1+1>,6,1,1,-1,-7.5685870201458916e-01,-1.4611645329467285e-03,7.5686011244945461e-01,-3.1396620914997104e+00,5.7283722981700091e-01,3.1053448649017802e-02,4,9.8305676537563869e-01
max_c_ep_mixing_angles_polarization_04_local_minimum_1086,C_e_p,polarization_cluster_04_local_minimum_1086,cos(alpha_e)|+>+sin(alpha_e)|-> tensor cos(alpha_p)|+>+sin(alpha_p)|->,1.8144424160599024e+00,2.8963702908574134e+00,p_gamma_lepton,|-1-1-1>,0,-1,-1,-1,1.6789415052511142e+01,2.4512171358989572e-04,1.6789415054300502e+01,1.4599776871667570e-05,2.8188445786557230e+02,2.4748400389254491e-01,1,9.6522104904262551e-01
max_c_ep_mixing_angles_polarization_04_local_minimum_1086,C_e_p,polarization_cluster_04_local_minimum_1086,cos(alpha_e)|+>+sin(alpha_e)|-> tensor cos(alpha_p)|+>+sin(alpha_p)|->,1.8144424160599024e+00,2.8963702908574134e+00,p_gamma_lepton,|+1-1+1>,6,1,1,-1,1.6722571396095169e+01,8.5540239755810797e-05,1.6722571396313949e+01,5.1152563639249246e-06,2.7964439410481748e+02,2.4551731174965785e-01,2,9.6522104904262551e-01
max_c_ep_mixing_angles_polarization_04_local_minimum_1086,C_e_p,polarization_cluster_04_local_minimum_1086,cos(alpha_e)|+>+sin(alpha_e)|-> tensor cos(alpha_p)|+>+sin(alpha_p)|->,1.8144424160599024e+00,2.8963702908574134e+00,p_gamma_lepton,|+1+1+1>,7,1,1,1,1.6432535102870162e+01,-2.0644653286472811e-04,1.6432535104166984e+01,-1.2563279589027496e-05,2.7002820994968022e+02,2.3707466196718441e-01,3,9.6522104904262551e-01
max_c_ep_mixing_angles_polarization_04_local_minimum_1086,C_e_p,polarization_cluster_04_local_minimum_1086,cos(alpha_e)|+>+sin(alpha_e)|-> tensor cos(alpha_p)|+>+sin(alpha_p)|->,1.8144424160599024e+00,2.8963702908574134e+00,p_gamma_lepton,|-1+1-1>,1,-1,-1,1,1.6365524881619383e+01,-5.4516585174072712e-04,1.6365524890699625e+01,-3.3311846426103103e-05,2.6783040494810888e+02,2.3514507143323832e-01,4,9.6522104904262551e-01
max_c_ep_mixing_angles_polarization_04_local_minimum_1089,C_e_p,polarization_cluster_04_local_minimum_1089,cos(alpha_e)|+>+sin(alpha_e)|-> tensor cos(alpha_p)|+>+sin(alpha_p)|->,3.0381474445799865e+00,2.2091460071382665e+00,p_gamma_lepton,|+1+1+1>,7,1,1,1,-3.7711800026779989e+00,-3.5057331696191621e-03,3.7711816321629867e+00,-3.1406630421267310e+00,1.4221810902763488e+01,2.7128785682592060e-01,1,9.7955622793226171e-01
max_c_ep_mixing_angles_polarization_04_local_minimum_1089,C_e_p,polarization_cluster_04_local_minimum_1089,cos(alpha_e)|+>+sin(alpha_e)|-> tensor cos(alpha_p)|+>+sin(alpha_p)|->,3.0381474445799865e+00,2.2091460071382665e+00,p_gamma_lepton,|-1+1-1>,1,-1,-1,1,-3.7686284476261029e+00,4.1934502473222951e-03,3.7686307807056010e+00,3.1404799282110827e+00,1.4202577961281705e+01,2.7092097925240161e-01,2,9.7955622793226171e-01
max_c_ep_mixing_angles_polarization_04_local_minimum_1089,C_e_p,polarization_cluster_04_local_minimum_1089,cos(alpha_e)|+>+sin(alpha_e)|-> tensor cos(alpha_p)|+>+sin(alpha_p)|->,3.0381474445799865e+00,2.2091460071382665e+00,p_gamma_lepton,|+1+1-1>,3,-1,1,1,-3.3858207953427324e+00,3.7351715804963438e-04,3.3858208159455754e+00,3.1414823355372112e+00,1.1463782597690356e+01,2.1867714549919867e-01,3,9.7955622793226171e-01
max_c_ep_mixing_angles_polarization_04_local_minimum_1089,C_e_p,polarization_cluster_04_local_minimum_1089,cos(alpha_e)|+>+sin(alpha_e)|-> tensor cos(alpha_p)|+>+sin(alpha_p)|->,3.0381474445799865e+00,2.2091460071382665e+00,p_gamma_lepton,|-1+1+1>,5,1,-1,1,3.3857674050807174e+00,1.7494701321188669e-05,3.3857674051259159e+00,5.1671302921695813e-06,1.1463420921613078e+01,2.1867024635474086e-01,4,9.7955622793226171e-01
max_c_ep_mixing_angles_polarization_04_local_minimum_1100,C_e_p,polarization_cluster_04_local_minimum_1100,cos(alpha_e)|+>+sin(alpha_e)|-> tensor cos(alpha_p)|+>+sin(alpha_p)|->,2.5054320272432342e+00,2.2327231390707127e+00,p_gamma_lepton,|+1+1+1>,7,1,1,1,-7.6831796618779279e+01,-3.2324937871667243e-02,7.6831803418708532e+01,-3.1411719301733569e+00,5.9031260165710719e+03,2.8408675301280784e-01,1,9.9540187655808843e-01
max_c_ep_mixing_angles_polarization_04_local_minimum_1100,C_e_p,polarization_cluster_04_local_minimum_1100,cos(alpha_e)|+>+sin(alpha_e)|-> tensor cos(alpha_p)|+>+sin(alpha_p)|->,2.5054320272432342e+00,2.2327231390707127e+00,p_gamma_lepton,|-1+1-1>,1,-1,-1,1,-7.6403438576486806e+01,2.6728023828520225e-02,7.6403443251585529e+01,3.1412428261051120e+00,5.8374861406982500e+03,2.8092784718011388e-01,2,9.9540187655808843e-01
max_c_ep_mixing_angles_polarization_04_local_minimum_1100,C_e_p,polarization_cluster_04_local_minimum_1100,cos(alpha_e)|+>+sin(alpha_e)|-> tensor cos(alpha_p)|+>+sin(alpha_p)|->,2.5054320272432342e+00,2.2327231390707127e+00,p_gamma_lepton,|-1-1-1>,0,-1,-1,-1,-6.7115598760381431e+01,2.9697117284924114e-02,6.7115605330528666e+01,3.1411501764921388e+00,4.5045044788832884e+03,2.1677837263601579e-01,3,9.9540187655808843e-01
max_c_ep_mixing_angles_polarization_04_local_minimum_1100,C_e_p,polarization_cluster_04_local_minimum_1100,cos(alpha_e)|+>+sin(alpha_e)|-> tensor cos(alpha_p)|+>+sin(alpha_p)|->,2.5054320272432342e+00,2.2327231390707127e+00,p_gamma_lepton,|+1-1+1>,6,1,1,-1,-6.6623153986204287e+01,-2.1507531876306624e-02,6.6623157457774511e+01,-3.1412698299190072e+00,4.4386451096434157e+03,2.1360890372915092e-01,4,9.9540187655808843e-01
max_c_ep_mixing_angles_polarization_04_local_minimum_1106,C_e_p,polarization_cluster_04_local_minimum_1106,cos(alpha_e)|+>+sin(alpha_e)|-> tensor cos(alpha_p)|+>+sin(alpha_p)|->,2.8180764937926313e+00,1.8177451029814509e+00,p_gamma_lepton,|+1+1+1>,7,1,1,1,-5.9399210982243446e+01,1.7275522367356161e-02,5.9399213494428899e+01,3.1413018160248729e+00,3.5282665637567434e+03,2.3281570212111011e-01,1,9.2574014929163306e-01
max_c_ep_mixing_angles_polarization_04_local_minimum_1106,C_e_p,polarization_cluster_04_local_minimum_1106,cos(alpha_e)|+>+sin(alpha_e)|-> tensor cos(alpha_p)|+>+sin(alpha_p)|->,2.8180764937926313e+00,1.8177451029814509e+00,p_gamma_lepton,|-1+1-1>,1,-1,-1,1,-5.9365803688360785e+01,1.9139045045134480e-02,5.9365806773495770e+01,3.1412702618559507e+00,3.5242990138680361e+03,2.3255389993118250e-01,2,9.2574014929163306e-01
max_c_ep_mixing_angles_polarization_04_local_minimum_1106,C_e_p,polarization_cluster_04_local_minimum_1106,cos(alpha_e)|+>+sin(alpha_e)|-> tensor cos(alpha_p)|+>+sin(alpha_p)|->,2.8180764937926313e+00,1.8177451029814509e+00,p_gamma_lepton,|-1-1-1>,0,-1,-1,-1,-5.9075478414048540e+01,-1.5837457170090823e-02,5.9075480536968669e+01,-3.1413245650830923e+00,3.4899124006737648e+03,2.3028486970069245e-01,3,9.2574014929163306e-01
max_c_ep_mixing_angles_polarization_04_local_minimum_1106,C_e_p,polarization_cluster_04_local_minimum_1106,cos(alpha_e)|+>+sin(alpha_e)|-> tensor cos(alpha_p)|+>+sin(alpha_p)|->,2.8180764937926313e+00,1.8177451029814509e+00,p_gamma_lepton,|+1-1+1>,6,1,1,-1,-5.9049914068713008e+01,-3.6596943428237737e-02,5.9049925409425022e+01,-3.1409728908124936e+00,3.4868936908586588e+03,2.3008567753864800e-01,4,9.2574014929163306e-01
max_c_ep_mixing_angles_polarization_04_local_minimum_1107,C_e_p,polarization_cluster_04_local_minimum_1107,cos(alpha_e)|+>+sin(alpha_e)|-> tensor cos(alpha_p)|+>+sin(alpha_p)|->,2.5028329464886423e+00,2.1814359592722856e+00,p_gamma_lepton,|+1+1+1>,7,1,1,1,-1.1854717793491366e+02,1.3382100336650885e-02,1.1854717869022733e+02,3.1414797694156364e+00,1.4053433575412684e+04,2.7687883540599406e-01,1,9.9377873837346697e-01
max_c_ep_mixing_angles_polarization_04_local_minimum_1107,C_e_p,polarization_cluster_04_local_minimum_1107,cos(alpha_e)|+>+sin(alpha_e)|-> tensor cos(alpha_p)|+>+sin(alpha_p)|->,2.5028329464886423e+00,2.1814359592722856e+00,p_gamma_lepton,|-1+1-1>,1,-1,-1,1,-1.1778107574594186e+02,-1.0589523309004473e-02,1.1778107622198610e+02,-3.1415027450606563e+00,1.3872381916009299e+04,2.7331178025645136e-01,2,9.9377873837346697e-01
max_c_ep_mixing_angles_polarization_04_local_minimum_1107,C_e_p,polarization_cluster_04_local_minimum_1107,cos(alpha_e)|+>+sin(alpha_e)|-> tensor cos(alpha_p)|+>+sin(alpha_p)|->,2.5028329464886423e+00,2.1814359592722856e+00,p_gamma_lepton,|-1-1-1>,0,-1,-1,-1,-1.0653130274763642e+02,-1.2436510442816096e-02,1.0653130347355822e+02,-3.1414759131570231e+00,1.1348918619775359e+04,2.2359484987771247e-01,3,9.9377873837346697e-01
max_c_ep_mixing_angles_polarization_04_local_minimum_1107,C_e_p,polarization_cluster_04_local_minimum_1107,cos(alpha_e)|+>+sin(alpha_e)|-> tensor cos(alpha_p)|+>+sin(alpha_p)|->,2.5028329464886423e+00,2.1814359592722856e+00,p_gamma_lepton,|+1-1+1>,6,1,1,-1,-1.0566983801591800e+02,8.9103781334035296e-03,1.0566983839159208e+02,3.1415083307756433e+00,1.1166114745705185e+04,2.1999327283330911e-01,4,9.9377873837346697e-01
max_c_ep_mixing_angles_polarization_04_local_minimum_1110,C_e_p,polarization_cluster_04_local_minimum_1110,cos(alpha_e)|+>+sin(alpha_e)|-> tensor cos(alpha_p)|+>+sin(alpha_p)|->,2.2130899783853759e+00,2.4228231884226412e+00,p_gamma_lepton,|-1-1-1>,0,-1,-1,-1,4.5718911355236756e+01,1.4990893152229887e-02,4.5718913812938233e+01,3.2789259784663226e-04,2.0902190802348732e+03,2.9597111354435968e-01,1,9.9676408948969097e-01
max_c_ep_mixing_angles_polarization_04_local_minimum_1110,C_e_p,polarization_cluster_04_local_minimum_1110,cos(alpha_e)|+>+sin(alpha_e)|-> tensor cos(alpha_p)|+>+sin(alpha_p)|->,2.2130899783853759e+00,2.4228231884226412e+00,p_gamma_lepton,|+1-1+1>,6,1,1,-1,4.5499060114088721e+01,-1.2575776820823982e-02,4.5499061852038466e+01,-2.7639640179485540e-04,2.0701646294156221e+03,2.9313144080544878e-01,2,9.9676408948969097e-01
max_c_ep_mixing_angles_polarization_04_local_minimum_1110,C_e_p,polarization_cluster_04_local_minimum_1110,cos(alpha_e)|+>+sin(alpha_e)|-> tensor cos(alpha_p)|+>+sin(alpha_p)|->,2.2130899783853759e+00,2.4228231884226412e+00,p_gamma_lepton,|+1+1+1>,7,1,1,1,3.8070723536606060e+01,-1.3254375130620614e-02,3.8070725843870520e+01,-3.4815137102287995e-04,1.4493801662791511e+03,2.0522952154591692e-01,3,9.9676408948969097e-01
max_c_ep_mixing_angles_polarization_04_local_minimum_1110,C_e_p,polarization_cluster_04_local_minimum_1110,cos(alpha_e)|+>+sin(alpha_e)|-> tensor cos(alpha_p)|+>+sin(alpha_p)|->,2.2130899783853759e+00,2.4228231884226412e+00,p_gamma_lepton,|-1+1-1>,1,-1,-1,1,3.7810361075262918e+01,9.4164415615086792e-03,3.7810362247816784e+01,2.4904394189959240e-04,1.4296234933111286e+03,2.0243201359396562e-01,4,9.9676408948969097e-01
max_c_ep_mixing_angles_polarization_04_local_minimum_1111,C_e_p,polarization_cluster_04_local_minimum_1111,cos(alpha_e)|+>+sin(alpha_e)|-> tensor cos(alpha_p)|+>+sin(alpha_p)|->,1.9424227705444781e+00,2.8660408784381395e+00,p_gamma_lepton,|+1+1+1>,7,1,1,1,7.1020639704436874e+01,2.2152560887573856e-02,7.1020643159319448e+01,3.1191721535232830e-04,5.0439317547633900e+03,2.3600035912396156e-01,1,9.3772276904726759e-01
max_c_ep_mixing_angles_polarization_04_local_minimum_1111,C_e_p,polarization_cluster_04_local_minimum_1111,cos(alpha_e)|+>+sin(alpha_e)|-> tensor cos(alpha_p)|+>+sin(alpha_p)|->,1.9424227705444781e+00,2.8660408784381395e+00,p_gamma_lepton,|-1-1-1>,0,-1,-1,-1,7.0908667244659199e+01,-2.1890671213011772e-02,7.0908670623664150e+01,-3.0871642872718554e-04,5.0280395696152891e+03,2.3525678018900187e-01,2,9.3772276904726759e-01
max_c_ep_mixing_angles_polarization_04_local_minimum_1111,C_e_p,polarization_cluster_04_local_minimum_1111,cos(alpha_e)|+>+sin(alpha_e)|-> tensor cos(alpha_p)|+>+sin(alpha_p)|->,1.9424227705444781e+00,2.8660408784381395e+00,p_gamma_lepton,|-1+1-1>,1,-1,-1,1,7.0657011630972960e+01,4.1003428592989194e-04,7.0657011632162707e+01,5.8031648446556701e-06,4.9924132927875762e+03,2.3358986347910593e-01,3,9.3772276904726759e-01
max_c_ep_mixing_angles_polarization_04_local_minimum_1111,C_e_p,polarization_cluster_04_local_minimum_1111,cos(alpha_e)|+>+sin(alpha_e)|-> tensor cos(alpha_p)|+>+sin(alpha_p)|->,1.9424227705444781e+00,2.8660408784381395e+00,p_gamma_lepton,|+1-1+1>,6,1,1,-1,7.0548927579720313e+01,4.9617680985240727e-03,7.0548927754203064e+01,7.0330879016357206e-05,4.9771512072677651e+03,2.3287576625519829e-01,4,9.3772276904726759e-01
max_c_ep_mixing_angles_polarization_04_local_minimum_1112,C_e_p,polarization_cluster_04_local_minimum_1112,cos(alpha_e)|+>+sin(alpha_e)|-> tensor cos(alpha_p)|+>+sin(alpha_p)|->,2.2139683266172994e+00,2.4109088767299873e+00,p_gamma_lepton,|-1-1-1>,0,-1,-1,-1,4.0516113286460936e+01,6.0506895486100252e-03,4.0516113738266910e+01,1.4934032444938525e-04,1.6415554724521805e+03,2.9910911719191974e-01,1,9.9698800572333224e-01
max_c_ep_mixing_angles_polarization_04_local_minimum_1112,C_e_p,polarization_cluster_04_local_minimum_1112,cos(alpha_e)|+>+sin(alpha_e)|-> tensor cos(alpha_p)|+>+sin(alpha_p)|->,2.2139683266172994e+00,2.4109088767299873e+00,p_gamma_lepton,|+1-1+1>,6,1,1,-1,4.0330384055573369e+01,-5.0865106779176897e-03,4.0330384376331416e+01,-1.2612105661922670e-04,1.6265399039426372e+03,2.9637311861228288e-01,2,9.9698800572333224e-01
max_c_ep_mixing_angles_polarization_04_local_minimum_1112,C_e_p,polarization_cluster_04_local_minimum_1112,cos(alpha_e)|+>+sin(alpha_e)|-> tensor cos(alpha_p)|+>+sin(alpha_p)|->,2.2139683266172994e+00,2.4109088767299873e+00,p_gamma_lepton,|+1+1+1>,7,1,1,1,3.3304788501109066e+01,-5.2922500611556770e-03,3.3304788921587800e+01,-1.5890357677652648e-04,1.1092089651115175e+03,2.0210984027256726e-01,3,9.9698800572333224e-01
max_c_ep_mixing_angles_polarization_04_local_minimum_1112,C_e_p,polarization_cluster_04_local_minimum_1112,cos(alpha_e)|+>+sin(alpha_e)|-> tensor cos(alpha_p)|+>+sin(alpha_p)|->,2.2139683266172994e+00,2.4109088767299873e+00,p_gamma_lepton,|-1+1-1>,1,-1,-1,1,3.3080426282256070e+01,3.9461380257374288e-03,3.3080426517621923e+01,1.1928921270087593e-04,1.0943146185877838e+03,1.9939592964656233e-01,4,9.9698800572333224e-01
max_c_ep_mixing_angles_polarization_04_local_minimum_1113,C_e_p,polarization_cluster_04_local_minimum_1113,cos(alpha_e)|+>+sin(alpha_e)|-> tensor cos(alpha_p)|+>+sin(alpha_p)|->,2.0076274765972095e+00,2.2650952710470489e+00,p_gamma_lepton,|-1-1-1>,0,-1,-1,-1,-6.2507279565551122e-01,-9.5487241503485543e-01,1.1412700508044069e+00,-2.1504082565145395e+00,1.3024973288630934e+00,4.3346372071181449e-01,1,9.9997103861810466e-01
max_c_ep_mixing_angles_polarization_04_local_minimum_1113,C_e_p,polarization_cluster_04_local_minimum_1113,cos(alpha_e)|+>+sin(alpha_e)|-> tensor cos(alpha_p)|+>+sin(alpha_p)|->,2.0076274765972095e+00,2.2650952710470489e+00,p_gamma_lepton,|+1-1+1>,6,1,1,-1,-6.2772280215047072e-01,9.5283565388872260e-01,1.1410222169884285e+00,2.1533290867937342e+00,1.3019316996611885e+00,4.3327548252278497e-01,2,9.9997103861810466e-01
max_c_ep_mixing_angles_polarization_04_local_minimum_1113,C_e_p,polarization_cluster_04_local_minimum_1113,cos(alpha_e)|+>+sin(alpha_e)|-> tensor cos(alpha_p)|+>+sin(alpha_p)|->,2.0076274765972095e+00,2.2650952710470489e+00,p_gamma_lepton,|+1+1+1>,7,1,1,1,-2.4664945535661836e-01,3.7361945637879301e-01,4.4769124629872015e-01,2.1542823338473007e+00,2.0042745201250131e-01,6.6701118809940604e-02,3,9.9997103861810466e-01
max_c_ep_mixing_angles_polarization_04_local_minimum_1113,C_e_p,polarization_cluster_04_local_minimum_1113,cos(alpha_e)|+>+sin(alpha_e)|-> tensor cos(alpha_p)|+>+sin(alpha_p)|->,2.0076274765972095e+00,2.2650952710470489e+00,p_gamma_lepton,|-1+1-1>,1,-1,-1,1,-2.4270242747329032e-01,-3.7551424610877959e-01,4.4711901920190428e-01,-2.1445803135466419e+00,1.9991541733207285e-01,6.6530716573564630e-02,4,9.9997103861810466e-01
max_c_ep_mixing_angles_polarization_04_local_minimum_1115,C_e_p,polarization_cluster_04_local_minimum_1115,cos(alpha_e)|+>+sin(alpha_e)|-> tensor cos(alpha_p)|+>+sin(alpha_p)|->,2.2104228702452362e+00,2.3794582592086679e+00,p_gamma_lepton,|-1-1-1>,0,-1,-1,-1,-3.2462698922320335e+01,-1.8351289654540793e-02,3.2462704109347548e+01,-3.1410273497700576e+00,1.0538271580910498e+03,3.0323407680225400e-01,1,9.9918076962804558e-01
max_c_ep_mixing_angles_polarization_04_local_minimum_1115,C_e_p,polarization_cluster_04_local_minimum_1115,cos(alpha_e)|+>+sin(alpha_e)|-> tensor cos(alpha_p)|+>+sin(alpha_p)|->,2.2104228702452362e+00,2.3794582592086679e+00,p_gamma_lepton,|+1-1+1>,6,1,1,-1,-3.2331746251863251e+01,2.1460415309457227e-02,3.2331753374110392e+01,3.1409288969219458e+00,1.0453422762442988e+03,3.0079258979575435e-01,2,9.9918076962804558e-01
max_c_ep_mixing_angles_polarization_04_local_minimum_1115,C_e_p,polarization_cluster_04_local_minimum_1115,cos(alpha_e)|+>+sin(alpha_e)|-> tensor cos(alpha_p)|+>+sin(alpha_p)|->,2.2104228702452362e+00,2.3794582592086679e+00,p_gamma_lepton,|+1+1+1>,7,1,1,1,-2.6278533158016753e+01,1.3829017161268825e-02,2.6278536796760616e+01,3.1410664059563533e+00,6.9056149617870153e+02,1.9870599857025101e-01,3,9.9918076962804558e-01
max_c_ep_mixing_angles_polarization_04_local_minimum_1115,C_e_p,polarization_cluster_04_local_minimum_1115,cos(alpha_e)|+>+sin(alpha_e)|-> tensor cos(alpha_p)|+>+sin(alpha_p)|->,2.2104228702452362e+00,2.3794582592086679e+00,p_gamma_lepton,|-1+1-1>,1,-1,-1,1,-2.6128802126430198e+01,-1.8783286148088999e-02,2.6128808877826440e+01,-3.1408737808752463e+00,6.8271465337398183e+02,1.9644810445978625e-01,4,9.9918076962804558e-01
max_c_ep_mixing_angles_polarization_04_local_minimum_1119,C_e_p,polarization_cluster_04_local_minimum_1119,cos(alpha_e)|+>+sin(alpha_e)|-> tensor cos(alpha_p)|+>+sin(alpha_p)|->,2.5210792978513048e+00,2.3027266740235621e+00,p_gamma_lepton,|+1+1+1>,7,1,1,1,6.0513749488720919e+01,1.0966923501316471e-02,6.0513750482490195e+01,1.8123027368008649e-04,3.6619139974570821e+03,2.8845038086398522e-01,1,9.9970087968142329e-01
max_c_ep_mixing_angles_polarization_04_local_minimum_1119,C_e_p,polarization_cluster_04_local_minimum_1119,cos(alpha_e)|+>+sin(alpha_e)|-> tensor cos(alpha_p)|+>+sin(alpha_p)|->,2.5210792978513048e+00,2.3027266740235621e+00,p_gamma_lepton,|-1+1-1>,1,-1,-1,1,6.0318304746313395e+01,-1.0542429770253882e-02,6.0318305667616016e+01,-1.7477993964258557e-04,3.6382979986119585e+03,2.8659013950766449e-01,2,9.9970087968142329e-01
max_c_ep_mixing_angles_polarization_04_local_minimum_1119,C_e_p,polarization_cluster_04_local_minimum_1119,cos(alpha_e)|+>+sin(alpha_e)|-> tensor cos(alpha_p)|+>+sin(alpha_p)|->,2.5210792978513048e+00,2.3027266740235621e+00,p_gamma_lepton,|-1-1-1>,0,-1,-1,-1,5.2024995456751761e+01,-8.8611996663361496e-03,5.2024996211397273e+01,-1.7032581171510212e-04,2.7066002307959016e+03,2.1319994624717511e-01,3,9.9970087968142329e-01
max_c_ep_mixing_angles_polarization_04_local_minimum_1119,C_e_p,polarization_cluster_04_local_minimum_1119,cos(alpha_e)|+>+sin(alpha_e)|-> tensor cos(alpha_p)|+>+sin(alpha_p)|->,2.5210792978513048e+00,2.3027266740235621e+00,p_gamma_lepton,|+1-1+1>,6,1,1,-1,5.1812320081943710e+01,1.1187261297601845e-02,5.1812321289714504e+01,2.1591893792933652e-04,2.6845166374286036e+03,2.1146041306259844e-01,4,9.9970087968142329e-01
max_c_ep_mixing_angles_polarization_04_local_minimum_1121,C_e_p,polarization_cluster_04_local_minimum_1121,cos(alpha_e)|+>+sin(alpha_e)|-> tensor cos(alpha_p)|+>+sin(alpha_p)|->,1.9906001248024598e+00,2.8438190859260222e+00,p_gamma_lepton,|+1+1+1>,7,1,1,1,8.5556858001518648e+01,1.5879093204903567e-03,8.5556858016254210e+01,1.8559696526955748e-05,7.3199759536134798e+03,2.3992544850329417e-01,1,9.4560631609863621e-01
max_c_ep_mixing_angles_polarization_04_local_minimum_1121,C_e_p,polarization_cluster_04_local_minimum_1121,cos(alpha_e)|+>+sin(alpha_e)|-> tensor cos(alpha_p)|+>+sin(alpha_p)|->,1.9906001248024598e+00,2.8438190859260222e+00,p_gamma_lepton,|-1+1-1>,1,-1,-1,1,8.4934882441847137e+01,1.0116357418951173e-03,8.4934882447871800e+01,1.1910721634776161e-05,7.2139342564337985e+03,2.3644974012431702e-01,2,9.4560631609863621e-01
max_c_ep_mixing_angles_polarization_04_local_minimum_1121,C_e_p,polarization_cluster_04_local_minimum_1121,cos(alpha_e)|+>+sin(alpha_e)|-> tensor cos(alpha_p)|+>+sin(alpha_p)|->,1.9906001248024598e+00,2.8438190859260222e+00,p_gamma_lepton,|-1-1-1>,0,-1,-1,-1,8.4920184589926635e+01,-1.5994694592512920e-03,8.4920184604989615e+01,-1.8834973885017707e-05,7.2114377533455154e+03,2.3636791272120233e-01,3,9.4560631609863621e-01
max_c_ep_mixing_angles_polarization_04_local_minimum_1121,C_e_p,polarization_cluster_04_local_minimum_1121,cos(alpha_e)|+>+sin(alpha_e)|-> tensor cos(alpha_p)|+>+sin(alpha_p)|->,1.9906001248024598e+00,2.8438190859260222e+00,p_gamma_lepton,|+1-1+1>,6,1,1,-1,8.4288264909783237e+01,-5.1103671543910258e-04,8.4288264911332433e+01,-6.0629639959942432e-06,7.1045116017629543e+03,2.3286321474982266e-01,4,9.4560631609863621e-01
max_c_ep_mixing_angles_polarization_04_local_minimum_1131,C_e_p,polarization_cluster_04_local_minimum_1131,cos(alpha_e)|+>+sin(alpha_e)|-> tensor cos(alpha_p)|+>+sin(alpha_p)|->,3.0448859700993767e+00,2.7520589779884563e+00,p_gamma_lepton,|-1+1-1>,1,-1,-1,1,9.8983834468822556e+02,-8.7883011478939427e-02,9.8983834858958164e+02,-8.8785216009891558e-05,9.7977995633854996e+05,2.5487442226271934e-01,1,9.7571346970387463e-01
max_c_ep_mixing_angles_polarization_04_local_minimum_1131,C_e_p,polarization_cluster_04_local_minimum_1131,cos(alpha_e)|+>+sin(alpha_e)|-> tensor cos(alpha_p)|+>+sin(alpha_p)|->,3.0448859700993767e+00,2.7520589779884563e+00,p_gamma_lepton,|+1+1+1>,7,1,1,1,9.8169721579834618e+02,5.4637374196322024e-02,9.8169721731879599e+02,5.5656034529418967e-05,9.6372942649146740e+05,2.5069912811088413e-01,2,9.7571346970387463e-01
max_c_ep_mixing_angles_polarization_04_local_minimum_1131,C_e_p,polarization_cluster_04_local_minimum_1131,cos(alpha_e)|+>+sin(alpha_e)|-> tensor cos(alpha_p)|+>+sin(alpha_p)|->,3.0448859700993767e+00,2.7520589779884563e+00,p_gamma_lepton,|+1-1+1>,6,1,1,-1,9.5480034147857270e+02,8.2689854050715092e-02,9.5480034505922288e+02,8.6604340459211658e-05,9.1164369892521109e+05,2.3714984121671964e-01,3,9.7571346970387463e-01
max_c_ep_mixing_angles_polarization_04_local_minimum_1131,C_e_p,polarization_cluster_04_local_minimum_1131,cos(alpha_e)|+>+sin(alpha_e)|-> tensor cos(alpha_p)|+>+sin(alpha_p)|->,3.0448859700993767e+00,2.7520589779884563e+00,p_gamma_lepton,|-1-1-1>,0,-1,-1,-1,9.4638938608901344e+02,-5.4109557593500023e-02,9.4638938763586305e+02,-5.7174729904938125e-05,8.9565287302978383e+05,2.3299007811355155e-01,4,9.7571346970387463e-01
max_c_ep_mixing_angles_polarization_04_local_minimum_1132,C_e_p,polarization_cluster_04_local_minimum_1132,cos(alpha_e)|+>+sin(alpha_e)|-> tensor cos(alpha_p)|+>+sin(alpha_p)|->,2.1982361892294042e+00,2.3986378900923504e+00,p_gamma_lepton,|-1-1-1>,0,-1,-1,-1,-5.5629872722988758e+01,-1.2491269884469022e-02,5.5629874125399134e+01,-3.1413681111081533e+00,3.0946828952077526e+03,2.9126114483503823e-01,1,9.9959762133389407e-01
max_c_ep_mixing_angles_polarization_04_local_minimum_1132,C_e_p,polarization_cluster_04_local_minimum_1132,cos(alpha_e)|+>+sin(alpha_e)|-> tensor cos(alpha_p)|+>+sin(alpha_p)|->,2.1982361892294042e+00,2.3986378900923504e+00,p_gamma_lepton,|+1-1+1>,6,1,1,-1,-5.5423118202847519e+01,1.5731532310981192e-02,5.5423120435499811e+01,3.1413088093674073e+00,3.0717222788079162e+03,2.8910016884971501e-01,2,9.9959762133389407e-01
max_c_ep_mixing_angles_polarization_04_local_minimum_1132,C_e_p,polarization_cluster_04_local_minimum_1132,cos(alpha_e)|+>+sin(alpha_e)|-> tensor cos(alpha_p)|+>+sin(alpha_p)|->,2.1982361892294042e+00,2.3986378900923504e+00,p_gamma_lepton,|+1+1+1>,7,1,1,1,-4.7309324636515740e+01,9.9200284563122007e-03,4.7309325676553449e+01,3.1413829691694990e+00,2.2381722959701997e+03,2.1064924819012301e-01,3,9.9959762133389407e-01
max_c_ep_mixing_angles_polarization_04_local_minimum_1132,C_e_p,polarization_cluster_04_local_minimum_1132,cos(alpha_e)|+>+sin(alpha_e)|-> tensor cos(alpha_p)|+>+sin(alpha_p)|->,2.1982361892294042e+00,2.3986378900923504e+00,p_gamma_lepton,|-1+1-1>,1,-1,-1,1,-4.7077182522734297e+01,-1.3825291553811452e-02,4.7077184552790818e+01,-3.1412989807229073e+00,2.2162613054175258e+03,2.0858705945901782e-01,4,9.9959762133389407e-01
max_c_ep_mixing_angles_polarization_04_local_minimum_1136,C_e_p,polarization_cluster_04_local_minimum_1136,cos(alpha_e)|+>+sin(alpha_e)|-> tensor cos(alpha_p)|+>+sin(alpha_p)|->,3.0660327952389386e+00,2.8484303531559658e+00,p_gamma_lepton,|-1+1-1>,1,-1,-1,1,5.0631595832423937e+00,-3.3664184674863116e-04,5.0631595944337979e+00,-6.6488492159471479e-05,2.5635585078707013e+01,4.7785400241905618e-01,1,9.9833900427320654e-01
max_c_ep_mixing_angles_polarization_04_local_minimum_1136,C_e_p,polarization_cluster_04_local_minimum_1136,cos(alpha_e)|+>+sin(alpha_e)|-> tensor cos(alpha_p)|+>+sin(alpha_p)|->,3.0660327952389386e+00,2.8484303531559658e+00,p_gamma_lepton,|+1+1+1>,7,1,1,1,5.0588781612150289e+00,2.9288349499592085e-04,5.0588781696932665e+00,5.7894949302029717e-05,2.5592248335799095e+01,4.7704619421078731e-01,2,9.9833900427320654e-01
max_c_ep_mixing_angles_polarization_04_local_minimum_1136,C_e_p,polarization_cluster_04_local_minimum_1136,cos(alpha_e)|+>+sin(alpha_e)|-> tensor cos(alpha_p)|+>+sin(alpha_p)|->,3.0660327952389386e+00,2.8484303531559658e+00,p_gamma_lepton,|-1+1+1>,5,1,-1,1,1.0836567993372477e+00,-8.5451479601208009e-07,1.0836567993375847e+00,-7.8854744097440688e-07,1.1743120587505780e+00,2.1889483530025535e-02,3,9.9833900427320654e-01
max_c_ep_mixing_angles_polarization_04_local_minimum_1136,C_e_p,polarization_cluster_04_local_minimum_1136,cos(alpha_e)|+>+sin(alpha_e)|-> tensor cos(alpha_p)|+>+sin(alpha_p)|->,3.0660327952389386e+00,2.8484303531559658e+00,p_gamma_lepton,|+1+1-1>,3,-1,1,1,-1.0752038962878965e+00,1.2217741022706404e-05,1.0752038963573127e+00,3.1415812904045737e+00,1.1560634187419470e+00,2.1549324113337525e-02,4,9.9833900427320654e-01
max_c_ep_mixing_angles_polarization_04_local_minimum_1137,C_e_p,polarization_cluster_04_local_minimum_1137,cos(alpha_e)|+>+sin(alpha_e)|-> tensor cos(alpha_p)|+>+sin(alpha_p)|->,1.7772710658083488e+00,2.9347740479548348e+00,p_gamma_lepton,|+1-1+1>,6,1,1,-1,1.3523707788378694e+01,-1.2478266880366570e-04,1.3523707788954376e+01,-9.2269568932385382e-06,1.8289067236102525e+02,2.4371608452815369e-01,1,9.5169137600894960e-01
max_c_ep_mixing_angles_polarization_04_local_minimum_1137,C_e_p,polarization_cluster_04_local_minimum_1137,cos(alpha_e)|+>+sin(alpha_e)|-> tensor cos(alpha_p)|+>+sin(alpha_p)|->,1.7772710658083488e+00,2.9347740479548348e+00,p_gamma_lepton,|-1-1-1>,0,-1,-1,-1,1.3482560145800152e+01,-2.4340561094474510e-04,1.3482560147997297e+01,-1.8053367334253843e-05,1.8177942814436491e+02,2.4223526494373882e-01,2,9.5169137600894960e-01
max_c_ep_mixing_angles_polarization_04_local_minimum_1137,C_e_p,polarization_cluster_04_local_minimum_1137,cos(alpha_e)|+>+sin(alpha_e)|-> tensor cos(alpha_p)|+>+sin(alpha_p)|->,1.7772710658083488e+00,2.9347740479548348e+00,p_gamma_lepton,|-1+1-1>,1,-1,-1,1,1.3238926577243246e+01,6.7803492901815667e-04,1.3238926594606109e+01,5.1215249549825327e-05,1.7526917737736898e+02,2.3355984806355690e-01,3,9.5169137600894960e-01
max_c_ep_mixing_angles_polarization_04_local_minimum_1137,C_e_p,polarization_cluster_04_local_minimum_1137,cos(alpha_e)|+>+sin(alpha_e)|-> tensor cos(alpha_p)|+>+sin(alpha_p)|->,1.7772710658083488e+00,2.9347740479548348e+00,p_gamma_lepton,|+1+1+1>,7,1,1,1,1.3199766612441374e+01,1.8601048307252761e-04,1.3199766613752001e+01,1.4091952420195937e-05,1.7423383865752191e+02,2.3218017847350025e-01,4,9.5169137600894960e-01
max_c_ep_mixing_angles_polarization_04_local_minimum_1138,C_e_p,polarization_cluster_04_local_minimum_1138,cos(alpha_e)|+>+sin(alpha_e)|-> tensor cos(alpha_p)|+>+sin(alpha_p)|->,3.0517240758964603e+00,2.7087325192092631e+00,p_gamma_lepton,|-1+1-1>,1,-1,-1,1,1.0563430039373254e+03,-8.7128747874720108e-02,1.0563430075305801e+03,-8.2481492614026853e-05,1.1158605495587511e+06,2.5209850359632591e-01,1,9.6704963034720359e-01
max_c_ep_mixing_angles_polarization_04_local_minimum_1138,C_e_p,polarization_cluster_04_local_minimum_1138,cos(alpha_e)|+>+sin(alpha_e)|-> tensor cos(alpha_p)|+>+sin(alpha_p)|->,3.0517240758964603e+00,2.7087325192092631e+00,p_gamma_lepton,|+1+1+1>,7,1,1,1,1.0480041837051995e+03,6.0358345337679926e-02,1.0480041854433271e+03,5.7593610988791491e-05,1.0983127727067315e+06,2.4813405813978059e-01,2,9.6704963034720359e-01
max_c_ep_mixing_angles_polarization_04_local_minimum_1138,C_e_p,polarization_cluster_04_local_minimum_1138,cos(alpha_e)|+>+sin(alpha_e)|-> tensor cos(alpha_p)|+>+sin(alpha_p)|->,3.0517240758964603e+00,2.7087325192092631e+00,p_gamma_lepton,|+1-1+1>,6,1,1,-1,1.0207689339546745e+03,8.2528667532415403e-02,1.0207689372908757e+03,8.0849509235025172e-05,1.0419692233379437e+06,2.3540475743209457e-01,3,9.6704963034720359e-01
max_c_ep_mixing_angles_polarization_04_local_minimum_1138,C_e_p,polarization_cluster_04_local_minimum_1138,cos(alpha_e)|+>+sin(alpha_e)|-> tensor cos(alpha_p)|+>+sin(alpha_p)|->,3.0517240758964603e+00,2.7087325192092631e+00,p_gamma_lepton,|-1-1-1>,0,-1,-1,-1,1.0120758387042897e+03,-6.0089197634471930e-02,1.0120758404881044e+03,-5.9372228113651144e-05,1.0242975068997032e+06,2.3141231117900257e-01,4,9.6704963034720359e-01
max_c_ep_mixing_angles_polarization_04_local_minimum_1145,C_e_p,polarization_cluster_04_local_minimum_1145,cos(alpha_e)|+>+sin(alpha_e)|-> tensor cos(alpha_p)|+>+sin(alpha_p)|->,3.0094985726843020e+00,2.2338615218592368e+00,p_gamma_lepton,|+1+1+1>,7,1,1,1,-5.3317192519523475e+00,1.4531907971686657e-02,5.3317390556917355e+00,3.1388671027306958e+00,2.8427441357988599e+01,3.6210851207611833e-01,1,9.6972400624509825e-01
max_c_ep_mixing_angles_polarization_04_local_minimum_1145,C_e_p,polarization_cluster_04_local_minimum_1145,cos(alpha_e)|+>+sin(alpha_e)|-> tensor cos(alpha_p)|+>+sin(alpha_p)|->,3.0094985726843020e+00,2.2338615218592368e+00,p_gamma_lepton,|-1+1-1>,1,-1,-1,1,-5.3282221583764162e+00,-1.7030489247228019e-02,5.3282493754119127e+00,-3.1383963846006795e+00,2.8390241406577438e+01,3.6163465940379497e-01,2,9.6972400624509825e-01
max_c_ep_mixing_angles_polarization_04_local_minimum_1145,C_e_p,polarization_cluster_04_local_minimum_1145,cos(alpha_e)|+>+sin(alpha_e)|-> tensor cos(alpha_p)|+>+sin(alpha_p)|->,3.0094985726843020e+00,2.2338615218592368e+00,p_gamma_lepton,|-1+1+1>,5,1,-1,1,3.1080771603829316e+00,-2.5836147445758219e-04,3.1080771711211868e+00,-8.3125823630024196e-05,9.6601437016446781e+00,1.2305083029433589e-01,3,9.6972400624509825e-01
max_c_ep_mixing_angles_polarization_04_local_minimum_1145,C_e_p,polarization_cluster_04_local_minimum_1145,cos(alpha_e)|+>+sin(alpha_e)|-> tensor cos(alpha_p)|+>+sin(alpha_p)|->,3.0094985726843020e+00,2.2338615218592368e+00,p_gamma_lepton,|+1+1-1>,3,-1,1,1,-3.1065507994482493e+00,-6.0269551860785077e-04,3.1065508579121066e+00,-3.1413986456530316e+00,9.6506582327944450e+00,1.2293000447084906e-01,4,9.6972400624509825e-01
max_c_ep_mixing_angles_polarization_04_local_minimum_1146,C_e_p,polarization_cluster_04_local_minimum_1146,cos(alpha_e)|+>+sin(alpha_e)|-> tensor cos(alpha_p)|+>+sin(alpha_p)|->,2.5507991311691431e+00,2.2944122053366311e+00,p_gamma_lepton,|+1+1+1>,7,1,1,1,1.2213109904464410e+02,1.0605841327349668e-02,1.2213109950514873e+02,8.6839808891040060e-05,1.4916005466336532e+04,2.7735618899116887e-01,1,9.9988667442032442e-01
max_c_ep_mixing_angles_polarization_04_local_minimum_1146,C_e_p,polarization_cluster_04_local_minimum_1146,cos(alpha_e)|+>+sin(alpha_e)|-> tensor cos(alpha_p)|+>+sin(alpha_p)|->,2.5507991311691431e+00,2.2944122053366311e+00,p_gamma_lepton,|-1+1-1>,1,-1,-1,1,1.2171657067376479e+02,-1.8915357845179288e-02,1.2171657214353492e+02,-1.5540495092985175e-04,1.4814923934372344e+04,2.7547662488493085e-01,2,9.9988667442032442e-01
max_c_ep_mixing_angles_polarization_04_local_minimum_1146,C_e_p,polarization_cluster_04_local_minimum_1146,cos(alpha_e)|+>+sin(alpha_e)|-> tensor cos(alpha_p)|+>+sin(alpha_p)|->,2.5507991311691431e+00,2.2944122053366311e+00,p_gamma_lepton,|-1-1-1>,0,-1,-1,-1,1.0987245033247893e+02,-9.0081322314431028e-03,1.0987245070175462e+02,-8.1987178623942392e-05,1.2071955423209496e+04,2.2447240029572119e-01,3,9.9988667442032442e-01
max_c_ep_mixing_angles_polarization_04_local_minimum_1146,C_e_p,polarization_cluster_04_local_minimum_1146,cos(alpha_e)|+>+sin(alpha_e)|-> tensor cos(alpha_p)|+>+sin(alpha_p)|->,2.5507991311691431e+00,2.2944122053366311e+00,p_gamma_lepton,|+1-1+1>,6,1,1,-1,1.0940869191563030e+02,1.5332282422546474e-02,1.0940869298994569e+02,1.4013769887681130e-04,1.1970262101768192e+04,2.2258146024850348e-01,4,9.9988667442032442e-01
max_c_ep_mixing_angles_polarization_04_local_minimum_1148,C_e_p,polarization_cluster_04_local_minimum_1148,cos(alpha_e)|+>+sin(alpha_e)|-> tensor cos(alpha_p)|+>+sin(alpha_p)|->,2.2220388823734090e+00,2.4329110998252710e+00,p_gamma_lepton,|-1-1-1>,0,-1,-1,-1,5.8861256181564059e+01,-4.5394980479812053e-02,5.8861273686320843e+01,-7.7121988935770029e-04,3.4646495399759656e+03,2.9564789727267066e-01,1,9.9668344311344770e-01
max_c_ep_mixing_angles_polarization_04_local_minimum_1148,C_e_p,polarization_cluster_04_local_minimum_1148,cos(alpha_e)|+>+sin(alpha_e)|-> tensor cos(alpha_p)|+>+sin(alpha_p)|->,2.2220388823734090e+00,2.4329110998252710e+00,p_gamma_lepton,|+1-1+1>,6,1,1,-1,5.8509947968105060e+01,3.5941064209766754e-02,5.8509959006911444e+01,6.1427263119087389e-04,3.4234153029904578e+03,2.9212926852833510e-01,2,9.9668344311344770e-01
max_c_ep_mixing_angles_polarization_04_local_minimum_1148,C_e_p,polarization_cluster_04_local_minimum_1148,cos(alpha_e)|+>+sin(alpha_e)|-> tensor cos(alpha_p)|+>+sin(alpha_p)|->,2.2220388823734090e+00,2.4329110998252710e+00,p_gamma_lepton,|+1+1+1>,7,1,1,1,4.9145405960912825e+01,3.9927312184583154e-02,4.9145422180027957e+01,8.1243205991053387e-04,2.4152725212531836e+03,2.0610172371255739e-01,3,9.9668344311344770e-01
max_c_ep_mixing_angles_polarization_04_local_minimum_1148,C_e_p,polarization_cluster_04_local_minimum_1148,cos(alpha_e)|+>+sin(alpha_e)|-> tensor cos(alpha_p)|+>+sin(alpha_p)|->,2.2220388823734090e+00,2.4329110998252710e+00,p_gamma_lepton,|-1+1-1>,1,-1,-1,1,4.8750720415628251e+01,-2.7943665361057163e-02,4.8750728424211125e+01,-5.7319485871187511e-04,2.3766335218911872e+03,2.0280455359988458e-01,4,9.9668344311344770e-01
max_c_ep_mixing_angles_polarization_04_local_minimum_1149,C_e_p,polarization_cluster_04_local_minimum_1149,cos(alpha_e)|+>+sin(alpha_e)|-> tensor cos(alpha_p)|+>+sin(alpha_p)|->,2.5044483392443233e+00,2.3343646419898554e+00,p_gamma_lepton,|+1+1+1>,7,1,1,1,5.0333087400811195e+01,1.8591772055845352e-02,5.0333090834476742e+01,3.6937474274638209e-04,2.5334200329516866e+03,2.9631477838516151e-01,1,9.9943748510725405e-01
max_c_ep_mixing_angles_polarization_04_local_minimum_1149,C_e_p,polarization_cluster_04_local_minimum_1149,cos(alpha_e)|+>+sin(alpha_e)|-> tensor cos(alpha_p)|+>+sin(alpha_p)|->,2.5044483392443233e+00,2.3343646419898554e+00,p_gamma_lepton,|-1+1-1>,1,-1,-1,1,5.0098187553876237e+01,-2.2318779925185769e-02,5.0098192525392541e+01,-4.4550071646087304e-04,2.5098288943112971e+03,2.9355550320490797e-01,2,9.9943748510725405e-01
max_c_ep_mixing_angles_polarization_04_local_minimum_1149,C_e_p,polarization_cluster_04_local_minimum_1149,cos(alpha_e)|+>+sin(alpha_e)|-> tensor cos(alpha_p)|+>+sin(alpha_p)|->,2.5044483392443233e+00,2.3343646419898554e+00,p_gamma_lepton,|-1-1-1>,0,-1,-1,-1,4.1974550154511078e+01,-1.4500608725975542e-02,4.1974552659215078e+01,-3.4546190717338571e-04,1.7618630709412196e+03,2.0607165753034984e-01,3,9.9943748510725405e-01
max_c_ep_mixing_angles_polarization_04_local_minimum_1149,C_e_p,polarization_cluster_04_local_minimum_1149,cos(alpha_e)|+>+sin(alpha_e)|-> tensor cos(alpha_p)|+>+sin(alpha_p)|->,2.5044483392443233e+00,2.3343646419898554e+00,p_gamma_lepton,|+1-1+1>,6,1,1,-1,4.1711359690118577e+01,2.0251159355385937e-02,4.1711364606158646e+01,4.8550701570637477e-04,1.7398379373079042e+03,2.0349554598683467e-01,4,9.9943748510725405e-01
max_c_ep_mixing_angles_polarization_04_local_minimum_1153,C_e_p,polarization_cluster_04_local_minimum_1153,cos(alpha_e)|+>+sin(alpha_e)|-> tensor cos(alpha_p)|+>+sin(alpha_p)|->,2.4871112772913659e+00,2.2583484222364674e+00,p_gamma_lepton,|+1+1+1>,7,1,1,1,-7.3064373020473255e+01,5.7206392400856289e-03,7.3064373244424488e+01,3.1415143577118996e+00,5.3384026376005731e+03,2.9153187547300385e-01,1,9.9634313884023240e-01
max_c_ep_mixing_angles_polarization_04_local_minimum_1153,C_e_p,polarization_cluster_04_local_minimum_1153,cos(alpha_e)|+>+sin(alpha_e)|-> tensor cos(alpha_p)|+>+sin(alpha_p)|->,2.4871112772913659e+00,2.2583484222364674e+00,p_gamma_lepton,|-1+1-1>,1,-1,-1,1,-7.2604986683663142e+01,-4.3879120435487860e-03,7.2604986816255774e+01,-3.1415322181811716e+00,5.2714841105886726e+03,2.8787743330967563e-01,2,9.9634313884023240e-01
max_c_ep_mixing_angles_polarization_04_local_minimum_1153,C_e_p,polarization_cluster_04_local_minimum_1153,cos(alpha_e)|+>+sin(alpha_e)|-> tensor cos(alpha_p)|+>+sin(alpha_p)|->,2.4871112772913659e+00,2.2583484222364674e+00,p_gamma_lepton,|-1-1-1>,0,-1,-1,-1,-6.2058578025880983e+01,-5.0807499223111804e-03,6.2058578233862065e+01,-3.1415107833621376e+00,3.8512671324083767e+03,2.1031892988933418e-01,3,9.9634313884023240e-01
max_c_ep_mixing_angles_polarization_04_local_minimum_1153,C_e_p,polarization_cluster_04_local_minimum_1153,cos(alpha_e)|+>+sin(alpha_e)|-> tensor cos(alpha_p)|+>+sin(alpha_p)|->,2.4871112772913659e+00,2.2583484222364674e+00,p_gamma_lepton,|+1-1+1>,6,1,1,-1,-6.1509678661007172e+01,3.3183073092047425e-03,6.1509678750514738e+01,3.1415387058635456e+00,3.7834405799915235e+03,2.0661490016821879e-01,4,9.9634313884023240e-01
max_c_ep_mixing_angles_polarization_04_local_minimum_1155,C_e_p,polarization_cluster_04_local_minimum_1155,cos(alpha_e)|+>+sin(alpha_e)|-> tensor cos(alpha_p)|+>+sin(alpha_p)|->,2.9751074875375130e+00,2.4280732668907983e+00,p_gamma_lepton,|-1+1-1>,1,-1,-1,1,-5.5910677114904752e+00,-1.0234336548973778e-02,5.5910770783558279e+00,-3.1397621758265957e+00,3.1260142896115941e+01,4.5122928228892412e-01,1,9.7623498940675080e-01
max_c_ep_mixing_angles_polarization_04_local_minimum_1155,C_e_p,polarization_cluster_04_local_minimum_1155,cos(alpha_e)|+>+sin(alpha_e)|-> tensor cos(alpha_p)|+>+sin(alpha_p)|->,2.9751074875375130e+00,2.4280732668907983e+00,p_gamma_lepton,|+1+1+1>,7,1,1,1,-5.5870832810031406e+00,-2.1268538707935443e-02,5.5871237626889556e+00,-3.1377859381886752e+00,3.1215951939603585e+01,4.5059140121278835e-01,2,9.7623498940675080e-01
max_c_ep_mixing_angles_polarization_04_local_minimum_1155,C_e_p,polarization_cluster_04_local_minimum_1155,cos(alpha_e)|+>+sin(alpha_e)|-> tensor cos(alpha_p)|+>+sin(alpha_p)|->,2.9751074875375130e+00,2.4280732668907983e+00,p_gamma_lepton,|-1+1+1>,5,1,-1,1,1.6116755228985651e+00,-1.3310231783783227e-06,1.6116755228991146e+00,-8.2586299752459009e-07,2.5974979911121352e+00,3.7493979415624483e-02,3,9.7623498940675080e-01
max_c_ep_mixing_angles_polarization_04_local_minimum_1155,C_e_p,polarization_cluster_04_local_minimum_1155,cos(alpha_e)|+>+sin(alpha_e)|-> tensor cos(alpha_p)|+>+sin(alpha_p)|->,2.9751074875375130e+00,2.4280732668907983e+00,p_gamma_lepton,|+1+1-1>,3,-1,1,1,-1.5992725275730066e+00,-9.1650387972045475e-03,1.5992987886526731e+00,-3.1358619614720924e+00,2.5577566153859075e+00,3.6920326489413825e-02,4,9.7623498940675080e-01
max_c_ep_mixing_angles_polarization_04_local_minimum_1159,C_e_p,polarization_cluster_04_local_minimum_1159,cos(alpha_e)|+>+sin(alpha_e)|-> tensor cos(alpha_p)|+>+sin(alpha_p)|->,1.6726797512293963e+00,2.6050883264707623e+00,p_gamma_lepton,|-1-1-1>,0,-1,-1,-1,3.0629208162114980e+00,8.1883128215966394e-03,3.0629317613764386e+00,2.6733610844071119e-03,9.3815509748485724e+00,2.8390989497148456e-01,1,9.7087029961793136e-01
max_c_ep_mixing_angles_polarization_04_local_minimum_1159,C_e_p,polarization_cluster_04_local_minimum_1159,cos(alpha_e)|+>+sin(alpha_e)|-> tensor cos(alpha_p)|+>+sin(alpha_p)|->,1.6726797512293963e+00,2.6050883264707623e+00,p_gamma_lepton,|+1-1+1>,6,1,1,-1,3.0542461106141907e+00,-9.0478031889577662e-03,3.0542595120494358e+00,-2.9623600701116221e-03,9.3285011669444575e+00,2.8230447115289703e-01,2,9.7087029961793136e-01
max_c_ep_mixing_angles_polarization_04_local_minimum_1159,C_e_p,polarization_cluster_04_local_minimum_1159,cos(alpha_e)|+>+sin(alpha_e)|-> tensor cos(alpha_p)|+>+sin(alpha_p)|->,1.6726797512293963e+00,2.6050883264707623e+00,p_gamma_lepton,|+1-1-1>,2,-1,1,-1,-2.5857556499246206e+00,-4.3555332734914490e-05,2.5857556502914512e+00,-3.1415758092554369e+00,6.6861322830141656e+00,2.0233958322298021e-01,3,9.7087029961793136e-01
max_c_ep_mixing_angles_polarization_04_local_minimum_1159,C_e_p,polarization_cluster_04_local_minimum_1159,cos(alpha_e)|+>+sin(alpha_e)|-> tensor cos(alpha_p)|+>+sin(alpha_p)|->,1.6726797512293963e+00,2.6050883264707623e+00,p_gamma_lepton,|-1-1+1>,4,1,-1,-1,2.5856071920132622e+00,-1.3889635500814721e-04,2.5856071957439521e+00,-5.3719047233307934e-05,6.6853645706829044e+00,2.0231635027056957e-01,4,9.7087029961793136e-01
max_c_ep_mixing_angles_polarization_04_local_minimum_1160,C_e_p,polarization_cluster_04_local_minimum_1160,cos(alpha_e)|+>+sin(alpha_e)|-> tensor cos(alpha_p)|+>+sin(alpha_p)|->,1.7041906814422543e+00,2.6541614809264251e+00,p_gamma_lepton,|-1-1-1>,0,-1,-1,-1,1.7747741097189875e+00,-5.9147538672884780e-03,1.7747839656820588e+00,-3.3326674854773164e-03,3.1498581248421353e+00,4.5027293937581248e-01,1,9.7674795935541814e-01
max_c_ep_mixing_angles_polarization_04_local_minimum_1160,C_e_p,polarization_cluster_04_local_minimum_1160,cos(alpha_e)|+>+sin(alpha_e)|-> tensor cos(alpha_p)|+>+sin(alpha_p)|->,1.7041906814422543e+00,2.6541614809264251e+00,p_gamma_lepton,|+1-1+1>,6,1,1,-1,1.7689031325726612e+00,6.2404787412999995e-03,1.7689141403698185e+00,3.5278657926708155e-03,3.1290572360002940e+00,4.4729944755833101e-01,2,9.7674795935541814e-01
max_c_ep_mixing_angles_polarization_04_local_minimum_1160,C_e_p,polarization_cluster_04_local_minimum_1160,cos(alpha_e)|+>+sin(alpha_e)|-> tensor cos(alpha_p)|+>+sin(alpha_p)|->,1.7041906814422543e+00,2.6541614809264251e+00,p_gamma_lepton,|+1+1+1>,7,1,1,1,4.6308879796513058e-01,1.6431355263740186e-03,4.6309171304952929e-01,3.5481934308784113e-03,2.1445393469514751e-01,3.0656239014172148e-02,3,9.7674795935541814e-01
max_c_ep_mixing_angles_polarization_04_local_minimum_1160,C_e_p,polarization_cluster_04_local_minimum_1160,cos(alpha_e)|+>+sin(alpha_e)|-> tensor cos(alpha_p)|+>+sin(alpha_p)|->,1.7041906814422543e+00,2.6541614809264251e+00,p_gamma_lepton,|-1+1-1>,1,-1,-1,1,4.4419987114324344e-01,-1.4298739028751138e-03,4.4420217251050470e-01,-3.2189765397674336e-03,1.9731557006305217e-01,2.8206305870159577e-02,4,9.7674795935541814e-01
max_c_ep_mixing_angles_polarization_04_local_minimum_1160,C_e_p,polarization_cluster_04_local_minimum_1160,cos(alpha_e)|+>+sin(alpha_e)|-> tensor cos(alpha_p)|+>+sin(alpha_p)|->,1.7041906814422543e+00,2.6541614809264251e+00,p_gamma_lepton,|-1-1+1>,4,1,-1,-1,3.7695967021787236e-01,-9.0517414208271199e-05,3.7695968108561601e-01,-2.4012492481280696e-04,1.4209860116416934e-01,2.0313027536942949e-02,5,9.7674795935541814e-01
max_c_ep_mixing_angles_polarization_04_local_minimum_1162,C_e_p,polarization_cluster_04_local_minimum_1162,cos(alpha_e)|+>+sin(alpha_e)|-> tensor cos(alpha_p)|+>+sin(alpha_p)|->,1.9829881345673304e+00,2.8223079661404489e+00,p_gamma_lepton,|+1+1+1>,7,1,1,1,5.8333295047939991e+01,-1.6408249346528420e-03,5.8333295071016920e+01,-2.8128445905063638e-05,3.4027733138423259e+03,2.4506681507952366e-01,1,9.5739464818201636e-01
max_c_ep_mixing_angles_polarization_04_local_minimum_1162,C_e_p,polarization_cluster_04_local_minimum_1162,cos(alpha_e)|+>+sin(alpha_e)|-> tensor cos(alpha_p)|+>+sin(alpha_p)|->,1.9829881345673304e+00,2.8223079661404489e+00,p_gamma_lepton,|-1+1-1>,1,-1,-1,1,5.7696429604429454e+01,4.3990622507868804e-03,5.7696429772132625e+01,7.6244964765112753e-05,3.3288780084506329e+03,2.3974489514204114e-01,2,9.5739464818201636e-01
max_c_ep_mixing_angles_polarization_04_local_minimum_1162,C_e_p,polarization_cluster_04_local_minimum_1162,cos(alpha_e)|+>+sin(alpha_e)|-> tensor cos(alpha_p)|+>+sin(alpha_p)|->,1.9829881345673304e+00,2.8223079661404489e+00,p_gamma_lepton,|-1-1-1>,0,-1,-1,-1,5.7596209947092639e+01,1.4479830033057054e-03,5.7596209965293966e+01,2.5140248018589285e-05,3.3173234023662271e+03,2.3891273553238251e-01,3,9.5739464818201636e-01
max_c_ep_mixing_angles_polarization_04_local_minimum_1162,C_e_p,polarization_cluster_04_local_minimum_1162,cos(alpha_e)|+>+sin(alpha_e)|-> tensor cos(alpha_p)|+>+sin(alpha_p)|->,1.9829881345673304e+00,2.8223079661404489e+00,p_gamma_lepton,|+1-1+1>,6,1,1,-1,5.6960779268442309e+01,-3.8669947358100170e-03,5.6960779399704982e+01,-6.7888725883558812e-05,3.2445303898218554e+03,2.3367020242806899e-01,4,9.5739464818201636e-01
max_c_ep_mixing_angles_polarization_04_local_minimum_1165,C_e_p,polarization_cluster_04_local_minimum_1165,cos(alpha_e)|+>+sin(alpha_e)|-> tensor cos(alpha_p)|+>+sin(alpha_p)|->,3.0249451541929102e+00,1.7545825696024917e+00,p_gamma_lepton,|-1+1+1>,5,1,-1,1,1.8452646255744205e+00,-6.0667779760586165e-03,1.8452745985872447e+00,-3.2877431414682140e-03,3.4050383441913166e+00,2.3700061105106354e-01,1,1.0000000000000000e+00
max_c_ep_mixing_angles_polarization_04_local_minimum_1165,C_e_p,polarization_cluster_04_local_minimum_1165,cos(alpha_e)|+>+sin(alpha_e)|-> tensor cos(alpha_p)|+>+sin(alpha_p)|->,3.0249451541929102e+00,1.7545825696024917e+00,p_gamma_lepton,|+1+1-1>,3,-1,1,1,-1.8408435614586107e+00,-1.2876760159341798e-02,1.8408885975842817e+00,-3.1345977353832186e+00,3.3888708287158233e+00,2.3587530476680219e-01,2,1.0000000000000000e+00
max_c_ep_mixing_angles_polarization_04_local_minimum_1165,C_e_p,polarization_cluster_04_local_minimum_1165,cos(alpha_e)|+>+sin(alpha_e)|-> tensor cos(alpha_p)|+>+sin(alpha_p)|->,3.0249451541929102e+00,1.7545825696024917e+00,p_gamma_lepton,|+1+1+1>,7,1,1,1,1.2868963707915471e+00,2.1650207898090766e-02,1.2870784749417907e+00,1.6821996053608280e-02,1.6565710006584853e+00,1.1530217863046584e-01,3,1.0000000000000000e+00
max_c_ep_mixing_angles_polarization_04_local_minimum_1165,C_e_p,polarization_cluster_04_local_minimum_1165,cos(alpha_e)|+>+sin(alpha_e)|-> tensor cos(alpha_p)|+>+sin(alpha_p)|->,3.0249451541929102e+00,1.7545825696024917e+00,p_gamma_lepton,|-1+1-1>,1,-1,-1,1,1.2835296666310245e+00,-5.2391055335719947e-03,1.2835403590650123e+00,-4.0817727659339820e-03,1.6474758533487406e+00,1.1466912982099028e-01,4,1.0000000000000000e+00
max_c_ep_mixing_angles_polarization_04_local_minimum_1165,C_e_p,polarization_cluster_04_local_minimum_1165,cos(alpha_e)|+>+sin(alpha_e)|-> tensor cos(alpha_p)|+>+sin(alpha_p)|->,3.0249451541929102e+00,1.7545825696024917e+00,p_gamma_lepton,|-1-1+1>,4,1,-1,-1,1.1976096356199628e+00,9.7135207160520196e-03,1.1976490269751323e+00,8.1105791371840971e-03,1.4343631918144817e+00,9.9835866315309191e-02,5,1.0000000000000000e+00
max_c_ep_mixing_angles_polarization_04_local_minimum_1165,C_e_p,polarization_cluster_04_local_minimum_1165,cos(alpha_e)|+>+sin(alpha_e)|-> tensor cos(alpha_p)|+>+sin(alpha_p)|->,3.0249451541929102e+00,1.7545825696024917e+00,p_gamma_lepton,|+1-1-1>,2,-1,1,-1,-1.1874535766780545e+00,2.2799860619304459e-03,1.1874557655348459e+00,3.1396725926249820e+00,1.4100511951019470e+00,9.8143680356061025e-02,6,1.0000000000000000e+00
max_c_ep_mixing_angles_polarization_04_local_minimum_1165,C_e_p,polarization_cluster_04_local_minimum_1165,cos(alpha_e)|+>+sin(alpha_e)|-> tensor cos(alpha_p)|+>+sin(alpha_p)|->,3.0249451541929102e+00,1.7545825696024917e+00,p_gamma_lepton,|-1-1-1>,0,-1,-1,-1,8.5847903743203646e-01,-9.4639464344377835e-03,8.5853120152522688e-01,-1.1023639091718074e-02,7.3707582399234972e-01,5.1302629521090055e-02,7,1.0000000000000000e+00
max_c_ep_mixing_angles_polarization_04_local_minimum_1165,C_e_p,polarization_cluster_04_local_minimum_1165,cos(alpha_e)|+>+sin(alpha_e)|-> tensor cos(alpha_p)|+>+sin(alpha_p)|->,3.0249451541929102e+00,1.7545825696024917e+00,p_gamma_lepton,|+1-1+1>,6,1,1,-1,8.2915102317413125e-01,1.6604148807066565e-02,8.2931725955047864e-01,2.0022805671636872e-02,6.8776711698831594e-01,4.7870599538217928e-02,8,1.0000000000000000e+00
max_c_ep_mixing_angles_polarization_04_local_minimum_1166,C_e_p,polarization_cluster_04_local_minimum_1166,cos(alpha_e)|+>+sin(alpha_e)|-> tensor cos(alpha_p)|+>+sin(alpha_p)|->,2.8545654640235276e+00,2.5535413482446314e+00,p_gamma_lepton,|-1+1-1>,1,-1,-1,1,7.5296466401341308e+02,-1.1643340568447458e-01,7.5296467301565349e+02,-1.5463329200049919e-04,5.6695579880957014e+05,2.5768045369725334e-01,1,9.7768868929285047e-01
max_c_ep_mixing_angles_polarization_04_local_minimum_1166,C_e_p,polarization_cluster_04_local_minimum_1166,cos(alpha_e)|+>+sin(alpha_e)|-> tensor cos(alpha_p)|+>+sin(alpha_p)|->,2.8545654640235276e+00,2.5535413482446314e+00,p_gamma_lepton,|+1+1+1>,7,1,1,1,7.4742781935786820e+02,4.1750394427530001e-02,7.4742782052393090e+02,5.5858764288403764e-05,5.5864834689315350e+05,2.5390473082188086e-01,2,9.7768868929285047e-01
max_c_ep_mixing_angles_polarization_04_local_minimum_1166,C_e_p,polarization_cluster_04_local_minimum_1166,cos(alpha_e)|+>+sin(alpha_e)|-> tensor cos(alpha_p)|+>+sin(alpha_p)|->,2.8545654640235276e+00,2.5535413482446314e+00,p_gamma_lepton,|+1-1+1>,6,1,1,-1,7.1900882253543068e+02,1.0407108244690616e-01,7.1900883006718118e+02,1.4474242659936478e-04,5.1697369771457661e+05,2.3496367310528718e-01,3,9.7768868929285047e-01
max_c_ep_mixing_angles_polarization_04_local_minimum_1166,C_e_p,polarization_cluster_04_local_minimum_1166,cos(alpha_e)|+>+sin(alpha_e)|-> tensor cos(alpha_p)|+>+sin(alpha_p)|->,2.8545654640235276e+00,2.5535413482446314e+00,p_gamma_lepton,|-1-1-1>,0,-1,-1,-1,7.1313418938779387e+02,-4.3690092478647358e-02,7.1313419072612839e+02,-6.1264896669015623e-05,5.0856037398260989e+05,2.3113983166842902e-01,4,9.7768868929285047e-01
max_c_ep_mixing_angles_polarization_04_local_minimum_1170,C_e_p,polarization_cluster_04_local_minimum_1170,cos(alpha_e)|+>+sin(alpha_e)|-> tensor cos(alpha_p)|+>+sin(alpha_p)|->,1.7905818616453275e+00,2.2173569844582794e+00,p_gamma_lepton,|+1-1+1>,6,1,1,-1,-8.7693256386888561e+02,-3.0461421201700860e-02,8.7693256439794470e+02,-3.1415579172572126e+00,7.6901072250155522e+05,2.4921116027376120e-01,1,9.5570439158430742e-01
max_c_ep_mixing_angles_polarization_04_local_minimum_1170,C_e_p,polarization_cluster_04_local_minimum_1170,cos(alpha_e)|+>+sin(alpha_e)|-> tensor cos(alpha_p)|+>+sin(alpha_p)|->,1.7905818616453275e+00,2.2173569844582794e+00,p_gamma_lepton,|-1-1-1>,0,-1,-1,-1,-8.7133604970989302e+02,-1.8152578691507552e-02,8.7133604989897970e+02,-3.1415718205498946e+00,7.5922651185355720e+05,2.4604041841463772e-01,2,9.5570439158430742e-01
max_c_ep_mixing_angles_polarization_04_local_minimum_1170,C_e_p,polarization_cluster_04_local_minimum_1170,cos(alpha_e)|+>+sin(alpha_e)|-> tensor cos(alpha_p)|+>+sin(alpha_p)|->,1.7905818616453275e+00,2.2173569844582794e+00,p_gamma_lepton,|-1+1-1>,1,-1,-1,1,-8.4577729289072965e+02,2.4432034110110586e-02,8.4577729324361474e+02,3.1415637665124163e+00,7.1533922976649529e+05,2.3181798929869463e-01,3,9.5570439158430742e-01
max_c_ep_mixing_angles_polarization_04_local_minimum_1170,C_e_p,polarization_cluster_04_local_minimum_1170,cos(alpha_e)|+>+sin(alpha_e)|-> tensor cos(alpha_p)|+>+sin(alpha_p)|->,1.7905818616453275e+00,2.2173569844582794e+00,p_gamma_lepton,|+1+1+1>,7,1,1,1,-8.3995040423545356e+02,1.7421113535234574e-02,8.3995040441611616e+02,3.1415719129443396e+00,7.0551668187879690e+05,2.2863482359721385e-01,4,9.5570439158430742e-01
max_c_ep_mixing_angles_polarization_04_local_minimum_1176,C_e_p,polarization_cluster_04_local_minimum_1176,cos(alpha_e)|+>+sin(alpha_e)|-> tensor cos(alpha_p)|+>+sin(alpha_p)|->,1.9953569196796790e+00,2.8073203490567344e+00,p_gamma_lepton,|+1+1+1>,7,1,1,1,5.4654911721828540e+01,-1.8685836198371313e-02,5.4654914916056221e+01,-3.4188757938957378e-04,2.9871597244813456e+03,2.4732000265815596e-01,1,9.6263528374301854e-01
max_c_ep_mixing_angles_polarization_04_local_minimum_1176,C_e_p,polarization_cluster_04_local_minimum_1176,cos(alpha_e)|+>+sin(alpha_e)|-> tensor cos(alpha_p)|+>+sin(alpha_p)|->,1.9953569196796790e+00,2.8073203490567344e+00,p_gamma_lepton,|-1+1-1>,1,-1,-1,1,5.3974945195951015e+01,1.1613306726360254e-02,5.3974946445316725e+01,2.1516106232232979e-04,2.9132948437748087e+03,2.4120440651411082e-01,2,9.6263528374301854e-01
max_c_ep_mixing_angles_polarization_04_local_minimum_1176,C_e_p,polarization_cluster_04_local_minimum_1176,cos(alpha_e)|+>+sin(alpha_e)|-> tensor cos(alpha_p)|+>+sin(alpha_p)|->,1.9953569196796790e+00,2.8073203490567344e+00,p_gamma_lepton,|-1-1-1>,0,-1,-1,-1,5.3852338030015076e+01,1.7766726638109475e-02,5.3852340960775173e+01,3.2991559221820103e-04,2.9000746269555834e+03,2.4010984701262991e-01,3,9.6263528374301854e-01
max_c_ep_mixing_angles_polarization_04_local_minimum_1176,C_e_p,polarization_cluster_04_local_minimum_1176,cos(alpha_e)|+>+sin(alpha_e)|-> tensor cos(alpha_p)|+>+sin(alpha_p)|->,1.9953569196796790e+00,2.8073203490567344e+00,p_gamma_lepton,|+1-1+1>,6,1,1,-1,5.3162876588404707e+01,-1.2195843849816503e-02,5.3162877987300092e+01,-2.2940526206465439e-04,2.8262915958925569e+03,2.3400102755812185e-01,4,9.6263528374301854e-01
max_c_ep_mixing_angles_polarization_04_local_minimum_1179,C_e_p,polarization_cluster_04_local_minimum_1179,cos(alpha_e)|+>+sin(alpha_e)|-> tensor cos(alpha_p)|+>+sin(alpha_p)|->,1.8275842768683874e+00,2.2845795785608991e+00,p_gamma_lepton,|-1-1-1>,0,-1,-1,-1,-6.7425480536055549e+00,4.4432107911611835e-04,6.7425480682455117e+00,3.1415267554938597e+00,4.5461954452601269e+01,4.6821264260501322e-01,1,9.9118981344290702e-01
max_c_ep_mixing_angles_polarization_04_local_minimum_1179,C_e_p,polarization_cluster_04_local_minimum_1179,cos(alpha_e)|+>+sin(alpha_e)|-> tensor cos(alpha_p)|+>+sin(alpha_p)|->,1.8275842768683874e+00,2.2845795785608991e+00,p_gamma_lepton,|+1-1+1>,6,1,1,-1,-6.7410074314492663e+00,-2.1059276961119116e-04,6.7410074347387834e+00,-3.1415614130413019e+00,4.5441181235203544e+01,4.6799869925105253e-01,2,9.9118981344290702e-01
max_c_ep_mixing_angles_polarization_04_local_minimum_1179,C_e_p,polarization_cluster_04_local_minimum_1179,cos(alpha_e)|+>+sin(alpha_e)|-> tensor cos(alpha_p)|+>+sin(alpha_p)|->,1.8275842768683874e+00,2.2845795785608991e+00,p_gamma_lepton,|+1+1+1>,7,1,1,1,-1.6363343258089562e+00,-1.0321705316917490e-04,1.6363343290643302e+00,-3.1415295753719716e+00,2.6775900364744114e+00,2.7576498236511784e-02,3,9.9118981344290702e-01
max_c_ep_mixing_angles_polarization_04_local_minimum_1179,C_e_p,polarization_cluster_04_local_minimum_1179,cos(alpha_e)|+>+sin(alpha_e)|-> tensor cos(alpha_p)|+>+sin(alpha_p)|->,1.8275842768683874e+00,2.2845795785608991e+00,p_gamma_lepton,|-1+1-1>,1,-1,-1,1,-1.6311481213320367e+00,1.8129049944446055e-04,1.6311481314066107e+00,3.1414815107105372e+00,2.6606442265912778e+00,2.7401973350329505e-02,4,9.9118981344290702e-01
max_c_ep_mixing_angles_polarization_04_local_minimum_1182,C_e_p,polarization_cluster_04_local_minimum_1182,cos(alpha_e)|+>+sin(alpha_e)|-> tensor cos(alpha_p)|+>+sin(alpha_p)|->,3.0257004050650327e+00,2.5708096599414780e+00,p_gamma_lepton,|-1+1-1>,1,-1,-1,1,8.3903359375499473e+00,8.1127770410840272e-01,8.4294666888318357e+00,9.6392265872955421e-02,7.1055908658125546e+01,2.6231102305196102e-01,1,9.9191994483919266e-01
max_c_ep_mixing_angles_polarization_04_local_minimum_1182,C_e_p,polarization_cluster_04_local_minimum_1182,cos(alpha_e)|+>+sin(alpha_e)|-> tensor cos(alpha_p)|+>+sin(alpha_p)|->,3.0257004050650327e+00,2.5708096599414780e+00,p_gamma_lepton,|+1+1+1>,7,1,1,1,8.3380541865493960e+00,-7.0035044427324211e-01,8.3674152737047560e+00,-8.3797773218338298e-02,7.0013638362627631e+01,2.5846336291120986e-01,2,9.9191994483919266e-01
max_c_ep_mixing_angles_polarization_04_local_minimum_1182,C_e_p,polarization_cluster_04_local_minimum_1182,cos(alpha_e)|+>+sin(alpha_e)|-> tensor cos(alpha_p)|+>+sin(alpha_p)|->,3.0257004050650327e+00,2.5708096599414780e+00,p_gamma_lepton,|-1+1+1>,5,1,-1,1,8.0209316082957898e+00,6.5493806492711521e-03,8.0209342821983896e+00,8.1653597282127651e-04,6.4335386759345369e+01,2.3750144693079853e-01,3,9.9191994483919266e-01
max_c_ep_mixing_angles_polarization_04_local_minimum_1182,C_e_p,polarization_cluster_04_local_minimum_1182,cos(alpha_e)|+>+sin(alpha_e)|-> tensor cos(alpha_p)|+>+sin(alpha_p)|->,3.0257004050650327e+00,2.5708096599414780e+00,p_gamma_lepton,|+1+1-1>,3,-1,1,1,-7.9544307593759660e+00,-1.3238956020130302e-01,7.9555323958461006e+00,-3.1249506911414007e+00,6.3290495701356797e+01,2.3364411194522328e-01,4,9.9191994483919266e-01
max_c_ep_mixing_angles_polarization_04_local_minimum_1183,C_e_p,polarization_cluster_04_local_minimum_1183,cos(alpha_e)|+>+sin(alpha_e)|-> tensor cos(alpha_p)|+>+sin(alpha_p)|->,2.8400143022879805e+00,1.8404867640666911e+00,p_gamma_lepton,|-1-1-1>,0,-1,-1,-1,-2.0328010736145945e+01,-5.6733553507942033e-03,2.0328011527835812e+01,-3.1413135630640587e+00,4.1322805267582584e+02,2.4504993515177881e-01,1,9.5834774467506101e-01
max_c_ep_mixing_angles_polarization_04_local_minimum_1183,C_e_p,polarization_cluster_04_local_minimum_1183,cos(alpha_e)|+>+sin(alpha_e)|-> tensor cos(alpha_p)|+>+sin(alpha_p)|->,2.8400143022879805e+00,1.8404867640666911e+00,p_gamma_lepton,|+1-1+1>,6,1,1,-1,-2.0111068205350843e+01,3.5152479466536539e-03,2.0111068512568934e+01,3.1414178618843023e+00,4.0445507671724181e+02,2.3984743939715092e-01,2,9.5834774467506101e-01
max_c_ep_mixing_angles_polarization_04_local_minimum_1183,C_e_p,polarization_cluster_04_local_minimum_1183,cos(alpha_e)|+>+sin(alpha_e)|-> tensor cos(alpha_p)|+>+sin(alpha_p)|->,2.8400143022879805e+00,1.8404867640666911e+00,p_gamma_lepton,|+1+1+1>,7,1,1,1,-2.0087665993134550e+01,5.1338304364157176e-03,2.0087666649164337e+01,3.1413370823190245e+00,4.0351435140794916e+02,2.3928957631272318e-01,3,9.5834774467506101e-01
max_c_ep_mixing_angles_polarization_04_local_minimum_1183,C_e_p,polarization_cluster_04_local_minimum_1183,cos(alpha_e)|+>+sin(alpha_e)|-> tensor cos(alpha_p)|+>+sin(alpha_p)|->,2.8400143022879805e+00,1.8404867640666911e+00,p_gamma_lepton,|-1+1-1>,1,-1,-1,1,-1.9871226994235823e+01,-3.9949646067920612e-03,1.9871227395815001e+01,-3.1413916109186926e+00,3.9486567821618866e+02,2.3416079381340807e-01,4,9.5834774467506101e-01
max_c_ep_mixing_angles_polarization_04_local_minimum_1184,C_e_p,polarization_cluster_04_local_minimum_1184,cos(alpha_e)|+>+sin(alpha_e)|-> tensor cos(alpha_p)|+>+sin(alpha_p)|->,2.8857454674694196e+00,1.5991167029978559e+00,p_gamma_lepton,|+1-1+1>,6,1,1,-1,7.2445329562816028e+01,7.0801534964654689e-01,7.2448789232121470e+01,9.7727874736213520e-03,5.2488270612003616e+03,1.5192847203502452e-01,1,1.0000000000000002e+00
max_c_ep_mixing_angles_polarization_04_local_minimum_1184,C_e_p,polarization_cluster_04_local_minimum_1184,cos(alpha_e)|+>+sin(alpha_e)|-> tensor cos(alpha_p)|+>+sin(alpha_p)|->,2.8857454674694196e+00,1.5991167029978559e+00,p_gamma_lepton,|-1-1-1>,0,-1,-1,-1,7.1864395938324904e+01,6.6672189780665558e-01,7.1867488627816570e+01,9.2772333419674936e-03,5.1649359216693420e+03,1.4950022425745152e-01,2,1.0000000000000002e+00
max_c_ep_mixing_angles_polarization_04_local_minimum_1184,C_e_p,polarization_cluster_04_local_minimum_1184,cos(alpha_e)|+>+sin(alpha_e)|-> tensor cos(alpha_p)|+>+sin(alpha_p)|->,2.8857454674694196e+00,1.5991167029978559e+00,p_gamma_lepton,|-1+1-1>,1,-1,-1,1,6.9433159773659384e+01,-6.7787231952738813e-01,6.9436468710873342e+01,-9.7626377051129466e-03,4.8214231870360927e+03,1.3955717140223567e-01,3,1.0000000000000002e+00
max_c_ep_mixing_angles_polarization_04_local_minimum_1184,C_e_p,polarization_cluster_04_local_minimum_1184,cos(alpha_e)|+>+sin(alpha_e)|-> tensor cos(alpha_p)|+>+sin(alpha_p)|->,2.8857454674694196e+00,1.5991167029978559e+00,p_gamma_lepton,|+1+1+1>,7,1,1,1,6.8854726256414224e+01,-6.3798829552302416e-01,6.8857681901956028e+01,-9.2654502212226805e-03,4.7413803569109623e+03,1.3724031380024621e-01,4,1.0000000000000002e+00
max_c_ep_mixing_angles_polarization_04_local_minimum_1184,C_e_p,polarization_cluster_04_local_minimum_1184,cos(alpha_e)|+>+sin(alpha_e)|-> tensor cos(alpha_p)|+>+sin(alpha_p)|->,2.8857454674694196e+00,1.5991167029978559e+00,p_gamma_lepton,|-1-1+1>,4,1,-1,-1,-6.2995169043316828e+01,-6.0792902455541564e-01,6.2998102356300862e+01,-3.1319425460874819e+00,3.9687609004949613e+03,1.1487667100745627e-01,5,1.0000000000000002e+00
max_c_ep_mixing_angles_polarization_04_local_minimum_1184,C_e_p,polarization_cluster_04_local_minimum_1184,cos(alpha_e)|+>+sin(alpha_e)|-> tensor cos(alpha_p)|+>+sin(alpha_p)|->,2.8857454674694196e+00,1.5991167029978559e+00,p_gamma_lepton,|+1-1-1>,2,-1,1,-1,6.1881321746327927e+01,6.0088411396556751e-01,6.1884239049946913e+01,9.7099611390850347e-03,3.8296590427909737e+03,1.1085033665660281e-01,6,1.0000000000000002e+00
max_c_ep_mixing_angles_polarization_04_local_minimum_1184,C_e_p,polarization_cluster_04_local_minimum_1184,cos(alpha_e)|+>+sin(alpha_e)|-> tensor cos(alpha_p)|+>+sin(alpha_p)|->,2.8857454674694196e+00,1.5991167029978559e+00,p_gamma_lepton,|+1+1-1>,3,-1,1,1,5.8768627005758347e+01,-5.4820734821829487e-01,5.8771183852621093e+01,-9.3279607855416766e-03,3.4540520514385894e+03,9.9978308369812571e-02,7,1.0000000000000002e+00
max_c_ep_mixing_angles_polarization_04_local_minimum_1184,C_e_p,polarization_cluster_04_local_minimum_1184,cos(alpha_e)|+>+sin(alpha_e)|-> tensor cos(alpha_p)|+>+sin(alpha_p)|->,2.8857454674694196e+00,1.5991167029978559e+00,p_gamma_lepton,|-1+1+1>,5,1,-1,1,-5.7608023253812171e+01,5.4007146230029024e-01,5.7610554765564920e+01,3.1322179934219010e+00,3.3189760203961550e+03,9.6068502471170630e-02,8,1.0000000000000002e+00
max_c_ep_mixing_angles_polarization_04_local_minimum_1185,C_e_p,polarization_cluster_04_local_minimum_1185,cos(alpha_e)|+>+sin(alpha_e)|-> tensor cos(alpha_p)|+>+sin(alpha_p)|->,2.2863786081164243e+00,1.4465730248228816e+00,p_gamma_lepton,|+1-1+1>,6,1,1,-1,-6.3908914202967742e+02,5.1630793639710355e-02,6.3908914411525416e+02,3.1415118654960330e+00,4.0843493412596808e+05,2.1459575796151922e-01,1,1.0000000000000000e+00
max_c_ep_mixing_angles_polarization_04_local_minimum_1185,C_e_p,polarization_cluster_04_local_minimum_1185,cos(alpha_e)|+>+sin(alpha_e)|-> tensor cos(alpha_p)|+>+sin(alpha_p)|->,2.2863786081164243e+00,1.4465730248228816e+00,p_gamma_lepton,|-1-1-1>,0,-1,-1,-1,-6.2952940681491236e+02,-4.0195593962095667e-03,6.2952940682774488e+02,-3.1415862685673419e+00,3.9630727406089217e+05,2.0822376529753731e-01,2,1.0000000000000000e+00
max_c_ep_mixing_angles_polarization_04_local_minimum_1185,C_e_p,polarization_cluster_04_local_minimum_1185,cos(alpha_e)|+>+sin(alpha_e)|-> tensor cos(alpha_p)|+>+sin(alpha_p)|->,2.2863786081164243e+00,1.4465730248228816e+00,p_gamma_lepton,|-1+1-1>,1,-1,-1,1,-6.2028869577331534e+02,-4.6320500957376179e-02,6.2028869750282354e+02,-3.1415179778763926e+00,3.8475806824974931e+05,2.0215569822536222e-01,3,1.0000000000000000e+00
max_c_ep_mixing_angles_polarization_04_local_minimum_1185,C_e_p,polarization_cluster_04_local_minimum_1185,cos(alpha_e)|+>+sin(alpha_e)|-> tensor cos(alpha_p)|+>+sin(alpha_p)|->,2.2863786081164243e+00,1.4465730248228816e+00,p_gamma_lepton,|+1+1+1>,7,1,1,1,-6.1066701937688333e+02,4.7767176542929477e-03,6.1066701939556538e+02,3.1415848314584145e+00,3.7291420857746381e+05,1.9593281709742205e-01,4,1.0000000000000000e+00
max_c_ep_mixing_angles_polarization_04_local_minimum_1185,C_e_p,polarization_cluster_04_local_minimum_1185,cos(alpha_e)|+>+sin(alpha_e)|-> tensor cos(alpha_p)|+>+sin(alpha_p)|->,2.2863786081164243e+00,1.4465730248228816e+00,p_gamma_lepton,|+1-1-1>,2,-1,1,-1,-3.0200391271955226e+02,2.5500010474795696e-02,3.0200391379611204e+02,3.1415082175631719e+00,9.1206363948169441e+04,4.7920726576084503e-02,5,1.0000000000000000e+00
max_c_ep_mixing_angles_polarization_04_local_minimum_1185,C_e_p,polarization_cluster_04_local_minimum_1185,cos(alpha_e)|+>+sin(alpha_e)|-> tensor cos(alpha_p)|+>+sin(alpha_p)|->,2.2863786081164243e+00,1.4465730248228816e+00,p_gamma_lepton,|-1-1+1>,4,1,-1,-1,3.0093837888179388e+02,-1.2534262637551195e-02,3.0093837914282363e+02,-4.1650595304185249e-05,9.0563908041109840e+04,4.7583173882098269e-02,6,1.0000000000000000e+00
max_c_ep_mixing_angles_polarization_04_local_minimum_1185,C_e_p,polarization_cluster_04_local_minimum_1185,cos(alpha_e)|+>+sin(alpha_e)|-> tensor cos(alpha_p)|+>+sin(alpha_p)|->,2.2863786081164243e+00,1.4465730248228816e+00,p_gamma_lepton,|-1+1+1>,5,1,-1,1,2.8251017328986484e+02,1.0544179846375444e-02,2.8251017348663601e+02,3.7323186342959334e-05,7.9811998123449172e+04,4.1934013965716700e-02,7,1.0000000000000000e+00
max_c_ep_mixing_angles_polarization_04_local_minimum_1185,C_e_p,polarization_cluster_04_local_minimum_1185,cos(alpha_e)|+>+sin(alpha_e)|-> tensor cos(alpha_p)|+>+sin(alpha_p)|->,2.2863786081164243e+00,1.4465730248228816e+00,p_gamma_lepton,|+1+1-1>,3,-1,1,1,-2.8156552279108757e+02,1.0468030904692092e-02,2.8156552298567760e+02,3.1415554756327904e+00,7.9279143734198136e+04,4.1654046994259793e-02,8,1.0000000000000000e+00
max_c_ep_mixing_angles_polarization_04_local_minimum_1186,C_e_p,polarization_cluster_04_local_minimum_1186,cos(alpha_e)|+>+sin(alpha_e)|-> tensor cos(alpha_p)|+>+sin(alpha_p)|->,1.7321803829741156e+00,2.5567470764540130e+00,p_gamma_lepton,|-1-1-1>,0,-1,-1,-1,4.4375432684774117e+00,2.8235506876964104e-03,4.4375441667714899e+00,6.3628682264471972e-04,1.9691798232047677e+01,4.2546301860745966e-01,1,9.9307688859009569e-01
max_c_ep_mixing_angles_polarization_04_local_minimum_1186,C_e_p,polarization_cluster_04_local_minimum_1186,cos(alpha_e)|+>+sin(alpha_e)|-> tensor cos(alpha_p)|+>+sin(alpha_p)|->,1.7321803829741156e+00,2.5567470764540130e+00,p_gamma_lepton,|+1-1+1>,6,1,1,-1,4.4242803525391707e+00,-3.0850243300317116e-03,4.4242814281235825e+00,-6.9729392900298021e-04,1.9574266155239247e+01,4.2292360846355842e-01,2,9.9307688859009569e-01
max_c_ep_mixing_angles_polarization_04_local_minimum_1186,C_e_p,polarization_cluster_04_local_minimum_1186,cos(alpha_e)|+>+sin(alpha_e)|-> tensor cos(alpha_p)|+>+sin(alpha_p)|->,1.7321803829741156e+00,2.5567470764540130e+00,p_gamma_lepton,|+1-1-1>,2,-1,1,-1,-1.4634622744616550e+00,-7.0844032554581509e-05,1.4634622761763820e+00,-3.1415442450768198e+00,2.1417218337913577e+00,4.6274262293597566e-02,3,9.9307688859009569e-01
max_c_ep_mixing_angles_polarization_04_local_minimum_1186,C_e_p,polarization_cluster_04_local_minimum_1186,cos(alpha_e)|+>+sin(alpha_e)|-> tensor cos(alpha_p)|+>+sin(alpha_p)|->,1.7321803829741156e+00,2.5567470764540130e+00,p_gamma_lepton,|-1-1+1>,4,1,-1,-1,1.4617540154225828e+00,4.7997798417446870e-05,1.4617540162106049e+00,3.2835756148972063e-05,2.1367248039078333e+00,4.6166295951810869e-02,4,9.9307688859009569e-01
max_c_ep_mixing_angles_polarization_04_local_minimum_1186,C_e_p,polarization_cluster_04_local_minimum_1186,cos(alpha_e)|+>+sin(alpha_e)|-> tensor cos(alpha_p)|+>+sin(alpha_p)|->,1.7321803829741156e+00,2.5567470764540130e+00,p_gamma_lepton,|+1+1+1>,7,1,1,1,1.1196559484203508e+00,-7.7292671737584856e-04,1.1196562152057146e+00,-6.9032509110252482e-04,1.2536300402487859e+00,2.7086059630308131e-02,5,9.9307688859009569e-01
max_c_ep_mixing_angles_polarization_04_local_minimum_1186,C_e_p,polarization_cluster_04_local_minimum_1186,cos(alpha_e)|+>+sin(alpha_e)|-> tensor cos(alpha_p)|+>+sin(alpha_p)|->,1.7321803829741156e+00,2.5567470764540130e+00,p_gamma_lepton,|-1+1-1>,1,-1,-1,1,1.0791913840920992e+00,6.2918175145903750e-04,1.0791915675024046e+00,5.8301214172627811e-04,1.1646544393682972e+00,2.5163643643361020e-02,6,9.9307688859009569e-01
max_c_ep_mixing_angles_polarization_04_local_minimum_1191,C_e_p,polarization_cluster_04_local_minimum_1191,cos(alpha_e)|+>+sin(alpha_e)|-> tensor cos(alpha_p)|+>+sin(alpha_p)|->,2.7011398150760084e+00,1.9260646361955052e+00,p_gamma_lepton,|-1-1-1>,0,-1,-1,-1,-4.8726282760987303e+01,3.1495823430001471e-03,4.8726282862779065e+01,3.1415280153255929e+00,2.3742506416235569e+03,2.5029204849683406e-01,1,9.6925614092888934e-01
max_c_ep_mixing_angles_polarization_04_local_minimum_1191,C_e_p,polarization_cluster_04_local_minimum_1191,cos(alpha_e)|+>+sin(alpha_e)|-> tensor cos(alpha_p)|+>+sin(alpha_p)|->,2.7011398150760084e+00,1.9260646361955052e+00,p_gamma_lepton,|+1-1+1>,6,1,1,-1,-4.8011548227080489e+01,1.6598869259307956e-04,4.8011548227367420e+01,3.1415891963238076e+00,2.3051087631888277e+03,2.4300315401915859e-01,2,9.6925614092888934e-01
max_c_ep_mixing_angles_polarization_04_local_minimum_1191,C_e_p,polarization_cluster_04_local_minimum_1191,cos(alpha_e)|+>+sin(alpha_e)|-> tensor cos(alpha_p)|+>+sin(alpha_p)|->,2.7011398150760084e+00,1.9260646361955052e+00,p_gamma_lepton,|+1+1+1>,7,1,1,1,-4.7878821423544181e+01,-3.0529699209699175e-03,4.7878821520879761e+01,-3.1415288890729136e+00,2.2923815502282582e+03,2.4166145902381553e-01,3,9.6925614092888934e-01
max_c_ep_mixing_angles_polarization_04_local_minimum_1191,C_e_p,polarization_cluster_04_local_minimum_1191,cos(alpha_e)|+>+sin(alpha_e)|-> tensor cos(alpha_p)|+>+sin(alpha_p)|->,2.7011398150760084e+00,1.9260646361955052e+00,p_gamma_lepton,|-1+1-1>,1,-1,-1,1,-4.7143890290493630e+01,1.8122424883045500e-04,4.7143890290841952e+01,3.1415888095233040e+00,2.2225463917549414e+03,2.3429947938908122e-01,4,9.6925614092888934e-01
max_c_ep_mixing_angles_polarization_04_local_minimum_1192,C_e_p,polarization_cluster_04_local_minimum_1192,cos(alpha_e)|+>+sin(alpha_e)|-> tensor cos(alpha_p)|+>+sin(alpha_p)|->,2.7044122227629361e+00,1.9247921126191239e+00,p_gamma_lepton,|-1-1-1>,0,-1,-1,-1,-4.7405330927088791e+01,-1.5597866316591699e-03,4.7405330952749765e+01,-3.1415597503993591e+00,2.2472654027397348e+03,2.5030668042321919e-01,1,9.6921085373292037e-01
max_c_ep_mixing_angles_polarization_04_local_minimum_1192,C_e_p,polarization_cluster_04_local_minimum_1192,cos(alpha_e)|+>+sin(alpha_e)|-> tensor cos(alpha_p)|+>+sin(alpha_p)|->,2.7044122227629361e+00,1.9247921126191239e+00,p_gamma_lepton,|+1-1+1>,6,1,1,-1,-4.6706332532652155e+01,3.0548441614914822e-03,4.6706332632553739e+01,3.1415272482369967e+00,2.1814815079827545e+03,2.4297948698097799e-01,2,9.6921085373292037e-01
max_c_ep_mixing_angles_polarization_04_local_minimum_1192,C_e_p,polarization_cluster_04_local_minimum_1192,cos(alpha_e)|+>+sin(alpha_e)|-> tensor cos(alpha_p)|+>+sin(alpha_p)|->,2.7044122227629361e+00,1.9247921126191239e+00,p_gamma_lepton,|+1+1+1>,7,1,1,1,-4.6577682718385518e+01,1.3990676199292604e-03,4.6577682739397623e+01,3.1415626162942933e+00,2.1694805293719792e+03,2.4164278455400562e-01,3,9.6921085373292037e-01
max_c_ep_mixing_angles_polarization_04_local_minimum_1192,C_e_p,polarization_cluster_04_local_minimum_1192,cos(alpha_e)|+>+sin(alpha_e)|-> tensor cos(alpha_p)|+>+sin(alpha_p)|->,2.7044122227629361e+00,1.9247921126191239e+00,p_gamma_lepton,|-1+1-1>,1,-1,-1,1,-4.5862775343192723e+01,-2.8192611710753253e-03,4.5862775429845058e+01,-3.1415311819246701e+00,2.1033941701283998e+03,2.3428190177471761e-01,4,9.6921085373292037e-01
max_c_ep_mixing_angles_polarization_04_local_minimum_1196,C_e_p,polarization_cluster_04_local_minimum_1196,cos(alpha_e)|+>+sin(alpha_e)|-> tensor cos(alpha_p)|+>+sin(alpha_p)|->,2.8509358804017300e+00,2.2298942329109073e+00,p_gamma_lepton,|-1+1-1>,1,-1,-1,1,4.9718103460812091e+02,1.7343476784723277e-01,4.9718106485828707e+02,3.4883623617910464e-04,2.4718901125362027e+05,2.4381324634296100e-01,1,9.4335831826345951e-01
max_c_ep_mixing_angles_polarization_04_local_minimum_1196,C_e_p,polarization_cluster_04_local_minimum_1196,cos(alpha_e)|+>+sin(alpha_e)|-> tensor cos(alpha_p)|+>+sin(alpha_p)|->,2.8509358804017300e+00,2.2298942329109073e+00,p_gamma_lepton,|+1+1+1>,7,1,1,1,4.9595102172749989e+02,1.4395210613169640e-01,4.9595104261888582e+02,2.9025467391464023e-04,2.4596743667476001e+05,2.4260835433659117e-01,2,9.4335831826345951e-01
max_c_ep_mixing_angles_polarization_04_local_minimum_1196,C_e_p,polarization_cluster_04_local_minimum_1196,cos(alpha_e)|+>+sin(alpha_e)|-> tensor cos(alpha_p)|+>+sin(alpha_p)|->,2.8509358804017300e+00,2.2298942329109073e+00,p_gamma_lepton,|+1-1+1>,6,1,1,-1,4.8191134815242754e+02,-1.2604423995748221e-01,4.8191136463590544e+02,-2.6155067226895474e-04,2.3223856336524061e+05,2.2906697095045517e-01,3,9.4335831826345951e-01
max_c_ep_mixing_angles_polarization_04_local_minimum_1196,C_e_p,polarization_cluster_04_local_minimum_1196,cos(alpha_e)|+>+sin(alpha_e)|-> tensor cos(alpha_p)|+>+sin(alpha_p)|->,2.8509358804017300e+00,2.2298942329109073e+00,p_gamma_lepton,|-1-1-1>,0,-1,-1,-1,4.8065033303338305e+02,-1.4140426791338004e-01,4.8065035383350028e+02,-2.9419362500275441e-04,2.3102476264026901e+05,2.2786974663345216e-01,4,9.4335831826345951e-01
max_c_ep_mixing_angles_polarization_04_local_minimum_1197,C_e_p,polarization_cluster_04_local_minimum_1197,cos(alpha_e)|+>+sin(alpha_e)|-> tensor cos(alpha_p)|+>+sin(alpha_p)|->,1.8615584102237093e+00,2.4823365521044969e+00,p_gamma_lepton,|+1-1+1>,6,1,1,-1,-4.9729643357819464e+02,-1.1596978496193313e-02,4.9729643371341569e+02,-3.1415693335381882e+00,2.4730374298408159e+05,2.4376487657818885e-01,1,9.4340224983724152e-01
max_c_ep_mixing_angles_polarization_04_local_minimum_1197,C_e_p,polarization_cluster_04_local_minimum_1197,cos(alpha_e)|+>+sin(alpha_e)|-> tensor cos(alpha_p)|+>+sin(alpha_p)|->,1.8615584102237093e+00,2.4823365521044969e+00,p_gamma_lepton,|-1-1-1>,0,-1,-1,-1,-4.9613781455405115e+02,-4.1966469520492516e-02,4.9613781632894569e+02,-3.1415080672748839e+00,2.4615273279165459e+05,2.4263033710817661e-01,2,9.4340224983724152e-01
max_c_ep_mixing_angles_polarization_04_local_minimum_1197,C_e_p,polarization_cluster_04_local_minimum_1197,cos(alpha_e)|+>+sin(alpha_e)|-> tensor cos(alpha_p)|+>+sin(alpha_p)|->,1.8615584102237093e+00,2.4823365521044969e+00,p_gamma_lepton,|-1+1-1>,1,-1,-1,1,-4.8210916257218037e+02,3.7543573945951376e-03,4.8210916258679862e+02,3.1415848662302364e+00,2.3242924465014428e+05,2.2910322929868085e-01,3,9.4340224983724152e-01
max_c_ep_mixing_angles_polarization_04_local_minimum_1197,C_e_p,polarization_cluster_04_local_minimum_1197,cos(alpha_e)|+>+sin(alpha_e)|-> tensor cos(alpha_p)|+>+sin(alpha_p)|->,1.8615584102237093e+00,2.4823365521044969e+00,p_gamma_lepton,|+1+1+1>,7,1,1,1,-4.8084551341615628e+02,4.2042536443142042e-02,4.8084551525414253e+02,3.1415052189872794e+00,2.3121240954002176e+05,2.2790380685219522e-01,4,9.4340224983724152e-01
max_c_ep_mixing_angles_polarization_04_local_minimum_1201,C_e_p,polarization_cluster_04_local_minimum_1201,cos(alpha_e)|+>+sin(alpha_e)|-> tensor cos(alpha_p)|+>+sin(alpha_p)|->,1.7801412870828550e+00,2.6605026855889866e+00,p_gamma_lepton,|-1-1-1>,0,-1,-1,-1,2.5122726829090309e+00,1.5600628436070374e-03,2.5122731672903358e+00,6.2097663748597641e-04,6.3115164670870154e+00,4.2063313761963850e-01,1,9.8090322359543947e-01
max_c_ep_mixing_angles_polarization_04_local_minimum_1201,C_e_p,polarization_cluster_04_local_minimum_1201,cos(alpha_e)|+>+sin(alpha_e)|-> tensor cos(alpha_p)|+>+sin(alpha_p)|->,1.7801412870828550e+00,2.6605026855889866e+00,p_gamma_lepton,|+1-1+1>,6,1,1,-1,2.4951603070145274e+00,-1.6622845616497193e-03,2.4951608607243734e+00,-6.6620341428739441e-04,6.2258277208907957e+00,4.1492238231080475e-01,2,9.8090322359543947e-01
max_c_ep_mixing_angles_polarization_04_local_minimum_1201,C_e_p,polarization_cluster_04_local_minimum_1201,cos(alpha_e)|+>+sin(alpha_e)|-> tensor cos(alpha_p)|+>+sin(alpha_p)|->,1.7801412870828550e+00,2.6605026855889866e+00,p_gamma_lepton,|+1+1+1>,7,1,1,1,1.0631002163942824e+00,-7.1176534060523905e-04,1.0631004546643135e+00,-6.6951847368495760e-04,1.1301825767074705e+00,7.5321397924344030e-02,3,9.8090322359543947e-01
max_c_ep_mixing_angles_polarization_04_local_minimum_1201,C_e_p,polarization_cluster_04_local_minimum_1201,cos(alpha_e)|+>+sin(alpha_e)|-> tensor cos(alpha_p)|+>+sin(alpha_p)|->,1.7801412870828550e+00,2.6605026855889866e+00,p_gamma_lepton,|-1+1-1>,1,-1,-1,1,1.0250514160461830e+00,6.0612913524961810e-04,1.0250515952530455e+00,5.9131576730301380e-04,1.0507307729308137e+00,7.0026305740652162e-02,4,9.8090322359543947e-01
max_c_ep_mixing_angles_polarization_04_local_minimum_1203,C_e_p,polarization_cluster_04_local_minimum_1203,cos(alpha_e)|+>+sin(alpha_e)|-> tensor cos(alpha_p)|+>+sin(alpha_p)|->,1.6840459779439414e+00,2.0360052480604880e+00,p_gamma_lepton,|+1-1+1>,6,1,1,-1,-1.1811986144446745e+01,3.1144901705043977e-02,1.1812027204570100e+01,3.1389559395648767e+00,1.3952398668150408e+02,3.0376019689736161e-01,1,9.9148473535324977e-01
max_c_ep_mixing_angles_polarization_04_local_minimum_1203,C_e_p,polarization_cluster_04_local_minimum_1203,cos(alpha_e)|+>+sin(alpha_e)|-> tensor cos(alpha_p)|+>+sin(alpha_p)|->,1.6840459779439414e+00,2.0360052480604880e+00,p_gamma_lepton,|-1-1-1>,0,-1,-1,-1,-1.1779421154263316e+01,-2.9864144946168687e-02,1.1779459011205034e+01,-3.1390573778262492e+00,1.3875565459665950e+02,3.0208744720803604e-01,2,9.9148473535324977e-01
max_c_ep_mixing_angles_polarization_04_local_minimum_1203,C_e_p,polarization_cluster_04_local_minimum_1203,cos(alpha_e)|+>+sin(alpha_e)|-> tensor cos(alpha_p)|+>+sin(alpha_p)|->,1.6840459779439414e+00,2.0360052480604880e+00,p_gamma_lepton,|+1-1-1>,2,-1,1,-1,-9.4142902315468273e+00,5.5697873734855067e-04,9.4142902480231268e+00,3.1415334904746777e+00,8.8628860874023346e+01,1.9295549726039393e-01,3,9.9148473535324977e-01
max_c_ep_mixing_angles_polarization_04_local_minimum_1203,C_e_p,polarization_cluster_04_local_minimum_1203,cos(alpha_e)|+>+sin(alpha_e)|-> tensor cos(alpha_p)|+>+sin(alpha_p)|->,1.6840459779439414e+00,2.0360052480604880e+00,p_gamma_lepton,|-1-1+1>,4,1,-1,-1,9.4076056691120229e+00,-2.5353488347698758e-03,9.4076060107501522e+00,-2.6949989854626048e-04,8.8503050853502387e+01,1.9268159398745818e-01,4,9.9148473535324977e-01
max_c_ep_mixing_angles_polarization_04_local_minimum_1208,C_e_p,polarization_cluster_04_local_minimum_1208,cos(alpha_e)|+>+sin(alpha_e)|-> tensor cos(alpha_p)|+>+sin(alpha_p)|->,2.8349767410111690e+00,2.0858452734108983e+00,p_gamma_lepton,|+1+1+1>,7,1,1,1,-6.1308841443688014e+00,6.9551608313437349e-04,6.1308841838200951e+00,3.1414792089276902e+00,3.7587740875415392e+01,3.7403705121280101e-01,1,9.8265655405746721e-01
max_c_ep_mixing_angles_polarization_04_local_minimum_1208,C_e_p,polarization_cluster_04_local_minimum_1208,cos(alpha_e)|+>+sin(alpha_e)|-> tensor cos(alpha_p)|+>+sin(alpha_p)|->,2.8349767410111690e+00,2.0858452734108983e+00,p_gamma_lepton,|-1+1-1>,1,-1,-1,1,-6.0683058818808799e+00,-6.6595830587959631e-04,6.0683059184232429e+00,-3.1414829098958910e+00,3.6824336719570560e+01,3.6644038717592192e-01,2,9.8265655405746721e-01
max_c_ep_mixing_angles_polarization_04_local_minimum_1208,C_e_p,polarization_cluster_04_local_minimum_1208,cos(alpha_e)|+>+sin(alpha_e)|-> tensor cos(alpha_p)|+>+sin(alpha_p)|->,2.8349767410111690e+00,2.0858452734108983e+00,p_gamma_lepton,|-1-1-1>,0,-1,-1,-1,-3.5396055448834041e+00,-4.3772513744804359e-04,3.5396055719490325e+00,-3.1414689886419151e+00,1.2528807604972634e+01,1.2467464504741112e-01,3,9.8265655405746721e-01
max_c_ep_mixing_angles_polarization_04_local_minimum_1208,C_e_p,polarization_cluster_04_local_minimum_1208,cos(alpha_e)|+>+sin(alpha_e)|-> tensor cos(alpha_p)|+>+sin(alpha_p)|->,2.8349767410111690e+00,2.0858452734108983e+00,p_gamma_lepton,|+1-1+1>,6,1,1,-1,-3.4363151938979266e+00,3.7701901511099918e-04,3.4363152145804499e+00,3.1414829375153577e+00,1.1808262253957084e+01,1.1750447062133315e-01,4,9.8265655405746721e-01
max_c_ep_mixing_angles_polarization_04_local_minimum_1214,C_e_p,polarization_cluster_04_local_minimum_1214,cos(alpha_e)|+>+sin(alpha_e)|-> tensor cos(alpha_p)|+>+sin(alpha_p)|->,2.8776303642699235e+00,1.7455107363635574e+00,p_gamma_lepton,|-1-1-1>,0,-1,-1,-1,-4.3153266902105464e+01,1.0225240884503412e-01,4.3153388046356980e+01,3.1392231408085607e+00,1.8622148998794662e+03,2.2656088028321650e-01,1,1.0000000000000000e+00
max_c_ep_mixing_angles_polarization_04_local_minimum_1214,C_e_p,polarization_cluster_04_local_minimum_1214,cos(alpha_e)|+>+sin(alpha_e)|-> tensor cos(alpha_p)|+>+sin(alpha_p)|->,2.8776303642699235e+00,1.7455107363635574e+00,p_gamma_lepton,|+1-1+1>,6,1,1,-1,-4.2501429258879725e+01,9.4157856094449238e-02,4.2501533557619091e+01,3.1393772527504802e+00,1.8063803547494217e+03,2.1976793512114384e-01,2,1.0000000000000000e+00
max_c_ep_mixing_angles_polarization_04_local_minimum_1214,C_e_p,polarization_cluster_04_local_minimum_1214,cos(alpha_e)|+>+sin(alpha_e)|-> tensor cos(alpha_p)|+>+sin(alpha_p)|->,2.8776303642699235e+00,1.7455107363635574e+00,p_gamma_lepton,|+1+1+1>,7,1,1,1,-4.2107064221176657e+01,-9.9638835299105957e-02,4.2107182109751712e+01,-3.1392263368881284e+00,1.7730147852237947e+03,2.1570861156865470e-01,3,1.0000000000000000e+00
max_c_ep_mixing_angles_polarization_04_local_minimum_1214,C_e_p,polarization_cluster_04_local_minimum_1214,cos(alpha_e)|+>+sin(alpha_e)|-> tensor cos(alpha_p)|+>+sin(alpha_p)|->,2.8776303642699235e+00,1.7455107363635574e+00,p_gamma_lepton,|-1+1-1>,1,-1,-1,1,-4.1441808522997349e+01,-9.0835437172073347e-02,4.1441908073029431e+01,-3.1394007779226358e+00,1.7174317447334220e+03,2.0894626497636204e-01,4,1.0000000000000000e+00
max_c_ep_mixing_angles_polarization_04_local_minimum_1214,C_e_p,polarization_cluster_04_local_minimum_1214,cos(alpha_e)|+>+sin(alpha_e)|-> tensor cos(alpha_p)|+>+sin(alpha_p)|->,2.8776303642699235e+00,1.7455107363635574e+00,p_gamma_lepton,|-1-1+1>,4,1,-1,-1,1.7200985626274047e+01,-3.9000210630861960e-02,1.7201029839277520e+01,-2.2673202947899275e-03,2.9587542753171562e+02,3.5996810744075430e-02,5,1.0000000000000000e+00
max_c_ep_mixing_angles_polarization_04_local_minimum_1214,C_e_p,polarization_cluster_04_local_minimum_1214,cos(alpha_e)|+>+sin(alpha_e)|-> tensor cos(alpha_p)|+>+sin(alpha_p)|->,2.8776303642699235e+00,1.7455107363635574e+00,p_gamma_lepton,|+1-1-1>,2,-1,1,-1,-1.6656312491063645e+01,3.6614822583040246e-02,1.6656352735373840e+01,3.1393944021085836e+00,2.7743408644519559e+02,3.3753199402314901e-02,6,1.0000000000000000e+00
max_c_ep_mixing_angles_polarization_04_local_minimum_1214,C_e_p,polarization_cluster_04_local_minimum_1214,cos(alpha_e)|+>+sin(alpha_e)|-> tensor cos(alpha_p)|+>+sin(alpha_p)|->,2.8776303642699235e+00,1.7455107363635574e+00,p_gamma_lepton,|+1+1-1>,3,-1,1,1,-1.5881856408157450e+01,-3.7497488496342365e-02,1.5881900674383258e+01,-3.1392316311842898e+00,2.5223476903097546e+02,3.0687398813848212e-02,7,1.0000000000000000e+00
max_c_ep_mixing_angles_polarization_04_local_minimum_1214,C_e_p,polarization_cluster_04_local_minimum_1214,cos(alpha_e)|+>+sin(alpha_e)|-> tensor cos(alpha_p)|+>+sin(alpha_p)|->,2.8776303642699235e+00,1.7455107363635574e+00,p_gamma_lepton,|-1+1+1>,5,1,-1,1,1.5326534683735570e+01,3.6209586348506136e-02,1.5326577457015409e+01,2.3625378943579081e-03,2.3490397654589293e+02,2.8578899090384396e-02,8,1.0000000000000000e+00
max_c_ep_mixing_angles_polarization_04_local_minimum_1215,C_e_p,polarization_cluster_04_local_minimum_1215,cos(alpha_e)|+>+sin(alpha_e)|-> tensor cos(alpha_p)|+>+sin(alpha_p)|->,2.8885456856262506e+00,1.6534989187677325e+00,p_gamma_lepton,|+1-1+1>,6,1,1,-1,-5.0423020686526343e+01,6.0547338392491434e-02,5.0423057038760057e+01,3.1403918665590429e+00,2.5424846811340499e+03,1.8825306432639957e-01,1,1.0000000000000000e+00
max_c_ep_mixing_angles_polarization_04_local_minimum_1215,C_e_p,polarization_cluster_04_local_minimum_1215,cos(alpha_e)|+>+sin(alpha_e)|-> tensor cos(alpha_p)|+>+sin(alpha_p)|->,2.8885456856262506e+00,1.6534989187677325e+00,p_gamma_lepton,|-1-1-1>,0,-1,-1,-1,-4.9748383015571562e+01,9.0409605435461809e-02,4.9748465167889997e+01,3.1397753180218220e+00,2.4749097865607637e+03,1.8324961983395119e-01,2,1.0000000000000000e+00
max_c_ep_mixing_angles_polarization_04_local_minimum_1215,C_e_p,polarization_cluster_04_local_minimum_1215,cos(alpha_e)|+>+sin(alpha_e)|-> tensor cos(alpha_p)|+>+sin(alpha_p)|->,2.8885456856262506e+00,1.6534989187677325e+00,p_gamma_lepton,|-1+1-1>,1,-1,-1,1,-4.8213234262846569e+01,-5.5801322876136240e-02,4.8213266554671002e+01,-3.1404352680956804e+00,2.3245190718717568e+03,1.7211424777191983e-01,3,1.0000000000000000e+00
max_c_ep_mixing_angles_polarization_04_local_minimum_1215,C_e_p,polarization_cluster_04_local_minimum_1215,cos(alpha_e)|+>+sin(alpha_e)|-> tensor cos(alpha_p)|+>+sin(alpha_p)|->,2.8885456856262506e+00,1.6534989187677325e+00,p_gamma_lepton,|+1+1+1>,7,1,1,1,-4.7512045214861288e+01,-8.6746911119431114e-02,4.7512124405520026e+01,-3.1397668678477348e+00,2.2574019655256116e+03,1.6714469926996112e-01,4,1.0000000000000000e+00
max_c_ep_mixing_angles_polarization_04_local_minimum_1215,C_e_p,polarization_cluster_04_local_minimum_1215,cos(alpha_e)|+>+sin(alpha_e)|-> tensor cos(alpha_p)|+>+sin(alpha_p)|->,2.8885456856262506e+00,1.6534989187677325e+00,p_gamma_lepton,|-1-1+1>,4,1,-1,-1,3.3017508317706891e+01,-4.4829619847261887e-02,3.3017538751467519e+01,-1.3577521316335142e-03,1.0901578652046594e+03,8.0718503535983699e-02,5,1.0000000000000000e+00
max_c_ep_mixing_angles_polarization_04_local_minimum_1215,C_e_p,polarization_cluster_04_local_minimum_1215,cos(alpha_e)|+>+sin(alpha_e)|-> tensor cos(alpha_p)|+>+sin(alpha_p)|->,2.8885456856262506e+00,1.6534989187677325e+00,p_gamma_lepton,|+1-1-1>,2,-1,1,-1,-3.2164203248110795e+01,3.8622842780001720e-02,3.2164226437297778e+01,3.1403918520677307e+00,1.0345374623097657e+03,7.6600204864716054e-02,6,1.0000000000000000e+00
max_c_ep_mixing_angles_polarization_04_local_minimum_1215,C_e_p,polarization_cluster_04_local_minimum_1215,cos(alpha_e)|+>+sin(alpha_e)|-> tensor cos(alpha_p)|+>+sin(alpha_p)|->,2.8885456856262506e+00,1.6534989187677325e+00,p_gamma_lepton,|+1+1-1>,3,-1,1,1,-3.0300557525893183e+01,-5.3191345929359465e-02,3.0300604213435147e+01,-3.1398371977291117e+00,9.1812661569924353e+02,6.7980802451842348e-02,7,1.0000000000000000e+00
max_c_ep_mixing_angles_polarization_04_local_minimum_1215,C_e_p,polarization_cluster_04_local_minimum_1215,cos(alpha_e)|+>+sin(alpha_e)|-> tensor cos(alpha_p)|+>+sin(alpha_p)|->,2.8885456856262506e+00,1.6534989187677325e+00,p_gamma_lepton,|-1+1+1>,5,1,-1,1,2.9385963265131252e+01,5.0895067439791629e-02,2.9386007338996109e+01,1.7319499140269509e-03,8.6353742732753312e+02,6.3938857945226177e-02,8,1.0000000000000000e+00
max_c_ep_mixing_angles_polarization_04_local_minimum_1221,C_e_p,polarization_cluster_04_local_minimum_1221,cos(alpha_e)|+>+sin(alpha_e)|-> tensor cos(alpha_p)|+>+sin(alpha_p)|->,2.7224043234585298e+00,1.8977660505839693e+00,p_gamma_lepton,|-1-1-1>,0,-1,-1,-1,-5.0445976901318943e+01,1.5016038601896651e-02,5.0445979136198950e+01,3.1412949878673557e+00,2.5447968110098200e+03,2.5087548736383825e-01,1,9.6292542875234433e-01
max_c_ep_mixing_angles_polarization_04_local_minimum_1221,C_e_p,polarization_cluster_04_local_minimum_1221,cos(alpha_e)|+>+sin(alpha_e)|-> tensor cos(alpha_p)|+>+sin(alpha_p)|->,2.7224043234585298e+00,1.8977660505839693e+00,p_gamma_lepton,|+1-1+1>,6,1,1,-1,-4.9467467954041126e+01,4.4060654010682641e-04,4.9467467956003368e+01,3.1415837465937750e+00,2.4470303859782193e+03,2.4123731137214086e-01,2,9.6292542875234433e-01
max_c_ep_mixing_angles_polarization_04_local_minimum_1221,C_e_p,polarization_cluster_04_local_minimum_1221,cos(alpha_e)|+>+sin(alpha_e)|-> tensor cos(alpha_p)|+>+sin(alpha_p)|->,2.7224043234585298e+00,1.8977660505839693e+00,p_gamma_lepton,|+1+1+1>,7,1,1,1,-4.9369392715387079e+01,-1.4386897211338661e-02,4.9369394811653564e+01,-3.1413012403069316e+00,2.4373371440689257e+03,2.4028171571216175e-01,3,9.6292542875234433e-01
max_c_ep_mixing_angles_polarization_04_local_minimum_1221,C_e_p,polarization_cluster_04_local_minimum_1221,cos(alpha_e)|+>+sin(alpha_e)|-> tensor cos(alpha_p)|+>+sin(alpha_p)|->,2.7224043234585298e+00,1.8977660505839693e+00,p_gamma_lepton,|-1+1-1>,1,-1,-1,1,-4.8357298152177655e+01,-7.6640513072677332e-05,4.8357298152238393e+01,-3.1415910687098267e+00,2.3384282845844782e+03,2.3053091430420353e-01,4,9.6292542875234433e-01
max_c_ep_mixing_angles_polarization_04_local_minimum_1223,C_e_p,polarization_cluster_04_local_minimum_1223,cos(alpha_e)|+>+sin(alpha_e)|-> tensor cos(alpha_p)|+>+sin(alpha_p)|->,1.8167738427617430e+00,2.9116145820053054e+00,p_gamma_lepton,|+1+1+1>,7,1,1,1,9.8900773283072976e+00,-7.6454811244266421e-04,9.8900773578588268e+00,-7.7304563507446221e-05,9.7813630144431798e+01,2.4954648603548329e-01,1,9.5997458062428975e-01
max_c_ep_mixing_angles_polarization_04_local_minimum_1223,C_e_p,polarization_cluster_04_local_minimum_1223,cos(alpha_e)|+>+sin(alpha_e)|-> tensor cos(alpha_p)|+>+sin(alpha_p)|->,1.8167738427617430e+00,2.9116145820053054e+00,p_gamma_lepton,|-1+1-1>,1,-1,-1,1,9.7243532718771153e+00,1.6467033909153592e-05,9.7243532718910579e+00,1.6933808808407453e-06,9.4563046556538325e+01,2.4125345253160810e-01,2,9.5997458062428975e-01
max_c_ep_mixing_angles_polarization_04_local_minimum_1223,C_e_p,polarization_cluster_04_local_minimum_1223,cos(alpha_e)|+>+sin(alpha_e)|-> tensor cos(alpha_p)|+>+sin(alpha_p)|->,1.8167738427617430e+00,2.9116145820053054e+00,p_gamma_lepton,|-1-1-1>,0,-1,-1,-1,9.6731518903877856e+00,6.9524431712915998e-04,9.6731519153726442e+00,7.1873606846063954e-05,9.3569867977877450e+01,2.3871961114422099e-01,3,9.5997458062428975e-01
max_c_ep_mixing_angles_polarization_04_local_minimum_1223,C_e_p,polarization_cluster_04_local_minimum_1223,cos(alpha_e)|+>+sin(alpha_e)|-> tensor cos(alpha_p)|+>+sin(alpha_p)|->,1.8167738427617430e+00,2.9116145820053054e+00,p_gamma_lepton,|+1-1+1>,6,1,1,-1,9.5042325879866674e+00,-8.1271534437641225e-05,9.5042325883341476e+00,-8.5510885474738288e-06,9.0330437093152810e+01,2.3045503091297734e-01,4,9.5997458062428975e-01
max_c_ep_mixing_angles_polarization_04_local_minimum_1225,C_e_p,polarization_cluster_04_local_minimum_1225,cos(alpha_e)|+>+sin(alpha_e)|-> tensor cos(alpha_p)|+>+sin(alpha_p)|->,2.0455483754362986e+00,2.8055375084072156e+00,p_gamma_lepton,|+1+1+1>,7,1,1,1,8.3264458194005712e+01,-5.0276020275184505e-02,8.3264473372618767e+01,-6.0381122096573865e-04,6.9329725260195401e+03,2.5071150559784500e-01,1,9.6227019822855542e-01
max_c_ep_mixing_angles_polarization_04_local_minimum_1225,C_e_p,polarization_cluster_04_local_minimum_1225,cos(alpha_e)|+>+sin(alpha_e)|-> tensor cos(alpha_p)|+>+sin(alpha_p)|->,2.0455483754362986e+00,2.8055375084072156e+00,p_gamma_lepton,|-1+1-1>,1,-1,-1,1,8.1596964729383558e+01,-6.1951265004058318e-03,8.1596964964561380e+01,-7.5923491873114353e-05,6.6580646914278550e+03,2.4077023482943255e-01,2,9.6227019822855542e-01
max_c_ep_mixing_angles_polarization_04_local_minimum_1225,C_e_p,polarization_cluster_04_local_minimum_1225,cos(alpha_e)|+>+sin(alpha_e)|-> tensor cos(alpha_p)|+>+sin(alpha_p)|->,2.0455483754362986e+00,2.8055375084072156e+00,p_gamma_lepton,|-1-1-1>,0,-1,-1,-1,8.1527078863354021e+01,4.8887936082157801e-02,8.1527093521245064e+01,5.9965266637770334e-04,6.6466669780218408e+03,2.4035806849274649e-01,3,9.6227019822855542e-01
max_c_ep_mixing_angles_polarization_04_local_minimum_1225,C_e_p,polarization_cluster_04_local_minimum_1225,cos(alpha_e)|+>+sin(alpha_e)|-> tensor cos(alpha_p)|+>+sin(alpha_p)|->,2.0455483754362986e+00,2.8055375084072156e+00,p_gamma_lepton,|+1-1+1>,6,1,1,-1,7.9825653528900119e+01,5.7231212171419046e-03,7.9825653734060452e+01,7.1695262792479195e-05,6.3721349940701193e+03,2.3043038930853138e-01,4,9.6227019822855542e-01
max_c_ep_mixing_angles_polarization_04_local_minimum_1228,C_e_p,polarization_cluster_04_local_minimum_1228,cos(alpha_e)|+>+sin(alpha_e)|-> tensor cos(alpha_p)|+>+sin(alpha_p)|->,1.7566734555480890e+00,2.1226433372829105e+00,p_gamma_lepton,|+1-1+1>,6,1,1,-1,-1.3221666043332052e+01,2.3902376625910177e-01,1.3223826425140210e+01,3.1235164345065836e+00,1.7486958532223656e+02,4.7229213023983108e-01,1,9.4231305081021588e-01
max_c_ep_mixing_angles_polarization_04_local_minimum_1228,C_e_p,polarization_cluster_04_local_minimum_1228,cos(alpha_e)|+>+sin(alpha_e)|-> tensor cos(alpha_p)|+>+sin(alpha_p)|->,1.7566734555480890e+00,2.1226433372829105e+00,p_gamma_lepton,|-1-1-1>,0,-1,-1,-1,-1.3190186824851862e+01,-2.1823153172754198e-01,1.3191992020765317e+01,-3.1250491712849944e+00,1.7402865347593576e+02,4.7002092057038480e-01,2,9.4231305081021588e-01
max_c_ep_mixing_angles_polarization_04_local_minimum_1232,C_e_p,polarization_cluster_04_local_minimum_1232,cos(alpha_e)|+>+sin(alpha_e)|-> tensor cos(alpha_p)|+>+sin(alpha_p)|->,2.6253212343870476e+00,1.7681526887037984e+00,p_gamma_lepton,|-1-1-1>,0,-1,-1,-1,1.4083873831214464e+02,-1.8165610767783770e+02,2.2985754646306248e+02,-9.1129625262832326e-01,5.2834491666018912e+04,2.3404372811357624e-01,1,1.0000000000000000e+00
max_c_ep_mixing_angles_polarization_04_local_minimum_1232,C_e_p,polarization_cluster_04_local_minimum_1232,cos(alpha_e)|+>+sin(alpha_e)|-> tensor cos(alpha_p)|+>+sin(alpha_p)|->,2.6253212343870476e+00,1.7681526887037984e+00,p_gamma_lepton,|+1-1+1>,6,1,1,-1,1.3811549155574932e+02,-1.7865556862640318e+02,2.2581784962422637e+02,-9.1268534796691758e-01,5.0993701208909712e+04,2.2588948175532422e-01,2,1.0000000000000000e+00
max_c_ep_mixing_angles_polarization_04_local_minimum_1232,C_e_p,polarization_cluster_04_local_minimum_1232,cos(alpha_e)|+>+sin(alpha_e)|-> tensor cos(alpha_p)|+>+sin(alpha_p)|->,2.6253212343870476e+00,1.7681526887037984e+00,p_gamma_lepton,|+1+1+1>,7,1,1,1,1.3823966474083039e+02,1.7821566731456863e+02,2.2554606842956539e+02,9.1105688414919250e-01,5.0871028984034194e+04,2.2534607414524743e-01,3,1.0000000000000000e+00
max_c_ep_mixing_angles_polarization_04_local_minimum_1232,C_e_p,polarization_cluster_04_local_minimum_1232,cos(alpha_e)|+>+sin(alpha_e)|-> tensor cos(alpha_p)|+>+sin(alpha_p)|->,2.6253212343870476e+00,1.7681526887037984e+00,p_gamma_lepton,|-1+1-1>,1,-1,-1,1,1.3519465842830664e+02,1.7529039427272869e+02,2.2136918934629358e+02,9.1382640450255204e-01,4.9004317991835189e+04,2.1707700622865689e-01,4,1.0000000000000000e+00
max_c_ep_mixing_angles_polarization_04_local_minimum_1232,C_e_p,polarization_cluster_04_local_minimum_1232,cos(alpha_e)|+>+sin(alpha_e)|-> tensor cos(alpha_p)|+>+sin(alpha_p)|->,2.6253212343870476e+00,1.7681526887037984e+00,p_gamma_lepton,|-1-1+1>,4,1,-1,-1,-4.8216597969881121e+01,6.1825545230000372e+01,7.8404326173853235e+01,2.2331489308109171e+00,6.1472383627759673e+03,2.7230745269992147e-02,5,1.0000000000000000e+00
max_c_ep_mixing_angles_polarization_04_local_minimum_1232,C_e_p,polarization_cluster_04_local_minimum_1232,cos(alpha_e)|+>+sin(alpha_e)|-> tensor cos(alpha_p)|+>+sin(alpha_p)|->,2.6253212343870476e+00,1.7681526887037984e+00,p_gamma_lepton,|+1-1-1>,2,-1,1,-1,4.6728350290650098e+01,-6.0661935042800579e+01,7.6572900454551515e+01,-9.1442452339760694e-01,5.8634090840226554e+03,2.5973451777568206e-02,6,1.0000000000000000e+00
max_c_ep_mixing_angles_polarization_04_local_minimum_1232,C_e_p,polarization_cluster_04_local_minimum_1232,cos(alpha_e)|+>+sin(alpha_e)|-> tensor cos(alpha_p)|+>+sin(alpha_p)|->,2.6253212343870476e+00,1.7681526887037984e+00,p_gamma_lepton,|+1+1-1>,3,-1,1,1,4.3951624879522448e+01,5.6752847686315455e+01,7.1781829525698058e+01,9.1183677270468644e-01,5.1526310500563795e+03,2.2824880916278038e-02,7,1.0000000000000000e+00
max_c_ep_mixing_angles_polarization_04_local_minimum_1232,C_e_p,polarization_cluster_04_local_minimum_1232,cos(alpha_e)|+>+sin(alpha_e)|-> tensor cos(alpha_p)|+>+sin(alpha_p)|->,2.6253212343870476e+00,1.7681526887037984e+00,p_gamma_lepton,|-1+1+1>,5,1,-1,1,-4.2825969225908182e+01,-5.5184764389302671e+01,6.9852858644734667e+01,-2.2307601647178998e+00,4.8794218608412830e+03,2.1614631793356803e-02,8,1.0000000000000000e+00
max_c_ep_mixing_angles_polarization_04_local_minimum_1233,C_e_p,polarization_cluster_04_local_minimum_1233,cos(alpha_e)|+>+sin(alpha_e)|-> tensor cos(alpha_p)|+>+sin(alpha_p)|->,2.8289860613876199e+00,2.0825353842970600e+00,p_gamma_lepton,|+1+1+1>,7,1,1,1,-8.0797584871768109e+00,1.1748552131064570e-02,8.0797670287937695e+00,3.1401385824229839e+00,6.5282635239582874e+01,3.7014378978758300e-01,1,9.7715036096674257e-01
max_c_ep_mixing_angles_polarization_04_local_minimum_1233,C_e_p,polarization_cluster_04_local_minimum_1233,cos(alpha_e)|+>+sin(alpha_e)|-> tensor cos(alpha_p)|+>+sin(alpha_p)|->,2.8289860613876199e+00,2.0825353842970600e+00,p_gamma_lepton,|-1+1-1>,1,-1,-1,1,-7.9816688830833229e+00,-1.2091841968242948e-02,7.9816780423556777e+00,-3.1400777031583980e+00,6.3707184371822777e+01,3.6121119457789574e-01,2,9.7715036096674257e-01
max_c_ep_mixing_angles_polarization_04_local_minimum_1233,C_e_p,polarization_cluster_04_local_minimum_1233,cos(alpha_e)|+>+sin(alpha_e)|-> tensor cos(alpha_p)|+>+sin(alpha_p)|->,2.8289860613876199e+00,2.0825353842970600e+00,p_gamma_lepton,|-1-1-1>,0,-1,-1,-1,-4.7364012296488349e+00,-7.5151061972270547e-03,4.7364071916422210e+00,-3.1400059848245476e+00,2.2433553085040160e+01,1.2719523847074934e-01,3,9.7715036096674257e-01
max_c_ep_mixing_angles_polarization_04_local_minimum_1233,C_e_p,polarization_cluster_04_local_minimum_1233,cos(alpha_e)|+>+sin(alpha_e)|-> tensor cos(alpha_p)|+>+sin(alpha_p)|->,2.8289860613876199e+00,2.0825353842970600e+00,p_gamma_lepton,|+1-1+1>,6,1,1,-1,-4.5735751467370394e+00,6.0750727618352571e-03,4.5735791814901150e+00,3.1402643559246139e+00,2.0917626529359790e+01,1.1860013813051445e-01,4,9.7715036096674257e-01
max_c_ep_mixing_angles_polarization_04_local_minimum_1234,C_e_p,polarization_cluster_04_local_minimum_1234,cos(alpha_e)|+>+sin(alpha_e)|-> tensor cos(alpha_p)|+>+sin(alpha_p)|->,1.7140599492703719e+00,2.4662079014621110e+00,p_gamma_lepton,|+1-1+1>,6,1,1,-1,1.0869556812819029e+01,-3.5093838087955451e-02,1.0869613465278897e+01,-3.2286243820827463e-03,1.1814849688457232e+02,2.7274819513080423e-01,1,9.6634505030126838e-01
max_c_ep_mixing_angles_polarization_04_local_minimum_1234,C_e_p,polarization_cluster_04_local_minimum_1234,cos(alpha_e)|+>+sin(alpha_e)|-> tensor cos(alpha_p)|+>+sin(alpha_p)|->,1.7140599492703719e+00,2.4662079014621110e+00,p_gamma_lepton,|-1-1-1>,0,-1,-1,-1,1.0825904611102253e+01,1.6384989698367283e-02,1.0825917010423293e+01,1.5134972804648659e-03,1.1720047911657245e+02,2.7055967693554939e-01,2,9.6634505030126838e-01
max_c_ep_mixing_angles_polarization_04_local_minimum_1234,C_e_p,polarization_cluster_04_local_minimum_1234,cos(alpha_e)|+>+sin(alpha_e)|-> tensor cos(alpha_p)|+>+sin(alpha_p)|->,1.7140599492703719e+00,2.4662079014621110e+00,p_gamma_lepton,|+1-1-1>,2,-1,1,-1,-9.5988395592726441e+00,-1.5938260546958345e-03,9.5988396915949661e+00,-3.1414266099727284e+00,9.2137723424938940e+01,2.1270179841699546e-01,3,9.6634505030126838e-01
max_c_ep_mixing_angles_polarization_04_local_minimum_1234,C_e_p,polarization_cluster_04_local_minimum_1234,cos(alpha_e)|+>+sin(alpha_e)|-> tensor cos(alpha_p)|+>+sin(alpha_p)|->,1.7140599492703719e+00,2.4662079014621110e+00,p_gamma_lepton,|-1-1+1>,4,1,-1,-1,9.5452859467071853e+00,-1.2622399314337158e-02,9.5452942924443214e+00,-1.3223691807013182e-03,9.1112643129370142e+01,2.1033537981791933e-01,4,9.6634505030126838e-01
max_c_ep_mixing_angles_polarization_04_local_minimum_1245,C_e_p,polarization_cluster_04_local_minimum_1245,cos(alpha_e)|+>+sin(alpha_e)|-> tensor cos(alpha_p)|+>+sin(alpha_p)|->,1.7838866729733078e+00,2.4822126049415738e+00,p_gamma_lepton,|+1+1+1>,7,1,1,1,-5.4142374260109250e+02,4.3020485939990367e-02,5.4142374431025496e+02,3.1415131955194049e+00,2.9313967090293620e+05,2.2920187483381477e-01,1,1.0000000000000000e+00
max_c_ep_mixing_angles_polarization_04_local_minimum_1245,C_e_p,polarization_cluster_04_local_minimum_1245,cos(alpha_e)|+>+sin(alpha_e)|-> tensor cos(alpha_p)|+>+sin(alpha_p)|->,1.7838866729733078e+00,2.4822126049415738e+00,p_gamma_lepton,|-1-1-1>,0,-1,-1,-1,-5.4035274046460563e+02,-3.5556575544969715e-02,5.4035274163446184e+02,-3.1415268510633489e+00,2.9198108539187949e+05,2.2829599276581783e-01,2,1.0000000000000000e+00
max_c_ep_mixing_angles_polarization_04_local_minimum_1245,C_e_p,polarization_cluster_04_local_minimum_1245,cos(alpha_e)|+>+sin(alpha_e)|-> tensor cos(alpha_p)|+>+sin(alpha_p)|->,1.7838866729733078e+00,2.4822126049415738e+00,p_gamma_lepton,|-1+1-1>,1,-1,-1,1,-5.3113715649775315e+02,-1.1527127437044783e-01,5.3113716900626093e+02,-3.1413756262718011e+00,2.8210669229998550e+05,2.2057534068711107e-01,3,1.0000000000000000e+00
max_c_ep_mixing_angles_polarization_04_local_minimum_1245,C_e_p,polarization_cluster_04_local_minimum_1245,cos(alpha_e)|+>+sin(alpha_e)|-> tensor cos(alpha_p)|+>+sin(alpha_p)|->,1.7838866729733078e+00,2.4822126049415738e+00,p_gamma_lepton,|+1-1+1>,6,1,1,-1,-5.3020803556864450e+02,1.2094840747353364e-01,5.3020804936371746e+02,3.1413645385910343e+00,2.8112057561007823e+05,2.1980430961705677e-01,4,1.0000000000000000e+00
max_c_ep_mixing_angles_polarization_04_local_minimum_1245,C_e_p,polarization_cluster_04_local_minimum_1245,cos(alpha_e)|+>+sin(alpha_e)|-> tensor cos(alpha_p)|+>+sin(alpha_p)|->,1.7838866729733078e+00,2.4822126049415738e+00,p_gamma_lepton,|+1-1-1>,2,-1,1,-1,1.9128014089777704e+02,2.1213226286419713e-02,1.9128014207406477e+02,1.1090135180728690e-04,3.6588092751874407e+04,2.8607726240164531e-02,5,1.0000000000000000e+00
max_c_ep_mixing_angles_polarization_04_local_minimum_1245,C_e_p,polarization_cluster_04_local_minimum_1245,cos(alpha_e)|+>+sin(alpha_e)|-> tensor cos(alpha_p)|+>+sin(alpha_p)|->,1.7838866729733078e+00,2.4822126049415738e+00,p_gamma_lepton,|-1-1+1>,4,1,-1,-1,-1.8324659556634214e+02,-4.0530307373365604e-02,1.8324660004856946e+02,-3.1413714745463999e+00,3.3579316429360377e+04,2.6255205436850431e-02,6,1.0000000000000000e+00
max_c_ep_mixing_angles_polarization_04_local_minimum_1245,C_e_p,polarization_cluster_04_local_minimum_1245,cos(alpha_e)|+>+sin(alpha_e)|-> tensor cos(alpha_p)|+>+sin(alpha_p)|->,1.7838866729733078e+00,2.4822126049415738e+00,p_gamma_lepton,|-1+1+1>,5,1,-1,1,-1.7795343690060491e+02,-6.7415116884068579e-02,1.7795344967023135e+02,-3.1412138178964053e+00,3.1667430249535562e+04,2.4760327941986199e-02,7,1.0000000000000000e+00
max_c_ep_mixing_angles_polarization_04_local_minimum_1245,C_e_p,polarization_cluster_04_local_minimum_1245,cos(alpha_e)|+>+sin(alpha_e)|-> tensor cos(alpha_p)|+>+sin(alpha_p)|->,1.7838866729733078e+00,2.4822126049415738e+00,p_gamma_lepton,|+1+1-1>,3,-1,1,1,1.6963362868063385e+02,4.8640166058435935e-02,1.6963363565409108e+02,2.8673656929770544e-04,2.8775570345224922e+04,2.2499222477198367e-02,8,1.0000000000000000e+00
max_c_ep_mixing_angles_polarization_04_local_minimum_1249,C_e_p,polarization_cluster_04_local_minimum_1249,cos(alpha_e)|+>+sin(alpha_e)|-> tensor cos(alpha_p)|+>+sin(alpha_p)|->,2.5161354207771365e+00,1.6217778139602053e+00,p_gamma_lepton,|-1-1-1>,0,-1,-1,-1,-3.8711009386961609e+02,9.0826159873734369e+01,3.9762245421146946e+02,2.9111349854551172e+00,1.5810361609315212e+05,2.1558428238957517e-01,1,1.0000000000000000e+00
max_c_ep_mixing_angles_polarization_04_local_minimum_1249,C_e_p,polarization_cluster_04_local_minimum_1249,cos(alpha_e)|+>+sin(alpha_e)|-> tensor cos(alpha_p)|+>+sin(alpha_p)|->,2.5161354207771365e+00,1.6217778139602053e+00,p_gamma_lepton,|+1-1+1>,6,1,1,-1,-3.8351049429214606e+02,8.9578499836957050e+01,3.9383322214516886e+02,2.9121314546115840e+00,1.5510460686524594e+05,2.1149494358598361e-01,2,1.0000000000000000e+00
max_c_ep_mixing_angles_polarization_04_local_minimum_1249,C_e_p,polarization_cluster_04_local_minimum_1249,cos(alpha_e)|+>+sin(alpha_e)|-> tensor cos(alpha_p)|+>+sin(alpha_p)|->,2.5161354207771365e+00,1.6217778139602053e+00,p_gamma_lepton,|+1+1+1>,7,1,1,1,-3.7968434686052325e+02,-8.9135571877370026e+01,3.9000686330474741e+02,-2.9110059617930606e+00,1.5210535342480792e+05,2.0740527178315571e-01,3,1.0000000000000000e+00
max_c_ep_mixing_angles_polarization_04_local_minimum_1249,C_e_p,polarization_cluster_04_local_minimum_1249,cos(alpha_e)|+>+sin(alpha_e)|-> tensor cos(alpha_p)|+>+sin(alpha_p)|->,2.5161354207771365e+00,1.6217778139602053e+00,p_gamma_lepton,|-1+1-1>,1,-1,-1,1,-3.7590940117181702e+02,-8.7588490410340285e+01,3.8597878379739518e+02,-2.9126728288468948e+00,1.4897962154171633e+05,2.0314313862257391e-01,4,1.0000000000000000e+00
max_c_ep_mixing_angles_polarization_04_local_minimum_1249,C_e_p,polarization_cluster_04_local_minimum_1249,cos(alpha_e)|+>+sin(alpha_e)|-> tensor cos(alpha_p)|+>+sin(alpha_p)|->,2.5161354207771365e+00,1.6217778139602053e+00,p_gamma_lepton,|-1-1+1>,4,1,-1,-1,1.7580290588180642e+02,-4.1496586380842096e+01,1.8063396247037812e+02,-2.3179767261756704e-01,3.2628628397749973e+04,4.4491198951076442e-02,5,1.0000000000000000e+00
max_c_ep_mixing_angles_polarization_04_local_minimum_1249,C_e_p,polarization_cluster_04_local_minimum_1249,cos(alpha_e)|+>+sin(alpha_e)|-> tensor cos(alpha_p)|+>+sin(alpha_p)|->,2.5161354207771365e+00,1.6217778139602053e+00,p_gamma_lepton,|+1-1-1>,2,-1,1,-1,-1.7388659401175889e+02,4.0441390393669202e+01,1.7852745904757458e+02,2.9130815695514647e+00,3.1872053633983429e+04,4.3459561398747633e-02,6,1.0000000000000000e+00
max_c_ep_mixing_angles_polarization_04_local_minimum_1249,C_e_p,polarization_cluster_04_local_minimum_1249,cos(alpha_e)|+>+sin(alpha_e)|-> tensor cos(alpha_p)|+>+sin(alpha_p)|->,2.5161354207771365e+00,1.6217778139602053e+00,p_gamma_lepton,|+1+1-1>,3,-1,1,1,-1.6189734134888263e+02,-3.7879088755582835e+01,1.6626958381132116e+02,-2.9117572005406465e+00,2.7645574500789950e+04,3.7696489727906228e-02,7,1.0000000000000000e+00
max_c_ep_mixing_angles_polarization_04_local_minimum_1249,C_e_p,polarization_cluster_04_local_minimum_1249,cos(alpha_e)|+>+sin(alpha_e)|-> tensor cos(alpha_p)|+>+sin(alpha_p)|->,2.5161354207771365e+00,1.6217778139602053e+00,p_gamma_lepton,|-1+1+1>,5,1,-1,1,1.5978030436908239e+02,3.7462622837691228e+01,1.6411335647702691e+02,2.3030331977780899e-01,2.6933193774155712e+04,3.6725113540981319e-02,8,1.0000000000000000e+00
max_c_ep_mixing_angles_polarization_04_local_minimum_1266,C_e_p,polarization_cluster_04_local_minimum_1266,cos(alpha_e)|+>+sin(alpha_e)|-> tensor cos(alpha_p)|+>+sin(alpha_p)|->,1.7717611042084573e+00,2.6826388713019043e+00,p_gamma_lepton,|+1+1+1>,7,1,1,1,-2.5564702897835565e+02,-1.8169758662198092e+00,2.5565348584902699e+02,-3.1344854117031491e+00,6.5358704826758658e+04,2.2352443894502350e-01,1,1.0000000000000000e+00
max_c_ep_mixing_angles_polarization_04_local_minimum_1266,C_e_p,polarization_cluster_04_local_minimum_1266,cos(alpha_e)|+>+sin(alpha_e)|-> tensor cos(alpha_p)|+>+sin(alpha_p)|->,1.7717611042084573e+00,2.6826388713019043e+00,p_gamma_lepton,|-1-1-1>,0,-1,-1,-1,-2.5418859484144176e+02,1.7852430129089121e+00,2.5419486391365535e+02,3.1345694680630189e+00,6.4615028840081752e+04,2.2098109359998561e-01,2,1.0000000000000000e+00
max_c_ep_mixing_angles_polarization_04_local_minimum_1266,C_e_p,polarization_cluster_04_local_minimum_1266,cos(alpha_e)|+>+sin(alpha_e)|-> tensor cos(alpha_p)|+>+sin(alpha_p)|->,1.7717611042084573e+00,2.6826388713019043e+00,p_gamma_lepton,|-1+1-1>,1,-1,-1,1,-2.5096771249175634e+02,-1.5315877799129323e+00,2.5097238588034432e+02,-3.1354900009762745e+00,6.2987138474472449e+04,2.1541376662186817e-01,3,1.0000000000000000e+00
max_c_ep_mixing_angles_polarization_04_local_minimum_1266,C_e_p,polarization_cluster_04_local_minimum_1266,cos(alpha_e)|+>+sin(alpha_e)|-> tensor cos(alpha_p)|+>+sin(alpha_p)|->,1.7717611042084573e+00,2.6826388713019043e+00,p_gamma_lepton,|+1-1+1>,6,1,1,-1,-2.4953449098018601e+02,1.6392084629649399e+00,2.4953987495613919e+02,3.1350236823889741e+00,6.2270149193125595e+04,2.1296168885705546e-01,4,1.0000000000000000e+00
max_c_ep_mixing_angles_polarization_04_local_minimum_1266,C_e_p,polarization_cluster_04_local_minimum_1266,cos(alpha_e)|+>+sin(alpha_e)|-> tensor cos(alpha_p)|+>+sin(alpha_p)|->,1.7717611042084573e+00,2.6826388713019043e+00,p_gamma_lepton,|+1-1-1>,2,-1,1,-1,1.0225125696661274e+02,-7.2060420230128286e-01,1.0225379612351145e+02,-7.0472705595134230e-03,1.0455838821668645e+04,3.5758595775542780e-02,5,1.0000000000000000e+00
max_c_ep_mixing_angles_polarization_04_local_minimum_1266,C_e_p,polarization_cluster_04_local_minimum_1266,cos(alpha_e)|+>+sin(alpha_e)|-> tensor cos(alpha_p)|+>+sin(alpha_p)|->,1.7717611042084573e+00,2.6826388713019043e+00,p_gamma_lepton,|-1-1+1>,4,1,-1,-1,-9.7049138828737270e+01,6.7873400230623049e-01,9.7051512235747296e+01,3.1345990527734187e+00,9.4189960272454100e+03,3.2212630406248027e-02,6,1.0000000000000000e+00
max_c_ep_mixing_angles_polarization_04_local_minimum_1266,C_e_p,polarization_cluster_04_local_minimum_1266,cos(alpha_e)|+>+sin(alpha_e)|-> tensor cos(alpha_p)|+>+sin(alpha_p)|->,1.7717611042084573e+00,2.6826388713019043e+00,p_gamma_lepton,|-1+1+1>,5,1,-1,1,-9.5640649447518186e+01,-5.7143160921325187e-01,9.5642356520670631e+01,-3.1356179470919718e+00,9.1474603608270681e+03,3.1283988113678093e-02,7,1.0000000000000000e+00
max_c_ep_mixing_angles_polarization_04_local_minimum_1266,C_e_p,polarization_cluster_04_local_minimum_1266,cos(alpha_e)|+>+sin(alpha_e)|-> tensor cos(alpha_p)|+>+sin(alpha_p)|->,1.7717611042084573e+00,2.6826388713019043e+00,p_gamma_lepton,|+1+1-1>,3,-1,1,1,9.0259958160238412e+01,7.3088991294247818e-01,9.0262917342355095e+01,8.0974327192096223e-03,8.1473942471528280e+03,2.7863797680598320e-02,8,1.0000000000000000e+00
max_c_ep_mixing_angles_polarization_04_local_minimum_1268,C_e_p,polarization_cluster_04_local_minimum_1268,cos(alpha_e)|+>+sin(alpha_e)|-> tensor cos(alpha_p)|+>+sin(alpha_p)|->,3.0786788687230939e+00,2.8585141366868747e+00,p_gamma_lepton,|+1+1-1>,3,-1,1,1,-1.5157138267834018e+01,-2.3114859348198485e-02,1.5157155893074435e+01,-3.1400676400271670e+00,2.2973937476696113e+02,4.4378429949450715e-01,1,9.9439869137022596e-01
max_c_ep_mixing_angles_polarization_04_local_minimum_1268,C_e_p,polarization_cluster_04_local_minimum_1268,cos(alpha_e)|+>+sin(alpha_e)|-> tensor cos(alpha_p)|+>+sin(alpha_p)|->,3.0786788687230939e+00,2.8585141366868747e+00,p_gamma_lepton,|-1+1+1>,5,1,-1,1,1.5146971210637346e+01,4.4225756775794593e-03,1.5146971856283757e+01,2.9197755052161328e-04,2.2943075641505223e+02,4.4318814579098126e-01,2,9.9439869137022596e-01
max_c_ep_mixing_angles_polarization_04_local_minimum_1268,C_e_p,polarization_cluster_04_local_minimum_1268,cos(alpha_e)|+>+sin(alpha_e)|-> tensor cos(alpha_p)|+>+sin(alpha_p)|->,3.0786788687230939e+00,2.8585141366868747e+00,p_gamma_lepton,|-1+1-1>,1,-1,-1,1,5.3065193049860406e+00,9.2506969340087938e-02,5.3073255669466910e+00,1.7430936326446034e-02,2.8167704673566025e+01,5.4411156553405643e-02,3,9.9439869137022596e-01
max_c_ep_mixing_angles_polarization_04_local_minimum_1268,C_e_p,polarization_cluster_04_local_minimum_1268,cos(alpha_e)|+>+sin(alpha_e)|-> tensor cos(alpha_p)|+>+sin(alpha_p)|->,3.0786788687230939e+00,2.8585141366868747e+00,p_gamma_lepton,|+1+1+1>,7,1,1,1,5.2379811886599299e+00,-9.2402629242667789e-02,5.2387961573863748e+00,-1.7639056431287398e-02,2.7444985178646245e+01,5.3015089531331890e-02,4,9.9439869137022596e-01
max_c_ep_mixing_angles_polarization_04_local_minimum_1269,C_e_p,polarization_cluster_04_local_minimum_1269,cos(alpha_e)|+>+sin(alpha_e)|-> tensor cos(alpha_p)|+>+sin(alpha_p)|->,1.8240916772079219e+00,2.4203908635068143e+00,p_gamma_lepton,|-1-1-1>,0,-1,-1,-1,1.3462069842934842e+01,5.4004082918552049e-02,1.3462178163173579e+01,4.0115520020713316e-03,1.8123024089702756e+02,4.2532617661177929e-01,1,9.9153935769949841e-01
max_c_ep_mixing_angles_polarization_04_local_minimum_1269,C_e_p,polarization_cluster_04_local_minimum_1269,cos(alpha_e)|+>+sin(alpha_e)|-> tensor cos(alpha_p)|+>+sin(alpha_p)|->,1.8240916772079219e+00,2.4203908635068143e+00,p_gamma_lepton,|+1-1+1>,6,1,1,-1,1.3449310088555327e+01,-6.0206987470206350e-02,1.3449444848745852e+01,-4.4765556671374288e-03,1.8088756673945639e+02,4.2452196044707075e-01,2,9.9153935769949841e-01
max_c_ep_mixing_angles_polarization_04_local_minimum_1269,C_e_p,polarization_cluster_04_local_minimum_1269,cos(alpha_e)|+>+sin(alpha_e)|-> tensor cos(alpha_p)|+>+sin(alpha_p)|->,1.8240916772079219e+00,2.4203908635068143e+00,p_gamma_lepton,|+1+1+1>,7,1,1,1,4.0010916269382975e+00,-1.7701223332973661e-02,4.0011307827242080e+00,-4.4240696035434254e-03,1.6009047540463232e+01,3.7571361975125610e-02,3,9.9153935769949841e-01
max_c_ep_mixing_angles_polarization_04_local_minimum_1269,C_e_p,polarization_cluster_04_local_minimum_1269,cos(alpha_e)|+>+sin(alpha_e)|-> tensor cos(alpha_p)|+>+sin(alpha_p)|->,1.8240916772079219e+00,2.4203908635068143e+00,p_gamma_lepton,|-1+1-1>,1,-1,-1,1,3.9679913644014251e+00,1.1875872098984538e-02,3.9680091361162964e+00,2.9929088924228707e-03,1.5745096504302394e+01,3.6951899768005364e-02,4,9.9153935769949841e-01
max_c_ep_mixing_angles_polarization_04_local_minimum_1269,C_e_p,polarization_cluster_04_local_minimum_1269,cos(alpha_e)|+>+sin(alpha_e)|-> tensor cos(alpha_p)|+>+sin(alpha_p)|->,1.8240916772079219e+00,2.4203908635068143e+00,p_gamma_lepton,|+1-1-1>,2,-1,1,-1,-3.8437413248645695e+00,-4.1485507899892962e-03,3.8437435636297712e+00,-3.1405133538064578e+00,1.4774364582945296e+01,3.4673705496551452e-02,5,9.9153935769949841e-01
max_c_ep_mixing_angles_polarization_04_local_minimum_1269,C_e_p,polarization_cluster_04_local_minimum_1269,cos(alpha_e)|+>+sin(alpha_e)|-> tensor cos(alpha_p)|+>+sin(alpha_p)|->,1.8240916772079219e+00,2.4203908635068143e+00,p_gamma_lepton,|-1-1+1>,4,1,-1,-1,3.7209801678395000e+00,3.6062044323330999e-03,3.7209819153235992e+00,9.6915413160416958e-04,1.3845706414165278e+01,3.2494253400965893e-02,6,9.9153935769949841e-01
max_c_ep_mixing_angles_polarization_04_local_minimum_1270,C_e_p,polarization_cluster_04_local_minimum_1270,cos(alpha_e)|+>+sin(alpha_e)|-> tensor cos(alpha_p)|+>+sin(alpha_p)|->,1.7463904422944856e+00,2.8041595210958903e+00,p_gamma_lepton,|+1+1+1>,7,1,1,1,-1.4606486482448389e+02,9.4664223621720933e-01,1.4606793237298234e+02,3.1351117727581630e+00,2.1335840867718143e+04,2.2198077708956568e-01,1,1.0000000000000000e+00
max_c_ep_mixing_angles_polarization_04_local_minimum_1270,C_e_p,polarization_cluster_04_local_minimum_1270,cos(alpha_e)|+>+sin(alpha_e)|-> tensor cos(alpha_p)|+>+sin(alpha_p)|->,1.7463904422944856e+00,2.8041595210958903e+00,p_gamma_lepton,|-1-1-1>,0,-1,-1,-1,-1.4466968813901607e+02,-9.2876361018810194e-01,1.4467266938880948e+02,-3.1351728509152519e+00,2.0930181268083779e+04,2.1776024349452350e-01,2,1.0000000000000000e+00
max_c_ep_mixing_angles_polarization_04_local_minimum_1270,C_e_p,polarization_cluster_04_local_minimum_1270,cos(alpha_e)|+>+sin(alpha_e)|-> tensor cos(alpha_p)|+>+sin(alpha_p)|->,1.7463904422944856e+00,2.8041595210958903e+00,p_gamma_lepton,|-1+1-1>,1,-1,-1,1,-1.4276776077353978e+02,7.9607953816636923e-01,1.4276998024417378e+02,3.1360166658222237e+00,2.0383267258921773e+04,2.1207008122214543e-01,3,1.0000000000000000e+00
max_c_ep_mixing_angles_polarization_04_local_minimum_1270,C_e_p,polarization_cluster_04_local_minimum_1270,cos(alpha_e)|+>+sin(alpha_e)|-> tensor cos(alpha_p)|+>+sin(alpha_p)|->,1.7463904422944856e+00,2.8041595210958903e+00,p_gamma_lepton,|+1-1+1>,6,1,1,-1,-1.4134346369010061e+02,-8.4614519875892169e-01,1.4134599636923633e+02,-3.1356062777860463e+00,1.9978690689612169e+04,2.0786081561108347e-01,4,1.0000000000000000e+00
max_c_ep_mixing_angles_polarization_04_local_minimum_1270,C_e_p,polarization_cluster_04_local_minimum_1270,cos(alpha_e)|+>+sin(alpha_e)|-> tensor cos(alpha_p)|+>+sin(alpha_p)|->,1.7463904422944856e+00,2.8041595210958903e+00,p_gamma_lepton,|+1-1-1>,2,-1,1,-1,6.1147249032138859e+01,3.9537148645088788e-01,6.1148527233374189e+01,6.4658015361669470e-03,3.7391423828107049e+03,3.8902508550328369e-02,5,1.0000000000000000e+00
max_c_ep_mixing_angles_polarization_04_local_minimum_1270,C_e_p,polarization_cluster_04_local_minimum_1270,cos(alpha_e)|+>+sin(alpha_e)|-> tensor cos(alpha_p)|+>+sin(alpha_p)|->,1.7463904422944856e+00,2.8041595210958903e+00,p_gamma_lepton,|-1-1+1>,4,1,-1,-1,-5.8484820178555168e+01,-3.6471612391754293e-01,5.8485957367294404e+01,-3.1353566526046874e+00,3.4206072091689794e+03,3.5588428462566997e-02,6,1.0000000000000000e+00
max_c_ep_mixing_angles_polarization_04_local_minimum_1270,C_e_p,polarization_cluster_04_local_minimum_1270,cos(alpha_e)|+>+sin(alpha_e)|-> tensor cos(alpha_p)|+>+sin(alpha_p)|->,1.7463904422944856e+00,2.8041595210958903e+00,p_gamma_lepton,|-1+1+1>,5,1,-1,1,-5.7646443016005442e+01,3.2116134506286137e-01,5.7647337640233872e+01,3.1360214855258626e+00,3.3232155370071250e+03,3.4575153232282961e-02,7,1.0000000000000000e+00
max_c_ep_mixing_angles_polarization_04_local_minimum_1270,C_e_p,polarization_cluster_04_local_minimum_1270,cos(alpha_e)|+>+sin(alpha_e)|-> tensor cos(alpha_p)|+>+sin(alpha_p)|->,1.7463904422944856e+00,2.8041595210958903e+00,p_gamma_lepton,|+1+1-1>,3,-1,1,1,5.4814472571216164e+01,-3.7723864395381002e-01,5.4815770652751944e+01,-6.8819906618347399e-03,3.0047687122551006e+03,3.1261992337503604e-02,8,1.0000000000000000e+00
max_c_ep_mixing_angles_polarization_04_local_minimum_1273,C_e_p,polarization_cluster_04_local_minimum_1273,cos(alpha_e)|+>+sin(alpha_e)|-> tensor cos(alpha_p)|+>+sin(alpha_p)|->,1.7135343912056700e+00,2.9861750581055722e+00,p_gamma_lepton,|+1+1+1>,7,1,1,1,-1.9458084785638235e+01,-1.8185024019181418e-02,1.9458093283263516e+01,-3.1406580796620363e+00,3.7861739422018474e+02,2.4378096318023948e-01,1,9.4011559129665345e-01
max_c_ep_mixing_angles_polarization_04_local_minimum_1273,C_e_p,polarization_cluster_04_local_minimum_1273,cos(alpha_e)|+>+sin(alpha_e)|-> tensor cos(alpha_p)|+>+sin(alpha_p)|->,1.7135343912056700e+00,2.9861750581055722e+00,p_gamma_lepton,|-1-1-1>,0,-1,-1,-1,-1.9218374636616652e+01,1.8026181503311249e-02,1.9218383090587245e+01,3.1406546878898944e+00,3.6934624861656988e+02,2.3781153641977984e-01,2,9.4011559129665345e-01
max_c_ep_mixing_angles_polarization_04_local_minimum_1273,C_e_p,polarization_cluster_04_local_minimum_1273,cos(alpha_e)|+>+sin(alpha_e)|-> tensor cos(alpha_p)|+>+sin(alpha_p)|->,1.7135343912056700e+00,2.9861750581055722e+00,p_gamma_lepton,|-1+1-1>,1,-1,-1,1,-1.8988966802464414e+01,-1.3445429480289123e-02,1.8988971562585203e+01,-3.1408845883552194e+00,3.6058104100466949e+02,2.3216786873117598e-01,3,9.4011559129665345e-01
max_c_ep_mixing_angles_polarization_04_local_minimum_1273,C_e_p,polarization_cluster_04_local_minimum_1273,cos(alpha_e)|+>+sin(alpha_e)|-> tensor cos(alpha_p)|+>+sin(alpha_p)|->,1.7135343912056700e+00,2.9861750581055722e+00,p_gamma_lepton,|+1-1+1>,6,1,1,-1,-1.8749751185761319e+01,1.4939715883556148e-02,1.8749757137708976e+01,3.1407958583377451e+00,3.5155339272306878e+02,2.2635522296545821e-01,4,9.4011559129665345e-01
max_c_ep_mixing_angles_polarization_04_local_minimum_1279,C_e_p,polarization_cluster_04_local_minimum_1279,cos(alpha_e)|+>+sin(alpha_e)|-> tensor cos(alpha_p)|+>+sin(alpha_p)|->,3.0226468844988252e+00,2.0194507292765076e+00,p_gamma_lepton,|-1+1+1>,5,1,-1,1,5.8529692668458528e+00,1.7985479433240584e-02,5.8529969004017532e+00,3.0728715637632297e-03,3.4257572716112534e+01,2.9688217621522772e-01,1,9.6854919965363107e-01
max_c_ep_mixing_angles_polarization_04_local_minimum_1279,C_e_p,polarization_cluster_04_local_minimum_1279,cos(alpha_e)|+>+sin(alpha_e)|-> tensor cos(alpha_p)|+>+sin(alpha_p)|->,3.0226468844988252e+00,2.0194507292765076e+00,p_gamma_lepton,|+1+1-1>,3,-1,1,1,-5.8314030485657602e+00,-3.0239378108889454e-03,5.8314038326137148e+00,-3.1410740927023610e+00,3.4005270659021932e+01,2.9469568202332003e-01,2,9.6854919965363107e-01
max_c_ep_mixing_angles_polarization_04_local_minimum_1279,C_e_p,polarization_cluster_04_local_minimum_1279,cos(alpha_e)|+>+sin(alpha_e)|-> tensor cos(alpha_p)|+>+sin(alpha_p)|->,3.0226468844988252e+00,2.0194507292765076e+00,p_gamma_lepton,|+1+1+1>,7,1,1,1,-4.5575911532296569e+00,-2.8006324400082028e-01,4.5661879659774733e+00,-3.0802199860715622e+00,2.0850072540637495e+01,1.8069041147210180e-01,3,9.6854919965363107e-01
max_c_ep_mixing_angles_polarization_04_local_minimum_1279,C_e_p,polarization_cluster_04_local_minimum_1279,cos(alpha_e)|+>+sin(alpha_e)|-> tensor cos(alpha_p)|+>+sin(alpha_p)|->,3.0226468844988252e+00,2.0194507292765076e+00,p_gamma_lepton,|-1+1-1>,1,-1,-1,1,-4.4898106804222850e+00,3.2753704678378759e-01,4.5017419365230023e+00,3.0687704610500557e+00,2.0265680463049861e+01,1.7562596650412676e-01,4,9.6854919965363107e-01
max_c_ep_mixing_angles_polarization_04_local_minimum_1279,C_e_p,polarization_cluster_04_local_minimum_1279,cos(alpha_e)|+>+sin(alpha_e)|-> tensor cos(alpha_p)|+>+sin(alpha_p)|->,3.0226468844988252e+00,2.0194507292765076e+00,p_gamma_lepton,|+1-1-1>,2,-1,1,-1,-1.5438193312117421e+00,-4.6526820265753140e-03,1.5438263422008032e+00,-3.1385789149700463e+00,2.3833997748731108e+00,2.0654963438854767e-02,5,9.6854919965363107e-01
max_c_ep_mixing_angles_polarization_04_local_minimum_1288,C_e_p,polarization_cluster_04_local_minimum_1288,cos(alpha_e)|+>+sin(alpha_e)|-> tensor cos(alpha_p)|+>+sin(alpha_p)|->,3.0470270799823407e+00,1.6665239960682416e+00,p_gamma_lepton,|-1-1-1>,0,-1,-1,-1,-1.7135656645438273e-03,5.2142181924233208e-03,5.4885679958347833e-03,1.8883108921327509e+00,3.0124378644901859e-05,2.6403153496126175e-01,1,9.9981119454248313e-01
max_c_ep_mixing_angles_polarization_04_local_minimum_1288,C_e_p,polarization_cluster_04_local_minimum_1288,cos(alpha_e)|+>+sin(alpha_e)|-> tensor cos(alpha_p)|+>+sin(alpha_p)|->,3.0470270799823407e+00,1.6665239960682416e+00,p_gamma_lepton,|+1+1+1>,7,1,1,1,-2.1541725455743771e-03,-5.0023990890961855e-03,5.4465086066852715e-03,-1.9774241708205700e+00,2.9664456002696739e-05,2.6000044497211083e-01,2,9.9981119454248313e-01
max_c_ep_mixing_angles_polarization_04_local_minimum_1288,C_e_p,polarization_cluster_04_local_minimum_1288,cos(alpha_e)|+>+sin(alpha_e)|-> tensor cos(alpha_p)|+>+sin(alpha_p)|->,3.0470270799823407e+00,1.6665239960682416e+00,p_gamma_lepton,|+1-1+1>,6,1,1,-1,-1.3129913262730063e-03,-5.0633674927055977e-03,5.2308351712757996e-03,-1.8245197256658550e+00,2.7361636589055915e-05,2.3981689358041836e-01,3,9.9981119454248313e-01
max_c_ep_mixing_angles_polarization_04_local_minimum_1288,C_e_p,polarization_cluster_04_local_minimum_1288,cos(alpha_e)|+>+sin(alpha_e)|-> tensor cos(alpha_p)|+>+sin(alpha_p)|->,3.0470270799823407e+00,1.6665239960682416e+00,p_gamma_lepton,|-1+1-1>,1,-1,-1,1,-8.5062100718813721e-04,5.1184272394831946e-03,5.1886273236525010e-03,1.7354792043496614e+00,2.6921853503753315e-05,2.3596232102869216e-01,4,9.9981119454248313e-01
max_c_ep_mixing_angles_polarization_04_local_minimum_1311,C_e_p,polarization_cluster_04_local_minimum_1311,cos(alpha_e)|+>+sin(alpha_e)|-> tensor cos(alpha_p)|+>+sin(alpha_p)|->,2.9972623854445835e+00,1.7159235597725080e+00,p_gamma_lepton,|-1-1-1>,0,-1,-1,-1,-7.4868794165424066e-03,1.4215761958102622e-03,7.6206457914235028e-03,2.9539507142775956e+00,5.8074242278340734e-05,2.6376506702729041e-01,1,9.9996787033348000e-01
max_c_ep_mixing_angles_polarization_04_local_minimum_1311,C_e_p,polarization_cluster_04_local_minimum_1311,cos(alpha_e)|+>+sin(alpha_e)|-> tensor cos(alpha_p)|+>+sin(alpha_p)|->,2.9972623854445835e+00,1.7159235597725080e+00,p_gamma_lepton,|+1+1+1>,7,1,1,1,-7.4472702271376132e-03,-1.3993497203724486e-03,7.5775994533834245e-03,-2.9558573250109705e+00,5.7420013475916776e-05,2.6079365152271144e-01,2,9.9996787033348000e-01
max_c_ep_mixing_angles_polarization_04_local_minimum_1311,C_e_p,polarization_cluster_04_local_minimum_1311,cos(alpha_e)|+>+sin(alpha_e)|-> tensor cos(alpha_p)|+>+sin(alpha_p)|->,2.9972623854445835e+00,1.7159235597725080e+00,p_gamma_lepton,|+1-1+1>,6,1,1,-1,-7.1248155100176822e-03,-1.3713150203416187e-03,7.2555841209928137e-03,-2.9514476103364640e+00,5.2643500936803049e-05,2.3909940118712147e-01,3,9.9996787033348000e-01
max_c_ep_mixing_angles_polarization_04_local_minimum_1311,C_e_p,polarization_cluster_04_local_minimum_1311,cos(alpha_e)|+>+sin(alpha_e)|-> tensor cos(alpha_p)|+>+sin(alpha_p)|->,2.9972623854445835e+00,1.7159235597725080e+00,p_gamma_lepton,|-1+1-1>,1,-1,-1,1,-7.0804435177643727e-03,1.3771752454195634e-03,7.2131333042477425e-03,2.9494871613754348e+00,5.2029292064847953e-05,2.3630975059635664e-01,4,9.9996787033348000e-01
max_c_ep_mixing_angles_polarization_04_local_minimum_1323,C_e_p,polarization_cluster_04_local_minimum_1323,cos(alpha_e)|+>+sin(alpha_e)|-> tensor cos(alpha_p)|+>+sin(alpha_p)|->,1.9192386456441228e+00,2.7935086299632812e+00,p_gamma_lepton,|+1+1+1>,7,1,1,1,1.6587671032327864e-02,-8.1229338331595440e-08,1.6587671032526754e-02,-4.8969706580651097e-06,2.7515083028332716e-04,2.6323510408484252e-01,1,9.9998873378076247e-01
max_c_ep_mixing_angles_polarization_04_local_minimum_1323,C_e_p,polarization_cluster_04_local_minimum_1323,cos(alpha_e)|+>+sin(alpha_e)|-> tensor cos(alpha_p)|+>+sin(alpha_p)|->,1.9192386456441228e+00,2.7935086299632812e+00,p_gamma_lepton,|-1-1-1>,0,-1,-1,-1,1.6545028109700748e-02,-1.0798388947927735e-08,1.6545028109704273e-02,-6.5266670303176134e-07,2.7373795515090447e-04,2.6188341515059793e-01,2,9.9998873378076247e-01
max_c_ep_mixing_angles_polarization_04_local_minimum_1323,C_e_p,polarization_cluster_04_local_minimum_1323,cos(alpha_e)|+>+sin(alpha_e)|-> tensor cos(alpha_p)|+>+sin(alpha_p)|->,1.9192386456441228e+00,2.7935086299632812e+00,p_gamma_lepton,|-1+1-1>,1,-1,-1,1,1.5775558378163336e-02,-1.8108151977605207e-07,1.5775558379202619e-02,-1.1478612384253457e-05,2.4886824217562999e-04,2.3809071397333667e-01,3,9.9998873378076247e-01
max_c_ep_mixing_angles_polarization_04_local_minimum_1323,C_e_p,polarization_cluster_04_local_minimum_1323,cos(alpha_e)|+>+sin(alpha_e)|-> tensor cos(alpha_p)|+>+sin(alpha_p)|->,1.9192386456441228e+00,2.7935086299632812e+00,p_gamma_lepton,|+1-1+1>,6,1,1,-1,1.5732058821430101e-02,-2.5289865491674838e-09,1.5732058821430302e-02,-1.6075369269039944e-07,2.4749767476094298e-04,2.3677950057198541e-01,4,9.9998873378076247e-01
max_c_ep_mixing_angles_polarization_04_local_minimum_1324,C_e_p,polarization_cluster_04_local_minimum_1324,cos(alpha_e)|+>+sin(alpha_e)|-> tensor cos(alpha_p)|+>+sin(alpha_p)|->,2.7247929576018377e+00,1.9885757917500735e+00,p_gamma_lepton,|-1-1-1>,0,-1,-1,-1,-4.6585908035693905e-03,1.8719346370920920e-02,1.9290318733230189e-02,1.8147065033290306e+00,3.7211639682961146e-04,2.6316491438412443e-01,1,9.9991846193475953e-01
max_c_ep_mixing_angles_polarization_04_local_minimum_1324,C_e_p,polarization_cluster_04_local_minimum_1324,cos(alpha_e)|+>+sin(alpha_e)|-> tensor cos(alpha_p)|+>+sin(alpha_p)|->,2.7247929576018377e+00,1.9885757917500735e+00,p_gamma_lepton,|+1+1+1>,7,1,1,1,-5.0971757907590839e-03,-1.8559738135090806e-02,1.9246949906025226e-02,-1.8388242760889997e+00,3.7044508068504448e-04,2.6198294074942008e-01,2,9.9991846193475953e-01
max_c_ep_mixing_angles_polarization_04_local_minimum_1324,C_e_p,polarization_cluster_04_local_minimum_1324,cos(alpha_e)|+>+sin(alpha_e)|-> tensor cos(alpha_p)|+>+sin(alpha_p)|->,2.7247929576018377e+00,1.9885757917500735e+00,p_gamma_lepton,|+1-1+1>,6,1,1,-1,-2.5298702587892036e-03,-1.8167644249588218e-02,1.8342942542185048e-02,-1.7091580030027980e+00,3.3646354110590195e-04,2.3795081254927369e-01,3,9.9991846193475953e-01
max_c_ep_mixing_angles_polarization_04_local_minimum_1324,C_e_p,polarization_cluster_04_local_minimum_1324,cos(alpha_e)|+>+sin(alpha_e)|-> tensor cos(alpha_p)|+>+sin(alpha_p)|->,2.7247929576018377e+00,1.9885757917500735e+00,p_gamma_lepton,|-1+1-1>,1,-1,-1,1,-2.0870491138045419e-03,1.8179892795031124e-02,1.8299297146127137e-02,1.6850958195422610e+00,3.3486427604225691e-04,2.3681979425194136e-01,4,9.9991846193475953e-01
max_c_ep_mixing_angles_polarization_04_local_minimum_1325,C_e_p,polarization_cluster_04_local_minimum_1325,cos(alpha_e)|+>+sin(alpha_e)|-> tensor cos(alpha_p)|+>+sin(alpha_p)|->,2.7222865228560087e+00,1.9920362631660755e+00,p_gamma_lepton,|-1-1-1>,0,-1,-1,-1,-6.8344182086517453e-03,-1.7974323565077641e-02,1.9229809668139097e-02,-1.9341463007280000e+00,3.6978557987285603e-04,2.6316785582009150e-01,1,9.9991615097532982e-01
max_c_ep_mixing_angles_polarization_04_local_minimum_1325,C_e_p,polarization_cluster_04_local_minimum_1325,cos(alpha_e)|+>+sin(alpha_e)|-> tensor cos(alpha_p)|+>+sin(alpha_p)|->,2.7222865228560087e+00,1.9920362631660755e+00,p_gamma_lepton,|+1+1+1>,7,1,1,1,-7.2451183845788567e-03,1.7765835374898641e-02,1.9186366174306236e-02,1.9580188738412652e+00,3.6811664697456239e-04,2.6198011482569533e-01,2,9.9991615097532982e-01
max_c_ep_mixing_angles_polarization_04_local_minimum_1325,C_e_p,polarization_cluster_04_local_minimum_1325,cos(alpha_e)|+>+sin(alpha_e)|-> tensor cos(alpha_p)|+>+sin(alpha_p)|->,2.7222865228560087e+00,1.9920362631660755e+00,p_gamma_lepton,|+1-1+1>,6,1,1,-1,-4.7290238748246395e-03,1.7663594473020967e-02,1.8285683922566263e-02,1.8323885382697767e+00,3.3436623651599830e-04,2.3796072727553119e-01,3,9.9991615097532982e-01
max_c_ep_mixing_angles_polarization_04_local_minimum_1325,C_e_p,polarization_cluster_04_local_minimum_1325,cos(alpha_e)|+>+sin(alpha_e)|-> tensor cos(alpha_p)|+>+sin(alpha_p)|->,2.7222865228560087e+00,1.9920362631660755e+00,p_gamma_lepton,|-1+1-1>,1,-1,-1,1,-4.2957012259961166e-03,-1.7728301807018843e-02,1.8241319414553654e-02,-1.8085220281537659e+00,3.3274573398377221e-04,2.3680745305401180e-01,4,9.9991615097532982e-01
max_c_ep_mixing_angles_polarization_04_local_minimum_1326,C_e_p,polarization_cluster_04_local_minimum_1326,cos(alpha_e)|+>+sin(alpha_e)|-> tensor cos(alpha_p)|+>+sin(alpha_p)|->,2.7167764623987747e+00,1.9965325866679957e+00,p_gamma_lepton,|-1-1-1>,0,-1,-1,-1,-4.5251198454655892e-03,-1.9012635281490196e-02,1.9543720473921854e-02,-1.8044549842735187e+00,3.8195700996279224e-04,2.6315665100506752e-01,1,9.9991711805630168e-01
max_c_ep_mixing_angles_polarization_04_local_minimum_1326,C_e_p,polarization_cluster_04_local_minimum_1326,cos(alpha_e)|+>+sin(alpha_e)|-> tensor cos(alpha_p)|+>+sin(alpha_p)|->,2.7167764623987747e+00,1.9965325866679957e+00,p_gamma_lepton,|+1+1+1>,7,1,1,1,-4.9695970049880613e-03,1.8856781312110712e-02,1.9500643472581979e-02,1.8284813751871163e+00,3.8027509584475397e-04,2.6199786382474005e-01,2,9.9991711805630168e-01
max_c_ep_mixing_angles_polarization_04_local_minimum_1326,C_e_p,polarization_cluster_04_local_minimum_1326,cos(alpha_e)|+>+sin(alpha_e)|-> tensor cos(alpha_p)|+>+sin(alpha_p)|->,2.7167764623987747e+00,1.9965325866679957e+00,p_gamma_lepton,|+1-1+1>,6,1,1,-1,-2.3660844082018218e-03,1.8432589968353438e-02,1.8583829755144110e-02,1.6984623676340218e+00,3.4535872836817961e-04,2.3794155881991072e-01,3,9.9991711805630168e-01
max_c_ep_mixing_angles_polarization_04_local_minimum_1326,C_e_p,polarization_cluster_04_local_minimum_1326,cos(alpha_e)|+>+sin(alpha_e)|-> tensor cos(alpha_p)|+>+sin(alpha_p)|->,2.7167764623987747e+00,1.9965325866679957e+00,p_gamma_lepton,|-1+1-1>,1,-1,-1,1,-1.9195545211881753e-03,-1.8440381651395572e-02,1.8540020631297595e-02,-1.6745179299245703e+00,3.4373236500894047e-04,2.3682104440658339e-01,4,9.9991711805630168e-01
max_c_ep_mixing_angles_polarization_04_local_minimum_1327,C_e_p,polarization_cluster_04_local_minimum_1327,cos(alpha_e)|+>+sin(alpha_e)|-> tensor cos(alpha_p)|+>+sin(alpha_p)|->,2.7084881772731690e+00,2.0046433523357847e+00,p_gamma_lepton,|-1-1-1>,0,-1,-1,-1,-4.1786377866352524e-03,-1.9282442429574921e-02,1.9730017734451412e-02,-1.7842033713328616e+00,3.8927359980176710e-04,2.6316748313792254e-01,1,9.9991821556972216e-01
max_c_ep_mixing_angles_polarization_04_local_minimum_1327,C_e_p,polarization_cluster_04_local_minimum_1327,cos(alpha_e)|+>+sin(alpha_e)|-> tensor cos(alpha_p)|+>+sin(alpha_p)|->,2.7084881772731690e+00,2.0046433523357847e+00,p_gamma_lepton,|+1+1+1>,7,1,1,1,-4.6213679788631046e-03,1.9135913243948838e-02,1.9686041188517252e-02,1.8077613481171904e+00,3.8754021767599774e-04,2.6199563431080641e-01,2,9.9991821556972216e-01
max_c_ep_mixing_angles_polarization_04_local_minimum_1327,C_e_p,polarization_cluster_04_local_minimum_1327,cos(alpha_e)|+>+sin(alpha_e)|-> tensor cos(alpha_p)|+>+sin(alpha_p)|->,2.7084881772731690e+00,2.0046433523357847e+00,p_gamma_lepton,|+1-1+1>,6,1,1,-1,-2.0198724470391022e-03,1.8650841184541137e-02,1.8759897696770191e-02,1.6786751452683313e+00,3.5193376159328352e-04,2.3792397510884492e-01,3,9.9991821556972216e-01
max_c_ep_mixing_angles_polarization_04_local_minimum_1327,C_e_p,polarization_cluster_04_local_minimum_1327,cos(alpha_e)|+>+sin(alpha_e)|-> tensor cos(alpha_p)|+>+sin(alpha_p)|->,2.7084881772731690e+00,2.0046433523357847e+00,p_gamma_lepton,|-1+1-1>,1,-1,-1,1,-1.5775552903616234e-03,-1.8650162187336741e-02,1.8716763350219320e-02,-1.6551821312831509e+00,3.5031723030811313e-04,2.3683112301214831e-01,4,9.9991821556972216e-01
max_c_ep_mixing_angles_polarization_04_local_minimum_1328,C_e_p,polarization_cluster_04_local_minimum_1328,cos(alpha_e)|+>+sin(alpha_e)|-> tensor cos(alpha_p)|+>+sin(alpha_p)|->,2.0158654890786658e+00,2.6943509630377926e+00,p_gamma_lepton,|+1+1+1>,7,1,1,1,7.7972666115990420e-03,1.8235580567207862e-02,1.9832643929529069e-02,1.1667379268406213e+00,3.9333376523548625e-04,2.6317113694837702e-01,1,9.9992212307991846e-01
max_c_ep_mixing_angles_polarization_04_local_minimum_1328,C_e_p,polarization_cluster_04_local_minimum_1328,cos(alpha_e)|+>+sin(alpha_e)|-> tensor cos(alpha_p)|+>+sin(alpha_p)|->,2.0158654890786658e+00,2.6943509630377926e+00,p_gamma_lepton,|-1-1-1>,0,-1,-1,-1,8.1748256695005246e-03,-1.8021141790016282e-02,1.9788616074465540e-02,-1.1449326205430823e+00,3.9158932614259597e-04,2.6200397038402606e-01,2,9.9992212307991846e-01
max_c_ep_mixing_angles_polarization_04_local_minimum_1328,C_e_p,polarization_cluster_04_local_minimum_1328,cos(alpha_e)|+>+sin(alpha_e)|-> tensor cos(alpha_p)|+>+sin(alpha_p)|->,2.0158654890786658e+00,2.6943509630377926e+00,p_gamma_lepton,|-1+1-1>,1,-1,-1,1,5.7203027274723948e-03,-1.7969181723287118e-02,1.8857713411186521e-02,-1.2626002451670533e+00,3.5561335509844383e-04,2.3793322426630317e-01,3,9.9992212307991846e-01
max_c_ep_mixing_angles_polarization_04_local_minimum_1328,C_e_p,polarization_cluster_04_local_minimum_1328,cos(alpha_e)|+>+sin(alpha_e)|-> tensor cos(alpha_p)|+>+sin(alpha_p)|->,2.0158654890786658e+00,2.6943509630377926e+00,p_gamma_lepton,|+1-1+1>,6,1,1,-1,5.3138928359127667e-03,1.8047238057693957e-02,1.8813300044985253e-02,1.2844449565720726e+00,3.5394025858264213e-04,2.3681379148121215e-01,4,9.9992212307991846e-01
max_c_ep_mixing_angles_polarization_04_local_minimum_1330,C_e_p,polarization_cluster_04_local_minimum_1330,cos(alpha_e)|+>+sin(alpha_e)|-> tensor cos(alpha_p)|+>+sin(alpha_p)|->,2.0383234238755366e+00,2.6735829892423872e+00,p_gamma_lepton,|+1+1+1>,7,1,1,1,3.6800348640219243e-03,2.0631929104442281e-02,2.0957556040033611e-02,1.3942865488742044e+00,4.3921915517114928e-04,2.6314160119405855e-01,1,9.9991518303171334e-01
max_c_ep_mixing_angles_polarization_04_local_minimum_1330,C_e_p,polarization_cluster_04_local_minimum_1330,cos(alpha_e)|+>+sin(alpha_e)|-> tensor cos(alpha_p)|+>+sin(alpha_p)|->,2.0383234238755366e+00,2.6735829892423872e+00,p_gamma_lepton,|-1-1-1>,0,-1,-1,-1,4.1412439250064414e-03,-2.0499862635705766e-02,2.0913973064179081e-02,-1.3714656989243290e+00,4.3739426932920815e-04,2.6204828962785959e-01,2,9.9991518303171334e-01
max_c_ep_mixing_angles_polarization_04_local_minimum_1330,C_e_p,polarization_cluster_04_local_minimum_1330,cos(alpha_e)|+>+sin(alpha_e)|-> tensor cos(alpha_p)|+>+sin(alpha_p)|->,2.0383234238755366e+00,2.6735829892423872e+00,p_gamma_lepton,|-1+1-1>,1,-1,-1,1,1.3313586355916307e-03,-1.9881387553266829e-02,1.9925914956652746e-02,-1.5039310796181586e+00,3.9704208685975746e-04,2.3787280050888329e-01,3,9.9991518303171334e-01
max_c_ep_mixing_angles_polarization_04_local_minimum_1330,C_e_p,polarization_cluster_04_local_minimum_1330,cos(alpha_e)|+>+sin(alpha_e)|-> tensor cos(alpha_p)|+>+sin(alpha_p)|->,2.0383234238755366e+00,2.6735829892423872e+00,p_gamma_lepton,|+1-1+1>,6,1,1,-1,8.7791258772607940e-04,1.9863743908131715e-02,1.9883134877567162e-02,1.5266283372695537e+00,3.9533905255952772e-04,2.3685249170091194e-01,4,9.9991518303171334e-01
max_c_ep_mixing_angles_polarization_04_local_minimum_1331,C_e_p,polarization_cluster_04_local_minimum_1331,cos(alpha_e)|+>+sin(alpha_e)|-> tensor cos(alpha_p)|+>+sin(alpha_p)|->,2.0633805405300563e+00,2.6474922228245590e+00,p_gamma_lepton,|+1+1+1>,7,1,1,1,6.4095828735634564e-03,-2.0530072105584132e-02,2.1507361838997398e-02,-1.2681806032882856e+00,4.6256661327356158e-04,2.6313432513649487e-01,1,9.9991326082358656e-01
max_c_ep_mixing_angles_polarization_04_local_minimum_1331,C_e_p,polarization_cluster_04_local_minimum_1331,cos(alpha_e)|+>+sin(alpha_e)|-> tensor cos(alpha_p)|+>+sin(alpha_p)|->,2.0633805405300563e+00,2.6474922228245590e+00,p_gamma_lepton,|-1-1-1>,0,-1,-1,-1,6.8459026252129284e-03,2.0342866450953151e-02,2.1463890565207710e-02,1.2461751673283332e+00,4.6069859819521255e-04,2.6207169140357678e-01,2,9.9991326082358656e-01
max_c_ep_mixing_angles_polarization_04_local_minimum_1331,C_e_p,polarization_cluster_04_local_minimum_1331,cos(alpha_e)|+>+sin(alpha_e)|-> tensor cos(alpha_p)|+>+sin(alpha_p)|->,2.0633805405300563e+00,2.6474922228245590e+00,p_gamma_lepton,|-1+1-1>,1,-1,-1,1,3.9945304557286428e-03,2.0054675620171544e-02,2.0448625572200362e-02,1.3741874262896236e+00,4.1814628779204659e-04,2.3786550539785692e-01,3,9.9991326082358656e-01
max_c_ep_mixing_angles_polarization_04_local_minimum_1331,C_e_p,polarization_cluster_04_local_minimum_1331,cos(alpha_e)|+>+sin(alpha_e)|-> tensor cos(alpha_p)|+>+sin(alpha_p)|->,2.0633805405300563e+00,2.6474922228245590e+00,p_gamma_lepton,|+1-1+1>,6,1,1,-1,3.5457169503146282e-03,-2.0094140666381877e-02,2.0404572963237687e-02,-1.3961389866337979e+00,4.1634659781209025e-04,2.3684173888565802e-01,4,9.9991326082358656e-01
max_c_ep_mixing_angles_polarization_04_local_minimum_1337,C_e_p,polarization_cluster_04_local_minimum_1337,cos(alpha_e)|+>+sin(alpha_e)|-> tensor cos(alpha_p)|+>+sin(alpha_p)|->,2.6167192469944474e+00,2.0976483998846107e+00,p_gamma_lepton,|-1-1-1>,0,-1,-1,-1,-7.7435540878636857e-03,2.0737859453974414e-02,2.2136428001022803e-02,1.9281651014087480e+00,4.9002144464446642e-04,2.6314288384677714e-01,1,9.9991164844144353e-01
max_c_ep_mixing_angles_polarization_04_local_minimum_1337,C_e_p,polarization_cluster_04_local_minimum_1337,cos(alpha_e)|+>+sin(alpha_e)|-> tensor cos(alpha_p)|+>+sin(alpha_p)|->,2.6167192469944474e+00,2.0976483998846107e+00,p_gamma_lepton,|+1+1+1>,7,1,1,1,-8.1628928836803283e-03,-2.0528448558733304e-02,2.2091854165257347e-02,-1.9492649096660570e+00,4.8805002045899855e-04,2.6208422355523486e-01,2,9.9991164844144353e-01
max_c_ep_mixing_angles_polarization_04_local_minimum_1337,C_e_p,polarization_cluster_04_local_minimum_1337,cos(alpha_e)|+>+sin(alpha_e)|-> tensor cos(alpha_p)|+>+sin(alpha_p)|->,2.6167192469944474e+00,2.0976483998846107e+00,p_gamma_lepton,|+1-1+1>,6,1,1,-1,-5.3370915159216418e-03,-2.0356968777620180e-02,2.1044969081999754e-02,-1.8272007321623145e+00,4.4289072366232574e-04,2.3783355509685558e-01,3,9.9991164844144353e-01
max_c_ep_mixing_angles_polarization_04_local_minimum_1337,C_e_p,polarization_cluster_04_local_minimum_1337,cos(alpha_e)|+>+sin(alpha_e)|-> tensor cos(alpha_p)|+>+sin(alpha_p)|->,2.6167192469944474e+00,2.0976483998846107e+00,p_gamma_lepton,|-1+1-1>,1,-1,-1,1,-4.8975922342606292e-03,2.0422404015309405e-02,2.1001452222587268e-02,1.8061660709272100e+00,4.4106099545761571e-04,2.3685098594257598e-01,4,9.9991164844144353e-01
max_c_ep_mixing_angles_polarization_04_local_minimum_1338,C_e_p,polarization_cluster_04_local_minimum_1338,cos(alpha_e)|+>+sin(alpha_e)|-> tensor cos(alpha_p)|+>+sin(alpha_p)|->,2.0925715285916628e+00,2.6172421231089213e+00,p_gamma_lepton,|+1+1+1>,7,1,1,1,9.5747158099178855e-03,1.9835690477121505e-02,2.2025662295260505e-02,1.1210831102730587e+00,4.8512979954486011e-04,2.6314749292485184e-01,1,9.9991868274459605e-01
max_c_ep_mixing_angles_polarization_04_local_minimum_1338,C_e_p,polarization_cluster_04_local_minimum_1338,cos(alpha_e)|+>+sin(alpha_e)|-> tensor cos(alpha_p)|+>+sin(alpha_p)|->,2.0925715285916628e+00,2.6172421231089213e+00,p_gamma_lepton,|-1-1-1>,0,-1,-1,-1,9.9441893578118227e-03,-1.9603018349927784e-02,2.1981019776425827e-02,-1.1013429019857846e+00,4.8316523041162335e-04,2.6208185761946795e-01,2,9.9991868274459605e-01
max_c_ep_mixing_angles_polarization_04_local_minimum_1338,C_e_p,polarization_cluster_04_local_minimum_1338,cos(alpha_e)|+>+sin(alpha_e)|-> tensor cos(alpha_p)|+>+sin(alpha_p)|->,2.0925715285916628e+00,2.6172421231089213e+00,p_gamma_lepton,|-1+1-1>,1,-1,-1,1,7.2219158447302135e-03,-1.9655196987037226e-02,2.0939981782886120e-02,-1.2186785236053188e+00,4.3848283706760259e-04,2.3784492186043532e-01,3,9.9991868274459605e-01
max_c_ep_mixing_angles_polarization_04_local_minimum_1338,C_e_p,polarization_cluster_04_local_minimum_1338,cos(alpha_e)|+>+sin(alpha_e)|-> tensor cos(alpha_p)|+>+sin(alpha_p)|->,2.0925715285916628e+00,2.6172421231089213e+00,p_gamma_lepton,|+1-1+1>,6,1,1,-1,6.8172151135213821e-03,1.9752567074505772e-02,2.0895892609239596e-02,1.2384660816163366e+00,4.3663832793687383e-04,2.3684441033984097e-01,4,9.9991868274459605e-01
max_c_ep_mixing_angles_polarization_04_local_minimum_1339,C_e_p,polarization_cluster_04_local_minimum_1339,cos(alpha_e)|+>+sin(alpha_e)|-> tensor cos(alpha_p)|+>+sin(alpha_p)|->,2.0998349978722737e+00,2.6103409705675844e+00,p_gamma_lepton,|+1+1+1>,7,1,1,1,8.4022127683164478e-03,-2.0752445531149518e-02,2.2388862743055696e-02,-1.1860916926018961e+00,5.0126117492738759e-04,2.6312428865269588e-01,1,9.9991229088543243e-01
max_c_ep_mixing_angles_polarization_04_local_minimum_1339,C_e_p,polarization_cluster_04_local_minimum_1339,cos(alpha_e)|+>+sin(alpha_e)|-> tensor cos(alpha_p)|+>+sin(alpha_p)|->,2.0998349978722737e+00,2.6103409705675844e+00,p_gamma_lepton,|-1-1-1>,0,-1,-1,-1,8.8145425121932842e-03,2.0533451955281567e-02,2.2345442687472516e-02,1.1653084479952496e+00,4.9931880889911913e-04,2.6210469307048201e-01,2,9.9991229088543243e-01
max_c_ep_mixing_angles_polarization_04_local_minimum_1339,C_e_p,polarization_cluster_04_local_minimum_1339,cos(alpha_e)|+>+sin(alpha_e)|-> tensor cos(alpha_p)|+>+sin(alpha_p)|->,2.0998349978722737e+00,2.6103409705675844e+00,p_gamma_lepton,|-1+1-1>,1,-1,-1,1,5.9600480694017985e-03,2.0434442286715922e-02,2.1285878054679915e-02,1.2870021092356112e+00,4.5308860455870397e-04,2.3783732460113541e-01,3,9.9991229088543243e-01
max_c_ep_mixing_angles_polarization_04_local_minimum_1339,C_e_p,polarization_cluster_04_local_minimum_1339,cos(alpha_e)|+>+sin(alpha_e)|-> tensor cos(alpha_p)|+>+sin(alpha_p)|->,2.0998349978722737e+00,2.6103409705675844e+00,p_gamma_lepton,|+1-1+1>,6,1,1,-1,5.5239335214777811e-03,-2.0510636869648258e-02,2.1241470437525750e-02,-1.3077179969593036e+00,4.5120006634828051e-04,2.3684598456111916e-01,4,9.9991229088543243e-01
max_c_ep_mixing_angles_polarization_04_local_minimum_1340,C_e_p,polarization_cluster_04_local_minimum_1340,cos(alpha_e)|+>+sin(alpha_e)|-> tensor cos(alpha_p)|+>+sin(alpha_p)|->,2.6490485846774217e+00,2.0629651906334998e+00,p_gamma_lepton,|-1-1-1>,0,-1,-1,-1,2.1358527931778101e-02,1.4356424029920189e-08,2.1358527931782927e-02,6.7216355339536039e-07,4.5618671541275136e-04,2.6316254374823034e-01,1,9.9999229329198969e-01
max_c_ep_mixing_angles_polarization_04_local_minimum_1340,C_e_p,polarization_cluster_04_local_minimum_1340,cos(alpha_e)|+>+sin(alpha_e)|-> tensor cos(alpha_p)|+>+sin(alpha_p)|->,2.6490485846774217e+00,2.0629651906334998e+00,p_gamma_lepton,|+1+1+1>,7,1,1,1,2.1315147713310365e-02,4.1460428124047147e-09,2.1315147713310768e-02,1.9451156840051559e-07,4.5433552204025726e-04,2.6209463725201720e-01,2,9.9999229329198969e-01
max_c_ep_mixing_angles_polarization_04_local_minimum_1340,C_e_p,polarization_cluster_04_local_minimum_1340,cos(alpha_e)|+>+sin(alpha_e)|-> tensor cos(alpha_p)|+>+sin(alpha_p)|->,2.6490485846774217e+00,2.0629651906334998e+00,p_gamma_lepton,|+1-1+1>,6,1,1,-1,2.0306285583265957e-02,3.1362111365306555e-08,2.0306285583290177e-02,1.5444533780775036e-06,4.1234523419013836e-04,2.3787150538514651e-01,3,9.9999229329198969e-01
max_c_ep_mixing_angles_polarization_04_local_minimum_1340,C_e_p,polarization_cluster_04_local_minimum_1340,cos(alpha_e)|+>+sin(alpha_e)|-> tensor cos(alpha_p)|+>+sin(alpha_p)|->,2.6490485846774217e+00,2.0629651906334998e+00,p_gamma_lepton,|-1+1-1>,1,-1,-1,1,2.0263219473956606e-02,5.3885383437906335e-09,2.0263219473957324e-02,2.6592705817139026e-07,4.1059806344976316e-04,2.3686360690659566e-01,4,9.9999229329198969e-01
max_c_ep_mixing_angles_polarization_04_local_minimum_1341,C_e_p,polarization_cluster_04_local_minimum_1341,cos(alpha_e)|+>+sin(alpha_e)|-> tensor cos(alpha_p)|+>+sin(alpha_p)|->,2.1358679732618189e+00,2.5740109145374697e+00,p_gamma_lepton,|+1+1+1>,7,1,1,1,9.3371200682343895e-03,-2.1147601631034400e-02,2.3117155229689362e-02,-1.1550154810085316e+00,5.3440286591355420e-04,2.6312668425149449e-01,1,9.9990865517861049e-01
max_c_ep_mixing_angles_polarization_04_local_minimum_1341,C_e_p,polarization_cluster_04_local_minimum_1341,cos(alpha_e)|+>+sin(alpha_e)|-> tensor cos(alpha_p)|+>+sin(alpha_p)|->,2.1358679732618189e+00,2.5740109145374697e+00,p_gamma_lepton,|-1-1-1>,0,-1,-1,-1,9.7440707853784590e-03,2.0914507928622015e-02,2.3073004948789378e-02,1.1347988534018620e+00,5.3236355736685926e-04,2.6212257942668177e-01,2,9.9990865517861049e-01
max_c_ep_mixing_angles_polarization_04_local_minimum_1341,C_e_p,polarization_cluster_04_local_minimum_1341,cos(alpha_e)|+>+sin(alpha_e)|-> tensor cos(alpha_p)|+>+sin(alpha_p)|->,2.1358679732618189e+00,2.5740109145374697e+00,p_gamma_lepton,|-1+1-1>,1,-1,-1,1,6.8252729125533700e-03,2.0890062783298226e-02,2.1976784874521031e-02,1.2550064370537153e+00,4.8297907342097636e-04,2.3780688738424177e-01,3,9.9990865517861049e-01
max_c_ep_mixing_angles_polarization_04_local_minimum_1341,C_e_p,polarization_cluster_04_local_minimum_1341,cos(alpha_e)|+>+sin(alpha_e)|-> tensor cos(alpha_p)|+>+sin(alpha_p)|->,2.1358679732618189e+00,2.5740109145374697e+00,p_gamma_lepton,|+1-1+1>,6,1,1,-1,6.3899567805493756e-03,-2.0981162987184762e-02,2.1932641153132943e-02,-1.2751642024884338e+00,4.8104074795210077e-04,2.3685250411619252e-01,4,9.9990865517861049e-01
max_c_ep_mixing_angles_polarization_04_local_minimum_1342,C_e_p,polarization_cluster_04_local_minimum_1342,cos(alpha_e)|+>+sin(alpha_e)|-> tensor cos(alpha_p)|+>+sin(alpha_p)|->,2.0872918150278328e+00,2.6254792484316014e+00,p_gamma_lepton,|+1+1+1>,7,1,1,1,2.1998415028172298e-02,-1.9474839854085250e-08,2.1998415028180916e-02,-8.8528377290544267e-07,4.8393026375209616e-04,2.6315980180626752e-01,1,9.9999262155624902e-01
max_c_ep_mixing_angles_polarization_04_local_minimum_1342,C_e_p,polarization_cluster_04_local_minimum_1342,cos(alpha_e)|+>+sin(alpha_e)|-> tensor cos(alpha_p)|+>+sin(alpha_p)|->,2.0872918150278328e+00,2.6254792484316014e+00,p_gamma_lepton,|-1-1-1>,0,-1,-1,-1,2.1954692444221810e-02,-6.2955917696192546e-09,2.1954692444222712e-02,-2.8675381290872967e-07,4.8200852032040983e-04,2.6211476358798380e-01,2,9.9999262155624902e-01
max_c_ep_mixing_angles_polarization_04_local_minimum_1342,C_e_p,polarization_cluster_04_local_minimum_1342,cos(alpha_e)|+>+sin(alpha_e)|-> tensor cos(alpha_p)|+>+sin(alpha_p)|->,2.0872918150278328e+00,2.6254792484316014e+00,p_gamma_lepton,|-1+1-1>,1,-1,-1,1,2.0913585203861454e-02,-4.2351776473119976e-08,2.0913585203904336e-02,-2.0250844635305433e-06,4.3737804608096623e-04,2.3784484778584186e-01,3,9.9999262155624902e-01
max_c_ep_mixing_angles_polarization_04_local_minimum_1342,C_e_p,polarization_cluster_04_local_minimum_1342,cos(alpha_e)|+>+sin(alpha_e)|-> tensor cos(alpha_p)|+>+sin(alpha_p)|->,2.0872918150278328e+00,2.6254792484316014e+00,p_gamma_lepton,|+1-1+1>,6,1,1,-1,2.0870823589626584e-02,-8.8168835874230858e-09,2.0870823589628447e-02,-4.2245019941641464e-07,4.3559127730939125e-04,2.3687320837615583e-01,4,9.9999262155624902e-01
max_c_ep_mixing_angles_polarization_04_local_minimum_1343,C_e_p,polarization_cluster_04_local_minimum_1343,cos(alpha_e)|+>+sin(alpha_e)|-> tensor cos(alpha_p)|+>+sin(alpha_p)|->,2.1627965519675891e+00,2.5499698032228375e+00,p_gamma_lepton,|+1+1+1>,7,1,1,1,1.4021788122846191e-03,-2.3872839813535347e-02,2.3913983068161990e-02,-1.5121284128419419e+00,5.7187858618433821e-04,2.6308614838729216e-01,1,9.9990694587087348e-01
max_c_ep_mixing_angles_polarization_04_local_minimum_1343,C_e_p,polarization_cluster_04_local_minimum_1343,cos(alpha_e)|+>+sin(alpha_e)|-> tensor cos(alpha_p)|+>+sin(alpha_p)|->,2.1627965519675891e+00,2.5499698032228375e+00,p_gamma_lepton,|-1-1-1>,0,-1,-1,-1,1.8962135518162586e-03,2.3797541550436820e-02,2.3872968179069365e-02,1.4912832518655199e+00,5.6991860967885860e-04,2.6218448379936510e-01,2,9.9990694587087348e-01
max_c_ep_mixing_angles_polarization_04_local_minimum_1343,C_e_p,polarization_cluster_04_local_minimum_1343,cos(alpha_e)|+>+sin(alpha_e)|-> tensor cos(alpha_p)|+>+sin(alpha_p)|->,2.1627965519675891e+00,2.5499698032228375e+00,p_gamma_lepton,|-1+1-1>,1,-1,-1,1,-1.1738856208904432e-03,2.2702846164572774e-02,2.2733174688617293e-02,1.6224568601791702e+00,5.1679723142319012e-04,2.3774660635486247e-01,3,9.9990694587087348e-01
max_c_ep_mixing_angles_polarization_04_local_minimum_1343,C_e_p,polarization_cluster_04_local_minimum_1343,cos(alpha_e)|+>+sin(alpha_e)|-> tensor cos(alpha_p)|+>+sin(alpha_p)|->,2.1627965519675891e+00,2.5499698032228375e+00,p_gamma_lepton,|+1-1+1>,6,1,1,-1,-1.6366204623708940e-03,-2.2633073955662570e-02,2.2692169645504204e-02,-1.6429816965969348e+00,5.1493456322034242e-04,2.3688970732935374e-01,4,9.9990694587087348e-01
max_c_ep_mixing_angles_polarization_04_local_minimum_1345,C_e_p,polarization_cluster_04_local_minimum_1345,cos(alpha_e)|+>+sin(alpha_e)|-> tensor cos(alpha_p)|+>+sin(alpha_p)|->,2.5284708903507251e+00,2.1850869303868419e+00,p_gamma_lepton,|-1-1-1>,0,-1,-1,-1,-2.3898168181532505e-02,-9.5127205455456418e-04,2.3917093488854142e-02,-3.1018084279491491e+00,5.7202736095458915e-04,2.6314949486902428e-01,1,9.9999551033385159e-01
max_c_ep_mixing_angles_polarization_04_local_minimum_1345,C_e_p,polarization_cluster_04_local_minimum_1345,cos(alpha_e)|+>+sin(alpha_e)|-> tensor cos(alpha_p)|+>+sin(alpha_p)|->,2.5284708903507251e+00,2.1850869303868419e+00,p_gamma_lepton,|+1+1+1>,7,1,1,1,-2.3854369053989175e-02,9.4577668089916773e-04,2.3873110741879637e-02,3.1019654653185103e+00,5.6992541649404909e-04,2.6218253828479582e-01,2,9.9999551033385159e-01
max_c_ep_mixing_angles_polarization_04_local_minimum_1345,C_e_p,polarization_cluster_04_local_minimum_1345,cos(alpha_e)|+>+sin(alpha_e)|-> tensor cos(alpha_p)|+>+sin(alpha_p)|->,2.5284708903507251e+00,2.1850869303868419e+00,p_gamma_lepton,|+1-1+1>,6,1,1,-1,-2.2716448783774032e-02,9.2390479815196447e-04,2.2735229170208003e-02,3.1009438757906138e+00,5.1689064542187685e-04,2.3778497591147366e-01,3,9.9999551033385159e-01
max_c_ep_mixing_angles_polarization_04_local_minimum_1345,C_e_p,polarization_cluster_04_local_minimum_1345,cos(alpha_e)|+>+sin(alpha_e)|-> tensor cos(alpha_p)|+>+sin(alpha_p)|->,2.5284708903507251e+00,2.1850869303868419e+00,p_gamma_lepton,|-1+1-1>,1,-1,-1,1,-2.2672964074550713e-02,-9.2567546586144300e-04,2.2691852612644149e-02,-3.1007880348957966e+00,5.1492017499396494e-04,2.3687850126855789e-01,4,9.9999551033385159e-01
max_c_ep_mixing_angles_polarization_04_local_minimum_1357,C_e_p,polarization_cluster_04_local_minimum_1357,cos(alpha_e)|+>+sin(alpha_e)|-> tensor cos(alpha_p)|+>+sin(alpha_p)|->,2.3494718101354239e+00,2.3613546054419143e+00,p_gamma_lepton,|+1+1+1>,7,1,1,1,1.2472768459871734e-01,2.2231588410080740e-02,1.2669348376531583e-01,1.7638862938239525e-01,1.6051238828592353e-02,2.6258327265967535e-01,1,9.9922448574632616e-01
max_c_ep_mixing_angles_polarization_04_local_minimum_1357,C_e_p,polarization_cluster_04_local_minimum_1357,cos(alpha_e)|+>+sin(alpha_e)|-> tensor cos(alpha_p)|+>+sin(alpha_p)|->,2.3494718101354239e+00,2.3613546054419143e+00,p_gamma_lepton,|-1-1-1>,0,-1,-1,-1,1.2377556309260852e-01,-2.7025912785811731e-02,1.2669171236035376e-01,-2.1497222195049184e-01,1.6050789980798619e-02,2.6257592992906975e-01,2,9.9922448574632616e-01
max_c_ep_mixing_angles_polarization_04_local_minimum_1357,C_e_p,polarization_cluster_04_local_minimum_1357,cos(alpha_e)|+>+sin(alpha_e)|-> tensor cos(alpha_p)|+>+sin(alpha_p)|->,2.3494718101354239e+00,2.3613546054419143e+00,p_gamma_lepton,|+1-1+1>,6,1,1,-1,-1.2035292888575572e-01,2.3231793951189426e-03,1.2037534902911674e-01,3.1222919939710763e+00,1.4490224653881677e-02,2.3704653901307882e-01,3,9.9922448574632616e-01
max_c_ep_mixing_angles_polarization_04_local_minimum_1357,C_e_p,polarization_cluster_04_local_minimum_1357,cos(alpha_e)|+>+sin(alpha_e)|-> tensor cos(alpha_p)|+>+sin(alpha_p)|->,2.3494718101354239e+00,2.3613546054419143e+00,p_gamma_lepton,|-1+1-1>,1,-1,-1,1,-1.2034495991573047e-01,2.3698579912701952e-03,1.2036829152238375e-01,3.1219029903590005e+00,1.4488525604017560e-02,2.3701874414450225e-01,4,9.9922448574632616e-01
max_c_ep_mixing_angles_polarization_04_local_minimum_1358,C_e_p,polarization_cluster_04_local_minimum_1358,cos(alpha_e)|+>+sin(alpha_e)|-> tensor cos(alpha_p)|+>+sin(alpha_p)|->,2.3211615451984322e+00,2.3927092331438402e+00,p_gamma_lepton,|-1-1-1>,0,-1,-1,-1,-1.2472546940342073e-01,2.0487515164253751e-02,1.2639691845733095e-01,2.9787856524025642e+00,1.5976180995509168e-02,2.6258802193678360e-01,1,9.9922612884707485e-01
max_c_ep_mixing_angles_polarization_04_local_minimum_1358,C_e_p,polarization_cluster_04_local_minimum_1358,cos(alpha_e)|+>+sin(alpha_e)|-> tensor cos(alpha_p)|+>+sin(alpha_p)|->,2.3211615451984322e+00,2.3927092331438402e+00,p_gamma_lepton,|+1+1+1>,7,1,1,1,-1.2383553085617129e-01,-2.5296662421594750e-02,1.2639287888208686e-01,-2.9400886812154439e+00,1.5975159832101873e-02,2.6257123787059966e-01,2,9.9922612884707485e-01
max_c_ep_mixing_angles_polarization_04_local_minimum_1358,C_e_p,polarization_cluster_04_local_minimum_1358,cos(alpha_e)|+>+sin(alpha_e)|-> tensor cos(alpha_p)|+>+sin(alpha_p)|->,2.3211615451984322e+00,2.3927092331438402e+00,p_gamma_lepton,|-1+1-1>,1,-1,-1,1,1.2006790186694380e-01,2.4883778070325688e-03,1.2009368460847797e-01,2.0721788209467292e-02,1.4422493082840578e-02,2.3705126594926593e-01,3,9.9922612884707485e-01
max_c_ep_mixing_angles_polarization_04_local_minimum_1358,C_e_p,polarization_cluster_04_local_minimum_1358,cos(alpha_e)|+>+sin(alpha_e)|-> tensor cos(alpha_p)|+>+sin(alpha_p)|->,2.3211615451984322e+00,2.3927092331438402e+00,p_gamma_lepton,|+1-1+1>,6,1,1,-1,1.2006436081658872e-01,2.2073903082360179e-03,1.2008465060226849e-01,1.8382987563558821e-02,1.4420323310268901e-02,2.3701560309042566e-01,4,9.9922612884707485e-01
max_c_ep_mixing_angles_polarization_04_local_minimum_1359,C_e_p,polarization_cluster_04_local_minimum_1359,cos(alpha_e)|+>+sin(alpha_e)|-> tensor cos(alpha_p)|+>+sin(alpha_p)|->,2.4138509903055985e+00,2.2975063455372267e+00,p_gamma_lepton,|-1-1-1>,0,-1,-1,-1,1.2489130804432690e-01,-1.7411120104842980e-02,1.2609911152870276e-01,-1.3851741584119473e-01,1.5900985928328219e-02,2.6259215018698412e-01,1,9.9922729068118088e-01
max_c_ep_mixing_angles_polarization_04_local_minimum_1359,C_e_p,polarization_cluster_04_local_minimum_1359,cos(alpha_e)|+>+sin(alpha_e)|-> tensor cos(alpha_p)|+>+sin(alpha_p)|->,2.4138509903055985e+00,2.2975063455372267e+00,p_gamma_lepton,|+1+1+1>,7,1,1,1,1.2546762498719391e-01,1.2544836767370376e-02,1.2609321095700235e-01,9.9653456000437790e-02,1.5899497849447098e-02,2.6256757574645551e-01,2,9.9922729068118088e-01
max_c_ep_mixing_angles_polarization_04_local_minimum_1359,C_e_p,polarization_cluster_04_local_minimum_1359,cos(alpha_e)|+>+sin(alpha_e)|-> tensor cos(alpha_p)|+>+sin(alpha_p)|->,2.4138509903055985e+00,2.2975063455372267e+00,p_gamma_lepton,|-1+1-1>,1,-1,-1,1,-1.1978756743125248e-01,2.1238463697559238e-03,1.1980639396334064e-01,3.1238644042495305e+00,1.4353572034499185e-02,2.3703783906179332e-01,3,9.9922729068118088e-01
max_c_ep_mixing_angles_polarization_04_local_minimum_1359,C_e_p,polarization_cluster_04_local_minimum_1359,cos(alpha_e)|+>+sin(alpha_e)|-> tensor cos(alpha_p)|+>+sin(alpha_p)|->,2.4138509903055985e+00,2.2975063455372267e+00,p_gamma_lepton,|+1-1+1>,6,1,1,-1,-1.1977653847328250e-01,2.5810015667776737e-03,1.1980434356787500e-01,3.1200475143969371e+00,1.4353080737729434e-02,2.3702972568594793e-01,4,9.9922729068118088e-01
max_c_ep_mixing_angles_polarization_04_local_minimum_1360,C_e_p,polarization_cluster_04_local_minimum_1360,cos(alpha_e)|+>+sin(alpha_e)|-> tensor cos(alpha_p)|+>+sin(alpha_p)|->,1.9407975930365071e+00,2.8248583539075827e+00,p_gamma_lepton,|+1+1-1>,3,-1,1,1,-4.8871865092291202e+01,-1.0965429779688983e-01,4.8871988108364654e+01,-3.1393489472450105e+00,2.3884712216641369e+03,4.0191200107221009e-01,1,9.9287201199033515e-01
max_c_ep_mixing_angles_polarization_04_local_minimum_1360,C_e_p,polarization_cluster_04_local_minimum_1360,cos(alpha_e)|+>+sin(alpha_e)|-> tensor cos(alpha_p)|+>+sin(alpha_p)|->,1.9407975930365071e+00,2.8248583539075827e+00,p_gamma_lepton,|-1+1+1>,5,1,-1,1,4.7640508154660715e+01,-1.1721542805772599e-02,4.7640509596653771e+01,-2.4604151011976778e-04,2.2696181546288594e+03,3.8191239899518120e-01,2,9.9287201199033515e-01
max_c_ep_mixing_angles_polarization_04_local_minimum_1360,C_e_p,polarization_cluster_04_local_minimum_1360,cos(alpha_e)|+>+sin(alpha_e)|-> tensor cos(alpha_p)|+>+sin(alpha_p)|->,1.9407975930365071e+00,2.8248583539075827e+00,p_gamma_lepton,|-1-1+1>,4,1,-1,-1,2.0855566042916248e+01,6.0393402670013148e-02,2.0855653486130024e+01,2.8957849302483590e-03,4.3495828233352728e+02,7.3191149238046579e-02,3,9.9287201199033515e-01
max_c_ep_mixing_angles_polarization_04_local_minimum_1360,C_e_p,polarization_cluster_04_local_minimum_1360,cos(alpha_e)|+>+sin(alpha_e)|-> tensor cos(alpha_p)|+>+sin(alpha_p)|->,1.9407975930365071e+00,2.8248583539075827e+00,p_gamma_lepton,|+1-1-1>,2,-1,1,-1,-1.9353424127814069e+01,4.0373596336510324e-02,1.9353466239884185e+01,3.1395065350041262e+00,3.7455665549833685e+02,6.3027267634970699e-02,4,9.9287201199033515e-01
max_c_ep_mixing_angles_polarization_04_local_minimum_1360,C_e_p,polarization_cluster_04_local_minimum_1360,cos(alpha_e)|+>+sin(alpha_e)|-> tensor cos(alpha_p)|+>+sin(alpha_p)|->,1.9407975930365071e+00,2.8248583539075827e+00,p_gamma_lepton,|+1+1+1>,7,1,1,1,-1.4835173038756388e+01,2.6580571225137302e-02,1.4835196851292912e+01,3.1398009291042057e+00,2.2008306561661112e+02,3.7033741290987583e-02,5,9.9287201199033515e-01
max_c_ep_mixing_angles_polarization_04_local_minimum_1360,C_e_p,polarization_cluster_04_local_minimum_1360,cos(alpha_e)|+>+sin(alpha_e)|-> tensor cos(alpha_p)|+>+sin(alpha_p)|->,1.9407975930365071e+00,2.8248583539075827e+00,p_gamma_lepton,|-1+1-1>,1,-1,-1,1,-1.4584267928673356e+01,-1.5275678555689010e-01,1.4585067900111534e+01,-3.1311189568268167e+00,2.1272420565086384e+02,3.5795453758938944e-02,6,9.9287201199033515e-01
max_c_ep_mixing_angles_polarization_04_local_minimum_1364,C_e_p,polarization_cluster_04_local_minimum_1364,cos(alpha_e)|+>+sin(alpha_e)|-> tensor cos(alpha_p)|+>+sin(alpha_p)|->,1.9200161980320660e+00,2.9275311265454524e+00,p_gamma_lepton,|+1+1-1>,3,-1,1,1,-1.0746410040034547e+01,1.6843950299538675e-03,1.0746410172040799e+01,3.1414359133379430e+00,1.1548533158574190e+02,3.4498715556767556e-01,1,9.7549884389329855e-01
max_c_ep_mixing_angles_polarization_04_local_minimum_1364,C_e_p,polarization_cluster_04_local_minimum_1364,cos(alpha_e)|+>+sin(alpha_e)|-> tensor cos(alpha_p)|+>+sin(alpha_p)|->,1.9200161980320660e+00,2.9275311265454524e+00,p_gamma_lepton,|-1+1+1>,5,1,-1,1,1.0253124859528477e+01,6.7545176510060666e-04,1.0253124881777063e+01,6.5877649338852036e-05,1.0512656984131593e+02,3.1404262174383207e-01,2,9.7549884389329855e-01
max_c_ep_mixing_angles_polarization_04_local_minimum_1364,C_e_p,polarization_cluster_04_local_minimum_1364,cos(alpha_e)|+>+sin(alpha_e)|-> tensor cos(alpha_p)|+>+sin(alpha_p)|->,1.9200161980320660e+00,2.9275311265454524e+00,p_gamma_lepton,|+1+1+1>,7,1,1,1,-5.7576823210957055e+00,6.1541339901976329e-05,5.7576823214245998e+00,3.1415819650285863e+00,3.3150905714445358e+01,9.9031076153836828e-02,3,9.7549884389329855e-01
max_c_ep_mixing_angles_polarization_04_local_minimum_1364,C_e_p,polarization_cluster_04_local_minimum_1364,cos(alpha_e)|+>+sin(alpha_e)|-> tensor cos(alpha_p)|+>+sin(alpha_p)|->,1.9200161980320660e+00,2.9275311265454524e+00,p_gamma_lepton,|-1+1-1>,1,-1,-1,1,-5.2216626103247021e+00,4.4108294744598757e-03,5.2216644732766611e+00,3.1407479363503787e+00,2.7265779871479630e+01,8.1450550585399795e-02,4,9.7549884389329855e-01
max_c_ep_mixing_angles_polarization_04_local_minimum_1364,C_e_p,polarization_cluster_04_local_minimum_1364,cos(alpha_e)|+>+sin(alpha_e)|-> tensor cos(alpha_p)|+>+sin(alpha_p)|->,1.9200161980320660e+00,2.9275311265454524e+00,p_gamma_lepton,|-1-1+1>,4,1,-1,-1,5.0615735666725339e+00,-1.3414706696663063e-03,5.0615737444377586e+00,-2.6503035480711167e-04,2.5619528770381674e+01,7.6532735682679653e-02,5,9.7549884389329855e-01
max_c_ep_mixing_angles_polarization_04_local_minimum_1364,C_e_p,polarization_cluster_04_local_minimum_1364,cos(alpha_e)|+>+sin(alpha_e)|-> tensor cos(alpha_p)|+>+sin(alpha_p)|->,1.9200161980320660e+00,2.9275311265454524e+00,p_gamma_lepton,|+1-1-1>,2,-1,1,-1,-4.4612345375840423e+00,7.0247043562303869e-04,4.4612345928898893e+00,3.1414351925946584e+00,1.9902614092797418e+01,5.9454704159874666e-02,6,9.7549884389329855e-01
max_c_ep_mixing_angles_polarization_04_local_minimum_1367,C_e_p,polarization_cluster_04_local_minimum_1367,cos(alpha_e)|+>+sin(alpha_e)|-> tensor cos(alpha_p)|+>+sin(alpha_p)|->,2.5166243375617627e+00,1.7888729595188886e+00,p_gamma_lepton,|+1+1+1>,7,1,1,1,-3.8461731850000930e+01,-5.0424069364798908e-02,3.8461764903448561e+01,-3.1402816351293574e+00,1.4793073594881469e+03,1.5878561757240833e-01,1,1.0000000000000000e+00
max_c_ep_mixing_angles_polarization_04_local_minimum_1367,C_e_p,polarization_cluster_04_local_minimum_1367,cos(alpha_e)|+>+sin(alpha_e)|-> tensor cos(alpha_p)|+>+sin(alpha_p)|->,2.5166243375617627e+00,1.7888729595188886e+00,p_gamma_lepton,|+1+1-1>,3,-1,1,1,-3.5247180440713777e+01,-2.3091169924629555e-02,3.5247188004468725e+01,-3.1409375326316780e+00,1.2423642622223645e+03,1.3335266357028372e-01,2,1.0000000000000000e+00
max_c_ep_mixing_angles_polarization_04_local_minimum_1367,C_e_p,polarization_cluster_04_local_minimum_1367,cos(alpha_e)|+>+sin(alpha_e)|-> tensor cos(alpha_p)|+>+sin(alpha_p)|->,2.5166243375617627e+00,1.7888729595188886e+00,p_gamma_lepton,|-1+1-1>,1,-1,-1,1,-3.5072280007994642e+01,4.8442151190030570e-02,3.5072313462347942e+01,3.1402114453999053e+00,1.2300671716011927e+03,1.3203272074967728e-01,3,1.0000000000000000e+00
max_c_ep_mixing_angles_polarization_04_local_minimum_1367,C_e_p,polarization_cluster_04_local_minimum_1367,cos(alpha_e)|+>+sin(alpha_e)|-> tensor cos(alpha_p)|+>+sin(alpha_p)|->,2.5166243375617627e+00,1.7888729595188886e+00,p_gamma_lepton,|-1-1+1>,4,1,-1,-1,3.4630557938030712e+01,9.3808802621234665e-03,3.4630559208598072e+01,2.7088446133206060e-04,1.1992756311002163e+03,1.2872762411570590e-01,4,1.0000000000000000e+00
max_c_ep_mixing_angles_polarization_04_local_minimum_1367,C_e_p,polarization_cluster_04_local_minimum_1367,cos(alpha_e)|+>+sin(alpha_e)|-> tensor cos(alpha_p)|+>+sin(alpha_p)|->,2.5166243375617627e+00,1.7888729595188886e+00,p_gamma_lepton,|-1+1+1>,5,1,-1,1,3.3757798308613033e+01,2.8724299495876918e-02,3.3757810529274238e+01,8.5089354172209440e-04,1.1395897717303785e+03,1.2232107446962098e-01,5,1.0000000000000000e+00
max_c_ep_mixing_angles_polarization_04_local_minimum_1367,C_e_p,polarization_cluster_04_local_minimum_1367,cos(alpha_e)|+>+sin(alpha_e)|-> tensor cos(alpha_p)|+>+sin(alpha_p)|->,2.5166243375617627e+00,1.7888729595188886e+00,p_gamma_lepton,|+1-1-1>,2,-1,1,-1,-3.3357978951866698e+01,-1.1971152797817351e-02,3.3357981099905921e+01,-3.1412337843579019e+00,1.1127549030616810e+03,1.1944067833915900e-01,6,1.0000000000000000e+00
max_c_ep_mixing_angles_polarization_04_local_minimum_1367,C_e_p,polarization_cluster_04_local_minimum_1367,cos(alpha_e)|+>+sin(alpha_e)|-> tensor cos(alpha_p)|+>+sin(alpha_p)|->,2.5166243375617627e+00,1.7888729595188886e+00,p_gamma_lepton,|-1-1-1>,0,-1,-1,-1,-3.2750490797887899e+01,5.6255487777270359e-02,3.2750539112851946e+01,3.1398749562032884e+00,1.0725978121824451e+03,1.1513030400466161e-01,7,1.0000000000000000e+00
max_c_ep_mixing_angles_polarization_04_local_minimum_1367,C_e_p,polarization_cluster_04_local_minimum_1367,cos(alpha_e)|+>+sin(alpha_e)|-> tensor cos(alpha_p)|+>+sin(alpha_p)|->,2.5166243375617627e+00,1.7888729595188886e+00,p_gamma_lepton,|+1-1+1>,6,1,1,-1,-2.8990061438645853e+01,-2.7094803163542215e-02,2.8990074100367867e+01,-3.1406580300005476e+00,8.4042439634481980e+02,9.0209317178483184e-02,8,1.0000000000000000e+00
max_c_ep_mixing_angles_polarization_04_local_minimum_1369,C_e_p,polarization_cluster_04_local_minimum_1369,cos(alpha_e)|+>+sin(alpha_e)|-> tensor cos(alpha_p)|+>+sin(alpha_p)|->,2.2976638044602904e+00,2.9670412583627379e+00,p_gamma_lepton,|+1+1-1>,3,-1,1,1,-4.5086703432611472e+01,-6.4109290302689160e-03,4.5086703888400073e+01,-3.1414504624669348e+00,2.0328108675202698e+03,1.5953520766859741e-01,1,1.0000000000000002e+00
max_c_ep_mixing_angles_polarization_04_local_minimum_1369,C_e_p,polarization_cluster_04_local_minimum_1369,cos(alpha_e)|+>+sin(alpha_e)|-> tensor cos(alpha_p)|+>+sin(alpha_p)|->,2.2976638044602904e+00,2.9670412583627379e+00,p_gamma_lepton,|-1-1+1>,4,1,-1,-1,4.3346371790777930e+01,2.2341389563433314e-02,4.3346377548326188e+01,5.1541540069182507e-04,1.8789084465620367e+03,1.4745692971339222e-01,2,1.0000000000000002e+00
max_c_ep_mixing_angles_polarization_04_local_minimum_1369,C_e_p,polarization_cluster_04_local_minimum_1369,cos(alpha_e)|+>+sin(alpha_e)|-> tensor cos(alpha_p)|+>+sin(alpha_p)|->,2.2976638044602904e+00,2.9670412583627379e+00,p_gamma_lepton,|-1+1+1>,5,1,-1,1,4.3159190799433773e+01,1.0864481074541667e-02,4.3159192166893924e+01,2.5173041115489743e-04,1.8627158684988785e+03,1.4618613450795970e-01,3,1.0000000000000002e+00
max_c_ep_mixing_angles_polarization_04_local_minimum_1369,C_e_p,polarization_cluster_04_local_minimum_1369,cos(alpha_e)|+>+sin(alpha_e)|-> tensor cos(alpha_p)|+>+sin(alpha_p)|->,2.2976638044602904e+00,2.9670412583627379e+00,p_gamma_lepton,|+1-1-1>,2,-1,1,-1,-4.1166117588602411e+01,-2.8037252707056797e-02,4.1166127136350589e+01,-3.1409115777435819e+00,1.6946500234061803e+03,1.3299630955805219e-01,4,1.0000000000000002e+00
max_c_ep_mixing_angles_polarization_04_local_minimum_1369,C_e_p,polarization_cluster_04_local_minimum_1369,cos(alpha_e)|+>+sin(alpha_e)|-> tensor cos(alpha_p)|+>+sin(alpha_p)|->,2.2976638044602904e+00,2.9670412583627379e+00,p_gamma_lepton,|-1-1-1>,0,-1,-1,-1,4.0410253292660556e+01,4.3950880499620391e-02,4.0410277193516997e+01,1.0876166217355552e-03,1.6329905028568799e+03,1.2815726399176283e-01,5,1.0000000000000002e+00
max_c_ep_mixing_angles_polarization_04_local_minimum_1369,C_e_p,polarization_cluster_04_local_minimum_1369,cos(alpha_e)|+>+sin(alpha_e)|-> tensor cos(alpha_p)|+>+sin(alpha_p)|->,2.2976638044602904e+00,2.9670412583627379e+00,p_gamma_lepton,|+1-1+1>,6,1,1,-1,3.6368275062333453e+01,-4.6839591257280822e-02,3.6368305225248740e+01,-1.2879237543887928e-03,1.3226536249568549e+03,1.0380199363481166e-01,6,1.0000000000000002e+00
max_c_ep_mixing_angles_polarization_04_local_minimum_1369,C_e_p,polarization_cluster_04_local_minimum_1369,cos(alpha_e)|+>+sin(alpha_e)|-> tensor cos(alpha_p)|+>+sin(alpha_p)|->,2.2976638044602904e+00,2.9670412583627379e+00,p_gamma_lepton,|+1+1+1>,7,1,1,1,3.6050619017309330e+01,-5.6709542370947656e-02,3.6050663620845889e+01,-1.5730519236836161e-03,1.2996503475033812e+03,1.0199669403501418e-01,7,1.0000000000000002e+00
max_c_ep_mixing_angles_polarization_04_local_minimum_1369,C_e_p,polarization_cluster_04_local_minimum_1369,cos(alpha_e)|+>+sin(alpha_e)|-> tensor cos(alpha_p)|+>+sin(alpha_p)|->,2.2976638044602904e+00,2.9670412583627379e+00,p_gamma_lepton,|-1+1-1>,1,-1,-1,1,3.1901454249645258e+01,2.4454854394863806e-02,3.1901463622882776e+01,7.6657475904705070e-04,1.0177033812821132e+03,7.9869466890409940e-02,8,1.0000000000000002e+00
max_c_ep_mixing_angles_polarization_04_local_minimum_1372,C_e_p,polarization_cluster_04_local_minimum_1372,cos(alpha_e)|+>+sin(alpha_e)|-> tensor cos(alpha_p)|+>+sin(alpha_p)|->,2.7099135630199171e+00,1.8303609820799056e+00,p_gamma_lepton,|+1+1-1>,3,-1,1,1,-2.2898659131695904e+01,3.8663526113860806e-02,2.2898691772628666e+01,3.1399041927437001e+00,5.2435008489785196e+02,1.7123457528469146e-01,1,1.0000000000000000e+00
max_c_ep_mixing_angles_polarization_04_local_minimum_1372,C_e_p,polarization_cluster_04_local_minimum_1372,cos(alpha_e)|+>+sin(alpha_e)|-> tensor cos(alpha_p)|+>+sin(alpha_p)|->,2.7099135630199171e+00,1.8303609820799056e+00,p_gamma_lepton,|-1+1+1>,5,1,-1,1,2.2516306480723323e+01,-5.9235634181599647e-02,2.2516384398793249e+01,-2.6307821655984736e-03,5.0698756639421987e+02,1.6556457814447698e-01,2,1.0000000000000000e+00
max_c_ep_mixing_angles_polarization_04_local_minimum_1372,C_e_p,polarization_cluster_04_local_minimum_1372,cos(alpha_e)|+>+sin(alpha_e)|-> tensor cos(alpha_p)|+>+sin(alpha_p)|->,2.7099135630199171e+00,1.8303609820799056e+00,p_gamma_lepton,|+1+1+1>,7,1,1,1,-2.1402636315385742e+01,9.8377225185130007e-02,2.1402862409666227e+01,3.1369961856167690e+00,4.5808251932710363e+02,1.4959388374581606e-01,3,1.0000000000000000e+00
max_c_ep_mixing_angles_polarization_04_local_minimum_1372,C_e_p,polarization_cluster_04_local_minimum_1372,cos(alpha_e)|+>+sin(alpha_e)|-> tensor cos(alpha_p)|+>+sin(alpha_p)|->,2.7099135630199171e+00,1.8303609820799056e+00,p_gamma_lepton,|-1-1+1>,4,1,-1,-1,1.9796601928004360e+01,-1.7244285285868022e-02,1.9796609438518530e+01,-8.7107277234304745e-04,3.9190574526124095e+02,1.2798284156759940e-01,4,1.0000000000000000e+00
max_c_ep_mixing_angles_polarization_04_local_minimum_1372,C_e_p,polarization_cluster_04_local_minimum_1372,cos(alpha_e)|+>+sin(alpha_e)|-> tensor cos(alpha_p)|+>+sin(alpha_p)|->,2.7099135630199171e+00,1.8303609820799056e+00,p_gamma_lepton,|+1-1-1>,2,-1,1,-1,-1.9684844018699781e+01,1.6784670575648194e-02,1.9684851174588719e+01,3.1407399840694268e+00,3.8749336576570698e+02,1.2654191126039857e-01,5,1.0000000000000000e+00
max_c_ep_mixing_angles_polarization_04_local_minimum_1372,C_e_p,polarization_cluster_04_local_minimum_1372,cos(alpha_e)|+>+sin(alpha_e)|-> tensor cos(alpha_p)|+>+sin(alpha_p)|->,2.7099135630199171e+00,1.8303609820799056e+00,p_gamma_lepton,|-1+1-1>,1,-1,-1,1,-1.9184870070351185e+01,-9.9531944447520462e-02,1.9185128256652916e+01,-3.1364046564283283e+00,3.6806914622422215e+02,1.2019863397444043e-01,6,1.0000000000000000e+00
max_c_ep_mixing_angles_polarization_04_local_minimum_1372,C_e_p,polarization_cluster_04_local_minimum_1372,cos(alpha_e)|+>+sin(alpha_e)|-> tensor cos(alpha_p)|+>+sin(alpha_p)|->,2.7099135630199171e+00,1.8303609820799056e+00,p_gamma_lepton,|-1-1-1>,0,-1,-1,-1,-1.5946659798560063e+01,-9.9985873579065382e-02,1.5946973252185726e+01,-3.1353227158962698e+00,2.5430595590592699e+02,8.3047516546892561e-02,7,1.0000000000000000e+00
max_c_ep_mixing_angles_polarization_04_local_minimum_1372,C_e_p,polarization_cluster_04_local_minimum_1372,cos(alpha_e)|+>+sin(alpha_e)|-> tensor cos(alpha_p)|+>+sin(alpha_p)|->,2.7099135630199171e+00,1.8303609820799056e+00,p_gamma_lepton,|+1-1+1>,6,1,1,-1,-1.3075850063173091e+01,4.3375321455397159e-02,1.3075922005468490e+01,3.1382754572202987e+00,1.7097973629309510e+02,5.5836059475684513e-02,8,1.0000000000000000e+00
max_c_ep_mixing_angles_polarization_04_local_minimum_1380,C_e_p,polarization_cluster_04_local_minimum_1380,cos(alpha_e)|+>+sin(alpha_e)|-> tensor cos(alpha_p)|+>+sin(alpha_p)|->,1.6990146149280012e+00,1.4378338690652370e+00,p_gamma_lepton,|+1-1+1>,6,1,1,-1,2.4388571889417427e+01,3.5301358046128620e+01,4.2906739781836748e+01,9.6622568032841327e-01,1.8409883187062517e+03,2.2839323335530298e-01,1,1.0000000000000000e+00
max_c_ep_mixing_angles_polarization_04_local_minimum_1380,C_e_p,polarization_cluster_04_local_minimum_1380,cos(alpha_e)|+>+sin(alpha_e)|-> tensor cos(alpha_p)|+>+sin(alpha_p)|->,1.6990146149280012e+00,1.4378338690652370e+00,p_gamma_lepton,|-1-1-1>,0,-1,-1,-1,2.1781935816793755e+01,-3.4043638981080854e+01,4.0415616820742578e+01,-1.0016080340215265e+00,1.6334220830010904e+03,2.0264254106334667e-01,2,1.0000000000000000e+00
max_c_ep_mixing_angles_polarization_04_local_minimum_1380,C_e_p,polarization_cluster_04_local_minimum_1380,cos(alpha_e)|+>+sin(alpha_e)|-> tensor cos(alpha_p)|+>+sin(alpha_p)|->,1.6990146149280012e+00,1.4378338690652370e+00,p_gamma_lepton,|-1-1+1>,4,1,-1,-1,3.5967055902238904e+01,3.8737002468733177e+00,3.6175055824109030e+01,1.0728778797759987e-01,1.3086346638774053e+03,1.6234937458692295e-01,3,1.0000000000000000e+00
max_c_ep_mixing_angles_polarization_04_local_minimum_1380,C_e_p,polarization_cluster_04_local_minimum_1380,cos(alpha_e)|+>+sin(alpha_e)|-> tensor cos(alpha_p)|+>+sin(alpha_p)|->,1.6990146149280012e+00,1.4378338690652370e+00,p_gamma_lepton,|+1-1-1>,2,-1,1,-1,-3.5569632344872502e+01,1.5168270158195367e+00,3.5601959346998306e+01,3.0989745980263996e+00,1.2674995093453201e+03,1.5724614234330106e-01,4,1.0000000000000000e+00
max_c_ep_mixing_angles_polarization_04_local_minimum_1380,C_e_p,polarization_cluster_04_local_minimum_1380,cos(alpha_e)|+>+sin(alpha_e)|-> tensor cos(alpha_p)|+>+sin(alpha_p)|->,1.6990146149280012e+00,1.4378338690652370e+00,p_gamma_lepton,|-1+1-1>,1,-1,-1,1,1.2406129685114852e+01,-2.1866898976123139e+01,2.5141068485564873e+01,-1.0547321478474512e+00,6.3207332459586303e+02,7.8415093053678095e-02,5,1.0000000000000000e+00
max_c_ep_mixing_angles_polarization_04_local_minimum_1380,C_e_p,polarization_cluster_04_local_minimum_1380,cos(alpha_e)|+>+sin(alpha_e)|-> tensor cos(alpha_p)|+>+sin(alpha_p)|->,1.6990146149280012e+00,1.4378338690652370e+00,p_gamma_lepton,|+1+1-1>,3,-1,1,1,-2.3463487652321763e+01,-1.7559345225111334e-01,2.3464144686545243e+01,-3.1341091039619391e+00,5.5056608587112930e+02,6.8303295164983929e-02,6,1.0000000000000000e+00
max_c_ep_mixing_angles_polarization_04_local_minimum_1380,C_e_p,polarization_cluster_04_local_minimum_1380,cos(alpha_e)|+>+sin(alpha_e)|-> tensor cos(alpha_p)|+>+sin(alpha_p)|->,1.6990146149280012e+00,1.4378338690652370e+00,p_gamma_lepton,|-1+1+1>,5,1,-1,1,2.0706491130750926e+01,-2.1282120162704445e+00,2.0815572568009379e+01,-1.0242030880755315e-01,4.3328806133406476e+02,5.3753769264479494e-02,7,1.0000000000000000e+00
max_c_ep_mixing_angles_polarization_04_local_minimum_1380,C_e_p,polarization_cluster_04_local_minimum_1380,cos(alpha_e)|+>+sin(alpha_e)|-> tensor cos(alpha_p)|+>+sin(alpha_p)|->,1.6990146149280012e+00,1.4378338690652370e+00,p_gamma_lepton,|+1+1+1>,7,1,1,1,8.3967371540572113e+00,1.7989739730315030e+01,1.9852856983285804e+01,1.1340995456195193e+00,3.9413593039879993e+02,4.8896551167984817e-02,8,1.0000000000000000e+00
max_c_ep_mixing_angles_polarization_04_local_minimum_1385,C_e_p,polarization_cluster_04_local_minimum_1385,cos(alpha_e)|+>+sin(alpha_e)|-> tensor cos(alpha_p)|+>+sin(alpha_p)|->,2.4862237932856428e+00,1.6037442222291975e+00,p_gamma_lepton,|-1-1+1>,4,1,-1,-1,3.9266380360474628e+01,5.0052351409395436e-02,3.9266412261006849e+01,1.2746864834782122e-03,1.5418511318513495e+03,3.7545828378748775e-01,1,9.9999999999999989e-01
max_c_ep_mixing_angles_polarization_04_local_minimum_1385,C_e_p,polarization_cluster_04_local_minimum_1385,cos(alpha_e)|+>+sin(alpha_e)|-> tensor cos(alpha_p)|+>+sin(alpha_p)|->,2.4862237932856428e+00,1.6037442222291975e+00,p_gamma_lepton,|+1-1-1>,2,-1,1,-1,-3.5175326433571378e+01,-5.9006026646903784e-02,3.5175375924352053e+01,-3.1399151717500229e+00,1.2373070714194860e+03,3.0129834194529159e-01,2,9.9999999999999989e-01
max_c_ep_mixing_angles_polarization_04_local_minimum_1385,C_e_p,polarization_cluster_04_local_minimum_1385,cos(alpha_e)|+>+sin(alpha_e)|-> tensor cos(alpha_p)|+>+sin(alpha_p)|->,2.4862237932856428e+00,1.6037442222291975e+00,p_gamma_lepton,|+1+1-1>,3,-1,1,1,-2.3364728015043312e+01,-1.2982018199245610e-01,2.3365088668708328e+01,-3.1360364645340968e+00,5.4592736849660230e+02,1.3293952224961966e-01,3,9.9999999999999989e-01
max_c_ep_mixing_angles_polarization_04_local_minimum_1385,C_e_p,polarization_cluster_04_local_minimum_1385,cos(alpha_e)|+>+sin(alpha_e)|-> tensor cos(alpha_p)|+>+sin(alpha_p)|->,2.4862237932856428e+00,1.6037442222291975e+00,p_gamma_lepton,|-1+1+1>,5,1,-1,1,1.8214325770864942e+01,2.0876539550591780e-01,1.8215522124758202e+01,1.1461102493115114e-02,3.3180524627755545e+02,8.0798350596577834e-02,4,9.9999999999999989e-01
max_c_ep_mixing_angles_polarization_04_local_minimum_1385,C_e_p,polarization_cluster_04_local_minimum_1385,cos(alpha_e)|+>+sin(alpha_e)|-> tensor cos(alpha_p)|+>+sin(alpha_p)|->,2.4862237932856428e+00,1.6037442222291975e+00,p_gamma_lepton,|-1-1-1>,0,-1,-1,-1,-1.1479592095836795e+01,5.4154770404218466e-01,1.1492358704920065e+01,3.0944527810662956e+00,1.3207430860255195e+02,3.2161596029566641e-02,5,9.9999999999999989e-01
max_c_ep_mixing_angles_polarization_04_local_minimum_1385,C_e_p,polarization_cluster_04_local_minimum_1385,cos(alpha_e)|+>+sin(alpha_e)|-> tensor cos(alpha_p)|+>+sin(alpha_p)|->,2.4862237932856428e+00,1.6037442222291975e+00,p_gamma_lepton,|+1+1+1>,7,1,1,1,-1.0580966475006385e+01,-2.3959837607871587e-01,1.0583678893798158e+01,-3.1189522419781439e+00,1.1201425892702861e+02,2.7276745820441598e-02,6,9.9999999999999989e-01
max_c_ep_mixing_angles_polarization_04_local_minimum_1385,C_e_p,polarization_cluster_04_local_minimum_1385,cos(alpha_e)|+>+sin(alpha_e)|-> tensor cos(alpha_p)|+>+sin(alpha_p)|->,2.4862237932856428e+00,1.6037442222291975e+00,p_gamma_lepton,|+1-1+1>,6,1,1,-1,-1.0519183914666531e+01,-2.8983769359872741e-01,1.0523176142173508e+01,-3.1140463740621560e+00,1.1073723611920967e+02,2.6965776245054987e-02,7,9.9999999999999989e-01
max_c_ep_mixing_angles_polarization_04_local_minimum_1385,C_e_p,polarization_cluster_04_local_minimum_1385,cos(alpha_e)|+>+sin(alpha_e)|-> tensor cos(alpha_p)|+>+sin(alpha_p)|->,2.4862237932856428e+00,1.6037442222291975e+00,p_gamma_lepton,|-1+1-1>,1,-1,-1,1,-9.7333948979296352e+00,3.5889301319180539e-01,9.7400092625192372e+00,3.1047370135101868e+00,9.4867780433960533e+01,2.3101383325959814e-02,8,9.9999999999999989e-01
max_c_ep_mixing_angles_polarization_04_local_minimum_1389,C_e_p,polarization_cluster_04_local_minimum_1389,cos(alpha_e)|+>+sin(alpha_e)|-> tensor cos(alpha_p)|+>+sin(alpha_p)|->,2.8694868330482057e+00,1.7744748602737306e+00,p_gamma_lepton,|+1-1-1>,2,-1,1,-1,-4.2156049655502734e+00,7.0603960324325429e-07,4.2156049655503329e+00,3.1415924861074012e+00,1.7771325225572618e+01,3.0508319227909186e-01,1,9.7373742525000351e-01
max_c_ep_mixing_angles_polarization_04_local_minimum_1389,C_e_p,polarization_cluster_04_local_minimum_1389,cos(alpha_e)|+>+sin(alpha_e)|-> tensor cos(alpha_p)|+>+sin(alpha_p)|->,2.8694868330482057e+00,1.7744748602737306e+00,p_gamma_lepton,|-1-1+1>,4,1,-1,-1,3.8720178951762874e+00,4.6166530757041236e-06,3.8720178951790394e+00,1.1923119160821302e-06,1.4992522580586719e+01,2.5737904130075279e-01,2,9.7373742525000351e-01
max_c_ep_mixing_angles_polarization_04_local_minimum_1389,C_e_p,polarization_cluster_04_local_minimum_1389,cos(alpha_e)|+>+sin(alpha_e)|-> tensor cos(alpha_p)|+>+sin(alpha_p)|->,2.8694868330482057e+00,1.7744748602737306e+00,p_gamma_lepton,|-1+1+1>,5,1,-1,1,3.6284964919377249e+00,6.2667204907194826e-08,3.6284964919377254e+00,1.7270846215901581e-08,1.3165986792004377e+01,2.2602260827622836e-01,3,9.7373742525000351e-01
max_c_ep_mixing_angles_polarization_04_local_minimum_1389,C_e_p,polarization_cluster_04_local_minimum_1389,cos(alpha_e)|+>+sin(alpha_e)|-> tensor cos(alpha_p)|+>+sin(alpha_p)|->,2.8694868330482057e+00,1.7744748602737306e+00,p_gamma_lepton,|+1+1-1>,3,-1,1,1,-3.2849813094167595e+00,-3.4028346631249919e-06,3.2849813094185221e+00,-3.1415916177133778e+00,1.0791102203229025e+01,1.8525258339393053e-01,4,9.7373742525000351e-01
max_c_ep_mixing_angles_polarization_04_local_minimum_1390,C_e_p,polarization_cluster_04_local_minimum_1390,cos(alpha_e)|+>+sin(alpha_e)|-> tensor cos(alpha_p)|+>+sin(alpha_p)|->,2.8531610206172027e+00,1.7804188654740043e+00,p_gamma_lepton,|-1-1-1>,0,-1,-1,-1,-3.9762085740348603e+00,2.3682422982447740e-01,3.9832549931005290e+00,3.0821026191099725e+00,1.5866320340060291e+01,2.4183250485049143e-01,1,9.8115578429529471e-01
max_c_ep_mixing_angles_polarization_04_local_minimum_1390,C_e_p,polarization_cluster_04_local_minimum_1390,cos(alpha_e)|+>+sin(alpha_e)|-> tensor cos(alpha_p)|+>+sin(alpha_p)|->,2.8531610206172027e+00,1.7804188654740043e+00,p_gamma_lepton,|+1+1+1>,7,1,1,1,-3.6514299219557018e+00,-1.9864579555114720e-01,3.6568293133592622e+00,-3.0872440349804791e+00,1.3372400627043570e+01,2.0382048705629122e-01,2,9.8115578429529471e-01
max_c_ep_mixing_angles_polarization_04_local_minimum_1390,C_e_p,polarization_cluster_04_local_minimum_1390,cos(alpha_e)|+>+sin(alpha_e)|-> tensor cos(alpha_p)|+>+sin(alpha_p)|->,2.8531610206172027e+00,1.7804188654740043e+00,p_gamma_lepton,|+1-1+1>,6,1,1,-1,-3.6015542795639242e+00,-2.1639306779578105e-01,3.6080492220083813e+00,-3.0815815525893142e+00,1.3018019188435286e+01,1.9841904871807875e-01,3,9.8115578429529471e-01
max_c_ep_mixing_angles_polarization_04_local_minimum_1390,C_e_p,polarization_cluster_04_local_minimum_1390,cos(alpha_e)|+>+sin(alpha_e)|-> tensor cos(alpha_p)|+>+sin(alpha_p)|->,2.8531610206172027e+00,1.7804188654740043e+00,p_gamma_lepton,|-1+1-1>,1,-1,-1,1,-2.9965640469814261e+00,1.7653044292712225e-01,3.0017593316156690e+00,3.0827497094612633e+00,9.0105590849417485e+00,1.3733783428745111e-01,4,9.8115578429529471e-01
max_c_ep_mixing_angles_polarization_04_local_minimum_1390,C_e_p,polarization_cluster_04_local_minimum_1390,cos(alpha_e)|+>+sin(alpha_e)|-> tensor cos(alpha_p)|+>+sin(alpha_p)|->,2.8531610206172027e+00,1.7804188654740043e+00,p_gamma_lepton,|+1-1-1>,2,-1,1,-1,-2.3345099073845752e+00,-4.1436839741816639e-02,2.3348776240660936e+00,-3.1238448218709922e+00,5.4516535193645259e+00,8.3093433001990596e-02,5,9.8115578429529471e-01
max_c_ep_mixing_angles_polarization_04_local_minimum_1390,C_e_p,polarization_cluster_04_local_minimum_1390,cos(alpha_e)|+>+sin(alpha_e)|-> tensor cos(alpha_p)|+>+sin(alpha_p)|->,2.8531610206172027e+00,1.7804188654740043e+00,p_gamma_lepton,|-1-1+1>,4,1,-1,-1,2.2193010381235942e+00,-4.2704570965207488e-02,2.2197118682833108e+00,-1.9239977222082691e-02,4.9271207781977857e+00,7.5098569419653191e-02,6,9.8115578429529471e-01
max_c_ep_mixing_angles_polarization_04_local_minimum_1390,C_e_p,polarization_cluster_04_local_minimum_1390,cos(alpha_e)|+>+sin(alpha_e)|-> tensor cos(alpha_p)|+>+sin(alpha_p)|->,2.8531610206172027e+00,1.7804188654740043e+00,p_gamma_lepton,|+1+1-1>,3,-1,1,1,-1.6509474751056881e+00,-2.5902721888173559e-02,1.6511506644031799e+00,-3.1259043308814123e+00,2.7262985165590634e+00,4.1553906961338455e-02,7,9.8115578429529471e-01
max_c_ep_mixing_angles_polarization_04_local_minimum_1392,C_e_p,polarization_cluster_04_local_minimum_1392,cos(alpha_e)|+>+sin(alpha_e)|-> tensor cos(alpha_p)|+>+sin(alpha_p)|->,3.0538016871118381e+00,1.4703750124611796e+00,p_gamma_lepton,|-1+1-1>,1,-1,-1,1,4.1181832075720398e-01,-1.7492514412839472e-01,4.4742947529149552e-01,-4.0166980432413441e-01,2.0019313535962299e-01,2.8534413203637121e-01,1,9.7385783175614093e-01
max_c_ep_mixing_angles_polarization_04_local_minimum_1392,C_e_p,polarization_cluster_04_local_minimum_1392,cos(alpha_e)|+>+sin(alpha_e)|-> tensor cos(alpha_p)|+>+sin(alpha_p)|->,3.0538016871118381e+00,1.4703750124611796e+00,p_gamma_lepton,|+1+1+1>,7,1,1,1,-1.0203473877440773e-01,-4.2897733216636336e-01,4.4094516601197936e-01,-1.8043128856397297e+00,1.9443263942933203e-01,2.7713344235225607e-01,2,9.7385783175614093e-01
max_c_ep_mixing_angles_polarization_04_local_minimum_1392,C_e_p,polarization_cluster_04_local_minimum_1392,cos(alpha_e)|+>+sin(alpha_e)|-> tensor cos(alpha_p)|+>+sin(alpha_p)|->,3.0538016871118381e+00,1.4703750124611796e+00,p_gamma_lepton,|-1-1-1>,0,-1,-1,-1,7.1348544437145108e-03,-3.6605963596842989e-01,3.6612916195418305e-01,-1.5513078324515113e+00,1.3405056323327236e-01,1.9106819794830768e-01,3,9.7385783175614093e-01
max_c_ep_mixing_angles_polarization_04_local_minimum_1392,C_e_p,polarization_cluster_04_local_minimum_1392,cos(alpha_e)|+>+sin(alpha_e)|-> tensor cos(alpha_p)|+>+sin(alpha_p)|->,3.0538016871118381e+00,1.4703750124611796e+00,p_gamma_lepton,|+1-1+1>,6,1,1,-1,-3.4395414016872111e-01,4.8837442858146451e-03,3.4398881013407034e-01,3.1273947837087954e+00,1.1832830149745346e-01,1.6865856276977434e-01,4,9.7385783175614093e-01
max_c_ep_mixing_angles_polarization_04_local_minimum_1392,C_e_p,polarization_cluster_04_local_minimum_1392,cos(alpha_e)|+>+sin(alpha_e)|-> tensor cos(alpha_p)|+>+sin(alpha_p)|->,3.0538016871118381e+00,1.4703750124611796e+00,p_gamma_lepton,|-1+1+1>,5,1,-1,1,-1.0449239601049337e-01,-1.0423938652444095e-01,1.4759576730721505e-01,-2.3574066168702674e+00,2.1784510527005571e-02,3.1050426564323243e-02,5,9.7385783175614093e-01
max_c_ep_mixing_angles_polarization_04_local_minimum_1392,C_e_p,polarization_cluster_04_local_minimum_1392,cos(alpha_e)|+>+sin(alpha_e)|-> tensor cos(alpha_p)|+>+sin(alpha_p)|->,3.0538016871118381e+00,1.4703750124611796e+00,p_gamma_lepton,|+1-1-1>,2,-1,1,-1,-7.5021298076789700e-02,9.3950028067185790e-02,1.2022812873430047e-01,2.2446362689374073e+00,1.4454802938951527e-02,2.0603070085108432e-02,6,9.7385783175614093e-01
max_c_ep_mixing_angles_polarization_04_local_minimum_1395,C_e_p,polarization_cluster_04_local_minimum_1395,cos(alpha_e)|+>+sin(alpha_e)|-> tensor cos(alpha_p)|+>+sin(alpha_p)|->,2.5852351715648969e+00,1.6467428085385893e+00,p_gamma_lepton,|-1-1+1>,4,1,-1,-1,3.3029628890047672e+02,-1.5529018609380500e-03,3.3029628890412721e+02,-4.7015419582704447e-06,1.0909563846383871e+05,4.4309490810415425e-01,1,9.7910101587262011e-01
max_c_ep_mixing_angles_polarization_04_local_minimum_1395,C_e_p,polarization_cluster_04_local_minimum_1395,cos(alpha_e)|+>+sin(alpha_e)|-> tensor cos(alpha_p)|+>+sin(alpha_p)|->,2.5852351715648969e+00,1.6467428085385893e+00,p_gamma_lepton,|+1-1-1>,2,-1,1,-1,-3.1668280014323670e+02,-9.3616571074679688e-06,3.1668280014323688e+02,-3.1415926240281715e+00,1.0028799590656128e+05,4.0732242787961565e-01,2,9.7910101587262011e-01
max_c_ep_mixing_angles_polarization_04_local_minimum_1395,C_e_p,polarization_cluster_04_local_minimum_1395,cos(alpha_e)|+>+sin(alpha_e)|-> tensor cos(alpha_p)|+>+sin(alpha_p)|->,2.5852351715648969e+00,1.6467428085385893e+00,p_gamma_lepton,|+1+1-1>,3,-1,1,1,-1.4284433828812797e+02,1.0001968642111875e-03,1.4284433829162967e+02,3.1415856515841400e+00,2.0404504981973529e+04,8.2873452937306274e-02,3,9.7910101587262011e-01
max_c_ep_mixing_angles_polarization_04_local_minimum_1395,C_e_p,polarization_cluster_04_local_minimum_1395,cos(alpha_e)|+>+sin(alpha_e)|-> tensor cos(alpha_p)|+>+sin(alpha_p)|->,2.5852351715648969e+00,1.6467428085385893e+00,p_gamma_lepton,|-1+1+1>,5,1,-1,1,1.0620293920236617e+02,-3.6807366895392531e-04,1.0620293920300399e+02,-3.4657578379360995e-06,1.1279064295356959e+04,4.5810226951543950e-02,4,9.7910101587262011e-01
max_c_ep_mixing_angles_polarization_04_local_minimum_1398,C_e_p,polarization_cluster_04_local_minimum_1398,cos(alpha_e)|+>+sin(alpha_e)|-> tensor cos(alpha_p)|+>+sin(alpha_p)|->,2.6839225744906021e+00,1.6623225468831018e+00,p_gamma_lepton,|-1-1+1>,4,1,-1,-1,1.5351345788327976e+01,5.4246053013795887e-03,1.5351346746756708e+01,3.5336348684957491e-04,2.3566384693915774e+02,4.2659167890927829e-01,1,9.7924460754252463e-01
max_c_ep_mixing_angles_polarization_04_local_minimum_1398,C_e_p,polarization_cluster_04_local_minimum_1398,cos(alpha_e)|+>+sin(alpha_e)|-> tensor cos(alpha_p)|+>+sin(alpha_p)|->,2.6839225744906021e+00,1.6623225468831018e+00,p_gamma_lepton,|+1-1-1>,2,-1,1,-1,-1.4279174682013906e+01,9.7473419258268783e-03,1.4279178008910090e+01,3.1409100272735757e+00,2.0389492461014157e+02,3.6908452161937655e-01,2,9.7924460754252463e-01
max_c_ep_mixing_angles_polarization_04_local_minimum_1398,C_e_p,polarization_cluster_04_local_minimum_1398,cos(alpha_e)|+>+sin(alpha_e)|-> tensor cos(alpha_p)|+>+sin(alpha_p)|->,2.6839225744906021e+00,1.6623225468831018e+00,p_gamma_lepton,|+1+1-1>,3,-1,1,1,-8.2333566220843579e+00,1.3342872821482084e-02,8.2333674337220906e+00,3.1399720677518252e+00,6.7788339298675481e+01,1.2270843342109934e-01,3,9.7924460754252463e-01
max_c_ep_mixing_angles_polarization_04_local_minimum_1398,C_e_p,polarization_cluster_04_local_minimum_1398,cos(alpha_e)|+>+sin(alpha_e)|-> tensor cos(alpha_p)|+>+sin(alpha_p)|->,2.6839225744906021e+00,1.6623225468831018e+00,p_gamma_lepton,|-1+1+1>,5,1,-1,1,5.7983234389308045e+00,-2.4044317442474962e-02,5.7983732918513979e+00,-4.1467468790690448e-03,3.3621132831655615e+01,6.0859973592770407e-02,4,9.7924460754252463e-01
max_c_ep_mixing_angles_polarization_04_local_minimum_1401,C_e_p,polarization_cluster_04_local_minimum_1401,cos(alpha_e)|+>+sin(alpha_e)|-> tensor cos(alpha_p)|+>+sin(alpha_p)|->,2.5994581746133196e+00,1.6115709653267261e+00,p_gamma_lepton,|-1-1+1>,4,1,-1,-1,2.0811005910248273e+01,-3.4661225247802577e-03,2.0811006198893747e+01,-1.6655237654916320e-04,4.3309797901039394e+02,4.3807356366838546e-01,1,9.6315697560611135e-01
max_c_ep_mixing_angles_polarization_04_local_minimum_1401,C_e_p,polarization_cluster_04_local_minimum_1401,cos(alpha_e)|+>+sin(alpha_e)|-> tensor cos(alpha_p)|+>+sin(alpha_p)|->,2.5994581746133196e+00,1.6115709653267261e+00,p_gamma_lepton,|+1-1-1>,2,-1,1,-1,-1.9363899327284543e+01,4.4153158864285072e-02,1.9363949665774502e+01,3.1393124784247792e+00,3.7496254665864848e+02,3.7927025065380249e-01,2,9.6315697560611135e-01
max_c_ep_mixing_angles_polarization_04_local_minimum_1401,C_e_p,polarization_cluster_04_local_minimum_1401,cos(alpha_e)|+>+sin(alpha_e)|-> tensor cos(alpha_p)|+>+sin(alpha_p)|->,2.5994581746133196e+00,1.6115709653267261e+00,p_gamma_lepton,|+1+1-1>,3,-1,1,1,-1.0254411194676722e+01,1.2489212893879634e-01,1.0255171719351273e+01,3.1294138993196174e+00,1.0516854699338214e+02,1.0637676091790607e-01,3,9.6315697560611135e-01
max_c_ep_mixing_angles_polarization_04_local_minimum_1401,C_e_p,polarization_cluster_04_local_minimum_1401,cos(alpha_e)|+>+sin(alpha_e)|-> tensor cos(alpha_p)|+>+sin(alpha_p)|->,2.5994581746133196e+00,1.6115709653267261e+00,p_gamma_lepton,|-1+1+1>,5,1,-1,1,6.2371878766980231e+00,-2.9321333818624956e-01,6.2440761262911515e+00,-4.6975917782510875e-02,3.8988486670919109e+01,3.9436400366017366e-02,4,9.6315697560611135e-01
max_c_ep_mixing_angles_polarization_04_local_minimum_1403,C_e_p,polarization_cluster_04_local_minimum_1403,cos(alpha_e)|+>+sin(alpha_e)|-> tensor cos(alpha_p)|+>+sin(alpha_p)|->,2.4498649505257379e+00,1.5343539219075324e+00,p_gamma_lepton,|-1-1+1>,4,1,-1,-1,3.4475617588974060e+01,1.9867463949788274e-02,3.4475623313542883e+01,5.7627573165956985e-04,1.1885686028573016e+03,4.5101747481927768e-01,1,9.6662591020234978e-01
max_c_ep_mixing_angles_polarization_04_local_minimum_1403,C_e_p,polarization_cluster_04_local_minimum_1403,cos(alpha_e)|+>+sin(alpha_e)|-> tensor cos(alpha_p)|+>+sin(alpha_p)|->,2.4498649505257379e+00,1.5343539219075324e+00,p_gamma_lepton,|+1-1-1>,2,-1,1,-1,-3.1681265851519679e+01,1.4530293806031022e-03,3.1681265884840546e+01,3.1415467895960250e+00,1.0037026080659612e+03,3.8086772162008908e-01,2,9.6662591020234978e-01
max_c_ep_mixing_angles_polarization_04_local_minimum_1403,C_e_p,polarization_cluster_04_local_minimum_1403,cos(alpha_e)|+>+sin(alpha_e)|-> tensor cos(alpha_p)|+>+sin(alpha_p)|->,2.4498649505257379e+00,1.5343539219075324e+00,p_gamma_lepton,|+1+1-1>,3,-1,1,1,-1.6438880489110410e+01,-4.2428398329510737e-02,1.6438935242412743e+01,-3.1390116807463908e+00,2.7023859190423968e+02,1.0254547110395154e-01,3,9.6662591020234978e-01
max_c_ep_mixing_angles_polarization_04_local_minimum_1403,C_e_p,polarization_cluster_04_local_minimum_1403,cos(alpha_e)|+>+sin(alpha_e)|-> tensor cos(alpha_p)|+>+sin(alpha_p)|->,2.4498649505257379e+00,1.5343539219075324e+00,p_gamma_lepton,|-1+1+1>,5,1,-1,1,9.2103070711704671e+00,1.2052946446394898e-01,9.2110956838508997e+00,1.3085620695886150e-02,8.4844283697056667e+01,3.2195242659031537e-02,4,9.6662591020234978e-01
max_c_ep_mixing_angles_polarization_04_local_minimum_1412,C_e_p,polarization_cluster_04_local_minimum_1412,cos(alpha_e)|+>+sin(alpha_e)|-> tensor cos(alpha_p)|+>+sin(alpha_p)|->,2.3959149351544955e+00,1.4871593240131087e+00,p_gamma_lepton,|+1-1+1>,6,1,1,-1,3.0834962762978165e+01,6.6968345326549885e+00,3.1553803595636619e+01,2.1386191975044277e-01,9.9564252135201048e+02,3.0623858818872429e-01,1,9.8966059564356157e-01
max_c_ep_mixing_angles_polarization_04_local_minimum_1412,C_e_p,polarization_cluster_04_local_minimum_1412,cos(alpha_e)|+>+sin(alpha_e)|-> tensor cos(alpha_p)|+>+sin(alpha_p)|->,2.3959149351544955e+00,1.4871593240131087e+00,p_gamma_lepton,|-1-1-1>,0,-1,-1,-1,2.9567950844102235e+01,-5.9737807666308989e+00,3.0165373754803955e+01,-1.9935216662723751e-01,9.0994977376701524e+02,2.7988131087717844e-01,2,9.8966059564356157e-01
max_c_ep_mixing_angles_polarization_04_local_minimum_1412,C_e_p,polarization_cluster_04_local_minimum_1412,cos(alpha_e)|+>+sin(alpha_e)|-> tensor cos(alpha_p)|+>+sin(alpha_p)|->,2.3959149351544955e+00,1.4871593240131087e+00,p_gamma_lepton,|-1-1+1>,4,1,-1,-1,2.2810128325946437e+01,1.3874226558743803e+00,2.2852284259394672e+01,6.0750006559100268e-02,5.2222689587217735e+02,1.6062595145987490e-01,3,9.8966059564356157e-01
max_c_ep_mixing_angles_polarization_04_local_minimum_1412,C_e_p,polarization_cluster_04_local_minimum_1412,cos(alpha_e)|+>+sin(alpha_e)|-> tensor cos(alpha_p)|+>+sin(alpha_p)|->,2.3959149351544955e+00,1.4871593240131087e+00,p_gamma_lepton,|+1-1-1>,2,-1,1,-1,-1.8502405885930028e+01,1.7309580522011629e+00,1.8583197769656820e+01,3.0483110270726650e+00,3.4533523934617824e+02,1.0621781802326120e-01,4,9.8966059564356157e-01
max_c_ep_mixing_angles_polarization_04_local_minimum_1412,C_e_p,polarization_cluster_04_local_minimum_1412,cos(alpha_e)|+>+sin(alpha_e)|-> tensor cos(alpha_p)|+>+sin(alpha_p)|->,2.3959149351544955e+00,1.4871593240131087e+00,p_gamma_lepton,|+1+1-1>,3,-1,1,1,-1.4318798999171534e+01,-1.1617632678590892e-01,1.4319270292776137e+01,-3.1334792791644817e+00,2.0504150171758118e+02,6.3066430630967299e-02,5,9.8966059564356157e-01
max_c_ep_mixing_angles_polarization_04_local_minimum_1412,C_e_p,polarization_cluster_04_local_minimum_1412,cos(alpha_e)|+>+sin(alpha_e)|-> tensor cos(alpha_p)|+>+sin(alpha_p)|->,2.3959149351544955e+00,1.4871593240131087e+00,p_gamma_lepton,|-1+1-1>,1,-1,-1,1,1.1930236184444729e+01,-3.3213732275331189e+00,1.2383943456476539e+01,-2.7152405592968770e-01,1.5336205553320812e+02,4.7170925669621659e-02,6,9.8966059564356157e-01
max_c_ep_mixing_angles_polarization_04_local_minimum_1412,C_e_p,polarization_cluster_04_local_minimum_1412,cos(alpha_e)|+>+sin(alpha_e)|-> tensor cos(alpha_p)|+>+sin(alpha_p)|->,2.3959149351544955e+00,1.4871593240131087e+00,p_gamma_lepton,|-1+1+1>,5,1,-1,1,9.2674921676746678e+00,-3.7271027788086397e-01,9.2749837751421076e+00,-4.0195289620173019e-02,8.6025324029149346e+01,2.6459570793933768e-02,7,9.8966059564356157e-01
max_c_ep_mixing_angles_polarization_04_local_minimum_1413,C_e_p,polarization_cluster_04_local_minimum_1413,cos(alpha_e)|+>+sin(alpha_e)|-> tensor cos(alpha_p)|+>+sin(alpha_p)|->,2.4490529852266056e+00,1.5245622008692821e+00,p_gamma_lepton,|-1-1+1>,4,1,-1,-1,2.9752344886310709e+01,3.0455156354347981e+00,2.9907811550156204e+01,1.0200691848059409e-01,8.9447719171965662e+02,3.5259979365328292e-01,1,9.8592444752623865e-01
max_c_ep_mixing_angles_polarization_04_local_minimum_1413,C_e_p,polarization_cluster_04_local_minimum_1413,cos(alpha_e)|+>+sin(alpha_e)|-> tensor cos(alpha_p)|+>+sin(alpha_p)|->,2.4490529852266056e+00,1.5245622008692821e+00,p_gamma_lepton,|+1-1-1>,2,-1,1,-1,-2.6633535676645476e+01,4.3119621291960337e+00,2.6980330614037484e+01,2.9810856353546620e+00,7.2793824004276814e+02,2.8695071893108565e-01,2,9.8592444752623865e-01
max_c_ep_mixing_angles_polarization_04_local_minimum_1413,C_e_p,polarization_cluster_04_local_minimum_1413,cos(alpha_e)|+>+sin(alpha_e)|-> tensor cos(alpha_p)|+>+sin(alpha_p)|->,2.4490529852266056e+00,1.5245622008692821e+00,p_gamma_lepton,|+1-1+1>,6,1,1,-1,1.1830799121055779e-01,1.6856350210273039e+01,1.6856765383434517e+01,1.5637778413490462e+00,2.8415053919215615e+02,1.1201115289815565e-01,3,9.8592444752623865e-01
max_c_ep_mixing_angles_polarization_04_local_minimum_1413,C_e_p,polarization_cluster_04_local_minimum_1413,cos(alpha_e)|+>+sin(alpha_e)|-> tensor cos(alpha_p)|+>+sin(alpha_p)|->,2.4490529852266056e+00,1.5245622008692821e+00,p_gamma_lepton,|-1-1-1>,0,-1,-1,-1,2.5955114077597408e+00,-1.5722692466248912e+01,1.5935486746756474e+01,-1.4071912512465257e+00,2.5393973785605124e+02,1.0010216023090659e-01,4,9.8592444752623865e-01
max_c_ep_mixing_angles_polarization_04_local_minimum_1413,C_e_p,polarization_cluster_04_local_minimum_1413,cos(alpha_e)|+>+sin(alpha_e)|-> tensor cos(alpha_p)|+>+sin(alpha_p)|->,2.4490529852266056e+00,1.5245622008692821e+00,p_gamma_lepton,|+1+1-1>,3,-1,1,1,-1.3818176907794626e+01,1.8438847792303811e-01,1.3819407084455522e+01,3.1282495377605950e+00,1.9097601216589948e+02,7.5282078856548237e-02,5,9.8592444752623865e-01
max_c_ep_mixing_angles_polarization_04_local_minimum_1413,C_e_p,polarization_cluster_04_local_minimum_1413,cos(alpha_e)|+>+sin(alpha_e)|-> tensor cos(alpha_p)|+>+sin(alpha_p)|->,2.4490529852266056e+00,1.5245622008692821e+00,p_gamma_lepton,|-1+1-1>,1,-1,-1,1,-2.8742382370016619e+00,-8.7976870103243368e+00,9.2552980597424295e+00,-1.8865685292715797e+00,8.5660542174671974e+01,3.3767087383133700e-02,6,9.8592444752623865e-01
max_c_ep_mixing_angles_polarization_04_local_minimum_1413,C_e_p,polarization_cluster_04_local_minimum_1413,cos(alpha_e)|+>+sin(alpha_e)|-> tensor cos(alpha_p)|+>+sin(alpha_p)|->,2.4490529852266056e+00,1.5245622008692821e+00,p_gamma_lepton,|-1+1+1>,5,1,-1,1,7.8477310850648578e+00,-1.5393774173590193e+00,7.9972849153052046e+00,-1.9369642824089173e-01,6.3956566016568175e+01,2.5211455573125860e-02,7,9.8592444752623865e-01
