objective_name,objective_file_tag,local_minimum_index,local_minimum_id,selection_absolute_threshold,contour_delta,configured_direction_count,target_success_count,initial_success_count,attempted_direction_count,replacement_direction_count,contour_point_count,center_u0,center_u1,center_u2,center_u3,center_u4,center_u5,center_u6,center_u7,record_type,contour_sample_id,u0,u1,u2,u3,u4,u5,u6,u7,sqrt_s,theta_p_out,theta_gamma_out,qOut,phi_p_out,phi_gamma_out,alpha_e,alpha_p
D_W,dw,918,918,0.01,0.02,1024,1024,1024,1024,0,1024,0.5299121754017847,0.4572619507807304,0.4492086265341033,0.500417811077837,0.632630713186894,0.48678597217983327,0.5283806059339115,0.975054689616478,minimum,,,,,,,,,,,,,,,,,
D_W,dw,918,918,0.01,0.02,1024,1024,1024,1024,0,1024,0.5299121754017847,0.4572619507807304,0.4492086265341033,0.500417811077837,0.632630713186894,0.48678597217983327,0.5283806059339115,0.975054689616478,sample,0,0.5316541187611598,0.4572619507807304,0.4492086265341033,0.500417811077837,0.632630713186894,0.48678597217983327,0.5283806059339115,0.975054689616478,2.5229107697523485,2.3331882931142425,1.6700983627259935,0.6429599129728598,5.349881943441042,1.5676461537638176,1.6599566299012998,3.0632246497474034
D_W,dw,918,918,0.01,0.02,1024,1024,1024,1024,0,1024,0.5299121754017847,0.4572619507807304,0.4492086265341033,0.500417811077837,0.632630713186894,0.48678597217983327,0.5283806059339115,0.975054689616478,sample,1,0.5299121754017847,0.45986281137643353,0.4492086265341033,0.500417811077837,0.632630713186894,0.48678597217983327,0.5283806059339115,0.975054689616478,2.5099681035857686,2.3634734349686055,1.6700983627259935,0.6429599129728598,5.352842119680686,1.5676461537638176,1.6599566299012998,3.0632246497474034
D_W,dw,918,918,0.01,0.02,1024,1024,1024,1024,0,1024,0.5299121754017847,0.4572619507807304,0.4492086265341033,0.500417811077837,0.632630713186894,0.48678597217983327,0.5283806059339115,0.975054689616478,sample,2,0.5299121754017847,0.4572619507807304,0.4514670799032439,0.500417811077837,0.632630713186894,0.48678597217983327,0.5283806059339115,0.975054689616478,2.4821609551135007,2.320132636342025,1.6700983627259935,0.6429599129728598,5.323044918207508,1.5676461537638176,1.6599566299012998,3.0632246497474034
D_W,dw,918,918,0.01,0.02,1024,1024,1024,1024,0,1024,0.5299121754017847,0.4572619507807304,0.4492086265341033,0.500417811077837,0.632630713186894,0.48678597217983327,0.5283806059339115,0.975054689616478,sample,3,0.5299121754017847,0.4572619507807304,0.4492086265341033,0.5088868967711964,0.632630713186894,0.48678597217983327,0.5283806059339115,0.975054689616478,2.5309863181053185,2.3428450142639092,1.6698781362616388,0.6443843074001842,5.323044918207508,1.5038915157023278,1.6599566299012998,3.0632246497474034
D_W,dw,918,918,0.01,0.02,1024,1024,1024,1024,0,1024,0.5299121754017847,0.4572619507807304,0.4492086265341033,0.500417811077837,0.632630713186894,0.48678597217983327,0.5283806059339115,0.975054689616478,sample,4,0.5299121754017847,0.4572619507807304,0.4492086265341033,0.500417811077837,0.6406655337435346,0.48678597217983327,0.5283806059339115,0.975054689616478,2.5621748298199636,2.3428450142639092,1.6644603872272006,0.6815383079379396,5.323044918207508,1.5678260906749897,1.6599566299012998,3.0632246497474034
D_W,dw,918,918,0.01,0.02,1024,1024,1024,1024,0,1024,0.5299121754017847,0.4572619507807304,0.4492086265341033,0.500417811077837,0.632630713186894,0.48678597217983327,0.5283806059339115,0.975054689616478,sample,5,0.5299121754017847,0.4572619507807304,0.4492086265341033,0.500417811077837,0.632630713186894,0.4953109050411614,0.5283806059339115,0.975054689616478,2.47356651683417,2.3428450142639092,1.6061359504311614,0.6401921600881546,5.323044918207508,1.5676461537638176,1.6599566299012998,3.0632246497474034
D_W,dw,918,918,0.01,0.02,1024,1024,1024,1024,0,1024,0.5299121754017847,0.4572619507807304,0.4492086265341033,0.500417811077837,0.632630713186894,0.48678597217983327,0.5283806059339115,0.975054689616478,sample,6,0.5299121754017847,0.4572619507807304,0.4492086265341033,0.500417811077837,0.632630713186894,0.48678597217983327,0.5297140715100833,0.975054689616478,2.510513532116553,2.3428450142639092,1.6700983627259935,0.6429599129728598,5.323044918207508,1.5676461537638176,1.664145835559216,3.0632246497474034
D_W,dw,918,918,0.01,0.02,1024,1024,1024,1024,0,1024,0.5299121754017847,0.4572619507807304,0.4492086265341033,0.500417811077837,0.632630713186894,0.48678597217983327,0.5283806059339115,0.975054689616478,sample,7,0.5299121754017847,0.4572619507807304,0.4492086265341033,0.500417811077837,0.632630713186894,0.48678597217983327,0.5283806059339115,0.9771352255051499,2.510513532116553,2.3428450142639092,1.6700983627259935,0.6429599129728598,5.323044918207508,1.5676461537638176,1.6599566299012998,3.0697608460107846
D_W,dw,918,918,0.01,0.02,1024,1024,1024,1024,0,1024,0.5299121754017847,0.4572619507807304,0.4492086265341033,0.500417811077837,0.632630713186894,0.48678597217983327,0.5283806059339115,0.975054689616478,sample,8,0.5280190174428003,0.4572619507807304,0.4492086265341033,0.500417811077837,0.632630713186894,0.48678597217983327,0.5283806059339115,0.975054689616478,2.4977187185693293,2.3531275953432615,1.6700983627259935,0.6429599129728598,5.292690084636915,1.5676461537638176,1.6599566299012998,3.0632246497474034
D_W,dw,918,918,0.01,0.02,1024,1024,1024,1024,0,1024,0.5299121754017847,0.4572619507807304,0.4492086265341033,0.500417811077837,0.632630713186894,0.48678597217983327,0.5283806059339115,0.975054689616478,sample,9,0.5299121754017847,0.45442091684518354,0.4492086265341033,0.500417811077837,0.632630713186894,0.48678597217983327,0.5283806059339115,0.975054689616478,2.512702210948193,2.3208236195489564,1.6700983627259935,0.6429599129728598,5.2931591676586285,1.5676461537638176,1.6599566299012998,3.0632246497474034
D_W,dw,918,918,0.01,0.02,1024,1024,1024,1024,0,1024,0.5299121754017847,0.4572619507807304,0.4492086265341033,0.500417811077837,0.632630713186894,0.48678597217983327,0.5283806059339115,0.975054689616478,sample,10,0.5299121754017847,0.4572619507807304,0.44684488752043144,0.500417811077837,0.632630713186894,0.48678597217983327,0.5283806059339115,0.975054689616478,2.5407992571215026,2.3655867572342193,1.6700983627259935,0.6429599129728598,5.323044918207508,1.5676461537638176,1.6599566299012998,3.0632246497474034
D_W,dw,918,918,0.01,0.02,1024,1024,1024,1024,0,1024,0.5299121754017847,0.4572619507807304,0.4492086265341033,0.500417811077837,0.632630713186894,0.48678597217983327,0.5283806059339115,0.975054689616478,sample,11,0.5299121754017847,0.4572619507807304,0.4492086265341033,0.4889262644469776,0.632630713186894,0.48678597217983327,0.5283806059339115,0.975054689616478,2.4900635126436,2.3428450142639092,1.6697567759385412,0.6451719631527235,5.323044918207508,1.6540961177381117,1.6599566299012998,3.0632246497474034
D_W,dw,918,918,0.01,0.02,1024,1024,1024,1024,0,1024,0.5299121754017847,0.4572619507807304,0.4492086265341033,0.500417811077837,0.632630713186894,0.48678597217983327,0.5283806059339115,0.975054689616478,sample,12,0.5299121754017847,0.4572619507807304,0.4492086265341033,0.500417811077837,0.624996435843144,0.48678597217983327,0.5283806059339115,0.975054689616478,2.4632932556096248,2.3428450142639092,1.6761197850750775,0.6063259919044405,5.323044918207508,1.5674537553129186,1.6599566299012998,3.0632246497474034
D_W,dw,918,918,0.01,0.02,1024,1024,1024,1024,0,1024,0.5299121754017847,0.4572619507807304,0.4492086265341033,0.500417811077837,0.632630713186894,0.48678597217983327,0.5283806059339115,0.975054689616478,sample,13,0.5299121754017847,0.4572619507807304,0.4492086265341033,0.500417811077837,0.632630713186894,0.47753105884975516,0.5283806059339115,0.975054689616478,2.5543927661576555,2.3428450142639092,1.738611978034664,0.6489083217162698,5.323044918207508,1.5676461537638176,1.6599566299012998,3.0632246497474034
D_W,dw,918,918,0.01,0.02,1024,1024,1024,1024,0,1024,0.5299121754017847,0.4572619507807304,0.4492086265341033,0.500417811077837,0.632630713186894,0.48678597217983327,0.5283806059339115,0.975054689616478,sample,14,0.5299121754017847,0.4572619507807304,0.4492086265341033,0.500417811077837,0.632630713186894,0.48678597217983327,0.5271321318128177,0.975054689616478,2.510513532116553,2.3428450142639092,1.6700983627259935,0.6429599129728598,5.323044918207508,1.5676461537638176,1.6560344327742746,3.0632246497474034
D_W,dw,918,918,0.01,0.02,1024,1024,1024,1024,0,1024,0.5299121754017847,0.4572619507807304,0.4492086265341033,0.500417811077837,0.632630713186894,0.48678597217983327,0.5283806059339115,0.975054689616478,sample,15,0.5299121754017847,0.4572619507807304,0.4492086265341033,0.500417811077837,0.632630713186894,0.48678597217983327,0.5283806059339115,0.9729402792160874,2.510513532116553,2.3428450142639092,1.6700983627259935,0.6429599129728598,5.323044918207508,1.5676461537638176,1.6599566299012998,3.0565820335668623
D_W,dw,918,918,0.01,0.02,1024,1024,1024,1024,0,1024,0.5299121754017847,0.4572619507807304,0.4492086265341033,0.500417811077837,0.632630713186894,0.48678597217983327,0.5283806059339115,0.975054689616478,sample,16,0.5305357185895302,0.45828725772298523,0.44958195262836786,0.4998738950035901,0.6341401068345759,0.4878254006933833,0.5277703274013322,0.9751417870360876,2.5136430894828505,2.3436889274711254,1.661308622874196,0.649730254399136,5.344301293580917,1.5717364256380821,1.6580393833467053,3.0634982743609953
D_W,dw,918,918,0.01,0.02,1024,1024,1024,1024,0,1024,0.5299121754017847,0.4572619507807304,0.4492086265341033,0.500417811077837,0.632630713186894,0.48678597217983327,0.5283806059339115,0.975054689616478,sample,17,0.529261287609618,0.45830387541240647,0.4484233962417362,0.4996377783738587,0.6322043917870497,0.4875690701562778,0.5273541598619558,0.9750258922591625,2.507786581189366,2.3624132133495723,1.6645484435849007,0.6405481249882125,5.324305062539122,1.573536180704964,1.6567319544623376,3.0631341801812177
D_W,dw,918,918,0.01,0.02,1024,1024,1024,1024,0,1024,0.5299121754017847,0.4572619507807304,0.4492086265341033,0.500417811077837,0.632630713186894,0.48678597217983327,0.5283806059339115,0.975054689616478,sample,18,0.530385054526623,0.4575939649875114,0.44941903088653934,0.4995194157842134,0.6311029064170074,0.4863333420993005,0.5271129571278327,0.9768425634434876,2.5015042350721632,2.3407478844589646,1.6746642244221122,0.6358504838608555,5.3341207620115885,1.5744620126011206,1.6559741937247907,3.0688414210278823
D_W,dw,918,918,0.01,0.02,1024,1024,1024,1024,0,1024,0.5299121754017847,0.4572619507807304,0.4492086265341033,0.500417811077837,0.632630713186894,0.48678597217983327,0.5283806059339115,0.975054689616478,sample,19,0.5304940158445712,0.4591836392769385,0.4488261314292706,0.5003125448606495,0.6339132653594916,0.48745393840005025,0.5275109132617157,0.9752367847435371,2.5239106256001764,2.3583906780841835,1.6642113622153765,0.6488066529098745,5.354033276981349,1.5684623960053765,1.6572244097914488,3.063796718460827
D_W,dw,918,918,0.01,0.02,1024,1024,1024,1024,0,1024,0.5299121754017847,0.4572619507807304,0.4492086265341033,0.500417811077837,0.632630713186894,0.48678597217983327,0.5283806059339115,0.975054689616478,sample,20,0.530724428044872,0.4571496590705531,0.4492215357653913,0.49986971228349325,0.6321680759127538,0.48704725728087633,0.5292316701735209,0.9754191266536761,2.510828703865162,2.3373707657014107,1.6684863775064014,0.6406122464880732,5.334444764401347,1.5717820994438871,1.6626303270641898,3.064369562466161
D_W,dw,918,918,0.01,0.02,1024,1024,1024,1024,0,1024,0.5299121754017847,0.4572619507807304,0.4492086265341033,0.500417811077837,0.632630713186894,0.48678597217983327,0.5283806059339115,0.975054689616478,sample,21,0.5291829929312539,0.4592570627587539,0.4486558981883917,0.49953437047642596,0.631834836306384,0.48529116865190774,0.5275482645307537,0.9759816454964947,2.511928105081723,2.368296136919008,1.6819062702776175,0.6398999014070914,5.33395195185715,1.5743282277740307,1.6573417522638605,3.0661367675302653
D_W,dw,918,918,0.01,0.02,1024,1024,1024,1024,0,1024,0.5299121754017847,0.4572619507807304,0.4492086265341033,0.500417811077837,0.632630713186894,0.48678597217983327,0.5283806059339115,0.975054689616478,sample,22,0.5292103747414245,0.45767901492470253,0.44919426990617345,0.49779771753464,0.6311880278604621,0.4860699664459001,0.5283532468637653,0.9742298402357372,2.4945658341008086,2.350157681996749,1.6765688653836108,0.6364762188898957,5.316514333612997,1.5875819714957442,1.6598706788475195,3.06063330899255
D_W,dw,918,918,0.01,0.02,1024,1024,1024,1024,0,1024,0.5299121754017847,0.4572619507807304,0.4492086265341033,0.500417811077837,0.632630713186894,0.48678597217983327,0.5283806059339115,0.975054689616478,sample,23,0.5292795826503539,0.4575993291032793,0.45003168162099033,0.5006607569673135,0.6324617701647649,0.486527190391743,0.5279225468080075,0.9741055211084825,2.4962067565915103,2.3408310730785065,1.672157426720054,0.6422788442686731,5.316741262269926,1.5658080838774175,1.65851759471645,3.0602427489356656
D_W,dw,918,918,0.01,0.02,1024,1024,1024,1024,0,1024,0.5299121754017847,0.4572619507807304,0.4492086265341033,0.500417811077837,0.632630713186894,0.48678597217983327,0.5283806059339115,0.975054689616478,sample,24,0.5299924046721086,0.45806799688135563,0.44814618848802534,0.5021543987359772,0.6329873807948857,0.4876979050257782,0.5295136148953538,0.9748693064772926,2.5262042152233484,2.3590916958445356,1.6630275050708696,0.6443325378805551,5.333285199392508,1.5545977199389904,1.6635160825310182,3.062642251439239
D_W,dw,918,918,0.01,0.02,1024,1024,1024,1024,0,1024,0.5299121754017847,0.4572619507807304,0.4492086265341033,0.500417811077837,0.632630713186894,0.48678597217983327,0.5283806059339115,0.975054689616478,sample,25,0.5295237157728363,0.45710989065267904,0.44887911679665604,0.5008866023384887,0.6331569400822261,0.4871315773327179,0.5272827700776986,0.9747351248540939,2.5148491345716484,2.3470038567252858,1.6671360412332126,0.6453344034502436,5.3152581741479885,1.5641380990203242,1.656507676840574,3.062220707437551
D_W,dw,918,918,0.01,0.02,1024,1024,1024,1024,0,1024,0.5299121754017847,0.4572619507807304,0.4492086265341033,0.500417811077837,0.632630713186894,0.48678597217983327,0.5283806059339115,0.975054689616478,sample,26,0.5308616967866138,0.456669919673063,0.44917980448644657,0.5003329587196288,0.6331235179176955,0.4868416729230132,0.528388402064771,0.9758120097256285,2.5205370955464845,2.333346644286583,1.669318991835411,0.6452978107838566,5.331286853586435,1.5682952058017738,1.6599811221687344,3.0656038410387265
D_W,dw,918,918,0.01,0.02,1024,1024,1024,1024,0,1024,0.5299121754017847,0.4572619507807304,0.4492086265341033,0.500417811077837,0.632630713186894,0.48678597217983327,0.5283806059339115,0.975054689616478,sample,27,0.52909160965365,0.45687539628172236,0.4502182338699184,0.5013075309282757,0.6315803539679065,0.48675242636035426,0.5274206517468284,0.9750709397720251,2.487738047691817,2.334214343627021,1.671133759026208,0.6379625185341538,5.305859847634061,1.5608595250357424,1.6569408448793768,3.0632757011166896
D_W,dw,918,918,0.01,0.02,1024,1024,1024,1024,0,1024,0.5299121754017847,0.4572619507807304,0.4492086265341033,0.500417811077837,0.632630713186894,0.48678597217983327,0.5283806059339115,0.975054689616478,sample,28,0.5299536247216872,0.45821417019615435,0.4501384907848485,0.5008629198591416,0.6339907609518661,0.486769845995903,0.5295609347203941,0.9762299814385809,2.508475141869066,2.3408780506011024,1.669214578945386,0.6495063890863066,5.334325727827819,1.564356271351456,1.6636647421457342,3.0669169379015457
D_W,dw,918,918,0.01,0.02,1024,1024,1024,1024,0,1024,0.5299121754017847,0.4572619507807304,0.4492086265341033,0.500417811077837,0.632630713186894,0.48678597217983327,0.5283806059339115,0.975054689616478,sample,29,0.5308566932151463,0.4566273753971246,0.44845429117513586,0.5008547223632469,0.6330666891080329,0.4873273152241272,0.5273369859343726,0.9755369225428165,2.5283227982845258,2.340130617283212,1.6657436044698941,0.6448098751161935,5.330746601515602,1.5643731519607804,1.656678000977609,3.0647396291661075
D_W,dw,918,918,0.01,0.02,1024,1024,1024,1024,0,1024,0.5299121754017847,0.4572619507807304,0.4492086265341033,0.500417811077837,0.632630713186894,0.48678597217983327,0.5283806059339115,0.975054689616478,sample,30,0.5289625528615347,0.4572630362070224,0.45063063219349586,0.5012970427914959,0.6332848840496487,0.48828896005705535,0.5278921005297698,0.9761071191044934,2.4853302545170006,2.333851134966138,1.6584318557871207,0.6454522667108996,5.3079865888603095,1.5610652769459121,1.6584219449124091,3.0665309544953736
D_W,dw,918,918,0.01,0.02,1024,1024,1024,1024,0,1024,0.5299121754017847,0.4572619507807304,0.4492086265341033,0.500417811077837,0.632630713186894,0.48678597217983327,0.5283806059339115,0.975054689616478,sample,31,0.5299458229335023,0.45809874613390267,0.44823885037717703,0.5003802375935066,0.6335085351930007,0.48657160492267565,0.5292191167603397,0.9745777791724127,2.5292187735739624,2.358703016184553,1.6710395903499817,0.6472757684845115,5.332896889413526,1.5679482949077634,1.6625908893535621,3.0617263913999073
D_W,dw,918,918,0.01,0.02,1024,1024,1024,1024,0,1024,0.5299121754017847,0.4572619507807304,0.4492086265341033,0.500417811077837,0.632630713186894,0.48678597217983327,0.5283806059339115,0.975054689616478,sample,32,0.5303922890469199,0.4576836792811439,0.448574978999704,0.5007066659105531,0.6335932828901361,0.4861937515805063,0.5294521837217969,0.9753528366719006,2.5311165298921825,2.349679021624925,1.6737746961071045,0.6478737284149727,5.335236592815243,1.5655066946789196,1.6633230908074708,3.0641613063464086
D_W,dw,918,918,0.01,0.02,1024,1024,1024,1024,0,1024,0.5299121754017847,0.4572619507807304,0.4492086265341033,0.500417811077837,0.632630713186894,0.48678597217983327,0.5283806059339115,0.975054689616478,sample,33,0.5305709264812898,0.4585940397664143,0.4486525890959297,0.4997573871178248,0.6340492531090434,0.4867225774453509,0.5296631937094053,0.9745238246660558,2.5296434773468865,2.355014064750006,1.6695229841830275,0.649797331193247,5.348374103493228,1.5726062034756159,1.6639859982343752,3.0615568883191084
D_W,dw,918,918,0.01,0.02,1024,1024,1024,1024,0,1024,0.5299121754017847,0.4572619507807304,0.4492086265341033,0.500417811077837,0.632630713186894,0.48678597217983327,0.5283806059339115,0.975054689616478,sample,34,0.5284209904316137,0.45642247984871537,0.45194747030522814,0.5019080570156209,0.6299687819224769,0.48619363078262673,0.528858729224149,0.9770318246722995,2.4554868634706852,2.316507363410329,1.6766164656289564,0.630543179838759,5.290304901449085,1.5561164942617662,1.6614586985174202,3.069436002713927
D_W,dw,918,918,0.01,0.02,1024,1024,1024,1024,0,1024,0.5299121754017847,0.4572619507807304,0.4492086265341033,0.500417811077837,0.632630713186894,0.48678597217983327,0.5283806059339115,0.975054689616478,sample,35,0.5300412417133746,0.4559795542819212,0.44869716236452334,0.5003616311744616,0.6321490970230222,0.48707256445044056,0.5289320386601986,0.9756974427138542,2.5142895585737617,2.3371580097740394,1.6683103168413278,0.6405113021823957,5.311231131737097,1.5680597944999135,1.6616890069031522,3.065243918156192
D_W,dw,918,918,0.01,0.02,1024,1024,1024,1024,0,1024,0.5299121754017847,0.4572619507807304,0.4492086265341033,0.500417811077837,0.632630713186894,0.48678597217983327,0.5283806059339115,0.975054689616478,sample,36,0.5297238794211702,0.4593121245579478,0.4474215938411082,0.5008698564903964,0.6334631194822903,0.4862625170379091,0.5265065873213617,0.9766227114480671,2.5400881272823725,2.3774582325731157,1.673363876620727,0.647219756399452,5.343315056782023,1.5642788395875526,1.6540692267954227,3.068150735614192
D_W,dw,918,918,0.01,0.02,1024,1024,1024,1024,0,1024,0.5299121754017847,0.4572619507807304,0.4492086265341033,0.500417811077837,0.632630713186894,0.48678597217983327,0.5283806059339115,0.975054689616478,sample,37,0.531975755902178,0.45822199382900025,0.44753755841281745,0.49987338514281776,0.631230977876209,0.4876766111294177,0.5267443669584941,0.9751890818522919,2.531946421996963,2.354786649432935,1.6644277988804046,0.6358225044857443,5.365656399731457,1.5717611509541258,1.6548162335566112,3.0636468554081357
D_W,dw,918,918,0.01,0.02,1024,1024,1024,1024,0,1024,0.5299121754017847,0.4572619507807304,0.4492086265341033,0.500417811077837,0.632630713186894,0.48678597217983327,0.5283806059339115,0.975054689616478,sample,38,0.5309863832381827,0.4558520611670513,0.4483866213105106,0.5016093745480392,0.6325651246439494,0.48727170035401934,0.5286783664325404,0.9751526899758423,2.529485903082845,2.334184013405772,1.6665113301482462,0.6424606582028402,5.324372964447724,1.5586566671896567,1.6608920720963216,3.0635325269564313
D_W,dw,918,918,0.01,0.02,1024,1024,1024,1024,0,1024,0.5299121754017847,0.4572619507807304,0.4492086265341033,0.500417811077837,0.632630713186894,0.48678597217983327,0.5283806059339115,0.975054689616478,sample,39,0.5306899083966303,0.4565858720889991,0.4491194936183184,0.4997804438594425,0.6335689098552226,0.48661120575260935,0.5275527205807654,0.9757260944776158,2.5227655425039934,2.334228991374494,1.670701327193421,0.6475447311927034,5.327737907726286,1.5724400921221062,1.6573557513578414,3.065333930326738
D_W,dw,918,918,0.01,0.02,1024,1024,1024,1024,0,1024,0.5299121754017847,0.4572619507807304,0.4492086265341033,0.500417811077837,0.632630713186894,0.48678597217983327,0.5283806059339115,0.975054689616478,sample,40,0.5311745086726327,0.45633202349670976,0.44687765728614176,0.49866502729981743,0.634281314724892,0.48574167178690003,0.5263118339408499,0.9762713885638293,2.5610754823037034,2.35121619351097,1.6765772754542467,0.6514247058575654,5.3323821079642695,1.5807376110648854,1.6534573910059451,3.0670470222220327
D_W,dw,918,918,0.01,0.02,1024,1024,1024,1024,0,1024,0.5299121754017847,0.4572619507807304,0.4492086265341033,0.500417811077837,0.632630713186894,0.48678597217983327,0.5283806059339115,0.975054689616478,sample,41,0.530224733747364,0.459564120687442,0.45115057660901603,0.5011347772592893,0.6303814280501392,0.4844112494769146,0.5283107754590353,0.9743645439941454,2.4856848702010286,2.339744382716187,1.6897896356867017,0.6334421873575952,5.354270937426267,1.5620930273759173,1.659737250994432,3.061056493330376
D_W,dw,918,918,0.01,0.02,1024,1024,1024,1024,0,1024,0.5299121754017847,0.4572619507807304,0.4492086265341033,0.500417811077837,0.632630713186894,0.48678597217983327,0.5283806059339115,0.975054689616478,sample,42,0.5320078886384513,0.4558098484782064,0.4454321128450172,0.5026438791839413,0.6351655389185182,0.48405688422929977,0.5282376843778207,0.9729582608899354,2.60786795163013,2.3562263866234785,1.6881841018620007,0.6566607389388652,5.3392524686671,1.5512385157220985,1.6595076285906454,3.0566385246613224
D_W,dw,918,918,0.01,0.02,1024,1024,1024,1024,0,1024,0.5299121754017847,0.4572619507807304,0.4492086265341033,0.500417811077837,0.632630713186894,0.48678597217983327,0.5283806059339115,0.975054689616478,sample,43,0.5311971049314513,0.45644881832131223,0.44889174865885545,0.5010400936960909,0.6326967705623885,0.48606136632294944,0.5279835933458207,0.9754241888538483,2.5291618077674336,2.332662402317893,1.675450585865219,0.64364914766383,5.333992126220482,1.562958363650257,1.658709378071171,3.0643854658370326
D_W,dw,918,918,0.01,0.02,1024,1024,1024,1024,0,1024,0.5299121754017847,0.4572619507807304,0.4492086265341033,0.500417811077837,0.632630713186894,0.48678597217983327,0.5283806059339115,0.975054689616478,sample,44,0.5298111747589133,0.4564899570927861,0.4487282538781442,0.500923720681678,0.6334861962562437,0.4881205942492406,0.5299306538995644,0.9730588451670359,2.5167830476152684,2.342050234769032,1.6595538992350958,0.6464761609036747,5.313083024525668,1.5638764656888315,1.6648262492029067,3.056954519487328
D_W,dw,918,918,0.01,0.02,1024,1024,1024,1024,0,1024,0.5299121754017847,0.4572619507807304,0.4492086265341033,0.500417811077837,0.632630713186894,0.48678597217983327,0.5283806059339115,0.975054689616478,sample,45,0.5283756201776612,0.4583470468031636,0.4486691505680682,0.5005537898673931,0.6326130724033738,0.487709402641362,0.5281201672139311,0.9757497766677737,2.5025668486986534,2.365345896293473,1.6632116571508428,0.6424512496241586,5.31041245336858,1.5666203685862425,1.659138437531899,3.0654083301213593
D_W,dw,918,918,0.01,0.02,1024,1024,1024,1024,0,1024,0.5299121754017847,0.4572619507807304,0.4492086265341033,0.500417811077837,0.632630713186894,0.48678597217983327,0.5283806059339115,0.975054689616478,sample,46,0.529600796989123,0.45639247017970863,0.4510280855740733,0.500327914036971,0.631667837972163,0.48687948509990003,0.5284466978864327,0.9761544384720372,2.4792241175932705,2.319495188928565,1.670116734253833,0.6382921199979477,5.308744701832458,1.568305867742245,1.660164263893802,3.066679612672822
D_W,dw,918,918,0.01,0.02,1024,1024,1024,1024,0,1024,0.5299121754017847,0.4572619507807304,0.4492086265341033,0.500417811077837,0.632630713186894,0.48678597217983327,0.5283806059339115,0.975054689616478,sample,47,0.5291428888017694,0.45641460931361094,0.44790831752256877,0.4995532199833807,0.6321055120670604,0.48593707754794235,0.5281404887207145,0.9770288897277638,2.5212556266781414,2.3529495592728353,1.6768485294136966,0.6408599429626569,5.301755751372445,1.5741783076542457,1.6592022794283197,3.0694267823137347
D_W,dw,918,918,0.01,0.02,1024,1024,1024,1024,0,1024,0.5299121754017847,0.4572619507807304,0.4492086265341033,0.500417811077837,0.632630713186894,0.48678597217983327,0.5283806059339115,0.975054689616478,sample,48,0.5302105462946863,0.4558082387856016,0.449369017842856,0.4999008705716175,0.6320387834732504,0.4879404884228995,0.5288791532234175,0.9755611165206693,2.501444764113282,2.328358436169978,1.6618767071930325,0.6395851174420937,5.31203954762523,1.5715470865879704,1.661522862403479,3.064815636789191
D_W,dw,918,918,0.01,0.02,1024,1024,1024,1024,0,1024,0.5299121754017847,0.4572619507807304,0.4492086265341033,0.500417811077837,0.632630713186894,0.48678597217983327,0.5283806059339115,0.975054689616478,sample,49,0.5303606526511457,0.4571649613358103,0.44837754818401965,0.5002473612834517,0.6310950217711091,0.4883741580766121,0.5272268445125886,0.9739194660185411,2.507091743817822,2.3477340246593075,1.6592473352931405,0.6348642970477418,5.3289838161468825,1.568909443627654,1.6563319814960764,3.059658239631943
D_W,dw,918,918,0.01,0.02,1024,1024,1024,1024,0,1024,0.5299121754017847,0.4572619507807304,0.4492086265341033,0.500417811077837,0.632630713186894,0.48678597217983327,0.5283806059339115,0.975054689616478,sample,50,0.5300743497109763,0.45730462339197275,0.44893485898086066,0.5001090513389165,0.6331649678640962,0.486742528991036,0.5291946411124887,0.9760299619210105,2.518003279005967,2.344973976245715,1.670026062597406,0.6455422086269487,5.32605758213518,1.5699774078533164,1.6625139968380815,3.0662885580545725
D_W,dw,918,918,0.01,0.02,1024,1024,1024,1024,0,1024,0.5299121754017847,0.4572619507807304,0.4492086265341033,0.500417811077837,0.632630713186894,0.48678597217983327,0.5283806059339115,0.975054689616478,sample,51,0.5311395524791132,0.45708996929427353,0.4493588554719385,0.4996376684034558,0.6332363270813844,0.48740463440353093,0.5277984746251689,0.9740215847511061,2.516703202355242,2.333265944198734,1.6650498938510814,0.6455784752045796,5.34015192820536,1.573515785603754,1.6581278104583295,3.059979055091963
D_W,dw,918,918,0.01,0.02,1024,1024,1024,1024,0,1024,0.5299121754017847,0.4572619507807304,0.4492086265341033,0.500417811077837,0.632630713186894,0.48678597217983327,0.5283806059339115,0.975054689616478,sample,52,0.528594894075776,0.45695401731567653,0.45196132474202255,0.501692666097159,0.6322598581466446,0.48922823055727216,0.528666318027095,0.9756884220257781,2.456538182495627,2.3197131986576096,1.6520543205770764,0.640164861653939,5.2987424313744835,1.5579989919404522,1.6608542209142867,3.065215578828802
D_W,dw,918,918,0.01,0.02,1024,1024,1024,1024,0,1024,0.5299121754017847,0.4572619507807304,0.4492086265341033,0.500417811077837,0.632630713186894,0.48678597217983327,0.5283806059339115,0.975054689616478,sample,53,0.5299927763121738,0.45457315280082017,0.4456749197068084,0.5006311590123417,0.6336328715475407,0.4885145285860386,0.5281114966574797,0.9745380039869304,2.557406085100022,2.355184178223914,1.656532624734677,0.6470072294973515,5.295931518320872,1.566073279898565,1.6591111981754487,3.061601433969401
D_W,dw,918,918,0.01,0.02,1024,1024,1024,1024,0,1024,0.5299121754017847,0.4572619507807304,0.4492086265341033,0.500417811077837,0.632630713186894,0.48678597217983327,0.5283806059339115,0.975054689616478,sample,54,0.5303943038331006,0.4565977754927519,0.4496702287495189,0.4999642991725315,0.6322147967642905,0.48631766832314527,0.5298596119726037,0.9743534077479081,2.5069488971636753,2.330485843670259,1.673914891102672,0.6411889738844738,5.3233120230867215,1.5710663482106122,1.6646030644070702,3.0610215077810086
D_W,dw,918,918,0.01,0.02,1024,1024,1024,1024,0,1024,0.5299121754017847,0.4572619507807304,0.4492086265341033,0.500417811077837,0.632630713186894,0.48678597217983327,0.5283806059339115,0.975054689616478,sample,55,0.5297531043024919,0.45636518646191404,0.4473881797554441,0.5005808110550378,0.6320850292259195,0.4857921440763013,0.5279670149530212,0.9737148294517064,2.5347913294958326,2.3542834191745374,1.6779492756817864,0.6408385877565693,5.310840649809929,1.5663991039226348,1.6586572955141439,3.059015354896919
D_W,dw,918,918,0.01,0.02,1024,1024,1024,1024,0,1024,0.5299121754017847,0.4572619507807304,0.4492086265341033,0.500417811077837,0.632630713186894,0.48678597217983327,0.5283806059339115,0.975054689616478,sample,56,0.5302847877146971,0.45800622641103705,0.44870039731426686,0.5005992132867391,0.632047568590319,0.4870312648652026,0.5286157193324067,0.9730324406768142,2.5148438148036503,2.3515828440381825,1.6686939641438163,0.6400474669771244,5.3371843159878996,1.5662584986458938,1.6606952604267728,3.0568715673348255
D_W,dw,918,918,0.01,0.02,1024,1024,1024,1024,0,1024,0.5299121754017847,0.4572619507807304,0.4492086265341033,0.500417811077837,0.632630713186894,0.48678597217983327,0.5283806059339115,0.975054689616478,sample,57,0.5302947440100841,0.457327743591265,0.45016328280901363,0.4999027587940383,0.6336502173404008,0.48662163517687207,0.5281341080255118,0.9735821044101067,2.5072064072977964,2.331771193062373,1.6705637994974343,0.6479292816779354,5.329755015804864,1.5715239065230695,1.659182233883146,3.058598386881282
D_W,dw,918,918,0.01,0.02,1024,1024,1024,1024,0,1024,0.5299121754017847,0.4572619507807304,0.4492086265341033,0.500417811077837,0.632630713186894,0.48678597217983327,0.5283806059339115,0.975054689616478,sample,58,0.5301519197933675,0.45823944006423833,0.4489062194273418,0.5008061010865689,0.6329395751013016,0.48664773875344997,0.5275679275939207,0.9742999118166447,2.519069325685729,2.3521565483338587,1.6708973633330888,0.6445173587657176,5.337740482499949,1.5647327358244292,1.657403525598653,3.0608534453563543
D_W,dw,918,918,0.01,0.02,1024,1024,1024,1024,0,1024,0.5299121754017847,0.4572619507807304,0.4492086265341033,0.500417811077837,0.632630713186894,0.48678597217983327,0.5283806059339115,0.975054689616478,sample,59,0.5311333452120871,0.4574195077755616,0.44983266627360513,0.500099874118096,0.6331202732155548,0.4867444999483151,0.5281175451071731,0.9751910112667226,2.5138021482267887,2.3311212478860304,1.670044505105585,0.645326693130843,5.3437260014659556,1.5700460721796952,1.6591301999405712,3.063652916842337
D_W,dw,918,918,0.01,0.02,1024,1024,1024,1024,0,1024,0.5299121754017847,0.4572619507807304,0.4492086265341033,0.500417811077837,0.632630713186894,0.48678597217983327,0.5283806059339115,0.975054689616478,sample,60,0.5293777568627279,0.45415803302308905,0.4488271094622743,0.5004804738885141,0.6337665371332981,0.4880622113511631,0.5288414961192972,0.9751918616018252,2.5154314031846496,2.325200148706422,1.6598034183502575,0.6478369308790641,5.282303900252958,1.5672044582115572,1.6614045591218192,3.0636555882488485
D_W,dw,918,918,0.01,0.02,1024,1024,1024,1024,0,1024,0.5299121754017847,0.4572619507807304,0.4492086265341033,0.500417811077837,0.632630713186894,0.48678597217983327,0.5283806059339115,0.975054689616478,sample,61,0.5307094560181719,0.45661684465702684,0.4486095113752241,0.5020411867595947,0.6323377585922666,0.48705019712958975,0.5274936849378867,0.9758401440279937,2.5246818842625847,2.3393433821907106,1.6683284294968814,0.6415007513057681,5.328374582830449,1.5553734804584085,1.6571702854158739,3.0656922275563505
D_W,dw,918,918,0.01,0.02,1024,1024,1024,1024,0,1024,0.5299121754017847,0.4572619507807304,0.4492086265341033,0.500417811077837,0.632630713186894,0.48678597217983327,0.5283806059339115,0.975054689616478,sample,62,0.5294271730905707,0.45713022611401244,0.450195258678132,0.5012285551098599,0.6332042728184951,0.48604173264663275,0.5297534645779273,0.9759331259822979,2.503501260238804,2.334655097668005,1.675199314168808,0.6461014014221341,5.3139505617871725,1.5615734974531847,1.664269592531757,3.065984338980909
D_W,dw,918,918,0.01,0.02,1024,1024,1024,1024,0,1024,0.5299121754017847,0.4572619507807304,0.4492086265341033,0.500417811077837,0.632630713186894,0.48678597217983327,0.5283806059339115,0.975054689616478,sample,63,0.5323802418249503,0.45786670876980334,0.44908815345320663,0.5003646196286187,0.6332462421803589,0.48544904146482015,0.5299296890305786,0.9728514284539674,2.539255719208716,2.3347985074259783,1.6795684227291072,0.6465820880843112,5.367637385963502,1.568059899016096,1.6648232179775893,3.05630290066532
D_W,dw,918,918,0.01,0.02,1024,1024,1024,1024,0,1024,0.5299121754017847,0.4572619507807304,0.4492086265341033,0.500417811077837,0.632630713186894,0.48678597217983327,0.5283806059339115,0.975054689616478,sample,64,0.5290185689655569,0.4568585475977987,0.44980746082364953,0.5013115228246197,0.6312907554230286,0.4876066620850044,0.527380873007327,0.9748603673286719,2.4867619589357046,2.3385776913012237,1.6649088922702926,0.6361723865544384,5.3045140183229,1.5608072061005445,1.65681587628359,3.0626141682756027
D_W,dw,918,918,0.01,0.02,1024,1024,1024,1024,0,1024,0.5299121754017847,0.4572619507807304,0.4492086265341033,0.500417811077837,0.632630713186894,0.48678597217983327,0.5283806059339115,0.975054689616478,sample,65,0.5280977929687567,0.45507127708475453,0.44842865523488556,0.498058549706764,0.6296802365855877,0.48501909348786587,0.5274312292082493,0.9752774570528823,2.4954357177182707,2.342615534216552,1.6857956313135483,0.6297865630673678,5.271265799164109,1.5857662660581204,1.6569740749544701,3.0639244942890698
D_W,dw,918,918,0.01,0.02,1024,1024,1024,1024,0,1024,0.5299121754017847,0.4572619507807304,0.4492086265341033,0.500417811077837,0.632630713186894,0.48678597217983327,0.5283806059339115,0.975054689616478,sample,66,0.529645548847586,0.45481833552364176,0.450051956513787,0.49702341128946004,0.6328309652379496,0.4849715642781753,0.5283074986107953,0.9726271826570301,2.5023622929555422,2.316871369214393,1.683428764409256,0.6450030582534308,5.29306923978327,1.5932014235099505,1.6597269564720742,3.0555984117170634
D_W,dw,918,918,0.01,0.02,1024,1024,1024,1024,0,1024,0.5299121754017847,0.4572619507807304,0.4492086265341033,0.500417811077837,0.632630713186894,0.48678597217983327,0.5283806059339115,0.975054689616478,sample,67,0.5285207050066223,0.45587331218744986,0.4527749226209299,0.4981318830915293,0.6332366755903537,0.48705306921676267,0.5297858143197371,0.9760252318364632,2.4547230362092263,2.3029574947813565,1.6676551619877371,0.6458024738062662,5.286184749347951,1.5848164492362817,1.6643712222429725,3.0662736980557073
D_W,dw,918,918,0.01,0.02,1024,1024,1024,1024,0,1024,0.5299121754017847,0.4572619507807304,0.4492086265341033,0.500417811077837,0.632630713186894,0.48678597217983327,0.5283806059339115,0.975054689616478,sample,68,0.5282554179094614,0.4577607776928203,0.44710203270578336,0.4996907093202555,0.6332777714652194,0.4879188348865919,0.52760058938567,0.9770609792744894,2.5236940169880393,2.376241284667542,1.6611955391409772,0.6455482189992338,5.301962348704201,1.5731169697732996,1.6575061356436658,3.069527594597985
D_W,dw,918,918,0.01,0.02,1024,1024,1024,1024,0,1024,0.5299121754017847,0.4572619507807304,0.4492086265341033,0.500417811077837,0.632630713186894,0.48678597217983327,0.5283806059339115,0.975054689616478,sample,69,0.5284364798873721,0.4584256632651418,0.4507120708064157,0.5016091679082396,0.6335872136600997,0.4870664742361571,0.5296353264634258,0.9768513115427077,2.4884903912648513,2.3453447550011295,1.6673056455894921,0.6474629287219384,5.312289778739439,1.5587510865368712,1.6638984506991303,3.068868903992125
D_W,dw,918,918,0.01,0.02,1024,1024,1024,1024,0,1024,0.5299121754017847,0.4572619507807304,0.4492086265341033,0.500417811077837,0.632630713186894,0.48678597217983327,0.5283806059339115,0.975054689616478,sample,70,0.530606790911066,0.4569141489524086,0.4473924811104092,0.49786670703436847,0.630465015056737,0.4860238127092876,0.5281572328076409,0.9740091931788671,2.5235054653369082,2.353891256987852,1.6775011177937091,0.633026786424541,5.330039202280453,1.587146325826711,1.6592548825287987,3.059940125819651
D_W,dw,918,918,0.01,0.02,1024,1024,1024,1024,0,1024,0.5299121754017847,0.4572619507807304,0.4492086265341033,0.500417811077837,0.632630713186894,0.48678597217983327,0.5283806059339115,0.975054689616478,sample,71,0.530594302374753,0.4567141110670739,0.4500414508962233,0.5001904027461376,0.6325291713673886,0.48663285081005064,0.5280296320769328,0.9754744050477736,2.50464731375327,2.326602176898979,1.6713182080998032,0.642543707569912,5.327661613293358,1.569359642228231,1.6588540130106133,3.06454322466296
D_W,dw,918,918,0.01,0.02,1024,1024,1024,1024,0,1024,0.5299121754017847,0.4572619507807304,0.4492086265341033,0.500417811077837,0.632630713186894,0.48678597217983327,0.5283806059339115,0.975054689616478,sample,72,0.5296793396262816,0.45801467609748997,0.44856734576766216,0.5004630747412214,0.6326124116310446,0.48644678372079253,0.5286538466987971,0.9768722575335033,2.5182776461177774,2.3563540018180076,1.6726438027553703,0.6430370795400197,5.327729458203175,1.5673043998074543,1.6608150410809257,3.06893470776293
D_W,dw,918,918,0.01,0.02,1024,1024,1024,1024,0,1024,0.5299121754017847,0.4572619507807304,0.4492086265341033,0.500417811077837,0.632630713186894,0.48678597217983327,0.5283806059339115,0.975054689616478,sample,73,0.5303146427562496,0.4570368055222174,0.44799955007196135,0.4993238177873376,0.6329524361406557,0.4861921296201384,0.5290001024687288,0.9751912566983181,2.5312576052138476,2.3506386615481367,1.6742797152092184,0.6447989323284566,5.326860544589525,1.5758821785646164,1.661902835664006,3.063653687888434
D_W,dw,918,918,0.01,0.02,1024,1024,1024,1024,0,1024,0.5299121754017847,0.4572619507807304,0.4492086265341033,0.500417811077837,0.632630713186894,0.48678597217983327,0.5283806059339115,0.975054689616478,sample,74,0.5303462983563969,0.4572972243166278,0.446664678420204,0.49951479375150754,0.6314632963531548,0.485052973662275,0.5278786670923894,0.975062949267448,2.5449434300271783,2.3651617085191163,1.6840067367202551,0.6382478668967443,5.3302202136899135,1.574487121555076,1.6583797425242226,3.0632505982062117
D_W,dw,918,918,0.01,0.02,1024,1024,1024,1024,0,1024,0.5299121754017847,0.4572619507807304,0.4492086265341033,0.500417811077837,0.632630713186894,0.48678597217983327,0.5283806059339115,0.975054689616478,sample,75,0.5293926314671903,0.4559349378064389,0.4495876995994221,0.500764078773173,0.635128259935049,0.4858202662530344,0.5275445273280177,0.9750150967387493,2.523712497867252,2.3314739596058103,1.675347398019777,0.6554263946715936,5.300641714317717,1.5651419164562306,1.6573300114952003,3.0631002650535963
D_W,dw,918,918,0.01,0.02,1024,1024,1024,1024,0,1024,0.5299121754017847,0.4572619507807304,0.4492086265341033,0.500417811077837,0.632630713186894,0.48678597217983327,0.5283806059339115,0.975054689616478,sample,76,0.5288810641885582,0.457461337113019,0.4490370298495072,0.5008868707688322,0.6324108227736309,0.48747585226385326,0.5279093423026585,0.9743097400378888,2.5020188779349746,2.3517648899091657,1.665099190320139,0.641593615729721,5.308838263491331,1.5640985547510657,1.6584761115394513,3.060884321624013
D_W,dw,918,918,0.01,0.02,1024,1024,1024,1024,0,1024,0.5299121754017847,0.4572619507807304,0.4492086265341033,0.500417811077837,0.632630713186894,0.48678597217983327,0.5283806059339115,0.975054689616478,sample,77,0.530046782744529,0.45736890505758815,0.4485250784033944,0.5006950317832695,0.6320064228983572,0.4863724049897531,0.5290851014792552,0.9756644193987013,2.5186414129958923,2.34962508879589,1.673664837235077,0.6401707481653437,5.3263352275424305,1.5655312393420413,1.6621698679310384,3.065140172351911
D_W,dw,918,918,0.01,0.02,1024,1024,1024,1024,0,1024,0.5299121754017847,0.4572619507807304,0.4492086265341033,0.500417811077837,0.632630713186894,0.48678597217983327,0.5283806059339115,0.975054689616478,sample,78,0.5313294979533801,0.4582687708367888,0.4493938767311989,0.5000633399753606,0.633144143077964,0.48554483132706056,0.5285588543721316,0.9758989246361808,2.525905179867434,2.340857790371619,1.6789405591757882,0.6460401345643497,5.356366508976549,1.570320601996809,1.6605166138853258,3.0658768922832045
D_W,dw,918,918,0.01,0.02,1024,1024,1024,1024,0,1024,0.5299121754017847,0.4572619507807304,0.4492086265341033,0.500417811077837,0.632630713186894,0.48678597217983327,0.5283806059339115,0.975054689616478,sample,79,0.5292456365641584,0.45628304643662915,0.44845034610403084,0.5018069723754088,0.6344870349266926,0.48423028684749203,0.5272851877565411,0.9744154332117023,2.5425404124086697,2.346135223298015,1.6875111051572966,0.6532467417693479,5.301989342309017,1.5573611012179722,1.6565152722026641,3.0612163665224
D_W,dw,918,918,0.01,0.02,1024,1024,1024,1024,0,1024,0.5299121754017847,0.4572619507807304,0.4492086265341033,0.500417811077837,0.632630713186894,0.48678597217983327,0.5283806059339115,0.975054689616478,sample,80,0.5306131594067208,0.45720111413042486,0.4493882235747172,0.5016391718525981,0.6320925735493858,0.4861582538322967,0.5273978865177525,0.9747996269857154,2.5153756508443683,2.3367392742890445,1.6751955334400828,0.640730977741398,5.333296107362457,1.5583876979242186,1.6568693258029548,3.062423346860394
D_W,dw,918,918,0.01,0.02,1024,1024,1024,1024,0,1024,0.5299121754017847,0.4572619507807304,0.4492086265341033,0.500417811077837,0.632630713186894,0.48678597217983327,0.5283806059339115,0.975054689616478,sample,81,0.5312149944397181,0.45730427671181806,0.4493651044498116,0.4992802280981908,0.634051990865991,0.48760577825399065,0.5283989466024821,0.9755258880543344,2.52057166379105,2.334419317963041,1.6629912063186667,0.6494126146738233,5.34368626280788,1.5761656240376563,1.660014248810943,3.064704963298156
D_W,dw,918,918,0.01,0.02,1024,1024,1024,1024,0,1024,0.5299121754017847,0.4572619507807304,0.4492086265341033,0.500417811077837,0.632630713186894,0.48678597217983327,0.5283806059339115,0.975054689616478,sample,82,0.5289867771211678,0.4577414781906455,0.4490972784666738,0.501165111013665,0.6333107158070875,0.48702610244624095,0.5278424720902609,0.9745547653159514,2.5102003755560904,2.352846931689783,1.6678078674541488,0.6461321140023916,5.313615708205066,1.5620567341631433,1.6582660325714391,3.061654091237518
D_W,dw,918,918,0.01,0.02,1024,1024,1024,1024,0,1024,0.5299121754017847,0.4572619507807304,0.4492086265341033,0.500417811077837,0.632630713186894,0.48678597217983327,0.5283806059339115,0.975054689616478,sample,83,0.5298203952100667,0.4557369257642328,0.4490169670153404,0.49897161825786207,0.6332646256089411,0.48707230130784857,0.5271085251445414,0.9750499607184963,2.5128681023192834,2.333314102204367,1.6674986041322688,0.6458838789523501,5.3052506481944155,1.5785130132368022,1.655960270238642,3.0632097934762443
D_W,dw,918,918,0.01,0.02,1024,1024,1024,1024,0,1024,0.5299121754017847,0.4572619507807304,0.4492086265341033,0.500417811077837,0.632630713186894,0.48678597217983327,0.5283806059339115,0.975054689616478,sample,84,0.5288734564812838,0.45474955583288174,0.4493690524285514,0.500404821576468,0.6323997161699582,0.48463604911036656,0.5285993293735322,0.9762161761311267,2.511727262468366,2.3269951928024235,1.6863212673948433,0.6429636864547413,5.280339728794521,1.5677387649914314,1.66064376985238,3.066873567249067
D_W,dw,918,918,0.01,0.02,1024,1024,1024,1024,0,1024,0.5299121754017847,0.4572619507807304,0.4492086265341033,0.500417811077837,0.632630713186894,0.48678597217983327,0.5283806059339115,0.975054689616478,sample,85,0.5295287977717481,0.4569666487574934,0.4476554969850187,0.500352606124057,0.6320966722271681,0.4861533338359425,0.5284901320877373,0.974677302149166,2.5273270405545563,2.357670377123758,1.6752367684080902,0.6407065813359186,5.313782164853303,1.5681270295245364,1.6603007164615349,3.062039052052539
D_W,dw,918,918,0.01,0.02,1024,1024,1024,1024,0,1024,0.5299121754017847,0.4572619507807304,0.4492086265341033,0.500417811077837,0.632630713186894,0.48678597217983327,0.5283806059339115,0.975054689616478,sample,86,0.5308386799618985,0.45618568105040674,0.4489448955782309,0.5002637261788734,0.6331198225218767,0.48772630136543754,0.5276943116277398,0.974864834254452,2.519488532365565,2.3320771853594904,1.6627365926204996,0.644873550446663,5.325693732634889,1.5688152106181235,1.6578005727508305,3.0626282015368176
D_W,dw,918,918,0.01,0.02,1024,1024,1024,1024,0,1024,0.5299121754017847,0.4572619507807304,0.4492086265341033,0.500417811077837,0.632630713186894,0.48678597217983327,0.5283806059339115,0.975054689616478,sample,87,0.5291152929167209,0.45640592546882924,0.4503890317449981,0.4996758383710192,0.6351185678637825,0.4878088228413497,0.5284393502163941,0.9736273351930286,2.50009474736799,2.328644184838139,1.6607781973045364,0.6544397761269277,5.301226075793873,1.573195412369806,1.6601411805075876,3.0587404835766256
D_W,dw,918,918,0.01,0.02,1024,1024,1024,1024,0,1024,0.5299121754017847,0.4572619507807304,0.4492086265341033,0.500417811077837,0.632630713186894,0.48678597217983327,0.5283806059339115,0.975054689616478,sample,88,0.5291102171513284,0.4586552267445528,0.44877356171850674,0.5013492612909016,0.632223133243906,0.48811475900628387,0.5290084610853769,0.975222915260508,2.503475797424124,2.362694741034237,1.6604385175052667,0.6404277973613672,5.3258510138513655,1.5605922541207753,1.6619290950326622,3.0637531461948333
D_W,dw,918,918,0.01,0.02,1024,1024,1024,1024,0,1024,0.5299121754017847,0.4572619507807304,0.4492086265341033,0.500417811077837,0.632630713186894,0.48678597217983327,0.5283806059339115,0.975054689616478,sample,89,0.5304966893500119,0.45714364659347423,0.44919097784062473,0.49914960262881025,0.6334880786357346,0.485502019158543,0.529323497568417,0.9754635279734017,2.5234293204998943,2.3388809196412303,1.6789789066560634,0.6477247409842412,5.330859505015427,1.5771668272611497,1.6629188113333937,3.0645090533260206
D_W,dw,918,918,0.01,0.02,1024,1024,1024,1024,0,1024,0.5299121754017847,0.4572619507807304,0.4492086265341033,0.500417811077837,0.632630713186894,0.48678597217983327,0.5283806059339115,0.975054689616478,sample,90,0.530557088202614,0.4561902917206703,0.4497674319284383,0.5000482550252147,0.6318682472850543,0.4838938884785969,0.5273108770260662,0.9756117339589037,2.5163607226580966,2.325511675171297,1.6923322654113695,0.640838376098063,5.321432306052817,1.5704303931903008,1.6565959774230803,3.0649746561612914
D_W,dw,918,918,0.01,0.02,1024,1024,1024,1024,0,1024,0.5299121754017847,0.4572619507807304,0.4492086265341033,0.500417811077837,0.632630713186894,0.48678597217983327,0.5283806059339115,0.975054689616478,sample,91,0.5300402762017505,0.4577986844808132,0.4505010680469966,0.49918980348427316,0.632574724759385,0.4871641106306219,0.5282815153273992,0.9733806010396797,2.4902146236344422,2.3334707486650457,1.6673137258421729,0.6425215425351041,5.33101228520899,1.5769074949018216,1.659645327579841,3.0579653453730753
D_W,dw,918,918,0.01,0.02,1024,1024,1024,1024,0,1024,0.5299121754017847,0.4572619507807304,0.4492086265341033,0.500417811077837,0.632630713186894,0.48678597217983327,0.5283806059339115,0.975054689616478,sample,92,0.5295710809669607,0.45707336179610053,0.44954298751647426,0.49970173127279066,0.6322457779422531,0.48635099962672695,0.5275287986576247,0.974013880577166,2.5020464141315526,2.339923977537461,1.673641270687258,0.6413226925089262,5.315609304877128,1.5730517350665192,1.6572805984198429,3.0599548517157107
D_W,dw,918,918,0.01,0.02,1024,1024,1024,1024,0,1024,0.5299121754017847,0.4572619507807304,0.4492086265341033,0.500417811077837,0.632630713186894,0.48678597217983327,0.5283806059339115,0.975054689616478,sample,93,0.5299438727652205,0.45771247856242864,0.4495049089005618,0.4985429056768647,0.6305794361069046,0.4864346649278055,0.5281014702840273,0.9731566907326071,2.4915102956082014,2.3432870910129506,1.6743043024469644,0.6333230987578605,5.3285317666380205,1.5819545450704908,1.6590796993942687,3.0572619103973127
D_W,dw,918,918,0.01,0.02,1024,1024,1024,1024,0,1024,0.5299121754017847,0.4572619507807304,0.4492086265341033,0.500417811077837,0.632630713186894,0.48678597217983327,0.5283806059339115,0.975054689616478,sample,94,0.5301489461183997,0.4574395209768285,0.4506153796354622,0.49918862344059917,0.6337490118964827,0.4873577783357946,0.5282135510603401,0.973956183125129,2.496281199115438,2.3288983198108513,1.665036584975231,0.6480713326179464,5.328716272374026,1.576862663995187,1.6594318115377413,3.0597735898242604
D_W,dw,918,918,0.01,0.02,1024,1024,1024,1024,0,1024,0.5299121754017847,0.4572619507807304,0.4492086265341033,0.500417811077837,0.632630713186894,0.48678597217983327,0.5283806059339115,0.975054689616478,sample,95,0.5287240034873311,0.4545858410558835,0.4506471167364251,0.5008400853471985,0.6314358120675527,0.4872932882677641,0.5298450701909305,0.9745886051862809,2.4772905126398883,2.3137059938052067,1.6671710368098,0.6369941410241263,5.276356274315374,1.5644048122268197,1.6645573800525957,3.061760402325543
D_W,dw,918,918,0.01,0.02,1024,1024,1024,1024,0,1024,0.5299121754017847,0.4572619507807304,0.4492086265341033,0.500417811077837,0.632630713186894,0.48678597217983327,0.5283806059339115,0.975054689616478,sample,96,0.5290258328505071,0.4581919127870426,0.4500858602460833,0.5013756282722964,0.632764679778044,0.4850447642033542,0.529600854654776,0.975621731120896,2.503806326002511,2.346453912741147,1.6829621951523994,0.6445200362060407,5.319254623005399,1.560435295161852,1.6637901543183202,3.065006063171963
D_W,dw,918,918,0.01,0.02,1024,1024,1024,1024,0,1024,0.5299121754017847,0.4572619507807304,0.4492086265341033,0.500417811077837,0.632630713186894,0.48678597217983327,0.5283806059339115,0.975054689616478,sample,97,0.5265513643107387,0.45688456035278174,0.4503890129973649,0.5021110976391424,0.6328772951119563,0.48695314239527837,0.5283281904893126,0.9759553828318189,2.47757870317823,2.345978589612022,1.6686575962253438,0.6441415813097862,5.264359935456904,1.5549100910007772,1.6597919619256132,3.0660542609358563
D_W,dw,918,918,0.01,0.02,1024,1024,1024,1024,0,1024,0.5299121754017847,0.4572619507807304,0.4492086265341033,0.500417811077837,0.632630713186894,0.48678597217983327,0.5283806059339115,0.975054689616478,sample,98,0.5283958285599339,0.4570238271502698,0.4505868133657498,0.5001542644660393,0.6297710459389458,0.4852877852580643,0.5275354068680234,0.974451414136823,2.47120409934044,2.335421675489962,1.6836847957554328,0.6300052002139903,5.296273260800479,1.5696075840190415,1.6573013587250847,3.061329403932428
D_W,dw,918,918,0.01,0.02,1024,1024,1024,1024,0,1024,0.5299121754017847,0.4572619507807304,0.4492086265341033,0.500417811077837,0.632630713186894,0.48678597217983327,0.5283806059339115,0.975054689616478,sample,99,0.530590520672376,0.45637857070457105,0.44931615302420097,0.5006345309267706,0.6328058972540601,0.48760465112110635,0.5277235047368782,0.9750793065960178,2.5123038622008376,2.3312411250981957,1.6638599832811887,0.6434259301752572,5.323968643984319,1.5660184809946298,1.6578922856080351,3.063301986269479
D_W,dw,918,918,0.01,0.02,1024,1024,1024,1024,0,1024,0.5299121754017847,0.4572619507807304,0.4492086265341033,0.500417811077837,0.632630713186894,0.48678597217983327,0.5283806059339115,0.975054689616478,sample,100,0.5295050725798415,0.45862333100474595,0.4491716265583686,0.501011320253348,0.6319789828179099,0.48751132274267184,0.5286821898103822,0.9770887858228692,2.50155963644941,2.35628600035972,1.665138907122821,0.639507978206991,5.331842796095435,1.5631337396285645,1.6609040835920612,3.0696149514460966
D_W,dw,918,918,0.01,0.02,1024,1024,1024,1024,0,1024,0.5299121754017847,0.4572619507807304,0.4492086265341033,0.500417811077837,0.632630713186894,0.48678597217983327,0.5283806059339115,0.975054689616478,sample,101,0.5287252874903435,0.4575866697756698,0.4500274131694565,0.5002838997576694,0.6329385918140467,0.486202704638271,0.5286454698244911,0.9738710487700505,2.4962005721232288,2.3438161455881077,1.6742128103174416,0.6447204430755389,5.307696656705543,1.568660759370823,1.660788724354146,3.0595061323597776
D_W,dw,918,918,0.01,0.02,1024,1024,1024,1024,0,1024,0.5299121754017847,0.4572619507807304,0.4492086265341033,0.500417811077837,0.632630713186894,0.48678597217983327,0.5283806059339115,0.975054689616478,sample,102,0.5289195416613469,0.45780266571839817,0.44953875039849417,0.5012804083428984,0.6333741163699699,0.4873571348397124,0.5298498882142969,0.9746599284826102,2.503287769855694,2.3493558887484536,1.6653020900619013,0.6462889325498825,5.313208441571154,1.5611964955477025,1.6645725163194083,3.061984471069321
D_W,dw,918,918,0.01,0.02,1024,1024,1024,1024,0,1024,0.5299121754017847,0.4572619507807304,0.4492086265341033,0.500417811077837,0.632630713186894,0.48678597217983327,0.5283806059339115,0.975054689616478,sample,103,0.5299425444634924,0.4570255050949907,0.44805142813769344,0.4996187919455001,0.6334086644151338,0.4866095934072156,0.5270101801461731,0.9744390801759693,2.5296156785210466,2.352086678396915,1.6708322247619072,0.646778116680262,5.320931425121827,1.5736537650179332,1.6556513103142507,3.0612906556516206
D_W,dw,918,918,0.01,0.02,1024,1024,1024,1024,0,1024,0.5299121754017847,0.4572619507807304,0.4492086265341033,0.500417811077837,0.632630713186894,0.48678597217983327,0.5283806059339115,0.975054689616478,sample,104,0.5299772314111093,0.4576941299983905,0.44937256398544323,0.5001842719137098,0.6320572349503257,0.48694849632047266,0.5291640557394325,0.976164188090876,2.503837361504277,2.3442651121317923,1.6693084878639548,0.6401271082534215,5.328852325336573,1.5694009333946097,1.662417910054781,3.066710242003741
D_W,dw,918,918,0.01,0.02,1024,1024,1024,1024,0,1024,0.5299121754017847,0.4572619507807304,0.4492086265341033,0.500417811077837,0.632630713186894,0.48678597217983327,0.5283806059339115,0.975054689616478,sample,105,0.5275620213984904,0.4571481421402223,0.44906905746282644,0.5019696005739878,0.6328093069632985,0.4894153532589438,0.5283924967964333,0.975162138923323,2.4890320570914275,2.356003172922206,1.6503175975403654,0.6427524124023438,5.283964175539482,1.5559671236183794,1.6599939861476432,3.063562211700421
D_W,dw,918,918,0.01,0.02,1024,1024,1024,1024,0,1024,0.5299121754017847,0.4572619507807304,0.4492086265341033,0.500417811077837,0.632630713186894,0.48678597217983327,0.5283806059339115,0.975054689616478,sample,106,0.5299213501912611,0.4576696482777374,0.4495095401484525,0.500368832644108,0.6324987030014377,0.4865967808895059,0.5271496032421291,0.9755459024496543,2.5065064548077878,2.3430294899022766,1.671610361360622,0.6424167707194294,5.327699703240872,1.5680126641394505,1.656089320888247,3.064767840375459
D_W,dw,918,918,0.01,0.02,1024,1024,1024,1024,0,1024,0.5299121754017847,0.4572619507807304,0.4492086265341033,0.500417811077837,0.632630713186894,0.48678597217983327,0.5283806059339115,0.975054689616478,sample,107,0.530383184906297,0.4568875963737871,0.44845468673189487,0.49851858021206674,0.6317180574851577,0.4870190752127245,0.5282481690382362,0.9766228937620154,2.5128121154071237,2.3447112228963434,1.6690237868785038,0.6385048164360576,5.326291391951077,1.582042752364786,1.659540567122782,3.0681513083703527
D_W,dw,918,918,0.01,0.02,1024,1024,1024,1024,0,1024,0.5299121754017847,0.4572619507807304,0.4492086265341033,0.500417811077837,0.632630713186894,0.48678597217983327,0.5283806059339115,0.975054689616478,sample,108,0.5307405222479817,0.4574746630889549,0.4493219038318741,0.4997350925809582,0.6312602874837919,0.48641178852077216,0.5294812800372342,0.9748099230306345,2.506390903347055,2.3387984016383077,1.6739497953257791,0.6365635578660893,5.33830319232431,1.5728145081082165,1.663414499578295,3.0624556928394733
D_W,dw,918,918,0.01,0.02,1024,1024,1024,1024,0,1024,0.5299121754017847,0.4572619507807304,0.4492086265341033,0.500417811077837,0.632630713186894,0.48678597217983327,0.5283806059339115,0.975054689616478,sample,109,0.5298510897475761,0.45680311592790945,0.44828604703245417,0.4983480206997776,0.6330318497420655,0.485825812307395,0.5284253510400478,0.9766916996915601,2.524762336701965,2.348578704879663,1.6769350669156524,0.6454057332918235,5.317081110498471,1.583213611805154,1.660097200798022,3.0683674685731335
D_W,dw,918,918,0.01,0.02,1024,1024,1024,1024,0,1024,0.5299121754017847,0.4572619507807304,0.4492086265341033,0.500417811077837,0.632630713186894,0.48678597217983327,0.5283806059339115,0.975054689616478,sample,110,0.5292025852794808,0.4569541529521419,0.4484072117588579,0.5003203972475859,0.6343377552603296,0.48698917872459996,0.5293103529930321,0.9757527428900562,2.525665938524873,2.3521031810745723,1.6673464779512746,0.6510578042105162,5.308475229019329,1.5684113186528188,1.6628775164319298,3.065417648783491
D_W,dw,918,918,0.01,0.02,1024,1024,1024,1024,0,1024,0.5299121754017847,0.4572619507807304,0.4492086265341033,0.500417811077837,0.632630713186894,0.48678597217983327,0.5283806059339115,0.975054689616478,sample,111,0.5329128253799372,0.4595867836570487,0.44839594885071016,0.5008793014089377,0.6319642809812809,0.4860375215132486,0.5283944147972872,0.9734390145687037,2.5418459290490327,2.3512214153312043,1.6762067997175847,0.6401417653535068,5.395853434852685,1.564133248045927,1.6600000117250353,3.0581488568867274
D_W,dw,918,918,0.01,0.02,1024,1024,1024,1024,0,1024,0.5299121754017847,0.4572619507807304,0.4492086265341033,0.500417811077837,0.632630713186894,0.48678597217983327,0.5283806059339115,0.975054689616478,sample,112,0.5302907248610447,0.4584774956189625,0.4499836548155417,0.5022961947583877,0.6326663458993741,0.48625259188246184,0.5287668965934056,0.9731201009763812,2.509792443381142,2.3425816921695275,1.6740363733839636,0.6434832385882946,5.342641391122412,1.5534900122586417,1.6611701977993167,3.057146960287957
D_W,dw,918,918,0.01,0.02,1024,1024,1024,1024,0,1024,0.5299121754017847,0.4572619507807304,0.4492086265341033,0.500417811077837,0.632630713186894,0.48678597217983327,0.5283806059339115,0.975054689616478,sample,113,0.530370477550785,0.4576378428512574,0.4497345198644938,0.49977514267679707,0.6331226921603134,0.4863568084786899,0.5274662548443569,0.9747795813750756,2.5105849478717746,2.3380443770041444,1.6729254561510516,0.645527020466718,5.3343837343300144,1.572485423565034,1.6570841112355534,3.0623603717172716
D_W,dw,918,918,0.01,0.02,1024,1024,1024,1024,0,1024,0.5299121754017847,0.4572619507807304,0.4492086265341033,0.500417811077837,0.632630713186894,0.48678597217983327,0.5283806059339115,0.975054689616478,sample,114,0.5303188006105026,0.45737246526587244,0.446531248537809,0.5019403361339931,0.6341560383955762,0.48762563606473225,0.528927797000266,0.9746355606752499,2.556633960346317,2.367148508053685,1.6627650929336921,0.6499617038725226,5.330624922234762,1.5563340567632908,1.6616756813354692,3.061907917344734
D_W,dw,918,918,0.01,0.02,1024,1024,1024,1024,0,1024,0.5299121754017847,0.4572619507807304,0.4492086265341033,0.500417811077837,0.632630713186894,0.48678597217983327,0.5283806059339115,0.975054689616478,sample,115,0.5270662402852884,0.4547685912369372,0.4476514453134027,0.49960305138377187,0.6386620899151948,0.4878575120835002,0.52839880161418,0.9776402299733779,2.5446924250187557,2.352743504508419,1.6581420685529753,0.6714460929458433,5.251627358530161,1.5736590236728578,1.6600137933167582,3.0713473643382
D_W,dw,918,918,0.01,0.02,1024,1024,1024,1024,0,1024,0.5299121754017847,0.4572619507807304,0.4492086265341033,0.500417811077837,0.632630713186894,0.48678597217983327,0.5283806059339115,0.975054689616478,sample,116,0.5291119016614507,0.45732618285680876,0.44897853435493745,0.5001878060013077,0.6336874305308784,0.48730324894193827,0.5270354479922983,0.9756455037325109,2.511784625156817,2.3499945339925383,1.6654856269746539,0.6477892243241866,5.311065655579842,1.5693915135150178,1.6557306915940098,3.0650807470339694
D_W,dw,918,918,0.01,0.02,1024,1024,1024,1024,0,1024,0.5299121754017847,0.4572619507807304,0.4492086265341033,0.500417811077837,0.632630713186894,0.48678597217983327,0.5283806059339115,0.975054689616478,sample,117,0.5282214324443507,0.4562386878138192,0.450286671601547,0.5001747263760872,0.6321222495698428,0.4861026088808007,0.5287724679392508,0.9775499349022573,2.4853241957726184,2.333024851167706,1.6755967132090313,0.6408531370714798,5.285166766989896,1.569473867672406,1.6611877006984948,3.071063694006112
D_W,dw,918,918,0.01,0.02,1024,1024,1024,1024,0,1024,0.5299121754017847,0.4572619507807304,0.4492086265341033,0.500417811077837,0.632630713186894,0.48678597217983327,0.5283806059339115,0.975054689616478,sample,118,0.5304858915004868,0.45808623611550386,0.45067663735348756,0.5000076474003845,0.6330574989698841,0.4857830897076815,0.5279717102218513,0.975606606165943,2.502123167087192,2.3314371892479975,1.6772403504743945,0.6455014305218613,5.341234484466129,1.5707388523914598,1.6586720461362072,3.064958546724597
D_W,dw,918,918,0.01,0.02,1024,1024,1024,1024,0,1024,0.5299121754017847,0.4572619507807304,0.4492086265341033,0.500417811077837,0.632630713186894,0.48678597217983327,0.5283806059339115,0.975054689616478,sample,119,0.528614507790364,0.45644828322752573,0.4489156486663789,0.49858971863871193,0.6326955187057485,0.4850941563724772,0.5285786125956584,0.9748080261801583,2.510441253336445,2.34624753415207,1.6826523072729838,0.6441636345155282,5.293685902890233,1.5814238768431939,1.6605786861752057,3.062449733707952
D_W,dw,918,918,0.01,0.02,1024,1024,1024,1024,0,1024,0.5299121754017847,0.4572619507807304,0.4492086265341033,0.500417811077837,0.632630713186894,0.48678597217983327,0.5283806059339115,0.975054689616478,sample,120,0.5310383626402376,0.45706216773113056,0.4512546872610705,0.4995286930969376,0.6326073099951693,0.4862972608133016,0.5286528161291979,0.97350055633712,2.493040375507943,2.314575929396526,1.6737634420165017,0.6430864730596615,5.3382979551759595,1.5743504665974144,1.6608118034510437,3.0583421960542725
D_W,dw,918,918,0.01,0.02,1024,1024,1024,1024,0,1024,0.5299121754017847,0.4572619507807304,0.4492086265341033,0.500417811077837,0.632630713186894,0.48678597217983327,0.5283806059339115,0.975054689616478,sample,121,0.5293532617431569,0.4572014439522132,0.4504257810733886,0.5008437076979122,0.6309363765387348,0.486149025900997,0.5278468964165745,0.9738102150263995,2.484436961530319,2.3333045082313713,1.6761862034060018,0.6351532353220675,5.3135530061131995,1.5643527696763253,1.6582799320024828,3.0593150175176334
D_W,dw,918,918,0.01,0.02,1024,1024,1024,1024,0,1024,0.5299121754017847,0.4572619507807304,0.4492086265341033,0.500417811077837,0.632630713186894,0.48678597217983327,0.5283806059339115,0.975054689616478,sample,122,0.5301342283069274,0.4578011241026593,0.4493282565686978,0.5001297112014218,0.6328802443313549,0.48762326016218493,0.5272735635766576,0.9755415154040574,2.507519105098427,2.3446655900396696,1.6636703877523067,0.6437677096825081,5.332515655678367,1.5698201759692025,1.656478753764538,3.064754058065241
D_W,dw,918,918,0.01,0.02,1024,1024,1024,1024,0,1024,0.5299121754017847,0.4572619507807304,0.4492086265341033,0.500417811077837,0.632630713186894,0.48678597217983327,0.5283806059339115,0.975054689616478,sample,123,0.5286212943959059,0.45730311641734916,0.44997008941281375,0.5000645922128448,0.6327372670454442,0.48749774349022296,0.527550476151965,0.9750386043541392,2.4887165827619837,2.342664641842306,1.664707254179061,0.6431372515973326,5.3029281770188135,1.570309709816981,1.6573487002768108,3.063174116405409
D_W,dw,918,918,0.01,0.02,1024,1024,1024,1024,0,1024,0.5299121754017847,0.4572619507807304,0.4492086265341033,0.500417811077837,0.632630713186894,0.48678597217983327,0.5283806059339115,0.975054689616478,sample,124,0.5306308018005045,0.45659242834839053,0.4492047919356306,0.5013591600805157,0.6315445890550797,0.48778568180606097,0.5282567672022351,0.9758687985509236,2.5067990619966807,2.333761707290844,1.6633789993847092,0.6373132758841035,5.326900661876626,1.560464379833921,1.6595675790516355,3.065782248395079
D_W,dw,918,918,0.01,0.02,1024,1024,1024,1024,0,1024,0.5299121754017847,0.4572619507807304,0.4492086265341033,0.500417811077837,0.632630713186894,0.48678597217983327,0.5283806059339115,0.975054689616478,sample,125,0.5287766750617611,0.45646141450898253,0.4508083497856489,0.49958162308562964,0.6368247396195733,0.48879704622838366,0.5284123950728388,0.975379716149491,2.498876759503945,2.3266365373510296,1.652491837619177,0.6622323506212298,5.2964209966032865,1.5738540750618832,1.6600564984266177,3.0642457507157386
D_W,dw,918,918,0.01,0.02,1024,1024,1024,1024,0,1024,0.5299121754017847,0.4572619507807304,0.4492086265341033,0.500417811077837,0.632630713186894,0.48678597217983327,0.5283806059339115,0.975054689616478,sample,126,0.5276268085306146,0.45626811477242984,0.4497684755838749,0.5022712923737532,0.633177066920578,0.48542039946375887,0.5290550818227542,0.9772032815587883,2.5021332888794374,2.341524708358621,1.6798216766316871,0.6463558666813553,5.275814271771399,1.553743299170072,1.6620755583987115,3.0699746504089274
D_W,dw,918,918,0.01,0.02,1024,1024,1024,1024,0,1024,0.5299121754017847,0.4572619507807304,0.4492086265341033,0.500417811077837,0.632630713186894,0.48678597217983327,0.5283806059339115,0.975054689616478,sample,127,0.5295544085244512,0.45644125047510314,0.45009797473921564,0.5009140116721189,0.6309354409365567,0.48687985539677925,0.5295275874937017,0.975529223958915,2.4872922808046023,2.3295126140810023,1.6706637041709165,0.6347898362937542,5.3085360200677805,1.5638158116672078,1.6635599787433395,3.064715443351479
D_W,dw,918,918,0.01,0.02,1024,1024,1024,1024,0,1024,0.5299121754017847,0.4572619507807304,0.4492086265341033,0.500417811077837,0.632630713186894,0.48678597217983327,0.5283806059339115,0.975054689616478,sample,128,0.5284699308510472,0.45939831666305675,0.44934691071414135,0.49937275679121207,0.6300584698565582,0.4854291757537772,0.5272070307050724,0.9779984845007812,2.486050069675184,2.3668128708901124,1.6823626913720835,0.6313133922437331,5.323920363463117,1.5756190680318993,1.6562697345839439,3.072472854129605
D_W,dw,918,918,0.01,0.02,1024,1024,1024,1024,0,1024,0.5299121754017847,0.4572619507807304,0.4492086265341033,0.500417811077837,0.632630713186894,0.48678597217983327,0.5283806059339115,0.975054689616478,sample,129,0.5296767684376174,0.4567624632940089,0.4496456960631334,0.49946131181341963,0.6325885653442163,0.48592905601112985,0.527138167840761,0.9748716917694258,2.505222668190966,2.33588533560385,1.6765245893993326,0.6431827777227613,5.313905776624656,1.5748591599751642,1.656053395515318,3.0626497450554813
D_W,dw,918,918,0.01,0.02,1024,1024,1024,1024,0,1024,0.5299121754017847,0.4572619507807304,0.4492086265341033,0.500417811077837,0.632630713186894,0.48678597217983327,0.5283806059339115,0.975054689616478,sample,130,0.5295638974639169,0.45935073993751546,0.4484146738445202,0.49925959020152044,0.6326682742448523,0.4899912371880086,0.5288192520868695,0.9751695505596876,2.5012210179834877,2.3691753465515912,1.6460945409257697,0.6417990008230243,5.341198126544304,1.5763771796081532,1.6613346774329583,3.0635854960427746
D_W,dw,918,918,0.01,0.02,1024,1024,1024,1024,0,1024,0.5299121754017847,0.4572619507807304,0.4492086265341033,0.500417811077837,0.632630713186894,0.48678597217983327,0.5283806059339115,0.975054689616478,sample,131,0.5315524581711648,0.4575381670356408,0.44844496555505214,0.49922966427717186,0.6364997255525098,0.4890418649412852,0.5296506718816716,0.9749505626316431,2.5437196887835936,2.3433053464292883,1.6509027975875443,0.6605816008513135,5.351445334744503,1.576439763378465,1.6639466597523576,3.0628975251768056
D_W,dw,918,918,0.01,0.02,1024,1024,1024,1024,0,1024,0.5299121754017847,0.4572619507807304,0.4492086265341033,0.500417811077837,0.632630713186894,0.48678597217983327,0.5283806059339115,0.975054689616478,sample,132,0.5297773432042392,0.45784284271084813,0.44892850551586455,0.4984768116587366,0.6307976396368443,0.4879681677359825,0.5291817853824284,0.9747315166578724,2.491913005628402,2.3509197075523023,1.6625201345193743,0.6336532672542879,5.327358214481485,1.582441181361214,1.6624736093709678,3.062209371954809
D_W,dw,918,918,0.01,0.02,1024,1024,1024,1024,0,1024,0.5299121754017847,0.4572619507807304,0.4492086265341033,0.500417811077837,0.632630713186894,0.48678597217983327,0.5283806059339115,0.975054689616478,sample,133,0.5279901317481412,0.457256920762679,0.44967136771920085,0.5011626912376347,0.6344088367301589,0.48691152812256433,0.5291564995626054,0.9745865502157447,2.5039001780281365,2.3486654087141186,1.6678647226936165,0.6514575999467874,5.292163294880915,1.562146134843241,1.6623941716251716,3.0617539464452035
D_W,dw,918,918,0.01,0.02,1024,1024,1024,1024,0,1024,0.5299121754017847,0.4572619507807304,0.4492086265341033,0.500417811077837,0.632630713186894,0.48678597217983327,0.5283806059339115,0.975054689616478,sample,134,0.5304427171623411,0.45763510530419294,0.4497452725598306,0.5011942333604184,0.6313660589317451,0.4877102944186136,0.5286632064443927,0.9762176320467151,2.4968883238418673,2.337512549170264,1.6640741145063092,0.6364818848813149,5.33547856116085,1.5617056950673025,1.6608444455889282,3.0668781411427837
D_W,dw,918,918,0.01,0.02,1024,1024,1024,1024,0,1024,0.5299121754017847,0.4572619507807304,0.4492086265341033,0.500417811077837,0.632630713186894,0.48678597217983327,0.5283806059339115,0.975054689616478,sample,135,0.5294214685940881,0.4565505811520765,0.44958659723935646,0.5017015435586224,0.6339710043169904,0.48766149841571566,0.5275955197971275,0.9758577636234713,2.509999212634708,2.3361736358307867,1.662628182387751,0.6490415238326939,5.307609384853947,1.5580961751204774,1.657490209061544,3.0657475811480626
D_W,dw,918,918,0.01,0.02,1024,1024,1024,1024,0,1024,0.5299121754017847,0.4572619507807304,0.4492086265341033,0.500417811077837,0.632630713186894,0.48678597217983327,0.5283806059339115,0.975054689616478,sample,136,0.5311115783730048,0.4574822922422378,0.4468196145498649,0.499397862080546,0.6329431923376141,0.4872024952397224,0.5286639171992358,0.9734211433723746,2.5472054908879604,2.3608759576398772,1.6667626054157572,0.6442676135822574,5.344095859583907,1.5753255831743234,1.6608466784911218,3.0580927128676287
D_W,dw,918,918,0.01,0.02,1024,1024,1024,1024,0,1024,0.5299121754017847,0.4572619507807304,0.4492086265341033,0.500417811077837,0.632630713186894,0.48678597217983327,0.5283806059339115,0.975054689616478,sample,137,0.5310934644858298,0.4562181381683793,0.4490412620394107,0.4986122620702824,0.6362318045368743,0.48679272771924686,0.5285022348159947,0.975179387125178,2.540304360698567,2.330011125336647,1.6674363742475773,0.6602752991752672,5.329921547062031,1.5809825673508866,1.6603387383037167,3.063616398524656
D_W,dw,918,918,0.01,0.02,1024,1024,1024,1024,0,1024,0.5299121754017847,0.4572619507807304,0.4492086265341033,0.500417811077837,0.632630713186894,0.48678597217983327,0.5283806059339115,0.975054689616478,sample,138,0.5313006470101952,0.45758669477964553,0.44773435411609697,0.5019895532706844,0.6345433093326573,0.4847262203366722,0.5291545370870294,0.9752336487592702,2.5637719417951166,2.3519368591987266,1.6838232799978567,0.6532545283042178,5.3481600677799035,1.5560099484770415,1.6623880063263194,3.063786866475692
D_W,dw,918,918,0.01,0.02,1024,1024,1024,1024,0,1024,0.5299121754017847,0.4572619507807304,0.4492086265341033,0.500417811077837,0.632630713186894,0.48678597217983327,0.5283806059339115,0.975054689616478,sample,139,0.5310779818819934,0.4557101202771737,0.4462538992471527,0.4994224856487462,0.632127828041586,0.4865087442390622,0.5276511827166701,0.9759545951713703,2.553671215928326,2.352859652965687,1.6725503108901572,0.6406834304799651,5.324251543296897,1.5751671749510896,1.6576650792806564,3.0660517864275776
D_W,dw,918,918,0.01,0.02,1024,1024,1024,1024,0,1024,0.5299121754017847,0.4572619507807304,0.4492086265341033,0.500417811077837,0.632630713186894,0.48678597217983327,0.5283806059339115,0.975054689616478,sample,140,0.5289477845638467,0.4581107075818252,0.4489897793730372,0.49944093789500055,0.631251857712326,0.48646923912088236,0.527928631285208,0.9747863956044552,2.4970678057724247,2.357094976226559,1.6735225664182882,0.6364990620605147,5.317085997715307,1.5750557615469716,1.6585367096653238,3.0623817792502304
D_W,dw,918,918,0.01,0.02,1024,1024,1024,1024,0,1024,0.5299121754017847,0.4572619507807304,0.4492086265341033,0.500417811077837,0.632630713186894,0.48678597217983327,0.5283806059339115,0.975054689616478,sample,141,0.5296492784101144,0.4572480557543073,0.4506294499130835,0.4990973899026213,0.6336817955940307,0.48638488082935044,0.5276411727871135,0.9755245518414989,2.496453211822273,2.330002143644979,1.672291275324494,0.6482100278712725,5.3187519099783085,1.57754815397909,1.6576336321594984,3.064700765461728
D_W,dw,918,918,0.01,0.02,1024,1024,1024,1024,0,1024,0.5299121754017847,0.4572619507807304,0.4492086265341033,0.500417811077837,0.632630713186894,0.48678597217983327,0.5283806059339115,0.975054689616478,sample,142,0.5290362382321876,0.4573136561215615,0.4481305403837136,0.4997662486699245,0.6312730955193194,0.4878315070894663,0.5283940490447196,0.9746757281584927,2.5036278656100266,2.358548430913951,1.663228058710892,0.6359560885341541,5.309718197253139,1.5725769740943192,1.6599988626794562,3.062034107215003
D_W,dw,918,918,0.01,0.02,1024,1024,1024,1024,0,1024,0.5299121754017847,0.4572619507807304,0.4492086265341033,0.500417811077837,0.632630713186894,0.48678597217983327,0.5283806059339115,0.975054689616478,sample,143,0.5294016729717484,0.4545982640265331,0.44951971305612337,0.5017904852290638,0.629246393292301,0.48616588748076145,0.5277147316802195,0.9733125799051467,2.490314089850254,2.3216846172321928,1.6774169318137369,0.6270846286542693,5.287067556801869,1.5569439425429679,1.6578647242376865,3.0577516506765376
D_W,dw,918,918,0.01,0.02,1024,1024,1024,1024,0,1024,0.5299121754017847,0.4572619507807304,0.4492086265341033,0.500417811077837,0.632630713186894,0.48678597217983327,0.5283806059339115,0.975054689616478,sample,144,0.5306318066320255,0.45676059669421837,0.4499359098749928,0.500267221861792,0.6326827757355116,0.4887472903944825,0.5291278483558036,0.9753515151758323,2.497903895682501,2.3278089355869147,1.655402817881294,0.6423393465331259,5.328745913793999,1.5687823389278694,1.6623041612043667,3.0641571547440685
D_W,dw,918,918,0.01,0.02,1024,1024,1024,1024,0,1024,0.5299121754017847,0.4572619507807304,0.4492086265341033,0.500417811077837,0.632630713186894,0.48678597217983327,0.5283806059339115,0.975054689616478,sample,145,0.527336903361491,0.4568311243748176,0.4486762764015523,0.5014476652901059,0.6338118077324268,0.48734293246454513,0.5275614504653432,0.9760253369585021,2.5073388619355708,2.3584124738783334,1.6650988209775692,0.6484054329796383,5.276902414914694,1.5599780825857612,1.6573831770990977,3.0662740283063328
D_W,dw,918,918,0.01,0.02,1024,1024,1024,1024,0,1024,0.5299121754017847,0.4572619507807304,0.4492086265341033,0.500417811077837,0.632630713186894,0.48678597217983327,0.5283806059339115,0.975054689616478,sample,146,0.531954229664484,0.4576244237600155,0.447764702882832,0.5001088973130943,0.631089713046725,0.4879728237486263,0.5270885250038714,0.9738506340986677,2.5274936306514046,2.34823821220147,1.6622878289446679,0.6350118354382724,5.358490991321817,1.5699656186827635,1.6558974379436422,3.059441997778136
D_W,dw,918,918,0.01,0.02,1024,1024,1024,1024,0,1024,0.5299121754017847,0.4572619507807304,0.4492086265341033,0.500417811077837,0.632630713186894,0.48678597217983327,0.5283806059339115,0.975054689616478,sample,147,0.5302752738604631,0.4564087542142375,0.45015058052445517,0.49982663098686714,0.6324706160774296,0.48619518558838687,0.5294349934552595,0.9752917424281201,2.5020273607065358,2.3248801983660496,1.6746318316229136,0.642477954669036,5.319431977667863,1.5721050616621832,1.6632690859924033,3.063969373118971
D_W,dw,918,918,0.01,0.02,1024,1024,1024,1024,0,1024,0.5299121754017847,0.4572619507807304,0.4492086265341033,0.500417811077837,0.632630713186894,0.48678597217983327,0.5283806059339115,0.975054689616478,sample,148,0.5288850241328601,0.45804858556353345,0.44881971871162124,0.5010602038475125,0.6333441790539122,0.48709519628757725,0.5279617270609545,0.974767912339674,2.5126280822338516,2.3586069382406123,1.667270996831027,0.6462563776685835,5.3153789117488115,1.562845612222424,1.6586406831112739,3.0623237123613793
D_W,dw,918,918,0.01,0.02,1024,1024,1024,1024,0,1024,0.5299121754017847,0.4572619507807304,0.4492086265341033,0.500417811077837,0.632630713186894,0.48678597217983327,0.5283806059339115,0.975054689616478,sample,149,0.5294993439689185,0.456542422977994,0.4490252071218295,0.5009368631378077,0.6324780385520711,0.4864232086564936,0.5295410570919323,0.9749893361429834,2.512205585405194,2.341227092883787,1.6729205825871258,0.6424158481017805,5.3087499782955385,1.5637246073557247,1.6636022947341877,3.063019335755186
D_W,dw,918,918,0.01,0.02,1024,1024,1024,1024,0,1024,0.5299121754017847,0.4572619507807304,0.4492086265341033,0.500417811077837,0.632630713186894,0.48678597217983327,0.5283806059339115,0.975054689616478,sample,150,0.529337742594718,0.4581618731611285,0.4482608552400774,0.5003887983116466,0.6331010867871788,0.4867158646948267,0.5288273732970781,0.9751532081301613,2.5215483074884593,2.3624168726045127,1.6702713458310465,0.6452508456933784,5.3239334484560015,1.567875259693144,1.6613601909672877,3.0635341547862334
D_W,dw,918,918,0.01,0.02,1024,1024,1024,1024,0,1024,0.5299121754017847,0.4572619507807304,0.4492086265341033,0.500417811077837,0.632630713186894,0.48678597217983327,0.5283806059339115,0.975054689616478,sample,151,0.5301927067376782,0.45764988107831245,0.4488891212486715,0.5032392914446954,0.6329069349500273,0.48908431058961616,0.5279186462286123,0.9762982622444158,2.5142365870382246,2.34746710878955,1.6527185063916177,0.6434701401126928,5.331740758633487,1.546428521851805,1.6585053406848773,3.067131448379538
D_W,dw,918,918,0.01,0.02,1024,1024,1024,1024,0,1024,0.5299121754017847,0.4572619507807304,0.4492086265341033,0.500417811077837,0.632630713186894,0.48678597217983327,0.5283806059339115,0.975054689616478,sample,152,0.5291614487731632,0.45575568068570244,0.4507803328194073,0.5001998758629583,0.6305571574414416,0.48863755988037905,0.5303008364059603,0.9719257984167168,2.464617529570922,2.3193221181183126,1.6576078760871853,0.6321680920169087,5.295135094636196,1.5692653827186036,1.6659892118454875,3.0533949481403515
D_W,dw,918,918,0.01,0.02,1024,1024,1024,1024,0,1024,0.5299121754017847,0.4572619507807304,0.4492086265341033,0.500417811077837,0.632630713186894,0.48678597217983327,0.5283806059339115,0.975054689616478,sample,153,0.5306520022866029,0.4567874763424934,0.44972262687539377,0.5007920963155775,0.6329476553239961,0.48767044092956296,0.5297054834984888,0.9749863253231211,2.508333837685746,2.330027923004469,1.6632701336323632,0.64408146187289,5.3293502501994965,1.5648384410282385,1.6641188555250817,3.0630098769856255
D_W,dw,918,918,0.01,0.02,1024,1024,1024,1024,0,1024,0.5299121754017847,0.4572619507807304,0.4492086265341033,0.500417811077837,0.632630713186894,0.48678597217983327,0.5283806059339115,0.975054689616478,sample,154,0.5298546470333984,0.45547689275753067,0.44703084970225476,0.5024733582549834,0.6343085815830726,0.4874054122036118,0.5266844878122641,0.9763870770273324,2.551273095657309,2.350218638625098,1.6642806599483133,0.650834735594809,5.303070231928944,1.5523829187621014,1.6546281176707118,3.067410468249079
D_W,dw,918,918,0.01,0.02,1024,1024,1024,1024,0,1024,0.5299121754017847,0.4572619507807304,0.4492086265341033,0.500417811077837,0.632630713186894,0.48678597217983327,0.5283806059339115,0.975054689616478,sample,155,0.531139901068348,0.4582732623290142,0.4475121011157219,0.5012974889985305,0.6320183948437376,0.48624023519092374,0.5283983938219833,0.9760909705376938,2.540831072398864,2.3602347026384902,1.6746425009137693,0.6403157830224696,5.353506132120169,1.5609685506955144,1.660012512199789,3.06648022227655
D_W,dw,918,918,0.01,0.02,1024,1024,1024,1024,0,1024,0.5299121754017847,0.4572619507807304,0.4492086265341033,0.500417811077837,0.632630713186894,0.48678597217983327,0.5283806059339115,0.975054689616478,sample,156,0.5299911049115532,0.4560190842922874,0.4477507391462102,0.5001149449676109,0.6313172064486419,0.4861083887622555,0.5261374699616842,0.9767315302225605,2.5248267813967087,2.346865560782573,1.6761909816112808,0.6369879276765823,5.310871772165102,1.569921004045023,1.6529096104099474,3.068492599876713
D_W,dw,918,918,0.01,0.02,1024,1024,1024,1024,0,1024,0.5299121754017847,0.4572619507807304,0.4492086265341033,0.500417811077837,0.632630713186894,0.48678597217983327,0.5283806059339115,0.975054689616478,sample,157,0.5297814404989852,0.4586573190782167,0.4481505449568154,0.500913875169956,0.6317724395595247,0.4856868291535338,0.527742493979796,0.9746242707296522,2.523201739961869,2.364919904163355,1.678989930082579,0.6394031060535321,5.336646327548077,1.5638611852610542,1.6579519420740827,3.0618724489345848
D_W,dw,918,918,0.01,0.02,1024,1024,1024,1024,0,1024,0.5299121754017847,0.4572619507807304,0.4492086265341033,0.500417811077837,0.632630713186894,0.48678597217983327,0.5283806059339115,0.975054689616478,sample,158,0.5289206157784451,0.45593267662606346,0.4504991025742822,0.5013057197391366,0.636255342332511,0.4847648743305671,0.52786715271816,0.9755274569753472,2.52209820202544,2.324809103513522,1.6821418047634957,0.661399792436674,5.293168091993037,1.5612137317190315,1.6583435690507329,3.064709892208884
D_W,dw,918,918,0.01,0.02,1024,1024,1024,1024,0,1024,0.5299121754017847,0.4572619507807304,0.4492086265341033,0.500417811077837,0.632630713186894,0.48678597217983327,0.5283806059339115,0.975054689616478,sample,159,0.5295726285316178,0.45552959425863926,0.45039566508316214,0.49975417264539734,0.6326196415472194,0.485532887494542,0.5299493290162081,0.9742902127608791,2.498487358098459,2.3193093670809337,1.6794537451967204,0.6435321277542815,5.29923386753193,1.5726499517194288,1.6648849188121595,3.0608229748740143
D_W,dw,918,918,0.01,0.02,1024,1024,1024,1024,0,1024,0.5299121754017847,0.4572619507807304,0.4492086265341033,0.500417811077837,0.632630713186894,0.48678597217983327,0.5283806059339115,0.975054689616478,sample,160,0.5315589854105904,0.4565907818705551,0.4484955542680894,0.5004304540620959,0.6332782829004221,0.48436212833102954,0.5290299222037776,0.9746243849378318,2.546738648490838,2.335619345605224,1.6875941736931304,0.6473267013907839,5.341014157088569,1.5675665990701826,1.6619965171245676,3.061872807730163
D_W,dw,918,918,0.01,0.02,1024,1024,1024,1024,0,1024,0.5299121754017847,0.4572619507807304,0.4492086265341033,0.500417811077837,0.632630713186894,0.48678597217983327,0.5283806059339115,0.975054689616478,sample,161,0.5306191157742424,0.4569777623041652,0.4493234365852572,0.501713646225092,0.6342694184077726,0.4858740789799543,0.5276928805097012,0.9753190774177176,2.5315003365918187,2.3356223883003504,1.6756080582176414,0.6513211320234041,5.3309271286155475,1.5580342756102217,1.657796076760914,3.0640552485214765
D_W,dw,918,918,0.01,0.02,1024,1024,1024,1024,0,1024,0.5299121754017847,0.4572619507807304,0.4492086265341033,0.500417811077837,0.632630713186894,0.48678597217983327,0.5283806059339115,0.975054689616478,sample,162,0.5286468255802836,0.45736802628096884,0.4487913167645117,0.5007850677894589,0.6328795769685055,0.48536164816314337,0.5287021040128658,0.9751545719364199,2.5160519077952026,2.3546930436518747,1.680514548876142,0.6448785890352929,5.3040447393705925,1.5648882807799855,1.6609666459042858,3.063538439309956
D_W,dw,918,918,0.01,0.02,1024,1024,1024,1024,0,1024,0.5299121754017847,0.4572619507807304,0.4492086265341033,0.500417811077837,0.632630713186894,0.48678597217983327,0.5283806059339115,0.975054689616478,sample,163,0.5298672688391258,0.4557668658728025,0.4476343898698824,0.5013704175712952,0.6310411654742224,0.48766477791723223,0.5278370278294754,0.9769388316388636,2.5195509364739594,2.3466722773006743,1.6646470811543452,0.634950363902028,5.306292440520984,1.560338791487859,1.658248928921751,3.0691438564832496
D_W,dw,918,918,0.01,0.02,1024,1024,1024,1024,0,1024,0.5299121754017847,0.4572619507807304,0.4492086265341033,0.500417811077837,0.632630713186894,0.48678597217983327,0.5283806059339115,0.975054689616478,sample,164,0.5277776384437837,0.4571341593114864,0.4482584311840805,0.49686848704581293,0.6335779620170624,0.48844324013538315,0.5262468223074586,0.9772087969564323,2.500094853574848,2.3626370636772993,1.6570748028264952,0.6469420983612387,5.287366365730236,1.5942353687843442,1.653253150936085,3.0699919775416475
D_W,dw,918,918,0.01,0.02,1024,1024,1024,1024,0,1024,0.5299121754017847,0.4572619507807304,0.4492086265341033,0.500417811077837,0.632630713186894,0.48678597217983327,0.5283806059339115,0.975054689616478,sample,165,0.5292549564949202,0.45819770841726215,0.4495104758544478,0.5029890074245977,0.6325386673650049,0.48518133205660674,0.5274599939043519,0.975245166628382,2.5141411405651986,2.3509452658239507,1.682112210284602,0.6434905135022332,5.32300820855471,1.5482481835924362,1.6570644419124292,3.063823050928679
D_W,dw,918,918,0.01,0.02,1024,1024,1024,1024,0,1024,0.5299121754017847,0.4572619507807304,0.4492086265341033,0.500417811077837,0.632630713186894,0.48678597217983327,0.5283806059339115,0.975054689616478,sample,166,0.5311778359673767,0.4567884106657562,0.4488416198981242,0.5003640701586255,0.6333874486748342,0.4869359891826385,0.5289855041661197,0.9752825592596233,2.528304747720405,2.335835165572512,1.6684249281573753,0.6465206889021794,5.33740947461682,1.5680669151585525,1.6618569737437745,3.0639405233442845
D_W,dw,918,918,0.01,0.02,1024,1024,1024,1024,0,1024,0.5299121754017847,0.4572619507807304,0.4492086265341033,0.500417811077837,0.632630713186894,0.48678597217983327,0.5283806059339115,0.975054689616478,sample,167,0.5287095796262347,0.45716741075714895,0.44982545757847997,0.49963718114499894,0.6327628485419248,0.48663419825759724,0.5296428835037827,0.9752459156774895,2.4944078377338563,2.3425358894828987,1.6711321481840893,0.643666320257163,5.302884952556054,1.57352915420683,1.6639221918415985,3.063825404135852
D_W,dw,918,918,0.01,0.02,1024,1024,1024,1024,0,1024,0.5299121754017847,0.4572619507807304,0.4492086265341033,0.500417811077837,0.632630713186894,0.48678597217983327,0.5283806059339115,0.975054689616478,sample,168,0.5275440515977786,0.4533996207461003,0.44836876190804387,0.5008325298341266,0.6323479293874514,0.48751025007082077,0.5276335816082174,0.9772385541603816,2.504556618109314,2.3325542695292842,1.6648863880642768,0.641274277861044,5.246215878814515,1.5645059461505546,1.6576097837676462,3.070085462554966
D_W,dw,918,918,0.01,0.02,1024,1024,1024,1024,0,1024,0.5299121754017847,0.4572619507807304,0.4492086265341033,0.500417811077837,0.632630713186894,0.48678597217983327,0.5283806059339115,0.975054689616478,sample,169,0.5287091441822078,0.45771119646419534,0.4486746306179369,0.5007193074973725,0.632158277322443,0.4863347667126859,0.5271417086816824,0.9753983774476305,2.5086374286825723,2.3582658029212693,1.6738291597446848,0.6409186630310427,5.308801337682249,1.565353607585752,1.6560645193951444,3.06430437691288
D_W,dw,918,918,0.01,0.02,1024,1024,1024,1024,0,1024,0.5299121754017847,0.4572619507807304,0.4492086265341033,0.500417811077837,0.632630713186894,0.48678597217983327,0.5283806059339115,0.975054689616478,sample,170,0.5291991898461754,0.4550188194314531,0.44947704573173913,0.5018347139798128,0.6330418870092516,0.4870160571421298,0.5277226506013313,0.9761004894313381,2.5083365953663415,2.3263958568544236,1.66807195185719,0.6448824318225612,5.288161056443908,1.5570067021360783,1.6578896022620755,3.066510126762893
D_W,dw,918,918,0.01,0.02,1024,1024,1024,1024,0,1024,0.5299121754017847,0.4572619507807304,0.4492086265341033,0.500417811077837,0.632630713186894,0.48678597217983327,0.5283806059339115,0.975054689616478,sample,171,0.5291031612328794,0.45645826517768123,0.4500060385864447,0.5017263485194031,0.6326937986351965,0.4877609081696673,0.5275668543179227,0.9757037678406464,2.494107490217172,2.332963334667524,1.6627639506039031,0.6428645182158975,5.301588491830761,1.5577870441746118,1.6574001538026626,3.0652637891280556
D_W,dw,918,918,0.01,0.02,1024,1024,1024,1024,0,1024,0.5299121754017847,0.4572619507807304,0.4492086265341033,0.500417811077837,0.632630713186894,0.48678597217983327,0.5283806059339115,0.975054689616478,sample,172,0.531053578805419,0.45817505327865554,0.4494116267231841,0.5004665511717891,0.6335307168764115,0.48810497355156024,0.5281904024764622,0.9756867602890984,2.51564179995354,2.341544919991529,1.6596420976458202,0.6466853174251812,5.351050526217377,1.5673023796028143,1.6593590881166898,3.065210358329057
D_W,dw,918,918,0.01,0.02,1024,1024,1024,1024,0,1024,0.5299121754017847,0.4572619507807304,0.4492086265341033,0.500417811077837,0.632630713186894,0.48678597217983327,0.5283806059339115,0.975054689616478,sample,173,0.529487011208298,0.4575573622668925,0.4496924034372922,0.5005929678625102,0.6331791277051717,0.4865816361619844,0.529750366351943,0.9756652832655351,2.5060961548372385,2.34273508787857,1.6712107222195511,0.6456936405848421,5.319582577085719,1.5663439478489283,1.6642598591677655,3.0651428862696095
D_W,dw,918,918,0.01,0.02,1024,1024,1024,1024,0,1024,0.5299121754017847,0.4572619507807304,0.4492086265341033,0.500417811077837,0.632630713186894,0.48678597217983327,0.5283806059339115,0.975054689616478,sample,174,0.530703776891288,0.457479352479186,0.44820981061662984,0.49915483605202493,0.6328780790344005,0.48557865459864646,0.5268142139606465,0.9774295259244552,2.53302883863604,2.349889861391931,1.6789016778694499,0.6447593898168497,5.337787775937663,1.5771566877910645,1.6550356643854487,3.070685418046023
D_W,dw,918,918,0.01,0.02,1024,1024,1024,1024,0,1024,0.5299121754017847,0.4572619507807304,0.4492086265341033,0.500417811077837,0.632630713186894,0.48678597217983327,0.5283806059339115,0.975054689616478,sample,175,0.5294163109150729,0.4571864141361679,0.4484416979710825,0.5018568415802407,0.6321713765064398,0.48821831970392726,0.5295234822158376,0.9744574059252351,2.510652438502584,2.3524547588332827,1.6596920477277517,0.6401641784073437,5.314390315444793,1.5567485088487156,1.6635470816325608,3.0613482276908854
D_W,dw,918,918,0.01,0.02,1024,1024,1024,1024,0,1024,0.5299121754017847,0.4572619507807304,0.4492086265341033,0.500417811077837,0.632630713186894,0.48678597217983327,0.5283806059339115,0.975054689616478,sample,176,0.5310791408177129,0.45653071568177145,0.44953497444049795,0.5001479796154197,0.6322067178924681,0.48649500221885855,0.5276951385354848,0.9744594996901403,2.5131198882119152,2.3276005249305918,1.672593783025377,0.6410630889081083,5.333090006145682,1.5696770224510608,1.657803170558127,3.0613548054473303
D_W,dw,918,918,0.01,0.02,1024,1024,1024,1024,0,1024,0.5299121754017847,0.4572619507807304,0.4492086265341033,0.500417811077837,0.632630713186894,0.48678597217983327,0.5283806059339115,0.975054689616478,sample,177,0.5323133155997826,0.4573415698052208,0.4490304148250622,0.49906377758957166,0.6324299399295995,0.4865944904624627,0.5293715860115729,0.9737454461058163,2.526519050450538,2.3318344685276773,1.6716773582021367,0.6421012850417759,5.3606662022722205,1.5778657766059234,1.6630698856331345,3.059111539952548
D_W,dw,918,918,0.01,0.02,1024,1024,1024,1024,0,1024,0.5299121754017847,0.4572619507807304,0.4492086265341033,0.500417811077837,0.632630713186894,0.48678597217983327,0.5283806059339115,0.975054689616478,sample,178,0.5289661668228617,0.45675429621015085,0.4483165374651897,0.5009197254523466,0.6322633689672701,0.48722200555586515,0.5290095623170336,0.9748878983431734,2.512473719499785,2.3526585390155614,1.6671053427071032,0.6410031703007808,5.302560782281722,1.563842696053008,1.6619325546539445,3.0627006595085065
D_W,dw,918,918,0.01,0.02,1024,1024,1024,1024,0,1024,0.5299121754017847,0.4572619507807304,0.4492086265341033,0.500417811077837,0.632630713186894,0.48678597217983327,0.5283806059339115,0.975054689616478,sample,179,0.5300127831997151,0.4582666039841831,0.44904044641036206,0.500098813452577,0.6318890246061771,0.487503360418433,0.5292122662154924,0.9759027955673663,2.504335373873389,2.3518458367117607,1.665265437686689,0.6390611573475549,5.335855347527975,1.570047110289708,1.6625693677321969,3.0658890531721794
D_W,dw,918,918,0.01,0.02,1024,1024,1024,1024,0,1024,0.5299121754017847,0.4572619507807304,0.4492086265341033,0.500417811077837,0.632630713186894,0.48678597217983327,0.5283806059339115,0.975054689616478,sample,180,0.5299433169539269,0.45478366416831467,0.44902811925114045,0.5010100443333352,0.631438567471648,0.48408353283985145,0.5270669921276058,0.9745811379119759,2.5214071898010144,2.3252150200513486,1.69130039871034,0.638688929568284,5.2973091847931,1.5631119425861593,1.6558297904177557,3.0617369431914443
D_W,dw,918,918,0.01,0.02,1024,1024,1024,1024,0,1024,0.5299121754017847,0.4572619507807304,0.4492086265341033,0.500417811077837,0.632630713186894,0.48678597217983327,0.5283806059339115,0.975054689616478,sample,181,0.5303392123017829,0.4576713219901849,0.4495514415984692,0.5007182899558933,0.6329886162598658,0.4860222713150507,0.5296436711331249,0.9753944493027028,2.5153651292137154,2.34029680956633,1.6755150257991511,0.6450587147533055,5.334270387403619,1.56539524066066,1.6639246662521536,3.064292036281633
D_W,dw,918,918,0.01,0.02,1024,1024,1024,1024,0,1024,0.5299121754017847,0.4572619507807304,0.4492086265341033,0.500417811077837,0.632630713186894,0.48678597217983327,0.5283806059339115,0.975054689616478,sample,182,0.529061544467881,0.45910232858519057,0.44897600258356685,0.499924729902387,0.6329462785653179,0.48849362502995336,0.5279615679583891,0.9753770303249633,2.5004743423244586,2.3646172144602815,1.6571302301269528,0.643709069079103,5.330188131101738,1.571362496005368,1.6586401832758235,3.0642373129491336
D_W,dw,918,918,0.01,0.02,1024,1024,1024,1024,0,1024,0.5299121754017847,0.4572619507807304,0.4492086265341033,0.500417811077837,0.632630713186894,0.48678597217983327,0.5283806059339115,0.975054689616478,sample,183,0.530488374304497,0.45693105848972093,0.44954740108231145,0.49997884890032607,0.6323908569833089,0.4864146737649334,0.5281023481454235,0.9764140896466217,2.5096579305481974,2.3337655177415955,1.6730536983148505,0.6419858040442644,5.328395302534391,1.5709560893342134,1.6590824572771816,3.0674953308953925
D_W,dw,918,918,0.01,0.02,1024,1024,1024,1024,0,1024,0.5299121754017847,0.4572619507807304,0.4492086265341033,0.500417811077837,0.632630713186894,0.48678597217983327,0.5283806059339115,0.975054689616478,sample,184,0.5318227893799168,0.4592050394609388,0.44844417157561905,0.4967880365014831,0.6308603527357183,0.48771878219122283,0.5287092331289569,0.9750754500644043,2.5100054755700767,2.354421706654698,1.6643440258328568,0.6342124774574501,5.374856729486766,1.595336369998706,1.6609890426830243,3.0632898706180938
D_W,dw,918,918,0.01,0.02,1024,1024,1024,1024,0,1024,0.5299121754017847,0.4572619507807304,0.4492086265341033,0.500417811077837,0.632630713186894,0.48678597217983327,0.5283806059339115,0.975054689616478,sample,185,0.5314073106581426,0.456604678271136,0.4481702351111,0.4999128920865017,0.6344642512419482,0.48772153806213403,0.529084641959208,0.9749779216390827,2.5408066734911126,2.339700141731362,1.6618577210594236,0.65133270962623,5.338876541319131,1.5714441413664904,1.6621684243062338,3.0629834760335872
D_W,dw,918,918,0.01,0.02,1024,1024,1024,1024,0,1024,0.5299121754017847,0.4572619507807304,0.4492086265341033,0.500417811077837,0.632630713186894,0.48678597217983327,0.5283806059339115,0.975054689616478,sample,186,0.5296695159913619,0.45697915728251903,0.4486150720880566,0.5004579892423332,0.6329718666723095,0.48548773640178167,0.5292404978449263,0.9741122763629828,2.5247133658620466,2.3477548692593704,1.6795032912199084,0.6452474946815024,5.316137830021855,1.5673520837171693,1.6626580600118253,3.060263971193577
D_W,dw,918,918,0.01,0.02,1024,1024,1024,1024,0,1024,0.5299121754017847,0.4572619507807304,0.4492086265341033,0.500417811077837,0.632630713186894,0.48678597217983327,0.5283806059339115,0.975054689616478,sample,187,0.5300944904926613,0.45703811244423187,0.4486383984120288,0.49917998597014773,0.6329462457789241,0.4873878820174519,0.5289163759845132,0.9726821204611734,2.5157827134694495,2.3456742052542148,1.665377775168188,0.6442027994290569,5.323445568760838,1.5769642605060938,1.6616398011562836,3.0557710039189647
D_W,dw,918,918,0.01,0.02,1024,1024,1024,1024,0,1024,0.5299121754017847,0.4572619507807304,0.4492086265341033,0.500417811077837,0.632630713186894,0.48678597217983327,0.5283806059339115,0.975054689616478,sample,188,0.5264686743191475,0.4548824503580148,0.448412051863284,0.49955891822699144,0.632659389763345,0.48319863521906586,0.526060443897898,0.977509011220466,2.515396179171863,2.349258871075172,1.696775310147132,0.6450430084009409,5.242942116264007,1.57412123390028,1.6526676258938218,3.0709351284680384
D_W,dw,918,918,0.01,0.02,1024,1024,1024,1024,0,1024,0.5299121754017847,0.4572619507807304,0.4492086265341033,0.500417811077837,0.632630713186894,0.48678597217983327,0.5283806059339115,0.975054689616478,sample,189,0.529058286052739,0.45736517797044,0.44855796596373604,0.5005853185873641,0.6323665769715713,0.4861511473232211,0.5283265578445561,0.9742328595376616,2.5145093522822917,2.3547035314587936,1.6750410441994072,0.6420065267963726,5.3106331539430744,1.5663744040878127,1.6597868328208403,3.0606427944092944
D_W,dw,918,918,0.01,0.02,1024,1024,1024,1024,0,1024,0.5299121754017847,0.4572619507807304,0.4492086265341033,0.500417811077837,0.632630713186894,0.48678597217983327,0.5283806059339115,0.975054689616478,sample,190,0.5311412168079567,0.456868126677095,0.4494376756201631,0.4999414320796386,0.632802930338885,0.4872090347856324,0.5278038781339139,0.9747288835355299,2.5146465438489454,2.3307889655453584,1.6668155200488786,0.6435846180324356,5.337728025652048,1.5712373405316788,1.6581447860817065,3.0622010997570017
D_W,dw,918,918,0.01,0.02,1024,1024,1024,1024,0,1024,0.5299121754017847,0.4572619507807304,0.4492086265341033,0.500417811077837,0.632630713186894,0.48678597217983327,0.5283806059339115,0.975054689616478,sample,191,0.5290682523845915,0.45712771454764833,0.4482864229476197,0.5013201238268472,0.630057464993958,0.4869969619405605,0.5285865846981063,0.9749830149678085,2.5014466212990105,2.355382315703152,1.670439261478461,0.6305362629141695,5.308210219623192,1.560646363524638,1.6606037312736897,3.0629994771976943
D_W,dw,918,918,0.01,0.02,1024,1024,1024,1024,0,1024,0.5299121754017847,0.4572619507807304,0.4492086265341033,0.500417811077837,0.632630713186894,0.48678597217983327,0.5283806059339115,0.975054689616478,sample,192,0.5305569993880375,0.45923780046241847,0.45060789749363006,0.500081164399739,0.6367648327100931,0.4830650707945487,0.5304292043884388,0.9736086585386046,2.539849880563259,2.3407291198036795,1.693994381330399,0.6647701914488703,5.355660028301635,1.570202867287784,1.666392491756198,3.0586818091362935
D_W,dw,918,918,0.01,0.02,1024,1024,1024,1024,0,1024,0.5299121754017847,0.4572619507807304,0.4492086265341033,0.500417811077837,0.632630713186894,0.48678597217983327,0.5283806059339115,0.975054689616478,sample,193,0.5303022036308944,0.4574945115281151,0.450008562602103,0.5004907544845539,0.6323477828374618,0.4865445659400449,0.5291547354553615,0.9721047258743881,2.5025056085314366,2.3345766669573753,1.6721147481563616,0.64171978688728,5.3317209352603,1.5670882764989384,1.6623886295188142,3.0539570653268973
D_W,dw,918,918,0.01,0.02,1024,1024,1024,1024,0,1024,0.5299121754017847,0.4572619507807304,0.4492086265341033,0.500417811077837,0.632630713186894,0.48678597217983327,0.5283806059339115,0.975054689616478,sample,194,0.5314910664137684,0.4576552204391818,0.448941729491114,0.5014288292336657,0.6311621616266843,0.48845829662961493,0.5279850924937917,0.9750969268288685,2.510512929249612,2.339701324535931,1.6585607498834938,0.6351874722287543,5.351834535787745,1.5599031492205693,1.6587140877834232,3.0633573418635573
D_W,dw,918,918,0.01,0.02,1024,1024,1024,1024,0,1024,0.5299121754017847,0.4572619507807304,0.4492086265341033,0.500417811077837,0.632630713186894,0.48678597217983327,0.5283806059339115,0.975054689616478,sample,195,0.53107917231161,0.4575771206442994,0.4487360452480476,0.49591697934592477,0.6342670438271659,0.4842514514469462,0.5265122685699687,0.9764437722172767,2.537357917371458,2.343435173285435,1.6875021081307655,0.652420080158022,5.344663391423353,1.6011966591817377,1.6540870749643097,3.067588581441302
D_W,dw,918,918,0.01,0.02,1024,1024,1024,1024,0,1024,0.5299121754017847,0.4572619507807304,0.4492086265341033,0.500417811077837,0.632630713186894,0.48678597217983327,0.5283806059339115,0.975054689616478,sample,196,0.5313360930470682,0.4572649033967181,0.44850243750643926,0.5002235876934915,0.6320241930044639,0.4862352188464493,0.5270219650957358,0.9745453924525037,2.5277853462825925,2.341885444439334,1.6746803912980621,0.6403164289340078,5.345092501532338,1.569102792642942,1.6556883338252202,3.0616246455185676
D_W,dw,918,918,0.01,0.02,1024,1024,1024,1024,0,1024,0.5299121754017847,0.4572619507807304,0.4492086265341033,0.500417811077837,0.632630713186894,0.48678597217983327,0.5283806059339115,0.975054689616478,sample,197,0.528986823652349,0.45684045270160617,0.44788983097099555,0.500199784604694,0.6342950585358637,0.48846515747582603,0.5285559264589372,0.9739916936243158,2.523702622129547,2.357346780404071,1.656477729881464,0.6502037257323856,5.303813115139782,1.569308673715995,1.6605074155747441,3.059885149347631
D_W,dw,918,918,0.01,0.02,1024,1024,1024,1024,0,1024,0.5299121754017847,0.4572619507807304,0.4492086265341033,0.500417811077837,0.632630713186894,0.48678597217983327,0.5283806059339115,0.975054689616478,sample,198,0.5284315492712038,0.4552995726916652,0.4494706507474789,0.50174701899624,0.6357442270348416,0.4849148310732785,0.5289075230179718,0.9771460984528236,2.5292409071793167,2.3325587846690397,1.6814624831314096,0.6588931967202678,5.278892422021499,1.5579271051118564,1.6616119887416347,3.0697950043833195
D_W,dw,918,918,0.01,0.02,1024,1024,1024,1024,0,1024,0.5299121754017847,0.4572619507807304,0.4492086265341033,0.500417811077837,0.632630713186894,0.48678597217983327,0.5283806059339115,0.975054689616478,sample,199,0.5295874083997026,0.4562335105560352,0.4509655780469763,0.4998150703594594,0.6335864524144689,0.4853459737015392,0.5278822601772073,0.9749847615019259,2.4979341302900595,2.3189585546220246,1.6800563122331287,0.6482657805223707,5.306845102028464,1.5721806701849985,1.6583910305330902,3.063004964096447
D_W,dw,918,918,0.01,0.02,1024,1024,1024,1024,0,1024,0.5299121754017847,0.4572619507807304,0.4492086265341033,0.500417811077837,0.632630713186894,0.48678597217983327,0.5283806059339115,0.975054689616478,sample,200,0.5299028106199527,0.458075476123772,0.4473839545940926,0.5027978820135575,0.6337333379437191,0.48486033447324756,0.5262275325992164,0.9768002286058544,2.554334814826661,2.3669516084717888,1.6834997969140075,0.6493691179741202,5.331954595577987,1.549878028111459,1.6531925505303815,3.0687084222129823
D_W,dw,918,918,0.01,0.02,1024,1024,1024,1024,0,1024,0.5299121754017847,0.4572619507807304,0.4492086265341033,0.500417811077837,0.632630713186894,0.48678597217983327,0.5283806059339115,0.975054689616478,sample,201,0.5302102056788428,0.45629342035727527,0.44885581647205147,0.5005364881655858,0.6323084824653469,0.48752214434033864,0.5278920492519432,0.972997834567264,2.512549097021079,2.3371415720398443,1.6648262529943314,0.6410720928776865,5.317187828361848,1.566741520818958,1.6584217838183661,3.056762849035293
D_W,dw,918,918,0.01,0.02,1024,1024,1024,1024,0,1024,0.5299121754017847,0.4572619507807304,0.4492086265341033,0.500417811077837,0.632630713186894,0.48678597217983327,0.5283806059339115,0.975054689616478,sample,202,0.5290808279494119,0.4555451671498821,0.44950623667597783,0.49763717856203626,0.6322699953893631,0.4878838130794534,0.5274920245715473,0.9774311575926448,2.48916202536137,2.330836491863248,1.662128841072033,0.6408219051112776,5.29168708218918,1.5886580508128587,1.6571650692211797,3.07069054408282
D_W,dw,918,918,0.01,0.02,1024,1024,1024,1024,0,1024,0.5299121754017847,0.4572619507807304,0.4492086265341033,0.500417811077837,0.632630713186894,0.48678597217983327,0.5283806059339115,0.975054689616478,sample,203,0.5307135976904077,0.4575879833769939,0.44868087966499154,0.5003253621793304,0.6330003783652366,0.4869470721910615,0.5271054076667655,0.9750088229405106,2.524080492943861,2.3461066554601846,1.6686247828804877,0.6446567420885706,5.339154273817509,1.5683500064589109,1.6559504763933635,3.0630805553351395
D_W,dw,918,918,0.01,0.02,1024,1024,1024,1024,0,1024,0.5299121754017847,0.4572619507807304,0.4492086265341033,0.500417811077837,0.632630713186894,0.48678597217983327,0.5283806059339115,0.975054689616478,sample,204,0.5313479507254592,0.45780551129678965,0.45018302391696285,0.4997560677234968,0.6313423515633606,0.4861268303190403,0.5279190680756793,0.9748625281630616,2.501589386929032,2.329360971251074,1.6760319560340888,0.6371000455038051,5.351356009394369,1.5726535494891485,1.6585066659565242,3.0626209567370473
D_W,dw,918,918,0.01,0.02,1024,1024,1024,1024,0,1024,0.5299121754017847,0.4572619507807304,0.4492086265341033,0.500417811077837,0.632630713186894,0.48678597217983327,0.5283806059339115,0.975054689616478,sample,205,0.5322232642925037,0.4584825649850908,0.447030699872082,0.500389266781803,0.6316733581632037,0.4875981360797616,0.5287588889362461,0.9746031240826375,2.544374383461929,2.3601198437608644,1.6647054635092635,0.6379850158980712,5.372409709232659,1.567840029080553,1.6611450410024122,3.0618060147836754
D_W,dw,918,918,0.01,0.02,1024,1024,1024,1024,0,1024,0.5299121754017847,0.4572619507807304,0.4492086265341033,0.500417811077837,0.632630713186894,0.48678597217983327,0.5283806059339115,0.975054689616478,sample,206,0.5299612438506148,0.45605103669723357,0.449555945107835,0.5013742192132731,0.6318786573731229,0.48734749579340514,0.5289932354454225,0.9758428584590038,2.502065441303566,2.3297031298371405,1.6664389161400561,0.639116938574366,5.310746386125453,1.5603763732951879,1.661881262274035,3.0657007551928706
D_W,dw,918,918,0.01,0.02,1024,1024,1024,1024,0,1024,0.5299121754017847,0.4572619507807304,0.4492086265341033,0.500417811077837,0.632630713186894,0.48678597217983327,0.5283806059339115,0.975054689616478,sample,207,0.5311158743861081,0.45677915105119615,0.44923295643960215,0.49983579284500684,0.6323440479777097,0.48692406317659,0.528361586509581,0.9755711930825379,2.515268728008302,2.332268747078021,1.66927922530353,0.6415154044384543,5.3363642331097765,1.5720370858107922,1.6598968786175476,3.0648472932419306
D_W,dw,918,918,0.01,0.02,1024,1024,1024,1024,0,1024,0.5299121754017847,0.4572619507807304,0.4492086265341033,0.500417811077837,0.632630713186894,0.48678597217983327,0.5283806059339115,0.975054689616478,sample,208,0.5309849320645386,0.45603740510537233,0.4500162858252093,0.4994607689579989,0.6332507291232063,0.4877971453123455,0.5289705938430658,0.9744849362665884,2.505869896908126,2.3195829202093576,1.662119001015336,0.6454750895500245,5.326330608552455,1.5748430446033244,1.6618101315824056,3.061434716809032
D_W,dw,918,918,0.01,0.02,1024,1024,1024,1024,0,1024,0.5299121754017847,0.4572619507807304,0.4492086265341033,0.500417811077837,0.632630713186894,0.48678597217983327,0.5283806059339115,0.975054689616478,sample,209,0.5305044787016776,0.4571831211244183,0.44871982842027897,0.5010942320566782,0.6321696456678285,0.4869807042535903,0.5293214178680307,0.9753571018358652,2.5186059379551673,2.343756642408753,1.668980656495257,0.6406726106364472,5.3314155702875095,1.5625175192671088,1.6629122777619383,3.0641747057541857
D_W,dw,918,918,0.01,0.02,1024,1024,1024,1024,0,1024,0.5299121754017847,0.4572619507807304,0.4492086265341033,0.500417811077837,0.632630713186894,0.48678597217983327,0.5283806059339115,0.975054689616478,sample,210,0.5290248957366932,0.4566207620920106,0.44730581595026625,0.49810218605367,0.6311050391275447,0.48722122988328215,0.5278726775913193,0.9760609190577394,2.513128084972302,2.3609641793701663,1.6679490046729417,0.6354926483081286,5.302071881974212,1.5852708383710152,1.658360925951662,3.0663858127678956
D_W,dw,918,918,0.01,0.02,1024,1024,1024,1024,0,1024,0.5299121754017847,0.4572619507807304,0.4492086265341033,0.500417811077837,0.632630713186894,0.48678597217983327,0.5283806059339115,0.975054689616478,sample,211,0.5295701740310105,0.4575105773474929,0.4477176311720745,0.5002832183180733,0.6290652650104724,0.4905366910463376,0.5276377756619925,0.9739512768108971,2.487577695084564,2.3611546632589366,1.6439870665410703,0.6242629180710013,5.320386263503501,1.5686019496829964,1.6576229597761751,3.0597581761835135
D_W,dw,918,918,0.01,0.02,1024,1024,1024,1024,0,1024,0.5299121754017847,0.4572619507807304,0.4492086265341033,0.500417811077837,0.632630713186894,0.48678597217983327,0.5283806059339115,0.975054689616478,sample,212,0.53028358474696,0.4568382980762023,0.44999654364084213,0.4999858884189493,0.6323375370797629,0.48672024194128677,0.5275550569078343,0.9748569405808343,2.50089286262516,2.3296988929792266,1.6708091538785181,0.6415810865811346,5.324208685314339,1.5709029600397688,1.6573630911457975,3.0626034028297706
D_W,dw,918,918,0.01,0.02,1024,1024,1024,1024,0,1024,0.5299121754017847,0.4572619507807304,0.4492086265341033,0.500417811077837,0.632630713186894,0.48678597217983327,0.5283806059339115,0.975054689616478,sample,213,0.5311718114115808,0.4575189645410281,0.44855050349467973,0.49963804764398134,0.6331711772000097,0.4871980328386193,0.5287263189793237,0.9758532923716945,2.527470549980856,2.3442755420046444,1.6666331453259948,0.6453601979139107,5.3454293973944615,1.5735142682620837,1.6610427194650168,3.065733534296328
D_W,dw,918,918,0.01,0.02,1024,1024,1024,1024,0,1024,0.5299121754017847,0.4572619507807304,0.4492086265341033,0.500417811077837,0.632630713186894,0.48678597217983327,0.5283806059339115,0.975054689616478,sample,214,0.5296241024808576,0.45727184482304695,0.4505576189419305,0.5000386607152948,0.6319283905295164,0.48781677620256136,0.5276842917825653,0.9756058605459149,2.481584102434862,2.331053545617085,1.6628823930742342,0.639109257250006,5.318614762092214,1.5705032836217558,1.65776909447884,3.0649562042901946
D_W,dw,918,918,0.01,0.02,1024,1024,1024,1024,0,1024,0.5299121754017847,0.4572619507807304,0.4492086265341033,0.500417811077837,0.632630713186894,0.48678597217983327,0.5283806059339115,0.975054689616478,sample,215,0.5297230095324711,0.45769591110906543,0.4485755848091085,0.5016076572119109,0.6332921075774535,0.48502053881462087,0.5292699767963346,0.9745294022790255,2.531869956187389,2.3535031361615046,1.6826994135618736,0.6470736886544484,5.324860260185968,1.5587357532785173,1.662750670869005,3.061574410907039
D_W,dw,918,918,0.01,0.02,1024,1024,1024,1024,0,1024,0.5299121754017847,0.4572619507807304,0.4492086265341033,0.500417811077837,0.632630713186894,0.48678597217983327,0.5283806059339115,0.975054689616478,sample,216,0.5280333051676195,0.45770438782898126,0.4500473773630879,0.5017047503512965,0.6320210777984174,0.48813183090705986,0.5291484579372697,0.9773614762794666,2.479697023681272,2.3483519869111267,1.6604439192701532,0.6394694594487463,5.297706159488953,1.5578843309210801,1.6623689081140942,3.070471633781247
D_W,dw,918,918,0.01,0.02,1024,1024,1024,1024,0,1024,0.5299121754017847,0.4572619507807304,0.4492086265341033,0.500417811077837,0.632630713186894,0.48678597217983327,0.5283806059339115,0.975054689616478,sample,217,0.529134699163631,0.4586553029999347,0.4483566273513109,0.4996367462714904,0.6315911316969157,0.4868876164700108,0.5275932933915098,0.9753524228078804,2.5068903115752477,2.3666084500293127,1.6701129946015016,0.6379204820272572,5.326247659483201,1.5735567924975598,1.6574832146020118,3.0641600061542427
D_W,dw,918,918,0.01,0.02,1024,1024,1024,1024,0,1024,0.5299121754017847,0.4572619507807304,0.4492086265341033,0.500417811077837,0.632630713186894,0.48678597217983327,0.5283806059339115,0.975054689616478,sample,218,0.5305795119328028,0.45730060308700926,0.45002299681086516,0.49959417781121185,0.6325693232610248,0.487638752108703,0.527844317387621,0.9753610100098751,2.498904949171175,2.331389613288606,1.6637707151555652,0.642270092204811,5.3338770828573026,1.573857524598134,1.6582718297440695,3.064186983644944
D_W,dw,918,918,0.01,0.02,1024,1024,1024,1024,0,1024,0.5299121754017847,0.4572619507807304,0.4492086265341033,0.500417811077837,0.632630713186894,0.48678597217983327,0.5283806059339115,0.975054689616478,sample,219,0.5300660376865161,0.45673951100573085,0.4500477307717732,0.4990035586172711,0.6313040286469396,0.4856372057230765,0.5291939996033012,0.9756260490711859,2.4951702706392735,2.3296001749548205,1.6797458291108192,0.6371857439735751,5.319751317935625,1.5783849915547683,1.6625119814775309,3.065019628412873
D_W,dw,918,918,0.01,0.02,1024,1024,1024,1024,0,1024,0.5299121754017847,0.4572619507807304,0.4492086265341033,0.500417811077837,0.632630713186894,0.48678597217983327,0.5283806059339115,0.975054689616478,sample,220,0.5276359523031325,0.45774186387373084,0.45173740098324844,0.4994672312145551,0.6396921626782627,0.4877280579730421,0.5297988959858659,0.9746119795514214,2.5029659044622714,2.3336178864041517,1.6584206330785156,0.6764527091523324,5.2915566151412605,1.574610185726528,1.6644123195091793,3.061833835059351
D_W,dw,918,918,0.01,0.02,1024,1024,1024,1024,0,1024,0.5299121754017847,0.4572619507807304,0.4492086265341033,0.500417811077837,0.632630713186894,0.48678597217983327,0.5283806059339115,0.975054689616478,sample,221,0.5302792365082515,0.4572053695032473,0.44818573587152905,0.4998067579758154,0.6328431047485173,0.48594647176829986,0.5289864125195781,0.9755596661309274,2.529984611244016,2.3503508629963195,1.676194612929669,0.6443903728006276,5.328162482399154,1.5722509893326893,1.6618598274203265,3.0648110802554327
D_W,dw,918,918,0.01,0.02,1024,1024,1024,1024,0,1024,0.5299121754017847,0.4572619507807304,0.4492086265341033,0.500417811077837,0.632630713186894,0.48678597217983327,0.5283806059339115,0.975054689616478,sample,222,0.5295791734006552,0.4561878131289406,0.44996754573581155,0.49989771648439457,0.6331430498275129,0.48737536086345923,0.5276406453114592,0.9746186746780023,2.4986303442156186,2.328697975991772,1.6653337647891453,0.6451416564432195,5.306231896345225,1.571564549361651,1.657631975045858,3.061854868419833
D_W,dw,918,918,0.01,0.02,1024,1024,1024,1024,0,1024,0.5299121754017847,0.4572619507807304,0.4492086265341033,0.500417811077837,0.632630713186894,0.48678597217983327,0.5283806059339115,0.975054689616478,sample,223,0.5308328426111163,0.45873896434188394,0.44973936765206585,0.5007385609390055,0.6327157563922696,0.48621790140442617,0.527920197323827,0.9761996742423817,2.5136286735248743,2.343932254954273,1.6742705731102452,0.6436521028829326,5.354136065016483,1.5652314011594612,1.658510213594209,3.0668217250366157
D_W,dw,918,918,0.01,0.02,1024,1024,1024,1024,0,1024,0.5299121754017847,0.4572619507807304,0.4492086265341033,0.500417811077837,0.632630713186894,0.48678597217983327,0.5283806059339115,0.975054689616478,sample,224,0.5292688520035066,0.4567118927891589,0.4502535143585046,0.4996226636028812,0.6313778858276277,0.4880862681306628,0.5275164214131447,0.9746111485450286,2.477674595790746,2.3316119311808086,1.661231533167264,0.6363488636578478,5.3069218964133125,1.5736684643481076,1.6572417141595128,3.0618312243757724
D_W,dw,918,918,0.01,0.02,1024,1024,1024,1024,0,1024,0.5299121754017847,0.4572619507807304,0.4492086265341033,0.500417811077837,0.632630713186894,0.48678597217983327,0.5283806059339115,0.975054689616478,sample,225,0.5299714553996425,0.456529967744441,0.45008771406731457,0.5006506240534939,0.6327531974158649,0.4864811771416676,0.5293432605177137,0.9757981011843954,2.5028710265825973,2.3280790787952643,1.6722795304019815,0.6436996339879498,5.316015501337867,1.5658953612668578,1.6629808984697174,3.065560146067766
D_W,dw,918,918,0.01,0.02,1024,1024,1024,1024,0,1024,0.5299121754017847,0.4572619507807304,0.4492086265341033,0.500417811077837,0.632630713186894,0.48678597217983327,0.5283806059339115,0.975054689616478,sample,226,0.5296192029922446,0.4558026040421788,0.44640932677773304,0.49965315445804925,0.6332791482386454,0.4891285358428112,0.5284712722588467,0.9747687840940068,2.537209440968158,2.359811536309544,1.6521849937495754,0.6450546654281434,5.302804213501909,1.5733987200689834,1.6602414665616443,3.0623264510583867
D_W,dw,918,918,0.01,0.02,1024,1024,1024,1024,0,1024,0.5299121754017847,0.4572619507807304,0.4492086265341033,0.500417811077837,0.632630713186894,0.48678597217983327,0.5283806059339115,0.975054689616478,sample,227,0.5299059299799683,0.4585195106247378,0.44973463629636184,0.5034272207660591,0.6330238975641687,0.487073253454746,0.5295100218104579,0.9760334232229264,2.5113915090966654,2.347598608483,1.6676363518551625,0.6449205218471653,5.337046470340163,1.545038077167221,1.6635047945219057,3.066299432055243
D_W,dw,918,918,0.01,0.02,1024,1024,1024,1024,0,1024,0.5299121754017847,0.4572619507807304,0.4492086265341033,0.500417811077837,0.632630713186894,0.48678597217983327,0.5283806059339115,0.975054689616478,sample,228,0.5297097666770081,0.45604891725477553,0.44917225715790643,0.4996005010140174,0.6322663413203635,0.4869367367911304,0.5289822805227604,0.975963911806827,2.5056067025237323,2.334798941892918,1.6692414472658312,0.6411387729162651,5.306807121440542,1.573816730679504,1.6618468463694793,3.0660810555010842
D_W,dw,918,918,0.01,0.02,1024,1024,1024,1024,0,1024,0.5299121754017847,0.4572619507807304,0.4492086265341033,0.500417811077837,0.632630713186894,0.48678597217983327,0.5283806059339115,0.975054689616478,sample,229,0.529480613225277,0.45857882220344004,0.4498758592040188,0.5001878673471039,0.6317993374780964,0.4850027737684131,0.5293055152889685,0.9750227391094505,2.500985835444938,2.349093262163506,1.6840972186526004,0.6398822073413695,5.330942814206517,1.5693709234244104,1.6628623183363833,3.063124274269247
D_W,dw,918,918,0.01,0.02,1024,1024,1024,1024,0,1024,0.5299121754017847,0.4572619507807304,0.4492086265341033,0.500417811077837,0.632630713186894,0.48678597217983327,0.5283806059339115,0.975054689616478,sample,230,0.5287548778552843,0.45960601476842655,0.4517286976769523,0.5011237292717128,0.6317601431641481,0.4865004648881533,0.5286678176089781,0.9765924257772259,2.467609760931603,2.3427863073165858,1.6728917625096273,0.6389399846626164,5.331030661747255,1.5622679357324825,1.6608589319897142,3.0680555903731683
D_W,dw,918,918,0.01,0.02,1024,1024,1024,1024,0,1024,0.5299121754017847,0.4572619507807304,0.4492086265341033,0.500417811077837,0.632630713186894,0.48678597217983327,0.5283806059339115,0.975054689616478,sample,231,0.5297626577057344,0.4572879506957649,0.4478427656020892,0.5012735286948063,0.6334866715652698,0.485487940855135,0.5289546788780101,0.9745910466995905,2.54005015726362,2.357137509611254,1.6790815619463204,0.6477414720487399,5.320978275376108,1.5612561229476278,1.6617601332451046,3.0617680725658207
D_W,dw,918,918,0.01,0.02,1024,1024,1024,1024,0,1024,0.5299121754017847,0.4572619507807304,0.4492086265341033,0.500417811077837,0.632630713186894,0.48678597217983327,0.5283806059339115,0.975054689616478,sample,232,0.5313946787960496,0.45754225164482915,0.4504846610154187,0.496730848471812,0.6313470228146528,0.4885421440002346,0.5293020697147744,0.9746404792985247,2.4810141792657094,2.324062270437241,1.6577827210127947,0.6361985907094013,5.349093119143787,1.5956806115491882,1.6628514937458079,3.06192336965548
D_W,dw,918,918,0.01,0.02,1024,1024,1024,1024,0,1024,0.5299121754017847,0.4572619507807304,0.4492086265341033,0.500417811077837,0.632630713186894,0.48678597217983327,0.5283806059339115,0.975054689616478,sample,233,0.5264591246173133,0.45643738325246425,0.45203339075906707,0.4972735798550907,0.6305530519006297,0.48643208863748894,0.5272041537261536,0.9763775894167306,2.43456099025346,2.3258618888608873,1.6743285809604909,0.6332953649418035,5.258218335239186,1.5916769102443047,1.6562606962881081,3.067380662041312
D_W,dw,918,918,0.01,0.02,1024,1024,1024,1024,0,1024,0.5299121754017847,0.4572619507807304,0.4492086265341033,0.500417811077837,0.632630713186894,0.48678597217983327,0.5283806059339115,0.975054689616478,sample,234,0.5311662661196634,0.4558144162284904,0.4492912374550485,0.49601103577257977,0.6270526949169201,0.49553148266393654,0.5290796456092189,0.9717446803123622,2.4369897643108303,2.3241144146196233,1.605935118834146,0.6135625425828641,5.32669599650711,1.6021821572217008,1.6621527278098134,3.052825948834279
D_W,dw,918,918,0.01,0.02,1024,1024,1024,1024,0,1024,0.5299121754017847,0.4572619507807304,0.4492086265341033,0.500417811077837,0.632630713186894,0.48678597217983327,0.5283806059339115,0.975054689616478,sample,235,0.5298470024493149,0.45784831710665147,0.45020001779796776,0.5017261701982935,0.6326685827202021,0.4874066619352645,0.528460691226232,0.973471884520711,2.4976678687748137,2.3379714786763253,1.6654280841864686,0.6429026106852598,5.328520977756185,1.5577859157008123,1.6602082252673143,3.0582521208864772
D_W,dw,918,918,0.01,0.02,1024,1024,1024,1024,0,1024,0.5299121754017847,0.4572619507807304,0.4492086265341033,0.500417811077837,0.632630713186894,0.48678597217983327,0.5283806059339115,0.975054689616478,sample,236,0.5296816259607889,0.45761654457276074,0.4458667681014009,0.5011127904823823,0.6308807766478154,0.4872396820830065,0.5272338573332472,0.9754978471537958,2.540206586155658,2.378764679090349,1.6679814115855771,0.6343640777210551,5.323324049229322,1.5622942098477106,1.6563540129219385,3.0646168702110237
D_W,dw,918,918,0.01,0.02,1024,1024,1024,1024,0,1024,0.5299121754017847,0.4572619507807304,0.4492086265341033,0.500417811077837,0.632630713186894,0.48678597217983327,0.5283806059339115,0.975054689616478,sample,237,0.5287312691457642,0.4571683033047891,0.4478690509809229,0.5005941254098957,0.6330097089480847,0.48627693412577655,0.5284471627802995,0.9758849963895421,2.524769843364603,2.361549673286391,1.6736049584991577,0.6450297346166493,5.303243914396209,1.566329574230117,1.6601657244009584,3.065833135405887
D_W,dw,918,918,0.01,0.02,1024,1024,1024,1024,0,1024,0.5299121754017847,0.4572619507807304,0.4492086265341033,0.500417811077837,0.632630713186894,0.48678597217983327,0.5283806059339115,0.975054689616478,sample,238,0.5306450650833113,0.45796619566220187,0.44928041480975595,0.4998211045575398,0.6327875153337477,0.4860034988799333,0.5272026568896772,0.9749322370080732,2.517701294680225,2.3435488310946893,1.6758137027986466,0.6440947166974429,5.342351688121101,1.5721435568697804,1.65625599383763,3.0628399535324258
D_W,dw,918,918,0.01,0.02,1024,1024,1024,1024,0,1024,0.5299121754017847,0.4572619507807304,0.4492086265341033,0.500417811077837,0.632630713186894,0.48678597217983327,0.5283806059339115,0.975054689616478,sample,239,0.5314633400041721,0.4559576359492871,0.4483921700102939,0.49847716446840723,0.6289489868118114,0.4833745584465428,0.5263300026788647,0.9752105873630035,2.521813639801799,2.3323788000244523,1.69901049831235,0.627220924763349,5.332706247462018,1.5826053745453337,1.6535144697798174,3.0637144169625987
D_W,dw,918,918,0.01,0.02,1024,1024,1024,1024,0,1024,0.5299121754017847,0.4572619507807304,0.4492086265341033,0.500417811077837,0.632630713186894,0.48678597217983327,0.5283806059339115,0.975054689616478,sample,240,0.5295876008545672,0.45661131680254213,0.448840875809141,0.4999823932056656,0.6320007272465156,0.48725891233413154,0.5286768248337672,0.9766874278451648,2.506286793422192,2.3431007927910876,1.667021093168347,0.6397096344198437,5.310877219731768,1.570929710864797,1.6608872290209409,3.068354048171881
D_W,dw,918,918,0.01,0.02,1024,1024,1024,1024,0,1024,0.5299121754017847,0.4572619507807304,0.4492086265341033,0.500417811077837,0.632630713186894,0.48678597217983327,0.5283806059339115,0.975054689616478,sample,241,0.5304483271104055,0.45771650470589603,0.44559862348094664,0.49846528801097795,0.6312230007609978,0.48961898499830053,0.5267161831630999,0.9744511512484902,2.534739086715582,2.377746231478221,1.6497362565986156,0.635019513210421,5.336477611026675,1.5824912431694484,1.6547276915520504,3.0613285780443733
D_W,dw,918,918,0.01,0.02,1024,1024,1024,1024,0,1024,0.5299121754017847,0.4572619507807304,0.4492086265341033,0.500417811077837,0.632630713186894,0.48678597217983327,0.5283806059339115,0.975054689616478,sample,242,0.5296193658012486,0.45826187076069785,0.448775368676806,0.4996201747864215,0.6330750459625936,0.4858648073610645,0.5274699849987741,0.9745994674322533,2.518984196082322,2.356631672497872,1.6766188114209588,0.6455464386513209,5.329560580988769,1.5736505372098768,1.657095829861267,3.061794527077692
D_W,dw,918,918,0.01,0.02,1024,1024,1024,1024,0,1024,0.5299121754017847,0.4572619507807304,0.4492086265341033,0.500417811077837,0.632630713186894,0.48678597217983327,0.5283806059339115,0.975054689616478,sample,243,0.5291171398515809,0.45784475422808346,0.4512648487010254,0.49941455812768404,0.63076202843979,0.48626720820160935,0.5284776279093988,0.9775658472718796,2.467239052593961,2.3312082691459746,1.6754329624825546,0.6342503307053857,5.316854242347108,1.5752734519025215,1.6602614334267274,3.0711136841896187
D_W,dw,918,918,0.01,0.02,1024,1024,1024,1024,0,1024,0.5299121754017847,0.4572619507807304,0.4492086265341033,0.500417811077837,0.632630713186894,0.48678597217983327,0.5283806059339115,0.975054689616478,sample,244,0.5281454041548262,0.4564542572950137,0.4488004714124836,0.5006240414892028,0.6320796180093384,0.48622707447763663,0.5281346230842852,0.9746567297047918,2.5037825999617533,2.349884865069637,1.674697106997611,0.6405925875908527,5.28618775219144,1.566071624716347,1.6591838519880047,3.0619744218124265
D_W,dw,918,918,0.01,0.02,1024,1024,1024,1024,0,1024,0.5299121754017847,0.4572619507807304,0.4492086265341033,0.500417811077837,0.632630713186894,0.48678597217983327,0.5283806059339115,0.975054689616478,sample,245,0.5294685260887952,0.45787608345898073,0.44994636322693493,0.5011934914617167,0.6321429276881573,0.4851423229811775,0.5275675858365273,0.9745494291037232,2.5039268340665037,2.3428433618092837,1.6827579697753732,0.6414786629380149,5.322824666809121,1.5617647499134608,1.6574024519361368,3.061637327032384
D_W,dw,918,918,0.01,0.02,1024,1024,1024,1024,0,1024,0.5299121754017847,0.4572619507807304,0.4492086265341033,0.500417811077837,0.632630713186894,0.48678597217983327,0.5283806059339115,0.975054689616478,sample,246,0.5303652387191758,0.4556711650433068,0.4500504900469535,0.5009462534965868,0.6312641289931231,0.48590669818965027,0.5285589993774993,0.9753070132357782,2.5007948226024683,2.3197318222909193,1.6777498266946478,0.6368525558561611,5.312976528734016,1.5635876772329957,1.6605170694331237,3.0640173477761237
D_W,dw,918,918,0.01,0.02,1024,1024,1024,1024,0,1024,0.5299121754017847,0.4572619507807304,0.4492086265341033,0.500417811077837,0.632630713186894,0.48678597217983327,0.5283806059339115,0.975054689616478,sample,247,0.5299719294484152,0.4557115101044961,0.44901374721642523,0.5017668840462538,0.6306396414604175,0.4860194078303574,0.529470518797616,0.9738403236779359,2.5086168665649735,2.3323559511908227,1.6773973610056454,0.6338402889046094,5.307335164141143,1.557272282298994,1.6633806921469667,3.05940960663611
D_W,dw,918,918,0.01,0.02,1024,1024,1024,1024,0,1024,0.5299121754017847,0.4572619507807304,0.4492086265341033,0.500417811077837,0.632630713186894,0.48678597217983327,0.5283806059339115,0.975054689616478,sample,248,0.5315347120133906,0.4581407522775812,0.4489145674090508,0.5003980035325296,0.6331634893989665,0.4860170839546321,0.5291116298353361,0.9752497164246209,2.532172898172898,2.3434126503289687,1.6754180887480687,0.6458938197999936,5.358031371484717,1.5678075019361188,1.6622532092196138,3.063837344535118
D_W,dw,918,918,0.01,0.02,1024,1024,1024,1024,0,1024,0.5299121754017847,0.4572619507807304,0.4492086265341033,0.500417811077837,0.632630713186894,0.48678597217983327,0.5283806059339115,0.975054689616478,sample,249,0.5302043373951262,0.45772809534851383,0.4486690314524991,0.4994764520038756,0.632470686308257,0.4863669153385229,0.5293344781473175,0.9748588051423618,2.518093515513564,2.350162606733147,1.6733484658110898,0.6423973775784882,5.33279696836396,1.5747484862110521,1.6629533078393994,3.062609260522567
D_W,dw,918,918,0.01,0.02,1024,1024,1024,1024,0,1024,0.5299121754017847,0.4572619507807304,0.4492086265341033,0.500417811077837,0.632630713186894,0.48678597217983327,0.5283806059339115,0.975054689616478,sample,250,0.5301727844035723,0.455332773994958,0.4514907252808396,0.49654177504497987,0.6325911189539294,0.4868514316064972,0.5296707257055457,0.9739076947032158,2.4761491311359967,2.303574215625986,1.669606064465211,0.6429519114019249,5.306483188398107,1.596872289750348,1.664009660698117,3.059621258954194
D_W,dw,918,918,0.01,0.02,1024,1024,1024,1024,0,1024,0.5299121754017847,0.4572619507807304,0.4492086265341033,0.500417811077837,0.632630713186894,0.48678597217983327,0.5283806059339115,0.975054689616478,sample,251,0.5284264270793033,0.4572815839459759,0.44935295750165094,0.49185850431168704,0.6288339318342158,0.4936094428001844,0.5284325330296712,0.9745996856218722,2.4282014467337256,2.3496724420133885,1.6202602581447625,0.6234764430466864,5.299539995109517,1.6339061296525144,1.6601197636838607,3.0617952125405954
D_W,dw,918,918,0.01,0.02,1024,1024,1024,1024,0,1024,0.5299121754017847,0.4572619507807304,0.4492086265341033,0.500417811077837,0.632630713186894,0.48678597217983327,0.5283806059339115,0.975054689616478,sample,252,0.5301679531081092,0.4559396772543497,0.4483085010319454,0.5012216247393679,0.6335095984358555,0.4860990362098083,0.5271207357049911,0.9765234282306686,2.534932915252884,2.3399511432728164,1.674537777671071,0.6475371909306269,5.3127701980764135,1.5616464929085336,1.655998630845647,3.067838828187788
D_W,dw,918,918,0.01,0.02,1024,1024,1024,1024,0,1024,0.5299121754017847,0.4572619507807304,0.4492086265341033,0.500417811077837,0.632630713186894,0.48678597217983327,0.5283806059339115,0.975054689616478,sample,253,0.5311508524643045,0.45695636233324366,0.44924462228930645,0.5003790771154404,0.632968993987361,0.48659301406572897,0.5278858745721743,0.9754000694614281,2.5218825269178167,2.333310871108996,1.6712842204836833,0.6446758528035474,5.338847157029768,1.5679454660257723,1.6584023854897658,3.0643096925309963
D_W,dw,918,918,0.01,0.02,1024,1024,1024,1024,0,1024,0.5299121754017847,0.4572619507807304,0.4492086265341033,0.500417811077837,0.632630713186894,0.48678597217983327,0.5283806059339115,0.975054689616478,sample,254,0.5281738024479503,0.4566273327689493,0.4498214384180528,0.5003312321712806,0.6316968356885717,0.4875412680360069,0.5287724583886204,0.9775971299756869,2.48174184481462,2.3410691118940345,1.6651169292965466,0.638122783337156,5.288465407739132,1.5682812210133714,1.6611876706943045,3.071211961702084
D_W,dw,918,918,0.01,0.02,1024,1024,1024,1024,0,1024,0.5299121754017847,0.4572619507807304,0.4492086265341033,0.500417811077837,0.632630713186894,0.48678597217983327,0.5283806059339115,0.975054689616478,sample,255,0.5307336248750292,0.45881513073670493,0.4508073235766782,0.4992804803223855,0.6329941269051808,0.48891049282324955,0.5310054848119881,0.9728595564989104,2.486290134391081,2.3343693222798656,1.6539861030602143,0.6437780621163343,5.353476660996105,1.5762064353042315,1.6682029301012282,3.056328435671601
D_W,dw,918,918,0.01,0.02,1024,1024,1024,1024,0,1024,0.5299121754017847,0.4572619507807304,0.4492086265341033,0.500417811077837,0.632630713186894,0.48678597217983327,0.5283806059339115,0.975054689616478,sample,256,0.5294993126817343,0.45763676016547444,0.4483365579948633,0.5003100333734033,0.6346916259927603,0.48829878902696283,0.529328429147009,0.9737513607381236,2.5246778312055818,2.3565936025295433,1.6574526125569464,0.6521796746901639,5.320655841359708,1.5684945294591601,1.6629343043444687,3.0591301213179536
D_W,dw,918,918,0.01,0.02,1024,1024,1024,1024,0,1024,0.5299121754017847,0.4572619507807304,0.4492086265341033,0.500417811077837,0.632630713186894,0.48678597217983327,0.5283806059339115,0.975054689616478,sample,257,0.5285438457529487,0.45650197793074965,0.4508892293187497,0.5018310408133021,0.6314307037491768,0.4862344715490884,0.5275405007896117,0.9754557367413578,2.4783157773738447,2.3273663773218587,1.6751418208166353,0.6375296913668309,5.293117514055228,1.5568656217705625,1.6573173617517245,3.064484576448669
D_W,dw,918,918,0.01,0.02,1024,1024,1024,1024,0,1024,0.5299121754017847,0.4572619507807304,0.4492086265341033,0.500417811077837,0.632630713186894,0.48678597217983327,0.5283806059339115,0.975054689616478,sample,258,0.5295889456034075,0.45795589819497634,0.45036628023410136,0.5013042686218716,0.6295817415433353,0.48256667580144086,0.5283352076378914,0.9770805579088189,2.495579479976243,2.338595793804425,1.7045219944873367,0.6307444368728687,5.32563379698577,1.5607314475576144,1.6598140069480376,3.069589102691762
D_W,dw,918,918,0.01,0.02,1024,1024,1024,1024,0,1024,0.5299121754017847,0.4572619507807304,0.4492086265341033,0.500417811077837,0.632630713186894,0.48678597217983327,0.5283806059339115,0.975054689616478,sample,259,0.5278820362443252,0.4573881466290116,0.44976023676198706,0.5003977715309856,0.6320530128943717,0.4862686907616686,0.5274055904296818,0.9756205627953793,2.488392115801047,2.3494382438732186,1.6744068076252294,0.6404399485940379,5.291799196451789,1.5677841249584898,1.6568935283560757,3.0650023927691032
D_W,dw,918,918,0.01,0.02,1024,1024,1024,1024,0,1024,0.5299121754017847,0.4572619507807304,0.4492086265341033,0.500417811077837,0.632630713186894,0.48678597217983327,0.5283806059339115,0.975054689616478,sample,260,0.5276102415979694,0.4568531048744477,0.45031141415039583,0.500843001959161,0.6322061040646427,0.48947859533687427,0.528262589338642,0.9746032739834423,2.4671952510366526,2.340972582928558,1.650210690856386,0.6397703221413892,5.281640161611626,1.5644199908438063,1.6595858698325996,3.0618064857109424
D_W,dw,918,918,0.01,0.02,1024,1024,1024,1024,0,1024,0.5299121754017847,0.4572619507807304,0.4492086265341033,0.500417811077837,0.632630713186894,0.48678597217983327,0.5283806059339115,0.975054689616478,sample,261,0.5317742310593185,0.4570380100265452,0.4482415103671009,0.5010348952507159,0.6338165758846082,0.4869205464515821,0.5286298373016125,0.9751444555570888,2.544334666333774,2.3402553695957664,1.6682256022892554,0.6486049727732486,5.349193923551299,1.5630627959352599,1.6607396133351133,3.0635066577669687
D_W,dw,918,918,0.01,0.02,1024,1024,1024,1024,0,1024,0.5299121754017847,0.4572619507807304,0.4492086265341033,0.500417811077837,0.632630713186894,0.48678597217983327,0.5283806059339115,0.975054689616478,sample,262,0.5294566984226015,0.45878575358409746,0.449485418871691,0.5011195652089103,0.6316309781833821,0.4855242618756676,0.5289954797899429,0.974741004365345,2.5042297037956534,2.354769304026886,1.68032437978535,0.6388175929507597,5.332926813578478,1.5622911995913253,1.6618883130902924,3.0622391784669043
D_W,dw,918,918,0.01,0.02,1024,1024,1024,1024,0,1024,0.5299121754017847,0.4572619507807304,0.4492086265341033,0.500417811077837,0.632630713186894,0.48678597217983327,0.5283806059339115,0.975054689616478,sample,263,0.5279532403507382,0.45442896836208707,0.4490929058918769,0.5015062546861511,0.6316294011313199,0.4850044163485946,0.526733455236608,0.9755820815482688,2.505380763817073,2.331727092979089,1.684222674272831,0.6391074897644592,5.262602717047068,1.5593536784766064,1.6547819533712957,3.0648815003658796
D_W,dw,918,918,0.01,0.02,1024,1024,1024,1024,0,1024,0.5299121754017847,0.4572619507807304,0.4492086265341033,0.500417811077837,0.632630713186894,0.48678597217983327,0.5283806059339115,0.975054689616478,sample,264,0.530292363332698,0.4559447366388914,0.4493949848143604,0.5015806475460283,0.6327757553880121,0.48725231067799807,0.528835053416969,0.9756386367006549,2.513004607601912,2.328721163048303,1.666505375164672,0.6434792639379863,5.314743676810276,1.5588922492942177,1.6613843187755157,3.0650591736171386
D_W,dw,918,918,0.01,0.02,1024,1024,1024,1024,0,1024,0.5299121754017847,0.4572619507807304,0.4492086265341033,0.500417811077837,0.632630713186894,0.48678597217983327,0.5283806059339115,0.975054689616478,sample,265,0.530045550513872,0.45905504192850183,0.4491130927898937,0.5007716210981781,0.6340375290054964,0.48639364452986134,0.5295354401993255,0.9743211592730857,2.523695027215764,2.357186289964345,1.6719596598089272,0.6499089855923033,5.345443443017743,1.5650396362607197,1.6635846487456383,3.060920196209417
D_W,dw,918,918,0.01,0.02,1024,1024,1024,1024,0,1024,0.5299121754017847,0.4572619507807304,0.4492086265341033,0.500417811077837,0.632630713186894,0.48678597217983327,0.5283806059339115,0.975054689616478,sample,266,0.5308174111396978,0.45712326982692064,0.4488375008269938,0.5012168601495529,0.6337566593890843,0.48682504668493143,0.5287203324878372,0.976020830575152,2.530331836303003,2.3404192062567413,1.668974999652448,0.6483696721007124,5.335584639948894,1.56169901092785,1.6610239123473423,3.0662598710855056
D_W,dw,918,918,0.01,0.02,1024,1024,1024,1024,0,1024,0.5299121754017847,0.4572619507807304,0.4492086265341033,0.500417811077837,0.632630713186894,0.48678597217983327,0.5283806059339115,0.975054689616478,sample,267,0.5307003257184147,0.4573536115627945,0.4500084824697157,0.4999050182453725,0.6338926635441383,0.48709383489217406,0.5279938270416706,0.9750097216474961,2.5114370524092395,2.3312741098413663,1.6668912944463044,0.6488704801708703,5.336333671854927,1.571505713972512,1.6587415281748723,3.063083378706403
D_W,dw,918,918,0.01,0.02,1024,1024,1024,1024,0,1024,0.5299121754017847,0.4572619507807304,0.4492086265341033,0.500417811077837,0.632630713186894,0.48678597217983327,0.5283806059339115,0.975054689616478,sample,268,0.5303308476400155,0.45602381086343746,0.4513852246102054,0.5002907908343388,0.6323597207048105,0.48581298170712794,0.5286433320359074,0.9743571704080063,2.48927106665978,2.3091205197679194,1.6775737190293771,0.6421407581392403,5.316175934184148,1.5685993565615133,1.6607820082932365,3.0610333285263307
D_W,dw,918,918,0.01,0.02,1024,1024,1024,1024,0,1024,0.5299121754017847,0.4572619507807304,0.4492086265341033,0.500417811077837,0.632630713186894,0.48678597217983327,0.5283806059339115,0.975054689616478,sample,269,0.5294357761749986,0.4582077383528758,0.4506397145079645,0.5002224892268207,0.6331984704649991,0.4875870527097515,0.5278105943869194,0.9765164470131966,2.4884701047269013,2.338702020789322,1.6637191825601936,0.645312952919614,5.326018796355389,1.569125969626965,1.6581658858128079,3.067816896046265
D_W,dw,918,918,0.01,0.02,1024,1024,1024,1024,0,1024,0.5299121754017847,0.4572619507807304,0.4492086265341033,0.500417811077837,0.632630713186894,0.48678597217983327,0.5283806059339115,0.975054689616478,sample,270,0.5276298510944498,0.4550551018333773,0.4494525126122954,0.502009002406585,0.6325290333871371,0.4858572295310087,0.5277146291034074,0.9743979081349367,2.5005424414804036,2.3347958054220928,1.6770963705960646,0.6430016681838229,5.26358312755124,1.555638527097493,1.657864401983127,3.0611613098699793
D_W,dw,918,918,0.01,0.02,1024,1024,1024,1024,0,1024,0.5299121754017847,0.4572619507807304,0.4492086265341033,0.500417811077837,0.632630713186894,0.48678597217983327,0.5283806059339115,0.975054689616478,sample,271,0.529626434192048,0.45705838402407956,0.4489283270117148,0.5003763482824473,0.6324492122583226,0.48637807657407217,0.5294091647462366,0.9752285636481377,2.5128341035350226,2.3455565677502137,1.6732819755594317,0.642286425423342,5.316320197328681,1.5679548809065114,1.6631879427098852,3.0637708911279153
D_W,dw,918,918,0.01,0.02,1024,1024,1024,1024,0,1024,0.5299121754017847,0.4572619507807304,0.4492086265341033,0.500417811077837,0.632630713186894,0.48678597217983327,0.5283806059339115,0.975054689616478,sample,272,0.5308579002752,0.4564331768912075,0.4503577465328871,0.4998310986207077,0.6314902974694595,0.4880414400957189,0.5286791843309534,0.9747557670004745,2.489123799503316,2.3198547426563767,1.661493072697523,0.6369063724674199,5.328656375940606,1.5720808419998071,1.6608946415999672,3.062285556652975
D_W,dw,918,918,0.01,0.02,1024,1024,1024,1024,0,1024,0.5299121754017847,0.4572619507807304,0.4492086265341033,0.500417811077837,0.632630713186894,0.48678597217983327,0.5283806059339115,0.975054689616478,sample,273,0.5299890058157165,0.4572422147059499,0.44786348742902005,0.5003835547945157,0.6319436890773197,0.4863746419158119,0.5288779473862557,0.9747806772990857,2.5257140766146,2.3553357769618177,1.6736976124569964,0.6398625177720482,5.3240334704418135,1.5678893767406317,1.66151907415431,3.0623638146640904
D_W,dw,918,918,0.01,0.02,1024,1024,1024,1024,0,1024,0.5299121754017847,0.4572619507807304,0.4492086265341033,0.500417811077837,0.632630713186894,0.48678597217983327,0.5283806059339115,0.975054689616478,sample,274,0.5317805546707428,0.45645787120125375,0.4495877514940028,0.5003188154373772,0.6322155726366065,0.48985525558634135,0.5299313122172512,0.9731665745413979,2.503149370723226,2.3227102489530616,1.6473748757375846,0.6396632093749963,5.342888835266825,1.5683850010100238,1.6648283173689153,3.0572929612983994
D_W,dw,918,918,0.01,0.02,1024,1024,1024,1024,0,1024,0.5299121754017847,0.4572619507807304,0.4492086265341033,0.500417811077837,0.632630713186894,0.48678597217983327,0.5283806059339115,0.975054689616478,sample,275,0.5292632694446353,0.4542065077031434,0.4488070588016518,0.5003225004419307,0.6303489439672212,0.48811999673805634,0.5278086371972666,0.9759161081399128,2.493394427150285,2.3263364469413728,1.661684952838498,0.631390380750752,5.281011467092973,1.5683222002383312,1.658159737120173,3.0659308758522923
D_W,dw,918,918,0.01,0.02,1024,1024,1024,1024,0,1024,0.5299121754017847,0.4572619507807304,0.4492086265341033,0.500417811077837,0.632630713186894,0.48678597217983327,0.5283806059339115,0.975054689616478,sample,276,0.5302370901124175,0.45741841891079654,0.447867180578581,0.49895698587895776,0.6362038114345451,0.4865094763350562,0.5293089086060667,0.9735205953329439,2.5506806946228178,2.355309157475223,1.6695180487360062,0.6602594036312751,5.329859939187056,1.5784539225916256,1.6628729787564505,3.0584051504163385
D_W,dw,918,918,0.01,0.02,1024,1024,1024,1024,0,1024,0.5299121754017847,0.4572619507807304,0.4492086265341033,0.500417811077837,0.632630713186894,0.48678597217983327,0.5283806059339115,0.975054689616478,sample,277,0.5314652486343914,0.45604738288753666,0.44863821319470587,0.5001939667014372,0.6343811403499596,0.48527454965337485,0.5284859162092335,0.974948194331563,2.5467770693496457,2.3306559612271123,1.6799404856381102,0.6521140001254099,5.3337001017763646,1.569352920627727,1.6602874718885987,3.0628900849426723
D_W,dw,918,918,0.01,0.02,1024,1024,1024,1024,0,1024,0.5299121754017847,0.4572619507807304,0.4492086265341033,0.500417811077837,0.632630713186894,0.48678597217983327,0.5283806059339115,0.975054689616478,sample,278,0.5295442637099714,0.4589564131037489,0.4491691961662936,0.5000778538613545,0.6317666493302128,0.48763591536109974,0.5274883848003346,0.97517864663389,2.4978875715199194,2.3587552870856388,1.6643555532537897,0.6384133518023867,5.336297794364131,1.5702054803804917,1.657153634542677,3.0636140722026655
D_W,dw,918,918,0.01,0.02,1024,1024,1024,1024,0,1024,0.5299121754017847,0.4572619507807304,0.4492086265341033,0.500417811077837,0.632630713186894,0.48678597217983327,0.5283806059339115,0.975054689616478,sample,279,0.530788985219334,0.45927276356405733,0.4471316284741037,0.4999279146406729,0.633386684433821,0.487122324759443,0.5263477098049046,0.9763399010494991,2.544758135813751,2.373636437559869,1.6670419597246149,0.6464277318506365,5.35970645740689,1.5713367506956435,1.6535700983569008,3.067262260543692
D_W,dw,918,918,0.01,0.02,1024,1024,1024,1024,0,1024,0.5299121754017847,0.4572619507807304,0.4492086265341033,0.500417811077837,0.632630713186894,0.48678597217983327,0.5283806059339115,0.975054689616478,sample,280,0.5287494567294286,0.45723295185074847,0.44900870318603775,0.4997146036479042,0.6330048329198659,0.48673681646993366,0.5289547532068816,0.9744781501490073,2.5062801694564323,2.3509201474230603,1.670187081753933,0.6447775370196154,5.304235879672358,1.5729420827634317,1.6617603667561411,3.0614133975918927
D_W,dw,918,918,0.01,0.02,1024,1024,1024,1024,0,1024,0.5299121754017847,0.4572619507807304,0.4492086265341033,0.500417811077837,0.632630713186894,0.48678597217983327,0.5283806059339115,0.975054689616478,sample,281,0.5314070980171197,0.4562890754854121,0.4509134995532556,0.5015361327882633,0.6312884662692261,0.48649295239650464,0.5290100507526125,0.9732223077440262,2.495913890405713,2.3101894414400026,1.6733093559109855,0.6367004165370954,5.335435500303546,1.559096420941304,1.661934089119571,3.0574680523183373
D_W,dw,918,918,0.01,0.02,1024,1024,1024,1024,0,1024,0.5299121754017847,0.4572619507807304,0.4492086265341033,0.500417811077837,0.632630713186894,0.48678597217983327,0.5283806059339115,0.975054689616478,sample,282,0.5307302357142397,0.4576323044834178,0.4502208561211108,0.5033297520023481,0.6329978849348047,0.48628343584846484,0.5301703396585435,0.9746931373532527,2.514674317319736,2.3311323195360485,1.6735347142368182,0.6451633890079769,5.339908418966134,1.5457654282900204,1.6655792442224857,3.062088799813366
D_W,dw,918,918,0.01,0.02,1024,1024,1024,1024,0,1024,0.5299121754017847,0.4572619507807304,0.4492086265341033,0.500417811077837,0.632630713186894,0.48678597217983327,0.5283806059339115,0.975054689616478,sample,283,0.5293564481126368,0.45704744099547845,0.4490096488902112,0.4997279322118037,0.633992591876172,0.48663962070282796,0.5296544653480855,0.9747453298276489,2.5171499510068247,2.3461398548437393,1.6701774759599153,0.6495651918867439,5.31192926949784,1.5728267928862951,1.663958577278575,3.062252767307502
D_W,dw,918,918,0.01,0.02,1024,1024,1024,1024,0,1024,0.5299121754017847,0.4572619507807304,0.4492086265341033,0.500417811077837,0.632630713186894,0.48678597217983327,0.5283806059339115,0.975054689616478,sample,284,0.5293318101313939,0.45532265572896574,0.44839498113192755,0.5030998658621977,0.6297968717848682,0.48785782949062284,0.5283110314202051,0.9764788510669998,2.5019104345572787,2.338676433269309,1.664045914782341,0.6290306839546232,5.293337789088646,1.5469184269392278,1.6597380551201626,3.0676987848978885
D_W,dw,918,918,0.01,0.02,1024,1024,1024,1024,0,1024,0.5299121754017847,0.4572619507807304,0.4492086265341033,0.500417811077837,0.632630713186894,0.48678597217983327,0.5283806059339115,0.975054689616478,sample,285,0.5304015915986294,0.45852201521720687,0.4484634688669356,0.5016265892650873,0.6344146015933393,0.4864026325761458,0.5283710433416329,0.97707551104682,2.538680581218577,2.357263600805067,1.6716059298925658,0.651750858115699,5.344893239035426,1.5586956334702415,1.659926588131648,3.0695732475071824
D_W,dw,918,918,0.01,0.02,1024,1024,1024,1024,0,1024,0.5299121754017847,0.4572619507807304,0.4492086265341033,0.500417811077837,0.632630713186894,0.48678597217983327,0.5283806059339115,0.975054689616478,sample,286,0.5295648334032612,0.4579560935684754,0.45014608189940875,0.49994940527751713,0.6347738689128899,0.4871694177669369,0.5279652080458616,0.9747835710026316,2.5070085935148207,2.3409443470366837,1.6657110817531864,0.6530670184081838,5.325252340612828,1.5711717313188909,1.6586516189478855,3.062372905501892
D_W,dw,918,918,0.01,0.02,1024,1024,1024,1024,0,1024,0.5299121754017847,0.4572619507807304,0.4492086265341033,0.500417811077837,0.632630713186894,0.48678597217983327,0.5283806059339115,0.975054689616478,sample,287,0.5309804125540326,0.456367211273444,0.4491711586115564,0.5014028101702549,0.6332366143342617,0.48650344685414226,0.5279379678550942,0.9750410071341321,2.526312288926709,2.33047854795104,1.6717440377270283,0.6460365592304815,5.329812129144906,1.560268002091565,1.658566041364688,3.0631816649613826
D_W,dw,918,918,0.01,0.02,1024,1024,1024,1024,0,1024,0.5299121754017847,0.4572619507807304,0.4492086265341033,0.500417811077837,0.632630713186894,0.48678597217983327,0.5283806059339115,0.975054689616478,sample,288,0.5307360645545672,0.459586413218391,0.45096333798080035,0.49934191068205885,0.6349115796904018,0.48671529182368006,0.52890640103133,0.9745586298737975,2.506682198375724,2.338793343492675,1.668948481719746,0.653947023163227,5.362600304479017,1.5756742186701143,1.6616084639166433,3.0616662321040566
D_W,dw,918,918,0.01,0.02,1024,1024,1024,1024,0,1024,0.5299121754017847,0.4572619507807304,0.4492086265341033,0.500417811077837,0.632630713186894,0.48678597217983327,0.5283806059339115,0.975054689616478,sample,289,0.5300122797536861,0.4587292989349535,0.4468724019274692,0.5020775833666496,0.6334386014540574,0.4873117249902816,0.528480252567043,0.9752155597702498,2.546867452794429,2.37633556615124,1.6655868645933698,0.6466674582823561,5.341141278487582,1.5552280018016762,1.6602696790319007,3.0637300382406742
D_W,dw,918,918,0.01,0.02,1024,1024,1024,1024,0,1024,0.5299121754017847,0.4572619507807304,0.4492086265341033,0.500417811077837,0.632630713186894,0.48678597217983327,0.5283806059339115,0.975054689616478,sample,290,0.5294891197759636,0.4568620492719407,0.44833326806360213,0.4994505253582426,0.6351014702932366,0.4843858848253568,0.527063872596684,0.9746713269741035,2.5436081771688355,2.350542476960156,1.6858581351086046,0.6560512021724622,5.3120234895766965,1.5748634299202837,1.655819990122329,3.062020280486459
D_W,dw,918,918,0.01,0.02,1024,1024,1024,1024,0,1024,0.5299121754017847,0.4572619507807304,0.4492086265341033,0.500417811077837,0.632630713186894,0.48678597217983327,0.5283806059339115,0.975054689616478,sample,291,0.5309477217457239,0.4574545494369158,0.4499597753163393,0.5009935572006412,0.6322284732232115,0.48441938210959945,0.5275686342249098,0.9752596462716361,2.5177735252058984,2.331159589120377,1.6880832516533917,0.6422795360159322,5.341270979857841,1.5632825252775027,1.6574057455453775,3.063868540069552
D_W,dw,918,918,0.01,0.02,1024,1024,1024,1024,0,1024,0.5299121754017847,0.4572619507807304,0.4492086265341033,0.500417811077837,0.632630713186894,0.48678597217983327,0.5283806059339115,0.975054689616478,sample,292,0.5295154040802651,0.45869566054742045,0.4486100275352423,0.5008278056269994,0.631890744870751,0.486632230857547,0.5288173848734186,0.9754211838997219,2.511757301097097,2.3623004357148565,1.6718042767945054,0.6394917744343005,5.332835695218036,1.5645199595037325,1.661328811408898,3.064376025495225
D_W,dw,918,918,0.01,0.02,1024,1024,1024,1024,0,1024,0.5299121754017847,0.4572619507807304,0.4492086265341033,0.500417811077837,0.632630713186894,0.48678597217983327,0.5283806059339115,0.975054689616478,sample,293,0.5298955234364316,0.4565036191150306,0.4503439818886363,0.5000714913929105,0.6326628767185078,0.4887196867749105,0.5280476791135977,0.975099256686157,2.4872486965967653,2.3257115929391805,1.655622190103479,0.6422537672387318,5.3145477007678465,1.570257431606142,1.658910709448419,3.0633646613260987
D_W,dw,918,918,0.01,0.02,1024,1024,1024,1024,0,1024,0.5299121754017847,0.4572619507807304,0.4492086265341033,0.500417811077837,0.632630713186894,0.48678597217983327,0.5283806059339115,0.975054689616478,sample,294,0.5295498989217611,0.4564140434712674,0.44788991955542945,0.5001266887263729,0.6336674331655355,0.486195878651142,0.5289169663436499,0.9740687480769202,2.5339389751626307,2.350958649459831,1.6737036115205413,0.6482197894808545,5.3081750666066325,1.569848536555812,1.6616416558242104,3.0601272230498595
D_W,dw,918,918,0.01,0.02,1024,1024,1024,1024,0,1024,0.5299121754017847,0.4572619507807304,0.4492086265341033,0.500417811077837,0.632630713186894,0.48678597217983327,0.5283806059339115,0.975054689616478,sample,295,0.5295458963512898,0.45788605825942574,0.44970006139413454,0.5020493120933281,0.6315256428101826,0.486438997780183,0.5288762409478777,0.973208905424304,2.499646285956382,2.3449448809128812,1.673526282959306,0.6378986443589372,5.324168149366011,1.5552165034508731,1.6615137132200377,3.057425947689157
D_W,dw,918,918,0.01,0.02,1024,1024,1024,1024,0,1024,0.5299121754017847,0.4572619507807304,0.4492086265341033,0.500417811077837,0.632630713186894,0.48678597217983327,0.5283806059339115,0.975054689616478,sample,296,0.5304022213396397,0.458269672609552,0.4497783881141942,0.5010598827365521,0.6322614990573445,0.486266514711483,0.5285459097747244,0.9766196228094121,2.5077847952598176,2.3423620546205752,1.6742580930514672,0.6414588526035474,5.342013767110009,1.5627829589021296,1.6604759472332078,3.0681410323696836
D_W,dw,918,918,0.01,0.02,1024,1024,1024,1024,0,1024,0.5299121754017847,0.4572619507807304,0.4492086265341033,0.500417811077837,0.632630713186894,0.48678597217983327,0.5283806059339115,0.975054689616478,sample,297,0.530013474827281,0.4591093871330644,0.449962280644144,0.5006376390121156,0.6309960066292883,0.4851411782150741,0.5292865672013284,0.9744966286933009,2.4986581954512106,2.3493907893572628,1.683741827801132,0.6359632683857865,5.345567468446361,1.5659287434801348,1.6628027911634535,3.0614714496508943
D_W,dw,918,918,0.01,0.02,1024,1024,1024,1024,0,1024,0.5299121754017847,0.4572619507807304,0.4492086265341033,0.500417811077837,0.632630713186894,0.48678597217983327,0.5283806059339115,0.975054689616478,sample,298,0.5273479607961472,0.4547647120605449,0.4496659697388322,0.5027563448969282,0.6351396395072748,0.48777865809584925,0.527987950685756,0.978218742114302,2.5052100823805175,2.331724849450419,1.6609672529410828,0.654687263764358,5.256163017037208,1.5504028820446367,1.658723067058301,3.0731648138301395
D_W,dw,918,918,0.01,0.02,1024,1024,1024,1024,0,1024,0.5299121754017847,0.4572619507807304,0.4492086265341033,0.500417811077837,0.632630713186894,0.48678597217983327,0.5283806059339115,0.975054689616478,sample,299,0.5305255559937193,0.45770073239704356,0.4485359373455626,0.501289619607625,0.6340698512927102,0.48718327279337703,0.5291097917249937,0.9761258721872207,2.5323852124718966,2.3494444309507205,1.6660996991161625,0.6497096898352137,5.33750235437166,1.5611776107061857,1.6622474346256657,3.0665898690423017
D_W,dw,918,918,0.01,0.02,1024,1024,1024,1024,0,1024,0.5299121754017847,0.4572619507807304,0.4492086265341033,0.500417811077837,0.632630713186894,0.48678597217983327,0.5283806059339115,0.975054689616478,sample,300,0.5310450591162452,0.45720511950087955,0.4498177759730803,0.5001662410032461,0.6333370148219829,0.4858488231602314,0.5284688191519813,0.9756287186581017,2.519000589997312,2.3301222334226717,1.6765313347691482,0.6468091089689815,5.339984615560274,1.5695495543414202,1.6602337598991375,3.0650280151675156
D_W,dw,918,918,0.01,0.02,1024,1024,1024,1024,0,1024,0.5299121754017847,0.4572619507807304,0.4492086265341033,0.500417811077837,0.632630713186894,0.48678597217983327,0.5283806059339115,0.975054689616478,sample,301,0.5297407260020098,0.4576396674521988,0.44870049592341843,0.5007221562727667,0.6306539104924992,0.4886695252817746,0.5285176271049995,0.973252961874433,2.4953248530854193,2.351743907570791,1.6572998724032812,0.6326285721343173,5.324515621956766,1.5652691373207044,1.6603870946057762,3.0575643551092258
D_W,dw,918,918,0.01,0.02,1024,1024,1024,1024,0,1024,0.5299121754017847,0.4572619507807304,0.4492086265341033,0.500417811077837,0.632630713186894,0.48678597217983327,0.5283806059339115,0.975054689616478,sample,302,0.531262555999047,0.456400969191771,0.4488301687399948,0.4980711472203022,0.6305403398969859,0.48765485919556073,0.5294063334783137,0.9729553063605435,2.5033718456316136,2.332546291267993,1.665075222176501,0.6325836562653264,5.334464525017716,1.5855711651755742,1.6631790480193784,3.05662924273349
D_W,dw,918,918,0.01,0.02,1024,1024,1024,1024,0,1024,0.5299121754017847,0.4572619507807304,0.4492086265341033,0.500417811077837,0.632630713186894,0.48678597217983327,0.5283806059339115,0.975054689616478,sample,303,0.5285352272349855,0.4562587441483258,0.44726413438084156,0.5017990078599377,0.6329436401290497,0.4884083147122613,0.5265856932929033,0.975801588888593,2.5241878973641922,2.3610519343521736,1.6577609232758692,0.6437903943217207,5.290424375026891,1.5572650434629054,1.6543177455344729,3.065571103013651
D_W,dw,918,918,0.01,0.02,1024,1024,1024,1024,0,1024,0.5299121754017847,0.4572619507807304,0.4492086265341033,0.500417811077837,0.632630713186894,0.48678597217983327,0.5283806059339115,0.975054689616478,sample,304,0.5295346174755521,0.45831024373320484,0.4488445660694586,0.5003165150969918,0.6327997760091764,0.4877081173622835,0.5282573739998307,0.9740336134201307,2.5088538551489,2.356820925522571,1.6630926026922355,0.643344869065072,5.328755769969328,1.5684129304732028,1.659569485362504,3.060016844270203
D_W,dw,918,918,0.01,0.02,1024,1024,1024,1024,0,1024,0.5299121754017847,0.4572619507807304,0.4492086265341033,0.500417811077837,0.632630713186894,0.48678597217983327,0.5283806059339115,0.975054689616478,sample,305,0.5311120692372351,0.4583500344957236,0.4503807213719303,0.5021553795146175,0.6326133363467471,0.4868780418652666,0.5285635219775813,0.9744754107793387,2.5073798294550427,2.332892817242928,1.6694113455459745,0.6429135368451707,5.353960311053193,1.5545446449273472,1.6605312776003165,3.0614047916082665
D_W,dw,918,918,0.01,0.02,1024,1024,1024,1024,0,1024,0.5299121754017847,0.4572619507807304,0.4492086265341033,0.500417811077837,0.632630713186894,0.48678597217983327,0.5283806059339115,0.975054689616478,sample,306,0.530171683762954,0.45738934378697155,0.44986854333388687,0.5011455148084765,0.6317937751900448,0.48781095815636927,0.5279680163236787,0.9736930561736755,2.495658609102241,2.3358769105663346,1.6630162301198381,0.6384891171243358,5.328516114668224,1.5621048240151283,1.6586604414128452,3.058946952126613
D_W,dw,918,918,0.01,0.02,1024,1024,1024,1024,0,1024,0.5299121754017847,0.4572619507807304,0.4492086265341033,0.500417811077837,0.632630713186894,0.48678597217983327,0.5283806059339115,0.975054689616478,sample,307,0.5303477996726728,0.454167750135571,0.44829825930165157,0.49921858851133877,0.634666475273203,0.4856194809256961,0.5278302853233636,0.9746227932121831,2.5429454722875415,2.3255752459891013,1.6771775840569771,0.6533136693081921,5.2972577663004135,1.5765988304786263,1.6582277467140836,3.061867807176559
D_W,dw,918,918,0.01,0.02,1024,1024,1024,1024,0,1024,0.5299121754017847,0.4572619507807304,0.4492086265341033,0.500417811077837,0.632630713186894,0.48678597217983327,0.5283806059339115,0.975054689616478,sample,308,0.5282338715970996,0.45765861314345896,0.4485077972740449,0.5010905369505518,0.6339957006828735,0.4861299218013911,0.5281788056518847,0.9755379668104472,2.521004379443429,2.3620616160160766,1.6739369667693258,0.6498486286848951,5.300494264637857,1.562657909904838,1.659322655617792,3.0647429098296244
D_W,dw,918,918,0.01,0.02,1024,1024,1024,1024,0,1024,0.5299121754017847,0.4572619507807304,0.4492086265341033,0.500417811077837,0.632630713186894,0.48678597217983327,0.5283806059339115,0.975054689616478,sample,309,0.52941936803441,0.4563881702615555,0.4483167411015661,0.5026469030833366,0.6305848593262341,0.48593876589029134,0.5283747181466548,0.9734287336369396,2.515079709112662,2.3473378168239583,1.6780400691320951,0.6336903975563429,5.305845326362661,1.5505295004032917,1.6599381328721083,3.058116558387025
D_W,dw,918,918,0.01,0.02,1024,1024,1024,1024,0,1024,0.5299121754017847,0.4572619507807304,0.4492086265341033,0.500417811077837,0.632630713186894,0.48678597217983327,0.5283806059339115,0.975054689616478,sample,310,0.530543041041866,0.458241853017587,0.4481938534999781,0.4990971501653656,0.6312019973168289,0.4867749740369467,0.5288190987170972,0.9739403223171145,2.5156448525114157,2.356871351115291,1.6712536117377506,0.636119405389934,5.343897096360202,1.577677590819325,1.6613341956076082,3.059723761626322
D_W,dw,918,918,0.01,0.02,1024,1024,1024,1024,0,1024,0.5299121754017847,0.4572619507807304,0.4492086265341033,0.500417811077837,0.632630713186894,0.48678597217983327,0.5283806059339115,0.975054689616478,sample,311,0.5308168092340652,0.45514534423815556,0.4493053383159411,0.5029141482046372,0.632429569959993,0.48560894119868603,0.5294674271057598,0.9738498919424182,2.527004772541237,2.3207619146771776,1.6790151038336123,0.6427335820420551,5.314361877392285,1.5487946094466156,1.6633709793105442,3.059439666225515
D_W,dw,918,918,0.01,0.02,1024,1024,1024,1024,0,1024,0.5299121754017847,0.4572619507807304,0.4492086265341033,0.500417811077837,0.632630713186894,0.48678597217983327,0.5283806059339115,0.975054689616478,sample,312,0.5313385162715635,0.45667961576348637,0.45002216280121765,0.49960601405143423,0.6346995157445408,0.48581807308664504,0.5284309262551227,0.9742398353695949,2.526310646799227,2.322474244526344,1.6756950718542987,0.6533630390977823,5.3386559637990345,1.5737212432123977,1.6601147158527432,3.060664709631649
D_W,dw,918,918,0.01,0.02,1024,1024,1024,1024,0,1024,0.5299121754017847,0.4572619507807304,0.4492086265341033,0.500417811077837,0.632630713186894,0.48678597217983327,0.5283806059339115,0.975054689616478,sample,313,0.5296976729499164,0.457293753821816,0.44924863664338743,0.5012944657617553,0.6338621156745678,0.48849180576003215,0.5303428209426345,0.9745114027442995,2.510568428858288,2.3438790400343734,1.6565519797728194,0.6481413072654885,5.320017064132672,1.5611264854937787,1.6661211101574678,3.0615178637009755
D_W,dw,918,918,0.01,0.02,1024,1024,1024,1024,0,1024,0.5299121754017847,0.4572619507807304,0.4492086265341033,0.500417811077837,0.632630713186894,0.48678597217983327,0.5283806059339115,0.975054689616478,sample,314,0.5306431257479107,0.4550682346124246,0.44860572856138364,0.5007218779040604,0.6335141697719061,0.4858617449790453,0.5287626258678391,0.9748457169603848,2.5352115049011967,2.3279172086756716,1.6762949229057142,0.647661207082545,5.310926843685565,1.5653896282309319,1.6611567809192516,3.0625681427862195
D_W,dw,918,918,0.01,0.02,1024,1024,1024,1024,0,1024,0.5299121754017847,0.4572619507807304,0.4492086265341033,0.500417811077837,0.632630713186894,0.48678597217983327,0.5283806059339115,0.975054689616478,sample,315,0.5299325181458,0.45839327824749904,0.44744144553360926,0.5019512722528457,0.6311401966144162,0.48751156742977836,0.5285629886099538,0.9754053553421519,2.523367533975641,2.368750527144201,1.6657292001298403,0.6355309045035793,5.336026944174302,1.5559181405260065,1.6605296019764963,3.064326298615046
D_W,dw,918,918,0.01,0.02,1024,1024,1024,1024,0,1024,0.5299121754017847,0.4572619507807304,0.4492086265341033,0.500417811077837,0.632630713186894,0.48678597217983327,0.5283806059339115,0.975054689616478,sample,316,0.5301592175029362,0.45968062540897925,0.44752032936406283,0.5025670443858052,0.6330847742783119,0.486498042279329,0.527911795378998,0.9752751656542611,2.541971569164105,2.3768915646238895,1.6718855134645783,0.6453938362026694,5.354614033511045,1.5515099275196418,1.6584838181060582,3.063917295647995
D_W,dw,918,918,0.01,0.02,1024,1024,1024,1024,0,1024,0.5299121754017847,0.4572619507807304,0.4492086265341033,0.500417811077837,0.632630713186894,0.48678597217983327,0.5283806059339115,0.975054689616478,sample,317,0.5297925577441002,0.4570090163716011,0.44991728140395265,0.5002820198815469,0.6319155498389591,0.4875238723642246,0.5274415859119497,0.9762455762741121,2.4927118198436515,2.334492583883145,1.6650922547539453,0.6391804863478682,5.318398445250819,1.5686584480366204,1.6570066114987307,3.0669659305222847
D_W,dw,918,918,0.01,0.02,1024,1024,1024,1024,0,1024,0.5299121754017847,0.4572619507807304,0.4492086265341033,0.500417811077837,0.632630713186894,0.48678597217983327,0.5283806059339115,0.975054689616478,sample,318,0.5308661952264571,0.45786967924279554,0.44943771404546384,0.5019902920319276,0.6328321216484308,0.4869171854167513,0.5299757666114701,0.9746951479305632,2.5183212097357637,2.339998082710041,1.6689600934981044,0.6439327657688236,5.34468428205603,1.5558139333548506,1.664967974967213,3.062095116228274
D_W,dw,918,918,0.01,0.02,1024,1024,1024,1024,0,1024,0.5299121754017847,0.4572619507807304,0.4492086265341033,0.500417811077837,0.632630713186894,0.48678597217983327,0.5283806059339115,0.975054689616478,sample,319,0.5297433200706687,0.4564845408823791,0.44904794876636195,0.500076030911068,0.6327836747467228,0.4858523203666693,0.5288958212969626,0.9762805536368905,2.5163212592010775,2.3392451942853927,1.676942682487358,0.6441526735964291,5.311962961667919,1.5702237345473646,1.6615752267008776,3.067075815148231
D_W,dw,918,918,0.01,0.02,1024,1024,1024,1024,0,1024,0.5299121754017847,0.4572619507807304,0.4492086265341033,0.500417811077837,0.632630713186894,0.48678597217983327,0.5283806059339115,0.975054689616478,sample,320,0.5313680948282302,0.45829205104282283,0.449166591551235,0.5014134236443519,0.6331121985354333,0.48637666989892125,0.5277233522594389,0.974799400279883,2.52809387906488,2.3430536688007186,1.6727802275975414,0.6455020011622958,5.35722578883936,1.5601784379518873,1.6578918065860317,3.0624226346430166
D_W,dw,918,918,0.01,0.02,1024,1024,1024,1024,0,1024,0.5299121754017847,0.4572619507807304,0.4492086265341033,0.500417811077837,0.632630713186894,0.48678597217983327,0.5283806059339115,0.975054689616478,sample,321,0.5312190984756826,0.45713612268902765,0.44765387028017367,0.5005896996315864,0.6340901948392802,0.48685211491603975,0.5291312416792208,0.9751689124755145,2.5487932464330907,2.349725830189809,1.6685354990312926,0.6499377623410278,5.341877205659273,1.566398571756638,1.6623148216442853,3.063583491442224
D_W,dw,918,918,0.01,0.02,1024,1024,1024,1024,0,1024,0.5299121754017847,0.4572619507807304,0.4492086265341033,0.500417811077837,0.632630713186894,0.48678597217983327,0.5283806059339115,0.975054689616478,sample,322,0.5289790027145111,0.4551786113759092,0.45028923216628997,0.5000680258430988,0.630665999139969,0.4883001843474738,0.5278045731979237,0.9761747417259891,2.4719939325255935,2.3206772089266754,1.6600980303204351,0.6328335652960433,5.286330882034933,1.570275718240255,1.6581469696896933,3.066743397226281
D_W,dw,918,918,0.01,0.02,1024,1024,1024,1024,0,1024,0.5299121754017847,0.4572619507807304,0.4492086265341033,0.500417811077837,0.632630713186894,0.48678597217983327,0.5283806059339115,0.975054689616478,sample,323,0.5262200042865427,0.4544587630555772,0.4510943474071261,0.4952436833855282,0.6336632940713605,0.48875039602935577,0.5282996670110687,0.9748492805133473,2.451766660301706,2.320290200570353,1.6547093296305366,0.6474565163063799,5.234780737932981,1.6063656326380042,1.6597023527759074,3.0625793380180273
D_W,dw,918,918,0.01,0.02,1024,1024,1024,1024,0,1024,0.5299121754017847,0.4572619507807304,0.4492086265341033,0.500417811077837,0.632630713186894,0.48678597217983327,0.5283806059339115,0.975054689616478,sample,324,0.5307682745180292,0.4571159244223768,0.4489753848768283,0.5000634208629742,0.6335312440685446,0.48670709094780523,0.528966017659762,0.9758494825008366,2.524810748484281,2.339285429140659,1.6700184672650569,0.6473171678606735,5.334747451513606,1.5703213753432888,1.6617957550785571,3.0657215652340297
D_W,dw,918,918,0.01,0.02,1024,1024,1024,1024,0,1024,0.5299121754017847,0.4572619507807304,0.4492086265341033,0.500417811077837,0.632630713186894,0.48678597217983327,0.5283806059339115,0.975054689616478,sample,325,0.5306782378591707,0.45596938328073106,0.447527487208844,0.5006742370370403,0.6321100787128041,0.48671719829482507,0.5285496231241393,0.9754592598777023,2.5357943585234617,2.3449668396261383,1.6710017129019803,0.6404990790791818,5.320928962352419,1.5656927708072712,1.66048761306445,3.0644956447079266
D_W,dw,918,918,0.01,0.02,1024,1024,1024,1024,0,1024,0.5299121754017847,0.4572619507807304,0.4492086265341033,0.500417811077837,0.632630713186894,0.48678597217983327,0.5283806059339115,0.975054689616478,sample,326,0.5299050773379107,0.4569919967189925,0.44821608578308236,0.5011335244981504,0.6333966181520366,0.4879264063387217,0.5271329041487508,0.9748121793875483,2.524450747426666,2.350441220359437,1.6610561409853568,0.6461372967750254,5.319978888826633,1.5622991307438954,1.656036859139168,3.0624627813937773
D_W,dw,918,918,0.01,0.02,1024,1024,1024,1024,0,1024,0.5299121754017847,0.4572619507807304,0.4492086265341033,0.500417811077837,0.632630713186894,0.48678597217983327,0.5283806059339115,0.975054689616478,sample,327,0.529492272133141,0.45754577317696626,0.44872255453540044,0.5014548159245095,0.6324702419055015,0.48675604957294577,0.5294172492261335,0.9752725219425121,2.51502250272624,2.3521598505479093,1.6704360366995323,0.6422391708437164,5.31953824254408,1.559814558966218,1.6632133408525378,3.0639089901825862
D_W,dw,918,918,0.01,0.02,1024,1024,1024,1024,0,1024,0.5299121754017847,0.4572619507807304,0.4492086265341033,0.500417811077837,0.632630713186894,0.48678597217983327,0.5283806059339115,0.975054689616478,sample,328,0.5302257866084372,0.4572604062430964,0.4480183181405906,0.5005797421552208,0.6337819589504936,0.4858964960288888,0.5293143904297852,0.9742762781362131,2.5395012555048706,2.352687181730898,1.675828958730893,0.6489248796088967,5.327936227225923,1.5664628686006923,1.6628902004135728,3.060779197959533
D_W,dw,918,918,0.01,0.02,1024,1024,1024,1024,0,1024,0.5299121754017847,0.4572619507807304,0.4492086265341033,0.500417811077837,0.632630713186894,0.48678597217983327,0.5283806059339115,0.975054689616478,sample,329,0.5302863707202717,0.45643715704750987,0.44886722443345023,0.5005436204885314,0.6326303935546673,0.48617373720729185,0.5294064129647604,0.9749826460848159,2.520990332512454,2.3377334314393687,1.6746668399305875,0.6432600694907582,5.319909137976732,1.5666975872093152,1.6631792977334157,3.062998318317595
D_W,dw,918,918,0.01,0.02,1024,1024,1024,1024,0,1024,0.5299121754017847,0.4572619507807304,0.4492086265341033,0.500417811077837,0.632630713186894,0.48678597217983327,0.5283806059339115,0.975054689616478,sample,330,0.5283988818545163,0.4584194846036871,0.4474274251605644,0.5047538651247736,0.6344435156353329,0.49024347378516137,0.5288297016336023,0.9766742804867878,2.528237647510338,2.377754903130606,1.6431939525129824,0.6506436371306176,5.311604193827845,1.535451480776393,1.6613675056522073,3.0683127445273897
D_W,dw,918,918,0.01,0.02,1024,1024,1024,1024,0,1024,0.5299121754017847,0.4572619507807304,0.4492086265341033,0.500417811077837,0.632630713186894,0.48678597217983327,0.5283806059339115,0.975054689616478,sample,331,0.5314963321580214,0.4552435491705997,0.4469872009070273,0.49682175242321686,0.6348404491194525,0.48805525384566095,0.5272558482052774,0.9747680863181837,2.55185319189703,2.3402757332771342,1.659125589229625,0.6531757336854452,5.325612048570428,1.594362394833245,1.6564230992839546,3.062324258930987
D_W,dw,918,918,0.01,0.02,1024,1024,1024,1024,0,1024,0.5299121754017847,0.4572619507807304,0.4492086265341033,0.500417811077837,0.632630713186894,0.48678597217983327,0.5283806059339115,0.975054689616478,sample,332,0.5293917677482562,0.4578260149628808,0.44828345383382956,0.5003159211357251,0.6325662028821776,0.4869261472901713,0.5289566813804789,0.9755670634714229,2.5172315493344457,2.3592111894205967,1.669099477717707,0.642582191312545,5.321042828839168,1.5684132115604514,1.6617664242921495,3.0648343196859895
D_W,dw,918,918,0.01,0.02,1024,1024,1024,1024,0,1024,0.5299121754017847,0.4572619507807304,0.4492086265341033,0.500417811077837,0.632630713186894,0.48678597217983327,0.5283806059339115,0.975054689616478,sample,333,0.5296785170726016,0.45881009472497963,0.4490124607012327,0.5006797680803412,0.6331834292282865,0.48642493813130755,0.5292709515888037,0.9747787812907133,2.516622640255194,2.358348817636729,1.672371773308855,0.6457924859032532,5.336760272137117,1.5656923721847997,1.6627537332698645,3.0623578581781166
D_W,dw,918,918,0.01,0.02,1024,1024,1024,1024,0,1024,0.5299121754017847,0.4572619507807304,0.4492086265341033,0.500417811077837,0.632630713186894,0.48678597217983327,0.5283806059339115,0.975054689616478,sample,334,0.5295769643320508,0.457856637096647,0.44931457838740635,0.5006280099144758,0.632573936415675,0.48663571496077807,0.5274293592750237,0.974684779356583,2.5073770868911085,2.3483541399919536,1.6712620904315176,0.6427636539687086,5.324333936479403,1.5660593080861638,1.656968200385986,3.0620625423924297
D_W,dw,918,918,0.01,0.02,1024,1024,1024,1024,0,1024,0.5299121754017847,0.4572619507807304,0.4492086265341033,0.500417811077837,0.632630713186894,0.48678597217983327,0.5283806059339115,0.975054689616478,sample,335,0.5291695622739041,0.4579248728898408,0.4476218027610916,0.5009691018319973,0.630603165066861,0.4868215833838747,0.5271200497224544,0.9751935409636363,2.513680684404624,2.367593774133123,1.6713574628308887,0.6332251003498461,5.318586100721378,1.5633762612395512,1.6559964757679493,3.063660864119577
D_W,dw,918,918,0.01,0.02,1024,1024,1024,1024,0,1024,0.5299121754017847,0.4572619507807304,0.4492086265341033,0.500417811077837,0.632630713186894,0.48678597217983327,0.5283806059339115,0.975054689616478,sample,336,0.5299801864702353,0.45580666199991376,0.44939855907874593,0.49856161920486153,0.6328896287728397,0.4874456888146617,0.5275042927056579,0.976113535712075,2.5041663743634803,2.3292656344179283,1.6649830027406969,0.6439298615252617,5.308461837144021,1.581619779615011,1.6572036107011747,3.066551112862613
D_W,dw,918,918,0.01,0.02,1024,1024,1024,1024,0,1024,0.5299121754017847,0.4572619507807304,0.4492086265341033,0.500417811077837,0.632630713186894,0.48678597217983327,0.5283806059339115,0.975054689616478,sample,337,0.527688441321137,0.4554603391763255,0.4507595647008695,0.501896204383696,0.6317803208345122,0.48694668397083085,0.5273751210026991,0.9766272737064943,2.4739994747057144,2.3246946768057173,1.669517715188669,0.6388635382565132,5.268581527861327,1.5564081881102643,1.6567978058281079,3.0681650683717505
D_W,dw,918,918,0.01,0.02,1024,1024,1024,1024,0,1024,0.5299121754017847,0.4572619507807304,0.4492086265341033,0.500417811077837,0.632630713186894,0.48678597217983327,0.5283806059339115,0.975054689616478,sample,338,0.5296074943569431,0.4585611370628594,0.45157873027788153,0.5002638594924903,0.635402748766282,0.4856818851944151,0.529809690091117,0.9728938145524157,2.500820052353955,2.3309566162428412,1.6761492477904765,0.6568039991572663,5.332771186180524,1.5688476281096877,1.6644462301909382,3.05643606052082
D_W,dw,918,918,0.01,0.02,1024,1024,1024,1024,0,1024,0.5299121754017847,0.4572619507807304,0.4492086265341033,0.500417811077837,0.632630713186894,0.48678597217983327,0.5283806059339115,0.975054689616478,sample,339,0.5297470161820912,0.457575607503098,0.4487240224787208,0.49809896788930086,0.6314194416387352,0.4861612329222021,0.52840671870806,0.9767931439333303,2.505862813070781,2.3509733935163326,1.6757010659375262,0.6375173301169499,5.3239045661626445,1.5852606975791623,1.6600386656007295,3.068686165057828
D_W,dw,918,918,0.01,0.02,1024,1024,1024,1024,0,1024,0.5299121754017847,0.4572619507807304,0.4492086265341033,0.500417811077837,0.632630713186894,0.48678597217983327,0.5283806059339115,0.975054689616478,sample,340,0.5289943450730075,0.45738212115105775,0.44873813451100913,0.5011351015991671,0.632960903989834,0.4867286443281119,0.5286689874560538,0.9740379966915843,2.514030092591175,2.353433997813344,1.670277186446005,0.6445923781257284,5.309793242158461,1.5622594261716822,1.6608626071726933,3.0600306147236003
D_W,dw,918,918,0.01,0.02,1024,1024,1024,1024,0,1024,0.5299121754017847,0.4572619507807304,0.4492086265341033,0.500417811077837,0.632630713186894,0.48678597217983327,0.5283806059339115,0.975054689616478,sample,341,0.5293616526911257,0.4565628693317523,0.44811893785612894,0.5003891571239797,0.6329278708669336,0.4855836399216914,0.5288062112464027,0.9757176990758601,2.5283755874342617,2.3509332970757044,1.6788261403047686,0.6449854247002509,5.306796123416635,1.5678687540469065,1.6612937084243509,3.065307555394259
D_W,dw,918,918,0.01,0.02,1024,1024,1024,1024,0,1024,0.5299121754017847,0.4572619507807304,0.4492086265341033,0.500417811077837,0.632630713186894,0.48678597217983327,0.5283806059339115,0.975054689616478,sample,342,0.5290291812119432,0.45676713964130566,0.44847906903673285,0.49999170025787465,0.6320042033414838,0.4868316337370275,0.5289335951995191,0.9752951316547944,2.5090285150125755,2.3508491287699544,1.670224551394141,0.6399276292895595,5.303703422277123,1.5708592016269423,1.6616938969156467,3.063980020688592
D_W,dw,918,918,0.01,0.02,1024,1024,1024,1024,0,1024,0.5299121754017847,0.4572619507807304,0.4492086265341033,0.500417811077837,0.632630713186894,0.48678597217983327,0.5283806059339115,0.975054689616478,sample,343,0.5296499122934576,0.4577212366460866,0.4484000731184796,0.5012271561150561,0.6326029199790446,0.4868525702629217,0.5280238698272054,0.9738238766575833,2.5200488237307193,2.355813691602085,1.6696180018415536,0.6428188251265577,5.323983970869874,1.5615422237594694,1.6588359103692016,3.0593579367977966
D_W,dw,918,918,0.01,0.02,1024,1024,1024,1024,0,1024,0.5299121754017847,0.4572619507807304,0.4492086265341033,0.500417811077837,0.632630713186894,0.48678597217983327,0.5283806059339115,0.975054689616478,sample,344,0.5300168304759835,0.4568934137484402,0.4495675122673523,0.5001250084963865,0.6327333649691866,0.48730011283698965,0.5273507767166825,0.9753421277945512,2.5045756597694018,2.335844974849209,1.6661855978206204,0.6432088190184535,5.320654189960845,1.569854525466684,1.6567213259980011,3.064127663415999
D_W,dw,918,918,0.01,0.02,1024,1024,1024,1024,0,1024,0.5299121754017847,0.4572619507807304,0.4492086265341033,0.500417811077837,0.632630713186894,0.48678597217983327,0.5283806059339115,0.975054689616478,sample,345,0.5309326645589644,0.4572953827649713,0.4476075490136191,0.5010888059410303,0.6299553065631726,0.4875045079001176,0.527600169819683,0.9729756611054443,2.5195768100799687,2.3529779935734623,1.6666505256387274,0.6297966124139598,5.339264459795145,1.5624182120856387,1.6575048175382436,3.056693189050536
D_W,dw,918,918,0.01,0.02,1024,1024,1024,1024,0,1024,0.5299121754017847,0.4572619507807304,0.4492086265341033,0.500417811077837,0.632630713186894,0.48678597217983327,0.5283806059339115,0.975054689616478,sample,346,0.5289277019402342,0.4555961722651383,0.4483150841662225,0.5002480280420118,0.6324709181055884,0.48829000127052896,0.526546298424382,0.9766885627912705,2.508073914853153,2.343676277515038,1.6589637536455348,0.6415113348032832,5.28979595474854,1.5689240082835463,1.6541939829049375,3.0683576137102286
D_W,dw,918,918,0.01,0.02,1024,1024,1024,1024,0,1024,0.5299121754017847,0.4572619507807304,0.4492086265341033,0.500417811077837,0.632630713186894,0.48678597217983327,0.5283806059339115,0.975054689616478,sample,347,0.5306032903540282,0.4573935716091684,0.4504500724389822,0.4990501646820038,0.6326772568045707,0.4861953566092684,0.5277640007651583,0.9746049672599691,2.499684160402016,2.327691429876379,1.6744674436253737,0.6434850785790148,5.335277485849633,1.5779551957273092,1.6580195076329791,3.0618118052960397
D_W,dw,918,918,0.01,0.02,1024,1024,1024,1024,0,1024,0.5299121754017847,0.4572619507807304,0.4492086265341033,0.500417811077837,0.632630713186894,0.48678597217983327,0.5283806059339115,0.975054689616478,sample,348,0.5308952138227827,0.45764688565997075,0.45017866773336623,0.5000246484424551,0.6329326241191119,0.4860152720950375,0.52864847846174,0.975809952277911,2.509596903595998,2.330742611877111,1.6756124035359399,0.6447843345211774,5.34261916682209,1.5706109062306375,1.6607981762668245,3.0655973773760916
D_W,dw,918,918,0.01,0.02,1024,1024,1024,1024,0,1024,0.5299121754017847,0.4572619507807304,0.4492086265341033,0.500417811077837,0.632630713186894,0.48678597217983327,0.5283806059339115,0.975054689616478,sample,349,0.5294404622317708,0.4568051372561155,0.4485336192429367,0.5000156155748706,0.6313723553376056,0.48594222051645036,0.5287395399952023,0.9759523602165033,2.511286016799722,2.3484127625019147,1.6773978158858123,0.6373370329118668,5.310640639812682,1.5706774617965722,1.6610842545113742,3.0660447651097864
D_W,dw,918,918,0.01,0.02,1024,1024,1024,1024,0,1024,0.5299121754017847,0.4572619507807304,0.4492086265341033,0.500417811077837,0.632630713186894,0.48678597217983327,0.5283806059339115,0.975054689616478,sample,350,0.5284932697268067,0.45380395583490496,0.4495856714743855,0.5002907868980726,0.6336874835697165,0.48556190542729144,0.5275162278357823,0.97502031072403,2.5107259913474405,2.3193197925658375,1.6783779485618966,0.6486384676492717,5.2650628623739575,1.5686212058955997,1.6572411060182932,3.06311664527145
D_W,dw,918,918,0.01,0.02,1024,1024,1024,1024,0,1024,0.5299121754017847,0.4572619507807304,0.4492086265341033,0.500417811077837,0.632630713186894,0.48678597217983327,0.5283806059339115,0.975054689616478,sample,351,0.5297984752056774,0.45666547079335806,0.4491154917686259,0.5013881038843302,0.6335143281900072,0.48715665770863437,0.5276312262657231,0.9770077202160207,2.51721444353726,2.3397026796393807,1.6666905913888799,0.6470592922944619,5.314770126019568,1.560400035305436,1.6576023842409697,3.0693602763311625
D_W,dw,918,918,0.01,0.02,1024,1024,1024,1024,0,1024,0.5299121754017847,0.4572619507807304,0.4492086265341033,0.500417811077837,0.632630713186894,0.48678597217983327,0.5283806059339115,0.975054689616478,sample,352,0.5320300501380689,0.45823195309035425,0.44921027008408826,0.4985663091147555,0.6329902906891671,0.4880562745414975,0.5291240797655908,0.9716459779069859,2.517811613518347,2.3383501454445,1.6603598592418718,0.6441428941183144,5.366590527410591,1.5815763269117662,1.66229232182904,3.0525158660826572
D_W,dw,918,918,0.01,0.02,1024,1024,1024,1024,0,1024,0.5299121754017847,0.4572619507807304,0.4492086265341033,0.500417811077837,0.632630713186894,0.48678597217983327,0.5283806059339115,0.975054689616478,sample,353,0.5303392127363254,0.456986339785982,0.4499533718846213,0.501000037418054,0.6336851562616282,0.4868686829212224,0.5278882237683535,0.9747439078297536,2.511814698924747,2.330974101167117,1.6687052106296174,0.6479971882931931,5.326689196046352,1.5633159243844053,1.6584097657072243,3.0622482999693603
D_W,dw,918,918,0.01,0.02,1024,1024,1024,1024,0,1024,0.5299121754017847,0.4572619507807304,0.4492086265341033,0.500417811077837,0.632630713186894,0.48678597217983327,0.5283806059339115,0.975054689616478,sample,354,0.5301932460580404,0.4577288039379684,0.45079590968226746,0.5005442941880379,0.6320502265624822,0.48643984652797023,0.5281117829766128,0.9739152314083505,2.4904797791074245,2.329084611124625,1.6731261352590487,0.640344221979625,5.332631175783618,1.56667447770952,1.6591120976735338,3.059644936211677
D_W,dw,918,918,0.01,0.02,1024,1024,1024,1024,0,1024,0.5299121754017847,0.4572619507807304,0.4492086265341033,0.500417811077837,0.632630713186894,0.48678597217983327,0.5283806059339115,0.975054689616478,sample,355,0.5294642443979716,0.45764660514463856,0.44792153627890235,0.500208706065139,0.6337868594890148,0.488048383123801,0.5290533500893754,0.9744790803352035,2.5248686355802707,2.3608664530385925,1.6598929753209144,0.6479371427385849,5.32020709726304,1.5692363387913186,1.6620701179978505,3.061416319858013
D_W,dw,918,918,0.01,0.02,1024,1024,1024,1024,0,1024,0.5299121754017847,0.4572619507807304,0.4492086265341033,0.500417811077837,0.632630713186894,0.48678597217983327,0.5283806059339115,0.975054689616478,sample,356,0.5289203621968571,0.4553978160279712,0.4482466534968157,0.5016702790752428,0.6321984999139814,0.4864260129735824,0.5271506370774406,0.9743226236420862,2.5189583485461893,2.3428090571550997,1.6731084656341746,0.6411077924948646,5.287643429916601,1.558162369472081,1.6560925687776666,3.060924796660311
D_W,dw,918,918,0.01,0.02,1024,1024,1024,1024,0,1024,0.5299121754017847,0.4572619507807304,0.4492086265341033,0.500417811077837,0.632630713186894,0.48678597217983327,0.5283806059339115,0.975054689616478,sample,357,0.5297453571664127,0.4573037570943138,0.44987927783514015,0.4980927494456514,0.6336037981595037,0.48594764746367053,0.5273731440627024,0.9746021826261799,2.50600521371239,2.3374473244658946,1.6755797170504187,0.648103625635908,5.320879158905898,1.5850707788570009,1.6567915950879375,3.0618030571109847
D_W,dw,918,918,0.01,0.02,1024,1024,1024,1024,0,1024,0.5299121754017847,0.4572619507807304,0.4492086265341033,0.500417811077837,0.632630713186894,0.48678597217983327,0.5283806059339115,0.975054689616478,sample,358,0.5289925591964454,0.458187390884307,0.44941873688072487,0.5004897295893348,0.6328496876703846,0.48639489073299996,0.5289199607591211,0.9743835686521354,2.5045217746684387,2.3532416208593867,1.6728496525734322,0.6442016460329222,5.318666757279845,1.5671099999422875,1.6616510630578565,3.061116261056154
D_W,dw,918,918,0.01,0.02,1024,1024,1024,1024,0,1024,0.5299121754017847,0.4572619507807304,0.4492086265341033,0.500417811077837,0.632630713186894,0.48678597217983327,0.5283806059339115,0.975054689616478,sample,359,0.5297378475620053,0.45770249540278346,0.4497881734377049,0.5009540592557494,0.6341373561996795,0.48557761483896567,0.5288335084448269,0.9770769004178924,2.5180029454194184,2.3415435662672013,1.677901691555989,0.650802727134124,5.3251682794722806,1.5636838922341834,1.661379465102384,3.0695776123451366
D_W,dw,918,918,0.01,0.02,1024,1024,1024,1024,0,1024,0.5299121754017847,0.4572619507807304,0.4492086265341033,0.500417811077837,0.632630713186894,0.48678597217983327,0.5283806059339115,0.975054689616478,sample,360,0.529064417829515,0.45841364492043674,0.44997443684545946,0.4991913075486886,0.6315826265625638,0.4849196457368339,0.528140708492339,0.9744860660878395,2.4939228539671108,2.3491416405002985,1.6849038109484722,0.6389003441003993,5.322371692040166,1.5769421401951762,1.6592029698612405,3.0614382662471744
D_W,dw,918,918,0.01,0.02,1024,1024,1024,1024,0,1024,0.5299121754017847,0.4572619507807304,0.4492086265341033,0.500417811077837,0.632630713186894,0.48678597217983327,0.5283806059339115,0.975054689616478,sample,361,0.5299848828890878,0.4556596683583188,0.44928106946006885,0.5008256945274753,0.6335156925226375,0.4877518626699468,0.5278245650313641,0.9755936718083357,2.5131539324855283,2.329262422531136,1.6622741117372528,0.6467748560354253,5.306992764601833,1.5646121548380358,1.6582097758867616,3.064917912241759
D_W,dw,918,918,0.01,0.02,1024,1024,1024,1024,0,1024,0.5299121754017847,0.4572619507807304,0.4492086265341033,0.500417811077837,0.632630713186894,0.48678597217983327,0.5283806059339115,0.975054689616478,sample,362,0.5284524437718102,0.45722156731020136,0.4483565271764972,0.5012286098554353,0.6335317605268795,0.4877820624281678,0.5290256725674518,0.9755891122124656,2.514369276926064,2.3587867932437825,1.662036784873334,0.646853637944842,5.299314420322566,1.5615957052908505,1.661983166498306,3.06490358784887
D_W,dw,918,918,0.01,0.02,1024,1024,1024,1024,0,1024,0.5299121754017847,0.4572619507807304,0.4492086265341033,0.500417811077837,0.632630713186894,0.48678597217983327,0.5283806059339115,0.975054689616478,sample,363,0.5309920065926101,0.4576393894326345,0.44684810118658563,0.5003372800413048,0.6317471439763636,0.4875012622923701,0.5287213397639022,0.9745564122644166,2.539064617968384,2.3624847919915877,1.6653820694745731,0.6383826542540559,5.3440248447080965,1.5682362765782738,1.6610270767984283,3.061659265278717
D_W,dw,918,918,0.01,0.02,1024,1024,1024,1024,0,1024,0.5299121754017847,0.4572619507807304,0.4492086265341033,0.500417811077837,0.632630713186894,0.48678597217983327,0.5283806059339115,0.975054689616478,sample,364,0.530108303686738,0.45653768096090536,0.4489591980324585,0.5005808562512117,0.6335509168972869,0.4882434929437399,0.5294605059627444,0.9756053139620284,2.515011688404381,2.3385707601037766,1.6585993097356264,0.6467255911940769,5.318229195469424,1.5664470298964912,1.6633492358984927,3.064954487146272
D_W,dw,918,918,0.01,0.02,1024,1024,1024,1024,0,1024,0.5299121754017847,0.4572619507807304,0.4492086265341033,0.500417811077837,0.632630713186894,0.48678597217983327,0.5283806059339115,0.975054689616478,sample,365,0.5306890880689621,0.45694869548812067,0.4483230539345629,0.5013916389094311,0.633108648536591,0.4863328808352329,0.5269917749638874,0.9756504032347294,2.534563651681499,2.3447835027367936,1.6731086368096997,0.6455054047151025,5.33168661589669,1.5603417979297356,1.655593488728794,3.065096139274145
D_W,dw,918,918,0.01,0.02,1024,1024,1024,1024,0,1024,0.5299121754017847,0.4572619507807304,0.4492086265341033,0.500417811077837,0.632630713186894,0.48678597217983327,0.5283806059339115,0.975054689616478,sample,366,0.5298553971132022,0.45622061323976454,0.44891572750124864,0.500492727964495,0.6317578643149696,0.48694380817992206,0.5269494735615456,0.9750537600557483,2.5084657186651054,2.3378818102322474,1.6695655147715867,0.638696044899788,5.31089854511043,1.567056696753468,1.6554605949539607,3.063221729446244
D_W,dw,918,918,0.01,0.02,1024,1024,1024,1024,0,1024,0.5299121754017847,0.4572619507807304,0.4492086265341033,0.500417811077837,0.632630713186894,0.48678597217983327,0.5283806059339115,0.975054689616478,sample,367,0.5292060076159238,0.45791435087833277,0.4493063913177574,0.5005628980059724,0.6320653119322079,0.48515910734240925,0.5279879081593188,0.9742146507262673,2.5083218528059446,2.350962355961016,1.6827012397764358,0.6410774709200365,5.319053758715981,1.5665340826895997,1.6587229334575584,3.0605855897411876
D_W,dw,918,918,0.01,0.02,1024,1024,1024,1024,0,1024,0.5299121754017847,0.4572619507807304,0.4492086265341033,0.500417811077837,0.632630713186894,0.48678597217983327,0.5283806059339115,0.975054689616478,sample,368,0.5281212505593115,0.4560963624810975,0.4460740017360473,0.49775393020403325,0.6317989017725599,0.48794982793622177,0.5259135555645799,0.9766577006316756,2.524157572030832,2.3730540175842414,1.6619581493609112,0.6385204196570871,5.282072479849971,1.587836320079506,1.6522061625849715,3.0682606573763715
D_W,dw,918,918,0.01,0.02,1024,1024,1024,1024,0,1024,0.5299121754017847,0.4572619507807304,0.4492086265341033,0.500417811077837,0.632630713186894,0.48678597217983327,0.5283806059339115,0.975054689616478,sample,369,0.5311333346870378,0.45751168391338887,0.44988255865482313,0.500090352176524,0.6336655497089739,0.4866469771056348,0.5288968500940765,0.9754486477269716,2.5170169615724065,2.331329085171445,1.6703647197178098,0.6479906885065594,5.34475869732083,1.5701203698040376,1.6615784587623328,3.064462305653152
D_W,dw,918,918,0.01,0.02,1024,1024,1024,1024,0,1024,0.5299121754017847,0.4572619507807304,0.4492086265341033,0.500417811077837,0.632630713186894,0.48678597217983327,0.5283806059339115,0.975054689616478,sample,370,0.5284818573252197,0.4565947932383912,0.44793401119624304,0.49914962997781365,0.6330436513418497,0.48656440841898607,0.5275826348171897,0.9749241107819092,2.5185971804487566,2.357640916880163,1.6714394172228748,0.6450584715884825,5.293100087997289,1.5771879015430463,1.6574497297032298,3.0628144242400075
D_W,dw,918,918,0.01,0.02,1024,1024,1024,1024,0,1024,0.5299121754017847,0.4572619507807304,0.4492086265341033,0.500417811077837,0.632630713186894,0.48678597217983327,0.5283806059339115,0.975054689616478,sample,371,0.5300529348267083,0.45658381915516455,0.4486342615100871,0.5006676349315637,0.6337455464068098,0.48779578421130776,0.5299769918079166,0.9734274137277948,2.522140895629896,2.3423991089343397,1.6617927064953724,0.6478554591312703,5.317864802490825,1.565804538999883,1.6649718240353686,3.0581124117701526
D_W,dw,918,918,0.01,0.02,1024,1024,1024,1024,0,1024,0.5299121754017847,0.4572619507807304,0.4492086265341033,0.500417811077837,0.632630713186894,0.48678597217983327,0.5283806059339115,0.975054689616478,sample,372,0.5306888239769771,0.4570440130008125,0.44849644640754066,0.4997837782309132,0.6317773500638723,0.48557328435084435,0.5291548711015754,0.9747250601740529,2.5239464564161844,2.3438390344172757,1.6798398813119393,0.6394716840955219,5.332730581593179,1.5724371366528915,1.6623890556639633,3.0621890883126737
D_W,dw,918,918,0.01,0.02,1024,1024,1024,1024,0,1024,0.5299121754017847,0.4572619507807304,0.4492086265341033,0.500417811077837,0.632630713186894,0.48678597217983327,0.5283806059339115,0.975054689616478,sample,373,0.5304259793010344,0.4566921046364222,0.4496699123910552,0.5004458976396637,0.6330453881764031,0.487335534164192,0.5277829892746095,0.9753934112019629,2.5087795193039795,2.3310456619652005,1.6656989116115837,0.6446942338268576,5.324824573920625,1.5674448692487641,1.6580791617947739,3.064288774991975
D_W,dw,918,918,0.01,0.02,1024,1024,1024,1024,0,1024,0.5299121754017847,0.4572619507807304,0.4492086265341033,0.500417811077837,0.632630713186894,0.48678597217983327,0.5283806059339115,0.975054689616478,sample,374,0.5304887720605106,0.45792952758172756,0.44976566116204947,0.5004940086303996,0.6326509423952779,0.48789044961144545,0.5277691076826443,0.9757238570968669,2.5026208258280818,2.339342573913341,1.6618322076663423,0.6425520292467531,5.339505190193643,1.5670722194672035,1.6580355514874356,3.0653269013878144
D_W,dw,918,918,0.01,0.02,1024,1024,1024,1024,0,1024,0.5299121754017847,0.4572619507807304,0.4492086265341033,0.500417811077837,0.632630713186894,0.48678597217983327,0.5283806059339115,0.975054689616478,sample,375,0.5302783230945233,0.4579021282488272,0.44992110197571156,0.4993052692674727,0.6322364825873298,0.48647615819570256,0.5275982857669573,0.9741875454938218,2.500330297739959,2.3387660058793465,1.672710723681189,0.6412235277920871,5.335908974883695,1.5760499778842412,1.6574988986120414,3.060500436142063
D_W,dw,918,918,0.01,0.02,1024,1024,1024,1024,0,1024,0.5299121754017847,0.4572619507807304,0.4492086265341033,0.500417811077837,0.632630713186894,0.48678597217983327,0.5283806059339115,0.975054689616478,sample,376,0.5303482420357475,0.4560450911796893,0.4483450606924494,0.5003052228505251,0.633307257843166,0.4841144531995858,0.5270334862871934,0.9770324329580226,2.5415869446319954,2.339454577082924,1.689401623966573,0.6476041477502165,5.316670207975148,1.5685067116448825,1.6557245287156637,3.0694379136998857
D_W,dw,918,918,0.01,0.02,1024,1024,1024,1024,0,1024,0.5299121754017847,0.4572619507807304,0.4492086265341033,0.500417811077837,0.632630713186894,0.48678597217983327,0.5283806059339115,0.975054689616478,sample,377,0.5302810211390577,0.4590086197600216,0.44734445119054433,0.49765757701902236,0.6311579063240499,0.48661342659603196,0.5278353748343679,0.9755074650617394,2.522107963296711,2.372526867471231,1.6724925671852469,0.6360719065860996,5.348629644400876,1.5886539919919636,1.658243735884465,3.064647085759962
D_W,dw,918,918,0.01,0.02,1024,1024,1024,1024,0,1024,0.5299121754017847,0.4572619507807304,0.4492086265341033,0.500417811077837,0.632630713186894,0.48678597217983327,0.5283806059339115,0.975054689616478,sample,378,0.5279201907087189,0.4542342472856898,0.4494886132701968,0.4987170871913351,0.6344194491207013,0.4852170064369256,0.5287773389925777,0.9761148344287979,2.510722050923565,2.3264428597636355,1.680327781456704,0.6523566653564723,5.260178065705906,1.5803401380940347,1.6612030035638419,3.0665551929015287
D_W,dw,918,918,0.01,0.02,1024,1024,1024,1024,0,1024,0.5299121754017847,0.4572619507807304,0.4492086265341033,0.500417811077837,0.632630713186894,0.48678597217983327,0.5283806059339115,0.975054689616478,sample,379,0.5292387167120493,0.4567451008370853,0.4486228717729694,0.5007520704085519,0.633034747213026,0.4858206130694091,0.5268908599113558,0.9751064003484536,2.5212965321062364,2.348153925466675,1.6769778533032287,0.6453832877217728,5.306800007436149,1.5651431992265596,1.655276454741124,3.0633871038030898
D_W,dw,918,918,0.01,0.02,1024,1024,1024,1024,0,1024,0.5299121754017847,0.4572619507807304,0.4492086265341033,0.500417811077837,0.632630713186894,0.48678597217983327,0.5283806059339115,0.975054689616478,sample,380,0.5314090650056065,0.4563261607505118,0.4485140899869354,0.49990127868981593,0.6320155163045056,0.4875843354088733,0.527446658726438,0.9740540508558715,2.521897045612139,2.3342626249545275,1.6645674961254167,0.6396319218201265,5.335867454386197,1.5715441274667095,1.6570225482154606,3.0600810503681846
D_W,dw,918,918,0.01,0.02,1024,1024,1024,1024,0,1024,0.5299121754017847,0.4572619507807304,0.4492086265341033,0.500417811077837,0.632630713186894,0.48678597217983327,0.5283806059339115,0.975054689616478,sample,381,0.5305413445649323,0.45736020316007564,0.4491791282882725,0.5021213637581531,0.6324198160384426,0.4867554021774294,0.5274400524978055,0.9749690667304747,2.517873055652731,2.340427453765468,1.6704718356559376,0.6420406543583775,5.333947080404698,1.5547777098389168,1.6570017941361204,3.062955657517756
D_W,dw,918,918,0.01,0.02,1024,1024,1024,1024,0,1024,0.5299121754017847,0.4572619507807304,0.4492086265341033,0.500417811077837,0.632630713186894,0.48678597217983327,0.5283806059339115,0.975054689616478,sample,382,0.5295842167095514,0.4591697127856309,0.4491135432583756,0.5009580508787779,0.6322209418518089,0.4863059552987635,0.5281823591022856,0.974735330034819,2.50960951033006,2.360782956846379,1.6739950937599763,0.6412409084209579,5.339412300316119,1.5635506204844731,1.6593338191114664,3.06222135203181
D_W,dw,918,918,0.01,0.02,1024,1024,1024,1024,0,1024,0.5299121754017847,0.4572619507807304,0.4492086265341033,0.500417811077837,0.632630713186894,0.48678597217983327,0.5283806059339115,0.975054689616478,sample,383,0.5309651892577129,0.4573775062447355,0.44463996634337544,0.503302544323751,0.6332090463965017,0.48952740671518247,0.5274511050304661,0.9771967625196631,2.5742275220291915,2.3809649694445816,1.6492286841352148,0.6447586437949955,5.340678870062444,1.546009211932071,1.6570365166915306,3.0699541702435034
D_W,dw,918,918,0.01,0.02,1024,1024,1024,1024,0,1024,0.5299121754017847,0.4572619507807304,0.4492086265341033,0.500417811077837,0.632630713186894,0.48678597217983327,0.5283806059339115,0.975054689616478,sample,384,0.5310043507116999,0.45768191045821155,0.44992213380519447,0.5014022411659869,0.6317749808725719,0.48739755832889275,0.5284771232899451,0.9754213934387084,2.5031548125860055,2.332963394190586,1.6661370534599784,0.6385975171686702,5.344693343444542,1.5601555493662147,1.660259848117959,3.0643766837813655
D_W,dw,918,918,0.01,0.02,1024,1024,1024,1024,0,1024,0.5299121754017847,0.4572619507807304,0.4492086265341033,0.500417811077837,0.632630713186894,0.48678597217983327,0.5283806059339115,0.975054689616478,sample,385,0.5290087829554122,0.45808935257676164,0.4497456236742234,0.5001050064606822,0.6330287417609131,0.4871280829807829,0.5277634620181917,0.9748307001638942,2.497532132571419,2.34911810336075,1.6672564270447001,0.6447065159403221,5.31783233288493,1.5700069752797032,1.6580178151094669,3.0625209661286843
D_W,dw,918,918,0.01,0.02,1024,1024,1024,1024,0,1024,0.5299121754017847,0.4572619507807304,0.4492086265341033,0.500417811077837,0.632630713186894,0.48678597217983327,0.5283806059339115,0.975054689616478,sample,386,0.5322861252976191,0.4576166614446107,0.4494115693881147,0.49967117347819695,0.632046413458817,0.48703144991341984,0.529025370077401,0.9741300233272113,2.518379342827151,2.3302885368099084,1.6686941270125035,0.6400372728687851,5.363376989230138,1.5732865560520086,1.6619822161977846,3.060319724926021
D_W,dw,918,918,0.01,0.02,1024,1024,1024,1024,0,1024,0.5299121754017847,0.4572619507807304,0.4492086265341033,0.500417811077837,0.632630713186894,0.48678597217983327,0.5283806059339115,0.975054689616478,sample,387,0.5315913569028732,0.45639430727682184,0.4485772611114254,0.5005100081093548,0.6338740618395379,0.4866995399016015,0.5281392217282477,0.9748753658063418,2.5392942183644225,2.333172029016726,1.6698211926750266,0.6489709437676138,5.33935481035563,1.5669867341441928,1.6591982990540937,3.062661287382866
D_W,dw,918,918,0.01,0.02,1024,1024,1024,1024,0,1024,0.5299121754017847,0.4572619507807304,0.4492086265341033,0.500417811077837,0.632630713186894,0.48678597217983327,0.5283806059339115,0.975054689616478,sample,388,0.5297108211065393,0.4550297765434167,0.4502215175852808,0.4988970468065954,0.6327345609870121,0.48461809138100737,0.5286723832129487,0.9755947144478319,2.5052525317096412,2.3164759290635617,1.6861624992326076,0.6445971427315753,5.296233866015784,1.5791056005889628,1.6608732752576076,3.0649211877903406
D_W,dw,918,918,0.01,0.02,1024,1024,1024,1024,0,1024,0.5299121754017847,0.4572619507807304,0.4492086265341033,0.500417811077837,0.632630713186894,0.48678597217983327,0.5283806059339115,0.975054689616478,sample,389,0.5308440144864718,0.4584035678131889,0.4498331933653678,0.5011843125311679,0.6320585923065181,0.4865214567998403,0.5300749069574863,0.9742556303678773,2.508057137590353,2.3403301888925316,1.6725049235760896,0.6403643747159151,5.350431890738736,1.561828483340207,1.665279433549932,3.0607143310822162
D_W,dw,918,918,0.01,0.02,1024,1024,1024,1024,0,1024,0.5299121754017847,0.4572619507807304,0.4492086265341033,0.500417811077837,0.632630713186894,0.48678597217983327,0.5283806059339115,0.975054689616478,sample,390,0.5286389798207771,0.45692335038913584,0.44886018723139215,0.5011713641867234,0.6315015972996888,0.4861176636339828,0.526873373340637,0.975373535106147,2.5040287160560375,2.3504763856132334,1.6759704331279421,0.637892557414169,5.299124293795353,1.5618889581282114,1.6552215190590176,3.0642263323953776
D_W,dw,918,918,0.01,0.02,1024,1024,1024,1024,0,1024,0.5299121754017847,0.4572619507807304,0.4492086265341033,0.500417811077837,0.632630713186894,0.48678597217983327,0.5283806059339115,0.975054689616478,sample,391,0.5297855431425667,0.4577885190788096,0.4499869056275544,0.5001303077986334,0.6336321855091374,0.4866251992450728,0.5296491772568718,0.9760467758933575,2.5060709437061663,2.3399761288307594,1.6705507455594046,0.6478411543539513,5.326881203074133,1.5698212042461237,1.6639419642500666,3.066341380706575
D_W,dw,918,918,0.01,0.02,1024,1024,1024,1024,0,1024,0.5299121754017847,0.4572619507807304,0.4492086265341033,0.500417811077837,0.632630713186894,0.48678597217983327,0.5283806059339115,0.975054689616478,sample,392,0.5311194202089413,0.45603377591247624,0.4489494117064209,0.5001503415256267,0.6328469008634999,0.48613773941116506,0.5283926536533834,0.9752400574231629,2.5267766826542584,2.329374665400589,1.6747676285545596,0.6443119076953633,5.32833260535002,1.5696646371546599,1.6599944789282852,3.0638069998870967
D_W,dw,918,918,0.01,0.02,1024,1024,1024,1024,0,1024,0.5299121754017847,0.4572619507807304,0.4492086265341033,0.500417811077837,0.632630713186894,0.48678597217983327,0.5283806059339115,0.975054689616478,sample,393,0.5298685616726748,0.4586318838932853,0.4480938622396663,0.4979279176573754,0.633084562364744,0.4893614252670622,0.527575246569283,0.9745259829368184,2.5101948664015117,2.364764208253242,1.650555535967585,0.6441040241467669,5.337740383979837,1.5863647360518756,1.6574265188378832,3.0615636687266807
D_W,dw,918,918,0.01,0.02,1024,1024,1024,1024,0,1024,0.5299121754017847,0.4572619507807304,0.4492086265341033,0.500417811077837,0.632630713186894,0.48678597217983327,0.5283806059339115,0.975054689616478,sample,394,0.5306924739288418,0.4565528660440395,0.4493103885027767,0.4997671611171678,0.6318286317101055,0.4861359487280136,0.5278266637766582,0.9761387112780696,2.5116343304844837,2.332084481394426,1.6755782200060811,0.6394281511034849,5.327419124713101,1.5725625488795452,1.6582163692895593,3.066630204235792
D_W,dw,918,918,0.01,0.02,1024,1024,1024,1024,0,1024,0.5299121754017847,0.4572619507807304,0.4492086265341033,0.500417811077837,0.632630713186894,0.48678597217983327,0.5283806059339115,0.975054689616478,sample,395,0.5294421821687904,0.4566324769099998,0.450309640981457,0.49973894445138056,0.6332154793682507,0.48620241984400797,0.5274785254483577,0.975150553584898,2.498550400003081,2.329493327328705,1.6740015364515544,0.6460488971364494,5.308812603714707,1.5727559730438738,1.6571226604749374,3.0635258152863356
D_W,dw,918,918,0.01,0.02,1024,1024,1024,1024,0,1024,0.5299121754017847,0.4572619507807304,0.4492086265341033,0.500417811077837,0.632630713186894,0.48678597217983327,0.5283806059339115,0.975054689616478,sample,396,0.528454499818216,0.45816865995674777,0.4520894536105567,0.503486864822221,0.6388043334914401,0.4885587949703839,0.5301628461381511,0.9759876731478428,2.503417876932246,2.3289820490494204,1.653011447117288,0.6720510756603066,5.3097158269159435,1.545680888757585,1.6655557026338714,3.0661557039554594
D_W,dw,918,918,0.01,0.02,1024,1024,1024,1024,0,1024,0.5299121754017847,0.4572619507807304,0.4492086265341033,0.500417811077837,0.632630713186894,0.48678597217983327,0.5283806059339115,0.975054689616478,sample,397,0.5299210561217924,0.45776421508481874,0.448798662903845,0.5009924070196976,0.6325788700956535,0.486855499406985,0.5294023877430379,0.9735079811043695,2.516160272115677,2.3507654666707545,1.6696153875598463,0.6426925568965275,5.328749638660221,1.563311057956012,1.6631666521264232,3.0583655216485184
D_W,dw,918,918,0.01,0.02,1024,1024,1024,1024,0,1024,0.5299121754017847,0.4572619507807304,0.4492086265341033,0.500417811077837,0.632630713186894,0.48678597217983327,0.5283806059339115,0.975054689616478,sample,398,0.5288725201505868,0.45729919408032804,0.44891396906940334,0.5000391803656957,0.6323041612618656,0.4869951453550222,0.5279007850884498,0.9742425862869696,2.503341752742797,2.3517136245842947,1.6687767009007128,0.6412898352902097,5.306934214512665,1.5705001882292107,1.6584492282581582,3.0606733518934637
D_W,dw,918,918,0.01,0.02,1024,1024,1024,1024,0,1024,0.5299121754017847,0.4572619507807304,0.4492086265341033,0.500417811077837,0.632630713186894,0.48678597217983327,0.5283806059339115,0.975054689616478,sample,399,0.5297223176639774,0.4562374969320878,0.44794598515346173,0.4993090485756974,0.6331591985251223,0.48973333123489615,0.5272112302112003,0.9742537016407369,2.513597881769579,2.348119587737051,1.647743772151859,0.6442535811148732,5.309000024323782,1.5759851926848227,1.656282927721544,3.060708271807201
D_W,dw,918,918,0.01,0.02,1024,1024,1024,1024,0,1024,0.5299121754017847,0.4572619507807304,0.4492086265341033,0.500417811077837,0.632630713186894,0.48678597217983327,0.5283806059339115,0.975054689616478,sample,400,0.5284428811085634,0.45900723123575604,0.4481835039188255,0.49969045685999247,0.6335373220088477,0.48972002845495716,0.5279929910001488,0.9780429567832319,2.5043484296867717,2.3750945567958914,1.647626599255892,0.6460702318962295,5.318976290276349,1.573114349808502,1.6587389016729694,3.072612567925441
D_W,dw,918,918,0.01,0.02,1024,1024,1024,1024,0,1024,0.5299121754017847,0.4572619507807304,0.4492086265341033,0.500417811077837,0.632630713186894,0.48678597217983327,0.5283806059339115,0.975054689616478,sample,401,0.5301751763666558,0.4595267023152181,0.44806325741739134,0.5038841717641703,0.6348948811929823,0.4875627772396087,0.5280217514663887,0.9753290665114801,2.5451483449297245,2.370378111308152,1.6626978896794744,0.653739708117536,5.35304091205631,1.5420102171190981,1.6588292553424224,3.0640866301850567
D_W,dw,918,918,0.01,0.02,1024,1024,1024,1024,0,1024,0.5299121754017847,0.4572619507807304,0.4492086265341033,0.500417811077837,0.632630713186894,0.48678597217983327,0.5283806059339115,0.975054689616478,sample,402,0.5300464830749774,0.4567321749066342,0.4484448054281216,0.5007283843105911,0.6321371649247728,0.4859304873474164,0.5290178347600448,0.9755640590841772,2.522953263478243,2.3454296864280813,1.676871632484202,0.6410211443550247,5.319367013194719,1.5652840476899372,1.6619585433001358,3.06482488112509
D_W,dw,918,918,0.01,0.02,1024,1024,1024,1024,0,1024,0.5299121754017847,0.4572619507807304,0.4492086265341033,0.500417811077837,0.632630713186894,0.48678597217983327,0.5283806059339115,0.975054689616478,sample,403,0.5296084076315216,0.4569245201213105,0.448772978376653,0.500371286841542,0.6335023019608279,0.48655356707941383,0.5296108407618385,0.9744780119657959,2.520575690011039,2.34611728453786,1.6711780151668398,0.6472544444568364,5.314581975799712,1.5680152070776099,1.6638215265989056,3.061412963476531
D_W,dw,918,918,0.01,0.02,1024,1024,1024,1024,0,1024,0.5299121754017847,0.4572619507807304,0.4492086265341033,0.500417811077837,0.632630713186894,0.48678597217983327,0.5283806059339115,0.975054689616478,sample,404,0.5296654296265888,0.4560479874933074,0.44938124310641053,0.501035319916327,0.6318533646882086,0.4876782847027549,0.5287823989650351,0.9763312365242823,2.4997945082811075,2.332967393620666,1.6639729957589473,0.6388301869801748,5.306104590427607,1.5629444328209299,1.6612188999361412,3.067235040134924
D_W,dw,918,918,0.01,0.02,1024,1024,1024,1024,0,1024,0.5299121754017847,0.4572619507807304,0.4492086265341033,0.500417811077837,0.632630713186894,0.48678597217983327,0.5283806059339115,0.975054689616478,sample,405,0.5310637569287022,0.4566061885202614,0.4490840680104313,0.500326684756666,0.6319643300804354,0.4873225828092334,0.5286722363315551,0.9753842938767474,2.513799803141176,2.3326997801453047,1.6665691301475547,0.6395073652622462,5.33367803603892,1.568320778371156,1.6608728138161006,3.0642601320700575
D_W,dw,918,918,0.01,0.02,1024,1024,1024,1024,0,1024,0.5299121754017847,0.4572619507807304,0.4492086265341033,0.500417811077837,0.632630713186894,0.48678597217983327,0.5283806059339115,0.975054689616478,sample,406,0.5297829034309036,0.45772424781108273,0.4499952277835932,0.5003081015555808,0.6322737914083383,0.4870240432320528,0.5274089537327881,0.9753652622639634,2.495905626583123,2.339399823033787,1.6685824108082068,0.6411321090088475,5.326122944487796,1.5684670596354688,1.656904094484406,3.064200342495149
D_W,dw,918,918,0.01,0.02,1024,1024,1024,1024,0,1024,0.5299121754017847,0.4572619507807304,0.4492086265341033,0.500417811077837,0.632630713186894,0.48678597217983327,0.5283806059339115,0.975054689616478,sample,407,0.530592020328432,0.4578113946717031,0.4472236481779219,0.5002940572107358,0.6317617117987364,0.4841791206031982,0.5282714867440256,0.9753064796639637,2.5466350485060745,2.3625200545136003,1.6902958391294163,0.6401643014820175,5.3397792239929265,1.568564595599808,1.6596138218559886,3.0640156715108313
D_W,dw,918,918,0.01,0.02,1024,1024,1024,1024,0,1024,0.5299121754017847,0.4572619507807304,0.4492086265341033,0.500417811077837,0.632630713186894,0.48678597217983327,0.5283806059339115,0.975054689616478,sample,408,0.5295427160527556,0.45754252581866683,0.45031534320283934,0.5007922555154632,0.6328006036212731,0.48695490280610054,0.5277598678166626,0.9747616800484495,2.4949816089411185,2.336083595914703,1.6687111677082613,0.643703416020068,5.320303370722077,1.564830645199963,1.6580065235923476,3.0623041330410534
D_W,dw,918,918,0.01,0.02,1024,1024,1024,1024,0,1024,0.5299121754017847,0.4572619507807304,0.4492086265341033,0.500417811077837,0.632630713186894,0.48678597217983327,0.5283806059339115,0.975054689616478,sample,409,0.5297298923710588,0.4568392505863683,0.44939512043317353,0.49995743415705135,0.6326813812575163,0.4866836313789293,0.5271350537825997,0.9750695368441487,2.5069031834006186,2.338681679200706,1.6708248682630673,0.6432491096416606,5.315570620370836,1.5711171392637218,1.6560436124130757,3.0632712936887794
D_W,dw,918,918,0.01,0.02,1024,1024,1024,1024,0,1024,0.5299121754017847,0.4572619507807304,0.4492086265341033,0.500417811077837,0.632630713186894,0.48678597217983327,0.5283806059339115,0.975054689616478,sample,410,0.5296137164770452,0.45650409216892357,0.44948180078479166,0.5009286233272443,0.6334206163431065,0.4862417036595415,0.5288734547870091,0.976669957880382,2.5139321973855897,2.335818657674284,1.67355037408262,0.6470280015078722,5.310139224715599,1.563836320478376,1.6615049602375214,3.068299164658861
D_W,dw,918,918,0.01,0.02,1024,1024,1024,1024,0,1024,0.5299121754017847,0.4572619507807304,0.4492086265341033,0.500417811077837,0.632630713186894,0.48678597217983327,0.5283806059339115,0.975054689616478,sample,411,0.5299944077643817,0.4577125857656703,0.44929509143692314,0.5002669753116172,0.6310736965321918,0.4870905712662147,0.529272753646639,0.9756656697627443,2.4982623858197073,2.345078831575291,1.6689693566239128,0.6353389984873675,5.329328456067955,1.568759495992973,1.6627593946015213,3.0651441004864024
D_W,dw,918,918,0.01,0.02,1024,1024,1024,1024,0,1024,0.5299121754017847,0.4572619507807304,0.4492086265341033,0.500417811077837,0.632630713186894,0.48678597217983327,0.5283806059339115,0.975054689616478,sample,412,0.5320668355586805,0.45800602220335507,0.45003416564233584,0.49922990348804974,0.6329424847922316,0.4879720782261112,0.5287383539120531,0.9731110009653929,2.509375891000025,2.3282704288854243,1.6610237891894404,0.6439232685437095,5.364540943980707,1.576588966368987,1.6610805283212662,3.0571183717602883
D_W,dw,918,918,0.01,0.02,1024,1024,1024,1024,0,1024,0.5299121754017847,0.4572619507807304,0.4492086265341033,0.500417811077837,0.632630713186894,0.48678597217983327,0.5283806059339115,0.975054689616478,sample,413,0.5291460882015054,0.4570870739495863,0.4484184445847892,0.5003630744201464,0.6321586868895783,0.4861907938654549,0.5288683139460127,0.9751601554247353,2.515086546816419,2.3533582745487722,1.674907717022184,0.6409854314703323,5.3090124700453325,1.5680490726017162,1.661488809809214,3.0635559803558294
D_W,dw,918,918,0.01,0.02,1024,1024,1024,1024,0,1024,0.5299121754017847,0.4572619507807304,0.4492086265341033,0.500417811077837,0.632630713186894,0.48678597217983327,0.5283806059339115,0.975054689616478,sample,414,0.5307158512432615,0.4570395896432533,0.4490525228939931,0.4996018350359262,0.6328779722452139,0.4867453206994022,0.5273134741544347,0.974372499360501,2.518216635419968,2.33823096775399,1.6702177618519978,0.6441659249986755,5.333098307717944,1.573792788628761,1.6566041365424835,3.0610814858508753
D_W,dw,918,918,0.01,0.02,1024,1024,1024,1024,0,1024,0.5299121754017847,0.4572619507807304,0.4492086265341033,0.500417811077837,0.632630713186894,0.48678597217983327,0.5283806059339115,0.975054689616478,sample,415,0.5294504513459215,0.4586998653349653,0.449326964295238,0.5000183468931332,0.6339151145342055,0.4875317694040428,0.528357193930103,0.9743201614787408,2.5094342468791333,2.355681566639168,1.6636341611516827,0.6487788753730319,5.331842061458045,1.5706593228944616,1.6598830789221293,3.060917061546033
D_W,dw,918,918,0.01,0.02,1024,1024,1024,1024,0,1024,0.5299121754017847,0.4572619507807304,0.4492086265341033,0.500417811077837,0.632630713186894,0.48678597217983327,0.5283806059339115,0.975054689616478,sample,416,0.530032580202175,0.45772777387514235,0.44975755362232234,0.5001742491042166,0.6339495966292656,0.4860060425897704,0.5282179410583656,0.9734348709523334,2.515608694089644,2.340405636702594,1.6748904426106919,0.6496684832972633,5.330098347948331,1.5694954717694847,1.6594456031232878,3.058135839331979
D_W,dw,918,918,0.01,0.02,1024,1024,1024,1024,0,1024,0.5299121754017847,0.4572619507807304,0.4492086265341033,0.500417811077837,0.632630713186894,0.48678597217983327,0.5283806059339115,0.975054689616478,sample,417,0.5292310824479413,0.4577394932348681,0.44927870815253845,0.49972424181719644,0.633143302357504,0.485826720155272,0.5277502753531333,0.974315254480738,2.5109264921146233,2.349695512087895,1.6768480317601253,0.6458920474627101,5.31751456318538,1.5728674620576037,1.6579763879793943,3.060901645757156
D_W,dw,918,918,0.01,0.02,1024,1024,1024,1024,0,1024,0.5299121754017847,0.4572619507807304,0.4492086265341033,0.500417811077837,0.632630713186894,0.48678597217983327,0.5283806059339115,0.975054689616478,sample,418,0.5295616132018435,0.4572631346207202,0.44830256167384375,0.5001162627509763,0.6331476677965757,0.48676195422056184,0.529187930174929,0.9746391643137255,2.5223817924782277,2.353616426802116,1.6698944044456947,0.6454499183229488,5.317531011108369,1.5699231404796425,1.6624929138059454,3.0619192385088954
D_W,dw,918,918,0.01,0.02,1024,1024,1024,1024,0,1024,0.5299121754017847,0.4572619507807304,0.4492086265341033,0.500417811077837,0.632630713186894,0.48678597217983327,0.5283806059339115,0.975054689616478,sample,419,0.5300317116231706,0.4581911831487548,0.4489950645815559,0.4996771501919964,0.6313847898807757,0.486089534205075,0.5291036637858926,0.975395586029237,2.5073937775610133,2.3515882650568494,1.676278809250868,0.6373233623212364,5.3352984491901925,1.5732536063512539,1.6622281831372039,3.0642956074133623
D_W,dw,918,918,0.01,0.02,1024,1024,1024,1024,0,1024,0.5299121754017847,0.4572619507807304,0.4492086265341033,0.500417811077837,0.632630713186894,0.48678597217983327,0.5283806059339115,0.975054689616478,sample,420,0.5307291818452928,0.45696936239177965,0.4495590865139765,0.5015969139056,0.6328001704417006,0.4882097493033357,0.5285398573201826,0.9755394316223728,2.5093498985071703,2.3326255552767563,1.6593396838385805,0.6431725771894619,5.332530927599963,1.558771967668186,1.660456932886483,3.0647475116720084
D_W,dw,918,918,0.01,0.02,1024,1024,1024,1024,0,1024,0.5299121754017847,0.4572619507807304,0.4492086265341033,0.500417811077837,0.632630713186894,0.48678597217983327,0.5283806059339115,0.975054689616478,sample,421,0.5289936931519498,0.45488385601008513,0.44944667824833884,0.4973885876502689,0.632020358405048,0.48569018648431417,0.5288958079539494,0.9748683124813787,2.4980695047037322,2.3266782937568573,1.678744822053683,0.6406989537452379,5.283576789164438,1.5905741237797968,1.6615751847825655,3.062639128708978
D_W,dw,918,918,0.01,0.02,1024,1024,1024,1024,0,1024,0.5299121754017847,0.4572619507807304,0.4492086265341033,0.500417811077837,0.632630713186894,0.48678597217983327,0.5283806059339115,0.975054689616478,sample,422,0.5284929435507201,0.4563872417605989,0.44964425234214667,0.49903860922545634,0.632349962207019,0.48694358284455574,0.5292586056565282,0.9760749199749424,2.4904669453466632,2.3392167488921167,1.6691262890139074,0.6415508177428423,5.2910922719591404,1.578060203939553,1.6627149473797262,3.0664297979465243
D_W,dw,918,918,0.01,0.02,1024,1024,1024,1024,0,1024,0.5299121754017847,0.4572619507807304,0.4492086265341033,0.500417811077837,0.632630713186894,0.48678597217983327,0.5283806059339115,0.975054689616478,sample,423,0.5302332711501804,0.45616158598839257,0.45003205329455076,0.5023843625167994,0.6328273619161299,0.48622799728255617,0.5285718194595971,0.972544906108253,2.51119490873116,2.3243819567024464,1.674094116974756,0.6442753829815236,5.316136492399192,1.5528474160775145,1.6605573449088606,3.0553399323158628
D_W,dw,918,918,0.01,0.02,1024,1024,1024,1024,0,1024,0.5299121754017847,0.4572619507807304,0.4492086265341033,0.500417811077837,0.632630713186894,0.48678597217983327,0.5283806059339115,0.975054689616478,sample,424,0.5288938675610678,0.4572014702952206,0.44876589963116736,0.5000453859663233,0.6330520662277418,0.48661115153352874,0.5279568106773945,0.9742192398408464,2.5119141639690348,2.3522601525935007,1.6710873504600194,0.6450632375460557,5.306216654525216,1.570455212478902,1.6586252378367998,3.060600006869836
D_W,dw,918,918,0.01,0.02,1024,1024,1024,1024,0,1024,0.5299121754017847,0.4572619507807304,0.4492086265341033,0.500417811077837,0.632630713186894,0.48678597217983327,0.5283806059339115,0.975054689616478,sample,425,0.5287421941238747,0.45603104458269683,0.45052895578696567,0.4995739272666302,0.6310785825895323,0.48928385859782125,0.5275700169976127,0.9750916834720315,2.4636763800584043,2.3262156604578723,1.6523680522755955,0.6344148855497795,5.2913558874629345,1.5740468290841085,1.6574100896539425,3.063340869372238
D_W,dw,918,918,0.01,0.02,1024,1024,1024,1024,0,1024,0.5299121754017847,0.4572619507807304,0.4492086265341033,0.500417811077837,0.632630713186894,0.48678597217983327,0.5283806059339115,0.975054689616478,sample,426,0.5280788069566872,0.45548912365944366,0.447243583286289,0.4987324542504942,0.6345452878885084,0.4849510342249971,0.5276745421811103,0.9771090010769597,2.541879626312135,2.3574192611818705,1.6821790176648863,0.6531006958500998,5.275169848819084,1.5802170078999098,1.6577384652025335,3.069678459539838
D_W,dw,918,918,0.01,0.02,1024,1024,1024,1024,0,1024,0.5299121754017847,0.4572619507807304,0.4492086265341033,0.500417811077837,0.632630713186894,0.48678597217983327,0.5283806059339115,0.975054689616478,sample,427,0.5308133968531616,0.4581561375554155,0.4511336762528655,0.4965824756956546,0.6330404057372132,0.48701910078395527,0.5288428093495512,0.9724357495762098,2.485897200001854,2.325471669424828,1.6680276848743765,0.6450238648158251,5.347122558677481,1.5964785462648527,1.6614086847563376,3.0549970069567047
D_W,dw,918,918,0.01,0.02,1024,1024,1024,1024,0,1024,0.5299121754017847,0.4572619507807304,0.4492086265341033,0.500417811077837,0.632630713186894,0.48678597217983327,0.5283806059339115,0.975054689616478,sample,428,0.5286577122734086,0.4554078542700815,0.4502558671559903,0.5018979858644064,0.6316369863693144,0.48532247305241594,0.5272404925596864,0.9758120416020449,2.493612332171078,2.324451718086681,1.6818262544726954,0.6389962999506629,5.283588919478205,1.5563789931098546,1.6563748581005748,3.065603941181442
D_W,dw,918,918,0.01,0.02,1024,1024,1024,1024,0,1024,0.5299121754017847,0.4572619507807304,0.4492086265341033,0.500417811077837,0.632630713186894,0.48678597217983327,0.5283806059339115,0.975054689616478,sample,429,0.5283210568831095,0.45736079845130695,0.4486914590441853,0.5016199900708537,0.6330582120239816,0.4860776298506323,0.5269090718872689,0.9760596629198807,2.5147408511424754,2.3573731694033246,1.6750429734058467,0.645402756441369,5.298683561487151,1.558621880673475,1.65533366935086,3.0663818664944267
D_W,dw,918,918,0.01,0.02,1024,1024,1024,1024,0,1024,0.5299121754017847,0.4572619507807304,0.4492086265341033,0.500417811077837,0.632630713186894,0.48678597217983327,0.5283806059339115,0.975054689616478,sample,430,0.5297165129699299,0.45673054769614935,0.4485521975463968,0.49928499016256017,0.6328289359250778,0.4860310268313416,0.5291947179047122,0.974628175238184,2.520143813102589,2.346157126494237,1.6755748103468768,0.6442881747090309,5.314185970088149,1.5761792121318543,1.6625142380879667,3.0618847153099042
D_W,dw,918,918,0.01,0.02,1024,1024,1024,1024,0,1024,0.5299121754017847,0.4572619507807304,0.4492086265341033,0.500417811077837,0.632630713186894,0.48678597217983327,0.5283806059339115,0.975054689616478,sample,431,0.5316111239632983,0.4582419364195546,0.44880915856785436,0.5005776296323532,0.6324185514115317,0.4888191427105297,0.5296633056936455,0.9744846410897244,2.517231052505938,2.3447740177027745,1.6550314564324013,0.6410448463551445,5.360359164930363,1.5664342040979102,1.6639863500432415,3.0614337894835644
D_W,dw,918,918,0.01,0.02,1024,1024,1024,1024,0,1024,0.5299121754017847,0.4572619507807304,0.4492086265341033,0.500417811077837,0.632630713186894,0.48678597217983327,0.5283806059339115,0.975054689616478,sample,432,0.5302350475096193,0.45787945465008817,0.44854069052224427,0.49922450033807525,0.632004343262548,0.4873165225925051,0.5290995270720026,0.9756094694490615,2.512095984288678,2.3524242895661693,1.6665844147637996,0.6397112898528153,5.334976043444247,1.5766710633471388,1.6622151872672373,3.0649675419938074
D_W,dw,918,918,0.01,0.02,1024,1024,1024,1024,0,1024,0.5299121754017847,0.4572619507807304,0.4492086265341033,0.500417811077837,0.632630713186894,0.48678597217983327,0.5283806059339115,0.975054689616478,sample,433,0.5305032747575109,0.456910694889186,0.4474022679208143,0.4989671381237972,0.6336408015278977,0.48216948957584277,0.5278412764215817,0.9736911192310955,2.562719284059006,2.354338361481759,1.7034302332987157,0.6503934184150083,5.328402802577067,1.578524814653367,1.6582622762675006,3.058940867042033
D_W,dw,918,918,0.01,0.02,1024,1024,1024,1024,0,1024,0.5299121754017847,0.4572619507807304,0.4492086265341033,0.500417811077837,0.632630713186894,0.48678597217983327,0.5283806059339115,0.975054689616478,sample,434,0.5296299340695999,0.45720562052213093,0.4504842668285582,0.4991841034218225,0.6339086533712038,0.487498138988716,0.5278264251606507,0.9763470222006052,2.4947688463591033,2.331239439909787,1.663885877956281,0.6487748341412336,5.317981915898079,1.5768891853328355,1.658215619655263,3.067284632299692
D_W,dw,918,918,0.01,0.02,1024,1024,1024,1024,0,1024,0.5299121754017847,0.4572619507807304,0.4492086265341033,0.500417811077837,0.632630713186894,0.48678597217983327,0.5283806059339115,0.975054689616478,sample,435,0.5308558149509991,0.45784232548792125,0.4464816407626591,0.501684427044216,0.6338437190632347,0.4857942004821033,0.5279187329564449,0.9769617889711582,2.5665913171439567,2.368250933091275,1.6765293539887336,0.6493178712112153,5.344214565309312,1.5582119624610202,1.658505613148399,3.069215979069732
D_W,dw,918,918,0.01,0.02,1024,1024,1024,1024,0,1024,0.5299121754017847,0.4572619507807304,0.4492086265341033,0.500417811077837,0.632630713186894,0.48678597217983327,0.5283806059339115,0.975054689616478,sample,436,0.5299255872724433,0.4592934149355398,0.449270355218548,0.5021995486915452,0.6319154996280437,0.48514192689372726,0.5290184902132503,0.9750136263785892,2.516021596753378,2.35823602516135,1.6829414265214333,0.6404507414232589,5.346320403418592,1.5541239502168374,1.661960602467111,3.063095645780919
D_W,dw,918,918,0.01,0.02,1024,1024,1024,1024,0,1024,0.5299121754017847,0.4572619507807304,0.4492086265341033,0.500417811077837,0.632630713186894,0.48678597217983327,0.5283806059339115,0.975054689616478,sample,437,0.5302011163096515,0.4566792808501596,0.44950372750302303,0.500951050199501,0.6325752736153448,0.486791646228476,0.5274699230128971,0.9746590182208091,2.509905775911779,2.3338107678256277,1.6700951892455724,0.6427043005571778,5.321200826370484,1.5636227878691473,1.6570956351268913,3.061981611397534
D_W,dw,918,918,0.01,0.02,1024,1024,1024,1024,0,1024,0.5299121754017847,0.4572619507807304,0.4492086265341033,0.500417811077837,0.632630713186894,0.48678597217983327,0.5283806059339115,0.975054689616478,sample,438,0.5295558297741808,0.4567961978215807,0.4497056036937873,0.5011413157564665,0.6325659679447392,0.48577569272427884,0.52713482211084,0.9758731542337282,2.5077524558086766,2.336207801007779,1.6776832678476041,0.6431712016826274,5.312365620842366,1.5621871220606822,1.6560428845947772,3.06579593217618
D_W,dw,918,918,0.01,0.02,1024,1024,1024,1024,0,1024,0.5299121754017847,0.4572619507807304,0.4492086265341033,0.500417811077837,0.632630713186894,0.48678597217983327,0.5283806059339115,0.975054689616478,sample,439,0.5287885713062768,0.4569010997733389,0.44990910696714315,0.5015794813328845,0.6350258334678961,0.4897501792579564,0.5297405628618252,0.9768190581011232,2.498611623144077,2.3391376676588664,1.6465559310588875,0.6532613057720466,5.301290122846854,1.5590992370174865,1.6642290605952321,3.06876757681699
D_W,dw,918,918,0.01,0.02,1024,1024,1024,1024,0,1024,0.5299121754017847,0.4572619507807304,0.4492086265341033,0.500417811077837,0.632630713186894,0.48678597217983327,0.5283806059339115,0.975054689616478,sample,440,0.5307625014036809,0.4600313169199203,0.4483693090130946,0.501885348884627,0.6322623145893976,0.48602227206909143,0.5273930512141944,0.9757994686549175,2.530771805191825,2.3678953216753142,1.6760767481371621,0.6416296013632543,5.368357433704883,1.5565426732976624,1.6568541352488189,3.0655644421031125
D_W,dw,918,918,0.01,0.02,1024,1024,1024,1024,0,1024,0.5299121754017847,0.4572619507807304,0.4492086265341033,0.500417811077837,0.632630713186894,0.48678597217983327,0.5283806059339115,0.975054689616478,sample,441,0.5307073576161216,0.45693244606911204,0.4483100342334765,0.5012923610421873,0.6330207996022631,0.48740357903758474,0.5293014844116839,0.9752933552105318,2.5292605517080955,2.344684107691702,1.665205484761649,0.6445716895296475,5.3317895475906045,1.561081151528153,1.6628496549619185,3.0639744398243476
D_W,dw,918,918,0.01,0.02,1024,1024,1024,1024,0,1024,0.5299121754017847,0.4572619507807304,0.4492086265341033,0.500417811077837,0.632630713186894,0.48678597217983327,0.5283806059339115,0.975054689616478,sample,442,0.5305763687180084,0.45766948335173985,0.45043726927072353,0.5001933714865311,0.6328925085871174,0.4870552941423444,0.5280442758788652,0.9747266635170964,2.499521714401294,2.330106098186287,1.6678972342382548,0.6440868294221264,5.337941225788473,1.5693412308522319,1.6589000178711848,3.0621941253634
D_W,dw,918,918,0.01,0.02,1024,1024,1024,1024,0,1024,0.5299121754017847,0.4572619507807304,0.4492086265341033,0.500417811077837,0.632630713186894,0.48678597217983327,0.5283806059339115,0.975054689616478,sample,443,0.5281379769398614,0.456177505064178,0.4533897088150784,0.5035755572088448,0.6339291678400176,0.48653439155216294,0.5296587306936696,0.9735810266327366,2.463022511490489,2.3008437021792374,1.6709668849730734,0.6495390545720715,5.283183312174196,1.544105291996415,1.6639719772569272,3.058595000943814
D_W,dw,918,918,0.01,0.02,1024,1024,1024,1024,0,1024,0.5299121754017847,0.4572619507807304,0.4492086265341033,0.500417811077837,0.632630713186894,0.48678597217983327,0.5283806059339115,0.975054689616478,sample,444,0.528613437635635,0.45742500052965995,0.4495715703109622,0.5006946763142557,0.6331135270598189,0.4859746732908434,0.5294408687713085,0.9750646761722399,2.504308063947028,2.3476584856540113,1.6757712336006418,0.6456813748964649,5.304123964399497,1.5655776985810874,1.6632875438421404,3.0632560234376194
D_W,dw,918,918,0.01,0.02,1024,1024,1024,1024,0,1024,0.5299121754017847,0.4572619507807304,0.4492086265341033,0.500417811077837,0.632630713186894,0.48678597217983327,0.5283806059339115,0.975054689616478,sample,445,0.5299647898563705,0.4579340776641527,0.44890066563388187,0.49903582903235727,0.6328661876391192,0.4866688855658915,0.5294444757067832,0.9746055607487651,2.5136420850046672,2.350862599035538,1.6707939280022366,0.6441599915092869,5.33134181706397,1.578052906222374,1.6632988753641298,3.0618136697960816
D_W,dw,918,918,0.01,0.02,1024,1024,1024,1024,0,1024,0.5299121754017847,0.4572619507807304,0.4492086265341033,0.500417811077837,0.632630713186894,0.48678597217983327,0.5283806059339115,0.975054689616478,sample,446,0.5299941069156511,0.4585821871768794,0.44945166405087705,0.500419445069907,0.63248389292858,0.48617337015112855,0.529631786891893,0.9743973444482525,2.5093947609452707,2.350396981391677,1.6747839646454998,0.6425552113543611,5.339161937021306,1.567630329335185,1.6638873308072062,3.0611595389960335
D_W,dw,918,918,0.01,0.02,1024,1024,1024,1024,0,1024,0.5299121754017847,0.4572619507807304,0.4492086265341033,0.500417811077837,0.632630713186894,0.48678597217983327,0.5283806059339115,0.975054689616478,sample,447,0.5303871141872191,0.4576219777148402,0.44865803671129534,0.500207010918659,0.6333711001203052,0.48751651407937147,0.5271641087686045,0.9749607312615184,2.521594599891709,2.348419006121258,1.6641239364052853,0.6461736032111423,5.334465752061993,1.5692441857970887,1.6561348913436587,3.062929470869719
D_W,dw,918,918,0.01,0.02,1024,1024,1024,1024,0,1024,0.5299121754017847,0.4572619507807304,0.4492086265341033,0.500417811077837,0.632630713186894,0.48678597217983327,0.5283806059339115,0.975054689616478,sample,448,0.5297462331019932,0.4589230740716045,0.44896560530443874,0.5001677465645141,0.6322577375258904,0.4869102734045943,0.5286552746388832,0.9742741912054782,2.5084588744683805,2.3593198079382556,1.6694463299573885,0.6411076451568174,5.339145822582101,1.569527996656313,1.6608195270870099,3.060772641673268
D_W,dw,918,918,0.01,0.02,1024,1024,1024,1024,0,1024,0.5299121754017847,0.4572619507807304,0.4492086265341033,0.500417811077837,0.632630713186894,0.48678597217983327,0.5283806059339115,0.975054689616478,sample,449,0.5305660875340992,0.4574027613131215,0.4488888247172407,0.50129505958534,0.6328302823078742,0.48650066573721373,0.5271895787692238,0.9757831832180426,2.523559041497581,2.343466565429456,1.6720722534216086,0.6440827011238295,5.334803419204473,1.5610469042216735,1.656214907710491,3.0655132798942657
D_W,dw,918,918,0.01,0.02,1024,1024,1024,1024,0,1024,0.5299121754017847,0.4572619507807304,0.4492086265341033,0.500417811077837,0.632630713186894,0.48678597217983327,0.5283806059339115,0.975054689616478,sample,450,0.5292301972565235,0.4533989753458906,0.4472692376853244,0.5007841637582185,0.6323444861729672,0.48492649637890023,0.5272920658182892,0.9758497128555124,2.5420095713932613,2.335046129153772,1.684201623964098,0.6425471524800029,5.272600087337065,1.5648712247799177,1.656536880270923,3.0657222889145865
D_W,dw,918,918,0.01,0.02,1024,1024,1024,1024,0,1024,0.5299121754017847,0.4572619507807304,0.4492086265341033,0.500417811077837,0.632630713186894,0.48678597217983327,0.5283806059339115,0.975054689616478,sample,451,0.529408495950554,0.4584850291750798,0.44892651632772024,0.4993993224618293,0.6333416156966195,0.4865394126730392,0.5288165705168297,0.9744906543882262,2.5137608886742306,2.358133004478557,1.6714026237754638,0.6464940960411404,5.328718931659301,1.5753010980311777,1.661326253032221,3.0614526808179616
D_W,dw,918,918,0.01,0.02,1024,1024,1024,1024,0,1024,0.5299121754017847,0.4572619507807304,0.4492086265341033,0.500417811077837,0.632630713186894,0.48678597217983327,0.5283806059339115,0.975054689616478,sample,452,0.5296619383943384,0.45600344971531,0.4489201826478144,0.5017066666107819,0.6323338611041958,0.4891046130034087,0.5274780961450947,0.9747326281532689,2.503747118902584,2.33716762572748,1.6529368160237656,0.6405701487006282,5.305580478394457,1.5579003681490642,1.65712131177896,3.062212863820581
D_W,dw,918,918,0.01,0.02,1024,1024,1024,1024,0,1024,0.5299121754017847,0.4572619507807304,0.4492086265341033,0.500417811077837,0.632630713186894,0.48678597217983327,0.5283806059339115,0.975054689616478,sample,453,0.5299290212511374,0.45955209253610807,0.44867039022151206,0.5002892031230298,0.6349448644954586,0.485886339732204,0.5270578636975924,0.9774706708035834,2.535639100744674,2.3661582912121815,1.675005565103009,0.6545044539426177,5.349420484558304,1.5686532094458547,1.655801112609087,3.0708146784960246
D_W,dw,918,918,0.01,0.02,1024,1024,1024,1024,0,1024,0.5299121754017847,0.4572619507807304,0.4492086265341033,0.500417811077837,0.632630713186894,0.48678597217983327,0.5283806059339115,0.975054689616478,sample,454,0.5301039415553421,0.45526115751346297,0.44849856222955176,0.5014096124397142,0.6318365748819756,0.4879812769279112,0.5293747754349735,0.974387110806688,2.514139035765451,2.333218454317501,1.6617036613537874,0.6386318737230442,5.304681860922897,1.560104614511261,1.6630799055022591,3.0611273890628747
D_W,dw,918,918,0.01,0.02,1024,1024,1024,1024,0,1024,0.5299121754017847,0.4572619507807304,0.4492086265341033,0.500417811077837,0.632630713186894,0.48678597217983327,0.5283806059339115,0.975054689616478,sample,455,0.5312906888621833,0.4569724364414578,0.44815673239368514,0.5003193935232912,0.6326858346870109,0.485086354077193,0.528948819073819,0.9750139403325426,2.541626990710565,2.3432582162743927,1.6827244160304144,0.6440873339946365,5.341153577918801,1.5683891903650244,1.6617417241273063,3.063096632096353
D_W,dw,918,918,0.01,0.02,1024,1024,1024,1024,0,1024,0.5299121754017847,0.4572619507807304,0.4492086265341033,0.500417811077837,0.632630713186894,0.48678597217983327,0.5283806059339115,0.975054689616478,sample,456,0.5306628404646041,0.45673616688703805,0.4477940218620251,0.49896329953777907,0.6330822839366341,0.48680421428980847,0.5269223764378487,0.9740725468494824,2.5337337343736976,2.3483832531570132,1.6696253848838618,0.6451350578831699,5.3289571463926615,1.578586090107739,1.6553754668292209,3.0601391572458336
D_W,dw,918,918,0.01,0.02,1024,1024,1024,1024,0,1024,0.5299121754017847,0.4572619507807304,0.4492086265341033,0.500417811077837,0.632630713186894,0.48678597217983327,0.5283806059339115,0.975054689616478,sample,457,0.5297705242244741,0.45763411310646623,0.4501240326421658,0.4993396920812295,0.6332344651102871,0.4874520101260223,0.5276213615224187,0.9749574121993421,2.4963569960198813,2.3374680018979763,1.6646979596640987,0.6455535568785757,5.3249249726923775,1.5757522705305573,1.6575713932358749,3.062919043728369
D_W,dw,918,918,0.01,0.02,1024,1024,1024,1024,0,1024,0.5299121754017847,0.4572619507807304,0.4492086265341033,0.500417811077837,0.632630713186894,0.48678597217983327,0.5283806059339115,0.975054689616478,sample,458,0.5289415377695433,0.4580164132251054,0.45143175983574396,0.5002307495679605,0.6333581108078947,0.4864332215505381,0.5280230573138993,0.9755193858328998,2.4814232804477356,2.331849829994851,1.672179318440718,0.6466193717413957,5.315933933120926,1.5690660283055158,1.6588333577833683,3.0646845359670647
D_W,dw,918,918,0.01,0.02,1024,1024,1024,1024,0,1024,0.5299121754017847,0.4572619507807304,0.4492086265341033,0.500417811077837,0.632630713186894,0.48678597217983327,0.5283806059339115,0.975054689616478,sample,459,0.5294995978613576,0.45900304490864147,0.44870544391572503,0.5002621372157574,0.6317737488479248,0.48506431605901135,0.5283810493904919,0.9759373156720796,2.515605268382714,2.36392860904061,1.6836578428287556,0.6397266692816144,5.336119443716106,1.5688070317170502,1.659958023061235,3.0659975012795484
D_W,dw,918,918,0.01,0.02,1024,1024,1024,1024,0,1024,0.5299121754017847,0.4572619507807304,0.4492086265341033,0.500417811077837,0.632630713186894,0.48678597217983327,0.5283806059339115,0.975054689616478,sample,460,0.5309112410614465,0.45675494619312196,0.45066020783009747,0.5002639447141393,0.630130903021754,0.4847211432616434,0.529654942772895,0.9742718474170535,2.4930637655472943,2.3189718715704144,1.6876724247939914,0.632043825693142,5.3329739746213205,1.5687680280122531,1.6639600771528493,3.060765278444771
D_W,dw,918,918,0.01,0.02,1024,1024,1024,1024,0,1024,0.5299121754017847,0.4572619507807304,0.4492086265341033,0.500417811077837,0.632630713186894,0.48678597217983327,0.5283806059339115,0.975054689616478,sample,461,0.530671099435711,0.458537299986071,0.44913828747315,0.4971841365176802,0.6331780552745743,0.4868798648920815,0.5275881160472694,0.9774549058976478,2.512640224768773,2.349241625302904,1.6689734013800765,0.6456824198036252,5.3492832078000765,1.591936776524,1.6574669494953809,3.070765151583353
D_W,dw,918,918,0.01,0.02,1024,1024,1024,1024,0,1024,0.5299121754017847,0.4572619507807304,0.4492086265341033,0.500417811077837,0.632630713186894,0.48678597217983327,0.5283806059339115,0.975054689616478,sample,462,0.5315407405284364,0.45691987299729603,0.4492506870419562,0.5005592596868329,0.6321497503450845,0.4863287263065518,0.5283713403468797,0.9750780885116737,2.521107465064412,2.3308230878391476,1.6738815848066826,0.6408770317692649,5.344362213605371,1.5665643373538447,1.6599275212011495,3.0632981595446522
D_W,dw,918,918,0.01,0.02,1024,1024,1024,1024,0,1024,0.5299121754017847,0.4572619507807304,0.4492086265341033,0.500417811077837,0.632630713186894,0.48678597217983327,0.5283806059339115,0.975054689616478,sample,463,0.5301007261048356,0.4583545325225029,0.4489631987049707,0.4999300813162136,0.6336190099992528,0.4866690071456016,0.528397867065745,0.9734856394375345,2.520333624634702,2.3527967002515027,1.670235935292052,0.6477566833378156,5.3382438885860966,1.5713195957324926,1.6600108573462606,3.0582953332321208
D_W,dw,918,918,0.01,0.02,1024,1024,1024,1024,0,1024,0.5299121754017847,0.4572619507807304,0.4492086265341033,0.500417811077837,0.632630713186894,0.48678597217983327,0.5283806059339115,0.975054689616478,sample,464,0.5283058612870195,0.4568149178128908,0.45365234745969224,0.4976501233716919,0.6333526375071551,0.4870030548363798,0.5288665501213736,0.9749930779105545,2.4419544552582613,2.302284710203241,1.6679374642358358,0.6464191129304223,5.292589173852496,1.588416026645888,1.6614832685906855,3.0630310908646985
D_W,dw,918,918,0.01,0.02,1024,1024,1024,1024,0,1024,0.5299121754017847,0.4572619507807304,0.4492086265341033,0.500417811077837,0.632630713186894,0.48678597217983327,0.5283806059339115,0.975054689616478,sample,465,0.53040756577549,0.45740007658525733,0.44927022718708726,0.5001549265150557,0.6323213536691977,0.4878113988682231,0.5299039178292887,0.9746732222659344,2.5059995982060457,2.340582380498708,1.662650693792645,0.6409996277856718,5.332312734486904,1.569625492005456,1.6647422553609428,3.062026234721351
D_W,dw,918,918,0.01,0.02,1024,1024,1024,1024,0,1024,0.5299121754017847,0.4572619507807304,0.4492086265341033,0.500417811077837,0.632630713186894,0.48678597217983327,0.5283806059339115,0.975054689616478,sample,466,0.5323224244183733,0.46010924173986084,0.44823768144382276,0.49849662459571914,0.6350736471160788,0.48513504690143494,0.5277889548157528,0.9755102195532307,2.558396334055191,2.360270081888342,1.6803992398535461,0.655547480015052,5.393362935835734,1.581925909527661,1.6580979030950043,3.064655739250196
D_W,dw,918,918,0.01,0.02,1024,1024,1024,1024,0,1024,0.5299121754017847,0.4572619507807304,0.4492086265341033,0.500417811077837,0.632630713186894,0.48678597217983327,0.5283806059339115,0.975054689616478,sample,467,0.5299529129222813,0.4581145623787717,0.4500884538515949,0.5014226527780625,0.632928955346995,0.48624651754704407,0.530336338333958,0.9735464829923323,2.505908172954504,2.340596696873639,1.6738885314899317,0.6446874942876767,5.333187502132697,1.5600943810749843,1.6661007444416733,3.0584864788968913
D_W,dw,918,918,0.01,0.02,1024,1024,1024,1024,0,1024,0.5299121754017847,0.4572619507807304,0.4492086265341033,0.500417811077837,0.632630713186894,0.48678597217983327,0.5283806059339115,0.975054689616478,sample,468,0.52968286304117,0.4579618689081156,0.4489212375227697,0.4995857131324568,0.6329448841453712,0.48698533380161785,0.5294490467261689,0.9745602928162286,2.5116417795040293,2.352462813600765,1.668380118030952,0.6443735072805498,5.3271930348352585,1.5739125469426871,1.6633132356450513,3.0616714563917813
D_W,dw,918,918,0.01,0.02,1024,1024,1024,1024,0,1024,0.5299121754017847,0.4572619507807304,0.4492086265341033,0.500417811077837,0.632630713186894,0.48678597217983327,0.5283806059339115,0.975054689616478,sample,469,0.5304976049040131,0.45607747999503145,0.4487903347450237,0.5026824262382383,0.6331195063689132,0.48896866738807193,0.5280250580683796,0.9750366126285047,2.5190502607387404,2.334583065644745,1.6534586033790908,0.6444781016810817,5.319312973010075,1.5506485412481923,1.6588396433389454,3.0631678592147873
D_W,dw,918,918,0.01,0.02,1024,1024,1024,1024,0,1024,0.5299121754017847,0.4572619507807304,0.4492086265341033,0.500417811077837,0.632630713186894,0.48678597217983327,0.5283806059339115,0.975054689616478,sample,470,0.5289585515782272,0.45913674826097745,0.4498595209952481,0.49969761621125475,0.633572368454077,0.48599546545150335,0.529074061078782,0.9755713861561639,2.5034059765043244,2.3567584142233957,1.6752604400604318,0.6478650892065863,5.328909920022962,1.5730601428497157,1.6621351834900189,3.0648478998006157
D_W,dw,918,918,0.01,0.02,1024,1024,1024,1024,0,1024,0.5299121754017847,0.4572619507807304,0.4492086265341033,0.500417811077837,0.632630713186894,0.48678597217983327,0.5283806059339115,0.975054689616478,sample,471,0.5285823389122212,0.4550782425260999,0.4482882580377589,0.5003489755912994,0.6342400459352592,0.4870297480118902,0.5290193238210041,0.9740894670724889,2.523487543395113,2.3415972459685825,1.667116856535165,0.6505701603760906,5.279051108842809,1.5681966941537455,1.6619632213231064,3.060192313694128
D_W,dw,918,918,0.01,0.02,1024,1024,1024,1024,0,1024,0.5299121754017847,0.4572619507807304,0.4492086265341033,0.500417811077837,0.632630713186894,0.48678597217983327,0.5283806059339115,0.975054689616478,sample,472,0.5309035522186522,0.4572858307854287,0.44933398316949896,0.500965973376423,0.6316110884929463,0.48740790996190475,0.5275727233648555,0.9741411758139448,2.507924792109229,2.3363181673040936,1.6661799386452594,0.6377869613873829,5.338710975085325,1.5634568537881193,1.6574185919573903,3.060354761496412
D_W,dw,918,918,0.01,0.02,1024,1024,1024,1024,0,1024,0.5299121754017847,0.4572619507807304,0.4492086265341033,0.500417811077837,0.632630713186894,0.48678597217983327,0.5283806059339115,0.975054689616478,sample,473,0.53002581574373,0.45752934497311143,0.44870343291970866,0.5021641651171395,0.6342988754273565,0.48479864379256016,0.5269115948543996,0.9767208235445608,2.5410111757750378,2.3492640368376745,1.6834925942470205,0.6520566440241834,5.327782782529366,1.5546831775941474,1.6553415954858635,3.0684589638557647
D_W,dw,918,918,0.01,0.02,1024,1024,1024,1024,0,1024,0.5299121754017847,0.4572619507807304,0.4492086265341033,0.500417811077837,0.632630713186894,0.48678597217983327,0.5283806059339115,0.975054689616478,sample,474,0.5287400554244539,0.45717368898290245,0.4491827364241985,0.49889844949672674,0.6309455375278056,0.4866456991723053,0.5264301047648771,0.9761855314978876,2.4898315959126296,2.348784609983611,1.6724250068472606,0.6349588251526262,5.303443559599164,1.579208408190714,1.653828949757843,3.066777294294411
D_W,dw,918,918,0.01,0.02,1024,1024,1024,1024,0,1024,0.5299121754017847,0.4572619507807304,0.4492086265341033,0.500417811077837,0.632630713186894,0.48678597217983327,0.5283806059339115,0.975054689616478,sample,475,0.5295010996636342,0.45645337355756116,0.4493925753108149,0.5002024194865168,0.6317426953501365,0.4866400152478305,0.529296718040247,0.9756774294482635,2.5004422986998853,2.3369026971304656,1.671860389202317,0.6387657406903289,5.307826748810721,1.5692598520272354,1.662834680964428,3.0651810446280385
D_W,dw,918,918,0.01,0.02,1024,1024,1024,1024,0,1024,0.5299121754017847,0.4572619507807304,0.4492086265341033,0.500417811077837,0.632630713186894,0.48678597217983327,0.5283806059339115,0.975054689616478,sample,476,0.5290295305496097,0.4573480484474891,0.4489904738466948,0.5008941154028846,0.6326359704144648,0.4869726731437171,0.5276500522406473,0.9744090594254899,2.5073894587476255,2.3505017107521584,1.668698753582793,0.6429077985239099,5.30998561986577,1.5640553058126152,1.6576615277854883,3.0611963426824595
D_W,dw,918,918,0.01,0.02,1024,1024,1024,1024,0,1024,0.5299121754017847,0.4572619507807304,0.4492086265341033,0.500417811077837,0.632630713186894,0.48678597217983327,0.5283806059339115,0.975054689616478,sample,477,0.5300960878240434,0.45788171012604834,0.45002443048917623,0.4986852096703109,0.6372177787880661,0.48647845989960453,0.528306119568016,0.976949214048517,2.528486221701165,2.3385979122915668,1.6690154700713384,0.6651527009740911,5.3328207341738425,1.5803778118352674,1.6597226240814098,3.0691764737851432
D_W,dw,918,918,0.01,0.02,1024,1024,1024,1024,0,1024,0.5299121754017847,0.4572619507807304,0.4492086265341033,0.500417811077837,0.632630713186894,0.48678597217983327,0.5283806059339115,0.975054689616478,sample,478,0.5281072531812433,0.4584467430504434,0.4521521732341137,0.5003411673653285,0.6316695119472551,0.49197392716120214,0.5301733704988125,0.9734030295107385,2.4317285981071763,2.3325411270043017,1.6316769913212115,0.636333621259855,5.307110214010049,1.5682052440394196,1.665588765888009,3.0580358064929847
D_W,dw,918,918,0.01,0.02,1024,1024,1024,1024,0,1024,0.5299121754017847,0.4572619507807304,0.4492086265341033,0.500417811077837,0.632630713186894,0.48678597217983327,0.5283806059339115,0.975054689616478,sample,479,0.5332723752537396,0.45977574196284515,0.44583887296033886,0.500618402881538,0.6347594138012049,0.48817376675931723,0.5275719507892915,0.9742440961703442,2.584660913667887,2.374612272807673,1.6583292790264117,0.652562995975561,5.403479954668131,1.5662074188789525,1.6574161648396741,3.060678095331981
D_W,dw,918,918,0.01,0.02,1024,1024,1024,1024,0,1024,0.5299121754017847,0.4572619507807304,0.4492086265341033,0.500417811077837,0.632630713186894,0.48678597217983327,0.5283806059339115,0.975054689616478,sample,480,0.5290719682696169,0.45811971943698804,0.44969906640005375,0.5000920079123271,0.633903854374708,0.4868008389068548,0.5282001313563528,0.9743522875759714,2.505600548018055,2.3494728019908044,1.6690508245669222,0.6490613257629194,5.319190402159553,1.5701092076803889,1.6593896522942817,3.061017988657081
D_W,dw,918,918,0.01,0.02,1024,1024,1024,1024,0,1024,0.5299121754017847,0.4572619507807304,0.4492086265341033,0.500417811077837,0.632630713186894,0.48678597217983327,0.5283806059339115,0.975054689616478,sample,481,0.5302234250240467,0.4562070391211416,0.4481720252221551,0.49946734723753494,0.6321929962315974,0.4852499819173033,0.5289265213214919,0.973776958987407,2.528873689196119,2.3430400923744923,1.681915229084348,0.6416401860197395,5.316469132606332,1.574825661895929,1.661671673672404,3.0592105405898473
D_W,dw,918,918,0.01,0.02,1024,1024,1024,1024,0,1024,0.5299121754017847,0.4572619507807304,0.4492086265341033,0.500417811077837,0.632630713186894,0.48678597217983327,0.5283806059339115,0.975054689616478,sample,482,0.5291321570168477,0.4578626835623897,0.44796588400440734,0.5005894240443034,0.6319251924570056,0.48749562655314205,0.5286119638996862,0.9757057015419324,2.5134651900187484,2.3640076902236546,1.6652968825418246,0.6392445123416665,5.317294356417306,1.5663284908086088,1.660683462386927,3.06526986402981
D_W,dw,918,918,0.01,0.02,1024,1024,1024,1024,0,1024,0.5299121754017847,0.4572619507807304,0.4492086265341033,0.500417811077837,0.632630713186894,0.48678597217983327,0.5283806059339115,0.975054689616478,sample,483,0.5305490681521767,0.4571020173137822,0.4487541186309226,0.5015571692824632,0.6326842782163126,0.4870099206769895,0.5274207963931413,0.9742015796183368,2.5226644284841755,2.3425490540184213,1.6683808181435025,0.6431515786206479,5.331211553829912,1.5590609665926667,1.6569412992991708,3.0605445256445387
D_W,dw,918,918,0.01,0.02,1024,1024,1024,1024,0,1024,0.5299121754017847,0.4572619507807304,0.4492086265341033,0.500417811077837,0.632630713186894,0.48678597217983327,0.5283806059339115,0.975054689616478,sample,484,0.5303512565946977,0.4561125583183055,0.4479916344835785,0.4994123460766929,0.6341302758605651,0.48607659554231497,0.5291363923334019,0.9729311536406713,2.540250728609586,2.3433660199977466,1.6742299662417583,0.6505057444515884,5.317435077744636,1.5751775163478234,1.662331002901622,3.056553364726175
D_W,dw,918,918,0.01,0.02,1024,1024,1024,1024,0,1024,0.5299121754017847,0.4572619507807304,0.4492086265341033,0.500417811077837,0.632630713186894,0.48678597217983327,0.5283806059339115,0.975054689616478,sample,485,0.5299236489981927,0.45740202255492374,0.4492066563522789,0.4999460575105253,0.632314830782416,0.48724186906986394,0.5271994159163094,0.9747735870956235,2.505487328690391,2.343901259477852,1.6669216830341116,0.6412257592885237,5.3247683473250875,1.5712040096386657,1.6562458120195074,3.062341540132981
D_W,dw,918,918,0.01,0.02,1024,1024,1024,1024,0,1024,0.5299121754017847,0.4572619507807304,0.4492086265341033,0.500417811077837,0.632630713186894,0.48678597217983327,0.5283806059339115,0.975054689616478,sample,486,0.5306807513861269,0.45781183898993544,0.4487905994586489,0.5013468818041064,0.633298992196245,0.4866293884125553,0.5299157518614679,0.9743003819709989,2.5279450495313407,2.3469541618688288,1.6707622986198774,0.6462722308948851,5.341161274616236,1.560692454679962,1.6647794330694992,3.0608549223898196
D_W,dw,918,918,0.01,0.02,1024,1024,1024,1024,0,1024,0.5299121754017847,0.4572619507807304,0.4492086265341033,0.500417811077837,0.632630713186894,0.48678597217983327,0.5283806059339115,0.975054689616478,sample,487,0.5292158982949956,0.4578997630165722,0.4492898026243139,0.49957618978702195,0.6325233282649344,0.4865415066450837,0.5288197703433746,0.9739771801062497,2.503117397692464,2.3509539603293605,1.6720044789591495,0.6425626293700897,5.31905002645081,1.573994320489544,1.661336305583787,3.059839553785897
D_W,dw,918,918,0.01,0.02,1024,1024,1024,1024,0,1024,0.5299121754017847,0.4572619507807304,0.4492086265341033,0.500417811077837,0.632630713186894,0.48678597217983327,0.5283806059339115,0.975054689616478,sample,488,0.5294413528410856,0.4559659142141555,0.4476239901280166,0.5003696019828945,0.6348097673166803,0.4902771857339392,0.5269910755410009,0.9757381625093037,2.526167301391864,2.3505584812352422,1.642793870413552,0.6519922326787503,5.301731410871393,1.5680546778461901,1.6555912914269921,3.065371843166432
D_W,dw,918,918,0.01,0.02,1024,1024,1024,1024,0,1024,0.5299121754017847,0.4572619507807304,0.4492086265341033,0.500417811077837,0.632630713186894,0.48678597217983327,0.5283806059339115,0.975054689616478,sample,489,0.5287840907459399,0.45742692291036413,0.4505425288688694,0.5006440366067685,0.6328161777321112,0.48778058480535863,0.5275580687390383,0.976168246127739,2.4830041750652714,2.3370283965295515,1.6625394420321375,0.6433972202089311,5.306900936108165,1.5659472822736384,1.6573725530925818,3.0667229907025377
D_W,dw,918,918,0.01,0.02,1024,1024,1024,1024,0,1024,0.5299121754017847,0.4572619507807304,0.4492086265341033,0.500417811077837,0.632630713186894,0.48678597217983327,0.5283806059339115,0.975054689616478,sample,490,0.5318726073832528,0.45650653419956966,0.44864286631112194,0.49823031732952244,0.6337557474231695,0.4873172851662203,0.5280593182575528,0.9745902426299938,2.5319417348652435,2.3318399892594797,1.6653254175049819,0.6481664884984966,5.344799816566161,1.584026258618624,1.6589472748975624,3.0617655465066824
D_W,dw,918,918,0.01,0.02,1024,1024,1024,1024,0,1024,0.5299121754017847,0.4572619507807304,0.4492086265341033,0.500417811077837,0.632630713186894,0.48678597217983327,0.5283806059339115,0.975054689616478,sample,491,0.5289131042697445,0.4580495339331397,0.4490301161814632,0.49866341228480016,0.6326557906336463,0.4865917818142626,0.5288204629161699,0.9754078855889653,2.50313995731569,2.3563985681308828,1.6715243986526216,0.6432029697552492,5.3158434118713895,1.5808715936369262,1.661338481365393,3.064334247619847
D_W,dw,918,918,0.01,0.02,1024,1024,1024,1024,0,1024,0.5299121754017847,0.4572619507807304,0.4492086265341033,0.500417811077837,0.632630713186894,0.48678597217983327,0.5283806059339115,0.975054689616478,sample,492,0.5295244106081217,0.4574689179269418,0.4510262763689771,0.5002438647018723,0.6335859636507539,0.4859180613216719,0.5290034496857154,0.9768746818678568,2.494467419926845,2.3284032938272223,1.675823077390714,0.6479687755711273,5.319201135528558,1.5689708024335678,1.6619133512563014,3.068942324033925
D_W,dw,918,918,0.01,0.02,1024,1024,1024,1024,0,1024,0.5299121754017847,0.4572619507807304,0.4492086265341033,0.500417811077837,0.632630713186894,0.48678597217983327,0.5283806059339115,0.975054689616478,sample,493,0.5309546272580251,0.4565192875627538,0.4487172246096168,0.49981660632442676,0.6330395949116978,0.48752026337200355,0.5282048500944851,0.9758490934723255,2.522430151323561,2.3362173870229945,1.664327222931117,0.6445795978392169,5.331067760842732,1.5721748153533706,1.6594044766473324,3.065720343064917
D_W,dw,918,918,0.01,0.02,1024,1024,1024,1024,0,1024,0.5299121754017847,0.4572619507807304,0.4492086265341033,0.500417811077837,0.632630713186894,0.48678597217983327,0.5283806059339115,0.975054689616478,sample,494,0.5294843736252509,0.4562813984426287,0.4493540852390688,0.5004977854489958,0.63308098655251,0.4853146449401056,0.5292029917611151,0.9759549823929415,2.5160056574639387,2.3360197568485104,1.6806999148681123,0.6458624968553144,5.305734965846806,1.5670558741548484,1.6625402311744588,3.066053002920021
D_W,dw,918,918,0.01,0.02,1024,1024,1024,1024,0,1024,0.5299121754017847,0.4572619507807304,0.4492086265341033,0.500417811077837,0.632630713186894,0.48678597217983327,0.5283806059339115,0.975054689616478,sample,495,0.5294072762624605,0.4583205399693873,0.44966416124351416,0.5014623598414231,0.6321644862414273,0.48686464497126647,0.5276420620735792,0.9748996940637709,2.4998079600242393,2.3495477683373682,1.6698514129185786,0.6407200582753017,5.326835411066278,1.5597320824603667,1.657636425935326,3.0627377168576793
D_W,dw,918,918,0.01,0.02,1024,1024,1024,1024,0,1024,0.5299121754017847,0.4572619507807304,0.4492086265341033,0.500417811077837,0.632630713186894,0.48678597217983327,0.5283806059339115,0.975054689616478,sample,496,0.5279243421691845,0.456586099098252,0.4504429303874669,0.50178026741206,0.6337626649878916,0.48317480389873096,0.5295834506550342,0.9756941906448667,2.5084327795434187,2.3358163247679142,1.6959121686900152,0.6503907240427733,5.283977512262174,1.5574879622493552,1.6637354780405882,3.0652337014801523
D_W,dw,918,918,0.01,0.02,1024,1024,1024,1024,0,1024,0.5299121754017847,0.4572619507807304,0.4492086265341033,0.500417811077837,0.632630713186894,0.48678597217983327,0.5283806059339115,0.975054689616478,sample,497,0.5291347581321161,0.4562463177831311,0.4492869460887526,0.49973979342810865,0.632400824571598,0.48686534644558943,0.5293588986467499,0.9755814044316511,2.5015330319468507,2.3382521364298823,1.6696763257443137,0.6418165967606423,5.299847660959426,1.572761618459268,1.6630300271010134,3.064879373141288
D_W,dw,918,918,0.01,0.02,1024,1024,1024,1024,0,1024,0.5299121754017847,0.4572619507807304,0.4492086265341033,0.500417811077837,0.632630713186894,0.48678597217983327,0.5283806059339115,0.975054689616478,sample,498,0.5298094477872312,0.45738903238255363,0.44827721323038294,0.5002018617634241,0.6324343209681356,0.4856185822368953,0.5276280854706564,0.97380868247278,2.525264355996649,2.3534943350815394,1.6789651707630755,0.6425983367208207,5.322827763942914,1.5692720874163162,1.6575925171422616,3.059310202858441
D_W,dw,918,918,0.01,0.02,1024,1024,1024,1024,0,1024,0.5299121754017847,0.4572619507807304,0.4492086265341033,0.500417811077837,0.632630713186894,0.48678597217983327,0.5283806059339115,0.975054689616478,sample,499,0.5312421338729769,0.457508778969909,0.4497202966657646,0.4999513693136137,0.6326130140941332,0.48767141332523956,0.528441958803431,0.975299949521136,2.5082786880354098,2.332311189605464,1.663496512888955,0.6424623958411777,5.3463901459803775,1.5711630380452106,1.660149375625459,3.063995156462097
D_W,dw,918,918,0.01,0.02,1024,1024,1024,1024,0,1024,0.5299121754017847,0.4572619507807304,0.4492086265341033,0.500417811077837,0.632630713186894,0.48678597217983327,0.5283806059339115,0.975054689616478,sample,500,0.5308817679777441,0.45774483761827095,0.44699862695537046,0.5008277440204258,0.6346432150884144,0.486691238650742,0.5291430609054765,0.9739139241202553,2.5592875548406164,2.3624995481261104,1.6693190873921693,0.6526746302984028,5.3435145780919155,1.5646487196377707,1.6623519528386614,3.0596408292450015
D_W,dw,918,918,0.01,0.02,1024,1024,1024,1024,0,1024,0.5299121754017847,0.4572619507807304,0.4492086265341033,0.500417811077837,0.632630713186894,0.48678597217983327,0.5283806059339115,0.975054689616478,sample,501,0.5301464064543809,0.45807345218011525,0.447578357826653,0.5039792324539568,0.6336408634431528,0.483329400647765,0.5275372896825407,0.9778696183505475,2.562689497911556,2.3637102207758733,1.6948426531213427,0.6499418541231767,5.3357722924186275,1.5410295548546284,1.6573072737613403,3.072068009178735
D_W,dw,918,918,0.01,0.02,1024,1024,1024,1024,0,1024,0.5299121754017847,0.4572619507807304,0.4492086265341033,0.500417811077837,0.632630713186894,0.48678597217983327,0.5283806059339115,0.975054689616478,sample,502,0.5301585464943591,0.4560145843733769,0.4492272499439408,0.5017157581638341,0.6328588222908813,0.48785990860443434,0.5278409620457224,0.9756102007879172,2.512214811995211,2.331620199689015,1.661911598811384,0.6436128512091571,5.313418176947506,1.5578828991289726,1.6582612886266104,3.0649698395625835
D_W,dw,918,918,0.01,0.02,1024,1024,1024,1024,0,1024,0.5299121754017847,0.4572619507807304,0.4492086265341033,0.500417811077837,0.632630713186894,0.48678597217983327,0.5283806059339115,0.975054689616478,sample,503,0.5293222284480669,0.4570563331062265,0.44961873779297246,0.5029617966802564,0.632672267656723,0.48696882774558603,0.5282914951611742,0.9735238677017446,2.5064038109277593,2.3403894000181666,1.6686788244381947,0.6432280895079445,5.311482455901587,1.5484758761232216,1.6596766801523126,3.0584154308661224
D_W,dw,918,918,0.01,0.02,1024,1024,1024,1024,0,1024,0.5299121754017847,0.4572619507807304,0.4492086265341033,0.500417811077837,0.632630713186894,0.48678597217983327,0.5283806059339115,0.975054689616478,sample,504,0.5296389523796438,0.4555882290017867,0.4452517134694467,0.5013228025350147,0.6333115635815026,0.4865576764472748,0.5271754000724181,0.9746877132354062,2.5680765352833497,2.368721088667431,1.6712856310438517,0.6463660220953973,5.300876304598636,1.5608740133195542,1.656170364020769,3.0620717594445868
D_W,dw,918,918,0.01,0.02,1024,1024,1024,1024,0,1024,0.5299121754017847,0.4572619507807304,0.4492086265341033,0.500417811077837,0.632630713186894,0.48678597217983327,0.5283806059339115,0.975054689616478,sample,505,0.5296222073382245,0.457948715979541,0.44948071527893035,0.5013497218814738,0.6346067431686085,0.48652322947130944,0.5302101025144118,0.9745081099210435,2.520596867426305,2.3471917126198516,1.6705783905910632,0.652600054400976,5.326082254631597,1.5607695137461668,1.6657041629183673,3.061507518991625
D_W,dw,918,918,0.01,0.02,1024,1024,1024,1024,0,1024,0.5299121754017847,0.4572619507807304,0.4492086265341033,0.500417811077837,0.632630713186894,0.48678597217983327,0.5283806059339115,0.975054689616478,sample,506,0.5290389044133404,0.45774773443577377,0.4481306491853484,0.5006601168795789,0.6323168089072946,0.4864099192986904,0.5272618772922045,0.9750385187655406,2.518343132734835,2.3620151067546495,1.673144819860193,0.641640711182235,5.314523181291306,1.5658074564577904,1.6564420402191526,3.063173847520896
D_W,dw,918,918,0.01,0.02,1024,1024,1024,1024,0,1024,0.5299121754017847,0.4572619507807304,0.4492086265341033,0.500417811077837,0.632630713186894,0.48678597217983327,0.5283806059339115,0.975054689616478,sample,507,0.52885115306456,0.4580547473788836,0.4489191778569608,0.4998751960946719,0.6276341247272095,0.48617141257739843,0.5278169785022575,0.9768391564719183,2.4769643628761155,2.357872727694947,1.6787208237127391,0.6192899682195573,5.31489956694493,1.5717741520106692,1.658185942102654,3.068830717711029
D_W,dw,918,918,0.01,0.02,1024,1024,1024,1024,0,1024,0.5299121754017847,0.4572619507807304,0.4492086265341033,0.500417811077837,0.632630713186894,0.48678597217983327,0.5283806059339115,0.975054689616478,sample,508,0.5302481412307862,0.4550148752519156,0.447872763408358,0.500093525651768,0.6327410865770401,0.48461094706073743,0.5273465561932069,0.9765577214990985,2.5416195516934743,2.336620168642501,1.686213904946585,0.6446105798632016,5.304352512995592,1.5700917549196491,1.6567080668324559,3.067946563667955
D_W,dw,918,918,0.01,0.02,1024,1024,1024,1024,0,1024,0.5299121754017847,0.4572619507807304,0.4492086265341033,0.500417811077837,0.632630713186894,0.48678597217983327,0.5283806059339115,0.975054689616478,sample,509,0.5296681993664011,0.4587853096369237,0.4500735872746257,0.5004820420764248,0.6310233944791102,0.4871122108281523,0.5278044466874114,0.9746415335912635,2.485822936050903,2.3476950098508182,1.6688427753991852,0.6350902430962888,5.336310113839638,1.5671172899062875,1.6581465722451973,3.061926681813803
D_W,dw,918,918,0.01,0.02,1024,1024,1024,1024,0,1024,0.5299121754017847,0.4572619507807304,0.4492086265341033,0.500417811077837,0.632630713186894,0.48678597217983327,0.5283806059339115,0.975054689616478,sample,510,0.5313412096421838,0.4580824948598721,0.4505459334912923,0.5022162098780483,0.6334499516233432,0.48659801961948324,0.5290650990179261,0.9744118827446081,2.5138122486963788,2.3278629439478777,1.6708740416665229,0.6470675661019198,5.354408675437856,1.554190804307889,1.662107028345473,3.0612052124010596
D_W,dw,918,918,0.01,0.02,1024,1024,1024,1024,0,1024,0.5299121754017847,0.4572619507807304,0.4492086265341033,0.500417811077837,0.632630713186894,0.48678597217983327,0.5283806059339115,0.975054689616478,sample,511,0.528189931533727,0.4557420622157513,0.4492638735466913,0.501599191105157,0.6318752581209096,0.4877496050609637,0.5294314123754608,0.9755168223799686,2.4924531323298433,2.339365439628281,1.6634175374342512,0.6389304747413936,5.279532837072097,1.5586703772710329,1.6632578356984158,3.0646764826421684
D_W,dw,918,918,0.01,0.02,1024,1024,1024,1024,0,1024,0.5299121754017847,0.4572619507807304,0.4492086265341033,0.500417811077837,0.632630713186894,0.48678597217983327,0.5283806059339115,0.975054689616478,sample,512,0.5321922428835225,0.45866395201364846,0.44948784191301067,0.5048553400362806,0.6332783597756375,0.48416500192785394,0.529061988447781,0.9727262206564162,2.5492975324361966,2.337920649065956,1.6889757658440978,0.647858743290517,5.374064671647481,1.5343823595789428,1.6620972562011567,3.055909548768361
D_W,dw,918,918,0.01,0.02,1024,1024,1024,1024,0,1024,0.5299121754017847,0.4572619507807304,0.4492086265341033,0.500417811077837,0.632630713186894,0.48678597217983327,0.5283806059339115,0.975054689616478,sample,513,0.5300150934158814,0.45807635504483296,0.44996623798245516,0.5002799000409469,0.632703653820784,0.48702281751849336,0.5278524382703073,0.9742414212297988,2.500456187267309,2.3411666321877984,1.668276857623015,0.6431960919614685,5.333737415414278,1.5686871186621987,1.6582973422494571,3.0606696917584153
D_W,dw,918,918,0.01,0.02,1024,1024,1024,1024,0,1024,0.5299121754017847,0.4572619507807304,0.4492086265341033,0.500417811077837,0.632630713186894,0.48678597217983327,0.5283806059339115,0.975054689616478,sample,514,0.5287044625656028,0.4594015417609253,0.4509663883014915,0.4999790300832066,0.6386667925220704,0.4876403058993431,0.5292452380943943,0.9761781073030911,2.5146902884927016,2.349233715811032,1.6596937336597586,0.6715581785540243,5.327819710770556,1.570947552017981,1.66267295194473,3.0667539704985796
D_W,dw,918,918,0.01,0.02,1024,1024,1024,1024,0,1024,0.5299121754017847,0.4572619507807304,0.4492086265341033,0.500417811077837,0.632630713186894,0.48678597217983327,0.5283806059339115,0.975054689616478,sample,515,0.5284857119366809,0.4576647622431152,0.4493807842350131,0.5016339740065265,0.6314698849177823,0.4872628311253678,0.5292349415334071,0.9754826128608255,2.4914958337068493,2.3521871853426166,1.667370274673215,0.637207751597314,5.304667416866584,1.5583684625485106,1.6626406043443756,3.0645690102681455
D_W,dw,918,918,0.01,0.02,1024,1024,1024,1024,0,1024,0.5299121754017847,0.4572619507807304,0.4492086265341033,0.500417811077837,0.632630713186894,0.48678597217983327,0.5283806059339115,0.975054689616478,sample,516,0.5303778226414838,0.45687171157051226,0.4495424683887185,0.5014785221221935,0.6332089023147132,0.48706251537084655,0.5286432396416084,0.9761501623783747,2.514503570519697,2.333959098033762,1.66760851795508,0.6456412400513276,5.326034841265478,1.5596975084274423,1.6607817180279856,3.0666661789283856
D_W,dw,918,918,0.01,0.02,1024,1024,1024,1024,0,1024,0.5299121754017847,0.4572619507807304,0.4492086265341033,0.500417811077837,0.632630713186894,0.48678597217983327,0.5283806059339115,0.975054689616478,sample,517,0.5313033061168055,0.45590119410206364,0.44890062479435966,0.5016398213700742,0.6315936885413873,0.4895478616351681,0.529980310638956,0.9731023181193097,2.5091806306089177,2.3278673999851485,1.6500511539207905,0.6368351444957517,5.329691650755055,1.5583357253971524,1.6649822504505807,3.057091093794821
D_W,dw,918,918,0.01,0.02,1024,1024,1024,1024,0,1024,0.5299121754017847,0.4572619507807304,0.4492086265341033,0.500417811077837,0.632630713186894,0.48678597217983327,0.5283806059339115,0.975054689616478,sample,518,0.5302899421345505,0.4576757398870504,0.45011768050641315,0.49629969354304704,0.6299044931979499,0.487860536067174,0.5275930418116501,0.9770823577814326,2.4709017433092537,2.334966750851271,1.6639373059791218,0.6296216726235995,5.333550408409858,1.599273449191618,1.6574824242405726,3.0695947571583426
D_W,dw,918,918,0.01,0.02,1024,1024,1024,1024,0,1024,0.5299121754017847,0.4572619507807304,0.4492086265341033,0.500417811077837,0.632630713186894,0.48678597217983327,0.5283806059339115,0.975054689616478,sample,519,0.5277345325845424,0.4567853066627329,0.44955449142578535,0.5002014704229094,0.6319660769217742,0.48943213969181726,0.5267240431925636,0.9777100873674264,2.4750221679806694,2.347319631348047,1.6507058375367907,0.638621790458025,5.282967308333009,1.5692696445513796,1.6547523845628707,3.0715668278141415
D_W,dw,918,918,0.01,0.02,1024,1024,1024,1024,0,1024,0.5299121754017847,0.4572619507807304,0.4492086265341033,0.500417811077837,0.632630713186894,0.48678597217983327,0.5283806059339115,0.975054689616478,sample,520,0.5321964269433158,0.45775215356517923,0.4471675981790353,0.5005006417773854,0.6333923133652195,0.484809400569759,0.5267985481104218,0.9741018134372986,2.566410423755862,2.3535017029264425,1.6841861728853444,0.6476265231378382,5.36357938466437,1.5670431912950413,1.6549864486654704,3.0602311009431125
D_W,dw,918,918,0.01,0.02,1024,1024,1024,1024,0,1024,0.5299121754017847,0.4572619507807304,0.4492086265341033,0.500417811077837,0.632630713186894,0.48678597217983327,0.5283806059339115,0.975054689616478,sample,521,0.5307019908712657,0.4572638347446437,0.44929624160742415,0.5003706006214655,0.633690597104945,0.48802761275714773,0.5277562738276793,0.9745150333218002,2.515997523705338,2.3376391054026144,1.6601106831280934,0.6474852465564606,5.335362582253026,1.5680242569544383,1.6579952327429606,3.06152926949658
D_W,dw,918,918,0.01,0.02,1024,1024,1024,1024,0,1024,0.5299121754017847,0.4572619507807304,0.4492086265341033,0.500417811077837,0.632630713186894,0.48678597217983327,0.5283806059339115,0.975054689616478,sample,522,0.52941161051558,0.45669728294621903,0.44807310226457675,0.4999151470499622,0.6319674638077338,0.4879944184398587,0.5290318456998578,0.9748331457481823,2.51117700163086,2.352169351653978,1.661520372915828,0.6392188399159344,5.309024790691461,1.571439310572079,1.6620025599657224,3.0625286491583172
D_W,dw,918,918,0.01,0.02,1024,1024,1024,1024,0,1024,0.5299121754017847,0.4572619507807304,0.4492086265341033,0.500417811077837,0.632630713186894,0.48678597217983327,0.5283806059339115,0.975054689616478,sample,523,0.5308619154740191,0.45718220141434257,0.44930274329149356,0.5006964690580032,0.6328337666056656,0.4866279938559337,0.5275170919074826,0.9750752307063951,2.5186592020309178,2.33606129475797,1.671124180640492,0.6440160788051513,5.336920971170855,1.5655532120827882,1.6572438205795992,3.0632891814845835
D_W,dw,918,918,0.01,0.02,1024,1024,1024,1024,0,1024,0.5299121754017847,0.4572619507807304,0.4492086265341033,0.500417811077837,0.632630713186894,0.48678597217983327,0.5283806059339115,0.975054689616478,sample,524,0.531519854538747,0.45837029538913593,0.4493493172574916,0.502039815260021,0.6305663192097285,0.4853116877478691,0.5288322586530473,0.9751378173595062,2.517039655084541,2.3409766167308503,1.6828087193865273,0.6338802359280147,5.360449241359874,1.555174768783585,1.6613755387657105,3.0634858032542103
D_W,dw,918,918,0.01,0.02,1024,1024,1024,1024,0,1024,0.5299121754017847,0.4572619507807304,0.4492086265341033,0.500417811077837,0.632630713186894,0.48678597217983327,0.5283806059339115,0.975054689616478,sample,525,0.5311480100320518,0.4579500299450058,0.44947897734355596,0.5003107084523362,0.6313894444550893,0.48805937986175657,0.5277928230398627,0.9753126158146491,2.501781984631732,2.338610749879599,1.6614267125739148,0.6364152804527902,5.3499359982709995,1.5684315411422736,1.6581100554794506,3.064034948796746
D_W,dw,918,918,0.01,0.02,1024,1024,1024,1024,0,1024,0.5299121754017847,0.4572619507807304,0.4492086265341033,0.500417811077837,0.632630713186894,0.48678597217983327,0.5283806059339115,0.975054689616478,sample,526,0.5283549911713648,0.45706086373918176,0.448503522867517,0.5003938651085551,0.6323580521384762,0.48510421946309645,0.5275617543214701,0.9751890584659626,2.5151023073457273,2.356582459296303,1.6828658291370189,0.6425074047137823,5.296007898089635,1.5678205807815344,1.6573841316912739,3.0636467819378153
D_W,dw,918,918,0.01,0.02,1024,1024,1024,1024,0,1024,0.5299121754017847,0.4572619507807304,0.4492086265341033,0.500417811077837,0.632630713186894,0.48678597217983327,0.5283806059339115,0.975054689616478,sample,527,0.5282200782640161,0.457127347049184,0.4501657149947074,0.5004081131811251,0.6329118276730432,0.48665495152892396,0.5282350038736388,0.9742953552117868,2.489272557716993,2.341442019793301,1.6708657559195907,0.6443719801176222,5.2945282437979495,1.5677257806616356,1.6594992075383994,3.0608391303600073
D_W,dw,918,918,0.01,0.02,1024,1024,1024,1024,0,1024,0.5299121754017847,0.4572619507807304,0.4492086265341033,0.500417811077837,0.632630713186894,0.48678597217983327,0.5283806059339115,0.975054689616478,sample,528,0.530776798406864,0.4582246729510123,0.4494272382128919,0.5006742172897356,0.6326051048862484,0.4853574589238542,0.5286819891622206,0.9762911473874282,2.5203217748960896,2.3433563936930923,1.6807715296013384,0.6435618735742286,5.347337805880142,1.565711971402638,1.660903453237271,3.067109096397094
D_W,dw,918,918,0.01,0.02,1024,1024,1024,1024,0,1024,0.5299121754017847,0.4572619507807304,0.4492086265341033,0.500417811077837,0.632630713186894,0.48678597217983327,0.5283806059339115,0.975054689616478,sample,529,0.5304179894696198,0.4580826960164331,0.44813860185004345,0.49923680689929084,0.6340439844248461,0.4881121297158327,0.5288430547702689,0.976531249368225,2.527846445742438,2.3568730338915325,1.659249817109915,0.6491549821232016,5.340134001306086,1.5764898672943641,1.6614094557682615,3.067863399016078
D_W,dw,918,918,0.01,0.02,1024,1024,1024,1024,0,1024,0.5299121754017847,0.4572619507807304,0.4492086265341033,0.500417811077837,0.632630713186894,0.48678597217983327,0.5283806059339115,0.975054689616478,sample,530,0.5296441624772525,0.4575249345932537,0.44924294980112706,0.5006730431463038,0.6325309586353836,0.487240178448838,0.5293712615197478,0.9760479817891421,2.5059681378591634,2.3460563511053505,1.66677730308615,0.6422724547377205,5.32171705025173,1.5657179861007788,1.6630688662120008,3.066345169139913
D_W,dw,918,918,0.01,0.02,1024,1024,1024,1024,0,1024,0.5299121754017847,0.4572619507807304,0.4492086265341033,0.500417811077837,0.632630713186894,0.48678597217983327,0.5283806059339115,0.975054689616478,sample,531,0.5279291203877323,0.45863059366377396,0.45111905263249885,0.5006315467582646,0.6346196431942852,0.48737657177328286,0.5299684431472638,0.9763642828509977,2.48321336502678,2.3457327051241976,1.664292973239812,0.6522394271084909,5.306217873049819,1.5661050194182866,1.6649449676258639,3.0673388582321612
D_W,dw,918,918,0.01,0.02,1024,1024,1024,1024,0,1024,0.5299121754017847,0.4572619507807304,0.4492086265341033,0.500417811077837,0.632630713186894,0.48678597217983327,0.5283806059339115,0.975054689616478,sample,532,0.5279716124183201,0.4577766923293196,0.4505109847364929,0.5008714984868446,0.6327206890974401,0.48785624522389626,0.5287188309657876,0.9745469783338943,2.4773262893334533,2.3446211241258306,1.6620388853009407,0.6429114227854364,5.297479545070269,1.564230010967179,1.6610191951767022,3.0616296277118935
D_W,dw,918,918,0.01,0.02,1024,1024,1024,1024,0,1024,0.5299121754017847,0.4572619507807304,0.4492086265341033,0.500417811077837,0.632630713186894,0.48678597217983327,0.5283806059339115,0.975054689616478,sample,533,0.5305383297751012,0.45961742105590125,0.4489833498313654,0.5008214745591139,0.6327382633943109,0.4857940083718957,0.5281541755839364,0.9768403587691026,2.523190468207562,2.3600036652022904,1.6774110612466866,0.6439768099747641,5.359862420320091,1.56460772637988,1.6592452779772682,3.0688344948390305
D_W,dw,918,918,0.01,0.02,1024,1024,1024,1024,0,1024,0.5299121754017847,0.4572619507807304,0.4492086265341033,0.500417811077837,0.632630713186894,0.48678597217983327,0.5283806059339115,0.975054689616478,sample,534,0.5309705384254141,0.4563330584190869,0.45110729767552743,0.49930552165126707,0.6325333675597377,0.4848424813440965,0.5284449561343207,0.9740955171207597,2.500457659102015,2.3109045617935307,1.6846675797228075,0.6434959513516808,5.329292403477382,1.5760363052646527,1.6601587920181626,3.0602113204813293
D_W,dw,918,918,0.01,0.02,1024,1024,1024,1024,0,1024,0.5299121754017847,0.4572619507807304,0.4492086265341033,0.500417811077837,0.632630713186894,0.48678597217983327,0.5283806059339115,0.975054689616478,sample,535,0.5305133803970822,0.45551061654078984,0.45002420811424176,0.5000639479268854,0.6334961763248104,0.4884830599985166,0.528647749804796,0.9730476048147323,2.502564235407895,2.317992062095406,1.6568549177951,0.6463561981648712,5.313560186637193,1.5703173024231536,1.6607958871235222,3.0569192068791073
D_W,dw,918,918,0.01,0.02,1024,1024,1024,1024,0,1024,0.5299121754017847,0.4572619507807304,0.4492086265341033,0.500417811077837,0.632630713186894,0.48678597217983327,0.5283806059339115,0.975054689616478,sample,536,0.5290015126198673,0.45621958494532217,0.448822173059819,0.49959939628061734,0.6319159832151482,0.48584088062657743,0.5287207093482533,0.9762840939681192,2.508027856981364,2.3433008389013112,1.6777208487933137,0.6399994801659129,5.2974535988114315,1.5738331270229018,1.661025096289257,3.0670869374268106
D_W,dw,918,918,0.01,0.02,1024,1024,1024,1024,0,1024,0.5299121754017847,0.4572619507807304,0.4492086265341033,0.500417811077837,0.632630713186894,0.48678597217983327,0.5283806059339115,0.975054689616478,sample,537,0.5312725358122116,0.4577141487818926,0.4477691863954564,0.49788534248957045,0.6324795607080185,0.4888390783632166,0.5283339960681558,0.9723918914244043,2.522638359292952,2.3527356009858016,1.6548335714981766,0.6414050869280652,5.3491690023644,1.5867571129625289,1.6598102006894568,3.0548592225091924
D_W,dw,918,918,0.01,0.02,1024,1024,1024,1024,0,1024,0.5299121754017847,0.4572619507807304,0.4492086265341033,0.500417811077837,0.632630713186894,0.48678597217983327,0.5283806059339115,0.975054689616478,sample,538,0.5297245955159192,0.45620519645269586,0.44870600357782603,0.5006662174652621,0.6321689752970961,0.4874065256524138,0.5291990480833021,0.9755796418501719,2.5110704210913664,2.34050311010589,1.6657914685242494,0.640457609755072,5.308692758624499,1.565755720091241,1.6625278417452136,3.0648738358282612
D_W,dw,918,918,0.01,0.02,1024,1024,1024,1024,0,1024,0.5299121754017847,0.4572619507807304,0.4492086265341033,0.500417811077837,0.632630713186894,0.48678597217983327,0.5283806059339115,0.975054689616478,sample,539,0.5307882138278364,0.4574494372111539,0.44940384324863947,0.5005675742276883,0.6333150595328192,0.4866997145270111,0.5276583324747143,0.9756327798596007,2.519170512823228,2.3375292706076833,1.6702322116623207,0.6462887242618703,5.33875772020928,1.5665389623189703,1.657687540908003,3.0650407738083096
D_W,dw,918,918,0.01,0.02,1024,1024,1024,1024,0,1024,0.5299121754017847,0.4572619507807304,0.4492086265341033,0.500417811077837,0.632630713186894,0.48678597217983327,0.5283806059339115,0.975054689616478,sample,540,0.5305836107803498,0.45687576935196683,0.4503695803349089,0.5001639698121481,0.6328569175961631,0.48746319044946473,0.528272773915359,0.9750287734170077,2.4986437294694546,2.324615576553682,1.6648809017664292,0.6437279334746046,5.329261347669178,1.5695621439472023,1.6596178656239935,3.063143231605538
D_W,dw,918,918,0.01,0.02,1024,1024,1024,1024,0,1024,0.5299121754017847,0.4572619507807304,0.4492086265341033,0.500417811077837,0.632630713186894,0.48678597217983327,0.5283806059339115,0.975054689616478,sample,541,0.5297462845445853,0.45692033733044973,0.44852506782289847,0.500978608485611,0.6330764246889989,0.4866188617003408,0.5268737319214846,0.9753195003405803,2.5230071372308873,2.3477503102766546,1.6710090725828373,0.6451936591527097,5.316707112103487,1.5634427264237305,1.655222645573974,3.0640565771728347
D_W,dw,918,918,0.01,0.02,1024,1024,1024,1024,0,1024,0.5299121754017847,0.4572619507807304,0.4492086265341033,0.500417811077837,0.632630713186894,0.48678597217983327,0.5283806059339115,0.975054689616478,sample,542,0.5290207906732288,0.4568066296516658,0.4489173547770184,0.49944790933066463,0.6333859148762983,0.4862052549384156,0.5290521963780553,0.974034114068592,2.5137672174737435,2.346937693937328,1.673848887521367,0.6468695295206475,5.30399259826078,1.5749353508974506,1.6620664935068432,3.060018417103731
D_W,dw,918,918,0.01,0.02,1024,1024,1024,1024,0,1024,0.5299121754017847,0.4572619507807304,0.4492086265341033,0.500417811077837,0.632630713186894,0.48678597217983327,0.5283806059339115,0.975054689616478,sample,543,0.5304366595249922,0.4580532258456627,0.4499999802265279,0.5003337696622953,0.6338374274212367,0.4859762471121002,0.5281073086021766,0.9765970391123452,2.5150664390891326,2.338265190170701,1.6751970313028417,0.64914674368336,5.340091594462737,1.5683024879876537,1.6590980410116758,3.0680700835928874
D_W,dw,918,918,0.01,0.02,1024,1024,1024,1024,0,1024,0.5299121754017847,0.4572619507807304,0.4492086265341033,0.500417811077837,0.632630713186894,0.48678597217983327,0.5283806059339115,0.975054689616478,sample,544,0.5307219658462777,0.4589752956708059,0.44967954744727223,0.5009240059325611,0.6329843542416047,0.48718680878572007,0.5297871574524389,0.9750520707882064,2.51136029223705,2.34701415681033,1.6668486306043815,0.6444813772581011,5.355163303323812,1.5638482082092866,1.664375441818801,3.0632164224557443
D_W,dw,918,918,0.01,0.02,1024,1024,1024,1024,0,1024,0.5299121754017847,0.4572619507807304,0.4492086265341033,0.500417811077837,0.632630713186894,0.48678597217983327,0.5283806059339115,0.975054689616478,sample,545,0.5294926353650669,0.45704291098756933,0.4491307896338611,0.4988675747560409,0.6364195046406577,0.4866699570573904,0.5272878855992245,0.9755444714649889,2.530120559907392,2.344176060205888,1.668197388383482,0.6612224756665215,5.314038002394105,1.5790971869774189,1.6565237477254189,3.064763344804547
D_W,dw,918,918,0.01,0.02,1024,1024,1024,1024,0,1024,0.5299121754017847,0.4572619507807304,0.4492086265341033,0.500417811077837,0.632630713186894,0.48678597217983327,0.5283806059339115,0.975054689616478,sample,546,0.5297888302761612,0.4566949531814082,0.44860717180704146,0.502100010750999,0.6309755003548803,0.4861101468096957,0.5292585161638131,0.9748613488126976,2.5140853108634094,2.344953683801889,1.6764371989704703,0.6354283799052093,5.314936742330176,1.5547640855102844,1.6627146662300702,3.0626172516986077
D_W,dw,918,918,0.01,0.02,1024,1024,1024,1024,0,1024,0.5299121754017847,0.4572619507807304,0.4492086265341033,0.500417811077837,0.632630713186894,0.48678597217983327,0.5283806059339115,0.975054689616478,sample,547,0.5307522554925334,0.4564441647661804,0.44816750051234955,0.4999762513284563,0.6314442960719278,0.4863835550652032,0.5289317276258145,0.9749070024983006,2.523631205112832,2.342067802293294,1.674019135944454,0.6374592206092566,5.327158577730942,1.57097700159019,1.6616880297598164,3.0627606769819073
D_W,dw,918,918,0.01,0.02,1024,1024,1024,1024,0,1024,0.5299121754017847,0.4572619507807304,0.4492086265341033,0.500417811077837,0.632630713186894,0.48678597217983327,0.5283806059339115,0.975054689616478,sample,548,0.5295521222791768,0.45670052914462206,0.44965867079848865,0.5003203181809929,0.6317289033220417,0.4877870845850458,0.5278660784059643,0.9735193370144981,2.492209649435636,2.335940408202799,1.6632442725660856,0.6381660960579956,5.311276848175099,1.5683646846755142,1.6583401939994313,3.058401197292353
D_W,dw,918,918,0.01,0.02,1024,1024,1024,1024,0,1024,0.5299121754017847,0.4572619507807304,0.4492086265341033,0.500417811077837,0.632630713186894,0.48678597217983327,0.5283806059339115,0.975054689616478,sample,549,0.5288674675035682,0.4565525711742845,0.44970309974529166,0.49953940656161994,0.6324103591070087,0.4875689257487627,0.5281258165694903,0.9735067964617036,2.490662770866464,2.337980664112122,1.6644043284367065,0.641538851144646,5.298836611444331,1.5742748430057616,1.6591561855058214,3.058361799983822
D_W,dw,918,918,0.01,0.02,1024,1024,1024,1024,0,1024,0.5299121754017847,0.4572619507807304,0.4492086265341033,0.500417811077837,0.632630713186894,0.48678597217983327,0.5283806059339115,0.975054689616478,sample,550,0.529638032787966,0.45720091952538056,0.4500928045502806,0.5004333517317451,0.632682855873916,0.4871968363423235,0.5275319727772255,0.9764547854579388,2.4959687485703794,2.335091298156255,1.6669924699209007,0.6430170536195859,5.318058413988165,1.5675302666244708,1.6572905702106624,3.0676231805572582
D_W,dw,918,918,0.01,0.02,1024,1024,1024,1024,0,1024,0.5299121754017847,0.4572619507807304,0.4492086265341033,0.500417811077837,0.632630713186894,0.48678597217983327,0.5283806059339115,0.975054689616478,sample,551,0.5301117978805537,0.4595468652487637,0.4493565206821777,0.502411803940419,0.6299891057967849,0.48651950728627497,0.5287163000683206,0.975489555471574,2.49817131558485,2.3583074344793213,1.674114069619491,0.6305167436482991,5.3522723369235905,1.5522445625470869,1.6610112441278126,3.06459082112307
D_W,dw,918,918,0.01,0.02,1024,1024,1024,1024,0,1024,0.5299121754017847,0.4572619507807304,0.4492086265341033,0.500417811077837,0.632630713186894,0.48678597217983327,0.5283806059339115,0.975054689616478,sample,552,0.5287623628342815,0.45764833206715805,0.4490841084235528,0.49947587399000865,0.6324453504087522,0.48664484692758,0.5281965819483825,0.974479383322247,2.501623696888511,2.3534602275910603,1.6712910573902189,0.6421399238508344,5.30897169062754,1.5747536063250762,1.6593785015002775,3.061417271719883
D_W,dw,918,918,0.01,0.02,1024,1024,1024,1024,0,1024,0.5299121754017847,0.4572619507807304,0.4492086265341033,0.500417811077837,0.632630713186894,0.48678597217983327,0.5283806059339115,0.975054689616478,sample,553,0.5294957687817708,0.45866444665711326,0.448913169063802,0.500204104152075,0.6324539870596313,0.4865587565931533,0.5288304970057564,0.9746300674308291,2.5103803427748,2.3592046262528474,1.6719285919125517,0.6422189472142624,5.332163713465533,1.569255384199984,1.6613700043875232,3.0618906598084177
D_W,dw,918,918,0.01,0.02,1024,1024,1024,1024,0,1024,0.5299121754017847,0.4572619507807304,0.4492086265341033,0.500417811077837,0.632630713186894,0.48678597217983327,0.5283806059339115,0.975054689616478,sample,554,0.5312897662266941,0.4561913125689544,0.4489865952003968,0.5005287253168252,0.6311138834261851,0.48630581082550156,0.5275354162088928,0.973484401351846,2.516752995452699,2.329286062123728,1.674863162076699,0.6359178205846454,5.332605917772191,1.5667637831994623,1.6573013880702914,3.058291443671217
D_W,dw,918,918,0.01,0.02,1024,1024,1024,1024,0,1024,0.5299121754017847,0.4572619507807304,0.4492086265341033,0.500417811077837,0.632630713186894,0.48678597217983327,0.5283806059339115,0.975054689616478,sample,555,0.5287793288860961,0.4579902979071187,0.44982824244625824,0.5005862825656722,0.633838541856043,0.4864825729354981,0.5275297571206488,0.9755045951142122,2.504070281045983,2.348771949901641,1.671452055819971,0.6489062756661665,5.31302019905742,1.5664158336459655,1.657283609520238,3.0646380695538946
D_W,dw,918,918,0.01,0.02,1024,1024,1024,1024,0,1024,0.5299121754017847,0.4572619507807304,0.4492086265341033,0.500417811077837,0.632630713186894,0.48678597217983327,0.5283806059339115,0.975054689616478,sample,556,0.5291158732724116,0.45649261975408006,0.4493630202098692,0.5004144446849955,0.6330412339494513,0.486398008730885,0.5270349639354854,0.9754265804865215,2.5078377591243677,2.339553201542616,1.672680739912557,0.6451180701251312,5.302155038900777,1.5676811772124744,1.6557291708846826,3.064392979372669
D_W,dw,918,918,0.01,0.02,1024,1024,1024,1024,0,1024,0.5299121754017847,0.4572619507807304,0.4492086265341033,0.500417811077837,0.632630713186894,0.48678597217983327,0.5283806059339115,0.975054689616478,sample,557,0.5295877957538923,0.45767489756400476,0.4496419670375669,0.5011298272507747,0.6325311702776821,0.48838819593222216,0.52854444067534,0.9732748300289367,2.496335229322804,2.3436113900101456,1.6581856463400542,0.6417813629892817,5.322483946725087,1.562271540668375,1.6604713319213744,3.057633055942762
D_W,dw,918,918,0.01,0.02,1024,1024,1024,1024,0,1024,0.5299121754017847,0.4572619507807304,0.4492086265341033,0.500417811077837,0.632630713186894,0.48678597217983327,0.5283806059339115,0.975054689616478,sample,558,0.5306335716287259,0.4583640417216298,0.4489143420345261,0.5002338597334003,0.6318950443126973,0.4888245418981233,0.528948500235095,0.9761131882138927,2.504708770748955,2.3503038141882824,1.6553242319660713,0.638521263008014,5.346706217411465,1.5690232542010738,1.6617407224659133,3.0665500211648764
D_W,dw,918,918,0.01,0.02,1024,1024,1024,1024,0,1024,0.5299121754017847,0.4572619507807304,0.4492086265341033,0.500417811077837,0.632630713186894,0.48678597217983327,0.5283806059339115,0.975054689616478,sample,559,0.5310634155233692,0.45653572716370244,0.4486675896261934,0.5010634323767225,0.6329367572131972,0.48616144481657275,0.5274659111122327,0.9754049845632261,2.5320760953624273,2.3362348585769177,1.6745182209134581,0.6447511706640745,5.33290511841723,1.5627969614127393,1.657083031369237,3.0643251337786968
D_W,dw,918,918,0.01,0.02,1024,1024,1024,1024,0,1024,0.5299121754017847,0.4572619507807304,0.4492086265341033,0.500417811077837,0.632630713186894,0.48678597217983327,0.5283806059339115,0.975054689616478,sample,560,0.5285527931788265,0.4575462346331507,0.44935553040489434,0.49991934968976287,0.6323211089846227,0.48635381638964154,0.5284957666457262,0.9745330467757949,2.49824938224564,2.351107819150277,1.6735623095847516,0.6416812682906077,5.304461933287909,1.5714058312108505,1.660318417947519,3.0615858604313155
D_W,dw,918,918,0.01,0.02,1024,1024,1024,1024,0,1024,0.5299121754017847,0.4572619507807304,0.4492086265341033,0.500417811077837,0.632630713186894,0.48678597217983327,0.5283806059339115,0.975054689616478,sample,561,0.5302116664328803,0.45725150026382544,0.449235273680405,0.4994092652131729,0.6355071384610523,0.48490817809264586,0.527361492904871,0.9747509226089581,2.536920012861591,2.340853139593702,1.6817110837251148,0.6577123579992441,5.327617756735377,1.5751557358366284,1.6567549918960884,3.062270337548176
D_W,dw,918,918,0.01,0.02,1024,1024,1024,1024,0,1024,0.5299121754017847,0.4572619507807304,0.4492086265341033,0.500417811077837,0.632630713186894,0.48678597217983327,0.5283806059339115,0.975054689616478,sample,562,0.5287264382010426,0.4571530147728285,0.45016831693375847,0.4994888294556397,0.6321128703491876,0.48791259253535346,0.5276865281661008,0.9745677177737678,2.479952693104102,2.3389023131823343,1.6620346618937862,0.6399578383936603,5.3030010416854205,1.5746655031452106,1.657776120284926,3.0616947825838396
D_W,dw,918,918,0.01,0.02,1024,1024,1024,1024,0,1024,0.5299121754017847,0.4572619507807304,0.4492086265341033,0.500417811077837,0.632630713186894,0.48678597217983327,0.5283806059339115,0.975054689616478,sample,563,0.5291354085896858,0.45710259322093866,0.44970598749705437,0.5007409152320194,0.6330776891806061,0.48671164150203317,0.527364980769696,0.9751034169119434,2.5027839157329126,2.340903191830902,1.6703190312299254,0.6451477356509484,5.309010251733145,1.5652288452642265,1.6567659493465994,3.0633777310608665
D_W,dw,918,918,0.01,0.02,1024,1024,1024,1024,0,1024,0.5299121754017847,0.4572619507807304,0.4492086265341033,0.500417811077837,0.632630713186894,0.48678597217983327,0.5283806059339115,0.975054689616478,sample,564,0.5319211476479144,0.45736918350613803,0.4501214067476818,0.5007612953732417,0.6293047519933382,0.4856108244910182,0.52855517177431,0.9718260623810889,2.49869738325492,2.3234459020006337,1.6816195592159853,0.6276062916370481,5.355109506292125,1.564908789289893,1.6605050446630634,3.053081618143525
D_W,dw,918,918,0.01,0.02,1024,1024,1024,1024,0,1024,0.5299121754017847,0.4572619507807304,0.4492086265341033,0.500417811077837,0.632630713186894,0.48678597217983327,0.5283806059339115,0.975054689616478,sample,565,0.5309466982319124,0.4573640120202372,0.450123557899764,0.5003075815946224,0.6329289141187483,0.4869162993070996,0.5289071453264605,0.975444881495302,2.5073200712398567,2.3288336964277674,1.6689063543371472,0.644327980524656,5.340244362768162,1.5684824506323751,1.6616108021887575,3.064450473687407
D_W,dw,918,918,0.01,0.02,1024,1024,1024,1024,0,1024,0.5299121754017847,0.4572619507807304,0.4492086265341033,0.500417811077837,0.632630713186894,0.48678597217983327,0.5283806059339115,0.975054689616478,sample,566,0.5302547478615103,0.4572939353374146,0.44999479965712963,0.501062389430315,0.6327022772505466,0.48627670012106927,0.527627715957823,0.9748838032317114,2.507145530265192,2.3334144402507024,1.673840941590689,0.6435687361533777,5.328757931761996,1.5627906862290362,1.6575913562834588,3.062687794336422
D_W,dw,918,918,0.01,0.02,1024,1024,1024,1024,0,1024,0.5299121754017847,0.4572619507807304,0.4492086265341033,0.500417811077837,0.632630713186894,0.48678597217983327,0.5283806059339115,0.975054689616478,sample,567,0.5317602230630748,0.45622770085786557,0.45004723837286587,0.5018501664868749,0.635386063849047,0.4861181715569504,0.5297017829810036,0.972980588419217,2.5373889236857647,2.316536019499398,1.6729649060256448,0.6565653846091809,5.340076016476459,1.5571313211743205,1.6641072300065356,3.056708668663286
D_W,dw,918,918,0.01,0.02,1024,1024,1024,1024,0,1024,0.5299121754017847,0.4572619507807304,0.4492086265341033,0.500417811077837,0.632630713186894,0.48678597217983327,0.5283806059339115,0.975054689616478,sample,568,0.5307367821079471,0.45625692234038134,0.44717596446356483,0.4998637971717503,0.6329205982908828,0.48772347819605383,0.5284067359409839,0.9758927651418748,2.5391987818966824,2.350190374729274,1.6628948091787759,0.6439169224157899,5.324902099565694,1.5718210195989486,1.6600387197395565,3.0658575416611433
D_W,dw,918,918,0.01,0.02,1024,1024,1024,1024,0,1024,0.5299121754017847,0.4572619507807304,0.4492086265341033,0.500417811077837,0.632630713186894,0.48678597217983327,0.5283806059339115,0.975054689616478,sample,569,0.5297137731034043,0.4567949518655794,0.44898103962200375,0.5007288627437758,0.6334485332402452,0.4870594900535103,0.5293146709531535,0.9760384360856307,2.5168470996576593,2.3424936012081163,1.6674626973390558,0.6467633480065488,5.314838230997652,1.5653346294745476,1.662891081703726,3.066315180427888
D_W,dw,918,918,0.01,0.02,1024,1024,1024,1024,0,1024,0.5299121754017847,0.4572619507807304,0.4492086265341033,0.500417811077837,0.632630713186894,0.48678597217983327,0.5283806059339115,0.975054689616478,sample,570,0.5300992055124507,0.45674542033015103,0.44708321842858956,0.500843652553389,0.6315284185765665,0.4876316628198432,0.5269256370544756,0.9740779742909509,2.5294880640533863,2.3582802495381134,1.664554169809553,0.6372840039699,5.320332161848144,1.5643821921699774,1.6553857103584622,3.0601562080560787
D_W,dw,918,918,0.01,0.02,1024,1024,1024,1024,0,1024,0.5299121754017847,0.4572619507807304,0.4492086265341033,0.500417811077837,0.632630713186894,0.48678597217983327,0.5283806059339115,0.975054689616478,sample,571,0.5296577258802776,0.4539838388814673,0.44777944976577866,0.5019389306470471,0.6352682231718022,0.4852841897797796,0.5274143819649724,0.9744767531880101,2.5561220348900653,2.332593887158063,1.6791489746341723,0.6564287830932454,5.284892806799201,1.5564633384158442,1.6569211477787582,3.0614090089094863
D_W,dw,918,918,0.01,0.02,1024,1024,1024,1024,0,1024,0.5299121754017847,0.4572619507807304,0.4492086265341033,0.500417811077837,0.632630713186894,0.48678597217983327,0.5283806059339115,0.975054689616478,sample,572,0.528910035455726,0.457406242235984,0.448212328787965,0.4996535119191754,0.6330079937491622,0.4873666968776987,0.5272916985243945,0.9749338414407773,2.5145062982770545,2.359190068076052,1.6654934513427235,0.6444990087445722,5.308702705425378,1.5734013378719909,1.6565357263831217,3.062844994006422
D_W,dw,918,918,0.01,0.02,1024,1024,1024,1024,0,1024,0.5299121754017847,0.4572619507807304,0.4492086265341033,0.500417811077837,0.632630713186894,0.48678597217983327,0.5283806059339115,0.975054689616478,sample,573,0.5276204394247415,0.45593461669761404,0.4508100121599077,0.5028847864739728,0.6317213254571592,0.48566247629589826,0.529980092721934,0.9753923680977924,2.480228171231817,2.328372269486613,1.6791911014695322,0.6393069555839735,5.272285820694968,1.548899148207953,1.6649815658440654,3.064285497983576
D_W,dw,918,918,0.01,0.02,1024,1024,1024,1024,0,1024,0.5299121754017847,0.4572619507807304,0.4492086265341033,0.500417811077837,0.632630713186894,0.48678597217983327,0.5283806059339115,0.975054689616478,sample,574,0.5313900077845671,0.4587051481783282,0.44906109883583223,0.4993378174993895,0.6317075972381,0.4890435976004604,0.5279298416062358,0.9757538859131389,2.504077475975566,2.347128805849908,1.6537915091768862,0.6375388168252277,5.362350301412716,1.5758239556875828,1.6585405120009735,3.0654212396964104
D_W,dw,918,918,0.01,0.02,1024,1024,1024,1024,0,1024,0.5299121754017847,0.4572619507807304,0.4492086265341033,0.500417811077837,0.632630713186894,0.48678597217983327,0.5283806059339115,0.975054689616478,sample,575,0.5305047298033193,0.4566022942222821,0.4502114456234976,0.49933283817403395,0.6322826196474061,0.48627307035573986,0.5278434219877868,0.9754667985925694,2.5001621553495483,2.324526624079623,1.6741946541077455,0.641544622075597,5.325066043075691,1.5758397419546801,1.658269016762528,3.0645193282791703
D_W,dw,918,918,0.01,0.02,1024,1024,1024,1024,0,1024,0.5299121754017847,0.4572619507807304,0.4492086265341033,0.500417811077837,0.632630713186894,0.48678597217983327,0.5283806059339115,0.975054689616478,sample,576,0.5290252662549089,0.4571421309555656,0.4483418905794303,0.5004413403004588,0.6328266242494949,0.4873334271524243,0.5290313672871804,0.9748975238830597,2.5143581191770235,2.3551938252622646,1.6658700049061181,0.643644605776385,5.307679154561447,1.5674736595299437,1.6620010569879695,3.0627308990339004
D_W,dw,918,918,0.01,0.02,1024,1024,1024,1024,0,1024,0.5299121754017847,0.4572619507807304,0.4492086265341033,0.500417811077837,0.632630713186894,0.48678597217983327,0.5283806059339115,0.975054689616478,sample,577,0.5302395543680408,0.4566332646129667,0.4475322944120857,0.5012620012344966,0.6317864240560908,0.4871442093880497,0.5284292692269807,0.9762876368897457,2.5294873386711703,2.3523872681972424,1.668034410106038,0.6387631473330243,5.3212994753250165,1.561220509940481,1.6601095101453056,3.067098067843365
D_W,dw,918,918,0.01,0.02,1024,1024,1024,1024,0,1024,0.5299121754017847,0.4572619507807304,0.4492086265341033,0.500417811077837,0.632630713186894,0.48678597217983327,0.5283806059339115,0.975054689616478,sample,578,0.5298914560281796,0.4576855174459883,0.4498810523266993,0.5012851566399272,0.6332616210886236,0.48565521805021333,0.5275370976420692,0.976894060231186,2.5127068232226697,2.33962985562244,1.6780222430535068,0.6465759638265319,5.3274053148493445,1.5611527640792877,1.657306670448406,3.0690032029577985
D_W,dw,918,918,0.01,0.02,1024,1024,1024,1024,0,1024,0.5299121754017847,0.4572619507807304,0.4492086265341033,0.500417811077837,0.632630713186894,0.48678597217983327,0.5283806059339115,0.975054689616478,sample,579,0.5295981034818144,0.4594142517810488,0.44885654867343605,0.5003334189378543,0.6318290651088855,0.4853121112801935,0.527653393952002,0.9753661431537085,2.513639426976572,2.3651854071038616,1.6817545184866316,0.6398591187181583,5.342492519962187,1.5682671559580172,1.6576720260813302,3.064203109891901
D_W,dw,918,918,0.01,0.02,1024,1024,1024,1024,0,1024,0.5299121754017847,0.4572619507807304,0.4492086265341033,0.500417811077837,0.632630713186894,0.48678597217983327,0.5283806059339115,0.975054689616478,sample,580,0.5322046883215265,0.4589581067814385,0.4496220600706735,0.49874465422277614,0.6318106353456553,0.4844065727609252,0.5283936250459219,0.9723487125661607,2.5230257455278604,2.3387328587722194,1.6885454729221583,0.6402958548981152,5.377717429195437,1.5803198968853527,1.659997530647948,3.054723572125344
D_W,dw,918,918,0.01,0.02,1024,1024,1024,1024,0,1024,0.5299121754017847,0.4572619507807304,0.4492086265341033,0.500417811077837,0.632630713186894,0.48678597217983327,0.5283806059339115,0.975054689616478,sample,581,0.5290804877185293,0.45932524927001267,0.4493061954213331,0.500132918943787,0.6328863592760589,0.4868544885846828,0.52870638565816,0.9757866101316064,2.5037943935011335,2.3630736121325593,1.66939843633752,0.644151584824785,5.33307940809746,1.5697960819226382,1.6609800970896873,3.0655240458607422
D_W,dw,918,918,0.01,0.02,1024,1024,1024,1024,0,1024,0.5299121754017847,0.4572619507807304,0.4492086265341033,0.500417811077837,0.632630713186894,0.48678597217983327,0.5283806059339115,0.975054689616478,sample,582,0.5295355758167811,0.45717696668018093,0.44797011027838024,0.4999090835910274,0.6320888193867557,0.4862492172378524,0.5278840503744042,0.973943809979033,2.5217829241313696,2.3562819606664434,1.6745252127965722,0.6406187427734118,5.316177074605823,1.5714846242226226,1.6583966546034525,3.0597347184393833
D_W,dw,918,918,0.01,0.02,1024,1024,1024,1024,0,1024,0.5299121754017847,0.4572619507807304,0.4492086265341033,0.500417811077837,0.632630713186894,0.48678597217983327,0.5283806059339115,0.975054689616478,sample,583,0.529030228613983,0.45783662430275757,0.4486929890543366,0.500646311099358,0.632859505421745,0.48710438153577973,0.528960750379091,0.97468708510689,2.5112884656375094,2.3573276668696863,1.6675541606782678,0.643912330895599,5.315367032736729,1.5659317444741838,1.6617792074282964,3.062069786120655
D_W,dw,918,918,0.01,0.02,1024,1024,1024,1024,0,1024,0.5299121754017847,0.4572619507807304,0.4492086265341033,0.500417811077837,0.632630713186894,0.48678597217983327,0.5283806059339115,0.975054689616478,sample,584,0.5312226359698048,0.45774373973810684,0.447770715525509,0.5004067617234867,0.6315382207721274,0.48935399438982197,0.5289053868287297,0.9754493224241975,2.519410715799852,2.3532294273189036,1.6515546085051156,0.6365970717928465,5.3487402783102675,1.5677039904037,1.6616052777052048,3.0644644252770004
D_W,dw,918,918,0.01,0.02,1024,1024,1024,1024,0,1024,0.5299121754017847,0.4572619507807304,0.4492086265341033,0.500417811077837,0.632630713186894,0.48678597217983327,0.5283806059339115,0.975054689616478,sample,585,0.5300212543782831,0.45686610299379893,0.4491609471674266,0.4998511598245905,0.6330638873990643,0.48622231455975135,0.5296443617551144,0.9748914897227541,2.516159324069763,2.3396196593309377,1.673970486194556,0.6453108182718678,5.320426302468967,1.571914888083339,1.6639268359051222,3.0627119421602136
D_W,dw,918,918,0.01,0.02,1024,1024,1024,1024,0,1024,0.5299121754017847,0.4572619507807304,0.4492086265341033,0.500417811077837,0.632630713186894,0.48678597217983327,0.5283806059339115,0.975054689616478,sample,586,0.5296285814177168,0.4574238176610171,0.44879710229829367,0.5005811093858217,0.6332955138917845,0.4871048382585248,0.5296578859677157,0.9744022194630059,2.516818086861621,2.3497143343990854,1.6672364573870102,0.6460040818539184,5.3203550538560185,1.56643679744971,1.663969323472076,3.0611748543065684
D_W,dw,918,918,0.01,0.02,1024,1024,1024,1024,0,1024,0.5299121754017847,0.4572619507807304,0.4492086265341033,0.500417811077837,0.632630713186894,0.48678597217983327,0.5283806059339115,0.975054689616478,sample,587,0.5303493439634321,0.45743851801133967,0.4500708202035706,0.5002142117961521,0.6324070054414772,0.48638061070057015,0.5275562706638137,0.9750001212680118,2.5025911433922436,2.333256572335625,1.6732957553469403,0.6420809100304108,5.3318334395468945,1.569178499939378,1.6573669042726658,3.063053218224743
D_W,dw,918,918,0.01,0.02,1024,1024,1024,1024,0,1024,0.5299121754017847,0.4572619507807304,0.4492086265341033,0.500417811077837,0.632630713186894,0.48678597217983327,0.5283806059339115,0.975054689616478,sample,588,0.5304552168272075,0.45597689167910854,0.44927330636200064,0.5010264329980825,0.6336242910759573,0.4877877551304792,0.5284163603169212,0.9755552504335069,2.5173214091916805,2.329304328278194,1.6619328683074899,0.6472874216947686,5.317590830865703,1.5631149927931731,1.6600689556082966,3.0647972079328563
D_W,dw,918,918,0.01,0.02,1024,1024,1024,1024,0,1024,0.5299121754017847,0.4572619507807304,0.4492086265341033,0.500417811077837,0.632630713186894,0.48678597217983327,0.5283806059339115,0.975054689616478,sample,589,0.5301073351595552,0.456929955670878,0.45010224352016853,0.5007666445980163,0.633502520435444,0.4864296692477879,0.5280310683804633,0.9762042900444439,2.5086349147886526,2.3303135324679944,1.6720952294001354,0.6473237459932634,5.3224649214105515,1.565053842169837,1.6588585252912333,3.0668362260064645
D_W,dw,918,918,0.01,0.02,1024,1024,1024,1024,0,1024,0.5299121754017847,0.4572619507807304,0.4492086265341033,0.500417811077837,0.632630713186894,0.48678597217983327,0.5283806059339115,0.975054689616478,sample,590,0.5307333797155473,0.4558712488745298,0.44939410357781706,0.5000839928522989,0.6331805060047259,0.4867601007870936,0.5282802765153484,0.9752698202244124,2.517615598570849,2.3258310656927392,1.6698839279878974,0.6456083154645587,5.320727060566325,1.5701656576100234,1.6596414357370028,3.0639005024848522
D_W,dw,918,918,0.01,0.02,1024,1024,1024,1024,0,1024,0.5299121754017847,0.4572619507807304,0.4492086265341033,0.500417811077837,0.632630713186894,0.48678597217983327,0.5283806059339115,0.975054689616478,sample,591,0.5297539938852533,0.45690126080723004,0.44923777316602864,0.49946523046870006,0.6316361607591219,0.4870027226274801,0.5268110802472434,0.9756513645308509,2.499987137999165,2.3405895020189815,1.6692129029478369,0.6380846351491728,5.316621276451366,1.5748587864286516,1.655025819534443,3.0650991592749786
D_W,dw,918,918,0.01,0.02,1024,1024,1024,1024,0,1024,0.5299121754017847,0.4572619507807304,0.4492086265341033,0.500417811077837,0.632630713186894,0.48678597217983327,0.5283806059339115,0.975054689616478,sample,592,0.5295175352101388,0.45711969993320645,0.44827764776944384,0.5008197838631926,0.6315408138943978,0.48682389697275513,0.5289423719544186,0.9743442029094798,2.513588094896196,2.3529630877222987,1.6706288060841994,0.637719370125578,5.315267220605311,1.5645642439474599,1.6617214699043614,3.060992589928224
D_W,dw,918,918,0.01,0.02,1024,1024,1024,1024,0,1024,0.5299121754017847,0.4572619507807304,0.4492086265341033,0.500417811077837,0.632630713186894,0.48678597217983327,0.5283806059339115,0.975054689616478,sample,593,0.5287880047286456,0.4578229509578489,0.44760742229286976,0.5026290304700323,0.6319767600375292,0.4875402345195922,0.5278100972607466,0.9752325649580158,2.5202567911744818,2.369024114331367,1.6649075518091665,0.6395913161849582,5.3113082495053066,1.5508785564296887,1.6581643240448756,3.063783461613633
D_W,dw,918,918,0.01,0.02,1024,1024,1024,1024,0,1024,0.5299121754017847,0.4572619507807304,0.4492086265341033,0.500417811077837,0.632630713186894,0.48678597217983327,0.5283806059339115,0.975054689616478,sample,594,0.5291144946113263,0.4545459078348119,0.44999990842475374,0.5025092834342025,0.6316450085733611,0.47809827864671794,0.528458969420098,0.9755904167868354,2.536989969187814,2.317947078886545,1.735626506706516,0.6438766857859909,5.282074719539352,1.5517376504673102,1.660202816053813,3.0649076862901268
D_W,dw,918,918,0.01,0.02,1024,1024,1024,1024,0,1024,0.5299121754017847,0.4572619507807304,0.4492086265341033,0.500417811077837,0.632630713186894,0.48678597217983327,0.5283806059339115,0.975054689616478,sample,595,0.5295179814297903,0.45624696246755014,0.4477684771188429,0.49933223078355393,0.6338929110428202,0.4859572677099723,0.5288135846388679,0.9751579026545485,2.5362820855065262,2.3509794952334473,1.6752933247839898,0.6494284665858729,5.305898077628715,1.5757836235437146,1.6613168726199514,3.06354890306956
D_W,dw,918,918,0.01,0.02,1024,1024,1024,1024,0,1024,0.5299121754017847,0.4572619507807304,0.4492086265341033,0.500417811077837,0.632630713186894,0.48678597217983327,0.5283806059339115,0.975054689616478,sample,596,0.5295975564650979,0.45841945738843604,0.4496537254779901,0.5010835159497905,0.6320467614452651,0.48670789069950054,0.5282670030350524,0.9739101721690094,2.5003609937876017,2.3493641654404165,1.671117163546225,0.6402127529531133,5.330998984381802,1.5625909636277833,1.6595997358688175,3.0596290421425305
D_W,dw,918,918,0.01,0.02,1024,1024,1024,1024,0,1024,0.5299121754017847,0.4572619507807304,0.4492086265341033,0.500417811077837,0.632630713186894,0.48678597217983327,0.5283806059339115,0.975054689616478,sample,597,0.5286144095003414,0.4552186047280331,0.44894577212172204,0.5000697533843724,0.6337705656403445,0.4905652871740126,0.528532598062937,0.9771743261056677,2.495694470659445,2.336152670749049,1.641208783967113,0.6468907676262659,5.28097812452776,1.5702748863889557,1.6604341272572496,3.0698836841701223
D_W,dw,918,918,0.01,0.02,1024,1024,1024,1024,0,1024,0.5299121754017847,0.4572619507807304,0.4492086265341033,0.500417811077837,0.632630713186894,0.48678597217983327,0.5283806059339115,0.975054689616478,sample,598,0.5298913403671262,0.45617249595596615,0.4493502005141212,0.5015397448230718,0.6344436684130934,0.48769089010444694,0.5279554423411332,0.9741336869892611,2.518966880223191,2.3330494247990408,1.6620917213274427,0.6512895138236738,5.310947284080653,1.5593441139349393,1.6586209390816538,3.0603312346598015
D_W,dw,918,918,0.01,0.02,1024,1024,1024,1024,0,1024,0.5299121754017847,0.4572619507807304,0.4492086265341033,0.500417811077837,0.632630713186894,0.48678597217983327,0.5283806059339115,0.975054689616478,sample,599,0.5287181550466123,0.45455307382209664,0.45002043556425303,0.5001371309412664,0.6298708511671843,0.4879756881915394,0.52952102288194,0.9739876399193628,2.4710592739898285,2.3197674634310115,1.663119754658592,0.6291559182298757,5.2759385251638875,1.5697404248040323,1.6635393554072555,3.059872414257931
D_W,dw,918,918,0.01,0.02,1024,1024,1024,1024,0,1024,0.5299121754017847,0.4572619507807304,0.4492086265341033,0.500417811077837,0.632630713186894,0.48678597217983327,0.5283806059339115,0.975054689616478,sample,600,0.5282890353692139,0.45686018425688696,0.45026591449882447,0.49921634784309893,0.6325782479112019,0.4860256646036068,0.5289450323233383,0.9738066716169377,2.4869325813498695,2.3379000916293853,1.6758111718965096,0.6430901298763889,5.292797406118793,1.5767071231958159,1.6617298276998154,3.0593038855684993
D_W,dw,918,918,0.01,0.02,1024,1024,1024,1024,0,1024,0.5299121754017847,0.4572619507807304,0.4492086265341033,0.500417811077837,0.632630713186894,0.48678597217983327,0.5283806059339115,0.975054689616478,sample,601,0.5316699496363455,0.45663967158998464,0.4485698295021545,0.5001001844052648,0.632343040129216,0.48369196892525673,0.5292962360885196,0.9725476478821552,2.5431334133339285,2.3346579657498463,1.693403660397862,0.6432304027791401,5.34322110058718,1.5700393214697215,1.662833166868422,3.0553485458526115
D_W,dw,918,918,0.01,0.02,1024,1024,1024,1024,0,1024,0.5299121754017847,0.4572619507807304,0.4492086265341033,0.500417811077837,0.632630713186894,0.48678597217983327,0.5283806059339115,0.975054689616478,sample,602,0.5268964814738876,0.45531262539222567,0.4472362784611864,0.503312275987091,0.6299245779200515,0.4877351987753337,0.5272788595308007,0.9771530191544484,2.502335508491188,2.3619743798902,1.6648864125908862,0.6297243378690588,5.254190417220576,1.5453080109505308,1.656495391495168,3.0698167464087014
D_W,dw,918,918,0.01,0.02,1024,1024,1024,1024,0,1024,0.5299121754017847,0.4572619507807304,0.4492086265341033,0.500417811077837,0.632630713186894,0.48678597217983327,0.5283806059339115,0.975054689616478,sample,603,0.529386940036589,0.4583958294963387,0.4504511056725622,0.4994778271368437,0.6344866953520417,0.4875297565842077,0.5278295495189855,0.9757556674006284,2.4974661959188014,2.3423890155422877,1.663255987781455,0.6515300255897112,5.32736132959025,1.5746790174790437,1.658225435116455,3.0654268364044195
D_W,dw,918,918,0.01,0.02,1024,1024,1024,1024,0,1024,0.5299121754017847,0.4572619507807304,0.4492086265341033,0.500417811077837,0.632630713186894,0.48678597217983327,0.5283806059339115,0.975054689616478,sample,604,0.5307866043119501,0.4584592313073277,0.4497470081178469,0.5015029117649149,0.6326347891722727,0.4877976499309157,0.5280180855074345,0.9747653600837514,2.5074252791451563,2.3419501530753704,1.6625318404965914,0.6425517687997814,5.350181222123184,1.5594656083872738,1.6588177383927032,3.0623156942129226
D_W,dw,918,918,0.01,0.02,1024,1024,1024,1024,0,1024,0.5299121754017847,0.4572619507807304,0.4492086265341033,0.500417811077837,0.632630713186894,0.48678597217983327,0.5283806059339115,0.975054689616478,sample,605,0.5285127153073778,0.4582085024201236,0.44979885792327456,0.49988658691866955,0.6327973779867447,0.48686738400098517,0.5278922616967077,0.9751302116437142,2.4927446825234862,2.352321205299848,1.6693679259062983,0.6437182282755521,5.311110206236674,1.5716503576159604,1.6584224512332773,3.0634619091933524
D_W,dw,918,918,0.01,0.02,1024,1024,1024,1024,0,1024,0.5299121754017847,0.4572619507807304,0.4492086265341033,0.500417811077837,0.632630713186894,0.48678597217983327,0.5283806059339115,0.975054689616478,sample,606,0.5299344845444932,0.4554021496916366,0.44912516528519825,0.5023450350883142,0.6331727166975695,0.4869788447489716,0.5278206565169348,0.9739104340411959,2.5197479846338284,2.3290683531731027,1.668247949694749,0.6455663781437408,5.303529780324625,1.553189171126426,1.6581974969265438,3.059629864838268
D_W,dw,918,918,0.01,0.02,1024,1024,1024,1024,0,1024,0.5299121754017847,0.4572619507807304,0.4492086265341033,0.500417811077837,0.632630713186894,0.48678597217983327,0.5283806059339115,0.975054689616478,sample,607,0.5288214801383649,0.4573493019013274,0.4487101781565059,0.5006136827401106,0.6323853873539721,0.48661283872294087,0.5286895928236299,0.9745501472944242,2.5090353831242846,2.3543845929839677,1.6715753151157602,0.6418694968911285,5.306658070916948,1.566160782368812,1.6609273408440948,3.061639583295014
D_W,dw,918,918,0.01,0.02,1024,1024,1024,1024,0,1024,0.5299121754017847,0.4572619507807304,0.4492086265341033,0.500417811077837,0.632630713186894,0.48678597217983327,0.5283806059339115,0.975054689616478,sample,608,0.5301281514539643,0.4579870926831983,0.4501470357467969,0.49989292104243455,0.6328546370284225,0.4864872898668836,0.5279004453885204,0.9740517436092555,2.5015412333121865,2.3380179468509503,1.6721582119324256,0.6441760180399381,5.3345104348567665,1.5716023124704732,1.6584481610593556,3.060073801939166
D_W,dw,918,918,0.01,0.02,1024,1024,1024,1024,0,1024,0.5299121754017847,0.4572619507807304,0.4492086265341033,0.500417811077837,0.632630713186894,0.48678597217983327,0.5283806059339115,0.975054689616478,sample,609,0.5286984656103325,0.4573121893621147,0.44894166084741577,0.4999754684692795,0.6324021454880396,0.48644555818262486,0.52853476499149,0.9744833987459377,2.5048216985498013,2.3524919481071622,1.672814202673605,0.6420247868185873,5.304272585399442,1.5709816072550387,1.6604409348640727,3.061429886545451
D_W,dw,918,918,0.01,0.02,1024,1024,1024,1024,0,1024,0.5299121754017847,0.4572619507807304,0.4492086265341033,0.500417811077837,0.632630713186894,0.48678597217983327,0.5283806059339115,0.975054689616478,sample,610,0.5295912653828019,0.4570936498564912,0.44934177871084874,0.500312802258407,0.6318836293223875,0.48703977217067584,0.5277100680369058,0.9737388948456442,2.500608585647034,2.341963280362833,1.6687517195217616,0.6392516807126845,5.316149039303391,1.56842452618959,1.657850072970113,3.05909095856172
D_W,dw,918,918,0.01,0.02,1024,1024,1024,1024,0,1024,0.5299121754017847,0.4572619507807304,0.4492086265341033,0.500417811077837,0.632630713186894,0.48678597217983327,0.5283806059339115,0.975054689616478,sample,611,0.529906661436808,0.4567113591507096,0.44787751789220015,0.5025430543568603,0.6325184603493821,0.4848641928077547,0.5290081262982702,0.9743171855296806,2.540534837886289,2.351494234558411,1.6844993499571328,0.6435208283314949,5.3169585788011,1.5516084925274374,1.661928043267947,3.060907712326328
D_W,dw,918,918,0.01,0.02,1024,1024,1024,1024,0,1024,0.5299121754017847,0.4572619507807304,0.4492086265341033,0.500417811077837,0.632630713186894,0.48678597217983327,0.5283806059339115,0.975054689616478,sample,612,0.5297147916923197,0.4574958027755535,0.45089578616189396,0.5001787463984653,0.6326900734861721,0.487452170373569,0.5283154921485715,0.9765239030950299,2.4846642771235405,2.3288958137782587,1.6650808072949135,0.6429317629654592,5.32251235997823,1.5694492306207273,1.6597520689116283,3.0678403200181767
D_W,dw,918,918,0.01,0.02,1024,1024,1024,1024,0,1024,0.5299121754017847,0.4572619507807304,0.4492086265341033,0.500417811077837,0.632630713186894,0.48678597217983327,0.5283806059339115,0.975054689616478,sample,613,0.5299343405558533,0.45799233237045206,0.4480952860289778,0.49919042837403377,0.6332922925967852,0.48688536387392173,0.5287796032828423,0.9740417105440395,2.5257388668832914,2.359312310967958,1.6688689251784135,0.6460971422654096,5.331516254128914,1.576869908812054,1.6612101170415028,3.0600422821351905
D_W,dw,918,918,0.01,0.02,1024,1024,1024,1024,0,1024,0.5299121754017847,0.4572619507807304,0.4492086265341033,0.500417811077837,0.632630713186894,0.48678597217983327,0.5283806059339115,0.975054689616478,sample,614,0.5305544057603946,0.4564700583484749,0.44949762905329127,0.5004009221694219,0.6331600295856157,0.4869408810646671,0.5284819022139439,0.9758749347453735,2.5143878934176427,2.3303471039944563,1.6685541391903214,0.645427097194529,5.324400359071218,1.5677855062114963,1.6602748615504854,3.065801525818484
D_W,dw,918,918,0.01,0.02,1024,1024,1024,1024,0,1024,0.5299121754017847,0.4572619507807304,0.4492086265341033,0.500417811077837,0.632630713186894,0.48678597217983327,0.5283806059339115,0.975054689616478,sample,615,0.5292259660284486,0.45722835810356016,0.44795084795946694,0.5007532610996707,0.6331593910289658,0.4872953468337915,0.5288941897880074,0.9746727310110919,2.52361280611694,2.3585628729566195,1.6659162495861257,0.6452667187190835,5.31182038547705,1.5651395491597222,1.6615701011643298,3.062024691398747
D_W,dw,918,918,0.01,0.02,1024,1024,1024,1024,0,1024,0.5299121754017847,0.4572619507807304,0.4492086265341033,0.500417811077837,0.632630713186894,0.48678597217983327,0.5283806059339115,0.975054689616478,sample,616,0.5285980506078003,0.4575110502938279,0.44927363311887775,0.5008447450304249,0.632800463342699,0.4868771291438063,0.5288626653215966,0.9743482946280568,2.5021710210437647,2.351383798678799,1.6692910348246213,0.643741079702301,5.30481178350964,1.564435402924934,1.6614710641322454,3.0610054444412467
D_W,dw,918,918,0.01,0.02,1024,1024,1024,1024,0,1024,0.5299121754017847,0.4572619507807304,0.4492086265341033,0.500417811077837,0.632630713186894,0.48678597217983327,0.5283806059339115,0.975054689616478,sample,617,0.5302177492359499,0.45830000838437585,0.44856386560646294,0.500274409553238,0.6343573559321283,0.4865818854727639,0.5295445477493448,0.9738511320958059,2.5320638472898884,2.355597459731882,1.6703349191519363,0.6513437329950437,5.3394653666358955,1.5687539438543918,1.663613260957871,3.059443562282287
D_W,dw,918,918,0.01,0.02,1024,1024,1024,1024,0,1024,0.5299121754017847,0.4572619507807304,0.4492086265341033,0.500417811077837,0.632630713186894,0.48678597217983327,0.5283806059339115,0.975054689616478,sample,618,0.5295016078441436,0.4585508419705872,0.4491113689816374,0.49991907371996863,0.6322703947435552,0.4882704690889878,0.5288603917356693,0.9739725943768895,2.498451678738015,2.3563176258362972,1.6592433790544971,0.6405551241619442,5.33096011392245,1.571408151308542,1.6614639214513989,3.0598251472922278
D_W,dw,918,918,0.01,0.02,1024,1024,1024,1024,0,1024,0.5299121754017847,0.4572619507807304,0.4492086265341033,0.500417811077837,0.632630713186894,0.48678597217983327,0.5283806059339115,0.975054689616478,sample,619,0.5300283443492022,0.45725874110002823,0.45039804191043326,0.5024192228354312,0.6309955234337288,0.48823412034092484,0.5280499896740383,0.9744857743276043,2.4840847663944134,2.33034282144663,1.660359706762967,0.6345524828174908,5.324831712705716,1.5523304449859872,1.6589179682881248,3.0614373496553626
D_W,dw,918,918,0.01,0.02,1024,1024,1024,1024,0,1024,0.5299121754017847,0.4572619507807304,0.4492086265341033,0.500417811077837,0.632630713186894,0.48678597217983327,0.5283806059339115,0.975054689616478,sample,620,0.5307658380093955,0.45796480245957005,0.44972072539733804,0.5008788401367734,0.6326576989209357,0.48936067217018275,0.5281732958699306,0.9750746156369098,2.4995971684777416,2.3384965123684807,1.6508246398380064,0.6419881997309383,5.344209387170534,1.5641715527550397,1.659305346127282,3.063287249186807
D_W,dw,918,918,0.01,0.02,1024,1024,1024,1024,0,1024,0.5299121754017847,0.4572619507807304,0.4492086265341033,0.500417811077837,0.632630713186894,0.48678597217983327,0.5283806059339115,0.975054689616478,sample,621,0.5326947855190391,0.45814551566858525,0.44428404950126565,0.5035231476991349,0.6299920201247082,0.48978403391022546,0.5275929036570541,0.9752669832344646,2.570324445310985,2.3801293358885345,1.649195635264988,0.6292236522725687,5.375532172983956,1.5437001602822238,1.6574819902151088,3.063891589818074
D_W,dw,918,918,0.01,0.02,1024,1024,1024,1024,0,1024,0.5299121754017847,0.4572619507807304,0.4492086265341033,0.500417811077837,0.632630713186894,0.48678597217983327,0.5283806059339115,0.975054689616478,sample,622,0.5297730766999245,0.45708574854375983,0.4492734910570814,0.5003474424677249,0.63377125374509,0.48762140470175686,0.5275351057426836,0.9746118278015101,2.512101242563097,2.341583551677898,1.6630687848623062,0.6480500829886063,5.318928668179767,1.5681990446679095,1.6573004127119295,3.0618333583229447
D_W,dw,918,918,0.01,0.02,1024,1024,1024,1024,0,1024,0.5299121754017847,0.4572619507807304,0.4492086265341033,0.500417811077837,0.632630713186894,0.48678597217983327,0.5283806059339115,0.975054689616478,sample,623,0.5293581367375545,0.45723617692178825,0.44981765042719835,0.4998452599699169,0.6325673466989397,0.4868806094943489,0.5290522133081901,0.9768171176121131,2.496939702888575,2.33964516145795,1.669439032264552,0.6426079049346992,5.314009237367383,1.5719635822590758,1.6620665466944302,3.0687614805909713
D_W,dw,918,918,0.01,0.02,1024,1024,1024,1024,0,1024,0.5299121754017847,0.4572619507807304,0.4492086265341033,0.500417811077837,0.632630713186894,0.48678597217983327,0.5283806059339115,0.975054689616478,sample,624,0.532185553740006,0.45772333321105313,0.44735883969272694,0.500028189024337,0.6312212100948565,0.4864511254471766,0.5270006666595426,0.9733894015345366,2.5417895972712508,2.3515348141787267,1.6736838985691795,0.6363552720206888,5.36308785178309,1.5705815061581796,1.6556214228145425,3.0579929929430656
D_W,dw,918,918,0.01,0.02,1024,1024,1024,1024,0,1024,0.5299121754017847,0.4572619507807304,0.4492086265341033,0.500417811077837,0.632630713186894,0.48678597217983327,0.5283806059339115,0.975054689616478,sample,625,0.5301868137284795,0.4588862348490453,0.4480030357855164,0.4989650984347267,0.6320491470845997,0.4856697507798135,0.5274508664591392,0.9745303177936382,2.5255974051672436,2.3658174866405894,1.678892083505546,0.6407432437178816,5.345718350375332,1.5786334116999083,1.6570357671976026,3.06157728708102
D_W,dw,918,918,0.01,0.02,1024,1024,1024,1024,0,1024,0.5299121754017847,0.4572619507807304,0.4492086265341033,0.500417811077837,0.632630713186894,0.48678597217983327,0.5283806059339115,0.975054689616478,sample,626,0.5300158060772384,0.4584770172806708,0.4465582469893117,0.503815816613173,0.6327704813540561,0.4857062441930628,0.5263558964314696,0.9759494438043721,2.5579162184475135,2.3772652106010166,1.6779969801913786,0.6444272616499203,5.338300994802253,1.5420642886734677,1.653595817402775,3.06603560293086
D_W,dw,918,918,0.01,0.02,1024,1024,1024,1024,0,1024,0.5299121754017847,0.4572619507807304,0.4492086265341033,0.500417811077837,0.632630713186894,0.48678597217983327,0.5283806059339115,0.975054689616478,sample,627,0.527707263822496,0.4593935151510983,0.45337688970518564,0.49905688177111673,0.633404225645474,0.4829544606215277,0.5294747038486175,0.9762723810218914,2.46272021644658,2.3297279779620115,1.6978781791744535,0.6487683357957607,5.311161234013174,1.5778658368689245,1.6633938398724482,3.0670501401209895
D_W,dw,918,918,0.01,0.02,1024,1024,1024,1024,0,1024,0.5299121754017847,0.4572619507807304,0.4492086265341033,0.500417811077837,0.632630713186894,0.48678597217983327,0.5283806059339115,0.975054689616478,sample,628,0.5303675978994704,0.4572496449640915,0.45045758848420747,0.5004572373179239,0.6322339815358663,0.48799031328810005,0.5287340623445513,0.9758204987338103,2.4901849248911914,2.3278049094724853,1.6613687880435823,0.6405046593563759,5.330025715118361,1.5673385507350983,1.6610670459643302,3.0656305100444663
D_W,dw,918,918,0.01,0.02,1024,1024,1024,1024,0,1024,0.5299121754017847,0.4572619507807304,0.4492086265341033,0.500417811077837,0.632630713186894,0.48678597217983327,0.5283806059339115,0.975054689616478,sample,629,0.5301035217427212,0.4566638931051766,0.4497884893382567,0.5006894485789906,0.6327853084861322,0.48608459277077914,0.5293245318199359,0.9757431679594943,2.5095808117228,2.331394241139931,1.6752100908747483,0.6440512499217776,5.319516788877916,1.5656041681793293,1.6629220605303672,3.065387568251979
D_W,dw,918,918,0.01,0.02,1024,1024,1024,1024,0,1024,0.5299121754017847,0.4572619507807304,0.4492086265341033,0.500417811077837,0.632630713186894,0.48678597217983327,0.5283806059339115,0.975054689616478,sample,630,0.5297123933449818,0.45832840833253113,0.44873693161592965,0.49964264573884326,0.6326525515273961,0.4854887177810756,0.5271029017292052,0.9786640528805848,2.519170120234368,2.357009613682692,1.6797558399939045,0.6437142948544611,5.331795323193736,1.573490231982447,1.6559426037583336,3.0745637988620578
D_W,dw,918,918,0.01,0.02,1024,1024,1024,1024,0,1024,0.5299121754017847,0.4572619507807304,0.4492086265341033,0.500417811077837,0.632630713186894,0.48678597217983327,0.5283806059339115,0.975054689616478,sample,631,0.5307815442485921,0.45515367739431384,0.44997708688881155,0.4972779367040125,0.635145386985246,0.4869031886115954,0.5290653458009374,0.9738431902253619,2.516811627265782,2.314357987214239,1.6673842391064326,0.6551053078223678,5.313914266622023,1.5909353440556828,1.6621078036371686,3.0594186121604445
D_W,dw,918,918,0.01,0.02,1024,1024,1024,1024,0,1024,0.5299121754017847,0.4572619507807304,0.4492086265341033,0.500417811077837,0.632630713186894,0.48678597217983327,0.5283806059339115,0.975054689616478,sample,632,0.5296755399035797,0.4576481709878822,0.4493071387676945,0.500539681066747,0.6321738200061369,0.48741519668559796,0.527382004395676,0.9746665358887021,2.5019845537489647,2.346225552739677,1.665723406986875,0.6404741363280635,5.323578465230753,1.5667132332776368,1.6568194306449155,3.062005228847759
D_W,dw,918,918,0.01,0.02,1024,1024,1024,1024,0,1024,0.5299121754017847,0.4572619507807304,0.4492086265341033,0.500417811077837,0.632630713186894,0.48678597217983327,0.5283806059339115,0.975054689616478,sample,633,0.5288861371074727,0.4574870930414461,0.4482207154946467,0.500500111853444,0.6320628873402391,0.4865543034746103,0.528565384274532,0.9755890987036036,2.513685970029682,2.359889736479074,1.672258815609201,0.6403479780700532,5.309201396687698,1.567009422897273,1.6605371281787358,3.0649035454095284
D_W,dw,918,918,0.01,0.02,1024,1024,1024,1024,0,1024,0.5299121754017847,0.4572619507807304,0.4492086265341033,0.500417811077837,0.632630713186894,0.48678597217983327,0.5283806059339115,0.975054689616478,sample,634,0.5291081213377979,0.45804846499658375,0.4481241313082542,0.5006033339290794,0.6321470759800553,0.48666922772984295,0.5279388586170959,0.9748989902486476,2.516395124012656,2.364111645531064,1.6713334658360806,0.6406981896062836,5.318976276435242,1.5662307340074157,1.658568839776049,3.0627355057572587
D_W,dw,918,918,0.01,0.02,1024,1024,1024,1024,0,1024,0.5299121754017847,0.4572619507807304,0.4492086265341033,0.500417811077837,0.632630713186894,0.48678597217983327,0.5283806059339115,0.975054689616478,sample,635,0.5291730801547464,0.45784668966301256,0.44906889160197483,0.50063612711195,0.631322058315745,0.48560952208979913,0.5289346151277077,0.975318009746538,2.5045468252675933,2.352939707147312,1.6799411412952854,0.6372759911376725,5.31777356638915,1.5659523413693155,1.6616971011145512,3.064051894333542
D_W,dw,918,918,0.01,0.02,1024,1024,1024,1024,0,1024,0.5299121754017847,0.4572619507807304,0.4492086265341033,0.500417811077837,0.632630713186894,0.48678597217983327,0.5283806059339115,0.975054689616478,sample,636,0.5296997373282726,0.4589136118759852,0.44956045835141784,0.5001388357104832,0.6331600769020999,0.48604795881147483,0.5275732987726774,0.9751117203336135,2.5102381029936014,2.3536508018500775,1.6751918185211698,0.6458594053161707,5.33829353433577,1.569753704535992,1.6574203996543764,3.063403817029385
D_W,dw,918,918,0.01,0.02,1024,1024,1024,1024,0,1024,0.5299121754017847,0.4572619507807304,0.4492086265341033,0.500417811077837,0.632630713186894,0.48678597217983327,0.5283806059339115,0.975054689616478,sample,637,0.5293625074687711,0.4569426976153499,0.44858652174061014,0.5012149815212831,0.6324478773483703,0.48684801572147407,0.5293692664127299,0.97472074704106,2.5150930582127753,2.349407894628784,1.6697670526874335,0.6420762411869756,5.310891197843594,1.561623303659528,1.6630625983984502,3.062175538205749
D_W,dw,918,918,0.01,0.02,1024,1024,1024,1024,0,1024,0.5299121754017847,0.4572619507807304,0.4492086265341033,0.500417811077837,0.632630713186894,0.48678597217983327,0.5283806059339115,0.975054689616478,sample,638,0.529878233245303,0.4574786266332051,0.4479841178128802,0.5014066360915539,0.6320384859241577,0.4881775269093766,0.5293099202652052,0.9746785836349295,2.517902760757221,2.3566454335409945,1.6600912378696406,0.6395165203477036,5.324900547967351,1.5601435018121257,1.6628761569773678,3.0620430779587995
D_W,dw,918,918,0.01,0.02,1024,1024,1024,1024,0,1024,0.5299121754017847,0.4572619507807304,0.4492086265341033,0.500417811077837,0.632630713186894,0.48678597217983327,0.5283806059339115,0.975054689616478,sample,639,0.5294595430288842,0.4571271406538637,0.44884722432907553,0.5011891228508615,0.6322076906181825,0.48755214677230957,0.5283260828086724,0.9733163924554905,2.5075774658359458,2.3478014805357974,1.6646695758151175,0.6405949146108612,5.31443003024603,1.561802214721638,1.659785340451598,3.057763628156689
D_W,dw,918,918,0.01,0.02,1024,1024,1024,1024,0,1024,0.5299121754017847,0.4572619507807304,0.4492086265341033,0.500417811077837,0.632630713186894,0.48678597217983327,0.5283806059339115,0.975054689616478,sample,640,0.5306604585800875,0.45449334471228914,0.4460196848261547,0.4979913301696106,0.6301564471535601,0.48576118653103534,0.5261941590201877,0.9745842893815664,2.5438326543762484,2.348004390055266,1.6797478252451064,0.6316739773473038,5.305284695123717,1.5862278357925927,1.6530877043396812,3.061746843825158
D_W,dw,918,918,0.01,0.02,1024,1024,1024,1024,0,1024,0.5299121754017847,0.4572619507807304,0.4492086265341033,0.500417811077837,0.632630713186894,0.48678597217983327,0.5283806059339115,0.975054689616478,sample,641,0.5296118668676357,0.4573405806068702,0.44856545591007563,0.4998253910878203,0.6320026754723604,0.4867524672377876,0.5273939472793521,0.9740965325001967,2.511547522227481,2.351404593769633,1.6708193971591332,0.6399588695504443,5.319175295404322,1.5721190940018215,1.656856950320535,3.060214510389909
D_W,dw,918,918,0.01,0.02,1024,1024,1024,1024,0,1024,0.5299121754017847,0.4572619507807304,0.4492086265341033,0.500417811077837,0.632630713186894,0.48678597217983327,0.5283806059339115,0.975054689616478,sample,642,0.5299424942663966,0.45601334296359497,0.44756314556213567,0.4983055779670631,0.6357857745208728,0.4855240630888819,0.5289437745951061,0.9746675310702863,2.5537484900514436,2.348869804471375,1.6769956104725534,0.6587711831399059,5.310056216247143,1.583274320880132,1.6617258764300409,3.062008355302913
D_W,dw,918,918,0.01,0.02,1024,1024,1024,1024,0,1024,0.5299121754017847,0.4572619507807304,0.4492086265341033,0.500417811077837,0.632630713186894,0.48678597217983327,0.5283806059339115,0.975054689616478,sample,643,0.5299075909252124,0.4578278542528259,0.4502640498692312,0.5017465804335153,0.6327439953794503,0.4875276426963112,0.5284727944929498,0.973490715275498,2.4972915095824133,2.3368284764731984,1.6644712084651003,0.6432111635088374,5.329248673677838,1.5576395760912805,1.6602462488011196,3.0583112794473775
D_W,dw,918,918,0.01,0.02,1024,1024,1024,1024,0,1024,0.5299121754017847,0.4572619507807304,0.4492086265341033,0.500417811077837,0.632630713186894,0.48678597217983327,0.5283806059339115,0.975054689616478,sample,644,0.5296567666281532,0.4579364885850929,0.4494914581741239,0.5012189876701546,0.6323474335154152,0.4871909428799998,0.5274097878158401,0.9750679261099534,2.5030012034183597,2.34679485377943,1.667275324710762,0.6414328229422527,5.326494391651558,1.561586074890604,1.656906714833595,3.063266233418065
D_W,dw,918,918,0.01,0.02,1024,1024,1024,1024,0,1024,0.5299121754017847,0.4572619507807304,0.4492086265341033,0.500417811077837,0.632630713186894,0.48678597217983327,0.5283806059339115,0.975054689616478,sample,645,0.5301694234018886,0.45690249215431883,0.44918459074821665,0.5005056924292118,0.6329247089727628,0.48720087543495505,0.5273790690577156,0.9745907108579448,2.51296109781705,2.3388647989656044,1.6667882298716814,0.6441776830984072,5.323133131954912,1.5669919927963811,1.6568102090087435,3.0617670174881737
D_W,dw,918,918,0.01,0.02,1024,1024,1024,1024,0,1024,0.5299121754017847,0.4572619507807304,0.4492086265341033,0.500417811077837,0.632630713186894,0.48678597217983327,0.5283806059339115,0.975054689616478,sample,646,0.5317608351484819,0.45961969970158467,0.44861237686697786,0.4971105583944121,0.6338333564268827,0.488299561459629,0.5275630462355007,0.9746928540599527,2.5246125303669533,2.3563240837448114,1.6579798205668128,0.6482029878643187,5.378870289633941,1.5923828196143865,1.6573881903589012,3.0620879098212157
D_W,dw,918,918,0.01,0.02,1024,1024,1024,1024,0,1024,0.5299121754017847,0.4572619507807304,0.4492086265341033,0.500417811077837,0.632630713186894,0.48678597217983327,0.5283806059339115,0.975054689616478,sample,647,0.5298256361820669,0.45907350734255103,0.45084893480672783,0.500864740625719,0.6335991726362447,0.48737211609177367,0.5287143201385208,0.9743282712516019,2.493453960216114,2.341261747364658,1.665035050699197,0.6473468519275201,5.342158059959391,1.564323767625547,1.661005023994899,3.060942539148876
D_W,dw,918,918,0.01,0.02,1024,1024,1024,1024,0,1024,0.5299121754017847,0.4572619507807304,0.4492086265341033,0.500417811077837,0.632630713186894,0.48678597217983327,0.5283806059339115,0.975054689616478,sample,648,0.5303866302780192,0.4577301777728587,0.4484600931832424,0.5002162764936299,0.6343647141380694,0.48632036456055294,0.5269497904777029,0.9754739910236285,2.535794985946941,2.351188937000674,1.672256338977296,0.6515051093062126,5.335669351264153,1.5691867054874349,1.655461590575432,3.0645419239677474
D_W,dw,918,918,0.01,0.02,1024,1024,1024,1024,0,1024,0.5299121754017847,0.4572619507807304,0.4492086265341033,0.500417811077837,0.632630713186894,0.48678597217983327,0.5283806059339115,0.975054689616478,sample,649,0.5307999709821485,0.45809415039686435,0.44949034010264083,0.5004416641945578,0.6334293035983114,0.4875780586314146,0.5278503617620177,0.975780589222761,2.5144832962058703,2.3415887461661122,1.6636257984339264,0.6464282979601608,5.346207933393352,1.5674862399579805,1.6582908187062695,3.0655051306177454
D_W,dw,918,918,0.01,0.02,1024,1024,1024,1024,0,1024,0.5299121754017847,0.4572619507807304,0.4492086265341033,0.500417811077837,0.632630713186894,0.48678597217983327,0.5283806059339115,0.975054689616478,sample,650,0.5276681866651085,0.45696685517494307,0.44924238306869263,0.502413488727074,0.6331267281979923,0.48563390842431586,0.52890740366333,0.9763532136668375,2.5077203226844254,2.352243093998237,1.678275717159532,0.6460152187299687,5.283792592173888,1.5526690551484723,1.6616116137779688,3.067304083364522
D_W,dw,918,918,0.01,0.02,1024,1024,1024,1024,0,1024,0.5299121754017847,0.4572619507807304,0.4492086265341033,0.500417811077837,0.632630713186894,0.48678597217983327,0.5283806059339115,0.975054689616478,sample,651,0.5300276951210631,0.4556369921867236,0.44984869023196633,0.5026121143717859,0.6293965781786237,0.4886047264077994,0.5296814988331005,0.9744565693180045,2.4811188488022555,2.3232465909187483,1.658616642543818,0.6267307320765274,5.307417660326452,1.5506121791617604,1.664043505476499,3.061345599411756
D_W,dw,918,918,0.01,0.02,1024,1024,1024,1024,0,1024,0.5299121754017847,0.4572619507807304,0.4492086265341033,0.500417811077837,0.632630713186894,0.48678597217983327,0.5283806059339115,0.975054689616478,sample,652,0.5294711867307081,0.4568157931380346,0.4495707950621343,0.5009441744689244,0.6325848939196584,0.4870921724244183,0.527188597046803,0.9761409605415958,2.5025590948077205,2.3381558260183795,1.6678432305903763,0.6426081549950288,5.311241029737682,1.5636751647909635,1.656211823538546,3.0666372705055616
D_W,dw,918,918,0.01,0.02,1024,1024,1024,1024,0,1024,0.5299121754017847,0.4572619507807304,0.4492086265341033,0.500417811077837,0.632630713186894,0.48678597217983327,0.5283806059339115,0.975054689616478,sample,653,0.5306803109694213,0.4601091953344451,0.44922908731564754,0.49996013925624294,0.6339228636103577,0.48869935319292335,0.5285493979365323,0.9758493469887989,2.5140866803230826,2.3606099729982852,1.6549786594474316,0.6483182683935433,5.3680070620091005,1.571093966357742,1.6604869056167182,3.0657211395104076
D_W,dw,918,918,0.01,0.02,1024,1024,1024,1024,0,1024,0.5299121754017847,0.4572619507807304,0.4492086265341033,0.500417811077837,0.632630713186894,0.48678597217983327,0.5283806059339115,0.975054689616478,sample,654,0.5297232166195686,0.4574627418822068,0.4509525013469199,0.5009893582122664,0.6322698491447001,0.48686861968417094,0.5304619650486269,0.9748584463596278,2.4857551566397076,2.3280116501485315,1.6697465350209582,0.6412028553063696,5.322280383335467,1.563316619451339,1.6664954124055718,3.062608133373366
D_W,dw,918,918,0.01,0.02,1024,1024,1024,1024,0,1024,0.5299121754017847,0.4572619507807304,0.4492086265341033,0.500417811077837,0.632630713186894,0.48678597217983327,0.5283806059339115,0.975054689616478,sample,655,0.5300764295069611,0.4561731067967172,0.4480320393084216,0.5011307078423396,0.6320721838719546,0.488762925794218,0.5269198540212069,0.9761888618446005,2.516451197323085,2.344908881921686,1.6556716338348245,0.6394201053579567,5.313830500115106,1.5622352491698341,1.6553675424236298,3.0667877568871784
D_W,dw,918,918,0.01,0.02,1024,1024,1024,1024,0,1024,0.5299121754017847,0.4572619507807304,0.4492086265341033,0.500417811077837,0.632630713186894,0.48678597217983327,0.5283806059339115,0.975054689616478,sample,656,0.5293096746608639,0.45815906259809047,0.4493138474207743,0.5020748498863672,0.6315072018274099,0.4850754686237461,0.5289013541779057,0.9742975505352733,2.5089495790327607,2.35227124840881,1.6837872064354564,0.638520215333221,5.32345200780659,1.5550201736999396,1.6615926087590018,3.0608460271721447
D_W,dw,918,918,0.01,0.02,1024,1024,1024,1024,0,1024,0.5299121754017847,0.4572619507807304,0.4492086265341033,0.500417811077837,0.632630713186894,0.48678597217983327,0.5283806059339115,0.975054689616478,sample,657,0.5294610703031007,0.4573295512290508,0.4483536497709358,0.5002487285122784,0.6327601779974977,0.48765782069513514,0.5266109538868906,0.976081944929535,2.5147774567041496,2.3541989564291295,1.6634956949001987,0.6431763887030434,5.316664991408967,1.568922811520868,1.6543971040309688,3.0664518674922645
D_W,dw,918,918,0.01,0.02,1024,1024,1024,1024,0,1024,0.5299121754017847,0.4572619507807304,0.4492086265341033,0.500417811077837,0.632630713186894,0.48678597217983327,0.5283806059339115,0.975054689616478,sample,658,0.5304687465990522,0.45552095161662715,0.4494484120123886,0.5001642467628521,0.6325207545027041,0.48702624121161103,0.5280742549704283,0.9752073889791052,2.5101952322064305,2.324017874851892,1.6683850949949655,0.6423154714861059,5.312985889502119,1.56955692335679,1.6589941999650006,3.063704368943241
D_W,dw,918,918,0.01,0.02,1024,1024,1024,1024,0,1024,0.5299121754017847,0.4572619507807304,0.4492086265341033,0.500417811077837,0.632630713186894,0.48678597217983327,0.5283806059339115,0.975054689616478,sample,659,0.530520361761621,0.4594144411554859,0.4507249221770848,0.5027488790597385,0.6329954071234417,0.4888619889220204,0.5302545954095484,0.9730274526266128,2.493872818918034,2.341147741568528,1.65433093382783,0.643930888503719,5.357169199411634,1.5501302919817916,1.6658439414708655,3.0568558969129573
D_W,dw,918,918,0.01,0.02,1024,1024,1024,1024,0,1024,0.5299121754017847,0.4572619507807304,0.4492086265341033,0.500417811077837,0.632630713186894,0.48678597217983327,0.5283806059339115,0.975054689616478,sample,660,0.5289514378873467,0.4582715295524312,0.44986444688777194,0.4999085658198389,0.6331381435663344,0.4857899883412757,0.5279639638165646,0.9746885396413033,2.501968262596653,2.349726903941363,1.677125104126685,0.6458848636246599,5.318945380957757,1.5714830884045838,1.6586477100862669,3.0620743556752825
D_W,dw,918,918,0.01,0.02,1024,1024,1024,1024,0,1024,0.5299121754017847,0.4572619507807304,0.4492086265341033,0.500417811077837,0.632630713186894,0.48678597217983327,0.5283806059339115,0.975054689616478,sample,661,0.5292093771823809,0.4572252398629008,0.4481739731566322,0.5006790650956062,0.6320488259844125,0.4864956507454541,0.5287958351698414,0.975514171712729,2.517147854350348,2.356480330191854,1.672708527189368,0.6403130545616452,5.311521988007866,1.5656538417743742,1.661261111018453,3.0646681553254416
D_W,dw,918,918,0.01,0.02,1024,1024,1024,1024,0,1024,0.5299121754017847,0.4572619507807304,0.4492086265341033,0.500417811077837,0.632630713186894,0.48678597217983327,0.5283806059339115,0.975054689616478,sample,662,0.5300012244227764,0.4571796133675467,0.44982917130813543,0.501675839877083,0.6333168504555141,0.4865491435530551,0.5294451378222694,0.9721211304590742,2.511510576580745,2.3355681519955738,1.6713420562340369,0.6464145801174032,5.323537277164839,1.5582266357833743,1.6633009554612772,3.0540086018496324
D_W,dw,918,918,0.01,0.02,1024,1024,1024,1024,0,1024,0.5299121754017847,0.4572619507807304,0.4492086265341033,0.500417811077837,0.632630713186894,0.48678597217983327,0.5283806059339115,0.975054689616478,sample,663,0.5288207750987686,0.45942453681443135,0.4492631748695118,0.49991259779500996,0.6327982236396448,0.48598396743468747,0.5277751023977859,0.9763065559723652,2.5055260173789633,2.365818495031645,1.6759508267650265,0.6441555293962155,5.329994685272198,1.5714544846374832,1.658054384440485,3.0671575038943346
D_W,dw,918,918,0.01,0.02,1024,1024,1024,1024,0,1024,0.5299121754017847,0.4572619507807304,0.4492086265341033,0.500417811077837,0.632630713186894,0.48678597217983327,0.5283806059339115,0.975054689616478,sample,664,0.5305582054192832,0.45569919065301134,0.450321191998192,0.5007484124840511,0.6307643360280294,0.4846712863613186,0.5281826861513382,0.9750907883951779,2.5009089062778402,2.316223355103096,1.6874858368724728,0.6351155932228358,5.31622891526126,1.5650730207694024,1.6593348465663675,3.0633380574053706
D_W,dw,918,918,0.01,0.02,1024,1024,1024,1024,0,1024,0.5299121754017847,0.4572619507807304,0.4492086265341033,0.500417811077837,0.632630713186894,0.48678597217983327,0.5283806059339115,0.975054689616478,sample,665,0.5312632368016769,0.45890310689112207,0.44769109952047875,0.50010683975761,0.6298370871195388,0.4860261113598815,0.5281852569330079,0.9756927787197517,2.523836225034061,2.362661641499172,1.6780099205392318,0.6299304525217795,5.3627157885287415,1.569973451483491,1.6593429229151748,3.0652292657865834
D_W,dw,918,918,0.01,0.02,1024,1024,1024,1024,0,1024,0.5299121754017847,0.4572619507807304,0.4492086265341033,0.500417811077837,0.632630713186894,0.48678597217983327,0.5283806059339115,0.975054689616478,sample,666,0.5308638313348968,0.4569645280187542,0.4504584002545931,0.5006400280094512,0.6323327448811762,0.4865258080466496,0.5293573798908088,0.9750148149663832,2.501466006705792,2.32286900804621,1.6722659917627047,0.6416598388724397,5.334546983673292,1.565959859300547,1.6630252557885061,3.063099379839601
D_W,dw,918,918,0.01,0.02,1024,1024,1024,1024,0,1024,0.5299121754017847,0.4572619507807304,0.4492086265341033,0.500417811077837,0.632630713186894,0.48678597217983327,0.5283806059339115,0.975054689616478,sample,667,0.5300752909138514,0.45893436130853676,0.45033651880752473,0.5011144876765835,0.6321368323626104,0.48694213542456727,0.5286740028595427,0.9735974809709317,2.494627143938632,2.34388957928485,1.6692938161543776,0.6405341741793722,5.34451186078088,1.5623621814453925,1.6608783635274487,3.0586466937718075
D_W,dw,918,918,0.01,0.02,1024,1024,1024,1024,0,1024,0.5299121754017847,0.4572619507807304,0.4492086265341033,0.500417811077837,0.632630713186894,0.48678597217983327,0.5283806059339115,0.975054689616478,sample,668,0.5305699116451822,0.45843048454706714,0.4495320831074867,0.5006593345092759,0.6314652371962568,0.48731945516488684,0.5294897781912892,0.9753226938268482,2.501348940995091,2.3451049676081803,1.6669531512270825,0.637118341492829,5.346475581793962,1.5657810923850943,1.6634411973166432,3.0640666098058333
D_W,dw,918,918,0.01,0.02,1024,1024,1024,1024,0,1024,0.5299121754017847,0.4572619507807304,0.4492086265341033,0.500417811077837,0.632630713186894,0.48678597217983327,0.5283806059339115,0.975054689616478,sample,669,0.52776430511406,0.45802389306454383,0.4490347310761273,0.5001785471546252,0.6319184363988258,0.48579558416205215,0.5278942879197228,0.9772923870291871,2.497552148329272,2.3624913969296317,1.6780587115109113,0.640032263755587,5.2967582389627665,1.5694428613470468,1.6584288168006163,3.070254583500127
D_W,dw,918,918,0.01,0.02,1024,1024,1024,1024,0,1024,0.5299121754017847,0.4572619507807304,0.4492086265341033,0.500417811077837,0.632630713186894,0.48678597217983327,0.5283806059339115,0.975054689616478,sample,670,0.5306888795256154,0.45702466855973684,0.44941010804219006,0.501041875025648,0.632846525369033,0.4882906690319673,0.5281003239731653,0.9756052501422455,2.509568351980123,2.334745479721649,1.6587082312949812,0.6433344190712931,5.3325184929691645,1.5629537907378739,1.659076098152486,3.064954286650511
D_W,dw,918,918,0.01,0.02,1024,1024,1024,1024,0,1024,0.5299121754017847,0.4572619507807304,0.4492086265341033,0.500417811077837,0.632630713186894,0.48678597217983327,0.5283806059339115,0.975054689616478,sample,671,0.5291261307979904,0.45670246523477154,0.4491085712600569,0.4992497163373035,0.6318709465808157,0.4864370628882837,0.5292086893296497,0.9749036452288603,2.501105271499551,2.3436699490462147,1.6732843877158872,0.6394901669149865,5.304554962687397,1.57648579507096,1.6625581306139106,3.0627501298088977
D_W,dw,918,918,0.01,0.02,1024,1024,1024,1024,0,1024,0.5299121754017847,0.4572619507807304,0.4492086265341033,0.500417811077837,0.632630713186894,0.48678597217983327,0.5283806059339115,0.975054689616478,sample,672,0.5302561210714334,0.45773582026666837,0.4478997743784508,0.4997711218247143,0.6331038764337008,0.4872787667729534,0.5277397268282721,0.9736013246072371,2.5287512129625855,2.3573705861489618,1.6660804950215111,0.6449984547918653,5.333693973271984,1.5725158706266271,1.6579432488111838,3.0586587689113878
D_W,dw,918,918,0.01,0.02,1024,1024,1024,1024,0,1024,0.5299121754017847,0.4572619507807304,0.4492086265341033,0.500417811077837,0.632630713186894,0.48678597217983327,0.5283806059339115,0.975054689616478,sample,673,0.5314939082379972,0.455273517055434,0.4487830222786301,0.5005050995611395,0.6334827182624035,0.4865841141399923,0.528526267061952,0.973651290410054,2.534889392274887,2.3233023263854617,1.6709657642442926,0.6471478078319102,5.325891094857904,1.5670123376992002,1.6604142378310656,3.058815741110448
D_W,dw,918,918,0.01,0.02,1024,1024,1024,1024,0,1024,0.5299121754017847,0.4572619507807304,0.4492086265341033,0.500417811077837,0.632630713186894,0.48678597217983327,0.5283806059339115,0.975054689616478,sample,674,0.5303944500229798,0.4585119471059971,0.4491333878981748,0.5004354910008546,0.6336494556696431,0.48525613462134476,0.5291273497229889,0.9761193650901593,2.5278611690074424,2.3506837267663965,1.6806689058653541,0.6486180517226521,5.3446655142800985,1.567537881353416,1.6623025947031793,3.066569426393978
D_W,dw,918,918,0.01,0.02,1024,1024,1024,1024,0,1024,0.5299121754017847,0.4572619507807304,0.4492086265341033,0.500417811077837,0.632630713186894,0.48678597217983327,0.5283806059339115,0.975054689616478,sample,675,0.5300646029059288,0.456371113184164,0.4492173640003647,0.5013910080280366,0.6325365264984597,0.48690936305832083,0.5288804155202784,0.9761221627634533,2.5129651191418256,2.334978137647506,1.6692416545004052,0.6424809146613438,5.315761008249418,1.5603014315795296,1.6615268280260238,3.0665782155438452
D_W,dw,918,918,0.01,0.02,1024,1024,1024,1024,0,1024,0.5299121754017847,0.4572619507807304,0.4492086265341033,0.500417811077837,0.632630713186894,0.48678597217983327,0.5283806059339115,0.975054689616478,sample,676,0.52984110948221,0.45578204766986197,0.4482155895662218,0.5012047599951788,0.6323261810343183,0.4868028334438392,0.5291853405585554,0.9748811657646326,2.52337756252268,2.3413484751170186,1.670195622024714,0.6415132410640969,5.30604529291347,1.561692106455933,1.6624847782861703,3.062679508489223
D_W,dw,918,918,0.01,0.02,1024,1024,1024,1024,0,1024,0.5299121754017847,0.4572619507807304,0.4492086265341033,0.500417811077837,0.632630713186894,0.48678597217983327,0.5283806059339115,0.975054689616478,sample,677,0.5307307376099026,0.457287422196489,0.4500889708162099,0.49950691799380914,0.6330520019344316,0.4869776839028847,0.5279337783567327,0.9752895528930238,2.5049869293898026,2.329790638094567,1.6683588073234827,0.6448926508425288,5.336067819108441,1.5745022443438197,1.6585528796674136,3.0639624944915975
D_W,dw,918,918,0.01,0.02,1024,1024,1024,1024,0,1024,0.5299121754017847,0.4572619507807304,0.4492086265341033,0.500417811077837,0.632630713186894,0.48678597217983327,0.5283806059339115,0.975054689616478,sample,678,0.530708186386339,0.4567305482665871,0.4493988311576172,0.500631551815581,0.6322400664403471,0.48571078772709614,0.5274798528438877,0.9757068221382584,2.5169025973172925,2.332490176951796,1.6784325736162342,0.6416253280766269,5.3295931833769385,1.5660205653247354,1.6571268306109825,3.0652733844869955
D_W,dw,918,918,0.01,0.02,1024,1024,1024,1024,0,1024,0.5299121754017847,0.4572619507807304,0.4492086265341033,0.500417811077837,0.632630713186894,0.48678597217983327,0.5283806059339115,0.975054689616478,sample,679,0.527566317248509,0.4555188552908821,0.44965089948198533,0.5014725020912788,0.6320712163113615,0.48994699598580976,0.5273395663146064,0.9757033713758757,2.474544569087582,2.3369006224193494,1.646763178454746,0.6389727932927374,5.267189937047014,1.5596474851103772,1.6566861074811952,3.0652625435972447
D_W,dw,918,918,0.01,0.02,1024,1024,1024,1024,0,1024,0.5299121754017847,0.4572619507807304,0.4492086265341033,0.500417811077837,0.632630713186894,0.48678597217983327,0.5283806059339115,0.975054689616478,sample,680,0.5297422572568787,0.45709099909028106,0.448871775320393,0.49836602767923577,0.633125735477322,0.48803421257493235,0.5292450442799012,0.9759533780375879,2.506917230907651,2.345735732618288,1.6604320742651055,0.6448142081126057,5.318500982109734,1.5830696131763282,1.6626723430585422,3.0660479626890282
D_W,dw,918,918,0.01,0.02,1024,1024,1024,1024,0,1024,0.5299121754017847,0.4572619507807304,0.4492086265341033,0.500417811077837,0.632630713186894,0.48678597217983327,0.5283806059339115,0.975054689616478,sample,681,0.5295327722199499,0.45549837230558465,0.4487452689952134,0.5008540287517398,0.6333881110745286,0.4871057252409037,0.5293461323772956,0.9752919049612969,2.519137150027773,2.335609532676921,1.6671622823169279,0.6464553150509921,5.298288778546519,1.5643938290356454,1.662989920682682,3.063969883732005
D_W,dw,918,918,0.01,0.02,1024,1024,1024,1024,0,1024,0.5299121754017847,0.4572619507807304,0.4492086265341033,0.500417811077837,0.632630713186894,0.48678597217983327,0.5283806059339115,0.975054689616478,sample,682,0.5304983066767963,0.45669234197334513,0.44969875311908264,0.4997636659925922,0.6330885621087287,0.48787552108081944,0.5279294317897072,0.9755252548257175,2.5052888964801285,2.3303688327077823,1.6616462390466784,0.6446574419281377,5.325944446017472,1.5725720899051876,1.658539224524378,3.064702973951785
D_W,dw,918,918,0.01,0.02,1024,1024,1024,1024,0,1024,0.5299121754017847,0.4572619507807304,0.4492086265341033,0.500417811077837,0.632630713186894,0.48678597217983327,0.5283806059339115,0.975054689616478,sample,683,0.5301349471263583,0.4559808198489225,0.44909469190190604,0.50062620003619,0.6323990568164901,0.4861691968170212,0.5288475499338539,0.9758254863536299,2.5161275746984426,2.3327864851938793,1.6748806587727396,0.6421541979784271,5.312695401448469,1.566066720844163,1.6614235777411566,3.0656461791142506
D_W,dw,918,918,0.01,0.02,1024,1024,1024,1024,0,1024,0.5299121754017847,0.4572619507807304,0.4492086265341033,0.500417811077837,0.632630713186894,0.48678597217983327,0.5283806059339115,0.975054689616478,sample,684,0.5300982603660719,0.45799835450411336,0.4486937535352945,0.5001277357248758,0.6346506211398432,0.4862001334535866,0.5281717598440522,0.9775642411107713,2.532944131820048,2.3526382632975995,1.6729261720568067,0.6529355315163742,5.334167353300314,1.5698476814379214,1.659300520559667,3.0711086382856805
D_W,dw,918,918,0.01,0.02,1024,1024,1024,1024,0,1024,0.5299121754017847,0.4572619507807304,0.4492086265341033,0.500417811077837,0.632630713186894,0.48678597217983327,0.5283806059339115,0.975054689616478,sample,685,0.5322276567920001,0.4553027191183139,0.44560240640627724,0.5006511657108383,0.6329712671006429,0.4848314518951927,0.527764988480352,0.9733021639198269,2.586185585391858,2.349741994564865,1.6843778736488877,0.6455996215090524,5.337083811688019,1.5658993252102082,1.6580226106317757,3.057718927893577
D_W,dw,918,918,0.01,0.02,1024,1024,1024,1024,0,1024,0.5299121754017847,0.4572619507807304,0.4492086265341033,0.500417811077837,0.632630713186894,0.48678597217983327,0.5283806059339115,0.975054689616478,sample,686,0.5295173480775707,0.458168874638104,0.4493444105766767,0.5009675691274504,0.6333554652424521,0.4880180027276817,0.5278896524631523,0.9745100134623751,2.506004975141878,2.3508804298486408,1.6604034231324847,0.6458936270900292,5.326884298055222,1.5635408899998677,1.6584142540843083,3.061513499143088
D_W,dw,918,918,0.01,0.02,1024,1024,1024,1024,0,1024,0.5299121754017847,0.4572619507807304,0.4492086265341033,0.500417811077837,0.632630713186894,0.48678597217983327,0.5283806059339115,0.975054689616478,sample,687,0.5290255789147463,0.4568058385750763,0.44934832891903725,0.5004513882044406,0.6313164790334099,0.48698578557219563,0.5293655442758202,0.9739588570277368,2.4938060997424625,2.3426705503475285,1.6695788972642442,0.6365565842171995,5.304060493184241,1.567358933179541,1.663050904960479,3.0597819901370493
D_W,dw,918,918,0.01,0.02,1024,1024,1024,1024,0,1024,0.5299121754017847,0.4572619507807304,0.4492086265341033,0.500417811077837,0.632630713186894,0.48678597217983327,0.5283806059339115,0.975054689616478,sample,688,0.5299322097893201,0.457414347317337,0.4481507030590707,0.5013442726750335,0.6322423209686681,0.486033474332555,0.5287768125864998,0.9761879494879863,2.5270413461298897,2.354237640948072,1.6760139954377937,0.6414963291330253,5.325039027632499,1.5606314539611608,1.6612013498103746,3.0667848906343416
D_W,dw,918,918,0.01,0.02,1024,1024,1024,1024,0,1024,0.5299121754017847,0.4572619507807304,0.4492086265341033,0.500417811077837,0.632630713186894,0.48678597217983327,0.5283806059339115,0.975054689616478,sample,689,0.5301294498658652,0.45792255523707004,0.4484125923553828,0.49963475659565837,0.6310691274710547,0.48564248602985294,0.5279162621468986,0.9736232751327607,2.5155988188438725,2.3545993660614686,1.6799024310515025,0.6360408852993671,5.333804093974324,1.5735829666846455,1.65849785087128,3.0587277285211147
D_W,dw,918,918,0.01,0.02,1024,1024,1024,1024,0,1024,0.5299121754017847,0.4572619507807304,0.4492086265341033,0.500417811077837,0.632630713186894,0.48678597217983327,0.5283806059339115,0.975054689616478,sample,690,0.529623332548387,0.45814239982482824,0.4478222131013119,0.5000590077532123,0.6321436571704065,0.48551268169791695,0.5283188462595085,0.9753790989247026,2.5278778752889663,2.3648756816134986,1.6799933111615122,0.641259230356019,5.328275342008112,1.5703497843686174,1.6597626061619073,3.064243811646878
D_W,dw,918,918,0.01,0.02,1024,1024,1024,1024,0,1024,0.5299121754017847,0.4572619507807304,0.4492086265341033,0.500417811077837,0.632630713186894,0.48678597217983327,0.5283806059339115,0.975054689616478,sample,691,0.5299983971094432,0.4583846559634558,0.4492599680125532,0.5001531618259996,0.6332749837886912,0.4851691004544957,0.5272668947641208,0.9779379067409516,2.5209490184066867,2.350702001715067,1.681620741427185,0.6468659009949538,5.336971233747811,1.5696471106838252,1.6564578030720645,3.072282543484354
D_W,dw,918,918,0.01,0.02,1024,1024,1024,1024,0,1024,0.5299121754017847,0.4572619507807304,0.4492086265341033,0.500417811077837,0.632630713186894,0.48678597217983327,0.5283806059339115,0.975054689616478,sample,692,0.5300270932072115,0.45809000860821825,0.44944930765437796,0.5006080432697049,0.6331794772654825,0.48662057951606963,0.5277577662446393,0.9742146091584694,2.5125976047382745,2.3463442061469584,1.6709209300275578,0.6456768398427067,5.3340808276998155,1.5662307656631942,1.657999921309118,3.060585459152099
D_W,dw,918,918,0.01,0.02,1024,1024,1024,1024,0,1024,0.5299121754017847,0.4572619507807304,0.4492086265341033,0.500417811077837,0.632630713186894,0.48678597217983327,0.5283806059339115,0.975054689616478,sample,693,0.5290705005246875,0.4564405501241336,0.44868010121327084,0.5009922415441402,0.6332555120080959,0.48734938723496724,0.5294728587551459,0.9752890306713025,2.5145071107288,2.346076373116534,1.665445050983189,0.6457111164089377,5.300882009381628,1.5633503068034271,1.6633880433403527,3.0639608538836742
D_W,dw,918,918,0.01,0.02,1024,1024,1024,1024,0,1024,0.5299121754017847,0.4572619507807304,0.4492086265341033,0.500417811077837,0.632630713186894,0.48678597217983327,0.5283806059339115,0.975054689616478,sample,694,0.5295562273743987,0.4577230172664036,0.4488006879923652,0.49938940818430827,0.6331283271084667,0.48625093606866054,0.5292274841797434,0.9745822878670266,2.516500272885743,2.352451349014406,1.673707169963189,0.6456121340700219,5.32251683896857,1.575382785196043,1.6626171763768904,3.0617405558817836
D_W,dw,918,918,0.01,0.02,1024,1024,1024,1024,0,1024,0.5299121754017847,0.4572619507807304,0.4492086265341033,0.500417811077837,0.632630713186894,0.48678597217983327,0.5283806059339115,0.975054689616478,sample,695,0.5304762815727277,0.45749060132289376,0.449490960929238,0.5003679351956754,0.6301719144024435,0.4874845973961411,0.5274599408015094,0.9764362322793476,2.4920778404383093,2.338724590463396,1.666646510109573,0.6308264853902206,5.334387508974091,1.567969801445536,1.657064275084929,3.0675648940276954
D_W,dw,918,918,0.01,0.02,1024,1024,1024,1024,0,1024,0.5299121754017847,0.4572619507807304,0.4492086265341033,0.500417811077837,0.632630713186894,0.48678597217983327,0.5283806059339115,0.975054689616478,sample,696,0.5299027390031192,0.45728347362542854,0.44884823984846817,0.49994063296566515,0.6341394156443101,0.4882156628869285,0.529671613181039,0.9756400749372014,2.517121347159332,2.346600123904701,1.6584227628196704,0.649559254568893,5.3231333354972445,1.5712389038716903,1.6640124487846066,3.065063691970507
D_W,dw,918,918,0.01,0.02,1024,1024,1024,1024,0,1024,0.5299121754017847,0.4572619507807304,0.4492086265341033,0.500417811077837,0.632630713186894,0.48678597217983327,0.5283806059339115,0.975054689616478,sample,697,0.5298617669133809,0.4581114379475982,0.4490911694075508,0.5008265480347698,0.6328546181107169,0.4864840086662504,0.5281743593022683,0.9736614090361376,2.514989345870039,2.3509761035127923,1.6721807550241143,0.6441896610301174,5.331710974689086,1.5645749595399538,1.6593086869985019,3.0588475297118167
D_W,dw,918,918,0.01,0.02,1024,1024,1024,1024,0,1024,0.5299121754017847,0.4572619507807304,0.4492086265341033,0.500417811077837,0.632630713186894,0.48678597217983327,0.5283806059339115,0.975054689616478,sample,698,0.529446488714832,0.4582606146768583,0.4502703232405922,0.4999550767535177,0.6336368676433014,0.4859481014483289,0.5284472983287605,0.9738252226989456,2.502780404459836,2.34279040032257,1.6755612067026564,0.6481967744955187,5.326786330239475,1.5711324858622437,1.6601661502390077,3.059362165511452
D_W,dw,918,918,0.01,0.02,1024,1024,1024,1024,0,1024,0.5299121754017847,0.4572619507807304,0.4492086265341033,0.500417811077837,0.632630713186894,0.48678597217983327,0.5283806059339115,0.975054689616478,sample,699,0.5283780083309083,0.4568055763136511,0.45136958679015143,0.5009263551627878,0.6321442272563805,0.48307070333206487,0.528304712075123,0.9781533973192148,2.488123426766277,2.3257792589850292,1.698211428492919,0.6426678720317356,5.293657612647671,1.56378625902312,1.6597182023120771,3.0729595271019434
D_W,dw,918,918,0.01,0.02,1024,1024,1024,1024,0,1024,0.5299121754017847,0.4572619507807304,0.4492086265341033,0.500417811077837,0.632630713186894,0.48678597217983327,0.5283806059339115,0.975054689616478,sample,700,0.5289016705252202,0.4575435900203539,0.4492513628746813,0.5006046451868619,0.6320687496411638,0.48621867236639243,0.5285175525374766,0.9740891619879943,2.5023583652490755,2.3502068336878543,1.6747685999205786,0.6405442159673804,5.310069775738973,1.5662180979254008,1.6603868603449938,3.060191355242921
D_W,dw,918,918,0.01,0.02,1024,1024,1024,1024,0,1024,0.5299121754017847,0.4572619507807304,0.4492086265341033,0.500417811077837,0.632630713186894,0.48678597217983327,0.5283806059339115,0.975054689616478,sample,701,0.5292118561014241,0.4573036703920784,0.44831484381213493,0.5004870710987414,0.6326481827706962,0.48613773359731766,0.5288888070600121,0.9752458327601321,2.5203209783143707,2.3557313226309056,1.6749216763714756,0.6433623927735816,5.312416507531188,1.5671244415149945,1.6615531908256034,3.063825143643291
D_W,dw,918,918,0.01,0.02,1024,1024,1024,1024,0,1024,0.5299121754017847,0.4572619507807304,0.4492086265341033,0.500417811077837,0.632630713186894,0.48678597217983327,0.5283806059339115,0.975054689616478,sample,702,0.5299774111741699,0.4587287837183382,0.44785800796339553,0.5007134662350529,0.6325783535277697,0.4861393998320036,0.5274537506537481,0.9746690338835361,2.530890460570965,2.367173989432175,1.674962891287227,0.6430314573036409,5.340582491247695,1.565414910230183,1.6570448281621977,3.0620130765299782
D_W,dw,918,918,0.01,0.02,1024,1024,1024,1024,0,1024,0.5299121754017847,0.4572619507807304,0.4492086265341033,0.500417811077837,0.632630713186894,0.48678597217983327,0.5283806059339115,0.975054689616478,sample,703,0.5300908946360529,0.4569892139635998,0.4493006881665586,0.5003889060036314,0.631895356942013,0.4869977199019451,0.5270923858114379,0.9759204779405866,2.5050903959315103,2.3388256162170755,1.669058686407723,0.6393288223245701,5.322855003426658,1.5678477402367585,1.6559095670283301,3.0659446039859866
D_W,dw,918,918,0.01,0.02,1024,1024,1024,1024,0,1024,0.5299121754017847,0.4572619507807304,0.4492086265341033,0.500417811077837,0.632630713186894,0.48678597217983327,0.5283806059339115,0.975054689616478,sample,704,0.5309656042175648,0.45542024548572474,0.4487276699720065,0.5002223174410464,0.632889066662293,0.48585706519315286,0.5290209533961432,0.9743783051145808,2.530698211181676,2.327715680703015,1.676823694739766,0.6446565731264742,5.319489249603644,1.5691233732613608,1.6619683407843917,3.0610997251652408
D_W,dw,918,918,0.01,0.02,1024,1024,1024,1024,0,1024,0.5299121754017847,0.4572619507807304,0.4492086265341033,0.500417811077837,0.632630713186894,0.48678597217983327,0.5283806059339115,0.975054689616478,sample,705,0.5304869285604645,0.45714732081189713,0.4500519889133755,0.500603753053868,0.6315073646995364,0.4871170851031441,0.5276778165709529,0.9749999344853988,2.4958216438215253,2.3304255025770653,1.668447164758017,0.637413770027981,5.330748792229048,1.5662053381956025,1.657748752001608,3.0630526314298585
D_W,dw,918,918,0.01,0.02,1024,1024,1024,1024,0,1024,0.5299121754017847,0.4572619507807304,0.4492086265341033,0.500417811077837,0.632630713186894,0.48678597217983327,0.5283806059339115,0.975054689616478,sample,706,0.5301604082853092,0.457385412177067,0.4510263202494452,0.5015148041841221,0.6292606956200687,0.49076768695965345,0.5290580831333367,0.9751665414885186,2.453047469395747,2.3242419062121242,1.6420943420613348,0.6251639623847838,5.328296335850688,1.5590778779845071,1.6620849872939887,3.063576042766896
D_W,dw,918,918,0.01,0.02,1024,1024,1024,1024,0,1024,0.5299121754017847,0.4572619507807304,0.4492086265341033,0.500417811077837,0.632630713186894,0.48678597217983327,0.5283806059339115,0.975054689616478,sample,707,0.5282251612335469,0.45558819174324056,0.450139510609488,0.5036818826539395,0.6354003429529169,0.49090804886786804,0.5314984464280041,0.972873922350978,2.4945316927319126,2.329255419914996,1.6378196314554228,0.6548612565795277,5.278526621432491,1.5436104610058212,1.6697516146926061,3.0563735673269194
D_W,dw,918,918,0.01,0.02,1024,1024,1024,1024,0,1024,0.5299121754017847,0.4572619507807304,0.4492086265341033,0.500417811077837,0.632630713186894,0.48678597217983327,0.5283806059339115,0.975054689616478,sample,708,0.5280962166277998,0.4571006103037915,0.4482628717683871,0.500636125764032,0.6330929279127271,0.484832688916067,0.5278538548595197,0.9759479129963976,2.5228705088329013,2.360620774448424,1.6842658265185124,0.6461816844191679,5.292224073467325,1.5660168022164995,1.6583017925957202,3.066030793755773
D_W,dw,918,918,0.01,0.02,1024,1024,1024,1024,0,1024,0.5299121754017847,0.4572619507807304,0.4492086265341033,0.500417811077837,0.632630713186894,0.48678597217983327,0.5283806059339115,0.975054689616478,sample,709,0.5315879797183317,0.4575695436964129,0.4478714229823351,0.49968226962383283,0.6337050291093599,0.48795693315381405,0.5283013795010569,0.9723267704790513,2.5391125746012126,2.3488734902116417,1.6606255767366083,0.6475844294497601,5.352338116961957,1.5731726755396327,1.6597077327218739,3.054654639025676
D_W,dw,918,918,0.01,0.02,1024,1024,1024,1024,0,1024,0.5299121754017847,0.4572619507807304,0.4492086265341033,0.500417811077837,0.632630713186894,0.48678597217983327,0.5283806059339115,0.975054689616478,sample,710,0.5293341959728521,0.45776447060394515,0.4483160475095435,0.5000602876877442,0.6324250920688237,0.48726631065148496,0.5289639554129834,0.9753536744997975,2.5134765968200377,2.358724424291387,1.6666592606701505,0.6417439058412174,5.3194400120632315,1.5703410680320948,1.6617892763392275,3.064163938460374
D_W,dw,918,918,0.01,0.02,1024,1024,1024,1024,0,1024,0.5299121754017847,0.4572619507807304,0.4492086265341033,0.500417811077837,0.632630713186894,0.48678597217983327,0.5283806059339115,0.975054689616478,sample,711,0.5295125736511505,0.4585145833254675,0.44994296284960955,0.500761383348392,0.6313839007981598,0.4881251691249916,0.5294703642917213,0.9760583956595099,2.484821116276617,2.3477271125880304,1.6609326015397896,0.6363688367923657,5.330722617239469,1.5650012878235964,1.6633802067523833,3.066377885278556
D_W,dw,918,918,0.01,0.02,1024,1024,1024,1024,0,1024,0.5299121754017847,0.4572619507807304,0.4492086265341033,0.500417811077837,0.632630713186894,0.48678597217983327,0.5283806059339115,0.975054689616478,sample,712,0.5320350037396776,0.45495342248599235,0.44677813085653306,0.49917389832155423,0.6327095334085285,0.4864038425228813,0.5276821216241904,0.9736567369356344,2.557865214325805,2.3372643445467576,1.6728886550789253,0.6435326900286468,5.3305609526635935,1.5770211321062868,1.6577622767252322,3.0588328518751986
D_W,dw,918,918,0.01,0.02,1024,1024,1024,1024,0,1024,0.5299121754017847,0.4572619507807304,0.4492086265341033,0.500417811077837,0.632630713186894,0.48678597217983327,0.5283806059339115,0.975054689616478,sample,713,0.5316670916642374,0.4579193586196849,0.4462935661831532,0.49891124163101713,0.6314928724371157,0.48763575419111305,0.5272232517187757,0.9731708198802842,2.5455994418152903,2.365986263427652,1.6645472478808625,0.6371200935060762,5.357509548101136,1.5790761176973975,1.656320694401428,3.057306298423857
D_W,dw,918,918,0.01,0.02,1024,1024,1024,1024,0,1024,0.5299121754017847,0.4572619507807304,0.4492086265341033,0.500417811077837,0.632630713186894,0.48678597217983327,0.5283806059339115,0.975054689616478,sample,714,0.5306235269918225,0.45799626122325277,0.44942293124898813,0.5008331293005215,0.6336518112075537,0.48699173385006134,0.5290562547656452,0.9761328668604502,2.51899475790553,2.342497875646641,1.6678183698038456,0.647773847874838,5.342357617460168,1.5645628272101775,1.662079243307481,3.066611843456334
D_W,dw,918,918,0.01,0.02,1024,1024,1024,1024,0,1024,0.5299121754017847,0.4572619507807304,0.4492086265341033,0.500417811077837,0.632630713186894,0.48678597217983327,0.5283806059339115,0.975054689616478,sample,715,0.5303706255984548,0.45826500003980647,0.44775308673041764,0.50030211976784,0.6331591164943814,0.48201309159382316,0.5277356583167324,0.9773769191042093,2.557064394948199,2.3622713672701563,1.70506162077054,0.6481734433511391,5.341465705365857,1.5685274678734487,1.6579304672052197,3.0705201488460094
D_W,dw,918,918,0.01,0.02,1024,1024,1024,1024,0,1024,0.5299121754017847,0.4572619507807304,0.4492086265341033,0.500417811077837,0.632630713186894,0.48678597217983327,0.5283806059339115,0.975054689616478,sample,716,0.5281687425166878,0.4556308550110077,0.44945460985153296,0.5031490111188492,0.6341457841888273,0.48894463099105173,0.5299722355406628,0.9759939272717177,2.5021930047960694,2.3366987541300825,1.653001051057631,0.6494691867619606,5.2780560225218895,1.5473260932443442,1.6649568817811056,3.066175351865079
D_W,dw,918,918,0.01,0.02,1024,1024,1024,1024,0,1024,0.5299121754017847,0.4572619507807304,0.4492086265341033,0.500417811077837,0.632630713186894,0.48678597217983327,0.5283806059339115,0.975054689616478,sample,717,0.5303405705901787,0.45932763495954065,0.4488707480563819,0.4991337353564275,0.6337162902649625,0.48825326105258027,0.5276914474091855,0.9748680057944992,2.514971059656628,2.35999188303513,1.658417780588157,0.6475235450266624,5.353309157082132,1.577274613945237,1.6577915745428617,3.0626381652237304
D_W,dw,918,918,0.01,0.02,1024,1024,1024,1024,0,1024,0.5299121754017847,0.4572619507807304,0.4492086265341033,0.500417811077837,0.632630713186894,0.48678597217983327,0.5283806059339115,0.975054689616478,sample,718,0.5294362958341047,0.4566869247395744,0.44876007426940306,0.5009580531736137,0.6324389286474154,0.48640161431463325,0.5293930532943771,0.9749654401594993,2.514963468530822,2.3452969279041076,1.6731117622849934,0.6422395345668476,5.309303591952305,1.5635625287538628,1.663137327091085,3.062944264309022
D_W,dw,918,918,0.01,0.02,1024,1024,1024,1024,0,1024,0.5299121754017847,0.4572619507807304,0.4492086265341033,0.500417811077837,0.632630713186894,0.48678597217983327,0.5283806059339115,0.975054689616478,sample,719,0.5300756020368483,0.4568762383321257,0.45003314301224473,0.5008762871464014,0.6332589004866688,0.48630015997101655,0.5276715041533375,0.9749510197991103,2.5085952506637756,2.3307587360738427,1.6732404082998726,0.6462214499979938,5.321384861283566,1.5642205970471552,1.6577289209568011,3.062898961410762
D_W,dw,918,918,0.01,0.02,1024,1024,1024,1024,0,1024,0.5299121754017847,0.4572619507807304,0.4492086265341033,0.500417811077837,0.632630713186894,0.48678597217983327,0.5283806059339115,0.975054689616478,sample,720,0.5313028482331689,0.4570574815278386,0.44973839792225767,0.499425664800455,0.6317165946177772,0.4866845712972793,0.5296389375190309,0.9743274319317046,2.5063311415810583,2.328358540626068,1.6715446082114769,0.6386240874427824,5.3422798889396566,1.5751566851940377,1.663909795164891,3.0609399023476525
D_W,dw,918,918,0.01,0.02,1024,1024,1024,1024,0,1024,0.5299121754017847,0.4572619507807304,0.4492086265341033,0.500417811077837,0.632630713186894,0.48678597217983327,0.5283806059339115,0.975054689616478,sample,721,0.5295545241300839,0.4570350900901336,0.44814824763147226,0.5001863285364305,0.6325295902445013,0.4864237364606522,0.5289376094251356,0.9754855970414841,2.5222335642270854,2.353342327179853,1.6728796270783626,0.6426477027296011,5.314931504087832,1.5693903885940976,1.6617065079773532,3.0645783853481796
D_W,dw,918,918,0.01,0.02,1024,1024,1024,1024,0,1024,0.5299121754017847,0.4572619507807304,0.4492086265341033,0.500417811077837,0.632630713186894,0.48678597217983327,0.5283806059339115,0.975054689616478,sample,722,0.5306401363072086,0.4597752741552081,0.44738106705678776,0.5009130855620472,0.6310872428725606,0.4861054644316776,0.5278721598379722,0.9754772889097444,2.5324773932563356,2.3760947448869185,1.6763940614809785,0.6359012862043113,5.363351278249644,1.5638309594908992,1.6583592993815506,3.064552284582541
D_W,dw,918,918,0.01,0.02,1024,1024,1024,1024,0,1024,0.5299121754017847,0.4572619507807304,0.4492086265341033,0.500417811077837,0.632630713186894,0.48678597217983327,0.5283806059339115,0.975054689616478,sample,723,0.5296830088866387,0.4573330544179686,0.44801561147347074,0.5014938966446,0.6332863469297234,0.4868287532481577,0.5271136417024934,0.9747289340594287,2.5303550364205116,2.3562710445927477,1.6692895623922142,0.6461237821657035,5.3202171221552454,1.5595886215219181,1.6559763443795157,3.0622012584825113
D_W,dw,918,918,0.01,0.02,1024,1024,1024,1024,0,1024,0.5299121754017847,0.4572619507807304,0.4492086265341033,0.500417811077837,0.632630713186894,0.48678597217983327,0.5283806059339115,0.975054689616478,sample,724,0.5309009658847379,0.4569728975339921,0.4492833710700741,0.5020357887152198,0.6315502214695161,0.48649249959269797,0.5275589013351503,0.9750105684118539,2.5149107513104947,2.334431543023275,1.6731049955489077,0.6379891513077175,5.335208710607852,1.5553221892317595,1.6573751687704106,3.0630860388950882
D_W,dw,918,918,0.01,0.02,1024,1024,1024,1024,0,1024,0.5299121754017847,0.4572619507807304,0.4492086265341033,0.500417811077837,0.632630713186894,0.48678597217983327,0.5283806059339115,0.975054689616478,sample,725,0.5303112627518346,0.45818405516391597,0.4498730923201446,0.5011658036842238,0.6333496359458909,0.4857164054311315,0.5302304439010908,0.97428094730035,2.5156223230911463,2.3412658781127917,1.6774992870552001,0.6469613154213365,5.33961413267625,1.5620540908202893,1.6657680672693216,3.060793866571284
D_W,dw,918,918,0.01,0.02,1024,1024,1024,1024,0,1024,0.5299121754017847,0.4572619507807304,0.4492086265341033,0.500417811077837,0.632630713186894,0.48678597217983327,0.5283806059339115,0.975054689616478,sample,726,0.5301058436336349,0.45615523433084404,0.4493362390971611,0.5009932511966957,0.6327579140316423,0.4852185553808306,0.5289573394864102,0.9758593215904455,2.5201209810993785,2.3319141125096654,1.681677889815049,0.6443779490179582,5.314096356105171,1.5633147941720604,1.6617684917929085,3.065752475645663
D_W,dw,918,918,0.01,0.02,1024,1024,1024,1024,0,1024,0.5299121754017847,0.4572619507807304,0.4492086265341033,0.500417811077837,0.632630713186894,0.48678597217983327,0.5283806059339115,0.975054689616478,sample,727,0.5295983013418218,0.45700048779912605,0.4481352264016836,0.4998966518501391,0.6320820849434293,0.4858346602650856,0.5287769408404736,0.9748055993544428,2.5220293787267,2.352956893123837,1.6776344205587914,0.6407966334323979,5.315246770785542,1.571578780591065,1.6612017527321163,3.0624421096101124
D_W,dw,918,918,0.01,0.02,1024,1024,1024,1024,0,1024,0.5299121754017847,0.4572619507807304,0.4492086265341033,0.500417811077837,0.632630713186894,0.48678597217983327,0.5283806059339115,0.975054689616478,sample,728,0.5290195235572986,0.45704350696518525,0.4489778084667788,0.5011313223389702,0.6316657694317777,0.48660415620416975,0.5283608853306653,0.9737137943509209,2.503727271929951,2.3482434401440475,1.6721850020676374,0.6384366209636817,5.306520626200766,1.562204158127053,1.6598946757990172,3.0590121030318955
D_W,dw,918,918,0.01,0.02,1024,1024,1024,1024,0,1024,0.5299121754017847,0.4572619507807304,0.4492086265341033,0.500417811077837,0.632630713186894,0.48678597217983327,0.5283806059339115,0.975054689616478,sample,729,0.5299662930647661,0.4580589530796302,0.4471424044637771,0.5016326111058355,0.6345663472452946,0.48855443712769725,0.527520461820607,0.9745019247182193,2.543908779665183,2.368752807934001,1.6556410561868942,0.651517833739509,5.332771110387104,1.5586645342453052,1.6572544074739137,3.0614880876038715
D_W,dw,918,918,0.01,0.02,1024,1024,1024,1024,0,1024,0.5299121754017847,0.4572619507807304,0.4492086265341033,0.500417811077837,0.632630713186894,0.48678597217983327,0.5283806059339115,0.975054689616478,sample,730,0.5307867847233215,0.45806559120148527,0.4489345317915229,0.4994962120423075,0.6323481402685918,0.4865370425324088,0.5269629654413176,0.9754746195848276,2.5171441588998045,2.3469129391216614,1.6721707024772663,0.6417254089725712,5.345678571638543,1.574602844388896,1.6555029809443353,3.0645438986509927
D_W,dw,918,918,0.01,0.02,1024,1024,1024,1024,0,1024,0.5299121754017847,0.4572619507807304,0.4492086265341033,0.500417811077837,0.632630713186894,0.48678597217983327,0.5283806059339115,0.975054689616478,sample,731,0.5300317883782404,0.4565875711732165,0.44903801433419255,0.5003905341987235,0.6319483970429018,0.4873653410993518,0.5296355109439977,0.9747227688085154,2.5069288898149145,2.3385984667369857,1.6662594014057253,0.6394119993842318,5.3175758756499585,1.567836585963582,1.6638990302619399,3.0621818897755344
D_W,dw,918,918,0.01,0.02,1024,1024,1024,1024,0,1024,0.5299121754017847,0.4572619507807304,0.4492086265341033,0.500417811077837,0.632630713186894,0.48678597217983327,0.5283806059339115,0.975054689616478,sample,732,0.5294633495764499,0.4570320019124729,0.4492945953543828,0.49998545627605434,0.6330450760111981,0.486214701526306,0.5295090814769168,0.9755240578000213,2.5107398418303277,2.342636577491496,1.674041648257143,0.6452239459899484,5.313456077748675,1.5709056410538211,1.663501840376961,3.0646992133846513
D_W,dw,918,918,0.01,0.02,1024,1024,1024,1024,0,1024,0.5299121754017847,0.4572619507807304,0.4492086265341033,0.500417811077837,0.632630713186894,0.48678597217983327,0.5283806059339115,0.975054689616478,sample,733,0.5298301772133058,0.4579394567751253,0.44862832018151927,0.5019923950508353,0.630354083342158,0.48632837115684646,0.5289998404001629,0.9753071533418571,2.5082138908321605,2.3543183662010296,1.6752828785519918,0.6323291797735178,5.32927607881763,1.555513031710817,1.6619020123513248,3.064017787932352
D_W,dw,918,918,0.01,0.02,1024,1024,1024,1024,0,1024,0.5299121754017847,0.4572619507807304,0.4492086265341033,0.500417811077837,0.632630713186894,0.48678597217983327,0.5283806059339115,0.975054689616478,sample,734,0.5305242269469507,0.45713789942989747,0.45014431217645334,0.5014012849598845,0.6342007971183901,0.48596176999859364,0.5282138913737608,0.9738130522270124,2.518920519495995,2.329223596355641,1.6750177824718113,0.6509304259181639,5.331222569920955,1.5603550025529997,1.659432880663884,3.0593239308462357
D_W,dw,918,918,0.01,0.02,1024,1024,1024,1024,0,1024,0.5299121754017847,0.4572619507807304,0.4492086265341033,0.500417811077837,0.632630713186894,0.48678597217983327,0.5283806059339115,0.975054689616478,sample,735,0.530365644577592,0.45731388634617254,0.44925360761940714,0.500054901409439,0.6332568526206022,0.48676016285185736,0.5272505322548535,0.9753362790744093,2.516376449533417,2.340308335634234,1.6698270784648366,0.6459746913662762,5.330705498805493,1.5703843299237943,1.656406398733156,3.0641092891197688
D_W,dw,918,918,0.01,0.02,1024,1024,1024,1024,0,1024,0.5299121754017847,0.4572619507807304,0.4492086265341033,0.500417811077837,0.632630713186894,0.48678597217983327,0.5283806059339115,0.975054689616478,sample,736,0.5284244660079955,0.45567920952641905,0.447162843154651,0.5011613720975637,0.6308583603485717,0.4902251675296765,0.5267809609148361,0.9750721607889619,2.5027229267989983,2.357945234227039,1.6453527391620602,0.6330231418384745,5.282648544383144,1.5619215280917267,1.654931196861021,3.063279537054528
D_W,dw,918,918,0.01,0.02,1024,1024,1024,1024,0,1024,0.5299121754017847,0.4572619507807304,0.4492086265341033,0.500417811077837,0.632630713186894,0.48678597217983327,0.5283806059339115,0.975054689616478,sample,737,0.5304359595587139,0.4561412472291184,0.4502586145002574,0.5010929549440484,0.6321836623694675,0.4865442104159946,0.5288673785949524,0.9752971062824294,2.501418960966382,2.320879420852348,1.672239596086051,0.6409496525295465,5.3190457313325705,1.562528058099743,1.661485871317194,3.063986224164264
D_W,dw,918,918,0.01,0.02,1024,1024,1024,1024,0,1024,0.5299121754017847,0.4572619507807304,0.4492086265341033,0.500417811077837,0.632630713186894,0.48678597217983327,0.5283806059339115,0.975054689616478,sample,738,0.5278343391514918,0.45791368912262065,0.4519920198591722,0.4955739763956443,0.6319762381368923,0.4965363772387703,0.5315139344715284,0.9750821331283417,2.405007491147194,2.331317904466847,1.5970198587650424,0.6372091724678948,5.296710992112338,1.6043202813507003,1.6698002718163603,3.063310866082663
D_W,dw,918,918,0.01,0.02,1024,1024,1024,1024,0,1024,0.5299121754017847,0.4572619507807304,0.4492086265341033,0.500417811077837,0.632630713186894,0.48678597217983327,0.5283806059339115,0.975054689616478,sample,739,0.5285179151193706,0.4574528769039105,0.44976402972558566,0.4989832367134801,0.6324041533550303,0.48841271915420553,0.5282550770466501,0.9741780233080038,2.4821232530467223,2.346491828800511,1.6580858506470588,0.6411562884629108,5.302879699513928,1.5784754159702694,1.6595622692712662,3.060470521313051
D_W,dw,918,918,0.01,0.02,1024,1024,1024,1024,0,1024,0.5299121754017847,0.4572619507807304,0.4492086265341033,0.500417811077837,0.632630713186894,0.48678597217983327,0.5283806059339115,0.975054689616478,sample,740,0.5290893875394402,0.4584544636603825,0.4495235277443623,0.5006542293757653,0.6327252319311167,0.4864407768986973,0.5291051527259847,0.9745178363517466,2.50312761435202,2.353816616164141,1.672602004339548,0.64358529072196,5.323236287550479,1.5658671654913927,1.662232860780459,3.0615380754748673
D_W,dw,918,918,0.01,0.02,1024,1024,1024,1024,0,1024,0.5299121754017847,0.4572619507807304,0.4492086265341033,0.500417811077837,0.632630713186894,0.48678597217983327,0.5283806059339115,0.975054689616478,sample,741,0.5287470012524641,0.457317439165755,0.4485911885732932,0.4997868905657829,0.6328529981606232,0.4865750532726417,0.5270711437998433,0.9752508590549822,2.5115042600804656,2.3556912647500554,1.6715054731781174,0.6441260646152789,5.305112224378495,1.5724004249664203,1.6558428332807573,3.0638409342142667
D_W,dw,918,918,0.01,0.02,1024,1024,1024,1024,0,1024,0.5299121754017847,0.4572619507807304,0.4492086265341033,0.500417811077837,0.632630713186894,0.48678597217983327,0.5283806059339115,0.975054689616478,sample,742,0.5309594991561019,0.45730051264444954,0.4481760330115032,0.5030222584165519,0.6313797865026226,0.48632678040399346,0.526973375801126,0.9753048382786511,2.5311188683279893,2.3474136135944264,1.6744697608132992,0.6373447388720385,5.33973356561164,1.547796399966834,1.6555356860542307,3.0640105149467916
D_W,dw,918,918,0.01,0.02,1024,1024,1024,1024,0,1024,0.5299121754017847,0.4572619507807304,0.4492086265341033,0.500417811077837,0.632630713186894,0.48678597217983327,0.5283806059339115,0.975054689616478,sample,743,0.5301698577062302,0.4554399208863012,0.4512210507023691,0.4990109550171594,0.6323054942383559,0.4862807575815117,0.529372490744815,0.9744870850908888,2.4853655170227666,2.307166689786421,1.6741178598633253,0.6416602155824138,5.307552657426557,1.5782716517290203,1.6630727279364415,3.0614414675396677
D_W,dw,918,918,0.01,0.02,1024,1024,1024,1024,0,1024,0.5299121754017847,0.4572619507807304,0.4492086265341033,0.500417811077837,0.632630713186894,0.48678597217983327,0.5283806059339115,0.975054689616478,sample,744,0.5305110887247583,0.4553515651916926,0.44978905487616666,0.500424056380015,0.6328414240945883,0.4870033382584992,0.5296066440807574,0.9741501982657853,2.508996690493116,2.319133045973673,1.6683213672165589,0.6438684967213077,5.311861694020886,1.567604137743055,1.6638083423364518,3.0603831063648315
D_W,dw,918,918,0.01,0.02,1024,1024,1024,1024,0,1024,0.5299121754017847,0.4572619507807304,0.4492086265341033,0.500417811077837,0.632630713186894,0.48678597217983327,0.5283806059339115,0.975054689616478,sample,745,0.5294911506991318,0.45695103167697854,0.4498837393412411,0.499463812269477,0.630298224982356,0.48839574609294917,0.5291384608683594,0.9762094331511456,2.475248577358705,2.336005722598636,1.659620420511669,0.6310307274366835,5.313017955226902,1.5749113844178606,1.662337501395848,3.0668523835526953
D_W,dw,918,918,0.01,0.02,1024,1024,1024,1024,0,1024,0.5299121754017847,0.4572619507807304,0.4492086265341033,0.500417811077837,0.632630713186894,0.48678597217983327,0.5283806059339115,0.975054689616478,sample,746,0.5316590477666197,0.45745581312668027,0.4477464903734242,0.5012354344287121,0.63332870560873,0.48668668529611664,0.5287141318901354,0.9754254126305478,2.548003331575553,2.3488085255152393,1.670315511253947,0.6463821416497469,5.352132403930171,1.5615305121553342,1.6610044325951543,3.0643893104449216
D_W,dw,918,918,0.01,0.02,1024,1024,1024,1024,0,1024,0.5299121754017847,0.4572619507807304,0.4492086265341033,0.500417811077837,0.632630713186894,0.48678597217983327,0.5283806059339115,0.975054689616478,sample,747,0.5297544192970722,0.45676016351820387,0.44838992956043366,0.5000384728959787,0.6328779909125704,0.48746450151815346,0.5275119641248732,0.9737794482989925,2.5177842400427832,2.3477593084051733,1.664856356268977,0.6438280850376805,5.315100712891189,1.5705067912996697,1.6572277111754241,3.059218360992837
D_W,dw,918,918,0.01,0.02,1024,1024,1024,1024,0,1024,0.5299121754017847,0.4572619507807304,0.4492086265341033,0.500417811077837,0.632630713186894,0.48678597217983327,0.5283806059339115,0.975054689616478,sample,748,0.5305818187747842,0.4573194747345331,0.4488370633482905,0.49889463054081074,0.6340736006734187,0.48848917676813075,0.5286329481096445,0.9724346655709848,2.5181317128314955,2.343240371326038,1.6564379236198161,0.6491506377251804,5.334122072747888,1.5790406374573305,1.6607493862267733,3.054993601453853
D_W,dw,918,918,0.01,0.02,1024,1024,1024,1024,0,1024,0.5299121754017847,0.4572619507807304,0.4492086265341033,0.500417811077837,0.632630713186894,0.48678597217983327,0.5283806059339115,0.975054689616478,sample,749,0.531272509482262,0.45641515598087257,0.4449065943197467,0.4991507696516024,0.6329936736752121,0.48354835224795495,0.527074434317159,0.9762914433939102,2.5906676289952566,2.369529214504678,1.6938710796200518,0.6464429915591848,5.334769425377675,1.5771817343326184,1.6558531707457824,3.0671100263288835
D_W,dw,918,918,0.01,0.02,1024,1024,1024,1024,0,1024,0.5299121754017847,0.4572619507807304,0.4492086265341033,0.500417811077837,0.632630713186894,0.48678597217983327,0.5283806059339115,0.975054689616478,sample,750,0.5293886267997333,0.45622449130259257,0.4494415386617279,0.5011903752434306,0.6313731644098624,0.4868420080952208,0.5295644517600337,0.975123294419756,2.4981233893166603,2.3352154650571495,1.6706167278183641,0.6369195991255735,5.303625927096599,1.5617355519179819,1.6636757912516285,3.063440178093382
D_W,dw,918,918,0.01,0.02,1024,1024,1024,1024,0,1024,0.5299121754017847,0.4572619507807304,0.4492086265341033,0.500417811077837,0.632630713186894,0.48678597217983327,0.5283806059339115,0.975054689616478,sample,751,0.5315370139663206,0.45693504756405584,0.447452633536556,0.5013008787896922,0.6337434541768348,0.485202512497743,0.5268901990862811,0.9757615312659526,2.5606214031231,2.348356254736916,1.6809838132977422,0.6491240783109227,5.344473821502993,1.5610699609294083,1.6552743786979243,3.065445258280644
D_W,dw,918,918,0.01,0.02,1024,1024,1024,1024,0,1024,0.5299121754017847,0.4572619507807304,0.4492086265341033,0.500417811077837,0.632630713186894,0.48678597217983327,0.5283806059339115,0.975054689616478,sample,752,0.5291568769250691,0.4573320587042295,0.4477923369293825,0.4992492986762353,0.6333640831726082,0.4876656961973479,0.5279793523474685,0.9743957357455654,2.5216638662730086,2.361287255273805,1.6630184707254927,0.6460826086509641,5.311848660624346,1.57642522910013,1.658696054581904,3.0611544851074894
D_W,dw,918,918,0.01,0.02,1024,1024,1024,1024,0,1024,0.5299121754017847,0.4572619507807304,0.4492086265341033,0.500417811077837,0.632630713186894,0.48678597217983327,0.5283806059339115,0.975054689616478,sample,753,0.5305637733284124,0.45621822010336466,0.4499551215727702,0.5005534880520941,0.6318699567400152,0.48651900598039577,0.5287798586258398,0.9754040469435327,2.503044816316089,2.323821953809797,1.672670980182551,0.6394404287472842,5.321834227728942,1.5665991251304792,1.6612109192251876,3.0643221881595557
D_W,dw,918,918,0.01,0.02,1024,1024,1024,1024,0,1024,0.5299121754017847,0.4572619507807304,0.4492086265341033,0.500417811077837,0.632630713186894,0.48678597217983327,0.5283806059339115,0.975054689616478,sample,754,0.5303928349625542,0.45746356850008923,0.44752024380940364,0.4993601446033787,0.633919067741382,0.48697189142767455,0.5270934067765733,0.9741829662323889,2.5403557109870576,2.3581128137714162,1.667773506050833,0.6490611321178887,5.332788976371353,1.5755742164448425,1.6559127744848994,3.0604860499679862
D_W,dw,918,918,0.01,0.02,1024,1024,1024,1024,0,1024,0.5299121754017847,0.4572619507807304,0.4492086265341033,0.500417811077837,0.632630713186894,0.48678597217983327,0.5283806059339115,0.975054689616478,sample,755,0.5303978036458683,0.4584446552668313,0.4498773911368948,0.49997848096744596,0.6328876012401511,0.4874125461551021,0.527693826554829,0.9750452475893373,2.502956854970064,2.342771105368837,1.6652371063486209,0.6438978060704945,5.343945657435789,1.5709582608817876,1.6577990488493373,3.063194986744303
D_W,dw,918,918,0.01,0.02,1024,1024,1024,1024,0,1024,0.5299121754017847,0.4572619507807304,0.4492086265341033,0.500417811077837,0.632630713186894,0.48678597217983327,0.5283806059339115,0.975054689616478,sample,756,0.5306062929788226,0.4576298149878346,0.44846181503073723,0.5007542366771832,0.6331416778113462,0.4853455633488586,0.5293642429214914,0.975009067173765,2.5351875008194495,2.3491609475786093,1.6804197995788839,0.6461429414639585,5.337960935347885,1.5651314694670257,1.66304681663528,3.0630813226165374
D_W,dw,918,918,0.01,0.02,1024,1024,1024,1024,0,1024,0.5299121754017847,0.4572619507807304,0.4492086265341033,0.500417811077837,0.632630713186894,0.48678597217983327,0.5283806059339115,0.975054689616478,sample,757,0.5306987949132408,0.4555072275710631,0.44938233828063057,0.4963026231664093,0.6347538072847072,0.4891813529491196,0.5290893822140288,0.9745354527489926,2.5088626672440872,2.3233605449946664,1.6508790233515727,0.65236613974295,5.3163534117961,1.5982274582552807,1.662183316255955,3.061593419019038
D_W,dw,918,918,0.01,0.02,1024,1024,1024,1024,0,1024,0.5299121754017847,0.4572619507807304,0.4492086265341033,0.500417811077837,0.632630713186894,0.48678597217983327,0.5283806059339115,0.975054689616478,sample,758,0.5303868314198962,0.45676570842448877,0.44794174839797657,0.50262271415813,0.6303865345612754,0.4868351603474236,0.5289747041336353,0.9751091793863673,2.5209813347127015,2.3486976116596,1.6714028765905498,0.632288145297674,5.325019092181123,1.5506841232802746,1.661823044441063,3.0633958344081833
D_W,dw,918,918,0.01,0.02,1024,1024,1024,1024,0,1024,0.5299121754017847,0.4572619507807304,0.4492086265341033,0.500417811077837,0.632630713186894,0.48678597217983327,0.5283806059339115,0.975054689616478,sample,759,0.5316182937983506,0.4576496100370386,0.4501470429275888,0.5026323684091065,0.6318957567275011,0.48849870663198297,0.5290320546492344,0.9727029296083191,2.5037408903025944,2.327007747004952,1.6577589558410895,0.638784534196833,5.353702843444106,1.5508410299003925,1.6620032163995488,3.055836377782765
D_W,dw,918,918,0.01,0.02,1024,1024,1024,1024,0,1024,0.5299121754017847,0.4572619507807304,0.4492086265341033,0.500417811077837,0.632630713186894,0.48678597217983327,0.5283806059339115,0.975054689616478,sample,760,0.529368219382544,0.45475896329248644,0.44692488677368913,0.49523256313613195,0.6316124856896391,0.4837894792406095,0.5255620412907117,0.9787127010035541,2.5361997201047006,2.3481368010355657,1.6932681345237166,0.64008833518519,5.288166435609426,1.6070037832442037,1.6511018479245554,3.074716631447789
D_W,dw,918,918,0.01,0.02,1024,1024,1024,1024,0,1024,0.5299121754017847,0.4572619507807304,0.4492086265341033,0.500417811077837,0.632630713186894,0.48678597217983327,0.5283806059339115,0.975054689616478,sample,761,0.5307714562661974,0.4567601260648924,0.44982515015853114,0.49950310960445504,0.6326537016427481,0.4867200705536844,0.5283707404539548,0.9757208589384134,2.507491416672694,2.328147452769021,1.670572950154715,0.6431031560111768,5.330887948779397,1.574542080328253,1.6599256365819437,3.0653174823952423
D_W,dw,918,918,0.01,0.02,1024,1024,1024,1024,0,1024,0.5299121754017847,0.4572619507807304,0.4492086265341033,0.500417811077837,0.632630713186894,0.48678597217983327,0.5283806059339115,0.975054689616478,sample,762,0.528985846493085,0.4585251807208602,0.44851968605338216,0.4997791623485845,0.6324213238263438,0.48717434956308453,0.5284474374618482,0.9755310632292326,2.5081116952396445,2.3648199743398806,1.667349898319974,0.6417692434918899,5.322361653104922,1.5724640147495579,1.6601665873384939,3.064721221589597
D_W,dw,918,918,0.01,0.02,1024,1024,1024,1024,0,1024,0.5299121754017847,0.4572619507807304,0.4492086265341033,0.500417811077837,0.632630713186894,0.48678597217983327,0.5283806059339115,0.975054689616478,sample,763,0.5293563279830535,0.4574223881267764,0.44842957665222594,0.5011672185457666,0.6327374020638077,0.4868318199709464,0.5291744886424544,0.9745271958779799,2.5186021493322466,2.3547754763227604,1.6696737376669455,0.6434716341404326,5.316018258521329,1.562003112191409,1.6624506859862702,3.061567479293723
D_W,dw,918,918,0.01,0.02,1024,1024,1024,1024,0,1024,0.5299121754017847,0.4572619507807304,0.4492086265341033,0.500417811077837,0.632630713186894,0.48678597217983327,0.5283806059339115,0.975054689616478,sample,764,0.5295733637717768,0.45751702245331194,0.44921091960192533,0.4997455668624993,0.6324734186409953,0.4868018490052543,0.5292478955969236,0.9760552289656628,2.5055442476200707,2.3466999001061515,1.6700971339958137,0.6421953084912639,5.320507967188818,1.5727169598340158,1.662681300735153,3.0663679368164294
D_W,dw,918,918,0.01,0.02,1024,1024,1024,1024,0,1024,0.5299121754017847,0.4572619507807304,0.4492086265341033,0.500417811077837,0.632630713186894,0.48678597217983327,0.5283806059339115,0.975054689616478,sample,765,0.5301227834413609,0.4574909718706045,0.45057567888616584,0.5001853413423089,0.6335746890109557,0.4881086476407332,0.528719139478102,0.9761332475803941,2.494276525497301,2.3298464970887935,1.6595861683653497,0.646891725418359,5.328877344802147,1.5694087793131393,1.6610201643967224,3.066613039523313
D_W,dw,918,918,0.01,0.02,1024,1024,1024,1024,0,1024,0.5299121754017847,0.4572619507807304,0.4492086265341033,0.500417811077837,0.632630713186894,0.48678597217983327,0.5283806059339115,0.975054689616478,sample,766,0.5292416256122231,0.45700003322885757,0.4479718698426903,0.5003121302348732,0.6319718603439901,0.4854278406111092,0.5274097091876195,0.9743692760184821,2.5237877373975977,2.356458445013305,1.6807692099335334,0.6404819466957593,5.309591848653434,1.5684312040175048,1.6569064678157548,3.0610713594232686
D_W,dw,918,918,0.01,0.02,1024,1024,1024,1024,0,1024,0.5299121754017847,0.4572619507807304,0.4492086265341033,0.500417811077837,0.632630713186894,0.48678597217983327,0.5283806059339115,0.975054689616478,sample,767,0.5308901459478144,0.45843541048920966,0.4488253387880002,0.5005339545185915,0.6295987017475748,0.4880195306808894,0.5270293438080697,0.9761050439492468,2.497352178222774,2.3502545012863196,1.6629763810289975,0.627834148530459,5.351513683291475,1.5666762894014095,1.655711514733681,3.0665244352028957
D_W,dw,918,918,0.01,0.02,1024,1024,1024,1024,0,1024,0.5299121754017847,0.4572619507807304,0.4492086265341033,0.500417811077837,0.632630713186894,0.48678597217983327,0.5283806059339115,0.975054689616478,sample,768,0.530449032442784,0.45735201235581113,0.4497042066983024,0.5004585903221672,0.6320928250953844,0.48739096089888995,0.527596096994451,0.9744277370319099,2.501950694688018,2.3356863244234507,1.6659633025879608,0.6400948203712328,5.332423925151872,1.5673246130254117,1.657492022380415,3.061255020113575
D_W,dw,918,918,0.01,0.02,1024,1024,1024,1024,0,1024,0.5299121754017847,0.4572619507807304,0.4492086265341033,0.500417811077837,0.632630713186894,0.48678597217983327,0.5283806059339115,0.975054689616478,sample,769,0.529906959637231,0.45667789711482504,0.4492216606588443,0.5000647528483309,0.6320928641453288,0.48676568553114247,0.5293215840436986,0.9755545514722415,2.5065917999223575,2.3381716195199074,1.6706525610490506,0.6403849144238275,5.316601932496164,1.570306119821469,1.6629127998181956,3.0647950120812792
D_W,dw,918,918,0.01,0.02,1024,1024,1024,1024,0,1024,0.5299121754017847,0.4572619507807304,0.4492086265341033,0.500417811077837,0.632630713186894,0.48678597217983327,0.5283806059339115,0.975054689616478,sample,770,0.5303587018890167,0.457814045738097,0.4489992043427388,0.4995109001989751,0.6341386234816819,0.4863076370838888,0.5287629921745782,0.9767028932461448,2.5258650353555634,2.3467430549461934,1.6725195403758253,0.6504297778870778,5.336174928758431,1.5744425371169146,1.6611579317058123,3.0684026341619846
D_W,dw,918,918,0.01,0.02,1024,1024,1024,1024,0,1024,0.5299121754017847,0.4572619507807304,0.4492086265341033,0.500417811077837,0.632630713186894,0.48678597217983327,0.5283806059339115,0.975054689616478,sample,771,0.5312932654079626,0.4581785896347069,0.4487860891244989,0.49752148899149956,0.6306529964729809,0.48629248947827636,0.5291026235758859,0.9742372618290608,2.508858617710292,2.346342335536699,1.6753106323897904,0.6338210074076516,5.354775204505747,1.5897642328322752,1.6622249152210888,3.0606566246156133
D_W,dw,918,918,0.01,0.02,1024,1024,1024,1024,0,1024,0.5299121754017847,0.4572619507807304,0.4492086265341033,0.500417811077837,0.632630713186894,0.48678597217983327,0.5283806059339115,0.975054689616478,sample,772,0.529245643478367,0.4577275194856933,0.44906702496722933,0.5048039573045958,0.633357416450856,0.4887392200414031,0.5297440251684598,0.9732411950882994,2.5133123331514584,2.351601387003594,1.654982738137434,0.6459998815799398,5.317615023954887,1.5347887235685473,1.6642399377523196,3.0575273886603522
D_W,dw,918,918,0.01,0.02,1024,1024,1024,1024,0,1024,0.5299121754017847,0.4572619507807304,0.4492086265341033,0.500417811077837,0.632630713186894,0.48678597217983327,0.5283806059339115,0.975054689616478,sample,773,0.5300103092356441,0.4570236953600695,0.44913664567783934,0.5003249421779254,0.6325845805857853,0.48691333657170044,0.5292243261631333,0.9759302545591829,2.5111612414540954,2.341149036069393,1.6691816147572829,0.6426765860332173,5.321972400893306,1.568345502378537,1.662607255175108,3.0659753181391456
D_W,dw,918,918,0.01,0.02,1024,1024,1024,1024,0,1024,0.5299121754017847,0.4572619507807304,0.4492086265341033,0.500417811077837,0.632630713186894,0.48678597217983327,0.5283806059339115,0.975054689616478,sample,774,0.5288952987912815,0.4575029655039761,0.44994759745279206,0.5003671457734148,0.6305605551938163,0.487522528031222,0.5293882702882842,0.9738444173949684,2.4775340085759057,2.3430090807018416,1.6660750495258456,0.6326751951004855,5.309522439027274,1.56798426150375,1.6631223008342813,3.059422467427465
D_W,dw,918,918,0.01,0.02,1024,1024,1024,1024,0,1024,0.5299121754017847,0.4572619507807304,0.4492086265341033,0.500417811077837,0.632630713186894,0.48678597217983327,0.5283806059339115,0.975054689616478,sample,775,0.529474381522914,0.4557571057258091,0.4486948949751759,0.5008642164958365,0.6324563568892052,0.4861289979507657,0.5268240665370613,0.9770001450634977,2.517889502791051,2.3384236806638787,1.6751351121071414,0.6424556975657973,5.30006476416937,1.5642718816619394,1.655066617167132,3.0693364782876467
D_W,dw,918,918,0.01,0.02,1024,1024,1024,1024,0,1024,0.5299121754017847,0.4572619507807304,0.4492086265341033,0.500417811077837,0.632630713186894,0.48678597217983327,0.5283806059339115,0.975054689616478,sample,776,0.5306717501849437,0.45622894682190623,0.4492441280466794,0.5007439425207711,0.6325836135578183,0.4873314208866934,0.5277138224283296,0.9750467993106364,2.513975852340439,2.3303674243626866,1.666057240326215,0.642485086900697,5.323605630403292,1.5651852660207775,1.657861867738629,3.0631998616205367
D_W,dw,918,918,0.01,0.02,1024,1024,1024,1024,0,1024,0.5299121754017847,0.4572619507807304,0.4492086265341033,0.500417811077837,0.632630713186894,0.48678597217983327,0.5283806059339115,0.975054689616478,sample,777,0.5261873003042796,0.4542192596890608,0.4506290663670675,0.49872027624343346,0.6286845238913903,0.488818926836368,0.5283235654648477,0.97488768274094,2.433060004368863,2.3231994269624843,1.6574618711257587,0.6231228209827175,5.231977555849061,1.580740658356653,1.6597774319827316,3.062699982174114
D_W,dw,918,918,0.01,0.02,1024,1024,1024,1024,0,1024,0.5299121754017847,0.4572619507807304,0.4492086265341033,0.500417811077837,0.632630713186894,0.48678597217983327,0.5283806059339115,0.975054689616478,sample,778,0.5283226200744494,0.45661783770968667,0.44869346428629897,0.5007476553953937,0.6347087952617131,0.48764944600587823,0.5293423643100559,0.9761645462424814,2.516517168943566,2.3513207383503922,1.6622226753529703,0.6525489618919613,5.290774407622827,1.56524622357344,1.6629780829503233,3.0667113671701935
D_W,dw,918,918,0.01,0.02,1024,1024,1024,1024,0,1024,0.5299121754017847,0.4572619507807304,0.4492086265341033,0.500417811077837,0.632630713186894,0.48678597217983327,0.5283806059339115,0.975054689616478,sample,779,0.529002596997801,0.453929588115264,0.4488126000307696,0.4973061160050536,0.6341062102502176,0.4928360512593598,0.5282251138900023,0.9744457643356662,2.4875353876541793,2.325417816132339,1.6241548175729041,0.6479595220286899,5.274237493074622,1.5908813156741626,1.659468137238463,3.0613116545586196
D_W,dw,918,918,0.01,0.02,1024,1024,1024,1024,0,1024,0.5299121754017847,0.4572619507807304,0.4492086265341033,0.500417811077837,0.632630713186894,0.48678597217983327,0.5283806059339115,0.975054689616478,sample,780,0.5303199645117727,0.4553316152068811,0.44968597554768386,0.5009948628512862,0.632326503098239,0.4872724254146979,0.5283620210200222,0.9749891531156725,2.5058252033808945,2.320996572591782,1.666681776156949,0.6412855801380077,5.308730280701972,1.5632782250987731,1.6598982436723575,3.0630187607579304
D_W,dw,918,918,0.01,0.02,1024,1024,1024,1024,0,1024,0.5299121754017847,0.4572619507807304,0.4492086265341033,0.500417811077837,0.632630713186894,0.48678597217983327,0.5283806059339115,0.975054689616478,sample,781,0.5310780715701623,0.4569221008466916,0.44898020466511407,0.5006402914025407,0.6304750704169659,0.48580275991062244,0.5282041080715206,0.9758386030485766,2.5133460927870646,2.336046210457267,1.6791805100658626,0.633113360718503,5.337359019892985,1.56588898119512,1.6594021455134385,3.0656873864267347
D_W,dw,918,918,0.01,0.02,1024,1024,1024,1024,0,1024,0.5299121754017847,0.4572619507807304,0.4492086265341033,0.500417811077837,0.632630713186894,0.48678597217983327,0.5283806059339115,0.975054689616478,sample,782,0.5313882619256292,0.4589777201661464,0.4476736296129512,0.5000133298492723,0.6339754156257318,0.48806629698364645,0.5291188563195028,0.9753517408805077,2.5418383993349742,2.362668711105601,1.6596356937247665,0.6488346530195276,5.365516783487751,1.570696832054268,1.6622759118891834,3.0641578638162184
D_W,dw,918,918,0.01,0.02,1024,1024,1024,1024,0,1024,0.5299121754017847,0.4572619507807304,0.4492086265341033,0.500417811077837,0.632630713186894,0.48678597217983327,0.5283806059339115,0.975054689616478,sample,783,0.5308245945303206,0.4581435545490731,0.44811391645294957,0.5008488838804752,0.6327429661367956,0.4877525016584094,0.5286205106563631,0.9763402399737253,2.5277591590109405,2.355272032754574,1.6627987384966538,0.6430635143264062,5.347152481498418,1.5644014696233788,1.6607103128149152,3.067263325305551
D_W,dw,918,918,0.01,0.02,1024,1024,1024,1024,0,1024,0.5299121754017847,0.4572619507807304,0.4492086265341033,0.500417811077837,0.632630713186894,0.48678597217983327,0.5283806059339115,0.975054689616478,sample,784,0.5315032444524884,0.45781534511041355,0.44912765823435635,0.49893242324279785,0.6327712677058288,0.48459890415452134,0.5271367485421949,0.9754941602772411,2.5301815056543546,2.3390265139044844,1.6862737302942337,0.6447822995534098,5.353835048410389,1.5788368747923935,1.6560489366573696,3.064605287546725
D_W,dw,918,918,0.01,0.02,1024,1024,1024,1024,0,1024,0.5299121754017847,0.4572619507807304,0.4492086265341033,0.500417811077837,0.632630713186894,0.48678597217983327,0.5283806059339115,0.975054689616478,sample,785,0.5285426999083568,0.45684919981270083,0.4482627710108685,0.4996835182942202,0.6336055192885969,0.4871636056500016,0.5276122948070467,0.9747423531086701,2.5164457905692723,2.3562004292587004,1.666578892575237,0.6474611102118885,5.2967810678780705,1.5731650995486688,1.6575429093094702,3.062243415669026
D_W,dw,918,918,0.01,0.02,1024,1024,1024,1024,0,1024,0.5299121754017847,0.4572619507807304,0.4492086265341033,0.500417811077837,0.632630713186894,0.48678597217983327,0.5283806059339115,0.975054689616478,sample,786,0.5309244471835433,0.45603982621562433,0.4506284130600583,0.5010984704901279,0.6334306865358413,0.4858666102032778,0.5287636909472395,0.9729279065220622,2.511246370696892,2.313782287930353,1.6763223650429158,0.6472705936648966,5.325436718286715,1.5625639950606103,1.6611601269648715,3.0565431636022073
D_W,dw,918,918,0.01,0.02,1024,1024,1024,1024,0,1024,0.5299121754017847,0.4572619507807304,0.4492086265341033,0.500417811077837,0.632630713186894,0.48678597217983327,0.5283806059339115,0.975054689616478,sample,787,0.5295941465815653,0.4582567197659199,0.4494691630745702,0.5000343122040989,0.6313599947246803,0.4850178659645436,0.526670863908556,0.9761064927214059,2.5038489306424276,2.3499149854520307,1.684359606285631,0.637767647609709,5.329100388966862,1.5705351193900818,1.6545853169149092,3.0665289866548675
D_W,dw,918,918,0.01,0.02,1024,1024,1024,1024,0,1024,0.5299121754017847,0.4572619507807304,0.4492086265341033,0.500417811077837,0.632630713186894,0.48678597217983327,0.5283806059339115,0.975054689616478,sample,788,0.529643859394532,0.45741341791545437,0.44969670369765363,0.5012770005631904,0.6319830677942703,0.4868068260007757,0.5274081062993379,0.9748057612182183,2.50008931950873,2.340687500287278,1.6704218421777786,0.6398677212301281,5.320482250888649,1.5611211408946188,1.6569014321937046,3.0624426181201607
D_W,dw,918,918,0.01,0.02,1024,1024,1024,1024,0,1024,0.5299121754017847,0.4572619507807304,0.4492086265341033,0.500417811077837,0.632630713186894,0.48678597217983327,0.5283806059339115,0.975054689616478,sample,789,0.5272510853738896,0.45682260218067955,0.44877767281092634,0.4999479158877474,0.6336779191458329,0.4830799373871768,0.5274330545229047,0.978910182118313,2.521577855404999,2.3578020857781574,1.6967001595032758,0.6499857774899455,5.27539309542311,1.5711859506755632,1.6569798093495822,3.075337036667139
D_W,dw,918,918,0.01,0.02,1024,1024,1024,1024,0,1024,0.5299121754017847,0.4572619507807304,0.4492086265341033,0.500417811077837,0.632630713186894,0.48678597217983327,0.5283806059339115,0.975054689616478,sample,790,0.5308376012421085,0.4553204675612283,0.44785218394875836,0.4997605386124675,0.6300795543591947,0.48733085229036627,0.5271009904759834,0.9734541104927243,2.5161293807426457,2.3360868022836736,1.6678853252659067,0.6304530233779044,5.3165042235402105,1.5726372088475202,1.6559365993792527,3.0581962821307296
D_W,dw,918,918,0.01,0.02,1024,1024,1024,1024,0,1024,0.5299121754017847,0.4572619507807304,0.4492086265341033,0.500417811077837,0.632630713186894,0.48678597217983327,0.5283806059339115,0.975054689616478,sample,791,0.5302055264617682,0.45861732621856355,0.4523960976169863,0.49966015609693265,0.6350097610982947,0.4863259794177166,0.5304041679932973,0.9752091533976757,2.488239349214366,2.3194854095632196,1.6717335279250864,0.6545992738098766,5.342906431193191,1.5733135017201236,1.6663138376011493,3.0637099120276594
D_W,dw,918,918,0.01,0.02,1024,1024,1024,1024,0,1024,0.5299121754017847,0.4572619507807304,0.4492086265341033,0.500417811077837,0.632630713186894,0.48678597217983327,0.5283806059339115,0.975054689616478,sample,792,0.530734052469785,0.45935665760383126,0.4481690498425484,0.4997034213370281,0.6343661061697404,0.48552993949403095,0.5270078774630742,0.9776285960560247,2.544169754067013,2.364711431837215,1.6780739259254511,0.6519097486791388,5.359839359625745,1.573003566327183,1.6556440762219438,3.0713108153089106
D_W,dw,918,918,0.01,0.02,1024,1024,1024,1024,0,1024,0.5299121754017847,0.4572619507807304,0.4492086265341033,0.500417811077837,0.632630713186894,0.48678597217983327,0.5283806059339115,0.975054689616478,sample,793,0.5313965166582291,0.4578746028251188,0.45252436825808284,0.4969370846590269,0.6296063800201942,0.4865739312188669,0.5293104041630778,0.9716348010171082,2.453756084505704,2.3056164625432896,1.6739906467214352,0.6287195946281618,5.352882288789289,1.5944243713909199,1.6628776771873697,3.0524807528475275
D_W,dw,918,918,0.01,0.02,1024,1024,1024,1024,0,1024,0.5299121754017847,0.4572619507807304,0.4492086265341033,0.500417811077837,0.632630713186894,0.48678597217983327,0.5283806059339115,0.975054689616478,sample,794,0.5297625700041763,0.45562662986404334,0.44942720349168336,0.5010907369522608,0.6327477037992163,0.4866730936849754,0.5275393706971079,0.9743488828762407,2.510458848701851,2.3287253847810088,1.670850465207445,0.6435939909491828,5.303199690114549,1.562579895355334,1.6573138114614168,3.0610072924774197
D_W,dw,918,918,0.01,0.02,1024,1024,1024,1024,0,1024,0.5299121754017847,0.4572619507807304,0.4492086265341033,0.500417811077837,0.632630713186894,0.48678597217983327,0.5283806059339115,0.975054689616478,sample,795,0.5318614020755565,0.4567570236412656,0.44911721042771563,0.49875443437173084,0.6328410728874582,0.48697623195732276,0.5282200084784348,0.9746334068903548,2.5226375866922086,2.329141019913799,1.6685199607944066,0.6439043397295372,5.347388082861129,1.5801724113247664,1.659452098114989,3.0619011510299305
D_W,dw,918,918,0.01,0.02,1024,1024,1024,1024,0,1024,0.5299121754017847,0.4572619507807304,0.4492086265341033,0.500417811077837,0.632630713186894,0.48678597217983327,0.5283806059339115,0.975054689616478,sample,796,0.5304386677199463,0.4571342757854598,0.44863068094063857,0.5008455864099909,0.631371215108441,0.4875902545991291,0.5269465666056211,0.9750339701430601,2.511000262691232,2.3446090804452187,1.6649781080473962,0.636547843126888,5.329856964301636,1.5643597970572511,1.6554514624825838,3.0631595576019275
D_W,dw,918,918,0.01,0.02,1024,1024,1024,1024,0,1024,0.5299121754017847,0.4572619507807304,0.4492086265341033,0.500417811077837,0.632630713186894,0.48678597217983327,0.5283806059339115,0.975054689616478,sample,797,0.5295677705021773,0.4578794861694182,0.44792922862294005,0.5006096675224729,0.6331088818092151,0.4866276859695676,0.5286697690520427,0.97452386963738,2.528355337549953,2.362069379214834,1.6709208168526986,0.6453346168375423,5.32444276218157,1.566216142129831,1.6608650626289099,3.0615570296006904
D_W,dw,918,918,0.01,0.02,1024,1024,1024,1024,0,1024,0.5299121754017847,0.4572619507807304,0.4492086265341033,0.500417811077837,0.632630713186894,0.48678597217983327,0.5283806059339115,0.975054689616478,sample,798,0.5304325936640097,0.4575480476499662,0.45035677479622815,0.49990785946187405,0.6323064625535989,0.4856577841631738,0.5286621003958769,0.9762984802658109,2.501518420779513,2.330776904470838,1.6787761414389841,0.6419641852773429,5.334348565634721,1.5714927441992441,1.6608409708350365,3.067132133313951
D_W,dw,918,918,0.01,0.02,1024,1024,1024,1024,0,1024,0.5299121754017847,0.4572619507807304,0.4492086265341033,0.500417811077837,0.632630713186894,0.48678597217983327,0.5283806059339115,0.975054689616478,sample,799,0.5296122961180377,0.4574426311089426,0.44961293787434287,0.5000303920573084,0.6326877418720294,0.48694798022425473,0.527400004614011,0.9747354733590601,2.502034948576574,2.3419238229761814,1.6688473227244878,0.643153538943575,5.320304501636742,1.570567277326211,1.6568759799986001,3.062221802298193
D_W,dw,918,918,0.01,0.02,1024,1024,1024,1024,0,1024,0.5299121754017847,0.4572619507807304,0.4492086265341033,0.500417811077837,0.632630713186894,0.48678597217983327,0.5283806059339115,0.975054689616478,sample,800,0.5288136877925175,0.45571606040896245,0.4488408786702649,0.5002017642316507,0.6326895522876914,0.48836788728684555,0.5283603126061784,0.9774195644399191,2.501372031378917,2.340102357127743,1.6582368089448996,0.6425286031626938,5.28922644101797,1.569275754355924,1.6598928765319767,3.070654123119385
D_W,dw,918,918,0.01,0.02,1024,1024,1024,1024,0,1024,0.5299121754017847,0.4572619507807304,0.4492086265341033,0.500417811077837,0.632630713186894,0.48678597217983327,0.5283806059339115,0.975054689616478,sample,801,0.5293311552587284,0.4579897718949746,0.44909444210715505,0.5006588574861824,0.63363651901593,0.48633986109263827,0.5277224466183692,0.9745538217443328,2.516613805370494,2.3529547690185515,1.6726599051440967,0.6480079635586987,5.321899692100983,1.5658661463860308,1.6578889614307004,3.0616511269198528
D_W,dw,918,918,0.01,0.02,1024,1024,1024,1024,0,1024,0.5299121754017847,0.4572619507807304,0.4492086265341033,0.500417811077837,0.632630713186894,0.48678597217983327,0.5283806059339115,0.975054689616478,sample,802,0.5294430654922853,0.4580475342081606,0.4490453091310258,0.49929148496228604,0.6338986771274513,0.4846619126108626,0.5288732259554859,0.9766353733959784,2.524526260165903,2.3532726556062533,1.6848475768400615,0.6501385777822881,5.324335152788132,1.5760877041289187,1.6615042413420893,3.06819051429673
D_W,dw,918,918,0.01,0.02,1024,1024,1024,1024,0,1024,0.5299121754017847,0.4572619507807304,0.4492086265341033,0.500417811077837,0.632630713186894,0.48678597217983327,0.5283806059339115,0.975054689616478,sample,803,0.529674135688359,0.4580538505558462,0.4488228925771096,0.5003548913907279,0.6330482626516047,0.4873767076112799,0.5278839745931939,0.9740761454464303,2.513308856484799,2.354203903084353,1.665390376115004,0.6446879321648892,5.328086855343237,1.5681289447338371,1.658396416529759,3.0601504625715683
D_W,dw,918,918,0.01,0.02,1024,1024,1024,1024,0,1024,0.5299121754017847,0.4572619507807304,0.4492086265341033,0.500417811077837,0.632630713186894,0.48678597217983327,0.5283806059339115,0.975054689616478,sample,804,0.5316857797839573,0.45510516431443954,0.4467960924443853,0.5021763072809073,0.6317365470191065,0.4861575680110655,0.5284480830523591,0.9734303644049697,2.5568584635423837,2.340048694947587,1.6754745959959814,0.6390607291575211,5.32698216757044,1.5542776812098633,1.6601686155209003,3.058121681595888
D_W,dw,918,918,0.01,0.02,1024,1024,1024,1024,0,1024,0.5299121754017847,0.4572619507807304,0.4492086265341033,0.500417811077837,0.632630713186894,0.48678597217983327,0.5283806059339115,0.975054689616478,sample,805,0.530174046553077,0.4572932168352623,0.4503658934779683,0.5004815346474119,0.6315679433889064,0.4871835212003911,0.5277118970364725,0.9751011514332826,2.489386608078494,2.3301338491335484,1.6679026781680537,0.6376710260488284,5.3274906711138,1.567136373732522,1.6578558189417152,3.0633706138497487
D_W,dw,918,918,0.01,0.02,1024,1024,1024,1024,0,1024,0.5299121754017847,0.4572619507807304,0.4492086265341033,0.500417811077837,0.632630713186894,0.48678597217983327,0.5283806059339115,0.975054689616478,sample,806,0.5296316898021947,0.45836240693039276,0.4494122771930527,0.500396831289988,0.6323194532806558,0.48741195416116184,0.5270633028920896,0.9763768989348338,2.5007493234759464,2.3511073702685787,1.6656442012052786,0.6411725362105942,5.330895749548766,1.5677972961125304,1.6558182003425606,3.0673784928284578
D_W,dw,918,918,0.01,0.02,1024,1024,1024,1024,0,1024,0.5299121754017847,0.4572619507807304,0.4492086265341033,0.500417811077837,0.632630713186894,0.48678597217983327,0.5283806059339115,0.975054689616478,sample,807,0.5304628528782791,0.45607941252086576,0.44942952067515785,0.5012948407613705,0.6325773839787978,0.48589808502777804,0.5285504011087997,0.975776558843029,2.5179432934796537,2.3285104935846617,1.6767602893025517,0.6431700074941598,5.318799542790655,1.561029958247692,1.6604900571753436,3.0654924688063887
D_W,dw,918,918,0.01,0.02,1024,1024,1024,1024,0,1024,0.5299121754017847,0.4572619507807304,0.4492086265341033,0.500417811077837,0.632630713186894,0.48678597217983327,0.5283806059339115,0.975054689616478,sample,808,0.5290211467429636,0.4564915333003243,0.44781680102937543,0.4990265716772253,0.6329977481866468,0.4858071424638246,0.5278913127445538,0.9744138765954278,2.5266952807880365,2.3550835776139705,1.6771061740883333,0.6452195979800329,5.30063821593858,1.5781153299698443,1.6584194700121622,3.0612114762681473
D_W,dw,918,918,0.01,0.02,1024,1024,1024,1024,0,1024,0.5299121754017847,0.4572619507807304,0.4492086265341033,0.500417811077837,0.632630713186894,0.48678597217983327,0.5283806059339115,0.975054689616478,sample,809,0.5292481899660472,0.454939899121303,0.4499979501483645,0.49928411747105317,0.6303850818575085,0.4867565270245352,0.528527382045823,0.9759299590442824,2.481473395702298,2.3203618393612397,1.6720196518986494,0.6322022365282848,5.288126231709999,1.5762867964502143,1.6604177406562033,3.0659743897517053
D_W,dw,918,918,0.01,0.02,1024,1024,1024,1024,0,1024,0.5299121754017847,0.4572619507807304,0.4492086265341033,0.500417811077837,0.632630713186894,0.48678597217983327,0.5283806059339115,0.975054689616478,sample,810,0.5300920122625666,0.4566596706774364,0.44907848169254044,0.4999971105784173,0.6322197990926507,0.4841625312446384,0.5275357285528843,0.9733270744941993,2.5223659459588825,2.3384377952309214,1.6900097213829122,0.6423662771343723,5.319291979698156,1.5708181799636511,1.6573023693278808,3.0577971867710216
D_W,dw,918,918,0.01,0.02,1024,1024,1024,1024,0,1024,0.5299121754017847,0.4572619507807304,0.4492086265341033,0.500417811077837,0.632630713186894,0.48678597217983327,0.5283806059339115,0.975054689616478,sample,811,0.5300523859044831,0.45747517497096507,0.45018311330515826,0.4996999789936275,0.6327837859587726,0.4873059758427951,0.5279124131856288,0.9740047682575591,2.496181929366262,2.334063799078209,1.6661056413195827,0.6434495892923368,5.327598893323602,1.5730557931420222,1.6584857590028308,3.059926224519377
D_W,dw,918,918,0.01,0.02,1024,1024,1024,1024,0,1024,0.5299121754017847,0.4572619507807304,0.4492086265341033,0.500417811077837,0.632630713186894,0.48678597217983327,0.5283806059339115,0.975054689616478,sample,812,0.5306301759136287,0.4565953841164367,0.4492054769198868,0.5009881182330964,0.6329331534226674,0.4870436960101129,0.5286974974908893,0.9758448287620393,2.517955652892578,2.3337810707816717,1.6679515939971477,0.6443043510844874,5.326923114826537,1.5633632673238658,1.6609521740886861,3.0657069450824124
D_W,dw,918,918,0.01,0.02,1024,1024,1024,1024,0,1024,0.5299121754017847,0.4572619507807304,0.4492086265341033,0.500417811077837,0.632630713186894,0.48678597217983327,0.5283806059339115,0.975054689616478,sample,813,0.5299684192183541,0.45549314573450206,0.4506915501076084,0.499599368312232,0.6297637802697701,0.488631189932602,0.5282231323143847,0.9747103411003569,2.4654698736722382,2.3139957679483456,1.6581843584257858,0.6283603853463446,5.305000054876246,1.5738837092216662,1.6594619119350602,3.0621428469788827
D_W,dw,918,918,0.01,0.02,1024,1024,1024,1024,0,1024,0.5299121754017847,0.4572619507807304,0.4492086265341033,0.500417811077837,0.632630713186894,0.48678597217983327,0.5283806059339115,0.975054689616478,sample,814,0.5299310298510213,0.45729340890132025,0.4498155535912923,0.5001238358007284,0.6328640727769356,0.4874854756255096,0.5274574876931436,0.9757397375569876,2.5006455288483074,2.3369807891395054,1.664709643964469,0.643751997736094,5.323687000124286,1.56986427825626,1.6570565684177085,3.065376791324665
D_W,dw,918,918,0.01,0.02,1024,1024,1024,1024,0,1024,0.5299121754017847,0.4572619507807304,0.4492086265341033,0.500417811077837,0.632630713186894,0.48678597217983327,0.5283806059339115,0.975054689616478,sample,815,0.5293564871525599,0.4565500584407803,0.449210006887402,0.5002003348329981,0.6323117221225557,0.48736858600297167,0.5272227003029912,0.9746577032167149,2.5019411552511315,2.3402350329504396,1.6659748480282415,0.6411531283227314,5.306577694718549,1.5692822154471426,1.6563189620776504,3.061977480190332
D_W,dw,918,918,0.01,0.02,1024,1024,1024,1024,0,1024,0.5299121754017847,0.4572619507807304,0.4492086265341033,0.500417811077837,0.632630713186894,0.48678597217983327,0.5283806059339115,0.975054689616478,sample,816,0.5294509859664936,0.4570652640398762,0.4482691433030037,0.499209382093382,0.6327172991371693,0.4863758183821992,0.527840575618478,0.9738337318455222,2.5193572627288074,2.3529763816230873,1.6730918435526454,0.6435827083396011,5.313621521721857,1.5767534142246848,1.658260074629618,3.0593888977838253
D_W,dw,918,918,0.01,0.02,1024,1024,1024,1024,0,1024,0.5299121754017847,0.4572619507807304,0.4492086265341033,0.500417811077837,0.632630713186894,0.48678597217983327,0.5283806059339115,0.975054689616478,sample,817,0.530602605460559,0.4549573223332225,0.4492980271275564,0.5002462868197235,0.6320115934974438,0.48802233733613676,0.5281506491015475,0.9738430165401453,2.5060999069164573,2.320518589785006,1.6612803157807712,0.6394196284147221,5.309164509108884,1.5689306835778545,1.6592341992061024,3.0594180665122437
D_W,dw,918,918,0.01,0.02,1024,1024,1024,1024,0,1024,0.5299121754017847,0.4572619507807304,0.4492086265341033,0.500417811077837,0.632630713186894,0.48678597217983327,0.5283806059339115,0.975054689616478,sample,818,0.5287963904932241,0.45673248162707003,0.45093019940351137,0.5003432160487647,0.6323227871339516,0.48769199998495466,0.530661567994562,0.9741714460458137,2.4751481705442275,2.327459161530288,1.663544121591471,0.6410613019022128,5.299613201504176,1.5682025537455364,1.6671224835541565,3.060449858234474
D_W,dw,918,918,0.01,0.02,1024,1024,1024,1024,0,1024,0.5299121754017847,0.4572619507807304,0.4492086265341033,0.500417811077837,0.632630713186894,0.48678597217983327,0.5283806059339115,0.975054689616478,sample,819,0.5291871917575791,0.4578784345748553,0.44878356202128383,0.49987401302496254,0.632647263362508,0.4873394169153767,0.5281412841833998,0.9741983473390746,2.5071567593147748,2.35590921876473,1.665953517256696,0.642777330751668,5.318352524196007,1.5717461159873725,1.659204778448048,3.0605343711397546
D_W,dw,918,918,0.01,0.02,1024,1024,1024,1024,0,1024,0.5299121754017847,0.4572619507807304,0.4492086265341033,0.500417811077837,0.632630713186894,0.48678597217983327,0.5283806059339115,0.975054689616478,sample,820,0.5298378566323846,0.45697446708780776,0.4496242458827274,0.5006125503652725,0.6308639724376582,0.48580370767573694,0.5280310025403293,0.9771790869973443,2.4987175311077205,2.3368896912341173,1.6788538774299306,0.6349772337225693,5.318733694432096,1.5661155435338425,1.6588583184483519,3.0698986409524385
D_W,dw,918,918,0.01,0.02,1024,1024,1024,1024,0,1024,0.5299121754017847,0.4572619507807304,0.4492086265341033,0.500417811077837,0.632630713186894,0.48678597217983327,0.5283806059339115,0.975054689616478,sample,821,0.5289720412410256,0.4538013403167931,0.45060882424500187,0.49985907957881404,0.6337408465406017,0.4870392282336519,0.5299040863242592,0.9726066592408666,2.4935215609833654,2.30677089233807,1.6674041957414887,0.6481670718023358,5.272510371135727,1.571850009141606,1.6647427847035043,3.0555339355036177
D_W,dw,918,918,0.01,0.02,1024,1024,1024,1024,0,1024,0.5299121754017847,0.4572619507807304,0.4492086265341033,0.500417811077837,0.632630713186894,0.48678597217983327,0.5283806059339115,0.975054689616478,sample,822,0.5277831393285066,0.4564880710592066,0.4499110860098157,0.5009882113601403,0.6338080495793202,0.48891855372398896,0.5276007296976344,0.9788045105890284,2.486565739572696,2.341088910184399,1.6534215195984914,0.6476957738170709,5.280649930210299,1.563411170241743,1.6575065764467023,3.0750050597670446
D_W,dw,918,918,0.01,0.02,1024,1024,1024,1024,0,1024,0.5299121754017847,0.4572619507807304,0.4492086265341033,0.500417811077837,0.632630713186894,0.48678597217983327,0.5283806059339115,0.975054689616478,sample,823,0.5297367733704184,0.45705568928318424,0.4497855891035239,0.5003831912003653,0.6328575724986538,0.48726120674765155,0.527671458138511,0.9743019583957001,2.5013028035876763,2.336474771175565,1.6663867861090318,0.6438255114830249,5.318029608019371,1.5679121092783046,1.6577287763969604,3.0608598748740796
D_W,dw,918,918,0.01,0.02,1024,1024,1024,1024,0,1024,0.5299121754017847,0.4572619507807304,0.4492086265341033,0.500417811077837,0.632630713186894,0.48678597217983327,0.5283806059339115,0.975054689616478,sample,824,0.526544491908345,0.4562330910357468,0.4480130676649636,0.5043383127855536,0.6370794588540696,0.489196648931184,0.5274574472604368,0.9771573745370767,2.529572577543179,2.363943434873373,1.6494054351402916,0.6636297286565788,5.2575718783999585,1.5391587257655794,1.6570564413946138,3.06983042924677
D_W,dw,918,918,0.01,0.02,1024,1024,1024,1024,0,1024,0.5299121754017847,0.4572619507807304,0.4492086265341033,0.500417811077837,0.632630713186894,0.48678597217983327,0.5283806059339115,0.975054689616478,sample,825,0.5316029199759263,0.45770785615519666,0.4494167901644596,0.4993839275878702,0.6326058098614232,0.4877839572942155,0.52789368196012,0.974270733886078,2.512820552295118,2.3347974310891972,1.662659037527973,0.6423845948397472,5.354129517006198,1.5754421864320358,1.6584269131223797,3.060761780184039
D_W,dw,918,918,0.01,0.02,1024,1024,1024,1024,0,1024,0.5299121754017847,0.4572619507807304,0.4492086265341033,0.500417811077837,0.632630713186894,0.48678597217983327,0.5283806059339115,0.975054689616478,sample,826,0.528513803134242,0.45855114436911526,0.4497971035859378,0.5012351312742129,0.6335271608744475,0.488893461799399,0.527996877709474,0.9756375507786611,2.4911712933638386,2.3551340065528534,1.6537798799179413,0.6463653844862703,5.31496648670873,1.5615465528861847,1.658751112130432,3.0650557620925802
D_W,dw,918,918,0.01,0.02,1024,1024,1024,1024,0,1024,0.5299121754017847,0.4572619507807304,0.4492086265341033,0.500417811077837,0.632630713186894,0.48678597217983327,0.5283806059339115,0.975054689616478,sample,827,0.5305212327075695,0.45654475721492443,0.44993101407724656,0.5003820229423114,0.6320981531065765,0.4869321160026973,0.5278615739875192,0.9737060676792412,2.501991202721622,2.3267978170787833,1.6694006565563237,0.6403333426336549,5.324697211130133,1.5679043720754484,1.6583260429515354,3.05898782897691
D_W,dw,918,918,0.01,0.02,1024,1024,1024,1024,0,1024,0.5299121754017847,0.4572619507807304,0.4492086265341033,0.500417811077837,0.632630713186894,0.48678597217983327,0.5283806059339115,0.975054689616478,sample,828,0.5296853542082779,0.4562721445480711,0.45080402095488986,0.5013270882943205,0.6326264415863195,0.4859701893957163,0.5280084697402981,0.9743540207785981,2.495046596162211,2.3203822722673633,1.6761835459078462,0.6433701634540304,5.308789790157294,1.5607904487071211,1.6587875295693093,3.0610234336737205
D_W,dw,918,918,0.01,0.02,1024,1024,1024,1024,0,1024,0.5299121754017847,0.4572619507807304,0.4492086265341033,0.500417811077837,0.632630713186894,0.48678597217983327,0.5283806059339115,0.975054689616478,sample,829,0.5306872392249584,0.4580058377021521,0.447483712782342,0.49922986228577726,0.6326015865817877,0.4868742698210548,0.5288008949902911,0.9753170072374954,2.53448956615555,2.361021802823804,1.6694594857065863,0.642785583790115,5.343455911149125,1.5766041687285928,1.6612770069132063,3.0640487448584985
D_W,dw,918,918,0.01,0.02,1024,1024,1024,1024,0,1024,0.5299121754017847,0.4572619507807304,0.4492086265341033,0.500417811077837,0.632630713186894,0.48678597217983327,0.5283806059339115,0.975054689616478,sample,830,0.5301836935248756,0.4581264557133117,0.44800389373177324,0.49928339774143365,0.6341097394861703,0.48742550910446963,0.5270215078988788,0.974956785951768,2.5315344646096616,2.3598407295974115,1.6642843676580565,0.6497705176064975,5.33695823564214,1.5761396780033858,1.6556868974989327,3.062917076313591
D_W,dw,918,918,0.01,0.02,1024,1024,1024,1024,0,1024,0.5299121754017847,0.4572619507807304,0.4492086265341033,0.500417811077837,0.632630713186894,0.48678597217983327,0.5283806059339115,0.975054689616478,sample,831,0.5307162221223364,0.457356432465309,0.45215414844817964,0.4953586101949749,0.6324817671775449,0.4865780757856783,0.5293685783622711,0.974909016546568,2.4687142828511064,2.3093314849164326,1.6717018206796745,0.6427321945363976,5.336610514623871,1.6058161817052805,1.6630604368241837,3.0627670043011483
D_W,dw,918,918,0.01,0.02,1024,1024,1024,1024,0,1024,0.5299121754017847,0.4572619507807304,0.4492086265341033,0.500417811077837,0.632630713186894,0.48678597217983327,0.5283806059339115,0.975054689616478,sample,832,0.5298307274995214,0.45761167554374416,0.4489307914110742,0.5006409166841667,0.6324325146398218,0.48637107240302585,0.5294728738384502,0.9751484000993118,2.514432005828046,2.3487737603125476,1.6733463600278038,0.6422146355740752,5.325626410930024,1.5659567926197286,1.6633880907259506,3.063519049911838
D_W,dw,918,918,0.01,0.02,1024,1024,1024,1024,0,1024,0.5299121754017847,0.4572619507807304,0.4492086265341033,0.500417811077837,0.632630713186894,0.48678597217983327,0.5283806059339115,0.975054689616478,sample,833,0.5301638906792542,0.45667263129776176,0.4478663638958947,0.5001195250444694,0.6322262715827297,0.48829600535020495,0.5287879102568958,0.9759951697033811,2.5196980707138428,2.3499087025893126,1.6590810993007297,0.6403323811938563,5.320550362458183,1.5698923838001833,1.6612362141701624,3.0661792550792653
D_W,dw,918,918,0.01,0.02,1024,1024,1024,1024,0,1024,0.5299121754017847,0.4572619507807304,0.4492086265341033,0.500417811077837,0.632630713186894,0.48678597217983327,0.5283806059339115,0.975054689616478,sample,834,0.5299197338991525,0.4576286704490819,0.4511187598690954,0.49900896286499435,0.634773290483402,0.4882329629849139,0.5288569443890448,0.976125273071173,2.490675434881333,2.326536295222475,1.6578829979730816,0.6526154710675215,5.327218256271455,1.5781495588009353,1.6614530912925691,3.066587986863728
D_W,dw,918,918,0.01,0.02,1024,1024,1024,1024,0,1024,0.5299121754017847,0.4572619507807304,0.4492086265341033,0.500417811077837,0.632630713186894,0.48678597217983327,0.5283806059339115,0.975054689616478,sample,835,0.5305023389156833,0.45888616292630524,0.4469268800268259,0.5018328830039184,0.6314004115036754,0.48742244699715015,0.5280849734469132,0.9764915247223005,2.535557716299733,2.374222848509698,1.666215646454283,0.6368129898374743,5.350685638397148,1.5568483937397752,1.6590278730519834,3.067738600360275
D_W,dw,918,918,0.01,0.02,1024,1024,1024,1024,0,1024,0.5299121754017847,0.4572619507807304,0.4492086265341033,0.500417811077837,0.632630713186894,0.48678597217983327,0.5283806059339115,0.975054689616478,sample,836,0.5306091804183389,0.45747782136616544,0.45024896935269776,0.5007639935414596,0.6333440164618657,0.48644043838025575,0.5281621551154182,0.9755493990139872,2.509066410313085,2.3303322854079456,1.6721348923699058,0.6465577545792014,5.336306889075712,1.5650668969936778,1.6592703464147507,3.0647788251562798
D_W,dw,918,918,0.01,0.02,1024,1024,1024,1024,0,1024,0.5299121754017847,0.4572619507807304,0.4492086265341033,0.500417811077837,0.632630713186894,0.48678597217983327,0.5283806059339115,0.975054689616478,sample,837,0.5307422233496667,0.4559827218847835,0.4496700627193954,0.5037574113633748,0.6336500585844724,0.488033990856222,0.5288183600646116,0.974049989657324,2.519887966841706,2.3239045698745664,1.6600555481631125,0.6475389812021872,5.322048806851805,1.5426899276105552,1.6613318750623858,3.060068291736663
D_W,dw,918,918,0.01,0.02,1024,1024,1024,1024,0,1024,0.5299121754017847,0.4572619507807304,0.4492086265341033,0.500417811077837,0.632630713186894,0.48678597217983327,0.5283806059339115,0.975054689616478,sample,838,0.5308419566327879,0.45802097525463703,0.44804873422449143,0.5027937850747183,0.6343312937056813,0.4861382202100288,0.5298095104085675,0.9740126968757423,2.5504429541115323,2.354852127058781,1.6736012962746551,0.6515728783207221,5.346025456466213,1.5500016013864955,1.6644456657015607,3.0599511330080142
D_W,dw,918,918,0.01,0.02,1024,1024,1024,1024,0,1024,0.5299121754017847,0.4572619507807304,0.4492086265341033,0.500417811077837,0.632630713186894,0.48678597217983327,0.5283806059339115,0.975054689616478,sample,839,0.5301451787901726,0.4572235986993473,0.45038189795513883,0.5011342635178644,0.6328591364154186,0.4871118252631834,0.5291342240982316,0.9760531710340644,2.4989438018869023,2.3295887418210146,1.6674965588062514,0.6439227900406601,5.326272481419922,1.5622591949701663,1.6623241911899398,3.0663614716336385
D_W,dw,918,918,0.01,0.02,1024,1024,1024,1024,0,1024,0.5299121754017847,0.4572619507807304,0.4492086265341033,0.500417811077837,0.632630713186894,0.48678597217983327,0.5283806059339115,0.975054689616478,sample,840,0.5310073824959002,0.4574892742851731,0.44912190447644235,0.49981899124928364,0.633735739260109,0.4863785661559908,0.5279020819076337,0.9762034923722829,2.5267441064041583,2.339387868505532,1.6722995540460326,0.6484579552500312,5.342576119146723,1.5721498067336723,1.658453302335779,3.0668337200454636
D_W,dw,918,918,0.01,0.02,1024,1024,1024,1024,0,1024,0.5299121754017847,0.4572619507807304,0.4492086265341033,0.500417811077837,0.632630713186894,0.48678597217983327,0.5283806059339115,0.975054689616478,sample,841,0.5286386208084439,0.45770150609663907,0.44698428565067216,0.49917593700211227,0.6327742820919826,0.48928724582882815,0.5273425244378273,0.9757764888729905,2.5173292156612406,2.3747719017377937,1.6513043368520552,0.6425754664467622,5.307552536168183,1.5770027427063085,1.6566954006993742,3.0654922489890293
D_W,dw,918,918,0.01,0.02,1024,1024,1024,1024,0,1024,0.5299121754017847,0.4572619507807304,0.4492086265341033,0.500417811077837,0.632630713186894,0.48678597217983327,0.5283806059339115,0.975054689616478,sample,842,0.5298185996503068,0.4580480097762734,0.4498592937807328,0.5005528300976214,0.6351084318026782,0.4851346456767019,0.5277185471013226,0.9748461479360967,2.524951561021325,2.34311702708678,1.6803800037691319,0.6556797894916787,5.330312694278096,1.5667045983584336,1.6578767107365944,3.06256949673635
D_W,dw,918,918,0.01,0.02,1024,1024,1024,1024,0,1024,0.5299121754017847,0.4572619507807304,0.4492086265341033,0.500417811077837,0.632630713186894,0.48678597217983327,0.5283806059339115,0.975054689616478,sample,843,0.5304873832634251,0.45625151474340797,0.4494393845770649,0.49954568680268363,0.6313476790102369,0.4858705272750118,0.527181026675056,0.9755675065775518,2.5065271596151275,2.3296036217067417,1.6779566715710494,0.6372593345398465,5.321016973615502,1.574255172729561,1.6561880405142806,3.0648357117449487
D_W,dw,918,918,0.01,0.02,1024,1024,1024,1024,0,1024,0.5299121754017847,0.4572619507807304,0.4492086265341033,0.500417811077837,0.632630713186894,0.48678597217983327,0.5283806059339115,0.975054689616478,sample,844,0.5305465924214183,0.45443679055545555,0.448712431601835,0.4969591356682021,0.629635467630246,0.4836830017045512,0.5274787282232279,0.9739680286378523,2.5127157086696332,2.3225948946405546,1.6959721148137252,0.6304454689573048,5.3029871442547165,1.5942490658002595,1.65712329751098,3.05981080360001
D_W,dw,918,918,0.01,0.02,1024,1024,1024,1024,0,1024,0.5299121754017847,0.4572619507807304,0.4492086265341033,0.500417811077837,0.632630713186894,0.48678597217983327,0.5283806059339115,0.975054689616478,sample,845,0.5297495520546259,0.45807330607247176,0.4478205026441536,0.5007249151398482,0.6342002262451482,0.485993033043316,0.5289590457664838,0.9752254273245664,2.540992797498569,2.363632579433636,1.6747919145101837,0.6508863096901196,5.329503025007538,1.5653946362796909,1.6617738522298526,3.0637610380768243
D_W,dw,918,918,0.01,0.02,1024,1024,1024,1024,0,1024,0.5299121754017847,0.4572619507807304,0.4492086265341033,0.500417811077837,0.632630713186894,0.48678597217983327,0.5283806059339115,0.975054689616478,sample,846,0.5293184012403054,0.45721946360368027,0.44791033927493,0.500433266323242,0.6320425112067196,0.4867548208367716,0.5286417325652808,0.9749310802613689,2.5195357722763636,2.358377495304902,1.6707713274211289,0.6401517948155488,5.313195201633788,1.567515074686435,1.6607769834080663,3.0628363195054775
D_W,dw,918,918,0.01,0.02,1024,1024,1024,1024,0,1024,0.5299121754017847,0.4572619507807304,0.4492086265341033,0.500417811077837,0.632630713186894,0.48678597217983327,0.5283806059339115,0.975054689616478,sample,847,0.5290948692020552,0.4580214587630925,0.449440684746393,0.4998387321625598,0.6333641006163224,0.4872991487708758,0.5276474257055651,0.9748717373263348,2.5028140317248386,2.351115462894847,1.6657443104748049,0.6462382460530253,5.318461679812245,1.572005555950952,1.6576532762821694,3.062649888176732
D_W,dw,918,918,0.01,0.02,1024,1024,1024,1024,0,1024,0.5299121754017847,0.4572619507807304,0.4492086265341033,0.500417811077837,0.632630713186894,0.48678597217983327,0.5283806059339115,0.975054689616478,sample,848,0.5303418159281308,0.4568525741772873,0.450463991051941,0.49988841542759826,0.6326873554376327,0.4870394511905905,0.5280693039992873,0.9753317642455366,2.495973344089806,2.32480440945268,1.6681647633559658,0.6431088472868544,5.3252678372903315,1.5716372851946558,1.658978646030436,3.0640951053665497
D_W,dw,918,918,0.01,0.02,1024,1024,1024,1024,0,1024,0.5299121754017847,0.4572619507807304,0.4492086265341033,0.500417811077837,0.632630713186894,0.48678597217983327,0.5283806059339115,0.975054689616478,sample,849,0.5302615675481602,0.4565511268431446,0.4502290830872775,0.49791030823256277,0.632627110209168,0.4868959881863037,0.5275490186852089,0.9749541352398671,2.494616447695836,2.325267679384644,1.6692679613932002,0.6429660857323835,5.320753213005644,1.5865511665383236,1.6573441215099567,3.062908748856556
D_W,dw,918,918,0.01,0.02,1024,1024,1024,1024,0,1024,0.5299121754017847,0.4572619507807304,0.4492086265341033,0.500417811077837,0.632630713186894,0.48678597217983327,0.5283806059339115,0.975054689616478,sample,850,0.5307440739036436,0.4591235225126378,0.44454794934129793,0.5007500831259903,0.6296016192653959,0.48942867217993186,0.5268347675541274,0.9767542792323396,2.5452969736564346,2.396551444610593,1.6521826578749814,0.6272641397861474,5.357246409948517,1.5650087852858792,1.655100235403733,3.0685640679987114
D_W,dw,918,918,0.01,0.02,1024,1024,1024,1024,0,1024,0.5299121754017847,0.4572619507807304,0.4492086265341033,0.500417811077837,0.632630713186894,0.48678597217983327,0.5283806059339115,0.975054689616478,sample,851,0.5291486625119625,0.45790171005352553,0.4486405014566336,0.5014871382633121,0.632614556928693,0.48806043041575703,0.5290648984547672,0.9742533443660047,2.5086693665704773,2.357704799340637,1.6605807470366565,0.6423388349048765,5.317992935250061,1.559582807217481,1.6621063982577267,3.0607071493955273
D_W,dw,918,918,0.01,0.02,1024,1024,1024,1024,0,1024,0.5299121754017847,0.4572619507807304,0.4492086265341033,0.500417811077837,0.632630713186894,0.48678597217983327,0.5283806059339115,0.975054689616478,sample,852,0.5307572595367733,0.4576124742660246,0.4501240070031015,0.49633075705919094,0.6328306927213829,0.490140905177336,0.5279854997566105,0.9742728056283113,2.4825741456368977,2.331798504399711,1.644855346469703,0.642760230965025,5.340103800973536,1.598412761025443,1.658715367237303,3.060768288754219
D_W,dw,918,918,0.01,0.02,1024,1024,1024,1024,0,1024,0.5299121754017847,0.4572619507807304,0.4492086265341033,0.500417811077837,0.632630713186894,0.48678597217983327,0.5283806059339115,0.975054689616478,sample,853,0.5311107313194169,0.45780476495715205,0.45000084115990235,0.5006622683792528,0.6325144049651381,0.48671185463986594,0.5283413205980756,0.9754136110214794,2.5089463560656986,2.332520570568181,1.67073797720765,0.6424419861897479,5.347715252288382,1.5657986598192668,1.6598332113788439,3.064352234596572
D_W,dw,918,918,0.01,0.02,1024,1024,1024,1024,0,1024,0.5299121754017847,0.4572619507807304,0.4492086265341033,0.500417811077837,0.632630713186894,0.48678597217983327,0.5283806059339115,0.975054689616478,sample,854,0.5309265299040904,0.4564522808129146,0.44807343639459174,0.49978161386103104,0.6320368409424207,0.48706121143329184,0.5268444224391393,0.9746639615013577,2.526217588993273,2.342092798548569,1.668478093737216,0.6399762018570764,5.32991164515156,1.5724503041111377,1.6551305671195575,3.0619971411713904
D_W,dw,918,918,0.01,0.02,1024,1024,1024,1024,0,1024,0.5299121754017847,0.4572619507807304,0.4492086265341033,0.500417811077837,0.632630713186894,0.48678597217983327,0.5283806059339115,0.975054689616478,sample,855,0.529962172837054,0.45674395478228463,0.44848778453519444,0.4998300343877656,0.6320952505355438,0.4864789390943647,0.5292477110669085,0.9745659380645058,2.5171234323493117,2.3455608978654463,1.6727994136589417,0.640536187001296,5.318178647382811,1.572083015890445,1.6626807210170131,3.0616891914622966
D_W,dw,918,918,0.01,0.02,1024,1024,1024,1024,0,1024,0.5299121754017847,0.4572619507807304,0.4492086265341033,0.500417811077837,0.632630713186894,0.48678597217983327,0.5283806059339115,0.975054689616478,sample,856,0.5306894182073201,0.4590333138918504,0.4462835364316252,0.5005575022254948,0.6353328212759993,0.484351114163116,0.5262643832578392,0.9757279054903084,2.581397017687695,2.3803020413316514,1.6859166824111957,0.6571792286650949,5.355333754635982,1.5666768599380825,1.653308320288791,3.065339619790909
D_W,dw,918,918,0.01,0.02,1024,1024,1024,1024,0,1024,0.5299121754017847,0.4572619507807304,0.4492086265341033,0.500417811077837,0.632630713186894,0.48678597217983327,0.5283806059339115,0.975054689616478,sample,857,0.5302176010060492,0.4571642930400272,0.4491588187541233,0.5006492665909034,0.6318712290300573,0.48617666090785466,0.5293247675648193,0.9754489350770886,2.511825678607258,2.3408929468802704,1.6752381642100194,0.6396186846444846,5.326750079626305,1.5658728772333863,1.662922801144761,3.0644632083901686
D_W,dw,918,918,0.01,0.02,1024,1024,1024,1024,0,1024,0.5299121754017847,0.4572619507807304,0.4492086265341033,0.500417811077837,0.632630713186894,0.48678597217983327,0.5283806059339115,0.975054689616478,sample,858,0.5303379855923347,0.457614051785465,0.45043912926911117,0.5008795699405989,0.6326411242742085,0.48815440889379175,0.5284707370546186,0.9734210218749945,2.4928585189470134,2.3309885824680503,1.6598636593962672,0.6423999437732778,5.333611183005604,1.5641652231054481,1.6602397851679729,3.058092331172352
D_W,dw,918,918,0.01,0.02,1024,1024,1024,1024,0,1024,0.5299121754017847,0.4572619507807304,0.4492086265341033,0.500417811077837,0.632630713186894,0.48678597217983327,0.5283806059339115,0.975054689616478,sample,859,0.5310616104862066,0.45759547601162925,0.4498267547064749,0.5013147971509783,0.6324065191681871,0.4865080278570346,0.5279023684816805,0.9742041409741802,2.512561805168386,2.332928729146863,1.6723389546617815,0.6420464728925483,5.344600245551023,1.5608666500190103,1.6584542026346993,3.0605525723812397
D_W,dw,918,918,0.01,0.02,1024,1024,1024,1024,0,1024,0.5299121754017847,0.4572619507807304,0.4492086265341033,0.500417811077837,0.632630713186894,0.48678597217983327,0.5283806059339115,0.975054689616478,sample,860,0.5303388006306726,0.4578057055749534,0.4495392062109212,0.4981370114763322,0.6318609258419969,0.4890528667680052,0.5285815992074285,0.9766697256518577,2.4892264074534074,2.341469009473951,1.6536184452150016,0.638327466911035,5.3357703643278525,1.5849238218652382,1.6605880688928019,3.068298435091435
D_W,dw,918,918,0.01,0.02,1024,1024,1024,1024,0,1024,0.5299121754017847,0.4572619507807304,0.4492086265341033,0.500417811077837,0.632630713186894,0.48678597217983327,0.5283806059339115,0.975054689616478,sample,861,0.5290862059312865,0.45716616650025843,0.44713479977873055,0.49919014923178456,0.6326210061395228,0.48726453286363225,0.5277750675157967,0.9751073857254251,2.5268062689361153,2.366603904951865,1.6665300298593249,0.6426972580229906,5.308913997462516,1.5769027553745925,1.658054274855484,3.063390199456144
D_W,dw,918,918,0.01,0.02,1024,1024,1024,1024,0,1024,0.5299121754017847,0.4572619507807304,0.4492086265341033,0.500417811077837,0.632630713186894,0.48678597217983327,0.5283806059339115,0.975054689616478,sample,862,0.5286312459742339,0.45780374983537997,0.44844878354277373,0.5009986701381263,0.6332896044149973,0.48601387107315003,0.528498024523813,0.9754461592787745,2.5201933898144455,2.3616394747178373,1.6753412106973091,0.6465155672490105,5.3085569039466405,1.5633039836704028,1.6603255112807294,3.0644544879625775
D_W,dw,918,918,0.01,0.02,1024,1024,1024,1024,0,1024,0.5299121754017847,0.4572619507807304,0.4492086265341033,0.500417811077837,0.632630713186894,0.48678597217983327,0.5283806059339115,0.975054689616478,sample,863,0.5295723394580168,0.45718350690121795,0.4479294939515112,0.5005602124494133,0.632242306516314,0.4853387536298816,0.528450523740356,0.9743637817743951,2.5290714412654163,2.3565231655809056,1.681210965800826,0.6418298015774163,5.31683001895392,1.5665600947369478,1.6601762831683808,3.061054098746408
D_W,dw,918,918,0.01,0.02,1024,1024,1024,1024,0,1024,0.5299121754017847,0.4572619507807304,0.4492086265341033,0.500417811077837,0.632630713186894,0.48678597217983327,0.5283806059339115,0.975054689616478,sample,864,0.5289796209723281,0.45760641887653547,0.4502129221395078,0.5026407735900941,0.6310876142338183,0.48411858464771845,0.5276766508731534,0.9782146059170299,2.4985841022288593,2.340722160564599,1.691335687403757,0.6370967216327923,5.3120130810201776,1.5506539475040892,1.6577450898539647,3.0731518195831757
D_W,dw,918,918,0.01,0.02,1024,1024,1024,1024,0,1024,0.5299121754017847,0.4572619507807304,0.4492086265341033,0.500417811077837,0.632630713186894,0.48678597217983327,0.5283806059339115,0.975054689616478,sample,865,0.5300655724442327,0.45706747918531543,0.4488297604010657,0.4999213584627771,0.6326598403793305,0.4864188292319026,0.527014025868278,0.9747282606752579,2.517284419913132,2.3441957831415507,1.6728167817554942,0.6432746343821769,5.323315135298719,1.571389132634147,1.655663392006563,3.0621991429837467
D_W,dw,918,918,0.01,0.02,1024,1024,1024,1024,0,1024,0.5299121754017847,0.4572619507807304,0.4492086265341033,0.500417811077837,0.632630713186894,0.48678597217983327,0.5283806059339115,0.975054689616478,sample,866,0.5304567135087398,0.45681885417068574,0.4489066941124069,0.5011196353003698,0.6323177367060833,0.487210650695152,0.5272721725458885,0.9757875266636035,2.5160535901761722,2.3393760959520438,1.6671499211480456,0.6412768743806335,5.326679401231792,1.5623348113006044,1.6564743837124933,3.065526925230931
D_W,dw,918,918,0.01,0.02,1024,1024,1024,1024,0,1024,0.5299121754017847,0.4572619507807304,0.4492086265341033,0.500417811077837,0.632630713186894,0.48678597217983327,0.5283806059339115,0.975054689616478,sample,867,0.5297795450710379,0.4583065524921864,0.4503998830290485,0.4995584780983347,0.6327505085185432,0.48635496211628204,0.527535259869379,0.9754141015076403,2.495080742953581,2.33996918945965,1.6732231391555432,0.6437445699683252,5.3326148203144905,1.5741222671515152,1.6573008969152234,3.0643537755042916
D_W,dw,918,918,0.01,0.02,1024,1024,1024,1024,0,1024,0.5299121754017847,0.4572619507807304,0.4492086265341033,0.500417811077837,0.632630713186894,0.48678597217983327,0.5283806059339115,0.975054689616478,sample,868,0.529091860339292,0.4573397079720913,0.44885965576072295,0.5003323586647966,0.6329454504868038,0.4869218677718405,0.529342291467795,0.9753002989245431,2.510487080507862,2.3513755805683174,1.6688527018536319,0.6444050215517455,5.310892641248852,1.568296369322196,1.6629778541096119,3.0639962541452737
D_W,dw,918,918,0.01,0.02,1024,1024,1024,1024,0,1024,0.5299121754017847,0.4572619507807304,0.4492086265341033,0.500417811077837,0.632630713186894,0.48678597217983327,0.5283806059339115,0.975054689616478,sample,869,0.5300201303404884,0.45731115267642664,0.4483234574409411,0.49879905452768664,0.6327211979185845,0.48588608198860295,0.5266119603991256,0.975032125536327,2.523831270014859,2.3512740592046093,1.6767364587396316,0.6438617083752055,5.325280260872711,1.5798447133062117,1.654400266082412,3.063153762598966
D_W,dw,918,918,0.01,0.02,1024,1024,1024,1024,0,1024,0.5299121754017847,0.4572619507807304,0.4492086265341033,0.500417811077837,0.632630713186894,0.48678597217983327,0.5283806059339115,0.975054689616478,sample,870,0.5314762220945876,0.4564212739127715,0.44829798101694507,0.5001119970482719,0.6353115089776136,0.48898072493243766,0.5281871235020535,0.974258777241861,2.539986491036555,2.336707187264598,1.6520533342376513,0.6548820205497942,5.337914702799588,1.569968629110181,1.6593487869147763,3.0607242172784055
D_W,dw,918,918,0.01,0.02,1024,1024,1024,1024,0,1024,0.5299121754017847,0.4572619507807304,0.4492086265341033,0.500417811077837,0.632630713186894,0.48678597217983327,0.5283806059339115,0.975054689616478,sample,871,0.5307493652229952,0.4566657391216641,0.4492554221478378,0.500393339192787,0.6327156647955319,0.4872740255743956,0.5277926149026225,0.9756274961074669,2.5144110668150135,2.333182353559269,1.6663926453137474,0.6431383401097425,5.3295192696030345,1.5678325618037192,1.6581094015970257,3.0650241744114224
D_W,dw,918,918,0.01,0.02,1024,1024,1024,1024,0,1024,0.5299121754017847,0.4572619507807304,0.4492086265341033,0.500417811077837,0.632630713186894,0.48678597217983327,0.5283806059339115,0.975054689616478,sample,872,0.5296670093355674,0.45736314904716463,0.44964606568560517,0.5010120089506003,0.6327696865722681,0.4871418183041184,0.529708562592903,0.9757127693679875,2.503787745005674,2.3406658440225123,1.667338220543066,0.6434746247587187,5.320295145685613,1.5631741851870595,1.6641285287854732,3.0652920682602214
D_W,dw,918,918,0.01,0.02,1024,1024,1024,1024,0,1024,0.5299121754017847,0.4572619507807304,0.4492086265341033,0.500417811077837,0.632630713186894,0.48678597217983327,0.5283806059339115,0.975054689616478,sample,873,0.5303180116724131,0.45732694662447865,0.44945382373291076,0.5002697425867542,0.632837195491166,0.4869654867605855,0.5273438953261351,0.9753016038441006,2.510390717976275,2.338697781801434,1.6686069824204797,0.643864066059372,5.330108643765315,1.568765704159407,1.656699707472011,3.064000353670969
D_W,dw,918,918,0.01,0.02,1024,1024,1024,1024,0,1024,0.5299121754017847,0.4572619507807304,0.4492086265341033,0.500417811077837,0.632630713186894,0.48678597217983327,0.5283806059339115,0.975054689616478,sample,874,0.5293104472872063,0.45745833701023236,0.4485162069528111,0.5000484831096893,0.6321367491788463,0.48639957403367357,0.5284513956415731,0.9740694707535942,2.5129965303466495,2.354473033178562,1.6733620455456315,0.6407739322739893,5.315682090597173,1.5704294106431458,1.6601790223268391,3.060129493405589
D_W,dw,918,918,0.01,0.02,1024,1024,1024,1024,0,1024,0.5299121754017847,0.4572619507807304,0.4492086265341033,0.500417811077837,0.632630713186894,0.48678597217983327,0.5283806059339115,0.975054689616478,sample,875,0.5293983152282752,0.45704876060156097,0.4483721622923329,0.5003291241826208,0.6346028330857563,0.4847663251944061,0.527108424449835,0.974773735741478,2.5392861005315153,2.352134881994176,1.6834914628201134,0.653449471117381,5.3126076702130725,1.5683511811827298,1.655959953896892,3.0623420071177057
D_W,dw,918,918,0.01,0.02,1024,1024,1024,1024,0,1024,0.5299121754017847,0.4572619507807304,0.4492086265341033,0.500417811077837,0.632630713186894,0.48678597217983327,0.5283806059339115,0.975054689616478,sample,876,0.5306220086366263,0.45752129039740286,0.4492449483889792,0.49969862153777644,0.6320248076245076,0.48721874545901284,0.5292765052314855,0.9755247412085398,2.507580358458517,2.340578380555616,1.6673048227855407,0.6398455443145169,5.336990674482364,1.5730790639877223,1.6627711805529146,3.0647013603758326
D_W,dw,918,918,0.01,0.02,1024,1024,1024,1024,0,1024,0.5299121754017847,0.4572619507807304,0.4492086265341033,0.500417811077837,0.632630713186894,0.48678597217983327,0.5283806059339115,0.975054689616478,sample,877,0.5299954554818266,0.4572629910163774,0.44887522327816587,0.4999144789433381,0.6332445517052153,0.48646142114163965,0.5290050287996056,0.9763167365397104,2.5196013456875397,2.3456657971141293,1.672055790943372,0.6460598047351994,5.324363091240249,1.5714381620055966,1.661918312188898,3.067189487089916
D_W,dw,918,918,0.01,0.02,1024,1024,1024,1024,0,1024,0.5299121754017847,0.4572619507807304,0.4492086265341033,0.500417811077837,0.632630713186894,0.48678597217983327,0.5283806059339115,0.975054689616478,sample,878,0.5288340140901664,0.4544537485577592,0.4494593890496121,0.5009493817313205,0.634055919741545,0.4874774936588191,0.5283947537752041,0.9763356545149279,2.508801706771292,2.323984101358628,1.663936272983618,0.6494956139140272,5.276771168763999,1.5637144622885606,1.6600010766555686,3.0672489196618797
D_W,dw,918,918,0.01,0.02,1024,1024,1024,1024,0,1024,0.5299121754017847,0.4572619507807304,0.4492086265341033,0.500417811077837,0.632630713186894,0.48678597217983327,0.5283806059339115,0.975054689616478,sample,879,0.5300668683355848,0.4550479854414547,0.44932342241574313,0.503529307652223,0.6307705444645001,0.4867376314694305,0.5298673107363155,0.9733160741292941,2.5076370631989504,2.3237124600999004,1.671831305033582,0.6342804387354922,5.3019125644699985,1.5438143244922493,1.6646272507865891,3.057762628105449
D_W,dw,918,918,0.01,0.02,1024,1024,1024,1024,0,1024,0.5299121754017847,0.4572619507807304,0.4492086265341033,0.500417811077837,0.632630713186894,0.48678597217983327,0.5283806059339115,0.975054689616478,sample,880,0.5286473285953991,0.45637894337087537,0.44890041135090575,0.5001723963013192,0.632651129403975,0.486632628374582,0.5290471690008506,0.9760619608952302,2.5066428882279723,2.3456683366668556,1.6712280885123711,0.6431290352486561,5.2934819230303765,1.5694967057133893,1.66205069953555,3.0663890857969034
D_W,dw,918,918,0.01,0.02,1024,1024,1024,1024,0,1024,0.5299121754017847,0.4572619507807304,0.4492086265341033,0.500417811077837,0.632630713186894,0.48678597217983327,0.5283806059339115,0.975054689616478,sample,881,0.5310984185645025,0.4590964342596588,0.44922635847052583,0.5015064308070533,0.6321170037616914,0.48416763768253557,0.529010156064337,0.9753962140859858,2.5290918722644857,2.3502295581996955,1.6900558170995463,0.6419121327691958,5.362440850598411,1.5593945731603425,1.661934419966111,3.06429758051183
D_W,dw,918,918,0.01,0.02,1024,1024,1024,1024,0,1024,0.5299121754017847,0.4572619507807304,0.4492086265341033,0.500417811077837,0.632630713186894,0.48678597217983327,0.5283806059339115,0.975054689616478,sample,882,0.5284110653732382,0.4532062917520272,0.4481085940862216,0.5000147717498261,0.6326223691216863,0.48666091553922297,0.5272923548423466,0.9761430904123826,2.5178089932277596,2.3294554377057897,1.6710386549572263,0.6429767960101354,5.258053398130126,1.5706849447568374,1.6565377882667784,3.066643961691978
D_W,dw,918,918,0.01,0.02,1024,1024,1024,1024,0,1024,0.5299121754017847,0.4572619507807304,0.4492086265341033,0.500417811077837,0.632630713186894,0.48678597217983327,0.5283806059339115,0.975054689616478,sample,883,0.5289394802374229,0.45676372855057046,0.44946509924971273,0.49948024524398127,0.6328004788536069,0.48668115213479035,0.5270566286222099,0.9752403957627869,2.500440523096363,2.3416417013169006,1.6707534851605423,0.6438267905258176,5.302235506979546,1.574710108632801,1.6557972325053385,3.063808062812374
D_W,dw,918,918,0.01,0.02,1024,1024,1024,1024,0,1024,0.5299121754017847,0.4572619507807304,0.4492086265341033,0.500417811077837,0.632630713186894,0.48678597217983327,0.5283806059339115,0.975054689616478,sample,884,0.5289014314919267,0.45785779125162945,0.44963301920978826,0.4997076822617277,0.6321257070626098,0.48677571326455343,0.5293393285522637,0.9748049653316561,2.493323435115543,2.348965758643057,1.6705525313849996,0.6405392110448831,5.3135259514826085,1.5730087445584493,1.6629685458359456,3.0624401177687837
D_W,dw,918,918,0.01,0.02,1024,1024,1024,1024,0,1024,0.5299121754017847,0.4572619507807304,0.4492086265341033,0.500417811077837,0.632630713186894,0.48678597217983327,0.5283806059339115,0.975054689616478,sample,885,0.5305442443158045,0.45819213679895326,0.4491542322681437,0.5008605386950619,0.6333954617832138,0.4860470596058375,0.5275412983751964,0.974387528133531,2.5244337159988386,2.347121295443854,1.6750135092896594,0.6470021139199296,5.343348987285201,1.5643453820138018,1.657319867440738,3.061128700133819
D_W,dw,918,918,0.01,0.02,1024,1024,1024,1024,0,1024,0.5299121754017847,0.4572619507807304,0.4492086265341033,0.500417811077837,0.632630713186894,0.48678597217983327,0.5283806059339115,0.975054689616478,sample,886,0.5276554872556918,0.4568696834501081,0.4513674186267336,0.5036476504239714,0.6325233156486514,0.49007094382592326,0.5311070494672457,0.9731264703066205,2.459889664715649,2.330139319886467,1.6455514866849095,0.6413043825391253,5.282558406862107,1.543278680806838,1.66852200487605,3.0571669701290447
D_W,dw,918,918,0.01,0.02,1024,1024,1024,1024,0,1024,0.5299121754017847,0.4572619507807304,0.4492086265341033,0.500417811077837,0.632630713186894,0.48678597217983327,0.5283806059339115,0.975054689616478,sample,887,0.5299231858130343,0.45654375216465853,0.4491679709222064,0.4994461590116723,0.6332079312938036,0.4864593335441973,0.5274717258705396,0.973893530384782,2.514545743424228,2.3375652627286043,1.6720981009614821,0.6458904709402029,5.315410616144634,1.5749540206471757,1.6571012989712164,3.059576760435459
D_W,dw,918,918,0.01,0.02,1024,1024,1024,1024,0,1024,0.5299121754017847,0.4572619507807304,0.4492086265341033,0.500417811077837,0.632630713186894,0.48678597217983327,0.5283806059339115,0.975054689616478,sample,888,0.5294693949952101,0.4576886914573912,0.4495376027922594,0.49981684959239525,0.6334450769901911,0.48723201050946163,0.5298808920469754,0.9752301846504835,2.50499976858759,2.345412155924174,1.6661855946966646,0.6466580060260508,5.320755221541899,1.572168803747482,1.6646699177323843,3.0637759836569765
D_W,dw,918,918,0.01,0.02,1024,1024,1024,1024,0,1024,0.5299121754017847,0.4572619507807304,0.4492086265341033,0.500417811077837,0.632630713186894,0.48678597217983327,0.5283806059339115,0.975054689616478,sample,889,0.5308973093531024,0.45692619019451386,0.4463285625941581,0.5018378811864616,0.6335473448764418,0.4850888695292587,0.5285055870843363,0.9750243769660589,2.571034082233187,2.362400157582785,1.6819796031645422,0.6482747180776993,5.334638704955813,1.5570351758416203,1.6603492697653115,3.063129419747536
D_W,dw,918,918,0.01,0.02,1024,1024,1024,1024,0,1024,0.5299121754017847,0.4572619507807304,0.4492086265341033,0.500417811077837,0.632630713186894,0.48678597217983327,0.5283806059339115,0.975054689616478,sample,890,0.5309338638159171,0.45728836138953105,0.44943148563226565,0.5014545045026302,0.6324030856095347,0.4866396352863259,0.5277624751477225,0.9738943549633926,2.516445955851613,2.335206860778653,1.6713566413684722,0.6419729630130864,5.339204774453776,1.5598113411317003,1.6580147147644506,3.0595793509255644
D_W,dw,918,918,0.01,0.02,1024,1024,1024,1024,0,1024,0.5299121754017847,0.4572619507807304,0.4492086265341033,0.500417811077837,0.632630713186894,0.48678597217983327,0.5283806059339115,0.975054689616478,sample,891,0.5312530664618075,0.4598075736513019,0.44786278629394505,0.5026753557549393,0.6323923983337175,0.486203001493633,0.5274532741348271,0.9761258209899654,2.542498552239705,2.36806872212724,1.6746133816585937,0.6422279050358624,5.373312621432511,1.5505913020835826,1.6570433311338562,3.0665897082013807
D_W,dw,918,918,0.01,0.02,1024,1024,1024,1024,0,1024,0.5299121754017847,0.4572619507807304,0.4492086265341033,0.500417811077837,0.632630713186894,0.48678597217983327,0.5283806059339115,0.975054689616478,sample,892,0.5301220799145542,0.4558536765891365,0.44809512995079587,0.5009763195721106,0.6317268172039647,0.48721431928163156,0.5267317088334221,0.9753671144640688,2.5207367195068877,2.3415877531613685,1.6675526823616826,0.6384325723743933,5.311152841945536,1.563384763106185,1.654776466883877,3.0642061613533933
D_W,dw,918,918,0.01,0.02,1024,1024,1024,1024,0,1024,0.5299121754017847,0.4572619507807304,0.4492086265341033,0.500417811077837,0.632630713186894,0.48678597217983327,0.5283806059339115,0.975054689616478,sample,893,0.5290163508180138,0.4566139373627542,0.44765032158043877,0.5004376049159172,0.6334408554146475,0.48424699960741,0.5281570017649863,0.9768215133196498,2.5416293317150362,2.3576757744363537,1.6883041390300921,0.6481705705781767,5.30186310564264,1.5675169462345775,1.6592541566868921,3.0687752901134764
D_W,dw,918,918,0.01,0.02,1024,1024,1024,1024,0,1024,0.5299121754017847,0.4572619507807304,0.4492086265341033,0.500417811077837,0.632630713186894,0.48678597217983327,0.5283806059339115,0.975054689616478,sample,894,0.5297727507037838,0.45732561641915587,0.44831056491654764,0.5005922144143933,0.6329685662983598,0.4867667256278447,0.5292883837620367,0.9742609486444637,2.5235444999581063,2.3528741561112647,1.669990538835536,0.6445940127996135,5.321551263146453,1.566342563660109,1.6628084980572295,3.0607310389408697
D_W,dw,918,918,0.01,0.02,1024,1024,1024,1024,0,1024,0.5299121754017847,0.4572619507807304,0.4492086265341033,0.500417811077837,0.632630713186894,0.48678597217983327,0.5283806059339115,0.975054689616478,sample,895,0.531325607554173,0.4550050668114865,0.44991175976089,0.5059075774479967,0.6338442739477035,0.4836367666659266,0.5299984014370462,0.971740727632099,2.5483609463668553,2.3110710993771484,1.6923312311036955,0.651074386586546,5.3205620755370795,1.52668726260304,1.6650390843689584,3.052813531123002
D_W,dw,918,918,0.01,0.02,1024,1024,1024,1024,0,1024,0.5299121754017847,0.4572619507807304,0.4492086265341033,0.500417811077837,0.632630713186894,0.48678597217983327,0.5283806059339115,0.975054689616478,sample,896,0.5291786335635988,0.4566531572529965,0.4482231698477604,0.5010778400336793,0.63235148969664,0.4867962019216446,0.5285383131866843,0.9737727607047818,2.5180072797493187,2.3516204445856457,1.670227167666503,0.6416326398903766,5.30486196313589,1.5626527372569592,1.6604520818480286,3.0591973512959942
D_W,dw,918,918,0.01,0.02,1024,1024,1024,1024,0,1024,0.5299121754017847,0.4572619507807304,0.4492086265341033,0.500417811077837,0.632630713186894,0.48678597217983327,0.5283806059339115,0.975054689616478,sample,897,0.5296509132156337,0.457520269249048,0.4499399019161418,0.5001585528903875,0.6314491934699265,0.4883761947125869,0.5295264049873064,0.9725140522797422,2.4841555661549837,2.339071641786413,1.6589949712641265,0.6365645761857937,5.3217723692656005,1.5695901359518083,1.6635562637899355,3.055243002154878
D_W,dw,918,918,0.01,0.02,1024,1024,1024,1024,0,1024,0.5299121754017847,0.4572619507807304,0.4492086265341033,0.500417811077837,0.632630713186894,0.48678597217983327,0.5283806059339115,0.975054689616478,sample,898,0.5294271179474225,0.46011470745778493,0.44914888515028273,0.5000685341350346,0.6339860068168784,0.48452762753890766,0.5277630028833719,0.9770357617696515,2.5257406543147334,2.368991205101763,1.6857646053070827,0.6506221981432444,5.348032184564088,1.5702848246560852,1.6580163726948898,3.0694483714700445
D_W,dw,918,918,0.01,0.02,1024,1024,1024,1024,0,1024,0.5299121754017847,0.4572619507807304,0.4492086265341033,0.500417811077837,0.632630713186894,0.48678597217983327,0.5283806059339115,0.975054689616478,sample,899,0.5284835752760715,0.45560148685115837,0.4510124096155982,0.5004327920032551,0.631941483394418,0.4864069129029921,0.5300091102899488,0.9752918387131327,2.4763762521405095,2.319231660477488,1.6734571930255564,0.639836693211555,5.282796359899712,1.567516157132488,1.6650727272225656,3.063969675607259
D_W,dw,918,918,0.01,0.02,1024,1024,1024,1024,0,1024,0.5299121754017847,0.4572619507807304,0.4492086265341033,0.500417811077837,0.632630713186894,0.48678597217983327,0.5283806059339115,0.975054689616478,sample,900,0.5296382941684414,0.45718118305499444,0.44780466311366457,0.5005079767420058,0.6322681255114274,0.4847765551453144,0.5260236748336153,0.976259737235524,2.533794869412623,2.357341758750619,1.6853866102708868,0.6422570081420761,5.3178467733952415,1.5669558380709785,1.652552112471592,3.0670104184946236
D_W,dw,918,918,0.01,0.02,1024,1024,1024,1024,0,1024,0.5299121754017847,0.4572619507807304,0.4492086265341033,0.500417811077837,0.632630713186894,0.48678597217983327,0.5283806059339115,0.975054689616478,sample,901,0.5292184739412026,0.45804510013484967,0.449689679425265,0.5007366342213682,0.632843282089314,0.4856793766289482,0.5274004330653189,0.975136670016692,2.506402013382072,2.348147155316043,1.678180875389819,0.6445371644253505,5.320712110515689,1.5652512464582908,1.6568773260180814,3.063482198770454
D_W,dw,918,918,0.01,0.02,1024,1024,1024,1024,0,1024,0.5299121754017847,0.4572619507807304,0.4492086265341033,0.500417811077837,0.632630713186894,0.48678597217983327,0.5283806059339115,0.975054689616478,sample,902,0.5287266857374009,0.4564685580033584,0.4478146007021736,0.5017308292274126,0.6318114578229441,0.48727961619812804,0.5285142704043821,0.9748067467498164,2.516156876738021,2.356479873687887,1.6669945487745295,0.6388458133665829,5.29569692237998,1.5576659829958954,1.6603765492197764,3.062445714258989
D_W,dw,918,918,0.01,0.02,1024,1024,1024,1024,0,1024,0.5299121754017847,0.4572619507807304,0.4492086265341033,0.500417811077837,0.632630713186894,0.48678597217983327,0.5283806059339115,0.975054689616478,sample,903,0.5296217703559345,0.4566401320553691,0.44932151504157436,0.5010835661637838,0.6337611605079941,0.48717376952493224,0.5281108729749077,0.9734051592550349,2.514198359498708,2.3384265369361943,1.6663899785069838,0.6482230536077003,5.311723971928576,1.5626957506739814,1.6591092388188624,3.0580424972820204
D_W,dw,918,918,0.01,0.02,1024,1024,1024,1024,0,1024,0.5299121754017847,0.4572619507807304,0.4492086265341033,0.500417811077837,0.632630713186894,0.48678597217983327,0.5283806059339115,0.975054689616478,sample,904,0.5313580749485184,0.4591136339053152,0.44528137725594885,0.5019770229391598,0.6333847587212411,0.48915654554165694,0.5279915631865577,0.9742040475014547,2.5678907904266377,2.3862262444222266,1.6519036311602342,0.6456197375957867,5.3666543844350905,1.5559754567077488,1.6587344160642807,3.060552278728012
D_W,dw,918,918,0.01,0.02,1024,1024,1024,1024,0,1024,0.5299121754017847,0.4572619507807304,0.4492086265341033,0.500417811077837,0.632630713186894,0.48678597217983327,0.5283806059339115,0.975054689616478,sample,905,0.5308579537877924,0.4567351996585637,0.4495240883157335,0.49975880267772327,0.6330568824902838,0.4876921469008482,0.529316894008402,0.9751623407750696,2.5106335658748105,2.330471577284505,1.6630343861574433,0.6445861703503104,5.331942130904396,1.5726090632243839,1.6628980656377628,3.063562845836385
D_W,dw,918,918,0.01,0.02,1024,1024,1024,1024,0,1024,0.5299121754017847,0.4572619507807304,0.4492086265341033,0.500417811077837,0.632630713186894,0.48678597217983327,0.5283806059339115,0.975054689616478,sample,906,0.5299337148892781,0.45641029545427825,0.4492483690638337,0.5001039342146698,0.6326422353139498,0.4857637241084613,0.5295765958026084,0.9747444973850293,2.5147117675456414,2.3356778372925473,1.6777153779994656,0.6435197946097815,5.3141432511798055,1.5700127589278996,1.663713942886566,3.0622501521118832
D_W,dw,918,918,0.01,0.02,1024,1024,1024,1024,0,1024,0.5299121754017847,0.4572619507807304,0.4492086265341033,0.500417811077837,0.632630713186894,0.48678597217983327,0.5283806059339115,0.975054689616478,sample,907,0.5302993927013436,0.4594504473886261,0.44937293005529483,0.49937670973491055,0.6313958735370797,0.48720221384719675,0.5291135622390714,0.975399143064562,2.4985663887312968,2.356270659188565,1.6678876830035734,0.6368390236517837,5.354107817397222,1.575539897299232,1.6622592800449922,3.0643067821694077
D_W,dw,918,918,0.01,0.02,1024,1024,1024,1024,0,1024,0.5299121754017847,0.4572619507807304,0.4492086265341033,0.500417811077837,0.632630713186894,0.48678597217983327,0.5283806059339115,0.975054689616478,sample,908,0.5298390638049817,0.4577643011646612,0.4491304180555625,0.5002710012635063,0.6324955159236764,0.48714960927737677,0.5270995510093172,0.9752586549644443,2.5079704537619047,2.347973801395696,1.6674810884448894,0.6421374244991147,5.327456828225176,1.568750967873077,1.6559320771613493,3.063865425786161
D_W,dw,918,918,0.01,0.02,1024,1024,1024,1024,0,1024,0.5299121754017847,0.4572619507807304,0.4492086265341033,0.500417811077837,0.632630713186894,0.48678597217983327,0.5283806059339115,0.975054689616478,sample,909,0.530908692720301,0.45667257931390837,0.4492483576442105,0.5001999581809377,0.6323429305735206,0.48680549152103564,0.5285738145473775,0.9756595945656001,2.514985870918458,2.3324367321964914,1.6701672168361097,0.6415667677670003,5.3320350740790285,1.5692854185211162,1.660563612661975,3.0651250146916853
D_W,dw,918,918,0.01,0.02,1024,1024,1024,1024,0,1024,0.5299121754017847,0.4572619507807304,0.4492086265341033,0.500417811077837,0.632630713186894,0.48678597217983327,0.5283806059339115,0.975054689616478,sample,910,0.5297527316428844,0.4575949827649578,0.4477444270714788,0.5004435945734796,0.6335895963041165,0.4863785664582633,0.5282127170804458,0.9739207757230646,2.535920530550899,2.360556744607595,1.6724093669611018,0.6477595639379516,5.324209637777547,1.5674757617556239,1.6594291915126325,3.0596623541900523
D_W,dw,918,918,0.01,0.02,1024,1024,1024,1024,0,1024,0.5299121754017847,0.4572619507807304,0.4492086265341033,0.500417811077837,0.632630713186894,0.48678597217983327,0.5283806059339115,0.975054689616478,sample,911,0.5292365794649506,0.45758267134928665,0.4495826971042205,0.5000734574461622,0.6328643829420907,0.4873800462240309,0.5280671611896396,0.9739180196405477,2.499046297167757,2.3454060452486805,1.6654959271815837,0.6438011984477252,5.31587064826179,1.570243451471571,1.658971914195389,3.0596536957014644
D_W,dw,918,918,0.01,0.02,1024,1024,1024,1024,0,1024,0.5299121754017847,0.4572619507807304,0.4492086265341033,0.500417811077837,0.632630713186894,0.48678597217983327,0.5283806059339115,0.975054689616478,sample,912,0.5319983865524269,0.4574303768943946,0.447185728965105,0.497297586255391,0.6332739634279725,0.4852050619689269,0.5263184309460587,0.9746769463974436,2.5556421035288333,2.352041654287546,1.6813325796159955,0.6469727705375324,5.3569592027842425,1.5910706803878032,1.6534781161090448,3.0620379344255415
D_W,dw,918,918,0.01,0.02,1024,1024,1024,1024,0,1024,0.5299121754017847,0.4572619507807304,0.4492086265341033,0.500417811077837,0.632630713186894,0.48678597217983327,0.5283806059339115,0.975054689616478,sample,913,0.530032369147677,0.4568221062924633,0.44998731251766805,0.5000970761501146,0.6342649077741533,0.48648128768860016,0.5277069879956656,0.9754756234470499,2.5127397289835884,2.331029367934886,1.6711449687916846,0.6509472454250914,5.32012188836743,1.5700733073938622,1.6578403967351802,3.064547052377175
D_W,dw,918,918,0.01,0.02,1024,1024,1024,1024,0,1024,0.5299121754017847,0.4572619507807304,0.4492086265341033,0.500417811077837,0.632630713186894,0.48678597217983327,0.5283806059339115,0.975054689616478,sample,914,0.5313633258778407,0.4578293298594706,0.4492916222107562,0.5004614048768904,0.6323693642223112,0.48711925062806266,0.5280792636549835,0.9755478188960823,2.516461351845745,2.338314149703084,1.6677994749800504,0.6415484308815678,5.351861126693869,1.5673106032600845,1.6590099352116034,3.064773861069478
D_W,dw,918,918,0.01,0.02,1024,1024,1024,1024,0,1024,0.5299121754017847,0.4572619507807304,0.4492086265341033,0.500417811077837,0.632630713186894,0.48678597217983327,0.5283806059339115,0.975054689616478,sample,915,0.5307301494046889,0.45647290520636974,0.4496930464775581,0.49910702282280467,0.6308301489847026,0.48668196551990783,0.5295672959140262,0.9742693266994419,2.4969913550442744,2.327484542092931,1.672240900212092,0.6343797335975147,5.327130763902233,1.5776216901951563,1.6636847264249168,3.060757359376841
D_W,dw,918,918,0.01,0.02,1024,1024,1024,1024,0,1024,0.5299121754017847,0.4572619507807304,0.4492086265341033,0.500417811077837,0.632630713186894,0.48678597217983327,0.5283806059339115,0.975054689616478,sample,916,0.5313592484200728,0.4566417234732799,0.447775841512986,0.4968705990340127,0.6297758359819373,0.489067278698102,0.5266868820587732,0.9737848556648266,2.5037844671044547,2.3440320457566,1.6548166928303352,0.6284165998208419,5.338554824859935,1.594905550153222,1.6546356394179558,3.0592353487336164
D_W,dw,918,918,0.01,0.02,1024,1024,1024,1024,0,1024,0.5299121754017847,0.4572619507807304,0.4492086265341033,0.500417811077837,0.632630713186894,0.48678597217983327,0.5283806059339115,0.975054689616478,sample,917,0.5317656830413455,0.45712513495528845,0.448227590686047,0.4995520378055366,0.633068256935454,0.48592646584627985,0.528257919222037,0.9755307089678071,2.5409099102027866,2.3410927445769976,1.6761657933867826,0.6454835395072089,5.350036020355829,1.574162723203648,1.659571198228582,3.0647201086445053
D_W,dw,918,918,0.01,0.02,1024,1024,1024,1024,0,1024,0.5299121754017847,0.4572619507807304,0.4492086265341033,0.500417811077837,0.632630713186894,0.48678597217983327,0.5283806059339115,0.975054689616478,sample,918,0.5295179243711181,0.4575671079612621,0.44870050716417376,0.5002161393077027,0.6317029290016392,0.4871045515245895,0.5291888297354519,0.9752939556976131,2.5063961221763926,2.3524025947020584,1.6683982352490976,0.6383527397748104,5.320181301270722,1.5691552158848934,1.6624957398586755,3.0639763263101507
D_W,dw,918,918,0.01,0.02,1024,1024,1024,1024,0,1024,0.5299121754017847,0.4572619507807304,0.4492086265341033,0.500417811077837,0.632630713186894,0.48678597217983327,0.5283806059339115,0.975054689616478,sample,919,0.5298389731630181,0.45586333697455833,0.4476337496248287,0.5001157915500729,0.6328404202813581,0.4866341488275585,0.5263089916087478,0.9761426127213194,2.532402792329078,2.3475762995738387,1.671074651983875,0.6440365196136917,5.306865577530253,1.5699246679993135,1.653448461556294,3.0666424609812437
D_W,dw,918,918,0.01,0.02,1024,1024,1024,1024,0,1024,0.5299121754017847,0.4572619507807304,0.4492086265341033,0.500417811077837,0.632630713186894,0.48678597217983327,0.5283806059339115,0.975054689616478,sample,920,0.5302321877741815,0.4562991087247432,0.4502107304340848,0.500360192805666,0.6325472593856073,0.4863297486845974,0.5283626960151699,0.9758492244260996,2.5020673053789517,2.323661675184063,1.6735675130175725,0.6427805665350671,5.317588988001185,1.5680788664663339,1.659900364232155,3.0657207544683316
D_W,dw,918,918,0.01,0.02,1024,1024,1024,1024,0,1024,0.5299121754017847,0.4572619507807304,0.4492086265341033,0.500417811077837,0.632630713186894,0.48678597217983327,0.5283806059339115,0.975054689616478,sample,921,0.5293662961287896,0.45802473004459626,0.4492247377038594,0.5002777122014049,0.6320780283583792,0.48594709573996037,0.5280521980080999,0.9740727613764789,2.5062672934349934,2.3517565657882504,1.6767958009734263,0.6407207727468465,5.322852792208358,1.5686936924991342,1.6589249059741893,3.0601398312022696
D_W,dw,918,918,0.01,0.02,1024,1024,1024,1024,0,1024,0.5299121754017847,0.4572619507807304,0.4492086265341033,0.500417811077837,0.632630713186894,0.48678597217983327,0.5283806059339115,0.975054689616478,sample,922,0.5291225181254643,0.4562114626816103,0.4494277603736724,0.5022120563902159,0.6328104442086623,0.48774811771846555,0.5296607683954563,0.9758158421271537,2.503582215155127,2.336651528241189,1.662774172228357,0.6434650278430355,5.299286581776038,1.5541421254943784,1.6639783788858904,3.0656158808832035
D_W,dw,918,918,0.01,0.02,1024,1024,1024,1024,0,1024,0.5299121754017847,0.4572619507807304,0.4492086265341033,0.500417811077837,0.632630713186894,0.48678597217983327,0.5283806059339115,0.975054689616478,sample,923,0.5303125892745285,0.4573947684479905,0.44940856622512787,0.5014470299331493,0.6319570157270638,0.4878558231931307,0.5275495211794401,0.9758862057731185,2.5039532723011506,2.3397029824150515,1.6625636334119094,0.6392675493976683,5.330775343479624,1.5598308474157692,1.6573457001421419,3.065836934796446
D_W,dw,918,918,0.01,0.02,1024,1024,1024,1024,0,1024,0.5299121754017847,0.4572619507807304,0.4492086265341033,0.500417811077837,0.632630713186894,0.48678597217983327,0.5283806059339115,0.975054689616478,sample,924,0.5307988453379479,0.4564196443454091,0.44841964779455407,0.5000946328317536,0.6320099800081493,0.48567479605243496,0.5276985729345403,0.9764633221756589,2.5277664891374556,2.339191242829468,1.6788893993197442,0.6405334997174805,5.327606753876169,1.5700794657247148,1.6578139600409694,3.0676499994469335
D_W,dw,918,918,0.01,0.02,1024,1024,1024,1024,0,1024,0.5299121754017847,0.4572619507807304,0.4492086265341033,0.500417811077837,0.632630713186894,0.48678597217983327,0.5283806059339115,0.975054689616478,sample,925,0.5301770627492516,0.45665308181517356,0.44642397447260856,0.5009040515799379,0.6346202333136405,0.48875811229564675,0.5289977603426681,0.9745249065944444,2.55296761873878,2.3633307806682264,1.6541093051227487,0.6516613313035531,5.320543556563445,1.5640808578978205,1.6618954776579802,3.0615602872973855
D_W,dw,918,918,0.01,0.02,1024,1024,1024,1024,0,1024,0.5299121754017847,0.4572619507807304,0.4492086265341033,0.500417811077837,0.632630713186894,0.48678597217983327,0.5283806059339115,0.975054689616478,sample,926,0.5268605747182935,0.45446753272343804,0.45228330269738487,0.49790129029769614,0.6295557034557805,0.48706982612430644,0.5298222899025794,0.9746285178780328,2.4276979319663328,2.3050549205504014,1.6702579255360153,0.6281423265427103,5.245364749688365,1.5869941945561648,1.6644858136660652,3.061885791744736
D_W,dw,918,918,0.01,0.02,1024,1024,1024,1024,0,1024,0.5299121754017847,0.4572619507807304,0.4492086265341033,0.500417811077837,0.632630713186894,0.48678597217983327,0.5283806059339115,0.975054689616478,sample,927,0.5303817704159116,0.4558356264132969,0.4500408988528481,0.4983653003962262,0.6306452649155191,0.48606005543882924,0.5273297257359798,0.974372167152825,2.490788214662521,2.321000598017756,1.6770866076369038,0.6338381740152743,5.3149647668515065,1.5833081794196153,1.6566551923916746,3.061080442189681
D_W,dw,918,918,0.01,0.02,1024,1024,1024,1024,0,1024,0.5299121754017847,0.4572619507807304,0.4492086265341033,0.500417811077837,0.632630713186894,0.48678597217983327,0.5283806059339115,0.975054689616478,sample,928,0.5297182796331019,0.45528083683026394,0.44811633662135647,0.5005601327695747,0.6336442381092139,0.4891027298036729,0.5283278518412731,0.9726966687749705,2.5205704034591085,2.3390549186034364,1.6521550173273503,0.6468235649795799,5.2989272453364515,1.5666051285980658,1.6597908980314202,3.055816708794712
D_W,dw,918,918,0.01,0.02,1024,1024,1024,1024,0,1024,0.5299121754017847,0.4572619507807304,0.4492086265341033,0.500417811077837,0.632630713186894,0.48678597217983327,0.5283806059339115,0.975054689616478,sample,929,0.5300496058726084,0.45706202682697555,0.4483880583313527,0.5002189860387788,0.632224409065592,0.4854274029172112,0.5289821958892231,0.9754280588997404,2.525271690050696,2.3485371595511784,1.6805642720331766,0.6416921866686687,5.323005908438442,1.5691401587688272,1.6618465804853801,3.0643976239447763
D_W,dw,918,918,0.01,0.02,1024,1024,1024,1024,0,1024,0.5299121754017847,0.4572619507807304,0.4492086265341033,0.500417811077837,0.632630713186894,0.48678597217983327,0.5283806059339115,0.975054689616478,sample,930,0.5296458701417812,0.45832817303804096,0.4477816698811198,0.49920981123186536,0.6350688688271563,0.4877505931044126,0.5287783059079799,0.9745702936253754,2.535235836536602,2.3666156509557372,1.6612374574719793,0.6542355523588783,5.330733529836402,1.5766465257362512,1.661206041218166,3.0617028748603268
D_W,dw,918,918,0.01,0.02,1024,1024,1024,1024,0,1024,0.5299121754017847,0.4572619507807304,0.4492086265341033,0.500417811077837,0.632630713186894,0.48678597217983327,0.5283806059339115,0.975054689616478,sample,931,0.5310715659303548,0.45975897175967373,0.44939131789462355,0.5010356465423091,0.6347937176460094,0.48322773524797125,0.5294206961476453,0.9747140359434213,2.547211580354665,2.3539069033681503,1.6945855761253088,0.655256535531422,5.369907566130098,1.5631132820467644,1.6632241696758365,3.06215445467071
D_W,dw,918,918,0.01,0.02,1024,1024,1024,1024,0,1024,0.5299121754017847,0.4572619507807304,0.4492086265341033,0.500417811077837,0.632630713186894,0.48678597217983327,0.5283806059339115,0.975054689616478,sample,932,0.5306414216769575,0.4569177404932393,0.44899265539612093,0.49980774260558164,0.6321306398985409,0.4869255915029712,0.5290280429486514,0.9756062871690148,2.5134522806533197,2.338288274771509,1.6694257760539417,0.6404904107601568,5.3306125667918955,1.5722513811175323,1.6619906132704687,3.064957544566191
D_W,dw,918,918,0.01,0.02,1024,1024,1024,1024,0,1024,0.5299121754017847,0.4572619507807304,0.4492086265341033,0.500417811077837,0.632630713186894,0.48678597217983327,0.5283806059339115,0.975054689616478,sample,933,0.529993753371322,0.45679642298562667,0.451448393400783,0.500274336349033,0.6331953859406357,0.48675722196683746,0.5289208356532383,0.9754950744519788,2.4865735121644335,2.3162455723871576,1.6698941434616652,0.6456823446133287,5.319240297161976,1.5687366761608361,1.6616538116187878,3.064608159511365
D_W,dw,918,918,0.01,0.02,1024,1024,1024,1024,0,1024,0.5299121754017847,0.4572619507807304,0.4492086265341033,0.500417811077837,0.632630713186894,0.48678597217983327,0.5283806059339115,0.975054689616478,sample,934,0.5311861395166495,0.45872731562309704,0.44749295087124175,0.501077435803234,0.6334646842213325,0.48964440967786743,0.5288091901723345,0.9759601524057586,2.5348418305565645,2.3636474106498877,1.6482291587403013,0.6457681787863992,5.359472165328011,1.5627236864195726,1.661303066996174,3.0660692449943063
D_W,dw,918,918,0.01,0.02,1024,1024,1024,1024,0,1024,0.5299121754017847,0.4572619507807304,0.4492086265341033,0.500417811077837,0.632630713186894,0.48678597217983327,0.5283806059339115,0.975054689616478,sample,935,0.5295298880229582,0.45756954020672863,0.4487185882947869,0.5012210105888671,0.6340734468000407,0.48716809539008404,0.5280457292802527,0.977936465260783,2.5231134418636154,2.352179558033021,1.6662097840869838,0.6497308408041197,5.320398151468899,1.5616895508922208,1.6589045838663068,3.0722780149408457
D_W,dw,918,918,0.01,0.02,1024,1024,1024,1024,0,1024,0.5299121754017847,0.4572619507807304,0.4492086265341033,0.500417811077837,0.632630713186894,0.48678597217983327,0.5283806059339115,0.975054689616478,sample,936,0.5301740920059725,0.45757776545030643,0.45049364599972297,0.5007781176784589,0.633661158707492,0.4855350354668711,0.5299519037286539,0.9754223334162916,2.5090122742894363,2.3310683689395715,1.6785961213836755,0.6485354934893323,5.3306454438054764,1.5649748234063816,1.6648930075098642,3.0643796368080354
D_W,dw,918,918,0.01,0.02,1024,1024,1024,1024,0,1024,0.5299121754017847,0.4572619507807304,0.4492086265341033,0.500417811077837,0.632630713186894,0.48678597217983327,0.5283806059339115,0.975054689616478,sample,937,0.5296530635389861,0.4559246624917127,0.4493285398180134,0.5007975696618041,0.6327241461535726,0.48698991907420486,0.5272832397774502,0.9751948440843421,2.5084868908967484,2.3325897533442546,1.6685058821513898,0.6433200242744164,5.304612863972705,1.5647871710773633,1.6565091524458628,3.0636649579940127
D_W,dw,918,918,0.01,0.02,1024,1024,1024,1024,0,1024,0.5299121754017847,0.4572619507807304,0.4492086265341033,0.500417811077837,0.632630713186894,0.48678597217983327,0.5283806059339115,0.975054689616478,sample,938,0.5288036549270706,0.45840764668758127,0.44933585708334567,0.5000586307856449,0.6318044592741366,0.487585098176665,0.5283889370277717,0.9747746950892278,2.4912842789258622,2.3569046324387752,1.664711050754494,0.6386178368451256,5.318079073879971,1.570351495245944,1.6599828028045673,3.0623450209975487
D_W,dw,918,918,0.01,0.02,1024,1024,1024,1024,0,1024,0.5299121754017847,0.4572619507807304,0.4492086265341033,0.500417811077837,0.632630713186894,0.48678597217983327,0.5283806059339115,0.975054689616478,sample,939,0.5308579179530991,0.45681041010107315,0.4496244243630344,0.4994556386304165,0.6330570920565077,0.48604561469375296,0.529263101375738,0.975228260863623,2.5160981605307775,2.330053725052207,1.675288647107536,0.6453715039700512,5.3327643403759675,1.5748874904003993,1.6627290710981684,3.0637699399023086
D_W,dw,918,918,0.01,0.02,1024,1024,1024,1024,0,1024,0.5299121754017847,0.4572619507807304,0.4492086265341033,0.500417811077837,0.632630713186894,0.48678597217983327,0.5283806059339115,0.975054689616478,sample,940,0.5297713143818362,0.45693298835301505,0.44878322815770544,0.5007050370541171,0.6336279311590588,0.4863067906633129,0.5293133121258965,0.9758546216566849,2.524186591871025,2.345200381187363,1.672911140342029,0.6479841255765598,5.317237813192904,1.5655202553481018,1.6628868128219976,3.065737710368288
D_W,dw,918,918,0.01,0.02,1024,1024,1024,1024,0,1024,0.5299121754017847,0.4572619507807304,0.4492086265341033,0.500417811077837,0.632630713186894,0.48678597217983327,0.5283806059339115,0.975054689616478,sample,941,0.5298836952570765,0.4558935983908572,0.45088633314833515,0.5009110203337838,0.6328812676031187,0.4878938617596766,0.5290419672316632,0.9751970829110062,2.4876721335511247,2.3155581509528402,1.66164831843846,0.6436675778585503,5.307879121894149,1.5639405368332562,1.662034357695685,3.063671991475413
D_W,dw,918,918,0.01,0.02,1024,1024,1024,1024,0,1024,0.5299121754017847,0.4572619507807304,0.4492086265341033,0.500417811077837,0.632630713186894,0.48678597217983327,0.5283806059339115,0.975054689616478,sample,942,0.5287741442804891,0.4586164696776631,0.45088798123716656,0.5002232245034286,0.6329384407259675,0.48755879042253775,0.5295226647371759,0.9768907306374095,2.4792129813210577,2.3432140742216254,1.6641106471065688,0.6440767299438527,5.319956473637926,1.569117171447421,1.6635445134476028,3.068992742730451
D_W,dw,918,918,0.01,0.02,1024,1024,1024,1024,0,1024,0.5299121754017847,0.4572619507807304,0.4492086265341033,0.500417811077837,0.632630713186894,0.48678597217983327,0.5283806059339115,0.975054689616478,sample,943,0.5300277335384849,0.45909117137233446,0.4497507458985173,0.5008392162540203,0.6329713045930172,0.48606238070982544,0.5281127069012199,0.9772820219455206,2.510312332575246,2.351272088495395,1.6752296592862694,0.6449588644099152,5.345581582210622,1.5644851522576062,1.6591150002682922,3.0702220206294264
D_W,dw,918,918,0.01,0.02,1024,1024,1024,1024,0,1024,0.5299121754017847,0.4572619507807304,0.4492086265341033,0.500417811077837,0.632630713186894,0.48678597217983327,0.5283806059339115,0.975054689616478,sample,944,0.5308288565286391,0.4573780507908965,0.4498858213587061,0.5005651713156964,0.6338519595741438,0.4876631993202839,0.5288074086576777,0.9755995272986698,2.5125460310697925,2.3319717906259,1.6627033527978803,0.6484227692847534,5.338588146412945,1.5665739907241893,1.6612974702028158,3.064936307807176
D_W,dw,918,918,0.01,0.02,1024,1024,1024,1024,0,1024,0.5299121754017847,0.4572619507807304,0.4492086265341033,0.500417811077837,0.632630713186894,0.48678597217983327,0.5283806059339115,0.975054689616478,sample,945,0.5282489435014573,0.456250488281729,0.44888676490251184,0.5006066634853404,0.6319257366665573,0.4869981500946878,0.5282337406039501,0.9741972038136831,2.4989453013522884,2.3468542730697806,1.669032366794909,0.6394784026619839,5.285733537258501,1.5661978365800846,1.659495238859626,3.0605307786487854
D_W,dw,918,918,0.01,0.02,1024,1024,1024,1024,0,1024,0.5299121754017847,0.4572619507807304,0.4492086265341033,0.500417811077837,0.632630713186894,0.48678597217983327,0.5283806059339115,0.975054689616478,sample,946,0.5318858546720446,0.45801087839477117,0.44881652504528075,0.5008761994601568,0.633602891454348,0.48663599390257917,0.5280731306766405,0.9750673013711099,2.537077065497475,2.3413719929918337,1.6704903949066878,0.6477088481191886,5.361868659334022,1.5642381835614338,1.6589906678918966,3.0632642707431037
D_W,dw,918,918,0.01,0.02,1024,1024,1024,1024,0,1024,0.5299121754017847,0.4572619507807304,0.4492086265341033,0.500417811077837,0.632630713186894,0.48678597217983327,0.5283806059339115,0.975054689616478,sample,947,0.530494096961581,0.4578546485192189,0.4470875878496125,0.49923504517317085,0.6331020448350902,0.48764315391060464,0.5287196763312292,0.974261985946171,2.5379950621171323,2.364695209496321,1.6633668498663081,0.6448344121966849,5.338743407107703,1.5765433940613405,1.6610218509705628,3.060734297720293
D_W,dw,918,918,0.01,0.02,1024,1024,1024,1024,0,1024,0.5299121754017847,0.4572619507807304,0.4492086265341033,0.500417811077837,0.632630713186894,0.48678597217983327,0.5283806059339115,0.975054689616478,sample,948,0.5307292701534165,0.4567150618219926,0.44910914952116066,0.4995008017051792,0.6318442461489909,0.48422717477482236,0.5293974419517481,0.973760286187724,2.5226795985102877,2.3351078326207952,1.6898618726103791,0.6405349748558553,5.329748238862459,1.5745825815913166,1.6631511144648408,3.059158161444848
D_W,dw,918,918,0.01,0.02,1024,1024,1024,1024,0,1024,0.5299121754017847,0.4572619507807304,0.4492086265341033,0.500417811077837,0.632630713186894,0.48678597217983327,0.5283806059339115,0.975054689616478,sample,949,0.5295098385319047,0.45695752553714586,0.4485527922156124,0.5007988394055413,0.6341519328054591,0.488773525322714,0.5272864458112527,0.9751570347691989,2.5177148935950036,2.3490559142490812,1.6542850958213084,0.6494008241067,5.313383700839475,1.564841660715539,1.6565192244981042,3.0635461765273218
D_W,dw,918,918,0.01,0.02,1024,1024,1024,1024,0,1024,0.5299121754017847,0.4572619507807304,0.4492086265341033,0.500417811077837,0.632630713186894,0.48678597217983327,0.5283806059339115,0.975054689616478,sample,950,0.5318556310612528,0.45777320127224824,0.44827819747550696,0.5023479510309528,0.633710648952713,0.4893375396495466,0.5283561084274911,0.9746367130154534,2.5358936659963787,2.3449804801948257,1.650358520172198,0.6471453157342366,5.358696133880842,1.5532381909054476,1.6598796687150983,3.061911537528252
D_W,dw,918,918,0.01,0.02,1024,1024,1024,1024,0,1024,0.5299121754017847,0.4572619507807304,0.4492086265341033,0.500417811077837,0.632630713186894,0.48678597217983327,0.5283806059339115,0.975054689616478,sample,951,0.5305591046494088,0.45913832825702,0.447348529498321,0.5003403363102836,0.6312201055715633,0.48741580186527117,0.5282716164149631,0.9747559851826525,2.5261285671827256,2.371882636369705,1.6664050623365436,0.6358909832247586,5.354523708856622,1.5682027033126817,1.6596142292292533,3.0622862420925023
D_W,dw,918,918,0.01,0.02,1024,1024,1024,1024,0,1024,0.5299121754017847,0.4572619507807304,0.4492086265341033,0.500417811077837,0.632630713186894,0.48678597217983327,0.5283806059339115,0.975054689616478,sample,952,0.5291745519393071,0.4558426128904031,0.44846501461023625,0.5001499786716715,0.6320131135291466,0.4874208294600833,0.5291687856933233,0.9745776342526152,2.508533643363292,2.342890952166136,1.6657967148284594,0.6396949487653946,5.296245746895511,1.569660238090249,1.662432769643176,3.0617259361209364
D_W,dw,918,918,0.01,0.02,1024,1024,1024,1024,0,1024,0.5299121754017847,0.4572619507807304,0.4492086265341033,0.500417811077837,0.632630713186894,0.48678597217983327,0.5283806059339115,0.975054689616478,sample,953,0.5307466601915617,0.45793273341315766,0.44958934133026374,0.49961317868146615,0.633675274828714,0.4870780403904752,0.5279271627876684,0.9762573674515733,2.5148976440614548,2.339660905302163,1.6671632920612842,0.6478365296999495,5.343548883365899,1.5736900574367323,1.6585320962442418,3.067002973598774
D_W,dw,918,918,0.01,0.02,1024,1024,1024,1024,0,1024,0.5299121754017847,0.4572619507807304,0.4492086265341033,0.500417811077837,0.632630713186894,0.48678597217983327,0.5283806059339115,0.975054689616478,sample,954,0.5295315606970826,0.4581267908384438,0.4482516193542303,0.5008435332095994,0.633112765707557,0.48622781049150754,0.5289359705139375,0.9750291261215489,2.5262410390885144,2.3611363473868794,1.6738900277270026,0.6455550419018221,5.32663740556603,1.5644594295481353,1.6617013591859735,3.0631443396595337
D_W,dw,918,918,0.01,0.02,1024,1024,1024,1024,0,1024,0.5299121754017847,0.4572619507807304,0.4492086265341033,0.500417811077837,0.632630713186894,0.48678597217983327,0.5283806059339115,0.975054689616478,sample,955,0.5303223638548503,0.4569642026070127,0.4499840599991282,0.5001490434977154,0.6325454500528382,0.4875025661079593,0.5277546603897183,0.9753041485528147,2.4993968391562333,2.3305882657736694,1.664806248818899,0.6422141830604282,5.326185293378461,1.5696718563974787,1.6579901639781152,3.0640083481091707
D_W,dw,918,918,0.01,0.02,1024,1024,1024,1024,0,1024,0.5299121754017847,0.4572619507807304,0.4492086265341033,0.500417811077837,0.632630713186894,0.48678597217983327,0.5283806059339115,0.975054689616478,sample,956,0.529807598693345,0.45684127158989196,0.44845457488513335,0.5003636120477639,0.6320004474801821,0.48762316563918445,0.5292969424402987,0.9751869463978823,2.5117476083072705,2.347481383574267,1.6642862158099667,0.6395442661788192,5.31681253393045,1.5680417063749166,1.6628353859379819,3.0636401466802505
D_W,dw,918,918,0.01,0.02,1024,1024,1024,1024,0,1024,0.5299121754017847,0.4572619507807304,0.4492086265341033,0.500417811077837,0.632630713186894,0.48678597217983327,0.5283806059339115,0.975054689616478,sample,957,0.5287479207903196,0.4576218330717454,0.4486465585777592,0.5002971944712968,0.6322795324130595,0.48731861429145445,0.5287197344755291,0.9749760634469936,2.5046896511810153,2.357603740582505,1.6663720849986177,0.6410223872690094,5.308447661373416,1.5685496151092384,1.6610220336362684,3.0629776383509713
D_W,dw,918,918,0.01,0.02,1024,1024,1024,1024,0,1024,0.5299121754017847,0.4572619507807304,0.4492086265341033,0.500417811077837,0.632630713186894,0.48678597217983327,0.5283806059339115,0.975054689616478,sample,958,0.528777945628819,0.4551086472677549,0.44843991278995415,0.4980052521991826,0.6319916094652775,0.48724925868311003,0.5281543147035499,0.973740314235189,2.503182329500414,2.339382318518418,1.6670892349320952,0.6397426943076848,5.2824521389913475,1.5859078628036425,1.659245715034424,3.0590954177054863
D_W,dw,918,918,0.01,0.02,1024,1024,1024,1024,0,1024,0.5299121754017847,0.4572619507807304,0.4492086265341033,0.500417811077837,0.632630713186894,0.48678597217983327,0.5283806059339115,0.975054689616478,sample,959,0.5306740622610924,0.45505145682786635,0.4478821109576896,0.5020240044840212,0.6323530753082286,0.4834979961531461,0.5274701745848053,0.9759603759333664,2.551485006432876,2.334611974250694,1.6948235334488793,0.643467439254286,5.311222802013171,1.555505055897424,1.6570964254633498,3.0660699472269966
D_W,dw,918,918,0.01,0.02,1024,1024,1024,1024,0,1024,0.5299121754017847,0.4572619507807304,0.4492086265341033,0.500417811077837,0.632630713186894,0.48678597217983327,0.5283806059339115,0.975054689616478,sample,960,0.5289611891011939,0.45765168427997405,0.4484526040914197,0.5011083213176051,0.6289237928986089,0.48623372561085354,0.5272741413645535,0.9749106582744518,2.494260171917534,2.3585581269839038,1.677167748919153,0.6254658547706871,5.312214396218007,1.562199821906679,1.6564805689387474,3.062772161941407
D_W,dw,918,918,0.01,0.02,1024,1024,1024,1024,0,1024,0.5299121754017847,0.4572619507807304,0.4492086265341033,0.500417811077837,0.632630713186894,0.48678597217983327,0.5283806059339115,0.975054689616478,sample,961,0.5303137919796164,0.4595228903308175,0.45122414012640905,0.5004578254830937,0.6331381076019689,0.4871769483901665,0.5301326231941547,0.9730298667757474,2.4892589220707357,2.3381371623078446,1.6668135040297853,0.6452125683167168,5.355193386825839,1.5673576142671157,1.6654607544550422,3.0568634811861433
D_W,dw,918,918,0.01,0.02,1024,1024,1024,1024,0,1024,0.5299121754017847,0.4572619507807304,0.4492086265341033,0.500417811077837,0.632630713186894,0.48678597217983327,0.5283806059339115,0.975054689616478,sample,962,0.5293698291067188,0.4581922267801184,0.4489209330112669,0.5006792635458915,0.6321959997614461,0.4860226559371385,0.529071774789715,0.9754556239839075,2.5113488631242964,2.3560598349519473,1.6761355413344516,0.6412552005734403,5.324788719929426,1.5656580656584294,1.6621280009010821,3.0644842222106914
D_W,dw,918,918,0.01,0.02,1024,1024,1024,1024,0,1024,0.5299121754017847,0.4572619507807304,0.4492086265341033,0.500417811077837,0.632630713186894,0.48678597217983327,0.5283806059339115,0.975054689616478,sample,963,0.529618002324928,0.45688108386146764,0.4487187525067719,0.5005288668101402,0.6320335519111314,0.485693333103516,0.529176280540698,0.9751231889202646,2.5164214535489338,2.346251978219393,1.6787306546708292,0.6406418212906149,5.314262779194377,1.5667907996083699,1.6624563154006282,3.0634398466569555
D_W,dw,918,918,0.01,0.02,1024,1024,1024,1024,0,1024,0.5299121754017847,0.4572619507807304,0.4492086265341033,0.500417811077837,0.632630713186894,0.48678597217983327,0.5283806059339115,0.975054689616478,sample,964,0.5290617841837509,0.4579913874330979,0.4491293755239554,0.5004549717569367,0.6317663763620125,0.48675207470056464,0.5288860599470656,0.9745261438266162,2.5001480401720118,2.354126959538753,1.671000016202196,0.6388281130945782,5.317594001097199,1.5673434736360763,1.6615445605157522,3.0615641741768873
D_W,dw,918,918,0.01,0.02,1024,1024,1024,1024,0,1024,0.5299121754017847,0.4572619507807304,0.4492086265341033,0.500417811077837,0.632630713186894,0.48678597217983327,0.5283806059339115,0.975054689616478,sample,965,0.527076886322455,0.45554518999933064,0.4478297105172124,0.5014760959390131,0.6368407040749199,0.4832541027093814,0.5257038970988979,0.9800823699629844,2.555554445352544,2.357331566367051,1.6925589785046702,0.6650600350897165,5.259463968114956,1.560009779759605,1.651547501089422,3.0790195733885852
D_W,dw,918,918,0.01,0.02,1024,1024,1024,1024,0,1024,0.5299121754017847,0.4572619507807304,0.4492086265341033,0.500417811077837,0.632630713186894,0.48678597217983327,0.5283806059339115,0.975054689616478,sample,966,0.5293415062514919,0.4557086056736873,0.44908646304806793,0.5005943532048488,0.6319547500793705,0.486195179285733,0.529085482842495,0.9756701296630481,2.5080231276876974,2.3349073424024,1.6750339254484563,0.6400088356291406,5.297477215113165,1.566292137403243,1.6621710660189908,3.065158111676433
D_W,dw,918,918,0.01,0.02,1024,1024,1024,1024,0,1024,0.5299121754017847,0.4572619507807304,0.4492086265341033,0.500417811077837,0.632630713186894,0.48678597217983327,0.5283806059339115,0.975054689616478,sample,967,0.5309070494286244,0.45836627688077614,0.4491134121237162,0.5010220563407213,0.6326091867594964,0.4857558855344035,0.5293373638534677,0.9753494647868014,2.5241455065819887,2.346799592893141,1.6777971367041715,0.6433840166035176,5.350980034200892,1.563089197832295,1.6629623735526415,3.064150713256952
D_W,dw,918,918,0.01,0.02,1024,1024,1024,1024,0,1024,0.5299121754017847,0.4572619507807304,0.4492086265341033,0.500417811077837,0.632630713186894,0.48678597217983327,0.5283806059339115,0.975054689616478,sample,968,0.5310877210651151,0.45756126787214285,0.4490001457613259,0.5000178849358137,0.6302357911572282,0.4902558190185813,0.530080294247522,0.9730919052691778,2.4899465048661003,2.3406841373720764,1.6454767131303578,0.6299925175591791,5.344616391326591,1.5706589994477647,1.665296358220731,3.057058380861344
D_W,dw,918,918,0.01,0.02,1024,1024,1024,1024,0,1024,0.5299121754017847,0.4572619507807304,0.4492086265341033,0.500417811077837,0.632630713186894,0.48678597217983327,0.5283806059339115,0.975054689616478,sample,969,0.5309537935379738,0.4573692398999697,0.4488997633694,0.5011333078296684,0.6307516184215586,0.4864315799454897,0.5289440182721009,0.9753998098935681,2.513129764232632,2.340943157083646,1.6741948423141355,0.6341353349737798,5.340411646957859,1.562128904826502,1.6617266419638976,3.0643088770745144
D_W,dw,918,918,0.01,0.02,1024,1024,1024,1024,0,1024,0.5299121754017847,0.4572619507807304,0.4492086265341033,0.500417811077837,0.632630713186894,0.48678597217983327,0.5283806059339115,0.975054689616478,sample,970,0.5288937628635425,0.4594394453446059,0.4511619686550312,0.5030762532678833,0.6372450385745719,0.4834410250963678,0.5291540500014794,0.9766254781481094,2.529441892448366,2.3464454990758115,1.6908387069007362,0.6670144418426938,5.331362924231126,1.5483857662113114,1.6623864761019338,3.0681594274587196
D_W,dw,918,918,0.01,0.02,1024,1024,1024,1024,0,1024,0.5299121754017847,0.4572619507807304,0.4492086265341033,0.500417811077837,0.632630713186894,0.48678597217983327,0.5283806059339115,0.975054689616478,sample,971,0.5303330962335006,0.45763779454768067,0.44979960216262144,0.4987410591819818,0.6330534614377712,0.48663128536772915,0.5294401214301461,0.9757513992338354,2.505642420646317,2.337605379588412,1.6709320524333553,0.6450887662014155,5.333800101956066,1.5802579615117538,1.663285196000635,3.0654134275629783
D_W,dw,918,918,0.01,0.02,1024,1024,1024,1024,0,1024,0.5299121754017847,0.4572619507807304,0.4492086265341033,0.500417811077837,0.632630713186894,0.48678597217983327,0.5283806059339115,0.975054689616478,sample,972,0.5286775161985735,0.45701565177917997,0.44843312863638024,0.5001844874531642,0.6316029261851184,0.48706300264568003,0.528486355666529,0.9748691392014942,2.5039418197719248,2.35517070424366,1.6687846674920799,0.6378919859264129,5.300734307407204,1.569394478540744,1.6602888524844102,3.0626417259268197
D_W,dw,918,918,0.01,0.02,1024,1024,1024,1024,0,1024,0.5299121754017847,0.4572619507807304,0.4492086265341033,0.500417811077837,0.632630713186894,0.48678597217983327,0.5283806059339115,0.975054689616478,sample,973,0.5310961679582108,0.45677509364686847,0.45015463959663093,0.4925506352019493,0.6382092170402076,0.4858986109190338,0.5301160145149295,0.9736748455786366,2.531269597410112,2.323199755714119,1.672327416413562,0.6711229743477221,5.336019364771111,1.624643412631476,1.6654085767504028,3.058889741855021
D_W,dw,918,918,0.01,0.02,1024,1024,1024,1024,0,1024,0.5299121754017847,0.4572619507807304,0.4492086265341033,0.500417811077837,0.632630713186894,0.48678597217983327,0.5283806059339115,0.975054689616478,sample,974,0.5311428899077977,0.45664088267666336,0.4497839323035581,0.4999753437031736,0.6312944265582959,0.4875879261235528,0.5281081745269437,0.9748013277511223,2.4993728223991694,2.325621931780178,1.6650523821482333,0.6361670692040318,5.335261649763231,1.570984120726314,1.6591007613945625,3.062428689972502
D_W,dw,918,918,0.01,0.02,1024,1024,1024,1024,0,1024,0.5299121754017847,0.4572619507807304,0.4492086265341033,0.500417811077837,0.632630713186894,0.48678597217983327,0.5283806059339115,0.975054689616478,sample,975,0.5303772667530452,0.4582685053004541,0.44850325016217235,0.4999821927778026,0.6342430936467431,0.48753526706688105,0.5274157113820064,0.9746485828344874,2.528314233495125,2.3550300563463256,1.6633828066900453,0.650352636863393,5.341609695947445,1.5709289758691187,1.656925324265546,3.0619488276645286
D_W,dw,918,918,0.01,0.02,1024,1024,1024,1024,0,1024,0.5299121754017847,0.4572619507807304,0.4492086265341033,0.500417811077837,0.632630713186894,0.48678597217983327,0.5283806059339115,0.975054689616478,sample,976,0.5292140826398142,0.45809913956186554,0.44819246005751306,0.5010224514086704,0.6327997413844866,0.4866002470953494,0.5274526226620878,0.9749539094672723,2.5215456223486337,2.363267663737347,1.6713549590607675,0.6438763228127836,5.32124616868853,1.5630972816318973,1.6570412844718843,3.062908039571031
D_W,dw,918,918,0.01,0.02,1024,1024,1024,1024,0,1024,0.5299121754017847,0.4572619507807304,0.4492086265341033,0.500417811077837,0.632630713186894,0.48678597217983327,0.5283806059339115,0.975054689616478,sample,977,0.5306000962311109,0.4586246715753482,0.4499385997608647,0.5000165081871869,0.6327609471496286,0.4854398393653139,0.5277146941364517,0.9743273559762616,2.5117247403246132,2.3424046057355015,1.6800317777157654,0.6442574382812744,5.34918366192258,1.5706719815905557,1.6578646062904612,3.060939663726591
D_W,dw,918,918,0.01,0.02,1024,1024,1024,1024,0,1024,0.5299121754017847,0.4572619507807304,0.4492086265341033,0.500417811077837,0.632630713186894,0.48678597217983327,0.5283806059339115,0.975054689616478,sample,978,0.5301575445906541,0.4560005421924371,0.45049000586863824,0.49943436430661214,0.6345902518347346,0.4860002086019282,0.5290497499311905,0.9755283168269376,2.510537792692613,2.318948908698106,1.67444055737847,0.6527503219350342,5.3132538230435555,1.5749989518407417,1.662058807767345,3.0647125935123234
D_W,dw,918,918,0.01,0.02,1024,1024,1024,1024,0,1024,0.5299121754017847,0.4572619507807304,0.4492086265341033,0.500417811077837,0.632630713186894,0.48678597217983327,0.5283806059339115,0.975054689616478,sample,979,0.5302999126608104,0.45738424575973885,0.450335168278456,0.500889277597433,0.6335558554505836,0.4875714787342104,0.5282728388876947,0.975561622146354,2.5023914615587577,2.3304570263393596,1.6635856452183206,0.6470497870673544,5.33046114400954,1.5641379556386688,1.659618069740606,3.0648172252591275
D_W,dw,918,918,0.01,0.02,1024,1024,1024,1024,0,1024,0.5299121754017847,0.4572619507807304,0.4492086265341033,0.500417811077837,0.632630713186894,0.48678597217983327,0.5283806059339115,0.975054689616478,sample,980,0.531246558346533,0.4589382375643066,0.4475845576249837,0.5002265175721491,0.6340013779805028,0.4905178354949566,0.5274004994404545,0.9758330225302708,2.531877830053425,2.3640475012644813,1.641440167377071,0.6480183654945589,5.362870746137612,1.5691059161453516,1.6568775345417197,3.065669854711422
D_W,dw,918,918,0.01,0.02,1024,1024,1024,1024,0,1024,0.5299121754017847,0.4572619507807304,0.4492086265341033,0.500417811077837,0.632630713186894,0.48678597217983327,0.5283806059339115,0.975054689616478,sample,981,0.5305427460502952,0.45767700756551927,0.44942679875352187,0.4998497521409424,0.6325560318880288,0.48754567562758644,0.5274011786673642,0.975091598668403,2.506876453474503,2.340435120581831,1.6644764256724747,0.6422455232664348,5.337503424365995,1.5719297930926888,1.6568796683959894,3.0633406029537817
D_W,dw,918,918,0.01,0.02,1024,1024,1024,1024,0,1024,0.5299121754017847,0.4572619507807304,0.4492086265341033,0.500417811077837,0.632630713186894,0.48678597217983327,0.5283806059339115,0.975054689616478,sample,982,0.5309509034402417,0.4558656904499559,0.44910592983758013,0.5028225142265366,0.6309183248251224,0.4873380871983312,0.5285405399023703,0.9748674128935361,2.512493155618613,2.3274678805786655,1.6671903087836826,0.6346218355171289,5.323979485673857,1.54924031433164,1.6604590772816694,3.0626363025704206
D_W,dw,918,918,0.01,0.02,1024,1024,1024,1024,0,1024,0.5299121754017847,0.4572619507807304,0.4492086265341033,0.500417811077837,0.632630713186894,0.48678597217983327,0.5283806059339115,0.975054689616478,sample,983,0.530688487027194,0.4570621249439217,0.44945830069924664,0.5011490240443979,0.6323979400038084,0.48638323143319845,0.5274898379081244,0.9748110938483282,2.514898086935805,2.334559933524528,1.6732794382699048,0.6420592090938675,5.332924879893882,1.5621179803004566,1.6571581996154345,3.0624593710717383
D_W,dw,918,918,0.01,0.02,1024,1024,1024,1024,0,1024,0.5299121754017847,0.4572619507807304,0.4492086265341033,0.500417811077837,0.632630713186894,0.48678597217983327,0.5283806059339115,0.975054689616478,sample,984,0.5264697103263754,0.4546052706397791,0.44180489935916356,0.5004279315789861,0.6351550789869846,0.5107498157391596,0.5272086153043918,0.9772681417573241,2.50218439202141,2.407140032838916,1.4914269110988754,0.6540286127085192,5.240290035226549,1.5676301109767494,1.6562747127495245,3.070178414732158
D_W,dw,918,918,0.01,0.02,1024,1024,1024,1024,0,1024,0.5299121754017847,0.4572619507807304,0.4492086265341033,0.500417811077837,0.632630713186894,0.48678597217983327,0.5283806059339115,0.975054689616478,sample,985,0.5298027092519358,0.457252114226304,0.4488203358184446,0.5024398556374143,0.6325788959955342,0.48733760496518524,0.5298329794235743,0.9748812488756771,2.5163292044827914,2.347175608357704,1.6659998546956434,0.6425573714061216,5.321215698461184,1.5523953570326048,1.664519395786693,3.06267976959027
D_W,dw,918,918,0.01,0.02,1024,1024,1024,1024,0,1024,0.5299121754017847,0.4572619507807304,0.4492086265341033,0.500417811077837,0.632630713186894,0.48678597217983327,0.5283806059339115,0.975054689616478,sample,986,0.5280622702572406,0.455020166325602,0.4494828138005145,0.4980889998207617,0.6387890666224734,0.4833285726982784,0.5282387039584127,0.9742117555326789,2.5461723285274873,2.33206554490939,1.6903329255130206,0.6743719474902077,5.270186523836708,1.584564554162379,1.6595108316975429,3.0605764942222797
D_W,dw,918,918,0.01,0.02,1024,1024,1024,1024,0,1024,0.5299121754017847,0.4572619507807304,0.4492086265341033,0.500417811077837,0.632630713186894,0.48678597217983327,0.5283806059339115,0.975054689616478,sample,987,0.52942067481834,0.45703721845644685,0.4495842166086556,0.49909245442389055,0.6317548564953636,0.48706586267167856,0.5281779808260204,0.9776078213841496,2.4928995411208397,2.340046493856664,1.6686486840478252,0.6386343982007828,5.31283682201245,1.5776843554216162,1.6593200643509163,3.071245549752367
D_W,dw,918,918,0.01,0.02,1024,1024,1024,1024,0,1024,0.5299121754017847,0.4572619507807304,0.4492086265341033,0.500417811077837,0.632630713186894,0.48678597217983327,0.5283806059339115,0.975054689616478,sample,988,0.5302374020160157,0.45698037996768454,0.4501049240899115,0.5004496065216282,0.6323210896002296,0.4860517700706404,0.5298502981586319,0.9749855459353897,2.5030635484923045,2.329969771090621,1.675819866648,0.6418358271246973,5.325041661237434,1.567398495106007,1.6645738041975195,3.063007428466854
D_W,dw,918,918,0.01,0.02,1024,1024,1024,1024,0,1024,0.5299121754017847,0.4572619507807304,0.4492086265341033,0.500417811077837,0.632630713186894,0.48678597217983327,0.5283806059339115,0.975054689616478,sample,989,0.529080447979716,0.45716408386366736,0.4475673153547741,0.4989976025292444,0.6329122910183528,0.48858757907135614,0.5284408100149447,0.9748292898515198,2.5165933774242,2.362511518372837,1.6564481155383823,0.6435248625987351,5.3087993949388625,1.5783379804576507,1.66014576659999,3.0625165355016897
D_W,dw,918,918,0.01,0.02,1024,1024,1024,1024,0,1024,0.5299121754017847,0.4572619507807304,0.4492086265341033,0.500417811077837,0.632630713186894,0.48678597217983327,0.5283806059339115,0.975054689616478,sample,990,0.529460985576149,0.4589297971295271,0.44975275604673937,0.4997395525839815,0.6311054044587673,0.487222124440384,0.5284060033248598,0.9742746784771161,2.486856498015741,2.3532487374360773,1.6679519003954484,0.6354292817643576,5.3346529347501335,1.572782873989395,1.6600364181581233,3.0607741724822657
D_W,dw,918,918,0.01,0.02,1024,1024,1024,1024,0,1024,0.5299121754017847,0.4572619507807304,0.4492086265341033,0.500417811077837,0.632630713186894,0.48678597217983327,0.5283806059339115,0.975054689616478,sample,991,0.530612818518494,0.45584311962465873,0.44859160210980425,0.5006184909620809,0.6326804627172345,0.48547809705517553,0.5287541196296938,0.9753978590525655,2.5309013819242194,2.334111336557441,1.6798114173891538,0.6438583121518012,5.318586594542087,1.5661348531339776,1.6611300577839845,3.064302748326752
D_W,dw,918,918,0.01,0.02,1024,1024,1024,1024,0,1024,0.5299121754017847,0.4572619507807304,0.4492086265341033,0.500417811077837,0.632630713186894,0.48678597217983327,0.5283806059339115,0.975054689616478,sample,992,0.534243008931015,0.45881446536191894,0.44556414130752453,0.49807157101558863,0.635242436987437,0.48542819846850127,0.5280451723881295,0.9731929585530356,2.6051384008690843,2.364290630602102,1.6781172128624577,0.6562296434948381,5.406004646754665,1.5850544128430168,1.6589028343381036,3.0573758491155325
D_W,dw,918,918,0.01,0.02,1024,1024,1024,1024,0,1024,0.5299121754017847,0.4572619507807304,0.4492086265341033,0.500417811077837,0.632630713186894,0.48678597217983327,0.5283806059339115,0.975054689616478,sample,993,0.528934240141687,0.45696279404432216,0.4485275565650582,0.500625916185406,0.6324435049295725,0.48571830222055373,0.5286700283414203,0.9745591889570239,2.5168448185811028,2.352450272277085,1.678212452212638,0.6425969854021465,5.304286676713084,1.5660704512148493,1.6608658772105138,3.061667988515813
D_W,dw,918,918,0.01,0.02,1024,1024,1024,1024,0,1024,0.5299121754017847,0.4572619507807304,0.4492086265341033,0.500417811077837,0.632630713186894,0.48678597217983327,0.5283806059339115,0.975054689616478,sample,994,0.5291252213780636,0.45729586490842017,0.4493504708122754,0.500427495407585,0.633176535020576,0.4869928645639343,0.5275084985986213,0.974664353986535,2.5058229111538166,2.346021854507805,1.6681554098603808,0.6454823096218225,5.31094798447414,1.5675863473550629,1.6572168239036102,3.06199837419994
D_W,dw,918,918,0.01,0.02,1024,1024,1024,1024,0,1024,0.5299121754017847,0.4572619507807304,0.4492086265341033,0.500417811077837,0.632630713186894,0.48678597217983327,0.5283806059339115,0.975054689616478,sample,995,0.5294102499309098,0.4589781898670588,0.4482068114317934,0.5000711540109294,0.6329393170866568,0.4867273148019067,0.5283740670314933,0.9755146923506933,2.520821300261671,2.369080744812804,1.6703067238906637,0.6444662331670818,5.334395009851073,1.570261090074158,1.6599360873335,3.0646697909578453
D_W,dw,918,918,0.01,0.02,1024,1024,1024,1024,0,1024,0.5299121754017847,0.4572619507807304,0.4492086265341033,0.500417811077837,0.632630713186894,0.48678597217983327,0.5283806059339115,0.975054689616478,sample,996,0.5295546413009853,0.45776771092125285,0.4501673840413732,0.5005499300896148,0.6332453381289445,0.4869956883032971,0.5281092426337134,0.9740232376610399,2.4989701166739184,2.339290277406685,1.6680841367384347,0.6458134648363882,5.322988419249012,1.5666691507532655,1.6591041169509435,3.059984247861668
D_W,dw,918,918,0.01,0.02,1024,1024,1024,1024,0,1024,0.5299121754017847,0.4572619507807304,0.4492086265341033,0.500417811077837,0.632630713186894,0.48678597217983327,0.5283806059339115,0.975054689616478,sample,997,0.5281481794927471,0.45482150531215476,0.45357702399271205,0.4975227986196792,0.634097162420677,0.49231086654335754,0.5309430605227861,0.9736542223758032,2.423900271153707,2.2879945922474354,1.628063874962439,0.6480358925046995,5.269580329019338,1.5892674085436345,1.6680068184128656,3.058824952152506
D_W,dw,918,918,0.01,0.02,1024,1024,1024,1024,0,1024,0.5299121754017847,0.4572619507807304,0.4492086265341033,0.500417811077837,0.632630713186894,0.48678597217983327,0.5283806059339115,0.975054689616478,sample,998,0.5316665909661307,0.4552455121670615,0.4480678199129395,0.5014855216249157,0.631654742032745,0.48628045871484943,0.5289341561949232,0.9731434301560018,2.537641377369667,2.3291075358381255,1.6746234752351292,0.6385605364215028,5.32817234206561,1.55951334098706,1.661695659334687,3.057220251067267
D_W,dw,918,918,0.01,0.02,1024,1024,1024,1024,0,1024,0.5299121754017847,0.4572619507807304,0.4492086265341033,0.500417811077837,0.632630713186894,0.48678597217983327,0.5283806059339115,0.975054689616478,sample,999,0.5293895073610599,0.4577269236016446,0.4482160325010143,0.5000444252776295,0.6306548559637756,0.48521071843569774,0.5282807428747285,0.9756990590107395,2.5134485009674403,2.359084718211435,1.6835100709902204,0.634282905494806,5.319906366866836,1.5704563067046386,1.6596429008482054,3.0652489959026132
D_W,dw,918,918,0.01,0.02,1024,1024,1024,1024,0,1024,0.5299121754017847,0.4572619507807304,0.4492086265341033,0.500417811077837,0.632630713186894,0.48678597217983327,0.5283806059339115,0.975054689616478,sample,1000,0.5308715841779537,0.4568132664718626,0.4498706443458186,0.5001555449386423,0.6331678813511612,0.48610673902980467,0.5283257381370067,0.9755463629447203,2.5150332292172863,2.327554691448039,1.6747491038303775,0.6458674524202175,5.333005084297741,1.569628290881679,1.659784257633625,3.0647692870633754
D_W,dw,918,918,0.01,0.02,1024,1024,1024,1024,0,1024,0.5299121754017847,0.4572619507807304,0.4492086265341033,0.500417811077837,0.632630713186894,0.48678597217983327,0.5283806059339115,0.975054689616478,sample,1001,0.5296562908570646,0.45621677877503436,0.44905896474939905,0.49968658989550124,0.6324374873524417,0.48571226588119637,0.5292007541224133,0.975366094601987,2.5134369792533073,2.3375052964259386,1.678263241820323,0.6425659326730011,5.307747024578872,1.5731627981446044,1.662533201425152,3.0642029573621694
D_W,dw,918,918,0.01,0.02,1024,1024,1024,1024,0,1024,0.5299121754017847,0.4572619507807304,0.4492086265341033,0.500417811077837,0.632630713186894,0.48678597217983327,0.5283806059339115,0.975054689616478,sample,1002,0.5296297161358636,0.45637507928295384,0.45016038261301905,0.5004983588600262,0.6325762878039667,0.4864479465842397,0.5276737488868722,0.9742888930436356,2.4983710924763693,2.3279682945436693,1.6726625836666138,0.6428637717888078,5.309013212253024,1.5670373098471897,1.657735972995183,3.0608188288600173
D_W,dw,918,918,0.01,0.02,1024,1024,1024,1024,0,1024,0.5299121754017847,0.4572619507807304,0.4492086265341033,0.500417811077837,0.632630713186894,0.48678597217983327,0.5283806059339115,0.975054689616478,sample,1003,0.5293631943446955,0.45541872329877287,0.44775329857268825,0.4996859748578445,0.6345979686669375,0.48749211212077664,0.52698480897782,0.9746585221038457,2.534082648723754,2.3454425510459678,1.663457719966395,0.6520781670538639,5.294816907184002,1.573129382601782,1.6555716044381397,3.0619800528001266
D_W,dw,918,918,0.01,0.02,1024,1024,1024,1024,0,1024,0.5299121754017847,0.4572619507807304,0.4492086265341033,0.500417811077837,0.632630713186894,0.48678597217983327,0.5283806059339115,0.975054689616478,sample,1004,0.5319690398634361,0.45698352242870155,0.44835329328841533,0.4988685809957001,0.6365250714334119,0.48634515567438963,0.5279807897104845,0.9741695394926565,2.559328511556659,2.337682930094053,1.6704785284991557,0.661883329661527,5.35151179124378,1.5790833988471098,1.6587005701909954,3.0604438686210815
D_W,dw,918,918,0.01,0.02,1024,1024,1024,1024,0,1024,0.5299121754017847,0.4572619507807304,0.4492086265341033,0.500417811077837,0.632630713186894,0.48678597217983327,0.5283806059339115,0.975054689616478,sample,1005,0.5301694203932249,0.4590694319250372,0.4507962998923131,0.5008881734824351,0.6328425896172848,0.48697399133788927,0.5287878640811134,0.976275918207346,2.4934555775375142,2.339762798443111,1.6685376558747689,0.6438988965326697,5.347574904136926,1.5641105172879073,1.6612360691046641,3.067061252516828
D_W,dw,918,918,0.01,0.02,1024,1024,1024,1024,0,1024,0.5299121754017847,0.4572619507807304,0.4492086265341033,0.500417811077837,0.632630713186894,0.48678597217983327,0.5283806059339115,0.975054689616478,sample,1006,0.5304658460236223,0.45639261273161913,0.4495533102281336,0.49999776932603057,0.6329296729236612,0.4859141781803403,0.527429209631801,0.9748144609431273,2.5154454630246734,2.329677638988325,1.676366837391301,0.644821370341963,5.322201316731657,1.570813107652926,1.6569677302679369,3.062469949112023
D_W,dw,918,918,0.01,0.02,1024,1024,1024,1024,0,1024,0.5299121754017847,0.4572619507807304,0.4492086265341033,0.500417811077837,0.632630713186894,0.48678597217983327,0.5283806059339115,0.975054689616478,sample,1007,0.5312255000152497,0.460267399903008,0.44659048829600545,0.5013437775902928,0.6316084161872852,0.48750131062582674,0.5269582749005313,0.9755053088869461,2.5446430778215254,2.383849051681448,1.6654762160282517,0.6377472965216747,5.378467582119118,1.5605862586651773,1.6554882451758597,3.0646403119370715
D_W,dw,918,918,0.01,0.02,1024,1024,1024,1024,0,1024,0.5299121754017847,0.4572619507807304,0.4492086265341033,0.500417811077837,0.632630713186894,0.48678597217983327,0.5283806059339115,0.975054689616478,sample,1008,0.5301514644859935,0.45747542816728526,0.44854113384029765,0.5001049663407888,0.6325688002072147,0.487126320705577,0.5295007516354371,0.9745865968250242,2.517959121474096,2.349723750662959,1.6676021772101448,0.6424990033421826,5.329153856086833,1.5700045392952033,1.6634756714081629,3.0617540928725737
D_W,dw,918,918,0.01,0.02,1024,1024,1024,1024,0,1024,0.5299121754017847,0.4572619507807304,0.4492086265341033,0.500417811077837,0.632630713186894,0.48678597217983327,0.5283806059339115,0.975054689616478,sample,1009,0.5295557621099349,0.4568815148376171,0.4488930414099417,0.5008466795892681,0.6327455395997793,0.4844653838105073,0.5289048711214678,0.9762160784988232,2.524579347284601,2.3448901478947675,1.6872896283027372,0.6447259344599482,5.31328605124588,1.5644181983043517,1.6616036575630595,3.0668732605281397
D_W,dw,918,918,0.01,0.02,1024,1024,1024,1024,0,1024,0.5299121754017847,0.4572619507807304,0.4492086265341033,0.500417811077837,0.632630713186894,0.48678597217983327,0.5283806059339115,0.975054689616478,sample,1010,0.5302615799909394,0.45611697992916606,0.44858936445771974,0.5002951108752409,0.6325140708838625,0.48663978367651,0.5289376738483837,0.9756001573250292,2.5211935073812985,2.338100658900545,1.6712776502471316,0.6424687981081746,5.3160985970267625,1.5685693150866535,1.6617067103689565,3.064938287093358
D_W,dw,918,918,0.01,0.02,1024,1024,1024,1024,0,1024,0.5299121754017847,0.4572619507807304,0.4492086265341033,0.500417811077837,0.632630713186894,0.48678597217983327,0.5283806059339115,0.975054689616478,sample,1011,0.5297164026400294,0.4572229110970082,0.44860919774641667,0.5019732772530312,0.6331260442261465,0.4880140604385832,0.5298059813063348,0.9735340774782433,2.517783067655638,2.349476887796262,1.6605789344252762,0.6448464842795458,5.319535773086631,1.5559747885512925,1.6644345786999128,3.0584475058249656
D_W,dw,918,918,0.01,0.02,1024,1024,1024,1024,0,1024,0.5299121754017847,0.4572619507807304,0.4492086265341033,0.500417811077837,0.632630713186894,0.48678597217983327,0.5283806059339115,0.975054689616478,sample,1012,0.5302985886517438,0.45884517237430733,0.4495080076677396,0.5022584933949926,0.6328074874851595,0.4877474843014314,0.529744112947395,0.9730785461262658,2.5098920476373934,2.3501605302198487,1.6627803982686313,0.6434548617372038,5.347005805033962,1.5537921972864672,1.6642402135179777,3.057016411876113
D_W,dw,918,918,0.01,0.02,1024,1024,1024,1024,0,1024,0.5299121754017847,0.4572619507807304,0.4492086265341033,0.500417811077837,0.632630713186894,0.48678597217983327,0.5283806059339115,0.975054689616478,sample,1013,0.5284896278122763,0.4566652495488457,0.44996877613502057,0.4981015892337989,0.6331146017691148,0.4861463955908188,0.5275712002358157,0.974455771251745,2.4927766017577517,2.3382388195306114,1.6744853020501422,0.6456565091075792,5.2939706916021825,1.585056836543166,1.6574138069063884,3.061343092212658
D_W,dw,918,918,0.01,0.02,1024,1024,1024,1024,0,1024,0.5299121754017847,0.4572619507807304,0.4492086265341033,0.500417811077837,0.632630713186894,0.48678597217983327,0.5283806059339115,0.975054689616478,sample,1014,0.5299994456678372,0.4571360300814994,0.45003436754635934,0.5008253477344602,0.632545594515984,0.48671248254178556,0.5276628016284861,0.9761642497624611,2.501438131815699,2.3331897105217916,1.6707092412671185,0.6425957774585527,5.323031434345211,1.564569510503409,1.6577015811686604,3.0667104357507395
D_W,dw,918,918,0.01,0.02,1024,1024,1024,1024,0,1024,0.5299121754017847,0.4572619507807304,0.4492086265341033,0.500417811077837,0.632630713186894,0.48678597217983327,0.5283806059339115,0.975054689616478,sample,1015,0.5307421045829979,0.45651067429922904,0.4488993825256146,0.5002599878828187,0.6295670781116586,0.48638599604315513,0.5267938360081375,0.9747471222951122,2.503186279401957,2.3355260760144403,1.675484996612392,0.6284527253822366,5.327723158998998,1.5687897404176296,1.6549716451595509,3.062258398510116
D_W,dw,918,918,0.01,0.02,1024,1024,1024,1024,0,1024,0.5299121754017847,0.4572619507807304,0.4492086265341033,0.500417811077837,0.632630713186894,0.48678597217983327,0.5283806059339115,0.975054689616478,sample,1016,0.5297612260155331,0.45566905271899927,0.45079085809880326,0.5010640503657817,0.6329223744883681,0.48654814716524564,0.5286336364405527,0.9753853944505925,2.4948115623996383,2.3154263780246325,1.671650555164603,0.644491704448629,5.303621360175217,1.562791446936726,1.660751548682098,3.064263589624764
D_W,dw,918,918,0.01,0.02,1024,1024,1024,1024,0,1024,0.5299121754017847,0.4572619507807304,0.4492086265341033,0.500417811077837,0.632630713186894,0.48678597217983327,0.5283806059339115,0.975054689616478,sample,1017,0.5290513061056111,0.45814030620581336,0.4488174006056006,0.5006580424667576,0.632198195819816,0.4879931387616909,0.5291158347062725,0.9760109095058261,2.5015551825788354,2.3584420735298037,1.6613713964202372,0.6403355798167459,5.319087679763816,1.5658186716318745,1.662266419211257,3.066228703126996
D_W,dw,918,918,0.01,0.02,1024,1024,1024,1024,0,1024,0.5299121754017847,0.4572619507807304,0.4492086265341033,0.500417811077837,0.632630713186894,0.48678597217983327,0.5283806059339115,0.975054689616478,sample,1018,0.5305259460004037,0.4560445544143976,0.44817650324598884,0.5000531875666543,0.6316213011925683,0.48637977921585124,0.5272803532598908,0.9767023536491699,2.5235222015804206,2.34013290388749,1.6739096799452902,0.6383104419576157,5.31939707310792,1.5703922313842198,1.6565000841835038,3.068400938968092
D_W,dw,918,918,0.01,0.02,1024,1024,1024,1024,0,1024,0.5299121754017847,0.4572619507807304,0.4492086265341033,0.500417811077837,0.632630713186894,0.48678597217983327,0.5283806059339115,0.975054689616478,sample,1019,0.5285690774653302,0.4564331851162867,0.4487378123864774,0.4988204962179136,0.6319339143959704,0.48688844908250895,0.5287471598929679,0.9758520463843506,2.499794644899287,2.348102924768432,1.6698468364380874,0.6395883877676242,5.2927979905074585,1.579736199191011,1.6611081931262157,3.065729619911642
D_W,dw,918,918,0.01,0.02,1024,1024,1024,1024,0,1024,0.5299121754017847,0.4572619507807304,0.4492086265341033,0.500417811077837,0.632630713186894,0.48678597217983327,0.5283806059339115,0.975054689616478,sample,1020,0.5307344303966017,0.4577248159014864,0.4482243233869151,0.501161176043645,0.632113667843154,0.48647605586984455,0.5286688648352721,0.9761288522361342,2.528337653582736,2.351476124334366,1.672803061038081,0.6406499460748696,5.34101261523433,1.562007333471523,1.6608622219481461,3.0665992311420758
D_W,dw,918,918,0.01,0.02,1024,1024,1024,1024,0,1024,0.5299121754017847,0.4572619507807304,0.4492086265341033,0.500417811077837,0.632630713186894,0.48678597217983327,0.5283806059339115,0.975054689616478,sample,1021,0.5299785663588354,0.4563257963933629,0.4488028069548053,0.5006773067930059,0.633716659996399,0.48607682898398763,0.5297840933437691,0.9737245945085089,2.5272590573463605,2.3391479233623658,1.674545562483008,0.6485231611276056,5.313938222688306,1.5657311314733817,1.664365815637514,3.0590460327276316
D_W,dw,918,918,0.01,0.02,1024,1024,1024,1024,0,1024,0.5299121754017847,0.4572619507807304,0.4492086265341033,0.500417811077837,0.632630713186894,0.48678597217983327,0.5283806059339115,0.975054689616478,sample,1022,0.5292754923272063,0.45699547366406795,0.44838414589985054,0.5010604723052517,0.6306588343928079,0.48459377599642206,0.5271082125981853,0.974421981015436,2.5160039534917913,2.3522612739853166,1.6881624026970063,0.6346641647280452,5.310080873845196,1.5626801590296604,1.6559592883453058,3.0612369370545065
D_W,dw,918,918,0.01,0.02,1024,1024,1024,1024,0,1024,0.5299121754017847,0.4572619507807304,0.4492086265341033,0.500417811077837,0.632630713186894,0.48678597217983327,0.5283806059339115,0.975054689616478,sample,1023,0.5291894938336886,0.4575030838655009,0.4499804282775721,0.4995094103735959,0.6327673801823308,0.485830102662502,0.528430304917709,0.9734954669713111,2.498976131046555,2.3410703115555678,1.6771203703927293,0.6440901218893563,5.3142425993532,1.574491416604926,1.660112763863689,3.058326207340036
