selected_spin_case,selected_region,cluster_id,size,max_C13,best_kinematic_point,best_electron_photon_delta,best_electron_photon_region_offset,s_min,s_max,theta_in_min,theta_in_max,phi_in_electron_min,phi_in_electron_max,qOut_min,qOut_max,phiOut_min,phiOut_max,Q2_min,Q2_max,xB_min,xB_max,t_min,t_max,W2_min,W2_max,y_min,y_max,theta_e_gamma_deg_min,theta_e_gamma_deg_max,abs_k_dot_qout_min,abs_k_dot_qout_max,abs_kp_dot_qout_min,abs_kp_dot_qout_max,best_s_regime,best_theta_in_regime,best_qOut_regime,best_s,best_sqrt_s,best_pIn,best_pOut,best_theta_in,best_phi_in_electron,best_phi_in,best_qOut,best_phiOut,best_Q2,best_xB,best_t,best_W2,best_y,best_theta_e_gamma_deg,best_k_dot_qout,best_kp_dot_qout,best_abs_k_dot_qout,best_abs_kp_dot_qout
Ty,near_azimuth,0,24,9.1009565246567148e-01,mid_s_low_theta_in_high_Egamma,1.9634954084936229e-01,1.9634954084936229e-01,2.1515843999999998e+01,2.5388695919999996e+01,1.5707949999999999e+00,1.5707949999999999e+00,4.1233403578366037e+00,5.3014376029327757e+00,1.7500000000000000e+00,1.7500000000000000e+00,4.3196898986859651e+00,5.1050880620834143e+00,7.9202858834448342e-01,3.7812235660065352e+00,4.4352372069639899e-02,2.1547137389965532e-01,-1.4633965712047852e+00,-1.8432241908236785e-01,1.4647232565493795e+01,1.7945453039263782e+01,7.2861991601637899e-01,8.5038825990988243e-01,3.8781350022512399e+01,8.7258649769654340e+01,3.4265923432030831e-12,8.1779579847474970e-02,2.8495490411067403e-01,1.2337112294853061e+00,mid_s,low_theta_in,high_Egamma,2.1515843999999998e+01,4.6385174355606331e+00,2.2244176384674761e+00,2.1446550639061677e+00,1.5707949999999999e+00,4.3196898986859651e+00,1.1780972450961720e+00,1.7500000000000000e+00,4.5160394395353274e+00,1.2575932404275818e+00,7.4801137990495009e-02,-7.2727251425059480e-01,1.6434738834117280e+01,8.1471642152281765e-01,4.9810428488012583e+01,7.4797732084568302e-02,3.3995809517304321e-01,7.4797732084568302e-02,3.3995809517304321e-01
