[2026-08-04 22:39:53 -04:00] Starting electron-first pairwise production.
[2026-08-04 22:39:54 -0400] Starting all electron ConfigGen packages.
========================================================================
Cluster ConfigGen 1/3: CEP (one_minus_C_e_p)
========================================================================
Gradient one_minus_C_e_p cluster ConfigGen (electron)
  source clustered minima: Output\GradientPhaseSpaceScan\electron\Data\CEP\cluster\clustered_minima.csv
  local minima loaded: 577
  parent polarization PDFs: 4
  configured polarization-cluster minima: 559
  local-minimum contour delta: 0.05
  total contour processing time: 8.285 s
  P1: alpha_e in [0,pi/2),alpha_p~pi/2
    retained minima: 147
    configured local minima: 147
    selected minima: Output\GradientPhaseSpaceScan\electron\Data\CEP\max_c_ep\polarization_cluster_01\combined\min_max_c_ep_polarization_cluster_01_selected_minima.csv
    loaded pre-cluster per-minimum contour samples by local_minimum_id
    pre-cluster contour data load time: 2.205 s
    configuration examples: Output\GradientPhaseSpaceScan\electron\Data\CEP\max_c_ep\polarization_cluster_01\combined\min_max_c_ep_polarization_cluster_01_configuration_examples.csv
    cluster summary: Output\GradientPhaseSpaceScan\electron\Data\CEP\max_c_ep\polarization_cluster_01\combined\min_max_c_ep_polarization_cluster_01_cluster_summary.csv
    momentum configurations: Output\GradientPhaseSpaceScan\electron\Data\CEP\max_c_ep\polarization_cluster_01\combined\min_max_c_ep_polarization_cluster_01_momentum_configurations.csv
    amplitude decomposition: Output\GradientPhaseSpaceScan\electron\Data\CEP\max_c_ep\polarization_cluster_01\combined\min_max_c_ep_polarization_cluster_01_final_state_amplitude_decomposition.csv
    configuration PDF: Output\GradientPhaseSpaceScan\electron\Plots\CEP\polarization_cluster_01\Cep_State_Search_and_Config_Electron_Polarization_Cluster_01.pdf
  P2: alpha_e in [0,pi/2),alpha_p~3pi/4
    retained minima: 152
    configured local minima: 152
    selected minima: Output\GradientPhaseSpaceScan\electron\Data\CEP\max_c_ep\polarization_cluster_02\combined\min_max_c_ep_polarization_cluster_02_selected_minima.csv
    loaded pre-cluster per-minimum contour samples by local_minimum_id
    pre-cluster contour data load time: 2.261 s
    configuration examples: Output\GradientPhaseSpaceScan\electron\Data\CEP\max_c_ep\polarization_cluster_02\combined\min_max_c_ep_polarization_cluster_02_configuration_examples.csv
    cluster summary: Output\GradientPhaseSpaceScan\electron\Data\CEP\max_c_ep\polarization_cluster_02\combined\min_max_c_ep_polarization_cluster_02_cluster_summary.csv
    momentum configurations: Output\GradientPhaseSpaceScan\electron\Data\CEP\max_c_ep\polarization_cluster_02\combined\min_max_c_ep_polarization_cluster_02_momentum_configurations.csv
    amplitude decomposition: Output\GradientPhaseSpaceScan\electron\Data\CEP\max_c_ep\polarization_cluster_02\combined\min_max_c_ep_polarization_cluster_02_final_state_amplitude_decomposition.csv
    configuration PDF: Output\GradientPhaseSpaceScan\electron\Plots\CEP\polarization_cluster_02\Cep_State_Search_and_Config_Electron_Polarization_Cluster_02.pdf
  P3: alpha_e in [pi/2,pi],alpha_p~pi/4
    retained minima: 142
    configured local minima: 142
    selected minima: Output\GradientPhaseSpaceScan\electron\Data\CEP\max_c_ep\polarization_cluster_03\combined\min_max_c_ep_polarization_cluster_03_selected_minima.csv
    loaded pre-cluster per-minimum contour samples by local_minimum_id
    pre-cluster contour data load time: 2.181 s
    configuration examples: Output\GradientPhaseSpaceScan\electron\Data\CEP\max_c_ep\polarization_cluster_03\combined\min_max_c_ep_polarization_cluster_03_configuration_examples.csv
    cluster summary: Output\GradientPhaseSpaceScan\electron\Data\CEP\max_c_ep\polarization_cluster_03\combined\min_max_c_ep_polarization_cluster_03_cluster_summary.csv
    momentum configurations: Output\GradientPhaseSpaceScan\electron\Data\CEP\max_c_ep\polarization_cluster_03\combined\min_max_c_ep_polarization_cluster_03_momentum_configurations.csv
    amplitude decomposition: Output\GradientPhaseSpaceScan\electron\Data\CEP\max_c_ep\polarization_cluster_03\combined\min_max_c_ep_polarization_cluster_03_final_state_amplitude_decomposition.csv
    configuration PDF: Output\GradientPhaseSpaceScan\electron\Plots\CEP\polarization_cluster_03\Cep_State_Search_and_Config_Electron_Polarization_Cluster_03.pdf
  P4: alpha_e in [pi/2,pi],alpha_p~3pi/4
    retained minima: 118
    configured local minima: 118
    selected minima: Output\GradientPhaseSpaceScan\electron\Data\CEP\max_c_ep\polarization_cluster_04\combined\min_max_c_ep_polarization_cluster_04_selected_minima.csv
    loaded pre-cluster per-minimum contour samples by local_minimum_id
    pre-cluster contour data load time: 1.638 s
    configuration examples: Output\GradientPhaseSpaceScan\electron\Data\CEP\max_c_ep\polarization_cluster_04\combined\min_max_c_ep_polarization_cluster_04_configuration_examples.csv
    cluster summary: Output\GradientPhaseSpaceScan\electron\Data\CEP\max_c_ep\polarization_cluster_04\combined\min_max_c_ep_polarization_cluster_04_cluster_summary.csv
    momentum configurations: Output\GradientPhaseSpaceScan\electron\Data\CEP\max_c_ep\polarization_cluster_04\combined\min_max_c_ep_polarization_cluster_04_momentum_configurations.csv
    amplitude decomposition: Output\GradientPhaseSpaceScan\electron\Data\CEP\max_c_ep\polarization_cluster_04\combined\min_max_c_ep_polarization_cluster_04_final_state_amplitude_decomposition.csv
    configuration PDF: Output\GradientPhaseSpaceScan\electron\Plots\CEP\polarization_cluster_04\Cep_State_Search_and_Config_Electron_Polarization_Cluster_04.pdf
========================================================================
Cluster ConfigGen 2/3: CPGAMMA (one_minus_C_p_gamma)
========================================================================
Gradient one_minus_C_p_gamma cluster ConfigGen (electron)
  source clustered minima: Output\GradientPhaseSpaceScan\electron\Data\CPGAMMA\cluster\clustered_minima.csv
  local minima loaded: 1821
  parent polarization PDFs: 3
  configured polarization-cluster minima: 1820
  local-minimum contour delta: 0.05
  total contour processing time: 36.345 s
  P1: alpha_e~0
    retained minima: 495
    configured local minima: 495
    selected minima: Output\GradientPhaseSpaceScan\electron\Data\CPGAMMA\max_c_p_gamma\polarization_cluster_01\combined\min_max_c_p_gamma_polarization_cluster_01_selected_minima.csv
    loaded pre-cluster per-minimum contour samples by local_minimum_id
    pre-cluster contour data load time: 10.130 s
    configuration examples: Output\GradientPhaseSpaceScan\electron\Data\CPGAMMA\max_c_p_gamma\polarization_cluster_01\combined\min_max_c_p_gamma_polarization_cluster_01_configuration_examples.csv
    cluster summary: Output\GradientPhaseSpaceScan\electron\Data\CPGAMMA\max_c_p_gamma\polarization_cluster_01\combined\min_max_c_p_gamma_polarization_cluster_01_cluster_summary.csv
    momentum configurations: Output\GradientPhaseSpaceScan\electron\Data\CPGAMMA\max_c_p_gamma\polarization_cluster_01\combined\min_max_c_p_gamma_polarization_cluster_01_momentum_configurations.csv
    amplitude decomposition: Output\GradientPhaseSpaceScan\electron\Data\CPGAMMA\max_c_p_gamma\polarization_cluster_01\combined\min_max_c_p_gamma_polarization_cluster_01_final_state_amplitude_decomposition.csv
    configuration PDF: Output\GradientPhaseSpaceScan\electron\Plots\CPGAMMA\polarization_cluster_01\Cpgamma_State_Search_and_Config_Electron_Polarization_Cluster_01.pdf
  P2: alpha_e~pi/2
    retained minima: 867
    configured local minima: 867
    selected minima: Output\GradientPhaseSpaceScan\electron\Data\CPGAMMA\max_c_p_gamma\polarization_cluster_02\combined\min_max_c_p_gamma_polarization_cluster_02_selected_minima.csv
    loaded pre-cluster per-minimum contour samples by local_minimum_id
    pre-cluster contour data load time: 17.315 s
    configuration examples: Output\GradientPhaseSpaceScan\electron\Data\CPGAMMA\max_c_p_gamma\polarization_cluster_02\combined\min_max_c_p_gamma_polarization_cluster_02_configuration_examples.csv
    cluster summary: Output\GradientPhaseSpaceScan\electron\Data\CPGAMMA\max_c_p_gamma\polarization_cluster_02\combined\min_max_c_p_gamma_polarization_cluster_02_cluster_summary.csv
    momentum configurations: Output\GradientPhaseSpaceScan\electron\Data\CPGAMMA\max_c_p_gamma\polarization_cluster_02\combined\min_max_c_p_gamma_polarization_cluster_02_momentum_configurations.csv
    amplitude decomposition: Output\GradientPhaseSpaceScan\electron\Data\CPGAMMA\max_c_p_gamma\polarization_cluster_02\combined\min_max_c_p_gamma_polarization_cluster_02_final_state_amplitude_decomposition.csv
    configuration PDF: Output\GradientPhaseSpaceScan\electron\Plots\CPGAMMA\polarization_cluster_02\Cpgamma_State_Search_and_Config_Electron_Polarization_Cluster_02.pdf
  P3: alpha_e~pi
    retained minima: 458
    configured local minima: 458
    selected minima: Output\GradientPhaseSpaceScan\electron\Data\CPGAMMA\max_c_p_gamma\polarization_cluster_03\combined\min_max_c_p_gamma_polarization_cluster_03_selected_minima.csv
    loaded pre-cluster per-minimum contour samples by local_minimum_id
    pre-cluster contour data load time: 8.900 s
    configuration examples: Output\GradientPhaseSpaceScan\electron\Data\CPGAMMA\max_c_p_gamma\polarization_cluster_03\combined\min_max_c_p_gamma_polarization_cluster_03_configuration_examples.csv
    cluster summary: Output\GradientPhaseSpaceScan\electron\Data\CPGAMMA\max_c_p_gamma\polarization_cluster_03\combined\min_max_c_p_gamma_polarization_cluster_03_cluster_summary.csv
    momentum configurations: Output\GradientPhaseSpaceScan\electron\Data\CPGAMMA\max_c_p_gamma\polarization_cluster_03\combined\min_max_c_p_gamma_polarization_cluster_03_momentum_configurations.csv
    amplitude decomposition: Output\GradientPhaseSpaceScan\electron\Data\CPGAMMA\max_c_p_gamma\polarization_cluster_03\combined\min_max_c_p_gamma_polarization_cluster_03_final_state_amplitude_decomposition.csv
    configuration PDF: Output\GradientPhaseSpaceScan\electron\Plots\CPGAMMA\polarization_cluster_03\Cpgamma_State_Search_and_Config_Electron_Polarization_Cluster_03.pdf
========================================================================
Cluster ConfigGen 3/3: CEGAMMA (one_minus_C_e_gamma)
========================================================================
Gradient one_minus_C_e_gamma cluster ConfigGen (electron)
  source clustered minima: Output\GradientPhaseSpaceScan\electron\Data\CEGAMMA\cluster\clustered_minima.csv
  local minima loaded: 1464
  parent polarization PDFs: 5
  configured polarization-cluster minima: 1379
  local-minimum contour delta: 0.05
  total contour processing time: 32.906 s
  P1: alpha_p~0
    retained minima: 307
    configured local minima: 307
    selected minima: Output\GradientPhaseSpaceScan\electron\Data\CEGAMMA\max_c_e_gamma\polarization_cluster_01\combined\min_max_c_e_gamma_polarization_cluster_01_selected_minima.csv
    loaded pre-cluster per-minimum contour samples by local_minimum_id
    pre-cluster contour data load time: 6.895 s
    configuration examples: Output\GradientPhaseSpaceScan\electron\Data\CEGAMMA\max_c_e_gamma\polarization_cluster_01\combined\min_max_c_e_gamma_polarization_cluster_01_configuration_examples.csv
    cluster summary: Output\GradientPhaseSpaceScan\electron\Data\CEGAMMA\max_c_e_gamma\polarization_cluster_01\combined\min_max_c_e_gamma_polarization_cluster_01_cluster_summary.csv
    momentum configurations: Output\GradientPhaseSpaceScan\electron\Data\CEGAMMA\max_c_e_gamma\polarization_cluster_01\combined\min_max_c_e_gamma_polarization_cluster_01_momentum_configurations.csv
    amplitude decomposition: Output\GradientPhaseSpaceScan\electron\Data\CEGAMMA\max_c_e_gamma\polarization_cluster_01\combined\min_max_c_e_gamma_polarization_cluster_01_final_state_amplitude_decomposition.csv
    configuration PDF: Output\GradientPhaseSpaceScan\electron\Plots\CEGAMMA\polarization_cluster_01\Cegamma_State_Search_and_Config_Electron_Polarization_Cluster_01.pdf
  P2: alpha_p~pi/4
    retained minima: 32
    configured local minima: 32
    selected minima: Output\GradientPhaseSpaceScan\electron\Data\CEGAMMA\max_c_e_gamma\polarization_cluster_02\combined\min_max_c_e_gamma_polarization_cluster_02_selected_minima.csv
    loaded pre-cluster per-minimum contour samples by local_minimum_id
    pre-cluster contour data load time: 0.585 s
    configuration examples: Output\GradientPhaseSpaceScan\electron\Data\CEGAMMA\max_c_e_gamma\polarization_cluster_02\combined\min_max_c_e_gamma_polarization_cluster_02_configuration_examples.csv
    cluster summary: Output\GradientPhaseSpaceScan\electron\Data\CEGAMMA\max_c_e_gamma\polarization_cluster_02\combined\min_max_c_e_gamma_polarization_cluster_02_cluster_summary.csv
    momentum configurations: Output\GradientPhaseSpaceScan\electron\Data\CEGAMMA\max_c_e_gamma\polarization_cluster_02\combined\min_max_c_e_gamma_polarization_cluster_02_momentum_configurations.csv
    amplitude decomposition: Output\GradientPhaseSpaceScan\electron\Data\CEGAMMA\max_c_e_gamma\polarization_cluster_02\combined\min_max_c_e_gamma_polarization_cluster_02_final_state_amplitude_decomposition.csv
    configuration PDF: Output\GradientPhaseSpaceScan\electron\Plots\CEGAMMA\polarization_cluster_02\Cegamma_State_Search_and_Config_Electron_Polarization_Cluster_02.pdf
  P3: alpha_p~pi/2
    retained minima: 649
    configured local minima: 649
    selected minima: Output\GradientPhaseSpaceScan\electron\Data\CEGAMMA\max_c_e_gamma\polarization_cluster_03\combined\min_max_c_e_gamma_polarization_cluster_03_selected_minima.csv
    loaded pre-cluster per-minimum contour samples by local_minimum_id
    pre-cluster contour data load time: 16.405 s
    configuration examples: Output\GradientPhaseSpaceScan\electron\Data\CEGAMMA\max_c_e_gamma\polarization_cluster_03\combined\min_max_c_e_gamma_polarization_cluster_03_configuration_examples.csv
    cluster summary: Output\GradientPhaseSpaceScan\electron\Data\CEGAMMA\max_c_e_gamma\polarization_cluster_03\combined\min_max_c_e_gamma_polarization_cluster_03_cluster_summary.csv
    momentum configurations: Output\GradientPhaseSpaceScan\electron\Data\CEGAMMA\max_c_e_gamma\polarization_cluster_03\combined\min_max_c_e_gamma_polarization_cluster_03_momentum_configurations.csv
    amplitude decomposition: Output\GradientPhaseSpaceScan\electron\Data\CEGAMMA\max_c_e_gamma\polarization_cluster_03\combined\min_max_c_e_gamma_polarization_cluster_03_final_state_amplitude_decomposition.csv
    configuration PDF: Output\GradientPhaseSpaceScan\electron\Plots\CEGAMMA\polarization_cluster_03\Cegamma_State_Search_and_Config_Electron_Polarization_Cluster_03.pdf
  P4: alpha_p~3pi/4
    retained minima: 46
    configured local minima: 46
    selected minima: Output\GradientPhaseSpaceScan\electron\Data\CEGAMMA\max_c_e_gamma\polarization_cluster_04\combined\min_max_c_e_gamma_polarization_cluster_04_selected_minima.csv
    loaded pre-cluster per-minimum contour samples by local_minimum_id
    pre-cluster contour data load time: 0.705 s
    configuration examples: Output\GradientPhaseSpaceScan\electron\Data\CEGAMMA\max_c_e_gamma\polarization_cluster_04\combined\min_max_c_e_gamma_polarization_cluster_04_configuration_examples.csv
    cluster summary: Output\GradientPhaseSpaceScan\electron\Data\CEGAMMA\max_c_e_gamma\polarization_cluster_04\combined\min_max_c_e_gamma_polarization_cluster_04_cluster_summary.csv
    momentum configurations: Output\GradientPhaseSpaceScan\electron\Data\CEGAMMA\max_c_e_gamma\polarization_cluster_04\combined\min_max_c_e_gamma_polarization_cluster_04_momentum_configurations.csv
    amplitude decomposition: Output\GradientPhaseSpaceScan\electron\Data\CEGAMMA\max_c_e_gamma\polarization_cluster_04\combined\min_max_c_e_gamma_polarization_cluster_04_final_state_amplitude_decomposition.csv
    configuration PDF: Output\GradientPhaseSpaceScan\electron\Plots\CEGAMMA\polarization_cluster_04\Cegamma_State_Search_and_Config_Electron_Polarization_Cluster_04.pdf
  P5: alpha_p~pi
    retained minima: 345
    configured local minima: 345
    selected minima: Output\GradientPhaseSpaceScan\electron\Data\CEGAMMA\max_c_e_gamma\polarization_cluster_05\combined\min_max_c_e_gamma_polarization_cluster_05_selected_minima.csv
    loaded pre-cluster per-minimum contour samples by local_minimum_id
    pre-cluster contour data load time: 8.315 s
    configuration examples: Output\GradientPhaseSpaceScan\electron\Data\CEGAMMA\max_c_e_gamma\polarization_cluster_05\combined\min_max_c_e_gamma_polarization_cluster_05_configuration_examples.csv
    cluster summary: Output\GradientPhaseSpaceScan\electron\Data\CEGAMMA\max_c_e_gamma\polarization_cluster_05\combined\min_max_c_e_gamma_polarization_cluster_05_cluster_summary.csv
    momentum configurations: Output\GradientPhaseSpaceScan\electron\Data\CEGAMMA\max_c_e_gamma\polarization_cluster_05\combined\min_max_c_e_gamma_polarization_cluster_05_momentum_configurations.csv
    amplitude decomposition: Output\GradientPhaseSpaceScan\electron\Data\CEGAMMA\max_c_e_gamma\polarization_cluster_05\combined\min_max_c_e_gamma_polarization_cluster_05_final_state_amplitude_decomposition.csv
    configuration PDF: Output\GradientPhaseSpaceScan\electron\Plots\CEGAMMA\polarization_cluster_05\Cegamma_State_Search_and_Config_Electron_Polarization_Cluster_05.pdf
[2026-08-04 23:55:37 -0400] Electron ConfigGen complete; resuming muon contour repair.
========================================================================
Muon contour repair 1/3: CEP (one_minus_C_e_p)
========================================================================
[1/1443] reused contour for local_minimum_id=0 in 0.022 s; ETA 0.5 min
[2/1443] reused contour for local_minimum_id=1 in 0.021 s; ETA 0.5 min
[3/1443] reused contour for local_minimum_id=2 in 0.022 s; ETA 0.6 min
[4/1443] reused contour for local_minimum_id=3 in 0.014 s; ETA 0.5 min
[5/1443] reused contour for local_minimum_id=4 in 0.015 s; ETA 0.5 min
[6/1443] reused contour for local_minimum_id=5 in 0.013 s; ETA 0.5 min
[7/1443] reused contour for local_minimum_id=6 in 0.014 s; ETA 0.4 min
[8/1443] reused contour for local_minimum_id=7 in 0.014 s; ETA 0.4 min
[9/1443] reused contour for local_minimum_id=8 in 0.017 s; ETA 0.4 min
[10/1443] reused contour for local_minimum_id=9 in 0.014 s; ETA 0.4 min
[11/1443] reused contour for local_minimum_id=10 in 0.018 s; ETA 0.4 min
[12/1443] reused contour for local_minimum_id=11 in 0.020 s; ETA 0.4 min
[13/1443] reused contour for local_minimum_id=12 in 0.013 s; ETA 0.4 min
[14/1443] reused contour for local_minimum_id=13 in 0.018 s; ETA 0.4 min
[15/1443] reused contour for local_minimum_id=14 in 0.014 s; ETA 0.4 min
[16/1443] reused contour for local_minimum_id=15 in 0.015 s; ETA 0.4 min
[17/1443] reused contour for local_minimum_id=16 in 0.013 s; ETA 0.4 min
[18/1443] reused contour for local_minimum_id=17 in 0.023 s; ETA 0.4 min
[19/1443] reused contour for local_minimum_id=18 in 0.024 s; ETA 0.4 min
[20/1443] reused contour for local_minimum_id=19 in 0.015 s; ETA 0.4 min
[21/1443] reused contour for local_minimum_id=20 in 0.013 s; ETA 0.4 min
[22/1443] reused contour for local_minimum_id=21 in 0.019 s; ETA 0.4 min
[23/1443] reused contour for local_minimum_id=22 in 0.017 s; ETA 0.4 min
[24/1443] reused contour for local_minimum_id=23 in 0.013 s; ETA 0.4 min
[25/1443] reused contour for local_minimum_id=24 in 0.017 s; ETA 0.4 min
[26/1443] reused contour for local_minimum_id=25 in 0.024 s; ETA 0.4 min
[27/1443] reused contour for local_minimum_id=26 in 0.016 s; ETA 0.4 min
[28/1443] reused contour for local_minimum_id=27 in 0.015 s; ETA 0.4 min
[29/1443] reused contour for local_minimum_id=28 in 0.014 s; ETA 0.4 min
[30/1443] reused contour for local_minimum_id=29 in 0.015 s; ETA 0.4 min
[31/1443] reused contour for local_minimum_id=30 in 0.019 s; ETA 0.4 min
[32/1443] reused contour for local_minimum_id=31 in 0.017 s; ETA 0.4 min
[33/1443] reused contour for local_minimum_id=32 in 0.017 s; ETA 0.4 min
[34/1443] reused contour for local_minimum_id=33 in 0.019 s; ETA 0.4 min
[35/1443] reused contour for local_minimum_id=34 in 0.019 s; ETA 0.4 min
[36/1443] reused contour for local_minimum_id=35 in 0.015 s; ETA 0.4 min
[37/1443] reused contour for local_minimum_id=36 in 0.014 s; ETA 0.4 min
[38/1443] reused contour for local_minimum_id=37 in 0.017 s; ETA 0.4 min
[39/1443] reused contour for local_minimum_id=38 in 0.020 s; ETA 0.4 min
[40/1443] reused contour for local_minimum_id=39 in 0.021 s; ETA 0.4 min
[41/1443] reused contour for local_minimum_id=40 in 0.017 s; ETA 0.4 min
[42/1443] reused contour for local_minimum_id=41 in 0.018 s; ETA 0.4 min
[43/1443] reused contour for local_minimum_id=42 in 0.014 s; ETA 0.4 min
[44/1443] reused contour for local_minimum_id=43 in 0.016 s; ETA 0.4 min
[45/1443] reused contour for local_minimum_id=44 in 0.014 s; ETA 0.4 min
[46/1443] reused contour for local_minimum_id=45 in 0.015 s; ETA 0.4 min
[47/1443] reused contour for local_minimum_id=46 in 0.017 s; ETA 0.4 min
[48/1443] reused contour for local_minimum_id=47 in 0.016 s; ETA 0.4 min
[49/1443] reused contour for local_minimum_id=48 in 0.031 s; ETA 0.4 min
[50/1443] reused contour for local_minimum_id=49 in 0.014 s; ETA 0.4 min
[51/1443] reused contour for local_minimum_id=50 in 0.020 s; ETA 0.4 min
[52/1443] reused contour for local_minimum_id=51 in 0.014 s; ETA 0.4 min
[53/1443] reused contour for local_minimum_id=52 in 0.019 s; ETA 0.4 min
[54/1443] reused contour for local_minimum_id=53 in 0.015 s; ETA 0.4 min
[55/1443] reused contour for local_minimum_id=54 in 0.020 s; ETA 0.4 min
[56/1443] reused contour for local_minimum_id=55 in 0.013 s; ETA 0.4 min
[57/1443] reused contour for local_minimum_id=56 in 0.017 s; ETA 0.4 min
[58/1443] reused contour for local_minimum_id=57 in 0.015 s; ETA 0.4 min
[59/1443] reused contour for local_minimum_id=58 in 0.015 s; ETA 0.4 min
[60/1443] reused contour for local_minimum_id=59 in 0.017 s; ETA 0.4 min
[61/1443] reused contour for local_minimum_id=60 in 0.017 s; ETA 0.4 min
[62/1443] reused contour for local_minimum_id=61 in 0.023 s; ETA 0.4 min
[63/1443] reused contour for local_minimum_id=62 in 0.032 s; ETA 0.4 min
[64/1443] reused contour for local_minimum_id=63 in 0.024 s; ETA 0.4 min
[65/1443] reused contour for local_minimum_id=64 in 0.023 s; ETA 0.4 min
[66/1443] reused contour for local_minimum_id=65 in 0.026 s; ETA 0.4 min
[67/1443] reused contour for local_minimum_id=66 in 0.019 s; ETA 0.4 min
[68/1443] reused contour for local_minimum_id=67 in 0.022 s; ETA 0.4 min
[69/1443] reused contour for local_minimum_id=68 in 0.023 s; ETA 0.4 min
[70/1443] reused contour for local_minimum_id=69 in 0.016 s; ETA 0.4 min
[71/1443] reused contour for local_minimum_id=70 in 0.021 s; ETA 0.4 min
[72/1443] reused contour for local_minimum_id=71 in 0.014 s; ETA 0.4 min
[73/1443] reused contour for local_minimum_id=72 in 0.015 s; ETA 0.4 min
[74/1443] reused contour for local_minimum_id=73 in 0.014 s; ETA 0.4 min
[75/1443] reused contour for local_minimum_id=74 in 0.023 s; ETA 0.4 min
[76/1443] reused contour for local_minimum_id=75 in 0.026 s; ETA 0.4 min
[77/1443] reused contour for local_minimum_id=76 in 0.018 s; ETA 0.4 min
[78/1443] reused contour for local_minimum_id=77 in 0.020 s; ETA 0.4 min
[79/1443] reused contour for local_minimum_id=78 in 0.019 s; ETA 0.4 min
[80/1443] reused contour for local_minimum_id=79 in 0.018 s; ETA 0.4 min
[81/1443] reused contour for local_minimum_id=80 in 0.015 s; ETA 0.4 min
[82/1443] reused contour for local_minimum_id=81 in 0.014 s; ETA 0.4 min
[83/1443] reused contour for local_minimum_id=82 in 0.026 s; ETA 0.4 min
[84/1443] reused contour for local_minimum_id=83 in 0.021 s; ETA 0.4 min
[85/1443] reused contour for local_minimum_id=84 in 0.023 s; ETA 0.4 min
[86/1443] reused contour for local_minimum_id=85 in 0.015 s; ETA 0.4 min
[87/1443] reused contour for local_minimum_id=86 in 0.026 s; ETA 0.4 min
[88/1443] reused contour for local_minimum_id=87 in 0.014 s; ETA 0.4 min
[89/1443] reused contour for local_minimum_id=88 in 0.025 s; ETA 0.4 min
[90/1443] reused contour for local_minimum_id=89 in 0.020 s; ETA 0.4 min
[91/1443] reused contour for local_minimum_id=90 in 0.014 s; ETA 0.4 min
[92/1443] reused contour for local_minimum_id=91 in 0.015 s; ETA 0.4 min
[93/1443] reused contour for local_minimum_id=92 in 0.015 s; ETA 0.4 min
[94/1443] reused contour for local_minimum_id=93 in 0.019 s; ETA 0.4 min
[95/1443] reused contour for local_minimum_id=94 in 0.020 s; ETA 0.4 min
[96/1443] reused contour for local_minimum_id=95 in 0.018 s; ETA 0.4 min
[97/1443] reused contour for local_minimum_id=96 in 0.021 s; ETA 0.4 min
[98/1443] reused contour for local_minimum_id=97 in 0.015 s; ETA 0.4 min
[99/1443] reused contour for local_minimum_id=98 in 0.034 s; ETA 0.4 min
[100/1443] reused contour for local_minimum_id=99 in 0.021 s; ETA 0.4 min
[101/1443] reused contour for local_minimum_id=100 in 0.022 s; ETA 0.4 min
[102/1443] reused contour for local_minimum_id=101 in 0.015 s; ETA 0.4 min
[103/1443] reused contour for local_minimum_id=102 in 0.019 s; ETA 0.4 min
[104/1443] reused contour for local_minimum_id=103 in 0.016 s; ETA 0.4 min
[105/1443] reused contour for local_minimum_id=104 in 0.019 s; ETA 0.4 min
[106/1443] reused contour for local_minimum_id=105 in 0.018 s; ETA 0.4 min
[107/1443] reused contour for local_minimum_id=106 in 0.017 s; ETA 0.4 min
[108/1443] reused contour for local_minimum_id=107 in 0.020 s; ETA 0.4 min
[109/1443] reused contour for local_minimum_id=108 in 0.023 s; ETA 0.4 min
[110/1443] reused contour for local_minimum_id=109 in 0.030 s; ETA 0.4 min
[111/1443] reused contour for local_minimum_id=110 in 0.015 s; ETA 0.4 min
[112/1443] reused contour for local_minimum_id=111 in 0.016 s; ETA 0.4 min
[113/1443] reused contour for local_minimum_id=112 in 0.019 s; ETA 0.4 min
[114/1443] reused contour for local_minimum_id=113 in 0.017 s; ETA 0.4 min
[115/1443] reused contour for local_minimum_id=114 in 0.018 s; ETA 0.4 min
[116/1443] reused contour for local_minimum_id=115 in 0.016 s; ETA 0.4 min
[117/1443] reused contour for local_minimum_id=116 in 0.019 s; ETA 0.4 min
[118/1443] reused contour for local_minimum_id=117 in 0.026 s; ETA 0.4 min
[119/1443] reused contour for local_minimum_id=118 in 0.021 s; ETA 0.4 min
[120/1443] reused contour for local_minimum_id=119 in 0.026 s; ETA 0.4 min
[121/1443] reused contour for local_minimum_id=120 in 0.019 s; ETA 0.4 min
[122/1443] reused contour for local_minimum_id=121 in 0.014 s; ETA 0.4 min
[123/1443] reused contour for local_minimum_id=122 in 0.024 s; ETA 0.4 min
[124/1443] reused contour for local_minimum_id=123 in 0.020 s; ETA 0.4 min
[125/1443] reused contour for local_minimum_id=124 in 0.023 s; ETA 0.4 min
[126/1443] reused contour for local_minimum_id=125 in 0.019 s; ETA 0.4 min
[127/1443] reused contour for local_minimum_id=126 in 0.016 s; ETA 0.4 min
[128/1443] reused contour for local_minimum_id=127 in 0.014 s; ETA 0.4 min
[129/1443] reused contour for local_minimum_id=128 in 0.020 s; ETA 0.4 min
[130/1443] reused contour for local_minimum_id=129 in 0.024 s; ETA 0.4 min
[131/1443] reused contour for local_minimum_id=130 in 0.016 s; ETA 0.4 min
[132/1443] reused contour for local_minimum_id=131 in 0.022 s; ETA 0.4 min
[133/1443] reused contour for local_minimum_id=132 in 0.025 s; ETA 0.4 min
[134/1443] reused contour for local_minimum_id=133 in 0.018 s; ETA 0.4 min
[135/1443] reused contour for local_minimum_id=134 in 0.025 s; ETA 0.4 min
[136/1443] reused contour for local_minimum_id=135 in 0.023 s; ETA 0.4 min
[137/1443] reused contour for local_minimum_id=136 in 0.025 s; ETA 0.4 min
[138/1443] reused contour for local_minimum_id=137 in 0.015 s; ETA 0.4 min
[139/1443] reused contour for local_minimum_id=138 in 0.018 s; ETA 0.4 min
[140/1443] reused contour for local_minimum_id=139 in 0.016 s; ETA 0.4 min
[141/1443] reused contour for local_minimum_id=140 in 0.019 s; ETA 0.4 min
[142/1443] reused contour for local_minimum_id=141 in 0.021 s; ETA 0.4 min
[143/1443] reused contour for local_minimum_id=142 in 0.019 s; ETA 0.4 min
[144/1443] reused contour for local_minimum_id=143 in 0.020 s; ETA 0.4 min
[145/1443] reused contour for local_minimum_id=144 in 0.019 s; ETA 0.4 min
[146/1443] reused contour for local_minimum_id=145 in 0.017 s; ETA 0.4 min
[147/1443] reused contour for local_minimum_id=146 in 0.019 s; ETA 0.4 min
[148/1443] reused contour for local_minimum_id=147 in 0.016 s; ETA 0.4 min
[149/1443] reused contour for local_minimum_id=148 in 0.018 s; ETA 0.4 min
[150/1443] reused contour for local_minimum_id=149 in 0.019 s; ETA 0.4 min
[151/1443] reused contour for local_minimum_id=150 in 0.023 s; ETA 0.4 min
[152/1443] reused contour for local_minimum_id=151 in 0.022 s; ETA 0.4 min
[153/1443] reused contour for local_minimum_id=152 in 0.021 s; ETA 0.4 min
[154/1443] reused contour for local_minimum_id=153 in 0.030 s; ETA 0.4 min
[155/1443] reused contour for local_minimum_id=154 in 0.022 s; ETA 0.4 min
[156/1443] reused contour for local_minimum_id=155 in 0.019 s; ETA 0.4 min
[157/1443] reused contour for local_minimum_id=156 in 0.020 s; ETA 0.4 min
[158/1443] reused contour for local_minimum_id=157 in 0.021 s; ETA 0.4 min
[159/1443] reused contour for local_minimum_id=158 in 0.023 s; ETA 0.4 min
[160/1443] reused contour for local_minimum_id=159 in 0.022 s; ETA 0.4 min
[161/1443] reused contour for local_minimum_id=160 in 0.029 s; ETA 0.4 min
[162/1443] reused contour for local_minimum_id=161 in 0.016 s; ETA 0.4 min
[163/1443] reused contour for local_minimum_id=162 in 0.016 s; ETA 0.4 min
[164/1443] reused contour for local_minimum_id=163 in 0.019 s; ETA 0.4 min
[165/1443] reused contour for local_minimum_id=164 in 0.021 s; ETA 0.4 min
[166/1443] reused contour for local_minimum_id=165 in 0.020 s; ETA 0.4 min
[167/1443] reused contour for local_minimum_id=166 in 0.020 s; ETA 0.4 min
[168/1443] reused contour for local_minimum_id=167 in 0.021 s; ETA 0.4 min
[169/1443] reused contour for local_minimum_id=168 in 0.021 s; ETA 0.4 min
[170/1443] reused contour for local_minimum_id=169 in 0.014 s; ETA 0.4 min
[171/1443] reused contour for local_minimum_id=170 in 0.019 s; ETA 0.4 min
[172/1443] reused contour for local_minimum_id=171 in 0.014 s; ETA 0.4 min
[173/1443] reused contour for local_minimum_id=172 in 0.015 s; ETA 0.4 min
[174/1443] reused contour for local_minimum_id=173 in 0.015 s; ETA 0.4 min
[175/1443] reused contour for local_minimum_id=174 in 0.021 s; ETA 0.4 min
[176/1443] reused contour for local_minimum_id=175 in 0.019 s; ETA 0.4 min
[177/1443] reused contour for local_minimum_id=176 in 0.013 s; ETA 0.4 min
[178/1443] reused contour for local_minimum_id=177 in 0.015 s; ETA 0.4 min
[179/1443] reused contour for local_minimum_id=178 in 0.021 s; ETA 0.4 min
[180/1443] reused contour for local_minimum_id=179 in 0.018 s; ETA 0.4 min
[181/1443] reused contour for local_minimum_id=180 in 0.018 s; ETA 0.4 min
[182/1443] reused contour for local_minimum_id=181 in 0.019 s; ETA 0.4 min
[183/1443] reused contour for local_minimum_id=182 in 0.022 s; ETA 0.4 min
[184/1443] reused contour for local_minimum_id=183 in 0.021 s; ETA 0.4 min
[185/1443] reused contour for local_minimum_id=184 in 0.020 s; ETA 0.4 min
[186/1443] reused contour for local_minimum_id=185 in 0.021 s; ETA 0.4 min
[187/1443] reused contour for local_minimum_id=186 in 0.020 s; ETA 0.4 min
[188/1443] reused contour for local_minimum_id=187 in 0.015 s; ETA 0.4 min
[189/1443] reused contour for local_minimum_id=188 in 0.019 s; ETA 0.4 min
[190/1443] reused contour for local_minimum_id=189 in 0.021 s; ETA 0.4 min
[191/1443] reused contour for local_minimum_id=190 in 0.016 s; ETA 0.4 min
[192/1443] reused contour for local_minimum_id=191 in 0.013 s; ETA 0.4 min
[193/1443] reused contour for local_minimum_id=192 in 0.022 s; ETA 0.4 min
[194/1443] reused contour for local_minimum_id=193 in 0.020 s; ETA 0.4 min
[195/1443] reused contour for local_minimum_id=194 in 0.022 s; ETA 0.4 min
[196/1443] reused contour for local_minimum_id=195 in 0.019 s; ETA 0.4 min
[197/1443] reused contour for local_minimum_id=196 in 0.019 s; ETA 0.4 min
[198/1443] reused contour for local_minimum_id=197 in 0.029 s; ETA 0.4 min
[199/1443] reused contour for local_minimum_id=198 in 0.018 s; ETA 0.4 min
[200/1443] reused contour for local_minimum_id=199 in 0.019 s; ETA 0.4 min
[201/1443] reused contour for local_minimum_id=200 in 0.021 s; ETA 0.4 min
[202/1443] reused contour for local_minimum_id=201 in 0.020 s; ETA 0.4 min
[203/1443] reused contour for local_minimum_id=202 in 0.015 s; ETA 0.4 min
[204/1443] reused contour for local_minimum_id=203 in 0.020 s; ETA 0.4 min
[205/1443] reused contour for local_minimum_id=204 in 0.020 s; ETA 0.4 min
[206/1443] reused contour for local_minimum_id=205 in 0.017 s; ETA 0.4 min
[207/1443] reused contour for local_minimum_id=206 in 0.019 s; ETA 0.4 min
[208/1443] reused contour for local_minimum_id=207 in 0.019 s; ETA 0.4 min
[209/1443] reused contour for local_minimum_id=208 in 0.038 s; ETA 0.4 min
[210/1443] reused contour for local_minimum_id=209 in 0.027 s; ETA 0.4 min
[211/1443] reused contour for local_minimum_id=210 in 0.030 s; ETA 0.4 min
[212/1443] reused contour for local_minimum_id=211 in 0.035 s; ETA 0.4 min
[213/1443] reused contour for local_minimum_id=212 in 0.017 s; ETA 0.4 min
[214/1443] reused contour for local_minimum_id=213 in 0.021 s; ETA 0.4 min
[215/1443] reused contour for local_minimum_id=214 in 0.021 s; ETA 0.4 min
[216/1443] reused contour for local_minimum_id=215 in 0.015 s; ETA 0.4 min
[217/1443] reused contour for local_minimum_id=216 in 0.019 s; ETA 0.4 min
[218/1443] reused contour for local_minimum_id=217 in 0.016 s; ETA 0.4 min
[219/1443] reused contour for local_minimum_id=218 in 0.020 s; ETA 0.4 min
[220/1443] reused contour for local_minimum_id=219 in 0.030 s; ETA 0.4 min
[221/1443] reused contour for local_minimum_id=220 in 0.022 s; ETA 0.4 min
[222/1443] reused contour for local_minimum_id=221 in 0.019 s; ETA 0.4 min
[223/1443] reused contour for local_minimum_id=222 in 0.020 s; ETA 0.4 min
[224/1443] reused contour for local_minimum_id=223 in 0.024 s; ETA 0.4 min
[225/1443] reused contour for local_minimum_id=224 in 0.022 s; ETA 0.4 min
[226/1443] reused contour for local_minimum_id=225 in 0.017 s; ETA 0.4 min
[227/1443] reused contour for local_minimum_id=226 in 0.018 s; ETA 0.4 min
[228/1443] reused contour for local_minimum_id=227 in 0.018 s; ETA 0.4 min
[229/1443] reused contour for local_minimum_id=228 in 0.022 s; ETA 0.4 min
[230/1443] reused contour for local_minimum_id=229 in 0.030 s; ETA 0.4 min
[231/1443] reused contour for local_minimum_id=230 in 0.016 s; ETA 0.4 min
[232/1443] reused contour for local_minimum_id=231 in 0.025 s; ETA 0.4 min
[233/1443] reused contour for local_minimum_id=232 in 0.021 s; ETA 0.4 min
[234/1443] reused contour for local_minimum_id=233 in 0.020 s; ETA 0.4 min
[235/1443] reused contour for local_minimum_id=234 in 0.018 s; ETA 0.4 min
[236/1443] reused contour for local_minimum_id=235 in 0.019 s; ETA 0.4 min
[237/1443] reused contour for local_minimum_id=236 in 0.022 s; ETA 0.4 min
[238/1443] reused contour for local_minimum_id=237 in 0.015 s; ETA 0.4 min
[239/1443] reused contour for local_minimum_id=238 in 0.015 s; ETA 0.4 min
[240/1443] reused contour for local_minimum_id=239 in 0.022 s; ETA 0.4 min
[241/1443] reused contour for local_minimum_id=240 in 0.025 s; ETA 0.4 min
[242/1443] reused contour for local_minimum_id=241 in 0.018 s; ETA 0.4 min
[243/1443] reused contour for local_minimum_id=242 in 0.019 s; ETA 0.4 min
[244/1443] reused contour for local_minimum_id=243 in 0.017 s; ETA 0.4 min
[245/1443] reused contour for local_minimum_id=244 in 0.020 s; ETA 0.4 min
[246/1443] reused contour for local_minimum_id=245 in 0.021 s; ETA 0.4 min
[247/1443] reused contour for local_minimum_id=246 in 0.021 s; ETA 0.4 min
[248/1443] reused contour for local_minimum_id=247 in 0.020 s; ETA 0.4 min
[249/1443] reused contour for local_minimum_id=248 in 0.021 s; ETA 0.4 min
[250/1443] reused contour for local_minimum_id=249 in 0.017 s; ETA 0.4 min
[251/1443] reused contour for local_minimum_id=250 in 0.018 s; ETA 0.4 min
[252/1443] reused contour for local_minimum_id=251 in 0.018 s; ETA 0.4 min
[253/1443] reused contour for local_minimum_id=252 in 0.018 s; ETA 0.4 min
[254/1443] reused contour for local_minimum_id=253 in 0.023 s; ETA 0.4 min
[255/1443] reused contour for local_minimum_id=254 in 0.027 s; ETA 0.4 min
[256/1443] reused contour for local_minimum_id=255 in 0.031 s; ETA 0.4 min
[257/1443] reused contour for local_minimum_id=256 in 0.020 s; ETA 0.4 min
[258/1443] reused contour for local_minimum_id=257 in 0.025 s; ETA 0.4 min
[259/1443] reused contour for local_minimum_id=258 in 0.025 s; ETA 0.4 min
[260/1443] reused contour for local_minimum_id=259 in 0.021 s; ETA 0.4 min
[261/1443] reused contour for local_minimum_id=260 in 0.027 s; ETA 0.4 min
[262/1443] reused contour for local_minimum_id=261 in 0.021 s; ETA 0.4 min
[263/1443] reused contour for local_minimum_id=262 in 0.021 s; ETA 0.4 min
[264/1443] reused contour for local_minimum_id=263 in 0.025 s; ETA 0.4 min
[265/1443] reused contour for local_minimum_id=264 in 0.022 s; ETA 0.4 min
[266/1443] reused contour for local_minimum_id=265 in 0.016 s; ETA 0.4 min
[267/1443] reused contour for local_minimum_id=266 in 0.019 s; ETA 0.4 min
[268/1443] reused contour for local_minimum_id=267 in 0.020 s; ETA 0.4 min
[269/1443] reused contour for local_minimum_id=268 in 0.016 s; ETA 0.4 min
[270/1443] reused contour for local_minimum_id=269 in 0.022 s; ETA 0.4 min
[271/1443] reused contour for local_minimum_id=270 in 0.022 s; ETA 0.4 min
[272/1443] reused contour for local_minimum_id=271 in 0.016 s; ETA 0.4 min
[273/1443] reused contour for local_minimum_id=272 in 0.020 s; ETA 0.4 min
[274/1443] reused contour for local_minimum_id=273 in 0.017 s; ETA 0.4 min
[275/1443] reused contour for local_minimum_id=274 in 0.015 s; ETA 0.4 min
[276/1443] reused contour for local_minimum_id=275 in 0.028 s; ETA 0.4 min
[277/1443] reused contour for local_minimum_id=276 in 0.017 s; ETA 0.4 min
[278/1443] reused contour for local_minimum_id=277 in 0.020 s; ETA 0.4 min
[279/1443] reused contour for local_minimum_id=278 in 0.019 s; ETA 0.4 min
[280/1443] reused contour for local_minimum_id=279 in 0.021 s; ETA 0.4 min
[281/1443] reused contour for local_minimum_id=280 in 0.017 s; ETA 0.4 min
[282/1443] reused contour for local_minimum_id=281 in 0.021 s; ETA 0.4 min
[283/1443] reused contour for local_minimum_id=282 in 0.020 s; ETA 0.4 min
[284/1443] reused contour for local_minimum_id=283 in 0.015 s; ETA 0.4 min
[285/1443] reused contour for local_minimum_id=284 in 0.021 s; ETA 0.4 min
[286/1443] reused contour for local_minimum_id=285 in 0.017 s; ETA 0.4 min
[287/1443] reused contour for local_minimum_id=286 in 0.018 s; ETA 0.4 min
[288/1443] reused contour for local_minimum_id=287 in 0.023 s; ETA 0.4 min
[289/1443] reused contour for local_minimum_id=288 in 0.025 s; ETA 0.4 min
[290/1443] reused contour for local_minimum_id=289 in 0.026 s; ETA 0.4 min
[291/1443] reused contour for local_minimum_id=290 in 0.025 s; ETA 0.4 min
[292/1443] reused contour for local_minimum_id=291 in 0.020 s; ETA 0.4 min
[293/1443] reused contour for local_minimum_id=292 in 0.020 s; ETA 0.4 min
[294/1443] reused contour for local_minimum_id=293 in 0.014 s; ETA 0.4 min
[295/1443] reused contour for local_minimum_id=294 in 0.020 s; ETA 0.4 min
[296/1443] reused contour for local_minimum_id=295 in 0.019 s; ETA 0.4 min
[297/1443] reused contour for local_minimum_id=296 in 0.019 s; ETA 0.4 min
[298/1443] reused contour for local_minimum_id=297 in 0.021 s; ETA 0.4 min
[299/1443] reused contour for local_minimum_id=298 in 0.019 s; ETA 0.4 min
[300/1443] reused contour for local_minimum_id=299 in 0.021 s; ETA 0.4 min
[301/1443] reused contour for local_minimum_id=300 in 0.022 s; ETA 0.4 min
[302/1443] reused contour for local_minimum_id=301 in 0.019 s; ETA 0.4 min
[303/1443] reused contour for local_minimum_id=302 in 0.020 s; ETA 0.4 min
[304/1443] reused contour for local_minimum_id=303 in 0.022 s; ETA 0.4 min
[305/1443] reused contour for local_minimum_id=304 in 0.016 s; ETA 0.4 min
[306/1443] reused contour for local_minimum_id=305 in 0.028 s; ETA 0.4 min
[307/1443] reused contour for local_minimum_id=306 in 0.022 s; ETA 0.4 min
[308/1443] reused contour for local_minimum_id=307 in 0.020 s; ETA 0.4 min
[309/1443] reused contour for local_minimum_id=308 in 0.016 s; ETA 0.4 min
[310/1443] reused contour for local_minimum_id=309 in 0.015 s; ETA 0.4 min
[311/1443] reused contour for local_minimum_id=310 in 0.019 s; ETA 0.4 min
[312/1443] reused contour for local_minimum_id=311 in 0.023 s; ETA 0.4 min
[313/1443] reused contour for local_minimum_id=312 in 0.024 s; ETA 0.4 min
[314/1443] reused contour for local_minimum_id=313 in 0.030 s; ETA 0.4 min
[315/1443] reused contour for local_minimum_id=314 in 0.021 s; ETA 0.4 min
[316/1443] reused contour for local_minimum_id=315 in 0.015 s; ETA 0.4 min
[317/1443] reused contour for local_minimum_id=316 in 0.019 s; ETA 0.4 min
[318/1443] reused contour for local_minimum_id=317 in 0.021 s; ETA 0.4 min
[319/1443] reused contour for local_minimum_id=318 in 0.029 s; ETA 0.4 min
[320/1443] reused contour for local_minimum_id=319 in 0.020 s; ETA 0.4 min
[321/1443] reused contour for local_minimum_id=320 in 0.027 s; ETA 0.4 min
[322/1443] reused contour for local_minimum_id=321 in 0.028 s; ETA 0.4 min
[323/1443] reused contour for local_minimum_id=322 in 0.021 s; ETA 0.4 min
[324/1443] reused contour for local_minimum_id=323 in 0.020 s; ETA 0.4 min
[325/1443] reused contour for local_minimum_id=324 in 0.020 s; ETA 0.4 min
[326/1443] reused contour for local_minimum_id=325 in 0.015 s; ETA 0.4 min
[327/1443] reused contour for local_minimum_id=326 in 0.018 s; ETA 0.4 min
[328/1443] reused contour for local_minimum_id=327 in 0.020 s; ETA 0.4 min
[329/1443] reused contour for local_minimum_id=328 in 0.019 s; ETA 0.4 min
[330/1443] reused contour for local_minimum_id=329 in 0.020 s; ETA 0.4 min
[331/1443] reused contour for local_minimum_id=330 in 0.019 s; ETA 0.4 min
[332/1443] reused contour for local_minimum_id=331 in 0.017 s; ETA 0.4 min
[333/1443] reused contour for local_minimum_id=332 in 0.022 s; ETA 0.4 min
[334/1443] reused contour for local_minimum_id=333 in 0.020 s; ETA 0.4 min
[335/1443] reused contour for local_minimum_id=334 in 0.020 s; ETA 0.4 min
[336/1443] reused contour for local_minimum_id=335 in 0.018 s; ETA 0.4 min
[337/1443] reused contour for local_minimum_id=336 in 0.029 s; ETA 0.4 min
[338/1443] reused contour for local_minimum_id=337 in 0.026 s; ETA 0.4 min
[339/1443] reused contour for local_minimum_id=338 in 0.019 s; ETA 0.4 min
[340/1443] reused contour for local_minimum_id=339 in 0.015 s; ETA 0.4 min
[341/1443] reused contour for local_minimum_id=340 in 0.017 s; ETA 0.4 min
[342/1443] reused contour for local_minimum_id=341 in 0.027 s; ETA 0.4 min
[343/1443] reused contour for local_minimum_id=342 in 0.024 s; ETA 0.4 min
[344/1443] reused contour for local_minimum_id=343 in 0.026 s; ETA 0.4 min
[345/1443] reused contour for local_minimum_id=344 in 0.023 s; ETA 0.4 min
[346/1443] reused contour for local_minimum_id=345 in 0.026 s; ETA 0.4 min
[347/1443] reused contour for local_minimum_id=346 in 0.019 s; ETA 0.4 min
[348/1443] reused contour for local_minimum_id=347 in 0.020 s; ETA 0.4 min
[349/1443] reused contour for local_minimum_id=348 in 0.019 s; ETA 0.4 min
[350/1443] reused contour for local_minimum_id=349 in 0.016 s; ETA 0.4 min
[351/1443] reused contour for local_minimum_id=350 in 0.020 s; ETA 0.4 min
[352/1443] reused contour for local_minimum_id=351 in 0.023 s; ETA 0.4 min
[353/1443] reused contour for local_minimum_id=352 in 0.024 s; ETA 0.4 min
[354/1443] reused contour for local_minimum_id=353 in 0.023 s; ETA 0.4 min
[355/1443] reused contour for local_minimum_id=354 in 0.018 s; ETA 0.4 min
[356/1443] reused contour for local_minimum_id=355 in 0.019 s; ETA 0.4 min
[357/1443] reused contour for local_minimum_id=356 in 0.017 s; ETA 0.4 min
[358/1443] reused contour for local_minimum_id=357 in 0.022 s; ETA 0.4 min
[359/1443] reused contour for local_minimum_id=358 in 0.018 s; ETA 0.4 min
[360/1443] reused contour for local_minimum_id=359 in 0.022 s; ETA 0.4 min
[361/1443] reused contour for local_minimum_id=360 in 0.018 s; ETA 0.4 min
[362/1443] reused contour for local_minimum_id=361 in 0.024 s; ETA 0.4 min
[363/1443] reused contour for local_minimum_id=362 in 0.036 s; ETA 0.4 min
[364/1443] reused contour for local_minimum_id=363 in 0.022 s; ETA 0.4 min
[365/1443] reused contour for local_minimum_id=364 in 0.021 s; ETA 0.4 min
[366/1443] reused contour for local_minimum_id=365 in 0.018 s; ETA 0.4 min
[367/1443] reused contour for local_minimum_id=366 in 0.022 s; ETA 0.4 min
[368/1443] reused contour for local_minimum_id=367 in 0.023 s; ETA 0.4 min
[369/1443] reused contour for local_minimum_id=368 in 0.019 s; ETA 0.4 min
[370/1443] reused contour for local_minimum_id=369 in 0.020 s; ETA 0.4 min
[371/1443] reused contour for local_minimum_id=370 in 0.030 s; ETA 0.4 min
[372/1443] reused contour for local_minimum_id=371 in 0.021 s; ETA 0.4 min
[373/1443] reused contour for local_minimum_id=372 in 0.025 s; ETA 0.4 min
[374/1443] reused contour for local_minimum_id=373 in 0.021 s; ETA 0.4 min
[375/1443] reused contour for local_minimum_id=374 in 0.021 s; ETA 0.4 min
[376/1443] reused contour for local_minimum_id=375 in 0.019 s; ETA 0.4 min
[377/1443] reused contour for local_minimum_id=376 in 0.022 s; ETA 0.4 min
[378/1443] reused contour for local_minimum_id=377 in 0.022 s; ETA 0.4 min
[379/1443] reused contour for local_minimum_id=378 in 0.021 s; ETA 0.4 min
[380/1443] reused contour for local_minimum_id=379 in 0.017 s; ETA 0.4 min
[381/1443] reused contour for local_minimum_id=380 in 0.022 s; ETA 0.4 min
[382/1443] reused contour for local_minimum_id=381 in 0.019 s; ETA 0.4 min
[383/1443] reused contour for local_minimum_id=382 in 0.020 s; ETA 0.4 min
[384/1443] reused contour for local_minimum_id=383 in 0.018 s; ETA 0.4 min
[385/1443] reused contour for local_minimum_id=384 in 0.029 s; ETA 0.4 min
[386/1443] reused contour for local_minimum_id=385 in 0.028 s; ETA 0.4 min
[387/1443] reused contour for local_minimum_id=386 in 0.020 s; ETA 0.4 min
[388/1443] reused contour for local_minimum_id=387 in 0.020 s; ETA 0.4 min
[389/1443] reused contour for local_minimum_id=388 in 0.022 s; ETA 0.4 min
[390/1443] reused contour for local_minimum_id=389 in 0.021 s; ETA 0.4 min
[391/1443] reused contour for local_minimum_id=390 in 0.026 s; ETA 0.4 min
[392/1443] reused contour for local_minimum_id=391 in 0.020 s; ETA 0.4 min
[393/1443] reused contour for local_minimum_id=392 in 0.021 s; ETA 0.4 min
[394/1443] reused contour for local_minimum_id=393 in 0.028 s; ETA 0.4 min
[395/1443] reused contour for local_minimum_id=394 in 0.020 s; ETA 0.4 min
[396/1443] reused contour for local_minimum_id=395 in 0.014 s; ETA 0.4 min
[397/1443] reused contour for local_minimum_id=396 in 0.020 s; ETA 0.4 min
[398/1443] reused contour for local_minimum_id=397 in 0.019 s; ETA 0.4 min
[399/1443] reused contour for local_minimum_id=398 in 0.022 s; ETA 0.4 min
[400/1443] reused contour for local_minimum_id=399 in 0.027 s; ETA 0.4 min
[401/1443] reused contour for local_minimum_id=400 in 0.020 s; ETA 0.4 min
[402/1443] reused contour for local_minimum_id=401 in 0.020 s; ETA 0.4 min
[403/1443] reused contour for local_minimum_id=402 in 0.019 s; ETA 0.4 min
[404/1443] reused contour for local_minimum_id=403 in 0.024 s; ETA 0.4 min
[405/1443] reused contour for local_minimum_id=404 in 0.022 s; ETA 0.4 min
[406/1443] reused contour for local_minimum_id=405 in 0.020 s; ETA 0.4 min
[407/1443] reused contour for local_minimum_id=406 in 0.019 s; ETA 0.4 min
[408/1443] reused contour for local_minimum_id=407 in 0.022 s; ETA 0.4 min
[409/1443] reused contour for local_minimum_id=408 in 0.018 s; ETA 0.4 min
[410/1443] reused contour for local_minimum_id=409 in 0.017 s; ETA 0.4 min
[411/1443] reused contour for local_minimum_id=410 in 0.019 s; ETA 0.4 min
[412/1443] reused contour for local_minimum_id=411 in 0.024 s; ETA 0.4 min
[413/1443] reused contour for local_minimum_id=412 in 0.020 s; ETA 0.4 min
[414/1443] reused contour for local_minimum_id=413 in 0.020 s; ETA 0.4 min
[415/1443] reused contour for local_minimum_id=414 in 0.020 s; ETA 0.4 min
[416/1443] reused contour for local_minimum_id=415 in 0.016 s; ETA 0.4 min
[417/1443] reused contour for local_minimum_id=416 in 0.014 s; ETA 0.4 min
[418/1443] reused contour for local_minimum_id=417 in 0.022 s; ETA 0.4 min
[419/1443] reused contour for local_minimum_id=418 in 0.024 s; ETA 0.4 min
[420/1443] reused contour for local_minimum_id=419 in 0.020 s; ETA 0.4 min
[421/1443] reused contour for local_minimum_id=420 in 0.021 s; ETA 0.4 min
[422/1443] reused contour for local_minimum_id=421 in 0.024 s; ETA 0.4 min
[423/1443] reused contour for local_minimum_id=422 in 0.020 s; ETA 0.4 min
[424/1443] reused contour for local_minimum_id=423 in 0.021 s; ETA 0.4 min
[425/1443] reused contour for local_minimum_id=424 in 0.022 s; ETA 0.4 min
[426/1443] reused contour for local_minimum_id=425 in 0.022 s; ETA 0.4 min
[427/1443] reused contour for local_minimum_id=426 in 0.021 s; ETA 0.4 min
[428/1443] reused contour for local_minimum_id=427 in 0.019 s; ETA 0.4 min
[429/1443] reused contour for local_minimum_id=428 in 0.019 s; ETA 0.4 min
[430/1443] reused contour for local_minimum_id=429 in 0.019 s; ETA 0.4 min
[431/1443] reused contour for local_minimum_id=430 in 0.021 s; ETA 0.4 min
[432/1443] reused contour for local_minimum_id=431 in 0.038 s; ETA 0.4 min
[433/1443] reused contour for local_minimum_id=432 in 0.016 s; ETA 0.4 min
[434/1443] reused contour for local_minimum_id=433 in 0.022 s; ETA 0.4 min
[435/1443] reused contour for local_minimum_id=434 in 0.021 s; ETA 0.4 min
[436/1443] reused contour for local_minimum_id=435 in 0.020 s; ETA 0.4 min
[437/1443] reused contour for local_minimum_id=436 in 0.018 s; ETA 0.4 min
[438/1443] reused contour for local_minimum_id=437 in 0.019 s; ETA 0.4 min
[439/1443] reused contour for local_minimum_id=438 in 0.020 s; ETA 0.4 min
[440/1443] reused contour for local_minimum_id=439 in 0.022 s; ETA 0.4 min
[441/1443] reused contour for local_minimum_id=440 in 0.021 s; ETA 0.4 min
[442/1443] reused contour for local_minimum_id=441 in 0.020 s; ETA 0.4 min
[443/1443] reused contour for local_minimum_id=442 in 0.029 s; ETA 0.4 min
[444/1443] reused contour for local_minimum_id=443 in 0.022 s; ETA 0.4 min
[445/1443] reused contour for local_minimum_id=444 in 0.020 s; ETA 0.4 min
[446/1443] reused contour for local_minimum_id=445 in 0.020 s; ETA 0.4 min
[447/1443] reused contour for local_minimum_id=446 in 0.018 s; ETA 0.4 min
[448/1443] reused contour for local_minimum_id=447 in 0.021 s; ETA 0.4 min
[449/1443] reused contour for local_minimum_id=448 in 0.034 s; ETA 0.4 min
[450/1443] reused contour for local_minimum_id=449 in 0.018 s; ETA 0.4 min
[451/1443] reused contour for local_minimum_id=450 in 0.021 s; ETA 0.4 min
[452/1443] reused contour for local_minimum_id=451 in 0.016 s; ETA 0.4 min
[453/1443] reused contour for local_minimum_id=452 in 0.016 s; ETA 0.4 min
[454/1443] reused contour for local_minimum_id=453 in 0.015 s; ETA 0.4 min
[455/1443] reused contour for local_minimum_id=454 in 0.020 s; ETA 0.4 min
[456/1443] reused contour for local_minimum_id=455 in 0.026 s; ETA 0.4 min
[457/1443] reused contour for local_minimum_id=456 in 0.019 s; ETA 0.4 min
[458/1443] reused contour for local_minimum_id=457 in 0.016 s; ETA 0.4 min
[459/1443] reused contour for local_minimum_id=458 in 0.020 s; ETA 0.4 min
[460/1443] reused contour for local_minimum_id=459 in 0.026 s; ETA 0.4 min
[461/1443] reused contour for local_minimum_id=460 in 0.022 s; ETA 0.4 min
[462/1443] reused contour for local_minimum_id=461 in 0.021 s; ETA 0.4 min
[463/1443] reused contour for local_minimum_id=462 in 0.018 s; ETA 0.4 min
[464/1443] reused contour for local_minimum_id=463 in 0.021 s; ETA 0.4 min
[465/1443] reused contour for local_minimum_id=464 in 0.020 s; ETA 0.4 min
[466/1443] reused contour for local_minimum_id=465 in 0.020 s; ETA 0.4 min
[467/1443] reused contour for local_minimum_id=466 in 0.021 s; ETA 0.4 min
[468/1443] reused contour for local_minimum_id=467 in 0.027 s; ETA 0.4 min
[469/1443] reused contour for local_minimum_id=468 in 0.028 s; ETA 0.4 min
[470/1443] reused contour for local_minimum_id=469 in 0.018 s; ETA 0.3 min
[471/1443] reused contour for local_minimum_id=470 in 0.022 s; ETA 0.3 min
[472/1443] reused contour for local_minimum_id=471 in 0.023 s; ETA 0.3 min
[473/1443] reused contour for local_minimum_id=472 in 0.021 s; ETA 0.3 min
[474/1443] reused contour for local_minimum_id=473 in 0.021 s; ETA 0.3 min
[475/1443] reused contour for local_minimum_id=474 in 0.021 s; ETA 0.3 min
[476/1443] reused contour for local_minimum_id=475 in 0.021 s; ETA 0.3 min
[477/1443] reused contour for local_minimum_id=476 in 0.016 s; ETA 0.3 min
[478/1443] reused contour for local_minimum_id=477 in 0.017 s; ETA 0.3 min
[479/1443] reused contour for local_minimum_id=478 in 0.019 s; ETA 0.3 min
[480/1443] reused contour for local_minimum_id=479 in 0.020 s; ETA 0.3 min
[481/1443] reused contour for local_minimum_id=480 in 0.020 s; ETA 0.3 min
[482/1443] reused contour for local_minimum_id=481 in 0.025 s; ETA 0.3 min
[483/1443] reused contour for local_minimum_id=482 in 0.017 s; ETA 0.3 min
[484/1443] reused contour for local_minimum_id=483 in 0.015 s; ETA 0.3 min
[485/1443] reused contour for local_minimum_id=484 in 0.022 s; ETA 0.3 min
[486/1443] reused contour for local_minimum_id=485 in 0.026 s; ETA 0.3 min
[487/1443] reused contour for local_minimum_id=486 in 0.021 s; ETA 0.3 min
[488/1443] reused contour for local_minimum_id=487 in 0.025 s; ETA 0.3 min
[489/1443] reused contour for local_minimum_id=488 in 0.020 s; ETA 0.3 min
[490/1443] reused contour for local_minimum_id=489 in 0.015 s; ETA 0.3 min
[491/1443] reused contour for local_minimum_id=490 in 0.014 s; ETA 0.3 min
[492/1443] reused contour for local_minimum_id=491 in 0.022 s; ETA 0.3 min
[493/1443] reused contour for local_minimum_id=492 in 0.019 s; ETA 0.3 min
[494/1443] reused contour for local_minimum_id=493 in 0.028 s; ETA 0.3 min
[495/1443] reused contour for local_minimum_id=494 in 0.018 s; ETA 0.3 min
[496/1443] reused contour for local_minimum_id=495 in 0.015 s; ETA 0.3 min
[497/1443] reused contour for local_minimum_id=496 in 0.022 s; ETA 0.3 min
[498/1443] reused contour for local_minimum_id=497 in 0.021 s; ETA 0.3 min
[499/1443] reused contour for local_minimum_id=498 in 0.019 s; ETA 0.3 min
[500/1443] reused contour for local_minimum_id=499 in 0.031 s; ETA 0.3 min
[501/1443] reused contour for local_minimum_id=500 in 0.016 s; ETA 0.3 min
[502/1443] reused contour for local_minimum_id=501 in 0.020 s; ETA 0.3 min
[503/1443] reused contour for local_minimum_id=502 in 0.014 s; ETA 0.3 min
[504/1443] reused contour for local_minimum_id=503 in 0.018 s; ETA 0.3 min
[505/1443] reused contour for local_minimum_id=504 in 0.021 s; ETA 0.3 min
[506/1443] reused contour for local_minimum_id=505 in 0.025 s; ETA 0.3 min
[507/1443] reused contour for local_minimum_id=506 in 0.021 s; ETA 0.3 min
[508/1443] reused contour for local_minimum_id=507 in 0.019 s; ETA 0.3 min
[509/1443] reused contour for local_minimum_id=508 in 0.018 s; ETA 0.3 min
[510/1443] reused contour for local_minimum_id=509 in 0.019 s; ETA 0.3 min
[511/1443] reused contour for local_minimum_id=510 in 0.016 s; ETA 0.3 min
[512/1443] reused contour for local_minimum_id=511 in 0.020 s; ETA 0.3 min
[513/1443] reused contour for local_minimum_id=512 in 0.019 s; ETA 0.3 min
[514/1443] reused contour for local_minimum_id=513 in 0.026 s; ETA 0.3 min
[515/1443] reused contour for local_minimum_id=514 in 0.017 s; ETA 0.3 min
[516/1443] reused contour for local_minimum_id=515 in 0.019 s; ETA 0.3 min
[517/1443] reused contour for local_minimum_id=516 in 0.029 s; ETA 0.3 min
[518/1443] reused contour for local_minimum_id=517 in 0.021 s; ETA 0.3 min
[519/1443] reused contour for local_minimum_id=518 in 0.019 s; ETA 0.3 min
[520/1443] reused contour for local_minimum_id=519 in 0.022 s; ETA 0.3 min
[521/1443] reused contour for local_minimum_id=520 in 0.020 s; ETA 0.3 min
[522/1443] reused contour for local_minimum_id=521 in 0.017 s; ETA 0.3 min
[523/1443] reused contour for local_minimum_id=522 in 0.014 s; ETA 0.3 min
[524/1443] reused contour for local_minimum_id=523 in 0.022 s; ETA 0.3 min
[525/1443] reused contour for local_minimum_id=524 in 0.025 s; ETA 0.3 min
[526/1443] reused contour for local_minimum_id=525 in 0.017 s; ETA 0.3 min
[527/1443] reused contour for local_minimum_id=526 in 0.019 s; ETA 0.3 min
[528/1443] reused contour for local_minimum_id=527 in 0.018 s; ETA 0.3 min
[529/1443] reused contour for local_minimum_id=528 in 0.020 s; ETA 0.3 min
[530/1443] reused contour for local_minimum_id=529 in 0.015 s; ETA 0.3 min
[531/1443] reused contour for local_minimum_id=530 in 0.015 s; ETA 0.3 min
[532/1443] reused contour for local_minimum_id=531 in 0.022 s; ETA 0.3 min
[533/1443] reused contour for local_minimum_id=532 in 0.022 s; ETA 0.3 min
[534/1443] reused contour for local_minimum_id=533 in 0.020 s; ETA 0.3 min
[535/1443] reused contour for local_minimum_id=534 in 0.019 s; ETA 0.3 min
[536/1443] reused contour for local_minimum_id=535 in 0.023 s; ETA 0.3 min
[537/1443] reused contour for local_minimum_id=536 in 0.016 s; ETA 0.3 min
[538/1443] reused contour for local_minimum_id=537 in 0.021 s; ETA 0.3 min
[539/1443] reused contour for local_minimum_id=538 in 0.021 s; ETA 0.3 min
[540/1443] reused contour for local_minimum_id=539 in 0.016 s; ETA 0.3 min
[541/1443] reused contour for local_minimum_id=540 in 0.021 s; ETA 0.3 min
[542/1443] reused contour for local_minimum_id=541 in 0.026 s; ETA 0.3 min
[543/1443] reused contour for local_minimum_id=542 in 0.015 s; ETA 0.3 min
[544/1443] reused contour for local_minimum_id=543 in 0.017 s; ETA 0.3 min
[545/1443] reused contour for local_minimum_id=544 in 0.020 s; ETA 0.3 min
[546/1443] reused contour for local_minimum_id=545 in 0.021 s; ETA 0.3 min
[547/1443] reused contour for local_minimum_id=546 in 0.022 s; ETA 0.3 min
[548/1443] reused contour for local_minimum_id=547 in 0.025 s; ETA 0.3 min
[549/1443] reused contour for local_minimum_id=548 in 0.023 s; ETA 0.3 min
[550/1443] reused contour for local_minimum_id=549 in 0.020 s; ETA 0.3 min
[551/1443] reused contour for local_minimum_id=550 in 0.022 s; ETA 0.3 min
[552/1443] reused contour for local_minimum_id=551 in 0.024 s; ETA 0.3 min
[553/1443] reused contour for local_minimum_id=552 in 0.021 s; ETA 0.3 min
[554/1443] reused contour for local_minimum_id=553 in 0.034 s; ETA 0.3 min
[555/1443] reused contour for local_minimum_id=554 in 0.020 s; ETA 0.3 min
[556/1443] reused contour for local_minimum_id=555 in 0.027 s; ETA 0.3 min
[557/1443] reused contour for local_minimum_id=556 in 0.033 s; ETA 0.3 min
[558/1443] reused contour for local_minimum_id=557 in 0.021 s; ETA 0.3 min
[559/1443] reused contour for local_minimum_id=558 in 0.024 s; ETA 0.3 min
[560/1443] reused contour for local_minimum_id=559 in 0.017 s; ETA 0.3 min
[561/1443] reused contour for local_minimum_id=560 in 0.020 s; ETA 0.3 min
[562/1443] reused contour for local_minimum_id=561 in 0.025 s; ETA 0.3 min
[563/1443] reused contour for local_minimum_id=562 in 0.022 s; ETA 0.3 min
[564/1443] reused contour for local_minimum_id=563 in 0.017 s; ETA 0.3 min
[565/1443] reused contour for local_minimum_id=564 in 0.018 s; ETA 0.3 min
[566/1443] reused contour for local_minimum_id=565 in 0.024 s; ETA 0.3 min
[567/1443] reused contour for local_minimum_id=566 in 0.021 s; ETA 0.3 min
[568/1443] reused contour for local_minimum_id=567 in 0.022 s; ETA 0.3 min
[569/1443] reused contour for local_minimum_id=568 in 0.019 s; ETA 0.3 min
[570/1443] reused contour for local_minimum_id=569 in 0.018 s; ETA 0.3 min
[571/1443] reused contour for local_minimum_id=570 in 0.037 s; ETA 0.3 min
[572/1443] reused contour for local_minimum_id=571 in 0.016 s; ETA 0.3 min
[573/1443] reused contour for local_minimum_id=572 in 0.021 s; ETA 0.3 min
[574/1443] reused contour for local_minimum_id=573 in 0.033 s; ETA 0.3 min
[575/1443] reused contour for local_minimum_id=574 in 0.022 s; ETA 0.3 min
[576/1443] reused contour for local_minimum_id=575 in 0.022 s; ETA 0.3 min
[577/1443] reused contour for local_minimum_id=576 in 0.024 s; ETA 0.3 min
[578/1443] reused contour for local_minimum_id=577 in 0.023 s; ETA 0.3 min
[579/1443] reused contour for local_minimum_id=578 in 0.023 s; ETA 0.3 min
[580/1443] reused contour for local_minimum_id=579 in 0.023 s; ETA 0.3 min
[581/1443] reused contour for local_minimum_id=580 in 0.023 s; ETA 0.3 min
[582/1443] reused contour for local_minimum_id=581 in 0.024 s; ETA 0.3 min
[583/1443] reused contour for local_minimum_id=582 in 0.028 s; ETA 0.3 min
[584/1443] reused contour for local_minimum_id=583 in 0.019 s; ETA 0.3 min
[585/1443] reused contour for local_minimum_id=584 in 0.034 s; ETA 0.3 min
[586/1443] reused contour for local_minimum_id=585 in 0.022 s; ETA 0.3 min
[587/1443] reused contour for local_minimum_id=586 in 0.022 s; ETA 0.3 min
[588/1443] reused contour for local_minimum_id=587 in 0.033 s; ETA 0.3 min
[589/1443] reused contour for local_minimum_id=588 in 0.024 s; ETA 0.3 min
[590/1443] reused contour for local_minimum_id=589 in 0.025 s; ETA 0.3 min
[591/1443] reused contour for local_minimum_id=590 in 0.023 s; ETA 0.3 min
[592/1443] reused contour for local_minimum_id=591 in 0.016 s; ETA 0.3 min
[593/1443] reused contour for local_minimum_id=592 in 0.014 s; ETA 0.3 min
[594/1443] reused contour for local_minimum_id=593 in 0.024 s; ETA 0.3 min
[595/1443] reused contour for local_minimum_id=594 in 0.019 s; ETA 0.3 min
[596/1443] reused contour for local_minimum_id=595 in 0.023 s; ETA 0.3 min
[597/1443] reused contour for local_minimum_id=596 in 0.022 s; ETA 0.3 min
[598/1443] reused contour for local_minimum_id=597 in 0.024 s; ETA 0.3 min
[599/1443] reused contour for local_minimum_id=598 in 0.020 s; ETA 0.3 min
[600/1443] reused contour for local_minimum_id=599 in 0.016 s; ETA 0.3 min
[601/1443] reused contour for local_minimum_id=600 in 0.021 s; ETA 0.3 min
[602/1443] reused contour for local_minimum_id=601 in 0.023 s; ETA 0.3 min
[603/1443] reused contour for local_minimum_id=602 in 0.018 s; ETA 0.3 min
[604/1443] reused contour for local_minimum_id=603 in 0.024 s; ETA 0.3 min
[605/1443] reused contour for local_minimum_id=604 in 0.022 s; ETA 0.3 min
[606/1443] reused contour for local_minimum_id=605 in 0.020 s; ETA 0.3 min
[607/1443] reused contour for local_minimum_id=606 in 0.017 s; ETA 0.3 min
[608/1443] reused contour for local_minimum_id=607 in 0.017 s; ETA 0.3 min
[609/1443] reused contour for local_minimum_id=608 in 0.016 s; ETA 0.3 min
[610/1443] reused contour for local_minimum_id=609 in 0.024 s; ETA 0.3 min
[611/1443] reused contour for local_minimum_id=610 in 0.022 s; ETA 0.3 min
[612/1443] reused contour for local_minimum_id=611 in 0.031 s; ETA 0.3 min
[613/1443] reused contour for local_minimum_id=612 in 0.022 s; ETA 0.3 min
[614/1443] reused contour for local_minimum_id=613 in 0.015 s; ETA 0.3 min
[615/1443] reused contour for local_minimum_id=614 in 0.021 s; ETA 0.3 min
[616/1443] reused contour for local_minimum_id=615 in 0.022 s; ETA 0.3 min
[617/1443] reused contour for local_minimum_id=616 in 0.021 s; ETA 0.3 min
[618/1443] reused contour for local_minimum_id=617 in 0.021 s; ETA 0.3 min
[619/1443] reused contour for local_minimum_id=618 in 0.016 s; ETA 0.3 min
[620/1443] reused contour for local_minimum_id=619 in 0.020 s; ETA 0.3 min
[621/1443] reused contour for local_minimum_id=620 in 0.019 s; ETA 0.3 min
[622/1443] reused contour for local_minimum_id=621 in 0.016 s; ETA 0.3 min
[623/1443] reused contour for local_minimum_id=622 in 0.032 s; ETA 0.3 min
[624/1443] reused contour for local_minimum_id=623 in 0.017 s; ETA 0.3 min
[625/1443] reused contour for local_minimum_id=624 in 0.021 s; ETA 0.3 min
[626/1443] reused contour for local_minimum_id=625 in 0.023 s; ETA 0.3 min
[627/1443] reused contour for local_minimum_id=626 in 0.028 s; ETA 0.3 min
[628/1443] reused contour for local_minimum_id=627 in 0.020 s; ETA 0.3 min
[629/1443] reused contour for local_minimum_id=628 in 0.026 s; ETA 0.3 min
[630/1443] reused contour for local_minimum_id=629 in 0.023 s; ETA 0.3 min
[631/1443] reused contour for local_minimum_id=630 in 0.018 s; ETA 0.3 min
[632/1443] reused contour for local_minimum_id=631 in 0.024 s; ETA 0.3 min
[633/1443] reused contour for local_minimum_id=632 in 0.019 s; ETA 0.3 min
[634/1443] reused contour for local_minimum_id=633 in 0.022 s; ETA 0.3 min
[635/1443] reused contour for local_minimum_id=634 in 0.024 s; ETA 0.3 min
[636/1443] reused contour for local_minimum_id=635 in 0.020 s; ETA 0.3 min
[637/1443] reused contour for local_minimum_id=636 in 0.016 s; ETA 0.3 min
[638/1443] reused contour for local_minimum_id=637 in 0.015 s; ETA 0.3 min
[639/1443] reused contour for local_minimum_id=638 in 0.022 s; ETA 0.3 min
[640/1443] reused contour for local_minimum_id=639 in 0.023 s; ETA 0.3 min
[641/1443] reused contour for local_minimum_id=640 in 0.022 s; ETA 0.3 min
[642/1443] reused contour for local_minimum_id=641 in 0.019 s; ETA 0.3 min
[643/1443] reused contour for local_minimum_id=642 in 0.019 s; ETA 0.3 min
[644/1443] reused contour for local_minimum_id=643 in 0.021 s; ETA 0.3 min
[645/1443] reused contour for local_minimum_id=644 in 0.016 s; ETA 0.3 min
[646/1443] reused contour for local_minimum_id=645 in 0.023 s; ETA 0.3 min
[647/1443] reused contour for local_minimum_id=646 in 0.027 s; ETA 0.3 min
[648/1443] reused contour for local_minimum_id=647 in 0.025 s; ETA 0.3 min
[649/1443] reused contour for local_minimum_id=648 in 0.022 s; ETA 0.3 min
[650/1443] reused contour for local_minimum_id=649 in 0.019 s; ETA 0.3 min
[651/1443] reused contour for local_minimum_id=650 in 0.015 s; ETA 0.3 min
[652/1443] reused contour for local_minimum_id=651 in 0.015 s; ETA 0.3 min
[653/1443] reused contour for local_minimum_id=652 in 0.038 s; ETA 0.3 min
[654/1443] reused contour for local_minimum_id=653 in 0.016 s; ETA 0.3 min
[655/1443] reused contour for local_minimum_id=654 in 0.028 s; ETA 0.3 min
[656/1443] reused contour for local_minimum_id=655 in 0.022 s; ETA 0.3 min
[657/1443] reused contour for local_minimum_id=656 in 0.024 s; ETA 0.3 min
[658/1443] reused contour for local_minimum_id=657 in 0.017 s; ETA 0.3 min
[659/1443] reused contour for local_minimum_id=658 in 0.017 s; ETA 0.3 min
[660/1443] reused contour for local_minimum_id=659 in 0.019 s; ETA 0.3 min
[661/1443] reused contour for local_minimum_id=660 in 0.028 s; ETA 0.3 min
[662/1443] reused contour for local_minimum_id=661 in 0.017 s; ETA 0.3 min
[663/1443] reused contour for local_minimum_id=662 in 0.021 s; ETA 0.3 min
[664/1443] reused contour for local_minimum_id=663 in 0.017 s; ETA 0.3 min
[665/1443] reused contour for local_minimum_id=664 in 0.020 s; ETA 0.3 min
[666/1443] reused contour for local_minimum_id=665 in 0.020 s; ETA 0.3 min
[667/1443] reused contour for local_minimum_id=666 in 0.021 s; ETA 0.3 min
[668/1443] reused contour for local_minimum_id=667 in 0.021 s; ETA 0.3 min
[669/1443] reused contour for local_minimum_id=668 in 0.024 s; ETA 0.3 min
[670/1443] reused contour for local_minimum_id=669 in 0.021 s; ETA 0.3 min
[671/1443] reused contour for local_minimum_id=670 in 0.016 s; ETA 0.3 min
[672/1443] reused contour for local_minimum_id=671 in 0.023 s; ETA 0.3 min
[673/1443] reused contour for local_minimum_id=672 in 0.023 s; ETA 0.3 min
[674/1443] reused contour for local_minimum_id=673 in 0.025 s; ETA 0.3 min
[675/1443] reused contour for local_minimum_id=674 in 0.023 s; ETA 0.3 min
[676/1443] reused contour for local_minimum_id=675 in 0.021 s; ETA 0.3 min
[677/1443] reused contour for local_minimum_id=676 in 0.023 s; ETA 0.3 min
[678/1443] reused contour for local_minimum_id=677 in 0.024 s; ETA 0.3 min
[679/1443] reused contour for local_minimum_id=678 in 0.017 s; ETA 0.3 min
[680/1443] reused contour for local_minimum_id=679 in 0.023 s; ETA 0.3 min
[681/1443] reused contour for local_minimum_id=680 in 0.020 s; ETA 0.3 min
[682/1443] reused contour for local_minimum_id=681 in 0.023 s; ETA 0.3 min
[683/1443] reused contour for local_minimum_id=682 in 0.035 s; ETA 0.3 min
[684/1443] reused contour for local_minimum_id=683 in 0.035 s; ETA 0.3 min
[685/1443] reused contour for local_minimum_id=684 in 0.023 s; ETA 0.3 min
[686/1443] reused contour for local_minimum_id=685 in 0.022 s; ETA 0.3 min
[687/1443] reused contour for local_minimum_id=686 in 0.033 s; ETA 0.3 min
[688/1443] reused contour for local_minimum_id=687 in 0.023 s; ETA 0.3 min
[689/1443] reused contour for local_minimum_id=688 in 0.017 s; ETA 0.3 min
[690/1443] reused contour for local_minimum_id=689 in 0.021 s; ETA 0.3 min
[691/1443] reused contour for local_minimum_id=690 in 0.027 s; ETA 0.3 min
[692/1443] reused contour for local_minimum_id=691 in 0.022 s; ETA 0.3 min
[693/1443] reused contour for local_minimum_id=692 in 0.023 s; ETA 0.3 min
[694/1443] reused contour for local_minimum_id=693 in 0.023 s; ETA 0.3 min
[695/1443] reused contour for local_minimum_id=694 in 0.017 s; ETA 0.3 min
[696/1443] reused contour for local_minimum_id=695 in 0.018 s; ETA 0.3 min
[697/1443] reused contour for local_minimum_id=696 in 0.033 s; ETA 0.3 min
[698/1443] reused contour for local_minimum_id=697 in 0.020 s; ETA 0.3 min
[699/1443] reused contour for local_minimum_id=698 in 0.020 s; ETA 0.3 min
[700/1443] reused contour for local_minimum_id=699 in 0.017 s; ETA 0.3 min
[701/1443] reused contour for local_minimum_id=700 in 0.020 s; ETA 0.3 min
[702/1443] reused contour for local_minimum_id=701 in 0.016 s; ETA 0.3 min
[703/1443] reused contour for local_minimum_id=702 in 0.026 s; ETA 0.3 min
[704/1443] reused contour for local_minimum_id=703 in 0.026 s; ETA 0.3 min
[705/1443] reused contour for local_minimum_id=704 in 0.016 s; ETA 0.3 min
[706/1443] reused contour for local_minimum_id=705 in 0.018 s; ETA 0.3 min
[707/1443] reused contour for local_minimum_id=706 in 0.022 s; ETA 0.3 min
[708/1443] reused contour for local_minimum_id=707 in 0.022 s; ETA 0.3 min
[709/1443] reused contour for local_minimum_id=708 in 0.016 s; ETA 0.3 min
[710/1443] reused contour for local_minimum_id=709 in 0.022 s; ETA 0.3 min
[711/1443] reused contour for local_minimum_id=710 in 0.022 s; ETA 0.3 min
[712/1443] reused contour for local_minimum_id=711 in 0.030 s; ETA 0.3 min
[713/1443] reused contour for local_minimum_id=712 in 0.022 s; ETA 0.3 min
[714/1443] reused contour for local_minimum_id=713 in 0.028 s; ETA 0.3 min
[715/1443] reused contour for local_minimum_id=714 in 0.022 s; ETA 0.3 min
[716/1443] reused contour for local_minimum_id=715 in 0.024 s; ETA 0.3 min
[717/1443] reused contour for local_minimum_id=716 in 0.016 s; ETA 0.3 min
[718/1443] reused contour for local_minimum_id=717 in 0.020 s; ETA 0.3 min
[719/1443] reused contour for local_minimum_id=718 in 0.022 s; ETA 0.3 min
[720/1443] reused contour for local_minimum_id=719 in 0.017 s; ETA 0.3 min
[721/1443] reused contour for local_minimum_id=720 in 0.018 s; ETA 0.3 min
[722/1443] reused contour for local_minimum_id=721 in 0.019 s; ETA 0.3 min
[723/1443] reused contour for local_minimum_id=722 in 0.023 s; ETA 0.3 min
[724/1443] reused contour for local_minimum_id=723 in 0.019 s; ETA 0.3 min
[725/1443] reused contour for local_minimum_id=724 in 0.015 s; ETA 0.3 min
[726/1443] reused contour for local_minimum_id=725 in 0.021 s; ETA 0.3 min
[727/1443] reused contour for local_minimum_id=726 in 0.019 s; ETA 0.3 min
[728/1443] reused contour for local_minimum_id=727 in 0.026 s; ETA 0.3 min
[729/1443] reused contour for local_minimum_id=728 in 0.023 s; ETA 0.3 min
[730/1443] reused contour for local_minimum_id=729 in 0.022 s; ETA 0.3 min
[731/1443] reused contour for local_minimum_id=730 in 0.019 s; ETA 0.3 min
[732/1443] reused contour for local_minimum_id=731 in 0.013 s; ETA 0.3 min
[733/1443] reused contour for local_minimum_id=732 in 0.022 s; ETA 0.3 min
[734/1443] reused contour for local_minimum_id=733 in 0.019 s; ETA 0.3 min
[735/1443] reused contour for local_minimum_id=734 in 0.022 s; ETA 0.3 min
[736/1443] reused contour for local_minimum_id=735 in 0.020 s; ETA 0.3 min
[737/1443] reused contour for local_minimum_id=736 in 0.019 s; ETA 0.3 min
[738/1443] reused contour for local_minimum_id=737 in 0.016 s; ETA 0.3 min
[739/1443] reused contour for local_minimum_id=738 in 0.017 s; ETA 0.3 min
[740/1443] reused contour for local_minimum_id=739 in 0.013 s; ETA 0.3 min
[741/1443] reused contour for local_minimum_id=740 in 0.017 s; ETA 0.3 min
[742/1443] reused contour for local_minimum_id=741 in 0.021 s; ETA 0.3 min
[743/1443] reused contour for local_minimum_id=742 in 0.018 s; ETA 0.3 min
[744/1443] reused contour for local_minimum_id=743 in 0.022 s; ETA 0.3 min
[745/1443] reused contour for local_minimum_id=744 in 0.024 s; ETA 0.3 min
[746/1443] reused contour for local_minimum_id=745 in 0.020 s; ETA 0.3 min
[747/1443] reused contour for local_minimum_id=746 in 0.023 s; ETA 0.3 min
[748/1443] reused contour for local_minimum_id=747 in 0.023 s; ETA 0.3 min
[749/1443] reused contour for local_minimum_id=748 in 0.027 s; ETA 0.3 min
[750/1443] reused contour for local_minimum_id=749 in 0.016 s; ETA 0.3 min
[751/1443] reused contour for local_minimum_id=750 in 0.022 s; ETA 0.3 min
[752/1443] reused contour for local_minimum_id=751 in 0.017 s; ETA 0.3 min
[753/1443] reused contour for local_minimum_id=752 in 0.015 s; ETA 0.3 min
[754/1443] reused contour for local_minimum_id=753 in 0.021 s; ETA 0.3 min
[755/1443] reused contour for local_minimum_id=754 in 0.017 s; ETA 0.3 min
[756/1443] reused contour for local_minimum_id=755 in 0.019 s; ETA 0.3 min
[757/1443] reused contour for local_minimum_id=756 in 0.029 s; ETA 0.3 min
[758/1443] reused contour for local_minimum_id=757 in 0.020 s; ETA 0.3 min
[759/1443] reused contour for local_minimum_id=758 in 0.024 s; ETA 0.3 min
[760/1443] reused contour for local_minimum_id=759 in 0.025 s; ETA 0.3 min
[761/1443] reused contour for local_minimum_id=760 in 0.023 s; ETA 0.3 min
[762/1443] reused contour for local_minimum_id=761 in 0.025 s; ETA 0.3 min
[763/1443] reused contour for local_minimum_id=762 in 0.023 s; ETA 0.3 min
[764/1443] reused contour for local_minimum_id=763 in 0.018 s; ETA 0.3 min
[765/1443] reused contour for local_minimum_id=764 in 0.030 s; ETA 0.3 min
[766/1443] reused contour for local_minimum_id=765 in 0.019 s; ETA 0.3 min
[767/1443] reused contour for local_minimum_id=766 in 0.016 s; ETA 0.3 min
[768/1443] reused contour for local_minimum_id=767 in 0.019 s; ETA 0.3 min
[769/1443] reused contour for local_minimum_id=768 in 0.021 s; ETA 0.2 min
[770/1443] reused contour for local_minimum_id=769 in 0.017 s; ETA 0.2 min
[771/1443] reused contour for local_minimum_id=770 in 0.017 s; ETA 0.2 min
[772/1443] reused contour for local_minimum_id=771 in 0.021 s; ETA 0.2 min
[773/1443] reused contour for local_minimum_id=772 in 0.016 s; ETA 0.2 min
[774/1443] reused contour for local_minimum_id=773 in 0.024 s; ETA 0.2 min
[775/1443] reused contour for local_minimum_id=774 in 0.022 s; ETA 0.2 min
[776/1443] reused contour for local_minimum_id=775 in 0.029 s; ETA 0.2 min
[777/1443] reused contour for local_minimum_id=776 in 0.019 s; ETA 0.2 min
[778/1443] reused contour for local_minimum_id=777 in 0.022 s; ETA 0.2 min
[779/1443] reused contour for local_minimum_id=778 in 0.021 s; ETA 0.2 min
[780/1443] reused contour for local_minimum_id=779 in 0.029 s; ETA 0.2 min
[781/1443] reused contour for local_minimum_id=780 in 0.023 s; ETA 0.2 min
[782/1443] reused contour for local_minimum_id=781 in 0.014 s; ETA 0.2 min
[783/1443] reused contour for local_minimum_id=782 in 0.020 s; ETA 0.2 min
[784/1443] reused contour for local_minimum_id=783 in 0.022 s; ETA 0.2 min
[785/1443] reused contour for local_minimum_id=784 in 0.016 s; ETA 0.2 min
[786/1443] reused contour for local_minimum_id=785 in 0.022 s; ETA 0.2 min
[787/1443] reused contour for local_minimum_id=786 in 0.023 s; ETA 0.2 min
[788/1443] reused contour for local_minimum_id=787 in 0.020 s; ETA 0.2 min
[789/1443] reused contour for local_minimum_id=788 in 0.017 s; ETA 0.2 min
[790/1443] reused contour for local_minimum_id=789 in 0.021 s; ETA 0.2 min
[791/1443] reused contour for local_minimum_id=790 in 0.023 s; ETA 0.2 min
[792/1443] reused contour for local_minimum_id=791 in 0.023 s; ETA 0.2 min
[793/1443] reused contour for local_minimum_id=792 in 0.024 s; ETA 0.2 min
[794/1443] reused contour for local_minimum_id=793 in 0.020 s; ETA 0.2 min
[795/1443] reused contour for local_minimum_id=794 in 0.017 s; ETA 0.2 min
[796/1443] reused contour for local_minimum_id=795 in 0.022 s; ETA 0.2 min
[797/1443] reused contour for local_minimum_id=796 in 0.022 s; ETA 0.2 min
[798/1443] reused contour for local_minimum_id=797 in 0.022 s; ETA 0.2 min
[799/1443] reused contour for local_minimum_id=798 in 0.036 s; ETA 0.2 min
[800/1443] reused contour for local_minimum_id=799 in 0.020 s; ETA 0.2 min
[801/1443] reused contour for local_minimum_id=800 in 0.019 s; ETA 0.2 min
[802/1443] reused contour for local_minimum_id=801 in 0.027 s; ETA 0.2 min
[803/1443] reused contour for local_minimum_id=802 in 0.020 s; ETA 0.2 min
[804/1443] reused contour for local_minimum_id=803 in 0.023 s; ETA 0.2 min
[805/1443] reused contour for local_minimum_id=804 in 0.017 s; ETA 0.2 min
[806/1443] reused contour for local_minimum_id=805 in 0.022 s; ETA 0.2 min
[807/1443] reused contour for local_minimum_id=806 in 0.016 s; ETA 0.2 min
[808/1443] reused contour for local_minimum_id=807 in 0.017 s; ETA 0.2 min
[809/1443] reused contour for local_minimum_id=808 in 0.016 s; ETA 0.2 min
[810/1443] reused contour for local_minimum_id=809 in 0.024 s; ETA 0.2 min
[811/1443] reused contour for local_minimum_id=810 in 0.023 s; ETA 0.2 min
[812/1443] reused contour for local_minimum_id=811 in 0.037 s; ETA 0.2 min
[813/1443] reused contour for local_minimum_id=812 in 0.025 s; ETA 0.2 min
[814/1443] reused contour for local_minimum_id=813 in 0.017 s; ETA 0.2 min
[815/1443] reused contour for local_minimum_id=814 in 0.017 s; ETA 0.2 min
[816/1443] reused contour for local_minimum_id=815 in 0.021 s; ETA 0.2 min
[817/1443] reused contour for local_minimum_id=816 in 0.026 s; ETA 0.2 min
[818/1443] reused contour for local_minimum_id=817 in 0.020 s; ETA 0.2 min
[819/1443] reused contour for local_minimum_id=818 in 0.015 s; ETA 0.2 min
[820/1443] reused contour for local_minimum_id=819 in 0.019 s; ETA 0.2 min
[821/1443] reused contour for local_minimum_id=820 in 0.019 s; ETA 0.2 min
[822/1443] reused contour for local_minimum_id=821 in 0.022 s; ETA 0.2 min
[823/1443] reused contour for local_minimum_id=822 in 0.034 s; ETA 0.2 min
[824/1443] reused contour for local_minimum_id=823 in 0.026 s; ETA 0.2 min
[825/1443] reused contour for local_minimum_id=824 in 0.022 s; ETA 0.2 min
[826/1443] reused contour for local_minimum_id=825 in 0.024 s; ETA 0.2 min
[827/1443] reused contour for local_minimum_id=826 in 0.020 s; ETA 0.2 min
[828/1443] reused contour for local_minimum_id=827 in 0.021 s; ETA 0.2 min
[829/1443] reused contour for local_minimum_id=828 in 0.024 s; ETA 0.2 min
[830/1443] reused contour for local_minimum_id=829 in 0.019 s; ETA 0.2 min
[831/1443] reused contour for local_minimum_id=830 in 0.026 s; ETA 0.2 min
[832/1443] reused contour for local_minimum_id=831 in 0.036 s; ETA 0.2 min
[833/1443] reused contour for local_minimum_id=832 in 0.016 s; ETA 0.2 min
[834/1443] reused contour for local_minimum_id=833 in 0.023 s; ETA 0.2 min
[835/1443] reused contour for local_minimum_id=834 in 0.027 s; ETA 0.2 min
[836/1443] reused contour for local_minimum_id=835 in 0.023 s; ETA 0.2 min
[837/1443] reused contour for local_minimum_id=836 in 0.024 s; ETA 0.2 min
[838/1443] reused contour for local_minimum_id=837 in 0.024 s; ETA 0.2 min
[839/1443] reused contour for local_minimum_id=838 in 0.023 s; ETA 0.2 min
[840/1443] reused contour for local_minimum_id=839 in 0.023 s; ETA 0.2 min
[841/1443] reused contour for local_minimum_id=840 in 0.017 s; ETA 0.2 min
[842/1443] reused contour for local_minimum_id=841 in 0.022 s; ETA 0.2 min
[843/1443] reused contour for local_minimum_id=842 in 0.021 s; ETA 0.2 min
[844/1443] reused contour for local_minimum_id=843 in 0.024 s; ETA 0.2 min
[845/1443] reused contour for local_minimum_id=844 in 0.022 s; ETA 0.2 min
[846/1443] reused contour for local_minimum_id=845 in 0.028 s; ETA 0.2 min
[847/1443] reused contour for local_minimum_id=846 in 0.024 s; ETA 0.2 min
[848/1443] reused contour for local_minimum_id=847 in 0.019 s; ETA 0.2 min
[849/1443] reused contour for local_minimum_id=848 in 0.028 s; ETA 0.2 min
[850/1443] reused contour for local_minimum_id=849 in 0.019 s; ETA 0.2 min
[851/1443] reused contour for local_minimum_id=850 in 0.017 s; ETA 0.2 min
[852/1443] reused contour for local_minimum_id=851 in 0.020 s; ETA 0.2 min
[853/1443] reused contour for local_minimum_id=852 in 0.018 s; ETA 0.2 min
[854/1443] reused contour for local_minimum_id=853 in 0.021 s; ETA 0.2 min
[855/1443] reused contour for local_minimum_id=854 in 0.026 s; ETA 0.2 min
[856/1443] reused contour for local_minimum_id=855 in 0.036 s; ETA 0.2 min
[857/1443] reused contour for local_minimum_id=856 in 0.017 s; ETA 0.2 min
[858/1443] reused contour for local_minimum_id=857 in 0.023 s; ETA 0.2 min
[859/1443] reused contour for local_minimum_id=858 in 0.017 s; ETA 0.2 min
[860/1443] reused contour for local_minimum_id=859 in 0.018 s; ETA 0.2 min
[861/1443] reused contour for local_minimum_id=860 in 0.019 s; ETA 0.2 min
[862/1443] reused contour for local_minimum_id=861 in 0.023 s; ETA 0.2 min
[863/1443] reused contour for local_minimum_id=862 in 0.037 s; ETA 0.2 min
[864/1443] reused contour for local_minimum_id=863 in 0.019 s; ETA 0.2 min
[865/1443] reused contour for local_minimum_id=864 in 0.022 s; ETA 0.2 min
[866/1443] reused contour for local_minimum_id=865 in 0.023 s; ETA 0.2 min
[867/1443] reused contour for local_minimum_id=866 in 0.022 s; ETA 0.2 min
[868/1443] reused contour for local_minimum_id=867 in 0.016 s; ETA 0.2 min
[869/1443] reused contour for local_minimum_id=868 in 0.020 s; ETA 0.2 min
[870/1443] reused contour for local_minimum_id=869 in 0.026 s; ETA 0.2 min
[871/1443] reused contour for local_minimum_id=870 in 0.020 s; ETA 0.2 min
[872/1443] reused contour for local_minimum_id=871 in 0.021 s; ETA 0.2 min
[873/1443] reused contour for local_minimum_id=872 in 0.042 s; ETA 0.2 min
[874/1443] reused contour for local_minimum_id=873 in 0.027 s; ETA 0.2 min
[875/1443] reused contour for local_minimum_id=874 in 0.026 s; ETA 0.2 min
[876/1443] reused contour for local_minimum_id=875 in 0.018 s; ETA 0.2 min
[877/1443] reused contour for local_minimum_id=876 in 0.016 s; ETA 0.2 min
[878/1443] reused contour for local_minimum_id=877 in 0.022 s; ETA 0.2 min
[879/1443] reused contour for local_minimum_id=878 in 0.020 s; ETA 0.2 min
[880/1443] reused contour for local_minimum_id=879 in 0.026 s; ETA 0.2 min
[881/1443] reused contour for local_minimum_id=880 in 0.022 s; ETA 0.2 min
[882/1443] reused contour for local_minimum_id=881 in 0.022 s; ETA 0.2 min
[883/1443] reused contour for local_minimum_id=882 in 0.019 s; ETA 0.2 min
[884/1443] reused contour for local_minimum_id=883 in 0.032 s; ETA 0.2 min
[885/1443] reused contour for local_minimum_id=884 in 0.023 s; ETA 0.2 min
[886/1443] reused contour for local_minimum_id=885 in 0.016 s; ETA 0.2 min
[887/1443] reused contour for local_minimum_id=886 in 0.021 s; ETA 0.2 min
[888/1443] reused contour for local_minimum_id=887 in 0.017 s; ETA 0.2 min
[889/1443] reused contour for local_minimum_id=888 in 0.016 s; ETA 0.2 min
[890/1443] reused contour for local_minimum_id=889 in 0.023 s; ETA 0.2 min
[891/1443] reused contour for local_minimum_id=890 in 0.024 s; ETA 0.2 min
[892/1443] reused contour for local_minimum_id=891 in 0.021 s; ETA 0.2 min
[893/1443] reused contour for local_minimum_id=892 in 0.027 s; ETA 0.2 min
[894/1443] reused contour for local_minimum_id=893 in 0.017 s; ETA 0.2 min
[895/1443] reused contour for local_minimum_id=894 in 0.023 s; ETA 0.2 min
[896/1443] reused contour for local_minimum_id=895 in 0.021 s; ETA 0.2 min
[897/1443] reused contour for local_minimum_id=896 in 0.025 s; ETA 0.2 min
[898/1443] reused contour for local_minimum_id=897 in 0.023 s; ETA 0.2 min
[899/1443] reused contour for local_minimum_id=898 in 0.025 s; ETA 0.2 min
[900/1443] reused contour for local_minimum_id=899 in 0.023 s; ETA 0.2 min
[901/1443] reused contour for local_minimum_id=900 in 0.024 s; ETA 0.2 min
[902/1443] reused contour for local_minimum_id=901 in 0.022 s; ETA 0.2 min
[903/1443] reused contour for local_minimum_id=902 in 0.023 s; ETA 0.2 min
[904/1443] reused contour for local_minimum_id=903 in 0.023 s; ETA 0.2 min
[905/1443] reused contour for local_minimum_id=904 in 0.022 s; ETA 0.2 min
[906/1443] reused contour for local_minimum_id=905 in 0.023 s; ETA 0.2 min
[907/1443] reused contour for local_minimum_id=906 in 0.016 s; ETA 0.2 min
[908/1443] reused contour for local_minimum_id=907 in 0.022 s; ETA 0.2 min
[909/1443] reused contour for local_minimum_id=908 in 0.019 s; ETA 0.2 min
[910/1443] reused contour for local_minimum_id=909 in 0.032 s; ETA 0.2 min
[911/1443] reused contour for local_minimum_id=910 in 0.019 s; ETA 0.2 min
[912/1443] reused contour for local_minimum_id=911 in 0.022 s; ETA 0.2 min
[913/1443] reused contour for local_minimum_id=912 in 0.020 s; ETA 0.2 min
[914/1443] reused contour for local_minimum_id=913 in 0.021 s; ETA 0.2 min
[915/1443] reused contour for local_minimum_id=914 in 0.025 s; ETA 0.2 min
[916/1443] reused contour for local_minimum_id=915 in 0.024 s; ETA 0.2 min
[917/1443] reused contour for local_minimum_id=916 in 0.017 s; ETA 0.2 min
[918/1443] reused contour for local_minimum_id=917 in 0.020 s; ETA 0.2 min
[919/1443] reused contour for local_minimum_id=918 in 0.036 s; ETA 0.2 min
[920/1443] reused contour for local_minimum_id=919 in 0.022 s; ETA 0.2 min
[921/1443] reused contour for local_minimum_id=920 in 0.023 s; ETA 0.2 min
[922/1443] reused contour for local_minimum_id=921 in 0.024 s; ETA 0.2 min
[923/1443] reused contour for local_minimum_id=922 in 0.024 s; ETA 0.2 min
[924/1443] reused contour for local_minimum_id=923 in 0.022 s; ETA 0.2 min
[925/1443] reused contour for local_minimum_id=924 in 0.017 s; ETA 0.2 min
[926/1443] reused contour for local_minimum_id=925 in 0.023 s; ETA 0.2 min
[927/1443] reused contour for local_minimum_id=926 in 0.017 s; ETA 0.2 min
[928/1443] reused contour for local_minimum_id=927 in 0.025 s; ETA 0.2 min
[929/1443] reused contour for local_minimum_id=928 in 0.023 s; ETA 0.2 min
[930/1443] reused contour for local_minimum_id=929 in 0.024 s; ETA 0.2 min
[931/1443] reused contour for local_minimum_id=930 in 0.016 s; ETA 0.2 min
[932/1443] reused contour for local_minimum_id=931 in 0.021 s; ETA 0.2 min
[933/1443] reused contour for local_minimum_id=932 in 0.022 s; ETA 0.2 min
[934/1443] reused contour for local_minimum_id=933 in 0.024 s; ETA 0.2 min
[935/1443] reused contour for local_minimum_id=934 in 0.027 s; ETA 0.2 min
[936/1443] reused contour for local_minimum_id=935 in 0.024 s; ETA 0.2 min
[937/1443] reused contour for local_minimum_id=936 in 0.024 s; ETA 0.2 min
[938/1443] reused contour for local_minimum_id=937 in 0.029 s; ETA 0.2 min
[939/1443] reused contour for local_minimum_id=938 in 0.022 s; ETA 0.2 min
[940/1443] reused contour for local_minimum_id=939 in 0.022 s; ETA 0.2 min
[941/1443] reused contour for local_minimum_id=940 in 0.023 s; ETA 0.2 min
[942/1443] reused contour for local_minimum_id=941 in 0.022 s; ETA 0.2 min
[943/1443] reused contour for local_minimum_id=942 in 0.024 s; ETA 0.2 min
[944/1443] reused contour for local_minimum_id=943 in 0.016 s; ETA 0.2 min
[945/1443] reused contour for local_minimum_id=944 in 0.016 s; ETA 0.2 min
[946/1443] reused contour for local_minimum_id=945 in 0.024 s; ETA 0.2 min
[947/1443] reused contour for local_minimum_id=946 in 0.024 s; ETA 0.2 min
[948/1443] reused contour for local_minimum_id=947 in 0.023 s; ETA 0.2 min
[949/1443] reused contour for local_minimum_id=948 in 0.025 s; ETA 0.2 min
[950/1443] reused contour for local_minimum_id=949 in 0.020 s; ETA 0.2 min
[951/1443] reused contour for local_minimum_id=950 in 0.023 s; ETA 0.2 min
[952/1443] reused contour for local_minimum_id=951 in 0.017 s; ETA 0.2 min
[953/1443] reused contour for local_minimum_id=952 in 0.020 s; ETA 0.2 min
[954/1443] reused contour for local_minimum_id=953 in 0.025 s; ETA 0.2 min
[955/1443] reused contour for local_minimum_id=954 in 0.025 s; ETA 0.2 min
[956/1443] reused contour for local_minimum_id=955 in 0.016 s; ETA 0.2 min
[957/1443] reused contour for local_minimum_id=956 in 0.023 s; ETA 0.2 min
[958/1443] reused contour for local_minimum_id=957 in 0.015 s; ETA 0.2 min
[959/1443] reused contour for local_minimum_id=958 in 0.022 s; ETA 0.2 min
[960/1443] reused contour for local_minimum_id=959 in 0.024 s; ETA 0.2 min
[961/1443] reused contour for local_minimum_id=960 in 0.026 s; ETA 0.2 min
[962/1443] reused contour for local_minimum_id=961 in 0.023 s; ETA 0.2 min
[963/1443] reused contour for local_minimum_id=962 in 0.024 s; ETA 0.2 min
[964/1443] reused contour for local_minimum_id=963 in 0.035 s; ETA 0.2 min
[965/1443] reused contour for local_minimum_id=964 in 0.025 s; ETA 0.2 min
[966/1443] reused contour for local_minimum_id=965 in 0.022 s; ETA 0.2 min
[967/1443] reused contour for local_minimum_id=966 in 0.039 s; ETA 0.2 min
[968/1443] reused contour for local_minimum_id=967 in 0.026 s; ETA 0.2 min
[969/1443] reused contour for local_minimum_id=968 in 0.024 s; ETA 0.2 min
[970/1443] reused contour for local_minimum_id=969 in 0.026 s; ETA 0.2 min
[971/1443] reused contour for local_minimum_id=970 in 0.031 s; ETA 0.2 min
[972/1443] reused contour for local_minimum_id=971 in 0.024 s; ETA 0.2 min
[973/1443] reused contour for local_minimum_id=972 in 0.024 s; ETA 0.2 min
[974/1443] reused contour for local_minimum_id=973 in 0.022 s; ETA 0.2 min
[975/1443] reused contour for local_minimum_id=974 in 0.024 s; ETA 0.2 min
[976/1443] reused contour for local_minimum_id=975 in 0.024 s; ETA 0.2 min
[977/1443] reused contour for local_minimum_id=976 in 0.021 s; ETA 0.2 min
[978/1443] reused contour for local_minimum_id=977 in 0.023 s; ETA 0.2 min
[979/1443] reused contour for local_minimum_id=978 in 0.023 s; ETA 0.2 min
[980/1443] reused contour for local_minimum_id=979 in 0.037 s; ETA 0.2 min
[981/1443] reused contour for local_minimum_id=980 in 0.025 s; ETA 0.2 min
[982/1443] reused contour for local_minimum_id=981 in 0.029 s; ETA 0.2 min
[983/1443] reused contour for local_minimum_id=982 in 0.024 s; ETA 0.2 min
[984/1443] reused contour for local_minimum_id=983 in 0.022 s; ETA 0.2 min
[985/1443] reused contour for local_minimum_id=984 in 0.023 s; ETA 0.2 min
[986/1443] reused contour for local_minimum_id=985 in 0.024 s; ETA 0.2 min
[987/1443] reused contour for local_minimum_id=986 in 0.032 s; ETA 0.2 min
[988/1443] reused contour for local_minimum_id=987 in 0.024 s; ETA 0.2 min
[989/1443] reused contour for local_minimum_id=988 in 0.023 s; ETA 0.2 min
[990/1443] reused contour for local_minimum_id=989 in 0.022 s; ETA 0.2 min
[991/1443] reused contour for local_minimum_id=990 in 0.021 s; ETA 0.2 min
[992/1443] reused contour for local_minimum_id=991 in 0.025 s; ETA 0.2 min
[993/1443] reused contour for local_minimum_id=992 in 0.041 s; ETA 0.2 min
[994/1443] reused contour for local_minimum_id=993 in 0.028 s; ETA 0.2 min
[995/1443] reused contour for local_minimum_id=994 in 0.026 s; ETA 0.2 min
[996/1443] reused contour for local_minimum_id=995 in 0.027 s; ETA 0.2 min
[997/1443] reused contour for local_minimum_id=996 in 0.026 s; ETA 0.2 min
[998/1443] reused contour for local_minimum_id=997 in 0.035 s; ETA 0.2 min
[999/1443] reused contour for local_minimum_id=998 in 0.027 s; ETA 0.2 min
[1000/1443] reused contour for local_minimum_id=999 in 0.026 s; ETA 0.2 min
[1001/1443] reused contour for local_minimum_id=1000 in 0.036 s; ETA 0.2 min
[1002/1443] reused contour for local_minimum_id=1001 in 0.027 s; ETA 0.2 min
[1003/1443] reused contour for local_minimum_id=1002 in 0.025 s; ETA 0.2 min
[1004/1443] reused contour for local_minimum_id=1003 in 0.027 s; ETA 0.2 min
[1005/1443] reused contour for local_minimum_id=1004 in 0.025 s; ETA 0.2 min
[1006/1443] reused contour for local_minimum_id=1005 in 0.024 s; ETA 0.2 min
[1007/1443] regenerated stale contour for local_minimum_id=1006 in 12.893 s; ETA 0.3 min
[1008/1443] regenerated stale contour for local_minimum_id=1007 in 17.490 s; ETA 0.4 min
[1009/1443] regenerated stale contour for local_minimum_id=1008 in 17.799 s; ETA 0.5 min
[1010/1443] regenerated stale contour for local_minimum_id=1009 in 17.425 s; ETA 0.6 min
[1011/1443] regenerated stale contour for local_minimum_id=1010 in 16.198 s; ETA 0.7 min
[1012/1443] regenerated stale contour for local_minimum_id=1011 in 18.629 s; ETA 0.9 min
[1013/1443] regenerated stale contour for local_minimum_id=1012 in 17.171 s; ETA 1.0 min
[1014/1443] regenerated stale contour for local_minimum_id=1013 in 19.122 s; ETA 1.1 min
[1015/1443] regenerated stale contour for local_minimum_id=1014 in 19.377 s; ETA 1.3 min
[1016/1443] regenerated stale contour for local_minimum_id=1015 in 10.398 s; ETA 1.3 min
[1017/1443] regenerated stale contour for local_minimum_id=1016 in 14.369 s; ETA 1.4 min
[1018/1443] regenerated stale contour for local_minimum_id=1017 in 18.800 s; ETA 1.6 min
[1019/1443] regenerated stale contour for local_minimum_id=1018 in 17.144 s; ETA 1.7 min
[1020/1443] regenerated stale contour for local_minimum_id=1019 in 17.762 s; ETA 1.8 min
[1021/1443] regenerated stale contour for local_minimum_id=1020 in 19.166 s; ETA 1.9 min
[1022/1443] regenerated stale contour for local_minimum_id=1021 in 31.031 s; ETA 2.1 min
[1023/1443] regenerated stale contour for local_minimum_id=1022 in 18.754 s; ETA 2.2 min
[1024/1443] regenerated stale contour for local_minimum_id=1023 in 16.368 s; ETA 2.3 min
[1025/1443] regenerated stale contour for local_minimum_id=1024 in 19.376 s; ETA 2.5 min
[1026/1443] regenerated stale contour for local_minimum_id=1025 in 28.318 s; ETA 2.6 min
[1027/1443] regenerated stale contour for local_minimum_id=1026 in 30.788 s; ETA 2.8 min
[1028/1443] regenerated stale contour for local_minimum_id=1027 in 19.235 s; ETA 3.0 min
[1029/1443] regenerated stale contour for local_minimum_id=1028 in 18.763 s; ETA 3.1 min
[1030/1443] regenerated stale contour for local_minimum_id=1029 in 27.041 s; ETA 3.3 min
[1031/1443] regenerated stale contour for local_minimum_id=1030 in 19.469 s; ETA 3.4 min
[1032/1443] regenerated stale contour for local_minimum_id=1031 in 17.582 s; ETA 3.5 min
[1033/1443] regenerated stale contour for local_minimum_id=1032 in 19.521 s; ETA 3.6 min
[1034/1443] regenerated stale contour for local_minimum_id=1033 in 17.427 s; ETA 3.7 min
[1035/1443] regenerated stale contour for local_minimum_id=1034 in 22.324 s; ETA 3.8 min
[1036/1443] regenerated stale contour for local_minimum_id=1035 in 19.541 s; ETA 3.9 min
[1037/1443] regenerated stale contour for local_minimum_id=1036 in 28.527 s; ETA 4.1 min
[1038/1443] regenerated stale contour for local_minimum_id=1037 in 31.004 s; ETA 4.3 min
[1039/1443] regenerated stale contour for local_minimum_id=1038 in 17.502 s; ETA 4.4 min
[1040/1443] regenerated stale contour for local_minimum_id=1039 in 18.437 s; ETA 4.5 min
[1041/1443] regenerated stale contour for local_minimum_id=1040 in 29.034 s; ETA 4.7 min
[1042/1443] regenerated stale contour for local_minimum_id=1041 in 17.637 s; ETA 4.8 min
[1043/1443] regenerated stale contour for local_minimum_id=1042 in 31.512 s; ETA 5.0 min
[1044/1443] regenerated stale contour for local_minimum_id=1043 in 20.056 s; ETA 5.1 min
[1045/1443] regenerated stale contour for local_minimum_id=1044 in 24.116 s; ETA 5.2 min
[1046/1443] regenerated stale contour for local_minimum_id=1045 in 19.799 s; ETA 5.3 min
[1047/1443] regenerated stale contour for local_minimum_id=1046 in 21.242 s; ETA 5.4 min
[1048/1443] regenerated stale contour for local_minimum_id=1047 in 20.248 s; ETA 5.5 min
[1049/1443] regenerated stale contour for local_minimum_id=1048 in 11.027 s; ETA 5.6 min
[1050/1443] regenerated stale contour for local_minimum_id=1049 in 30.774 s; ETA 5.8 min
[1051/1443] regenerated stale contour for local_minimum_id=1050 in 20.870 s; ETA 5.9 min
[1052/1443] regenerated stale contour for local_minimum_id=1051 in 10.385 s; ETA 5.9 min
[1053/1443] regenerated stale contour for local_minimum_id=1052 in 19.132 s; ETA 6.0 min
[1054/1443] regenerated stale contour for local_minimum_id=1053 in 11.301 s; ETA 6.1 min
[1055/1443] regenerated stale contour for local_minimum_id=1054 in 14.127 s; ETA 6.1 min
[1056/1443] regenerated stale contour for local_minimum_id=1055 in 28.562 s; ETA 6.3 min
[1057/1443] regenerated stale contour for local_minimum_id=1056 in 10.293 s; ETA 6.3 min
[1058/1443] regenerated stale contour for local_minimum_id=1057 in 11.369 s; ETA 6.4 min
[1059/1443] regenerated stale contour for local_minimum_id=1058 in 23.618 s; ETA 6.5 min
[1060/1443] regenerated stale contour for local_minimum_id=1059 in 32.407 s; ETA 6.7 min
[1061/1443] regenerated stale contour for local_minimum_id=1060 in 16.393 s; ETA 6.7 min
[1062/1443] regenerated stale contour for local_minimum_id=1061 in 24.619 s; ETA 6.9 min
[1063/1443] regenerated stale contour for local_minimum_id=1062 in 15.480 s; ETA 6.9 min
[1064/1443] regenerated stale contour for local_minimum_id=1063 in 19.921 s; ETA 7.0 min
[1065/1443] regenerated stale contour for local_minimum_id=1064 in 17.240 s; ETA 7.1 min
[1066/1443] regenerated stale contour for local_minimum_id=1065 in 20.152 s; ETA 7.2 min
[1067/1443] regenerated stale contour for local_minimum_id=1066 in 19.577 s; ETA 7.3 min
[1068/1443] regenerated stale contour for local_minimum_id=1067 in 15.277 s; ETA 7.3 min
[1069/1443] regenerated stale contour for local_minimum_id=1068 in 32.485 s; ETA 7.5 min
[1070/1443] regenerated stale contour for local_minimum_id=1069 in 11.826 s; ETA 7.5 min
[1071/1443] regenerated stale contour for local_minimum_id=1070 in 19.531 s; ETA 7.6 min
[1072/1443] regenerated stale contour for local_minimum_id=1071 in 17.430 s; ETA 7.7 min
[1073/1443] regenerated stale contour for local_minimum_id=1072 in 28.965 s; ETA 7.8 min
[1074/1443] regenerated stale contour for local_minimum_id=1073 in 28.721 s; ETA 8.0 min
[1075/1443] regenerated stale contour for local_minimum_id=1074 in 16.527 s; ETA 8.0 min
[1076/1443] regenerated stale contour for local_minimum_id=1075 in 11.344 s; ETA 8.1 min
[1077/1443] regenerated stale contour for local_minimum_id=1076 in 29.579 s; ETA 8.2 min
[1078/1443] regenerated stale contour for local_minimum_id=1077 in 18.070 s; ETA 8.3 min
[1079/1443] regenerated stale contour for local_minimum_id=1078 in 29.230 s; ETA 8.4 min
[1080/1443] regenerated stale contour for local_minimum_id=1079 in 20.334 s; ETA 8.5 min
[1081/1443] regenerated stale contour for local_minimum_id=1080 in 11.392 s; ETA 8.5 min
[1082/1443] regenerated stale contour for local_minimum_id=1081 in 17.107 s; ETA 8.6 min
[1083/1443] regenerated stale contour for local_minimum_id=1082 in 17.890 s; ETA 8.7 min
[1084/1443] regenerated stale contour for local_minimum_id=1083 in 30.117 s; ETA 8.8 min
[1085/1443] regenerated stale contour for local_minimum_id=1084 in 25.211 s; ETA 8.9 min
[1086/1443] regenerated stale contour for local_minimum_id=1085 in 28.103 s; ETA 9.0 min
[1087/1443] regenerated stale contour for local_minimum_id=1086 in 18.540 s; ETA 9.1 min
[1088/1443] regenerated stale contour for local_minimum_id=1087 in 19.369 s; ETA 9.2 min
[1089/1443] regenerated stale contour for local_minimum_id=1088 in 17.938 s; ETA 9.2 min
[1090/1443] regenerated stale contour for local_minimum_id=1089 in 25.696 s; ETA 9.3 min
[1091/1443] regenerated stale contour for local_minimum_id=1090 in 13.995 s; ETA 9.4 min
[1092/1443] regenerated stale contour for local_minimum_id=1091 in 16.791 s; ETA 9.4 min
[1093/1443] regenerated stale contour for local_minimum_id=1092 in 27.159 s; ETA 9.5 min
[1094/1443] regenerated stale contour for local_minimum_id=1093 in 19.429 s; ETA 9.6 min
[1095/1443] regenerated stale contour for local_minimum_id=1094 in 19.872 s; ETA 9.7 min
[1096/1443] regenerated stale contour for local_minimum_id=1095 in 19.820 s; ETA 9.7 min
[1097/1443] regenerated stale contour for local_minimum_id=1096 in 19.948 s; ETA 9.8 min
[1098/1443] regenerated stale contour for local_minimum_id=1097 in 10.260 s; ETA 9.8 min
[1099/1443] regenerated stale contour for local_minimum_id=1098 in 18.720 s; ETA 9.9 min
[1100/1443] regenerated stale contour for local_minimum_id=1099 in 19.810 s; ETA 10.0 min
[1101/1443] regenerated stale contour for local_minimum_id=1100 in 18.997 s; ETA 10.0 min
[1102/1443] regenerated stale contour for local_minimum_id=1101 in 11.512 s; ETA 10.0 min
[1103/1443] regenerated stale contour for local_minimum_id=1102 in 11.237 s; ETA 10.1 min
[1104/1443] regenerated stale contour for local_minimum_id=1103 in 29.907 s; ETA 10.2 min
[1105/1443] regenerated stale contour for local_minimum_id=1104 in 9.377 s; ETA 10.2 min
[1106/1443] regenerated stale contour for local_minimum_id=1105 in 31.622 s; ETA 10.3 min
[1107/1443] regenerated stale contour for local_minimum_id=1106 in 18.533 s; ETA 10.4 min
[1108/1443] regenerated stale contour for local_minimum_id=1107 in 19.299 s; ETA 10.4 min
[1109/1443] regenerated stale contour for local_minimum_id=1108 in 17.487 s; ETA 10.5 min
[1110/1443] regenerated stale contour for local_minimum_id=1109 in 30.796 s; ETA 10.6 min
[1111/1443] regenerated stale contour for local_minimum_id=1110 in 18.521 s; ETA 10.6 min
[1112/1443] regenerated stale contour for local_minimum_id=1111 in 18.488 s; ETA 10.7 min
[1113/1443] regenerated stale contour for local_minimum_id=1112 in 19.405 s; ETA 10.7 min
[1114/1443] regenerated stale contour for local_minimum_id=1113 in 24.749 s; ETA 10.8 min
[1115/1443] regenerated stale contour for local_minimum_id=1114 in 18.544 s; ETA 10.9 min
[1116/1443] regenerated stale contour for local_minimum_id=1115 in 19.553 s; ETA 10.9 min
[1117/1443] regenerated stale contour for local_minimum_id=1116 in 17.540 s; ETA 11.0 min
[1118/1443] regenerated stale contour for local_minimum_id=1117 in 28.333 s; ETA 11.0 min
[1119/1443] regenerated stale contour for local_minimum_id=1118 in 10.878 s; ETA 11.1 min
[1120/1443] regenerated stale contour for local_minimum_id=1119 in 19.737 s; ETA 11.1 min
[1121/1443] regenerated stale contour for local_minimum_id=1120 in 10.297 s; ETA 11.1 min
[1122/1443] regenerated stale contour for local_minimum_id=1121 in 18.856 s; ETA 11.2 min
[1123/1443] regenerated stale contour for local_minimum_id=1122 in 12.209 s; ETA 11.2 min
[1124/1443] regenerated stale contour for local_minimum_id=1123 in 18.764 s; ETA 11.2 min
[1125/1443] regenerated stale contour for local_minimum_id=1124 in 30.380 s; ETA 11.3 min
[1126/1443] regenerated stale contour for local_minimum_id=1125 in 17.891 s; ETA 11.3 min
[1127/1443] regenerated stale contour for local_minimum_id=1126 in 17.567 s; ETA 11.4 min
[1128/1443] regenerated stale contour for local_minimum_id=1127 in 10.281 s; ETA 11.4 min
[1129/1443] regenerated stale contour for local_minimum_id=1128 in 24.482 s; ETA 11.5 min
[1130/1443] regenerated stale contour for local_minimum_id=1129 in 10.716 s; ETA 11.5 min
[1131/1443] regenerated stale contour for local_minimum_id=1130 in 11.871 s; ETA 11.5 min
[1132/1443] regenerated stale contour for local_minimum_id=1131 in 17.383 s; ETA 11.5 min
[1133/1443] regenerated stale contour for local_minimum_id=1132 in 20.286 s; ETA 11.5 min
[1134/1443] regenerated stale contour for local_minimum_id=1133 in 16.359 s; ETA 11.6 min
[1135/1443] regenerated stale contour for local_minimum_id=1134 in 29.877 s; ETA 11.7 min
[1136/1443] regenerated stale contour for local_minimum_id=1135 in 19.945 s; ETA 11.7 min
[1137/1443] regenerated stale contour for local_minimum_id=1136 in 26.115 s; ETA 11.8 min
[1138/1443] regenerated stale contour for local_minimum_id=1137 in 18.372 s; ETA 11.8 min
[1139/1443] regenerated stale contour for local_minimum_id=1138 in 17.367 s; ETA 11.8 min
[1140/1443] regenerated stale contour for local_minimum_id=1139 in 18.539 s; ETA 11.9 min
[1141/1443] regenerated stale contour for local_minimum_id=1140 in 19.525 s; ETA 11.9 min
[1142/1443] regenerated stale contour for local_minimum_id=1141 in 17.850 s; ETA 11.9 min
[1143/1443] regenerated stale contour for local_minimum_id=1142 in 19.134 s; ETA 12.0 min
[1144/1443] regenerated stale contour for local_minimum_id=1143 in 30.087 s; ETA 12.0 min
[1145/1443] regenerated stale contour for local_minimum_id=1144 in 32.228 s; ETA 12.1 min
[1146/1443] regenerated stale contour for local_minimum_id=1145 in 29.007 s; ETA 12.2 min
[1147/1443] regenerated stale contour for local_minimum_id=1146 in 19.874 s; ETA 12.2 min
[1148/1443] regenerated stale contour for local_minimum_id=1147 in 29.187 s; ETA 12.3 min
[1149/1443] regenerated stale contour for local_minimum_id=1148 in 19.277 s; ETA 12.3 min
[1150/1443] regenerated stale contour for local_minimum_id=1149 in 18.460 s; ETA 12.4 min
[1151/1443] regenerated stale contour for local_minimum_id=1150 in 28.836 s; ETA 12.4 min
[1152/1443] regenerated stale contour for local_minimum_id=1151 in 18.266 s; ETA 12.5 min
[1153/1443] regenerated stale contour for local_minimum_id=1152 in 19.296 s; ETA 12.5 min
[1154/1443] regenerated stale contour for local_minimum_id=1153 in 18.984 s; ETA 12.5 min
[1155/1443] regenerated stale contour for local_minimum_id=1154 in 18.719 s; ETA 12.5 min
[1156/1443] regenerated stale contour for local_minimum_id=1155 in 28.801 s; ETA 12.6 min
[1157/1443] regenerated stale contour for local_minimum_id=1156 in 9.631 s; ETA 12.6 min
[1158/1443] regenerated stale contour for local_minimum_id=1157 in 30.469 s; ETA 12.7 min
[1159/1443] regenerated stale contour for local_minimum_id=1158 in 18.279 s; ETA 12.7 min
[1160/1443] regenerated stale contour for local_minimum_id=1159 in 26.868 s; ETA 12.7 min
[1161/1443] regenerated stale contour for local_minimum_id=1160 in 30.409 s; ETA 12.8 min
[1162/1443] regenerated stale contour for local_minimum_id=1161 in 28.791 s; ETA 12.9 min
[1163/1443] regenerated stale contour for local_minimum_id=1162 in 18.627 s; ETA 12.9 min
[1164/1443] regenerated stale contour for local_minimum_id=1163 in 9.905 s; ETA 12.9 min
[1165/1443] regenerated stale contour for local_minimum_id=1164 in 17.146 s; ETA 12.9 min
[1166/1443] regenerated stale contour for local_minimum_id=1165 in 30.832 s; ETA 12.9 min
[1167/1443] regenerated stale contour for local_minimum_id=1166 in 18.609 s; ETA 12.9 min
[1168/1443] regenerated stale contour for local_minimum_id=1167 in 29.409 s; ETA 13.0 min
[1169/1443] regenerated stale contour for local_minimum_id=1168 in 30.155 s; ETA 13.1 min
[1170/1443] regenerated stale contour for local_minimum_id=1169 in 18.159 s; ETA 13.1 min
[1171/1443] regenerated stale contour for local_minimum_id=1170 in 17.911 s; ETA 13.1 min
[1172/1443] regenerated stale contour for local_minimum_id=1171 in 30.695 s; ETA 13.1 min
[1173/1443] regenerated stale contour for local_minimum_id=1172 in 19.762 s; ETA 13.2 min
[1174/1443] regenerated stale contour for local_minimum_id=1173 in 28.573 s; ETA 13.2 min
[1175/1443] regenerated stale contour for local_minimum_id=1174 in 19.759 s; ETA 13.2 min
[1176/1443] regenerated stale contour for local_minimum_id=1175 in 29.397 s; ETA 13.3 min
[1177/1443] regenerated stale contour for local_minimum_id=1176 in 19.404 s; ETA 13.3 min
[1178/1443] regenerated stale contour for local_minimum_id=1177 in 26.249 s; ETA 13.3 min
[1179/1443] regenerated stale contour for local_minimum_id=1178 in 19.302 s; ETA 13.3 min
[1180/1443] regenerated stale contour for local_minimum_id=1179 in 29.636 s; ETA 13.4 min
[1181/1443] regenerated stale contour for local_minimum_id=1180 in 9.952 s; ETA 13.4 min
[1182/1443] regenerated stale contour for local_minimum_id=1181 in 28.719 s; ETA 13.4 min
[1183/1443] regenerated stale contour for local_minimum_id=1182 in 16.444 s; ETA 13.4 min
[1184/1443] regenerated stale contour for local_minimum_id=1183 in 19.164 s; ETA 13.4 min
[1185/1443] regenerated stale contour for local_minimum_id=1184 in 13.924 s; ETA 13.4 min
[1186/1443] regenerated stale contour for local_minimum_id=1185 in 16.529 s; ETA 13.4 min
[1187/1443] regenerated stale contour for local_minimum_id=1186 in 30.686 s; ETA 13.4 min
[1188/1443] regenerated stale contour for local_minimum_id=1187 in 16.683 s; ETA 13.4 min
[1189/1443] regenerated stale contour for local_minimum_id=1188 in 19.925 s; ETA 13.4 min
[1190/1443] regenerated stale contour for local_minimum_id=1189 in 19.378 s; ETA 13.4 min
[1191/1443] regenerated stale contour for local_minimum_id=1190 in 18.941 s; ETA 13.5 min
[1192/1443] regenerated stale contour for local_minimum_id=1191 in 19.184 s; ETA 13.5 min
[1193/1443] regenerated stale contour for local_minimum_id=1192 in 18.804 s; ETA 13.5 min
[1194/1443] regenerated stale contour for local_minimum_id=1193 in 32.413 s; ETA 13.5 min
[1195/1443] regenerated stale contour for local_minimum_id=1194 in 17.982 s; ETA 13.5 min
[1196/1443] regenerated stale contour for local_minimum_id=1195 in 26.160 s; ETA 13.5 min
[1197/1443] regenerated stale contour for local_minimum_id=1196 in 18.589 s; ETA 13.5 min
[1198/1443] regenerated stale contour for local_minimum_id=1197 in 18.325 s; ETA 13.5 min
[1199/1443] regenerated stale contour for local_minimum_id=1198 in 11.804 s; ETA 13.5 min
[1200/1443] regenerated stale contour for local_minimum_id=1199 in 21.030 s; ETA 13.5 min
[1201/1443] regenerated stale contour for local_minimum_id=1200 in 30.256 s; ETA 13.5 min
[1202/1443] regenerated stale contour for local_minimum_id=1201 in 31.447 s; ETA 13.6 min
[1203/1443] regenerated stale contour for local_minimum_id=1202 in 20.440 s; ETA 13.6 min
[1204/1443] regenerated stale contour for local_minimum_id=1203 in 23.881 s; ETA 13.6 min
[1205/1443] regenerated stale contour for local_minimum_id=1204 in 28.830 s; ETA 13.6 min
[1206/1443] regenerated stale contour for local_minimum_id=1205 in 25.403 s; ETA 13.6 min
[1207/1443] regenerated stale contour for local_minimum_id=1206 in 29.370 s; ETA 13.6 min
[1208/1443] regenerated stale contour for local_minimum_id=1207 in 29.261 s; ETA 13.7 min
[1209/1443] regenerated stale contour for local_minimum_id=1208 in 32.744 s; ETA 13.7 min
[1210/1443] regenerated stale contour for local_minimum_id=1209 in 26.077 s; ETA 13.7 min
[1211/1443] regenerated stale contour for local_minimum_id=1210 in 18.811 s; ETA 13.7 min
[1212/1443] regenerated stale contour for local_minimum_id=1211 in 29.580 s; ETA 13.7 min
[1213/1443] regenerated stale contour for local_minimum_id=1212 in 30.046 s; ETA 13.8 min
[1214/1443] regenerated stale contour for local_minimum_id=1213 in 29.872 s; ETA 13.8 min
[1215/1443] regenerated stale contour for local_minimum_id=1214 in 17.981 s; ETA 13.8 min
[1216/1443] regenerated stale contour for local_minimum_id=1215 in 18.084 s; ETA 13.8 min
[1217/1443] regenerated stale contour for local_minimum_id=1216 in 19.433 s; ETA 13.7 min
[1218/1443] regenerated stale contour for local_minimum_id=1217 in 18.610 s; ETA 13.7 min
[1219/1443] regenerated stale contour for local_minimum_id=1218 in 18.951 s; ETA 13.7 min
[1220/1443] regenerated stale contour for local_minimum_id=1219 in 19.351 s; ETA 13.7 min
[1221/1443] regenerated stale contour for local_minimum_id=1220 in 18.937 s; ETA 13.7 min
[1222/1443] regenerated stale contour for local_minimum_id=1221 in 17.665 s; ETA 13.7 min
[1223/1443] regenerated stale contour for local_minimum_id=1222 in 18.576 s; ETA 13.6 min
[1224/1443] regenerated stale contour for local_minimum_id=1223 in 18.262 s; ETA 13.6 min
[1225/1443] regenerated stale contour for local_minimum_id=1224 in 19.703 s; ETA 13.6 min
[1226/1443] regenerated stale contour for local_minimum_id=1225 in 19.375 s; ETA 13.6 min
[1227/1443] regenerated stale contour for local_minimum_id=1226 in 16.005 s; ETA 13.6 min
[1228/1443] regenerated stale contour for local_minimum_id=1227 in 18.205 s; ETA 13.6 min
[1229/1443] regenerated stale contour for local_minimum_id=1228 in 29.102 s; ETA 13.6 min
[1230/1443] regenerated stale contour for local_minimum_id=1229 in 20.166 s; ETA 13.5 min
[1231/1443] regenerated stale contour for local_minimum_id=1230 in 17.682 s; ETA 13.5 min
[1232/1443] regenerated stale contour for local_minimum_id=1231 in 19.749 s; ETA 13.5 min
[1233/1443] regenerated stale contour for local_minimum_id=1232 in 15.490 s; ETA 13.5 min
[1234/1443] regenerated stale contour for local_minimum_id=1233 in 32.569 s; ETA 13.5 min
[1235/1443] regenerated stale contour for local_minimum_id=1234 in 26.540 s; ETA 13.5 min
[1236/1443] regenerated stale contour for local_minimum_id=1235 in 16.795 s; ETA 13.5 min
[1237/1443] regenerated stale contour for local_minimum_id=1236 in 17.715 s; ETA 13.4 min
[1238/1443] regenerated stale contour for local_minimum_id=1237 in 16.719 s; ETA 13.4 min
[1239/1443] regenerated stale contour for local_minimum_id=1238 in 16.983 s; ETA 13.4 min
[1240/1443] regenerated stale contour for local_minimum_id=1239 in 11.871 s; ETA 13.3 min
[1241/1443] regenerated stale contour for local_minimum_id=1240 in 11.090 s; ETA 13.3 min
[1242/1443] regenerated stale contour for local_minimum_id=1241 in 18.828 s; ETA 13.3 min
[1243/1443] regenerated stale contour for local_minimum_id=1242 in 9.966 s; ETA 13.2 min
[1244/1443] regenerated stale contour for local_minimum_id=1243 in 29.501 s; ETA 13.2 min
[1245/1443] regenerated stale contour for local_minimum_id=1244 in 17.624 s; ETA 13.2 min
[1246/1443] regenerated stale contour for local_minimum_id=1245 in 18.719 s; ETA 13.2 min
[1247/1443] regenerated stale contour for local_minimum_id=1246 in 10.095 s; ETA 13.1 min
[1248/1443] regenerated stale contour for local_minimum_id=1247 in 9.913 s; ETA 13.0 min
[1249/1443] regenerated stale contour for local_minimum_id=1248 in 12.471 s; ETA 13.0 min
[1250/1443] regenerated stale contour for local_minimum_id=1249 in 16.541 s; ETA 13.0 min
[1251/1443] regenerated stale contour for local_minimum_id=1250 in 10.619 s; ETA 12.9 min
[1252/1443] regenerated stale contour for local_minimum_id=1251 in 15.025 s; ETA 12.9 min
[1253/1443] regenerated stale contour for local_minimum_id=1252 in 10.762 s; ETA 12.8 min
[1254/1443] regenerated stale contour for local_minimum_id=1253 in 14.567 s; ETA 12.8 min
[1255/1443] regenerated stale contour for local_minimum_id=1254 in 15.617 s; ETA 12.7 min
[1256/1443] regenerated stale contour for local_minimum_id=1255 in 14.952 s; ETA 12.7 min
[1257/1443] regenerated stale contour for local_minimum_id=1256 in 16.015 s; ETA 12.7 min
[1258/1443] regenerated stale contour for local_minimum_id=1257 in 26.510 s; ETA 12.7 min
[1259/1443] regenerated stale contour for local_minimum_id=1258 in 11.348 s; ETA 12.6 min
[1260/1443] regenerated stale contour for local_minimum_id=1259 in 10.674 s; ETA 12.6 min
[1261/1443] regenerated stale contour for local_minimum_id=1260 in 28.282 s; ETA 12.5 min
[1262/1443] regenerated stale contour for local_minimum_id=1261 in 18.459 s; ETA 12.5 min
[1263/1443] regenerated stale contour for local_minimum_id=1262 in 32.369 s; ETA 12.5 min
[1264/1443] regenerated stale contour for local_minimum_id=1263 in 16.491 s; ETA 12.5 min
[1265/1443] regenerated stale contour for local_minimum_id=1264 in 29.119 s; ETA 12.5 min
[1266/1443] regenerated stale contour for local_minimum_id=1265 in 32.553 s; ETA 12.5 min
[1267/1443] regenerated stale contour for local_minimum_id=1266 in 18.543 s; ETA 12.4 min
[1268/1443] regenerated stale contour for local_minimum_id=1267 in 11.198 s; ETA 12.4 min
[1269/1443] regenerated stale contour for local_minimum_id=1268 in 28.182 s; ETA 12.3 min
[1270/1443] regenerated stale contour for local_minimum_id=1269 in 31.018 s; ETA 12.3 min
[1271/1443] regenerated stale contour for local_minimum_id=1270 in 19.414 s; ETA 12.3 min
[1272/1443] regenerated stale contour for local_minimum_id=1271 in 15.175 s; ETA 12.2 min
[1273/1443] regenerated stale contour for local_minimum_id=1272 in 19.163 s; ETA 12.2 min
[1274/1443] regenerated stale contour for local_minimum_id=1273 in 18.512 s; ETA 12.2 min
[1275/1443] regenerated stale contour for local_minimum_id=1274 in 18.594 s; ETA 12.1 min
[1276/1443] regenerated stale contour for local_minimum_id=1275 in 14.860 s; ETA 12.1 min
[1277/1443] regenerated stale contour for local_minimum_id=1276 in 14.294 s; ETA 12.0 min
[1278/1443] regenerated stale contour for local_minimum_id=1277 in 15.187 s; ETA 12.0 min
[1279/1443] regenerated stale contour for local_minimum_id=1278 in 15.007 s; ETA 11.9 min
[1280/1443] regenerated stale contour for local_minimum_id=1279 in 17.395 s; ETA 11.9 min
[1281/1443] regenerated stale contour for local_minimum_id=1280 in 31.440 s; ETA 11.9 min
[1282/1443] regenerated stale contour for local_minimum_id=1281 in 28.818 s; ETA 11.8 min
[1283/1443] regenerated stale contour for local_minimum_id=1282 in 27.331 s; ETA 11.8 min
[1284/1443] regenerated stale contour for local_minimum_id=1283 in 14.940 s; ETA 11.8 min
[1285/1443] regenerated stale contour for local_minimum_id=1284 in 27.449 s; ETA 11.7 min
[1286/1443] regenerated stale contour for local_minimum_id=1285 in 26.803 s; ETA 11.7 min
[1287/1443] regenerated stale contour for local_minimum_id=1286 in 9.985 s; ETA 11.6 min
[1288/1443] regenerated stale contour for local_minimum_id=1287 in 28.766 s; ETA 11.6 min
[1289/1443] reused contour for local_minimum_id=1288 in 0.021 s; ETA 11.5 min
[1290/1443] regenerated stale contour for local_minimum_id=1289 in 19.839 s; ETA 11.5 min
[1291/1443] regenerated stale contour for local_minimum_id=1290 in 19.825 s; ETA 11.5 min
[1292/1443] regenerated stale contour for local_minimum_id=1291 in 18.565 s; ETA 11.4 min
[1293/1443] regenerated stale contour for local_minimum_id=1292 in 18.985 s; ETA 11.4 min
[1294/1443] regenerated stale contour for local_minimum_id=1293 in 20.622 s; ETA 11.3 min
[1295/1443] regenerated stale contour for local_minimum_id=1294 in 18.433 s; ETA 11.3 min
[1296/1443] regenerated stale contour for local_minimum_id=1295 in 20.056 s; ETA 11.2 min
[1297/1443] regenerated stale contour for local_minimum_id=1296 in 19.526 s; ETA 11.2 min
[1298/1443] regenerated stale contour for local_minimum_id=1297 in 20.811 s; ETA 11.1 min
[1299/1443] regenerated stale contour for local_minimum_id=1298 in 19.493 s; ETA 11.1 min
[1300/1443] regenerated stale contour for local_minimum_id=1299 in 20.839 s; ETA 11.0 min
[1301/1443] regenerated stale contour for local_minimum_id=1300 in 19.748 s; ETA 11.0 min
[1302/1443] regenerated stale contour for local_minimum_id=1301 in 19.698 s; ETA 10.9 min
[1303/1443] regenerated stale contour for local_minimum_id=1302 in 18.922 s; ETA 10.9 min
[1304/1443] regenerated stale contour for local_minimum_id=1303 in 19.126 s; ETA 10.8 min
[1305/1443] regenerated stale contour for local_minimum_id=1304 in 19.106 s; ETA 10.8 min
[1306/1443] regenerated stale contour for local_minimum_id=1305 in 20.918 s; ETA 10.7 min
[1307/1443] regenerated stale contour for local_minimum_id=1306 in 19.229 s; ETA 10.7 min
[1308/1443] regenerated stale contour for local_minimum_id=1307 in 19.599 s; ETA 10.6 min
[1309/1443] regenerated stale contour for local_minimum_id=1308 in 19.718 s; ETA 10.6 min
[1310/1443] regenerated stale contour for local_minimum_id=1309 in 10.265 s; ETA 10.5 min
[1311/1443] regenerated stale contour for local_minimum_id=1310 in 30.592 s; ETA 10.5 min
[1312/1443] reused contour for local_minimum_id=1311 in 0.017 s; ETA 10.4 min
[1313/1443] regenerated stale contour for local_minimum_id=1312 in 17.040 s; ETA 10.3 min
[1314/1443] reused contour for local_minimum_id=1313 in 0.022 s; ETA 10.2 min
[1315/1443] regenerated stale contour for local_minimum_id=1314 in 12.388 s; ETA 10.2 min
[1316/1443] regenerated stale contour for local_minimum_id=1315 in 13.476 s; ETA 10.1 min
[1317/1443] regenerated stale contour for local_minimum_id=1316 in 14.157 s; ETA 10.0 min
[1318/1443] regenerated stale contour for local_minimum_id=1317 in 13.733 s; ETA 10.0 min
[1319/1443] regenerated stale contour for local_minimum_id=1318 in 12.449 s; ETA 9.9 min
[1320/1443] regenerated stale contour for local_minimum_id=1319 in 12.264 s; ETA 9.8 min
[1321/1443] regenerated stale contour for local_minimum_id=1320 in 12.875 s; ETA 9.8 min
[1322/1443] regenerated stale contour for local_minimum_id=1321 in 14.486 s; ETA 9.7 min
[1323/1443] reused contour for local_minimum_id=1322 in 0.019 s; ETA 9.6 min
[1324/1443] reused contour for local_minimum_id=1323 in 0.014 s; ETA 9.5 min
[1325/1443] regenerated stale contour for local_minimum_id=1324 in 10.557 s; ETA 9.4 min
[1326/1443] reused contour for local_minimum_id=1325 in 0.025 s; ETA 9.4 min
[1327/1443] reused contour for local_minimum_id=1326 in 0.025 s; ETA 9.3 min
[1328/1443] reused contour for local_minimum_id=1327 in 0.023 s; ETA 9.2 min
[1329/1443] regenerated stale contour for local_minimum_id=1328 in 10.617 s; ETA 9.1 min
[1330/1443] reused contour for local_minimum_id=1329 in 0.020 s; ETA 9.0 min
[1331/1443] reused contour for local_minimum_id=1330 in 0.019 s; ETA 8.9 min
[1332/1443] reused contour for local_minimum_id=1331 in 0.017 s; ETA 8.9 min
[1333/1443] reused contour for local_minimum_id=1332 in 0.020 s; ETA 8.8 min
[1334/1443] reused contour for local_minimum_id=1333 in 0.020 s; ETA 8.7 min
[1335/1443] regenerated stale contour for local_minimum_id=1334 in 10.559 s; ETA 8.6 min
[1336/1443] regenerated stale contour for local_minimum_id=1335 in 11.410 s; ETA 8.5 min
[1337/1443] reused contour for local_minimum_id=1336 in 0.018 s; ETA 8.5 min
[1338/1443] regenerated stale contour for local_minimum_id=1337 in 10.887 s; ETA 8.4 min
[1339/1443] regenerated stale contour for local_minimum_id=1338 in 10.059 s; ETA 8.3 min
[1340/1443] regenerated stale contour for local_minimum_id=1339 in 10.945 s; ETA 8.2 min
[1341/1443] reused contour for local_minimum_id=1340 in 0.019 s; ETA 8.1 min
[1342/1443] regenerated stale contour for local_minimum_id=1341 in 10.951 s; ETA 8.1 min
[1343/1443] reused contour for local_minimum_id=1342 in 0.021 s; ETA 8.0 min
[1344/1443] reused contour for local_minimum_id=1343 in 0.022 s; ETA 7.9 min
[1345/1443] regenerated stale contour for local_minimum_id=1344 in 9.350 s; ETA 7.8 min
[1346/1443] reused contour for local_minimum_id=1345 in 0.021 s; ETA 7.7 min
[1347/1443] regenerated stale contour for local_minimum_id=1346 in 28.476 s; ETA 7.7 min
[1348/1443] regenerated stale contour for local_minimum_id=1347 in 32.739 s; ETA 7.6 min
[1349/1443] regenerated stale contour for local_minimum_id=1348 in 11.897 s; ETA 7.6 min
[1350/1443] regenerated stale contour for local_minimum_id=1349 in 11.299 s; ETA 7.5 min
[1351/1443] regenerated stale contour for local_minimum_id=1350 in 12.312 s; ETA 7.4 min
[1352/1443] regenerated stale contour for local_minimum_id=1351 in 12.527 s; ETA 7.4 min
[1353/1443] reused contour for local_minimum_id=1352 in 0.020 s; ETA 7.3 min
[1354/1443] reused contour for local_minimum_id=1353 in 0.014 s; ETA 7.2 min
[1355/1443] reused contour for local_minimum_id=1354 in 0.015 s; ETA 7.1 min
[1356/1443] reused contour for local_minimum_id=1355 in 0.015 s; ETA 7.0 min
[1357/1443] reused contour for local_minimum_id=1356 in 0.016 s; ETA 6.9 min
[1358/1443] reused contour for local_minimum_id=1357 in 0.019 s; ETA 6.8 min
[1359/1443] reused contour for local_minimum_id=1358 in 0.019 s; ETA 6.8 min
[1360/1443] reused contour for local_minimum_id=1359 in 0.021 s; ETA 6.7 min
[1361/1443] regenerated stale contour for local_minimum_id=1360 in 24.969 s; ETA 6.6 min
[1362/1443] regenerated stale contour for local_minimum_id=1361 in 29.769 s; ETA 6.6 min
[1363/1443] regenerated stale contour for local_minimum_id=1362 in 19.529 s; ETA 6.5 min
[1364/1443] regenerated stale contour for local_minimum_id=1363 in 28.957 s; ETA 6.4 min
[1365/1443] regenerated stale contour for local_minimum_id=1364 in 22.837 s; ETA 6.4 min
[1366/1443] regenerated stale contour for local_minimum_id=1365 in 30.530 s; ETA 6.3 min
[1367/1443] regenerated stale contour for local_minimum_id=1366 in 31.486 s; ETA 6.3 min
[1368/1443] regenerated stale contour for local_minimum_id=1367 in 31.684 s; ETA 6.2 min
[1369/1443] regenerated stale contour for local_minimum_id=1368 in 29.808 s; ETA 6.1 min
[1370/1443] regenerated stale contour for local_minimum_id=1369 in 31.007 s; ETA 6.1 min
[1371/1443] regenerated stale contour for local_minimum_id=1370 in 29.371 s; ETA 6.0 min
[1372/1443] regenerated stale contour for local_minimum_id=1371 in 29.204 s; ETA 5.9 min
[1373/1443] regenerated stale contour for local_minimum_id=1372 in 32.001 s; ETA 5.9 min
[1374/1443] regenerated stale contour for local_minimum_id=1373 in 26.963 s; ETA 5.8 min
[1375/1443] regenerated stale contour for local_minimum_id=1374 in 31.442 s; ETA 5.8 min
[1376/1443] regenerated stale contour for local_minimum_id=1375 in 24.578 s; ETA 5.7 min
[1377/1443] regenerated stale contour for local_minimum_id=1376 in 23.827 s; ETA 5.6 min
[1378/1443] regenerated stale contour for local_minimum_id=1377 in 28.226 s; ETA 5.6 min
[1379/1443] regenerated stale contour for local_minimum_id=1378 in 31.665 s; ETA 5.5 min
[1380/1443] regenerated stale contour for local_minimum_id=1379 in 27.688 s; ETA 5.4 min
[1381/1443] regenerated stale contour for local_minimum_id=1380 in 16.181 s; ETA 5.3 min
[1382/1443] regenerated stale contour for local_minimum_id=1381 in 26.706 s; ETA 5.3 min
[1383/1443] regenerated stale contour for local_minimum_id=1382 in 25.031 s; ETA 5.2 min
[1384/1443] regenerated stale contour for local_minimum_id=1383 in 31.967 s; ETA 5.1 min
[1385/1443] regenerated stale contour for local_minimum_id=1384 in 30.602 s; ETA 5.1 min
[1386/1443] regenerated stale contour for local_minimum_id=1385 in 27.447 s; ETA 5.0 min
[1387/1443] regenerated stale contour for local_minimum_id=1386 in 24.439 s; ETA 4.9 min
[1388/1443] regenerated stale contour for local_minimum_id=1387 in 25.029 s; ETA 4.8 min
[1389/1443] regenerated stale contour for local_minimum_id=1388 in 28.929 s; ETA 4.8 min
[1390/1443] regenerated stale contour for local_minimum_id=1389 in 18.803 s; ETA 4.7 min
[1391/1443] regenerated stale contour for local_minimum_id=1390 in 19.817 s; ETA 4.6 min
[1392/1443] regenerated stale contour for local_minimum_id=1391 in 30.861 s; ETA 4.5 min
[1393/1443] regenerated stale contour for local_minimum_id=1392 in 29.162 s; ETA 4.5 min
[1394/1443] regenerated stale contour for local_minimum_id=1393 in 26.793 s; ETA 4.4 min
[1395/1443] regenerated stale contour for local_minimum_id=1394 in 14.973 s; ETA 4.3 min
[1396/1443] regenerated stale contour for local_minimum_id=1395 in 13.642 s; ETA 4.2 min
[1397/1443] regenerated stale contour for local_minimum_id=1396 in 29.101 s; ETA 4.1 min
[1398/1443] regenerated stale contour for local_minimum_id=1397 in 14.972 s; ETA 4.1 min
[1399/1443] regenerated stale contour for local_minimum_id=1398 in 27.283 s; ETA 4.0 min
[1400/1443] regenerated stale contour for local_minimum_id=1399 in 17.025 s; ETA 3.9 min
[1401/1443] regenerated stale contour for local_minimum_id=1400 in 17.166 s; ETA 3.8 min
[1402/1443] regenerated stale contour for local_minimum_id=1401 in 27.021 s; ETA 3.7 min
[1403/1443] regenerated stale contour for local_minimum_id=1402 in 18.931 s; ETA 3.6 min
[1404/1443] regenerated stale contour for local_minimum_id=1403 in 22.999 s; ETA 3.6 min
[1405/1443] regenerated stale contour for local_minimum_id=1404 in 15.697 s; ETA 3.5 min
[1406/1443] regenerated stale contour for local_minimum_id=1405 in 23.880 s; ETA 3.4 min
[1407/1443] regenerated stale contour for local_minimum_id=1406 in 25.585 s; ETA 3.3 min
[1408/1443] regenerated stale contour for local_minimum_id=1407 in 30.088 s; ETA 3.2 min
[1409/1443] regenerated stale contour for local_minimum_id=1408 in 18.049 s; ETA 3.1 min
[1410/1443] regenerated stale contour for local_minimum_id=1409 in 19.444 s; ETA 3.1 min
[1411/1443] regenerated stale contour for local_minimum_id=1410 in 18.113 s; ETA 3.0 min
[1412/1443] regenerated stale contour for local_minimum_id=1411 in 28.283 s; ETA 2.9 min
[1413/1443] regenerated stale contour for local_minimum_id=1412 in 28.780 s; ETA 2.8 min
[1414/1443] regenerated stale contour for local_minimum_id=1413 in 18.004 s; ETA 2.7 min
[1415/1443] regenerated stale contour for local_minimum_id=1414 in 25.242 s; ETA 2.6 min
[1416/1443] regenerated stale contour for local_minimum_id=1415 in 25.904 s; ETA 2.5 min
[1417/1443] regenerated stale contour for local_minimum_id=1416 in 27.580 s; ETA 2.4 min
[1418/1443] regenerated stale contour for local_minimum_id=1417 in 27.066 s; ETA 2.4 min
[1419/1443] regenerated stale contour for local_minimum_id=1418 in 24.529 s; ETA 2.3 min
[1420/1443] regenerated stale contour for local_minimum_id=1419 in 24.466 s; ETA 2.2 min
[1421/1443] regenerated stale contour for local_minimum_id=1420 in 30.203 s; ETA 2.1 min
[1422/1443] regenerated stale contour for local_minimum_id=1421 in 30.079 s; ETA 2.0 min
[1423/1443] regenerated stale contour for local_minimum_id=1422 in 30.536 s; ETA 1.9 min
[1424/1443] regenerated stale contour for local_minimum_id=1423 in 27.870 s; ETA 1.8 min
[1425/1443] regenerated stale contour for local_minimum_id=1424 in 24.578 s; ETA 1.7 min
[1426/1443] regenerated stale contour for local_minimum_id=1425 in 24.471 s; ETA 1.6 min
[1427/1443] regenerated stale contour for local_minimum_id=1426 in 29.306 s; ETA 1.5 min
[1428/1443] regenerated stale contour for local_minimum_id=1427 in 28.512 s; ETA 1.5 min
[1429/1443] regenerated stale contour for local_minimum_id=1428 in 29.928 s; ETA 1.4 min
[1430/1443] regenerated stale contour for local_minimum_id=1429 in 24.452 s; ETA 1.3 min
[1431/1443] regenerated stale contour for local_minimum_id=1430 in 23.453 s; ETA 1.2 min
[1432/1443] regenerated stale contour for local_minimum_id=1431 in 31.721 s; ETA 1.1 min
[1433/1443] regenerated stale contour for local_minimum_id=1432 in 22.503 s; ETA 1.0 min
[1434/1443] regenerated stale contour for local_minimum_id=1433 in 26.910 s; ETA 0.9 min
[1435/1443] regenerated stale contour for local_minimum_id=1434 in 22.751 s; ETA 0.8 min
[1436/1443] regenerated stale contour for local_minimum_id=1435 in 14.093 s; ETA 0.7 min
[1437/1443] regenerated stale contour for local_minimum_id=1436 in 15.800 s; ETA 0.6 min
[1438/1443] regenerated stale contour for local_minimum_id=1437 in 17.328 s; ETA 0.5 min
[1439/1443] regenerated stale contour for local_minimum_id=1438 in 16.869 s; ETA 0.4 min
[1440/1443] regenerated stale contour for local_minimum_id=1439 in 16.507 s; ETA 0.3 min
[1441/1443] regenerated stale contour for local_minimum_id=1440 in 16.389 s; ETA 0.2 min
[1442/1443] regenerated stale contour for local_minimum_id=1441 in 16.528 s; ETA 0.1 min
[1443/1443] regenerated stale contour for local_minimum_id=1442 in 13.785 s; ETA 0.0 min
Gradient one_minus_C_e_p pre-cluster contours (muon)
  source raw minima: Output\GradientPhaseSpaceScan\muon\Data\CEP\scan\local_minima.csv
  local minima loaded: 1443
  contours generated: 411
  stale contours regenerated: 411
  contours reused after validation: 1032
  directions per minimum: 1536
  local-minimum contour settings: read from each minimum-owned contour file
  contour generation time: 8603.862 s
  per-minimum contour data: Output\GradientPhaseSpaceScan\muon\Data\CEP\contour\local_minima
  contour index: Output\GradientPhaseSpaceScan\muon\Data\CEP\contour\local_minimum_contour_index.csv
  ownership key: local_minimum_id from the raw local_minima.csv
========================================================================
Muon contour repair 2/3: CPGAMMA (one_minus_C_p_gamma)
========================================================================
[1/1646] regenerated stale contour for local_minimum_id=0 in 11.730 s; ETA 321.6 min
[2/1646] regenerated stale contour for local_minimum_id=1 in 13.270 s; ETA 342.6 min
[3/1646] regenerated stale contour for local_minimum_id=2 in 7.501 s; ETA 296.7 min
[4/1646] regenerated stale contour for local_minimum_id=3 in 9.463 s; ETA 287.2 min
[5/1646] regenerated stale contour for local_minimum_id=4 in 10.605 s; ETA 287.7 min
[6/1646] regenerated stale contour for local_minimum_id=5 in 13.160 s; ETA 299.5 min
[7/1646] regenerated stale contour for local_minimum_id=6 in 9.148 s; ETA 292.3 min
[8/1646] regenerated stale contour for local_minimum_id=7 in 11.366 s; ETA 294.4 min
[9/1646] regenerated stale contour for local_minimum_id=8 in 11.352 s; ETA 296.0 min
[10/1646] regenerated stale contour for local_minimum_id=9 in 9.358 s; ETA 291.7 min
[11/1646] regenerated stale contour for local_minimum_id=10 in 11.826 s; ETA 294.4 min
[12/1646] regenerated stale contour for local_minimum_id=11 in 12.357 s; ETA 297.7 min
[13/1646] regenerated stale contour for local_minimum_id=12 in 10.689 s; ETA 297.0 min
[14/1646] regenerated stale contour for local_minimum_id=13 in 12.612 s; ETA 300.2 min
[15/1646] regenerated stale contour for local_minimum_id=14 in 11.128 s; ETA 300.1 min
[16/1646] regenerated stale contour for local_minimum_id=15 in 6.624 s; ETA 292.5 min
[17/1646] regenerated stale contour for local_minimum_id=16 in 10.017 s; ETA 291.1 min
[18/1646] regenerated stale contour for local_minimum_id=17 in 12.894 s; ETA 294.2 min
[19/1646] regenerated stale contour for local_minimum_id=18 in 11.691 s; ETA 295.2 min
[20/1646] regenerated stale contour for local_minimum_id=19 in 12.456 s; ETA 297.2 min
[21/1646] regenerated stale contour for local_minimum_id=20 in 11.720 s; ETA 298.0 min
[22/1646] regenerated stale contour for local_minimum_id=21 in 13.271 s; ETA 300.6 min
[23/1646] regenerated stale contour for local_minimum_id=22 in 9.801 s; ETA 298.9 min
[24/1646] regenerated stale contour for local_minimum_id=23 in 11.770 s; ETA 299.5 min
[25/1646] regenerated stale contour for local_minimum_id=24 in 10.731 s; ETA 298.9 min
[26/1646] regenerated stale contour for local_minimum_id=25 in 11.255 s; ETA 299.0 min
[27/1646] regenerated stale contour for local_minimum_id=26 in 12.078 s; ETA 299.8 min
[28/1646] regenerated stale contour for local_minimum_id=27 in 12.345 s; ETA 300.8 min
[29/1646] regenerated stale contour for local_minimum_id=28 in 10.552 s; ETA 300.1 min
[30/1646] regenerated stale contour for local_minimum_id=29 in 13.884 s; ETA 302.3 min
[31/1646] regenerated stale contour for local_minimum_id=30 in 11.525 s; ETA 302.4 min
[32/1646] regenerated stale contour for local_minimum_id=31 in 6.820 s; ETA 298.5 min
[33/1646] regenerated stale contour for local_minimum_id=32 in 11.346 s; ETA 298.5 min
[34/1646] regenerated stale contour for local_minimum_id=33 in 12.146 s; ETA 299.2 min
[35/1646] regenerated stale contour for local_minimum_id=34 in 10.753 s; ETA 298.7 min
[36/1646] regenerated stale contour for local_minimum_id=35 in 11.200 s; ETA 298.6 min
[37/1646] regenerated stale contour for local_minimum_id=36 in 12.209 s; ETA 299.2 min
[38/1646] regenerated stale contour for local_minimum_id=37 in 12.008 s; ETA 299.6 min
[39/1646] regenerated stale contour for local_minimum_id=38 in 12.146 s; ETA 300.1 min
[40/1646] regenerated stale contour for local_minimum_id=39 in 11.394 s; ETA 300.0 min
[41/1646] regenerated stale contour for local_minimum_id=40 in 10.356 s; ETA 299.3 min
[42/1646] regenerated stale contour for local_minimum_id=41 in 10.457 s; ETA 298.6 min
[43/1646] regenerated stale contour for local_minimum_id=42 in 12.475 s; ETA 299.3 min
[44/1646] regenerated stale contour for local_minimum_id=43 in 12.040 s; ETA 299.6 min
[45/1646] regenerated stale contour for local_minimum_id=44 in 13.243 s; ETA 300.6 min
[46/1646] regenerated stale contour for local_minimum_id=45 in 11.793 s; ETA 300.7 min
[47/1646] regenerated stale contour for local_minimum_id=46 in 6.961 s; ETA 298.1 min
[48/1646] regenerated stale contour for local_minimum_id=47 in 13.399 s; ETA 299.1 min
[49/1646] regenerated stale contour for local_minimum_id=48 in 12.141 s; ETA 299.4 min
[50/1646] regenerated stale contour for local_minimum_id=49 in 13.166 s; ETA 300.3 min
[51/1646] regenerated stale contour for local_minimum_id=50 in 12.191 s; ETA 300.6 min
[52/1646] regenerated stale contour for local_minimum_id=51 in 9.864 s; ETA 299.6 min
[53/1646] regenerated stale contour for local_minimum_id=52 in 10.830 s; ETA 299.2 min
[54/1646] regenerated stale contour for local_minimum_id=53 in 12.981 s; ETA 299.9 min
[55/1646] regenerated stale contour for local_minimum_id=54 in 10.549 s; ETA 299.3 min
[56/1646] regenerated stale contour for local_minimum_id=55 in 11.813 s; ETA 299.4 min
[57/1646] regenerated stale contour for local_minimum_id=56 in 12.682 s; ETA 299.9 min
[58/1646] regenerated stale contour for local_minimum_id=57 in 12.292 s; ETA 300.1 min
[59/1646] regenerated stale contour for local_minimum_id=58 in 12.416 s; ETA 300.4 min
[60/1646] regenerated stale contour for local_minimum_id=59 in 11.494 s; ETA 300.3 min
[61/1646] regenerated stale contour for local_minimum_id=60 in 11.417 s; ETA 300.1 min
[62/1646] regenerated stale contour for local_minimum_id=61 in 9.365 s; ETA 299.1 min
[63/1646] regenerated stale contour for local_minimum_id=62 in 10.834 s; ETA 298.7 min
[64/1646] regenerated stale contour for local_minimum_id=63 in 10.875 s; ETA 298.3 min
[65/1646] regenerated stale contour for local_minimum_id=64 in 10.658 s; ETA 297.9 min
[66/1646] regenerated stale contour for local_minimum_id=65 in 13.249 s; ETA 298.5 min
[67/1646] regenerated stale contour for local_minimum_id=66 in 11.878 s; ETA 298.5 min
[68/1646] regenerated stale contour for local_minimum_id=67 in 11.732 s; ETA 298.4 min
[69/1646] regenerated stale contour for local_minimum_id=68 in 10.240 s; ETA 297.8 min
[70/1646] regenerated stale contour for local_minimum_id=69 in 6.817 s; ETA 296.0 min
[71/1646] regenerated stale contour for local_minimum_id=70 in 11.959 s; ETA 296.0 min
[72/1646] regenerated stale contour for local_minimum_id=71 in 8.808 s; ETA 294.9 min
[73/1646] regenerated stale contour for local_minimum_id=72 in 12.573 s; ETA 295.2 min
[74/1646] regenerated stale contour for local_minimum_id=73 in 12.050 s; ETA 295.3 min
[75/1646] regenerated stale contour for local_minimum_id=74 in 12.300 s; ETA 295.5 min
[76/1646] regenerated stale contour for local_minimum_id=75 in 11.060 s; ETA 295.2 min
[77/1646] regenerated stale contour for local_minimum_id=76 in 12.132 s; ETA 295.3 min
[78/1646] regenerated stale contour for local_minimum_id=77 in 11.875 s; ETA 295.3 min
[79/1646] regenerated stale contour for local_minimum_id=78 in 11.577 s; ETA 295.2 min
[80/1646] regenerated stale contour for local_minimum_id=79 in 11.535 s; ETA 295.1 min
[81/1646] regenerated stale contour for local_minimum_id=80 in 9.086 s; ETA 294.2 min
[82/1646] regenerated stale contour for local_minimum_id=81 in 9.174 s; ETA 293.4 min
[83/1646] regenerated stale contour for local_minimum_id=82 in 11.493 s; ETA 293.3 min
[84/1646] regenerated stale contour for local_minimum_id=83 in 14.047 s; ETA 293.9 min
[85/1646] regenerated stale contour for local_minimum_id=84 in 8.877 s; ETA 293.0 min
[86/1646] regenerated stale contour for local_minimum_id=85 in 12.036 s; ETA 293.1 min
[87/1646] regenerated stale contour for local_minimum_id=86 in 12.083 s; ETA 293.1 min
[88/1646] regenerated stale contour for local_minimum_id=87 in 12.515 s; ETA 293.3 min
[89/1646] regenerated stale contour for local_minimum_id=88 in 13.166 s; ETA 293.7 min
[90/1646] regenerated stale contour for local_minimum_id=89 in 12.934 s; ETA 293.9 min
[91/1646] regenerated stale contour for local_minimum_id=90 in 9.818 s; ETA 293.3 min
[92/1646] regenerated stale contour for local_minimum_id=91 in 11.762 s; ETA 293.3 min
[93/1646] regenerated stale contour for local_minimum_id=92 in 13.287 s; ETA 293.6 min
[94/1646] regenerated stale contour for local_minimum_id=93 in 12.268 s; ETA 293.7 min
[95/1646] regenerated stale contour for local_minimum_id=94 in 12.967 s; ETA 293.9 min
[96/1646] regenerated stale contour for local_minimum_id=95 in 6.851 s; ETA 292.5 min
[97/1646] regenerated stale contour for local_minimum_id=96 in 8.751 s; ETA 291.7 min
[98/1646] regenerated stale contour for local_minimum_id=97 in 11.175 s; ETA 291.4 min
[99/1646] regenerated stale contour for local_minimum_id=98 in 10.416 s; ETA 291.0 min
[100/1646] regenerated stale contour for local_minimum_id=99 in 11.864 s; ETA 291.0 min
[101/1646] regenerated stale contour for local_minimum_id=100 in 11.117 s; ETA 290.7 min
[102/1646] regenerated stale contour for local_minimum_id=101 in 8.300 s; ETA 289.8 min
[103/1646] regenerated stale contour for local_minimum_id=102 in 10.914 s; ETA 289.5 min
[104/1646] regenerated stale contour for local_minimum_id=103 in 11.070 s; ETA 289.3 min
[105/1646] regenerated stale contour for local_minimum_id=104 in 8.666 s; ETA 288.5 min
[106/1646] regenerated stale contour for local_minimum_id=105 in 9.045 s; ETA 287.8 min
[107/1646] regenerated stale contour for local_minimum_id=106 in 10.020 s; ETA 287.3 min
[108/1646] regenerated stale contour for local_minimum_id=107 in 10.958 s; ETA 287.0 min
[109/1646] regenerated stale contour for local_minimum_id=108 in 12.417 s; ETA 287.1 min
[110/1646] regenerated stale contour for local_minimum_id=109 in 12.873 s; ETA 287.3 min
[111/1646] regenerated stale contour for local_minimum_id=110 in 12.053 s; ETA 287.4 min
[112/1646] regenerated stale contour for local_minimum_id=111 in 12.645 s; ETA 287.5 min
[113/1646] regenerated stale contour for local_minimum_id=112 in 12.661 s; ETA 287.6 min
[114/1646] regenerated stale contour for local_minimum_id=113 in 12.035 s; ETA 287.6 min
[115/1646] regenerated stale contour for local_minimum_id=114 in 13.108 s; ETA 287.8 min
[116/1646] regenerated stale contour for local_minimum_id=115 in 7.761 s; ETA 286.9 min
[117/1646] regenerated stale contour for local_minimum_id=116 in 9.541 s; ETA 286.3 min
[118/1646] regenerated stale contour for local_minimum_id=117 in 9.790 s; ETA 285.8 min
[119/1646] regenerated stale contour for local_minimum_id=118 in 11.349 s; ETA 285.7 min
[120/1646] regenerated stale contour for local_minimum_id=119 in 10.422 s; ETA 285.3 min
[121/1646] regenerated stale contour for local_minimum_id=120 in 11.255 s; ETA 285.1 min
[122/1646] regenerated stale contour for local_minimum_id=121 in 11.988 s; ETA 285.1 min
[123/1646] regenerated stale contour for local_minimum_id=122 in 11.510 s; ETA 285.0 min
[124/1646] regenerated stale contour for local_minimum_id=123 in 11.133 s; ETA 284.8 min
[125/1646] regenerated stale contour for local_minimum_id=124 in 11.098 s; ETA 284.6 min
[126/1646] regenerated stale contour for local_minimum_id=125 in 12.791 s; ETA 284.7 min
[127/1646] regenerated stale contour for local_minimum_id=126 in 11.761 s; ETA 284.6 min
[128/1646] regenerated stale contour for local_minimum_id=127 in 8.226 s; ETA 283.8 min
[129/1646] regenerated stale contour for local_minimum_id=128 in 12.606 s; ETA 283.9 min
[130/1646] regenerated stale contour for local_minimum_id=129 in 12.645 s; ETA 284.0 min
[131/1646] regenerated stale contour for local_minimum_id=130 in 12.782 s; ETA 284.1 min
[132/1646] regenerated stale contour for local_minimum_id=131 in 12.766 s; ETA 284.2 min
[133/1646] regenerated stale contour for local_minimum_id=132 in 12.526 s; ETA 284.3 min
[134/1646] regenerated stale contour for local_minimum_id=133 in 12.190 s; ETA 284.2 min
[135/1646] regenerated stale contour for local_minimum_id=134 in 12.509 s; ETA 284.3 min
[136/1646] regenerated stale contour for local_minimum_id=135 in 11.846 s; ETA 284.2 min
[137/1646] regenerated stale contour for local_minimum_id=136 in 12.497 s; ETA 284.2 min
[138/1646] regenerated stale contour for local_minimum_id=137 in 12.850 s; ETA 284.3 min
[139/1646] regenerated stale contour for local_minimum_id=138 in 8.981 s; ETA 283.7 min
[140/1646] regenerated stale contour for local_minimum_id=139 in 9.015 s; ETA 283.1 min
[141/1646] regenerated stale contour for local_minimum_id=140 in 11.295 s; ETA 282.9 min
[142/1646] regenerated stale contour for local_minimum_id=141 in 8.274 s; ETA 282.2 min
[143/1646] regenerated stale contour for local_minimum_id=142 in 11.279 s; ETA 282.0 min
[144/1646] regenerated stale contour for local_minimum_id=143 in 12.497 s; ETA 282.1 min
[145/1646] regenerated stale contour for local_minimum_id=144 in 7.942 s; ETA 281.3 min
[146/1646] regenerated stale contour for local_minimum_id=145 in 13.547 s; ETA 281.5 min
[147/1646] regenerated stale contour for local_minimum_id=146 in 14.977 s; ETA 282.0 min
[148/1646] regenerated stale contour for local_minimum_id=147 in 12.371 s; ETA 282.0 min
[149/1646] regenerated stale contour for local_minimum_id=148 in 11.743 s; ETA 281.8 min
[150/1646] regenerated stale contour for local_minimum_id=149 in 13.720 s; ETA 282.1 min
[151/1646] regenerated stale contour for local_minimum_id=150 in 12.674 s; ETA 282.1 min
[152/1646] regenerated stale contour for local_minimum_id=151 in 15.580 s; ETA 282.6 min
[153/1646] regenerated stale contour for local_minimum_id=152 in 9.348 s; ETA 282.1 min
[154/1646] regenerated stale contour for local_minimum_id=153 in 10.270 s; ETA 281.7 min
[155/1646] regenerated stale contour for local_minimum_id=154 in 13.519 s; ETA 281.9 min
[156/1646] regenerated stale contour for local_minimum_id=155 in 14.373 s; ETA 282.2 min
[157/1646] regenerated stale contour for local_minimum_id=156 in 11.431 s; ETA 282.0 min
[158/1646] regenerated stale contour for local_minimum_id=157 in 12.775 s; ETA 282.0 min
[159/1646] regenerated stale contour for local_minimum_id=158 in 11.515 s; ETA 281.9 min
[160/1646] regenerated stale contour for local_minimum_id=159 in 10.380 s; ETA 281.5 min
[161/1646] regenerated stale contour for local_minimum_id=160 in 9.666 s; ETA 281.1 min
[162/1646] regenerated stale contour for local_minimum_id=161 in 10.250 s; ETA 280.7 min
[163/1646] regenerated stale contour for local_minimum_id=162 in 13.530 s; ETA 280.9 min
[164/1646] regenerated stale contour for local_minimum_id=163 in 16.617 s; ETA 281.5 min
[165/1646] regenerated stale contour for local_minimum_id=164 in 10.222 s; ETA 281.1 min
[166/1646] regenerated stale contour for local_minimum_id=165 in 13.091 s; ETA 281.2 min
[167/1646] regenerated stale contour for local_minimum_id=166 in 11.012 s; ETA 280.9 min
[168/1646] regenerated stale contour for local_minimum_id=167 in 10.736 s; ETA 280.6 min
[169/1646] regenerated stale contour for local_minimum_id=168 in 12.292 s; ETA 280.6 min
[170/1646] regenerated stale contour for local_minimum_id=169 in 11.356 s; ETA 280.4 min
[171/1646] regenerated stale contour for local_minimum_id=170 in 11.809 s; ETA 280.3 min
[172/1646] regenerated stale contour for local_minimum_id=171 in 7.165 s; ETA 279.5 min
[173/1646] regenerated stale contour for local_minimum_id=172 in 12.034 s; ETA 279.4 min
[174/1646] regenerated stale contour for local_minimum_id=173 in 8.920 s; ETA 278.8 min
[175/1646] regenerated stale contour for local_minimum_id=174 in 6.528 s; ETA 278.0 min
[176/1646] regenerated stale contour for local_minimum_id=175 in 9.745 s; ETA 277.6 min
[177/1646] regenerated stale contour for local_minimum_id=176 in 10.907 s; ETA 277.3 min
[178/1646] regenerated stale contour for local_minimum_id=177 in 11.783 s; ETA 277.2 min
[179/1646] regenerated stale contour for local_minimum_id=178 in 11.123 s; ETA 277.0 min
[180/1646] regenerated stale contour for local_minimum_id=179 in 11.773 s; ETA 276.8 min
[181/1646] regenerated stale contour for local_minimum_id=180 in 11.600 s; ETA 276.7 min
[182/1646] regenerated stale contour for local_minimum_id=181 in 14.744 s; ETA 277.0 min
[183/1646] regenerated stale contour for local_minimum_id=182 in 10.276 s; ETA 276.6 min
[184/1646] regenerated stale contour for local_minimum_id=183 in 8.843 s; ETA 276.1 min
[185/1646] regenerated stale contour for local_minimum_id=184 in 12.465 s; ETA 276.1 min
[186/1646] regenerated stale contour for local_minimum_id=185 in 9.478 s; ETA 275.6 min
[187/1646] regenerated stale contour for local_minimum_id=186 in 12.297 s; ETA 275.6 min
[188/1646] regenerated stale contour for local_minimum_id=187 in 11.245 s; ETA 275.4 min
[189/1646] regenerated stale contour for local_minimum_id=188 in 12.390 s; ETA 275.3 min
[190/1646] regenerated stale contour for local_minimum_id=189 in 12.448 s; ETA 275.3 min
[191/1646] regenerated stale contour for local_minimum_id=190 in 6.579 s; ETA 274.5 min
[192/1646] regenerated stale contour for local_minimum_id=191 in 10.545 s; ETA 274.2 min
[193/1646] regenerated stale contour for local_minimum_id=192 in 11.191 s; ETA 274.0 min
[194/1646] regenerated stale contour for local_minimum_id=193 in 12.027 s; ETA 273.9 min
[195/1646] regenerated stale contour for local_minimum_id=194 in 9.874 s; ETA 273.5 min
[196/1646] regenerated stale contour for local_minimum_id=195 in 12.005 s; ETA 273.4 min
[197/1646] regenerated stale contour for local_minimum_id=196 in 12.322 s; ETA 273.4 min
[198/1646] regenerated stale contour for local_minimum_id=197 in 12.204 s; ETA 273.3 min
[199/1646] regenerated stale contour for local_minimum_id=198 in 13.709 s; ETA 273.4 min
[200/1646] regenerated stale contour for local_minimum_id=199 in 12.857 s; ETA 273.4 min
[201/1646] regenerated stale contour for local_minimum_id=200 in 11.690 s; ETA 273.2 min
[202/1646] regenerated stale contour for local_minimum_id=201 in 11.901 s; ETA 273.1 min
[203/1646] regenerated stale contour for local_minimum_id=202 in 12.079 s; ETA 273.0 min
[204/1646] regenerated stale contour for local_minimum_id=203 in 11.034 s; ETA 272.8 min
[205/1646] regenerated stale contour for local_minimum_id=204 in 10.205 s; ETA 272.4 min
[206/1646] regenerated stale contour for local_minimum_id=205 in 16.784 s; ETA 272.9 min
[207/1646] regenerated stale contour for local_minimum_id=206 in 14.332 s; ETA 273.0 min
[208/1646] regenerated stale contour for local_minimum_id=207 in 10.949 s; ETA 272.8 min
[209/1646] regenerated stale contour for local_minimum_id=208 in 10.392 s; ETA 272.5 min
[210/1646] regenerated stale contour for local_minimum_id=209 in 9.529 s; ETA 272.1 min
[211/1646] regenerated stale contour for local_minimum_id=210 in 12.471 s; ETA 272.0 min
[212/1646] regenerated stale contour for local_minimum_id=211 in 10.810 s; ETA 271.8 min
[213/1646] regenerated stale contour for local_minimum_id=212 in 12.554 s; ETA 271.7 min
[214/1646] regenerated stale contour for local_minimum_id=213 in 11.278 s; ETA 271.5 min
[215/1646] regenerated stale contour for local_minimum_id=214 in 10.387 s; ETA 271.2 min
[216/1646] regenerated stale contour for local_minimum_id=215 in 10.157 s; ETA 270.9 min
[217/1646] regenerated stale contour for local_minimum_id=216 in 11.907 s; ETA 270.8 min
[218/1646] regenerated stale contour for local_minimum_id=217 in 12.430 s; ETA 270.7 min
[219/1646] regenerated stale contour for local_minimum_id=218 in 11.588 s; ETA 270.5 min
[220/1646] regenerated stale contour for local_minimum_id=219 in 13.084 s; ETA 270.5 min
[221/1646] regenerated stale contour for local_minimum_id=220 in 9.110 s; ETA 270.1 min
[222/1646] regenerated stale contour for local_minimum_id=221 in 11.626 s; ETA 269.9 min
[223/1646] regenerated stale contour for local_minimum_id=222 in 11.045 s; ETA 269.7 min
[224/1646] regenerated stale contour for local_minimum_id=223 in 12.670 s; ETA 269.7 min
[225/1646] regenerated stale contour for local_minimum_id=224 in 10.443 s; ETA 269.4 min
[226/1646] regenerated stale contour for local_minimum_id=225 in 13.489 s; ETA 269.4 min
[227/1646] regenerated stale contour for local_minimum_id=226 in 12.187 s; ETA 269.3 min
[228/1646] regenerated stale contour for local_minimum_id=227 in 11.879 s; ETA 269.2 min
[229/1646] regenerated stale contour for local_minimum_id=228 in 10.934 s; ETA 268.9 min
[230/1646] regenerated stale contour for local_minimum_id=229 in 6.241 s; ETA 268.2 min
[231/1646] regenerated stale contour for local_minimum_id=230 in 15.024 s; ETA 268.4 min
[232/1646] regenerated stale contour for local_minimum_id=231 in 11.733 s; ETA 268.2 min
[233/1646] regenerated stale contour for local_minimum_id=232 in 5.691 s; ETA 267.5 min
[234/1646] regenerated stale contour for local_minimum_id=233 in 10.585 s; ETA 267.2 min
[235/1646] regenerated stale contour for local_minimum_id=234 in 11.586 s; ETA 267.0 min
[236/1646] regenerated stale contour for local_minimum_id=235 in 7.344 s; ETA 266.5 min
[237/1646] regenerated stale contour for local_minimum_id=236 in 16.143 s; ETA 266.7 min
[238/1646] regenerated stale contour for local_minimum_id=237 in 12.878 s; ETA 266.7 min
[239/1646] regenerated stale contour for local_minimum_id=238 in 12.993 s; ETA 266.7 min
[240/1646] regenerated stale contour for local_minimum_id=239 in 12.047 s; ETA 266.6 min
[241/1646] regenerated stale contour for local_minimum_id=240 in 14.650 s; ETA 266.7 min
[242/1646] regenerated stale contour for local_minimum_id=241 in 11.440 s; ETA 266.5 min
[243/1646] regenerated stale contour for local_minimum_id=242 in 14.215 s; ETA 266.6 min
[244/1646] regenerated stale contour for local_minimum_id=243 in 11.786 s; ETA 266.4 min
[245/1646] regenerated stale contour for local_minimum_id=244 in 9.525 s; ETA 266.1 min
[246/1646] regenerated stale contour for local_minimum_id=245 in 16.801 s; ETA 266.4 min
[247/1646] regenerated stale contour for local_minimum_id=246 in 11.213 s; ETA 266.2 min
[248/1646] regenerated stale contour for local_minimum_id=247 in 8.606 s; ETA 265.7 min
[249/1646] regenerated stale contour for local_minimum_id=248 in 12.775 s; ETA 265.7 min
[250/1646] regenerated stale contour for local_minimum_id=249 in 12.032 s; ETA 265.5 min
[251/1646] regenerated stale contour for local_minimum_id=250 in 15.159 s; ETA 265.7 min
[252/1646] regenerated stale contour for local_minimum_id=251 in 10.752 s; ETA 265.4 min
[253/1646] regenerated stale contour for local_minimum_id=252 in 10.825 s; ETA 265.2 min
[254/1646] regenerated stale contour for local_minimum_id=253 in 13.046 s; ETA 265.1 min
[255/1646] regenerated stale contour for local_minimum_id=254 in 11.618 s; ETA 265.0 min
[256/1646] regenerated stale contour for local_minimum_id=255 in 11.715 s; ETA 264.8 min
[257/1646] regenerated stale contour for local_minimum_id=256 in 12.396 s; ETA 264.7 min
[258/1646] regenerated stale contour for local_minimum_id=257 in 13.370 s; ETA 264.7 min
[259/1646] regenerated stale contour for local_minimum_id=258 in 8.575 s; ETA 264.2 min
[260/1646] regenerated stale contour for local_minimum_id=259 in 11.834 s; ETA 264.1 min
[261/1646] regenerated stale contour for local_minimum_id=260 in 13.520 s; ETA 264.1 min
[262/1646] regenerated stale contour for local_minimum_id=261 in 17.246 s; ETA 264.4 min
[263/1646] regenerated stale contour for local_minimum_id=262 in 14.279 s; ETA 264.5 min
[264/1646] regenerated stale contour for local_minimum_id=263 in 14.118 s; ETA 264.5 min
[265/1646] regenerated stale contour for local_minimum_id=264 in 16.568 s; ETA 264.8 min
[266/1646] regenerated stale contour for local_minimum_id=265 in 14.916 s; ETA 264.9 min
[267/1646] regenerated stale contour for local_minimum_id=266 in 17.886 s; ETA 265.2 min
[268/1646] regenerated stale contour for local_minimum_id=267 in 15.845 s; ETA 265.4 min
[269/1646] regenerated stale contour for local_minimum_id=268 in 9.233 s; ETA 265.0 min
[270/1646] regenerated stale contour for local_minimum_id=269 in 11.578 s; ETA 264.8 min
[271/1646] regenerated stale contour for local_minimum_id=270 in 11.878 s; ETA 264.6 min
[272/1646] regenerated stale contour for local_minimum_id=271 in 11.288 s; ETA 264.4 min
[273/1646] regenerated stale contour for local_minimum_id=272 in 13.180 s; ETA 264.4 min
[274/1646] regenerated stale contour for local_minimum_id=273 in 13.492 s; ETA 264.3 min
[275/1646] regenerated stale contour for local_minimum_id=274 in 9.989 s; ETA 264.0 min
[276/1646] regenerated stale contour for local_minimum_id=275 in 12.113 s; ETA 263.9 min
[277/1646] regenerated stale contour for local_minimum_id=276 in 9.089 s; ETA 263.5 min
[278/1646] regenerated stale contour for local_minimum_id=277 in 13.899 s; ETA 263.5 min
[279/1646] regenerated stale contour for local_minimum_id=278 in 13.245 s; ETA 263.4 min
[280/1646] regenerated stale contour for local_minimum_id=279 in 17.291 s; ETA 263.7 min
[281/1646] regenerated stale contour for local_minimum_id=280 in 12.574 s; ETA 263.6 min
[282/1646] regenerated stale contour for local_minimum_id=281 in 18.442 s; ETA 263.9 min
[283/1646] regenerated stale contour for local_minimum_id=282 in 12.217 s; ETA 263.8 min
[284/1646] regenerated stale contour for local_minimum_id=283 in 20.456 s; ETA 264.3 min
[285/1646] regenerated stale contour for local_minimum_id=284 in 13.432 s; ETA 264.3 min
[286/1646] regenerated stale contour for local_minimum_id=285 in 12.640 s; ETA 264.1 min
[287/1646] regenerated stale contour for local_minimum_id=286 in 18.557 s; ETA 264.5 min
[288/1646] regenerated stale contour for local_minimum_id=287 in 12.927 s; ETA 264.4 min
[289/1646] regenerated stale contour for local_minimum_id=288 in 13.637 s; ETA 264.4 min
[290/1646] regenerated stale contour for local_minimum_id=289 in 20.247 s; ETA 264.8 min
[291/1646] regenerated stale contour for local_minimum_id=290 in 14.041 s; ETA 264.8 min
[292/1646] regenerated stale contour for local_minimum_id=291 in 12.571 s; ETA 264.7 min
[293/1646] regenerated stale contour for local_minimum_id=292 in 12.278 s; ETA 264.5 min
[294/1646] regenerated stale contour for local_minimum_id=293 in 18.269 s; ETA 264.8 min
[295/1646] regenerated stale contour for local_minimum_id=294 in 12.971 s; ETA 264.7 min
[296/1646] regenerated stale contour for local_minimum_id=295 in 16.418 s; ETA 264.9 min
[297/1646] regenerated stale contour for local_minimum_id=296 in 12.462 s; ETA 264.8 min
[298/1646] regenerated stale contour for local_minimum_id=297 in 11.280 s; ETA 264.5 min
[299/1646] regenerated stale contour for local_minimum_id=298 in 16.602 s; ETA 264.7 min
[300/1646] regenerated stale contour for local_minimum_id=299 in 12.590 s; ETA 264.6 min
[301/1646] regenerated stale contour for local_minimum_id=300 in 12.951 s; ETA 264.4 min
[302/1646] regenerated stale contour for local_minimum_id=301 in 13.232 s; ETA 264.4 min
[303/1646] regenerated stale contour for local_minimum_id=302 in 12.026 s; ETA 264.2 min
[304/1646] regenerated stale contour for local_minimum_id=303 in 13.713 s; ETA 264.1 min
[305/1646] regenerated stale contour for local_minimum_id=304 in 11.082 s; ETA 263.9 min
[306/1646] regenerated stale contour for local_minimum_id=305 in 8.707 s; ETA 263.4 min
[307/1646] regenerated stale contour for local_minimum_id=306 in 13.122 s; ETA 263.3 min
[308/1646] regenerated stale contour for local_minimum_id=307 in 13.212 s; ETA 263.2 min
[309/1646] regenerated stale contour for local_minimum_id=308 in 13.264 s; ETA 263.2 min
[310/1646] regenerated stale contour for local_minimum_id=309 in 9.608 s; ETA 262.8 min
[311/1646] regenerated stale contour for local_minimum_id=310 in 12.230 s; ETA 262.6 min
[312/1646] regenerated stale contour for local_minimum_id=311 in 12.163 s; ETA 262.5 min
[313/1646] regenerated stale contour for local_minimum_id=312 in 9.812 s; ETA 262.1 min
[314/1646] regenerated stale contour for local_minimum_id=313 in 12.772 s; ETA 262.0 min
[315/1646] regenerated stale contour for local_minimum_id=314 in 13.452 s; ETA 261.9 min
[316/1646] regenerated stale contour for local_minimum_id=315 in 12.585 s; ETA 261.8 min
[317/1646] regenerated stale contour for local_minimum_id=316 in 13.338 s; ETA 261.7 min
[318/1646] regenerated stale contour for local_minimum_id=317 in 15.153 s; ETA 261.7 min
[319/1646] regenerated stale contour for local_minimum_id=318 in 14.566 s; ETA 261.7 min
[320/1646] regenerated stale contour for local_minimum_id=319 in 17.585 s; ETA 261.9 min
[321/1646] regenerated stale contour for local_minimum_id=320 in 13.136 s; ETA 261.8 min
[322/1646] regenerated stale contour for local_minimum_id=321 in 10.458 s; ETA 261.5 min
[323/1646] regenerated stale contour for local_minimum_id=322 in 14.421 s; ETA 261.5 min
[324/1646] regenerated stale contour for local_minimum_id=323 in 16.023 s; ETA 261.6 min
[325/1646] regenerated stale contour for local_minimum_id=324 in 12.327 s; ETA 261.4 min
[326/1646] regenerated stale contour for local_minimum_id=325 in 12.586 s; ETA 261.3 min
[327/1646] regenerated stale contour for local_minimum_id=326 in 13.663 s; ETA 261.2 min
[328/1646] regenerated stale contour for local_minimum_id=327 in 10.286 s; ETA 260.9 min
[329/1646] regenerated stale contour for local_minimum_id=328 in 11.506 s; ETA 260.7 min
[330/1646] regenerated stale contour for local_minimum_id=329 in 12.660 s; ETA 260.5 min
[331/1646] regenerated stale contour for local_minimum_id=330 in 7.678 s; ETA 260.0 min
[332/1646] regenerated stale contour for local_minimum_id=331 in 17.481 s; ETA 260.2 min
[333/1646] regenerated stale contour for local_minimum_id=332 in 15.231 s; ETA 260.2 min
[334/1646] regenerated stale contour for local_minimum_id=333 in 11.772 s; ETA 260.0 min
[335/1646] regenerated stale contour for local_minimum_id=334 in 13.748 s; ETA 260.0 min
[336/1646] regenerated stale contour for local_minimum_id=335 in 12.153 s; ETA 259.8 min
[337/1646] regenerated stale contour for local_minimum_id=336 in 14.919 s; ETA 259.8 min
[338/1646] regenerated stale contour for local_minimum_id=337 in 13.782 s; ETA 259.7 min
[339/1646] regenerated stale contour for local_minimum_id=338 in 16.498 s; ETA 259.8 min
[340/1646] regenerated stale contour for local_minimum_id=339 in 11.217 s; ETA 259.5 min
[341/1646] regenerated stale contour for local_minimum_id=340 in 17.615 s; ETA 259.7 min
[342/1646] regenerated stale contour for local_minimum_id=341 in 14.060 s; ETA 259.6 min
[343/1646] regenerated stale contour for local_minimum_id=342 in 16.592 s; ETA 259.7 min
[344/1646] regenerated stale contour for local_minimum_id=343 in 12.690 s; ETA 259.6 min
[345/1646] regenerated stale contour for local_minimum_id=344 in 13.712 s; ETA 259.5 min
[346/1646] regenerated stale contour for local_minimum_id=345 in 18.513 s; ETA 259.7 min
[347/1646] regenerated stale contour for local_minimum_id=346 in 12.370 s; ETA 259.5 min
[348/1646] regenerated stale contour for local_minimum_id=347 in 18.795 s; ETA 259.8 min
[349/1646] regenerated stale contour for local_minimum_id=348 in 12.162 s; ETA 259.6 min
[350/1646] regenerated stale contour for local_minimum_id=349 in 8.624 s; ETA 259.2 min
[351/1646] regenerated stale contour for local_minimum_id=350 in 10.763 s; ETA 258.9 min
[352/1646] regenerated stale contour for local_minimum_id=351 in 6.632 s; ETA 258.4 min
[353/1646] regenerated stale contour for local_minimum_id=352 in 12.771 s; ETA 258.2 min
[354/1646] regenerated stale contour for local_minimum_id=353 in 11.565 s; ETA 258.0 min
[355/1646] regenerated stale contour for local_minimum_id=354 in 13.635 s; ETA 257.9 min
[356/1646] regenerated stale contour for local_minimum_id=355 in 13.557 s; ETA 257.8 min
[357/1646] regenerated stale contour for local_minimum_id=356 in 20.981 s; ETA 258.1 min
[358/1646] regenerated stale contour for local_minimum_id=357 in 11.059 s; ETA 257.9 min
[359/1646] regenerated stale contour for local_minimum_id=358 in 12.047 s; ETA 257.7 min
[360/1646] regenerated stale contour for local_minimum_id=359 in 9.584 s; ETA 257.3 min
[361/1646] regenerated stale contour for local_minimum_id=360 in 13.634 s; ETA 257.2 min
[362/1646] regenerated stale contour for local_minimum_id=361 in 13.596 s; ETA 257.1 min
[363/1646] regenerated stale contour for local_minimum_id=362 in 12.708 s; ETA 256.9 min
[364/1646] regenerated stale contour for local_minimum_id=363 in 12.355 s; ETA 256.8 min
[365/1646] regenerated stale contour for local_minimum_id=364 in 13.230 s; ETA 256.6 min
[366/1646] regenerated stale contour for local_minimum_id=365 in 13.821 s; ETA 256.5 min
[367/1646] regenerated stale contour for local_minimum_id=366 in 12.869 s; ETA 256.4 min
[368/1646] regenerated stale contour for local_minimum_id=367 in 17.315 s; ETA 256.5 min
[369/1646] regenerated stale contour for local_minimum_id=368 in 10.378 s; ETA 256.2 min
[370/1646] regenerated stale contour for local_minimum_id=369 in 16.512 s; ETA 256.3 min
[371/1646] regenerated stale contour for local_minimum_id=370 in 14.942 s; ETA 256.2 min
[372/1646] regenerated stale contour for local_minimum_id=371 in 9.072 s; ETA 255.8 min
[373/1646] regenerated stale contour for local_minimum_id=372 in 12.977 s; ETA 255.7 min
[374/1646] regenerated stale contour for local_minimum_id=373 in 7.499 s; ETA 255.2 min
[375/1646] regenerated stale contour for local_minimum_id=374 in 11.174 s; ETA 255.0 min
[376/1646] regenerated stale contour for local_minimum_id=375 in 13.325 s; ETA 254.9 min
[377/1646] regenerated stale contour for local_minimum_id=376 in 10.366 s; ETA 254.6 min
[378/1646] regenerated stale contour for local_minimum_id=377 in 14.527 s; ETA 254.5 min
[379/1646] regenerated stale contour for local_minimum_id=378 in 13.969 s; ETA 254.4 min
[380/1646] regenerated stale contour for local_minimum_id=379 in 17.310 s; ETA 254.5 min
[381/1646] regenerated stale contour for local_minimum_id=380 in 18.065 s; ETA 254.6 min
[382/1646] regenerated stale contour for local_minimum_id=381 in 13.871 s; ETA 254.5 min
[383/1646] regenerated stale contour for local_minimum_id=382 in 16.838 s; ETA 254.6 min
[384/1646] regenerated stale contour for local_minimum_id=383 in 12.272 s; ETA 254.4 min
[385/1646] regenerated stale contour for local_minimum_id=384 in 7.752 s; ETA 254.0 min
[386/1646] regenerated stale contour for local_minimum_id=385 in 12.084 s; ETA 253.8 min
[387/1646] regenerated stale contour for local_minimum_id=386 in 11.198 s; ETA 253.5 min
[388/1646] regenerated stale contour for local_minimum_id=387 in 15.774 s; ETA 253.5 min
[389/1646] regenerated stale contour for local_minimum_id=388 in 15.392 s; ETA 253.5 min
[390/1646] regenerated stale contour for local_minimum_id=389 in 12.608 s; ETA 253.3 min
[391/1646] regenerated stale contour for local_minimum_id=390 in 14.709 s; ETA 253.3 min
[392/1646] regenerated stale contour for local_minimum_id=391 in 15.424 s; ETA 253.2 min
[393/1646] regenerated stale contour for local_minimum_id=392 in 13.595 s; ETA 253.1 min
[394/1646] regenerated stale contour for local_minimum_id=393 in 17.644 s; ETA 253.2 min
[395/1646] regenerated stale contour for local_minimum_id=394 in 10.573 s; ETA 252.9 min
[396/1646] regenerated stale contour for local_minimum_id=395 in 11.503 s; ETA 252.7 min
[397/1646] regenerated stale contour for local_minimum_id=396 in 13.483 s; ETA 252.5 min
[398/1646] regenerated stale contour for local_minimum_id=397 in 17.382 s; ETA 252.6 min
[399/1646] regenerated stale contour for local_minimum_id=398 in 13.670 s; ETA 252.5 min
[400/1646] regenerated stale contour for local_minimum_id=399 in 7.712 s; ETA 252.1 min
[401/1646] regenerated stale contour for local_minimum_id=400 in 10.804 s; ETA 251.8 min
[402/1646] regenerated stale contour for local_minimum_id=401 in 11.840 s; ETA 251.6 min
[403/1646] regenerated stale contour for local_minimum_id=402 in 15.386 s; ETA 251.5 min
[404/1646] regenerated stale contour for local_minimum_id=403 in 12.674 s; ETA 251.4 min
[405/1646] regenerated stale contour for local_minimum_id=404 in 10.714 s; ETA 251.1 min
[406/1646] regenerated stale contour for local_minimum_id=405 in 12.181 s; ETA 250.9 min
[407/1646] regenerated stale contour for local_minimum_id=406 in 13.381 s; ETA 250.8 min
[408/1646] regenerated stale contour for local_minimum_id=407 in 11.852 s; ETA 250.5 min
[409/1646] regenerated stale contour for local_minimum_id=408 in 16.046 s; ETA 250.5 min
[410/1646] regenerated stale contour for local_minimum_id=409 in 20.850 s; ETA 250.8 min
[411/1646] regenerated stale contour for local_minimum_id=410 in 13.325 s; ETA 250.6 min
[412/1646] regenerated stale contour for local_minimum_id=411 in 11.440 s; ETA 250.4 min
[413/1646] regenerated stale contour for local_minimum_id=412 in 13.249 s; ETA 250.2 min
[414/1646] regenerated stale contour for local_minimum_id=413 in 18.410 s; ETA 250.3 min
[415/1646] regenerated stale contour for local_minimum_id=414 in 13.971 s; ETA 250.2 min
[416/1646] regenerated stale contour for local_minimum_id=415 in 16.237 s; ETA 250.2 min
[417/1646] regenerated stale contour for local_minimum_id=416 in 12.151 s; ETA 250.0 min
[418/1646] regenerated stale contour for local_minimum_id=417 in 11.951 s; ETA 249.8 min
[419/1646] regenerated stale contour for local_minimum_id=418 in 10.496 s; ETA 249.5 min
[420/1646] regenerated stale contour for local_minimum_id=419 in 12.619 s; ETA 249.3 min
[421/1646] regenerated stale contour for local_minimum_id=420 in 17.410 s; ETA 249.4 min
[422/1646] regenerated stale contour for local_minimum_id=421 in 11.918 s; ETA 249.2 min
[423/1646] regenerated stale contour for local_minimum_id=422 in 10.224 s; ETA 248.9 min
[424/1646] regenerated stale contour for local_minimum_id=423 in 18.269 s; ETA 248.9 min
[425/1646] regenerated stale contour for local_minimum_id=424 in 12.773 s; ETA 248.8 min
[426/1646] regenerated stale contour for local_minimum_id=425 in 10.836 s; ETA 248.5 min
[427/1646] regenerated stale contour for local_minimum_id=426 in 14.337 s; ETA 248.4 min
[428/1646] regenerated stale contour for local_minimum_id=427 in 14.576 s; ETA 248.3 min
[429/1646] regenerated stale contour for local_minimum_id=428 in 17.519 s; ETA 248.4 min
[430/1646] regenerated stale contour for local_minimum_id=429 in 16.208 s; ETA 248.3 min
[431/1646] regenerated stale contour for local_minimum_id=430 in 14.673 s; ETA 248.2 min
[432/1646] regenerated stale contour for local_minimum_id=431 in 15.571 s; ETA 248.2 min
[433/1646] regenerated stale contour for local_minimum_id=432 in 15.624 s; ETA 248.1 min
[434/1646] regenerated stale contour for local_minimum_id=433 in 16.134 s; ETA 248.1 min
[435/1646] regenerated stale contour for local_minimum_id=434 in 17.566 s; ETA 248.2 min
[436/1646] regenerated stale contour for local_minimum_id=435 in 9.924 s; ETA 247.9 min
[437/1646] regenerated stale contour for local_minimum_id=436 in 13.655 s; ETA 247.7 min
[438/1646] regenerated stale contour for local_minimum_id=437 in 13.525 s; ETA 247.6 min
[439/1646] regenerated stale contour for local_minimum_id=438 in 17.634 s; ETA 247.6 min
[440/1646] regenerated stale contour for local_minimum_id=439 in 13.614 s; ETA 247.5 min
[441/1646] regenerated stale contour for local_minimum_id=440 in 16.578 s; ETA 247.4 min
[442/1646] regenerated stale contour for local_minimum_id=441 in 15.355 s; ETA 247.4 min
[443/1646] regenerated stale contour for local_minimum_id=442 in 13.007 s; ETA 247.2 min
[444/1646] regenerated stale contour for local_minimum_id=443 in 17.523 s; ETA 247.2 min
[445/1646] regenerated stale contour for local_minimum_id=444 in 14.025 s; ETA 247.1 min
[446/1646] regenerated stale contour for local_minimum_id=445 in 14.805 s; ETA 247.0 min
[447/1646] regenerated stale contour for local_minimum_id=446 in 12.278 s; ETA 246.8 min
[448/1646] regenerated stale contour for local_minimum_id=447 in 20.935 s; ETA 247.0 min
[449/1646] regenerated stale contour for local_minimum_id=448 in 11.976 s; ETA 246.8 min
[450/1646] regenerated stale contour for local_minimum_id=449 in 13.538 s; ETA 246.6 min
[451/1646] regenerated stale contour for local_minimum_id=450 in 21.220 s; ETA 246.8 min
[452/1646] regenerated stale contour for local_minimum_id=451 in 4.642 s; ETA 246.2 min
[453/1646] regenerated stale contour for local_minimum_id=452 in 14.477 s; ETA 246.1 min
[454/1646] regenerated stale contour for local_minimum_id=453 in 20.583 s; ETA 246.3 min
[455/1646] regenerated stale contour for local_minimum_id=454 in 14.895 s; ETA 246.2 min
[456/1646] regenerated stale contour for local_minimum_id=455 in 19.233 s; ETA 246.3 min
[457/1646] regenerated stale contour for local_minimum_id=456 in 17.622 s; ETA 246.3 min
[458/1646] regenerated stale contour for local_minimum_id=457 in 12.035 s; ETA 246.1 min
[459/1646] regenerated stale contour for local_minimum_id=458 in 13.019 s; ETA 245.9 min
[460/1646] regenerated stale contour for local_minimum_id=459 in 15.429 s; ETA 245.8 min
[461/1646] regenerated stale contour for local_minimum_id=460 in 23.142 s; ETA 246.1 min
[462/1646] regenerated stale contour for local_minimum_id=461 in 12.929 s; ETA 245.9 min
[463/1646] regenerated stale contour for local_minimum_id=462 in 11.747 s; ETA 245.6 min
[464/1646] regenerated stale contour for local_minimum_id=463 in 10.843 s; ETA 245.4 min
[465/1646] regenerated stale contour for local_minimum_id=464 in 12.354 s; ETA 245.1 min
[466/1646] regenerated stale contour for local_minimum_id=465 in 14.966 s; ETA 245.0 min
[467/1646] regenerated stale contour for local_minimum_id=466 in 21.108 s; ETA 245.2 min
[468/1646] regenerated stale contour for local_minimum_id=467 in 17.220 s; ETA 245.2 min
[469/1646] regenerated stale contour for local_minimum_id=468 in 19.104 s; ETA 245.3 min
[470/1646] regenerated stale contour for local_minimum_id=469 in 14.779 s; ETA 245.1 min
[471/1646] regenerated stale contour for local_minimum_id=470 in 18.458 s; ETA 245.2 min
[472/1646] regenerated stale contour for local_minimum_id=471 in 13.907 s; ETA 245.0 min
[473/1646] regenerated stale contour for local_minimum_id=472 in 14.334 s; ETA 244.9 min
[474/1646] regenerated stale contour for local_minimum_id=473 in 12.973 s; ETA 244.7 min
[475/1646] regenerated stale contour for local_minimum_id=474 in 14.244 s; ETA 244.6 min
[476/1646] regenerated stale contour for local_minimum_id=475 in 17.819 s; ETA 244.6 min
[477/1646] regenerated stale contour for local_minimum_id=476 in 10.527 s; ETA 244.3 min
[478/1646] regenerated stale contour for local_minimum_id=477 in 17.093 s; ETA 244.3 min
[479/1646] regenerated stale contour for local_minimum_id=478 in 12.713 s; ETA 244.1 min
[480/1646] regenerated stale contour for local_minimum_id=479 in 10.672 s; ETA 243.8 min
[481/1646] regenerated stale contour for local_minimum_id=480 in 11.940 s; ETA 243.5 min
[482/1646] regenerated stale contour for local_minimum_id=481 in 12.018 s; ETA 243.3 min
[483/1646] regenerated stale contour for local_minimum_id=482 in 23.065 s; ETA 243.5 min
[484/1646] regenerated stale contour for local_minimum_id=483 in 13.717 s; ETA 243.4 min
[485/1646] regenerated stale contour for local_minimum_id=484 in 16.331 s; ETA 243.3 min
[486/1646] regenerated stale contour for local_minimum_id=485 in 18.485 s; ETA 243.3 min
[487/1646] regenerated stale contour for local_minimum_id=486 in 18.945 s; ETA 243.4 min
[488/1646] regenerated stale contour for local_minimum_id=487 in 8.067 s; ETA 243.0 min
[489/1646] regenerated stale contour for local_minimum_id=488 in 13.951 s; ETA 242.8 min
[490/1646] regenerated stale contour for local_minimum_id=489 in 13.609 s; ETA 242.7 min
[491/1646] regenerated stale contour for local_minimum_id=490 in 16.645 s; ETA 242.6 min
[492/1646] regenerated stale contour for local_minimum_id=491 in 16.462 s; ETA 242.5 min
[493/1646] regenerated stale contour for local_minimum_id=492 in 20.087 s; ETA 242.6 min
[494/1646] regenerated stale contour for local_minimum_id=493 in 19.320 s; ETA 242.7 min
[495/1646] regenerated stale contour for local_minimum_id=494 in 10.790 s; ETA 242.4 min
[496/1646] regenerated stale contour for local_minimum_id=495 in 19.046 s; ETA 242.4 min
[497/1646] regenerated stale contour for local_minimum_id=496 in 12.770 s; ETA 242.2 min
[498/1646] regenerated stale contour for local_minimum_id=497 in 20.206 s; ETA 242.3 min
[499/1646] regenerated stale contour for local_minimum_id=498 in 15.679 s; ETA 242.2 min
[500/1646] regenerated stale contour for local_minimum_id=499 in 14.153 s; ETA 242.1 min
[501/1646] regenerated stale contour for local_minimum_id=500 in 11.973 s; ETA 241.8 min
[502/1646] regenerated stale contour for local_minimum_id=501 in 12.213 s; ETA 241.6 min
[503/1646] regenerated stale contour for local_minimum_id=502 in 13.871 s; ETA 241.4 min
[504/1646] regenerated stale contour for local_minimum_id=503 in 14.622 s; ETA 241.3 min
[505/1646] regenerated stale contour for local_minimum_id=504 in 21.587 s; ETA 241.4 min
[506/1646] regenerated stale contour for local_minimum_id=505 in 13.510 s; ETA 241.2 min
[507/1646] regenerated stale contour for local_minimum_id=506 in 12.024 s; ETA 241.0 min
[508/1646] regenerated stale contour for local_minimum_id=507 in 13.020 s; ETA 240.8 min
[509/1646] regenerated stale contour for local_minimum_id=508 in 6.613 s; ETA 240.4 min
[510/1646] regenerated stale contour for local_minimum_id=509 in 13.894 s; ETA 240.2 min
[511/1646] regenerated stale contour for local_minimum_id=510 in 15.345 s; ETA 240.1 min
[512/1646] regenerated stale contour for local_minimum_id=511 in 15.158 s; ETA 240.0 min
[513/1646] regenerated stale contour for local_minimum_id=512 in 11.478 s; ETA 239.7 min
[514/1646] regenerated stale contour for local_minimum_id=513 in 12.935 s; ETA 239.5 min
[515/1646] regenerated stale contour for local_minimum_id=514 in 15.086 s; ETA 239.4 min
[516/1646] regenerated stale contour for local_minimum_id=515 in 20.116 s; ETA 239.4 min
[517/1646] regenerated stale contour for local_minimum_id=516 in 13.432 s; ETA 239.2 min
[518/1646] regenerated stale contour for local_minimum_id=517 in 13.618 s; ETA 239.1 min
[519/1646] regenerated stale contour for local_minimum_id=518 in 20.005 s; ETA 239.1 min
[520/1646] regenerated stale contour for local_minimum_id=519 in 16.089 s; ETA 239.0 min
[521/1646] regenerated stale contour for local_minimum_id=520 in 11.100 s; ETA 238.8 min
[522/1646] regenerated stale contour for local_minimum_id=521 in 11.670 s; ETA 238.5 min
[523/1646] regenerated stale contour for local_minimum_id=522 in 19.559 s; ETA 238.5 min
[524/1646] regenerated stale contour for local_minimum_id=523 in 19.170 s; ETA 238.6 min
[525/1646] regenerated stale contour for local_minimum_id=524 in 15.259 s; ETA 238.4 min
[526/1646] regenerated stale contour for local_minimum_id=525 in 20.641 s; ETA 238.5 min
[527/1646] regenerated stale contour for local_minimum_id=526 in 20.426 s; ETA 238.6 min
[528/1646] regenerated stale contour for local_minimum_id=527 in 12.497 s; ETA 238.3 min
[529/1646] regenerated stale contour for local_minimum_id=528 in 13.579 s; ETA 238.2 min
[530/1646] regenerated stale contour for local_minimum_id=529 in 20.673 s; ETA 238.2 min
[531/1646] regenerated stale contour for local_minimum_id=530 in 19.008 s; ETA 238.2 min
[532/1646] regenerated stale contour for local_minimum_id=531 in 19.840 s; ETA 238.3 min
[533/1646] regenerated stale contour for local_minimum_id=532 in 13.525 s; ETA 238.1 min
[534/1646] regenerated stale contour for local_minimum_id=533 in 13.906 s; ETA 237.9 min
[535/1646] regenerated stale contour for local_minimum_id=534 in 21.346 s; ETA 238.0 min
[536/1646] regenerated stale contour for local_minimum_id=535 in 16.362 s; ETA 237.9 min
[537/1646] regenerated stale contour for local_minimum_id=536 in 15.697 s; ETA 237.8 min
[538/1646] regenerated stale contour for local_minimum_id=537 in 20.346 s; ETA 237.8 min
[539/1646] regenerated stale contour for local_minimum_id=538 in 13.959 s; ETA 237.6 min
[540/1646] regenerated stale contour for local_minimum_id=539 in 14.712 s; ETA 237.5 min
[541/1646] regenerated stale contour for local_minimum_id=540 in 17.646 s; ETA 237.4 min
[542/1646] regenerated stale contour for local_minimum_id=541 in 16.795 s; ETA 237.3 min
[543/1646] regenerated stale contour for local_minimum_id=542 in 20.208 s; ETA 237.4 min
[544/1646] regenerated stale contour for local_minimum_id=543 in 10.880 s; ETA 237.1 min
[545/1646] regenerated stale contour for local_minimum_id=544 in 23.648 s; ETA 237.2 min
[546/1646] regenerated stale contour for local_minimum_id=545 in 19.203 s; ETA 237.2 min
[547/1646] regenerated stale contour for local_minimum_id=546 in 22.793 s; ETA 237.3 min
[548/1646] regenerated stale contour for local_minimum_id=547 in 14.782 s; ETA 237.2 min
[549/1646] regenerated stale contour for local_minimum_id=548 in 15.983 s; ETA 237.1 min
[550/1646] regenerated stale contour for local_minimum_id=549 in 8.631 s; ETA 236.7 min
[551/1646] regenerated stale contour for local_minimum_id=550 in 22.109 s; ETA 236.8 min
[552/1646] regenerated stale contour for local_minimum_id=551 in 15.469 s; ETA 236.7 min
[553/1646] regenerated stale contour for local_minimum_id=552 in 19.378 s; ETA 236.7 min
[554/1646] regenerated stale contour for local_minimum_id=553 in 19.116 s; ETA 236.6 min
[555/1646] regenerated stale contour for local_minimum_id=554 in 16.580 s; ETA 236.5 min
[556/1646] regenerated stale contour for local_minimum_id=555 in 15.684 s; ETA 236.4 min
[557/1646] regenerated stale contour for local_minimum_id=556 in 25.345 s; ETA 236.6 min
[558/1646] regenerated stale contour for local_minimum_id=557 in 17.433 s; ETA 236.5 min
[559/1646] regenerated stale contour for local_minimum_id=558 in 21.218 s; ETA 236.6 min
[560/1646] regenerated stale contour for local_minimum_id=559 in 13.302 s; ETA 236.4 min
[561/1646] regenerated stale contour for local_minimum_id=560 in 13.870 s; ETA 236.2 min
[562/1646] regenerated stale contour for local_minimum_id=561 in 19.848 s; ETA 236.2 min
[563/1646] regenerated stale contour for local_minimum_id=562 in 13.192 s; ETA 236.0 min
[564/1646] regenerated stale contour for local_minimum_id=563 in 19.548 s; ETA 235.9 min
[565/1646] regenerated stale contour for local_minimum_id=564 in 13.908 s; ETA 235.8 min
[566/1646] regenerated stale contour for local_minimum_id=565 in 19.247 s; ETA 235.7 min
[567/1646] regenerated stale contour for local_minimum_id=566 in 15.049 s; ETA 235.6 min
[568/1646] regenerated stale contour for local_minimum_id=567 in 22.086 s; ETA 235.6 min
[569/1646] regenerated stale contour for local_minimum_id=568 in 17.761 s; ETA 235.6 min
[570/1646] regenerated stale contour for local_minimum_id=569 in 16.130 s; ETA 235.4 min
[571/1646] regenerated stale contour for local_minimum_id=570 in 16.984 s; ETA 235.4 min
[572/1646] regenerated stale contour for local_minimum_id=571 in 10.783 s; ETA 235.1 min
[573/1646] regenerated stale contour for local_minimum_id=572 in 12.684 s; ETA 234.8 min
[574/1646] regenerated stale contour for local_minimum_id=573 in 18.771 s; ETA 234.8 min
[575/1646] regenerated stale contour for local_minimum_id=574 in 20.075 s; ETA 234.8 min
[576/1646] regenerated stale contour for local_minimum_id=575 in 16.373 s; ETA 234.7 min
[577/1646] regenerated stale contour for local_minimum_id=576 in 12.093 s; ETA 234.4 min
[578/1646] regenerated stale contour for local_minimum_id=577 in 14.912 s; ETA 234.2 min
[579/1646] regenerated stale contour for local_minimum_id=578 in 13.538 s; ETA 234.0 min
[580/1646] regenerated stale contour for local_minimum_id=579 in 22.261 s; ETA 234.1 min
[581/1646] regenerated stale contour for local_minimum_id=580 in 21.759 s; ETA 234.1 min
[582/1646] regenerated stale contour for local_minimum_id=581 in 17.605 s; ETA 234.1 min
[583/1646] regenerated stale contour for local_minimum_id=582 in 12.485 s; ETA 233.8 min
[584/1646] regenerated stale contour for local_minimum_id=583 in 11.253 s; ETA 233.5 min
[585/1646] regenerated stale contour for local_minimum_id=584 in 23.550 s; ETA 233.6 min
[586/1646] regenerated stale contour for local_minimum_id=585 in 15.852 s; ETA 233.5 min
[587/1646] regenerated stale contour for local_minimum_id=586 in 13.044 s; ETA 233.3 min
[588/1646] regenerated stale contour for local_minimum_id=587 in 14.792 s; ETA 233.1 min
[589/1646] regenerated stale contour for local_minimum_id=588 in 16.175 s; ETA 233.0 min
[590/1646] regenerated stale contour for local_minimum_id=589 in 13.555 s; ETA 232.7 min
[591/1646] regenerated stale contour for local_minimum_id=590 in 13.719 s; ETA 232.5 min
[592/1646] regenerated stale contour for local_minimum_id=591 in 12.239 s; ETA 232.3 min
[593/1646] regenerated stale contour for local_minimum_id=592 in 13.567 s; ETA 232.1 min
[594/1646] regenerated stale contour for local_minimum_id=593 in 19.726 s; ETA 232.1 min
[595/1646] regenerated stale contour for local_minimum_id=594 in 17.131 s; ETA 231.9 min
[596/1646] regenerated stale contour for local_minimum_id=595 in 21.346 s; ETA 232.0 min
[597/1646] regenerated stale contour for local_minimum_id=596 in 25.616 s; ETA 232.1 min
[598/1646] regenerated stale contour for local_minimum_id=597 in 14.552 s; ETA 231.9 min
[599/1646] regenerated stale contour for local_minimum_id=598 in 12.962 s; ETA 231.7 min
[600/1646] regenerated stale contour for local_minimum_id=599 in 14.277 s; ETA 231.5 min
[601/1646] regenerated stale contour for local_minimum_id=600 in 13.982 s; ETA 231.3 min
[602/1646] regenerated stale contour for local_minimum_id=601 in 13.497 s; ETA 231.1 min
[603/1646] regenerated stale contour for local_minimum_id=602 in 25.023 s; ETA 231.2 min
[604/1646] regenerated stale contour for local_minimum_id=603 in 11.221 s; ETA 230.9 min
[605/1646] regenerated stale contour for local_minimum_id=604 in 13.494 s; ETA 230.7 min
[606/1646] regenerated stale contour for local_minimum_id=605 in 12.401 s; ETA 230.5 min
[607/1646] regenerated stale contour for local_minimum_id=606 in 15.109 s; ETA 230.3 min
[608/1646] regenerated stale contour for local_minimum_id=607 in 19.191 s; ETA 230.2 min
[609/1646] regenerated stale contour for local_minimum_id=608 in 20.462 s; ETA 230.2 min
[610/1646] regenerated stale contour for local_minimum_id=609 in 15.655 s; ETA 230.1 min
[611/1646] regenerated stale contour for local_minimum_id=610 in 21.104 s; ETA 230.1 min
[612/1646] regenerated stale contour for local_minimum_id=611 in 14.088 s; ETA 229.9 min
[613/1646] regenerated stale contour for local_minimum_id=612 in 24.729 s; ETA 230.0 min
[614/1646] regenerated stale contour for local_minimum_id=613 in 15.990 s; ETA 229.8 min
[615/1646] regenerated stale contour for local_minimum_id=614 in 24.672 s; ETA 229.9 min
[616/1646] regenerated stale contour for local_minimum_id=615 in 22.758 s; ETA 229.9 min
[617/1646] regenerated stale contour for local_minimum_id=616 in 11.208 s; ETA 229.7 min
[618/1646] regenerated stale contour for local_minimum_id=617 in 15.119 s; ETA 229.5 min
[619/1646] regenerated stale contour for local_minimum_id=618 in 16.712 s; ETA 229.3 min
[620/1646] regenerated stale contour for local_minimum_id=619 in 15.334 s; ETA 229.2 min
[621/1646] regenerated stale contour for local_minimum_id=620 in 22.609 s; ETA 229.2 min
[622/1646] regenerated stale contour for local_minimum_id=621 in 19.260 s; ETA 229.1 min
[623/1646] regenerated stale contour for local_minimum_id=622 in 18.543 s; ETA 229.1 min
[624/1646] regenerated stale contour for local_minimum_id=623 in 19.209 s; ETA 229.0 min
[625/1646] regenerated stale contour for local_minimum_id=624 in 11.849 s; ETA 228.7 min
[626/1646] regenerated stale contour for local_minimum_id=625 in 17.059 s; ETA 228.6 min
[627/1646] regenerated stale contour for local_minimum_id=626 in 12.567 s; ETA 228.4 min
[628/1646] regenerated stale contour for local_minimum_id=627 in 22.683 s; ETA 228.4 min
[629/1646] regenerated stale contour for local_minimum_id=628 in 22.988 s; ETA 228.4 min
[630/1646] regenerated stale contour for local_minimum_id=629 in 14.820 s; ETA 228.2 min
[631/1646] regenerated stale contour for local_minimum_id=630 in 21.624 s; ETA 228.2 min
[632/1646] regenerated stale contour for local_minimum_id=631 in 19.035 s; ETA 228.1 min
[633/1646] regenerated stale contour for local_minimum_id=632 in 14.517 s; ETA 227.9 min
[634/1646] regenerated stale contour for local_minimum_id=633 in 14.132 s; ETA 227.7 min
[635/1646] regenerated stale contour for local_minimum_id=634 in 14.580 s; ETA 227.5 min
[636/1646] regenerated stale contour for local_minimum_id=635 in 12.215 s; ETA 227.3 min
[637/1646] regenerated stale contour for local_minimum_id=636 in 12.940 s; ETA 227.0 min
[638/1646] regenerated stale contour for local_minimum_id=637 in 19.001 s; ETA 227.0 min
[639/1646] regenerated stale contour for local_minimum_id=638 in 19.755 s; ETA 226.9 min
[640/1646] regenerated stale contour for local_minimum_id=639 in 19.248 s; ETA 226.8 min
[641/1646] regenerated stale contour for local_minimum_id=640 in 21.032 s; ETA 226.8 min
[642/1646] regenerated stale contour for local_minimum_id=641 in 13.573 s; ETA 226.6 min
[643/1646] regenerated stale contour for local_minimum_id=642 in 17.126 s; ETA 226.4 min
[644/1646] regenerated stale contour for local_minimum_id=643 in 15.850 s; ETA 226.3 min
[645/1646] regenerated stale contour for local_minimum_id=644 in 13.412 s; ETA 226.0 min
[646/1646] regenerated stale contour for local_minimum_id=645 in 18.636 s; ETA 225.9 min
[647/1646] regenerated stale contour for local_minimum_id=646 in 25.310 s; ETA 226.0 min
[648/1646] regenerated stale contour for local_minimum_id=647 in 17.958 s; ETA 225.9 min
[649/1646] regenerated stale contour for local_minimum_id=648 in 16.755 s; ETA 225.8 min
[650/1646] regenerated stale contour for local_minimum_id=649 in 19.154 s; ETA 225.7 min
[651/1646] regenerated stale contour for local_minimum_id=650 in 15.365 s; ETA 225.5 min
[652/1646] regenerated stale contour for local_minimum_id=651 in 17.692 s; ETA 225.4 min
[653/1646] regenerated stale contour for local_minimum_id=652 in 15.449 s; ETA 225.2 min
[654/1646] regenerated stale contour for local_minimum_id=653 in 26.251 s; ETA 225.3 min
[655/1646] regenerated stale contour for local_minimum_id=654 in 21.868 s; ETA 225.3 min
[656/1646] regenerated stale contour for local_minimum_id=655 in 16.907 s; ETA 225.1 min
[657/1646] regenerated stale contour for local_minimum_id=656 in 13.335 s; ETA 224.9 min
[658/1646] regenerated stale contour for local_minimum_id=657 in 13.610 s; ETA 224.7 min
[659/1646] regenerated stale contour for local_minimum_id=658 in 14.019 s; ETA 224.4 min
[660/1646] regenerated stale contour for local_minimum_id=659 in 13.530 s; ETA 224.2 min
[661/1646] regenerated stale contour for local_minimum_id=660 in 22.566 s; ETA 224.2 min
[662/1646] regenerated stale contour for local_minimum_id=661 in 13.898 s; ETA 224.0 min
[663/1646] regenerated stale contour for local_minimum_id=662 in 20.541 s; ETA 223.9 min
[664/1646] regenerated stale contour for local_minimum_id=663 in 13.499 s; ETA 223.7 min
[665/1646] regenerated stale contour for local_minimum_id=664 in 17.745 s; ETA 223.6 min
[666/1646] regenerated stale contour for local_minimum_id=665 in 14.402 s; ETA 223.4 min
[667/1646] regenerated stale contour for local_minimum_id=666 in 14.722 s; ETA 223.2 min
[668/1646] regenerated stale contour for local_minimum_id=667 in 10.614 s; ETA 222.9 min
[669/1646] regenerated stale contour for local_minimum_id=668 in 17.015 s; ETA 222.7 min
[670/1646] regenerated stale contour for local_minimum_id=669 in 15.235 s; ETA 222.5 min
[671/1646] regenerated stale contour for local_minimum_id=670 in 20.072 s; ETA 222.4 min
[672/1646] regenerated stale contour for local_minimum_id=671 in 16.665 s; ETA 222.3 min
[673/1646] regenerated stale contour for local_minimum_id=672 in 13.448 s; ETA 222.1 min
[674/1646] regenerated stale contour for local_minimum_id=673 in 12.108 s; ETA 221.8 min
[675/1646] regenerated stale contour for local_minimum_id=674 in 25.201 s; ETA 221.8 min
[676/1646] regenerated stale contour for local_minimum_id=675 in 22.512 s; ETA 221.8 min
[677/1646] regenerated stale contour for local_minimum_id=676 in 13.733 s; ETA 221.6 min
[678/1646] regenerated stale contour for local_minimum_id=677 in 23.492 s; ETA 221.6 min
[679/1646] regenerated stale contour for local_minimum_id=678 in 17.422 s; ETA 221.5 min
[680/1646] regenerated stale contour for local_minimum_id=679 in 23.484 s; ETA 221.5 min
[681/1646] regenerated stale contour for local_minimum_id=680 in 15.428 s; ETA 221.3 min
[682/1646] regenerated stale contour for local_minimum_id=681 in 13.660 s; ETA 221.0 min
[683/1646] regenerated stale contour for local_minimum_id=682 in 27.308 s; ETA 221.1 min
[684/1646] regenerated stale contour for local_minimum_id=683 in 11.812 s; ETA 220.8 min
[685/1646] regenerated stale contour for local_minimum_id=684 in 12.076 s; ETA 220.6 min
[686/1646] regenerated stale contour for local_minimum_id=685 in 10.148 s; ETA 220.3 min
[687/1646] regenerated stale contour for local_minimum_id=686 in 26.277 s; ETA 220.3 min
[688/1646] regenerated stale contour for local_minimum_id=687 in 15.151 s; ETA 220.1 min
[689/1646] regenerated stale contour for local_minimum_id=688 in 21.414 s; ETA 220.1 min
[690/1646] regenerated stale contour for local_minimum_id=689 in 20.300 s; ETA 220.0 min
[691/1646] regenerated stale contour for local_minimum_id=690 in 20.711 s; ETA 219.9 min
[692/1646] regenerated stale contour for local_minimum_id=691 in 14.575 s; ETA 219.7 min
[693/1646] regenerated stale contour for local_minimum_id=692 in 17.322 s; ETA 219.6 min
[694/1646] regenerated stale contour for local_minimum_id=693 in 19.014 s; ETA 219.4 min
[695/1646] regenerated stale contour for local_minimum_id=694 in 16.243 s; ETA 219.3 min
[696/1646] regenerated stale contour for local_minimum_id=695 in 16.667 s; ETA 219.1 min
[697/1646] regenerated stale contour for local_minimum_id=696 in 23.358 s; ETA 219.1 min
[698/1646] regenerated stale contour for local_minimum_id=697 in 26.427 s; ETA 219.1 min
[699/1646] regenerated stale contour for local_minimum_id=698 in 21.270 s; ETA 219.1 min
[700/1646] regenerated stale contour for local_minimum_id=699 in 16.344 s; ETA 218.9 min
[701/1646] regenerated stale contour for local_minimum_id=700 in 14.253 s; ETA 218.7 min
[702/1646] regenerated stale contour for local_minimum_id=701 in 17.877 s; ETA 218.5 min
[703/1646] regenerated stale contour for local_minimum_id=702 in 13.801 s; ETA 218.3 min
[704/1646] regenerated stale contour for local_minimum_id=703 in 20.948 s; ETA 218.2 min
[705/1646] regenerated stale contour for local_minimum_id=704 in 12.091 s; ETA 218.0 min
[706/1646] regenerated stale contour for local_minimum_id=705 in 20.006 s; ETA 217.9 min
[707/1646] regenerated stale contour for local_minimum_id=706 in 15.250 s; ETA 217.7 min
[708/1646] regenerated stale contour for local_minimum_id=707 in 16.620 s; ETA 217.5 min
[709/1646] regenerated stale contour for local_minimum_id=708 in 15.529 s; ETA 217.3 min
[710/1646] regenerated stale contour for local_minimum_id=709 in 23.119 s; ETA 217.3 min
[711/1646] regenerated stale contour for local_minimum_id=710 in 13.666 s; ETA 217.0 min
[712/1646] regenerated stale contour for local_minimum_id=711 in 12.199 s; ETA 216.8 min
[713/1646] regenerated stale contour for local_minimum_id=712 in 16.667 s; ETA 216.6 min
[714/1646] regenerated stale contour for local_minimum_id=713 in 13.641 s; ETA 216.4 min
[715/1646] regenerated stale contour for local_minimum_id=714 in 20.765 s; ETA 216.3 min
[716/1646] regenerated stale contour for local_minimum_id=715 in 21.027 s; ETA 216.2 min
[717/1646] regenerated stale contour for local_minimum_id=716 in 15.692 s; ETA 216.0 min
[718/1646] regenerated stale contour for local_minimum_id=717 in 12.542 s; ETA 215.7 min
[719/1646] regenerated stale contour for local_minimum_id=718 in 16.158 s; ETA 215.5 min
[720/1646] regenerated stale contour for local_minimum_id=719 in 15.694 s; ETA 215.4 min
[721/1646] regenerated stale contour for local_minimum_id=720 in 11.931 s; ETA 215.1 min
[722/1646] regenerated stale contour for local_minimum_id=721 in 22.743 s; ETA 215.0 min
[723/1646] regenerated stale contour for local_minimum_id=722 in 15.942 s; ETA 214.8 min
[724/1646] regenerated stale contour for local_minimum_id=723 in 17.777 s; ETA 214.7 min
[725/1646] regenerated stale contour for local_minimum_id=724 in 14.970 s; ETA 214.5 min
[726/1646] regenerated stale contour for local_minimum_id=725 in 27.443 s; ETA 214.5 min
[727/1646] regenerated stale contour for local_minimum_id=726 in 14.390 s; ETA 214.3 min
[728/1646] regenerated stale contour for local_minimum_id=727 in 15.065 s; ETA 214.1 min
[729/1646] regenerated stale contour for local_minimum_id=728 in 14.414 s; ETA 213.9 min
[730/1646] regenerated stale contour for local_minimum_id=729 in 16.511 s; ETA 213.7 min
[731/1646] regenerated stale contour for local_minimum_id=730 in 7.369 s; ETA 213.3 min
[732/1646] regenerated stale contour for local_minimum_id=731 in 12.209 s; ETA 213.0 min
[733/1646] regenerated stale contour for local_minimum_id=732 in 24.477 s; ETA 213.0 min
[734/1646] regenerated stale contour for local_minimum_id=733 in 22.446 s; ETA 213.0 min
[735/1646] regenerated stale contour for local_minimum_id=734 in 25.688 s; ETA 213.0 min
[736/1646] regenerated stale contour for local_minimum_id=735 in 18.063 s; ETA 212.8 min
[737/1646] regenerated stale contour for local_minimum_id=736 in 14.907 s; ETA 212.6 min
[738/1646] regenerated stale contour for local_minimum_id=737 in 15.385 s; ETA 212.4 min
[739/1646] regenerated stale contour for local_minimum_id=738 in 14.992 s; ETA 212.2 min
[740/1646] regenerated stale contour for local_minimum_id=739 in 28.635 s; ETA 212.3 min
[741/1646] regenerated stale contour for local_minimum_id=740 in 16.509 s; ETA 212.1 min
[742/1646] regenerated stale contour for local_minimum_id=741 in 24.733 s; ETA 212.1 min
[743/1646] regenerated stale contour for local_minimum_id=742 in 13.443 s; ETA 211.8 min
[744/1646] regenerated stale contour for local_minimum_id=743 in 20.442 s; ETA 211.7 min
[745/1646] regenerated stale contour for local_minimum_id=744 in 13.367 s; ETA 211.5 min
[746/1646] regenerated stale contour for local_minimum_id=745 in 12.322 s; ETA 211.2 min
[747/1646] regenerated stale contour for local_minimum_id=746 in 10.603 s; ETA 210.9 min
[748/1646] regenerated stale contour for local_minimum_id=747 in 15.259 s; ETA 210.7 min
[749/1646] regenerated stale contour for local_minimum_id=748 in 18.434 s; ETA 210.5 min
[750/1646] regenerated stale contour for local_minimum_id=749 in 15.565 s; ETA 210.3 min
[751/1646] regenerated stale contour for local_minimum_id=750 in 12.537 s; ETA 210.1 min
[752/1646] regenerated stale contour for local_minimum_id=751 in 24.464 s; ETA 210.0 min
[753/1646] regenerated stale contour for local_minimum_id=752 in 12.326 s; ETA 209.8 min
[754/1646] regenerated stale contour for local_minimum_id=753 in 22.601 s; ETA 209.7 min
[755/1646] regenerated stale contour for local_minimum_id=754 in 16.175 s; ETA 209.5 min
[756/1646] regenerated stale contour for local_minimum_id=755 in 13.129 s; ETA 209.2 min
[757/1646] regenerated stale contour for local_minimum_id=756 in 13.196 s; ETA 209.0 min
[758/1646] regenerated stale contour for local_minimum_id=757 in 9.074 s; ETA 208.6 min
[759/1646] regenerated stale contour for local_minimum_id=758 in 17.688 s; ETA 208.5 min
[760/1646] regenerated stale contour for local_minimum_id=759 in 18.426 s; ETA 208.3 min
[761/1646] regenerated stale contour for local_minimum_id=760 in 14.940 s; ETA 208.1 min
[762/1646] regenerated stale contour for local_minimum_id=761 in 14.764 s; ETA 207.9 min
[763/1646] regenerated stale contour for local_minimum_id=762 in 23.355 s; ETA 207.8 min
[764/1646] regenerated stale contour for local_minimum_id=763 in 14.372 s; ETA 207.6 min
[765/1646] regenerated stale contour for local_minimum_id=764 in 15.109 s; ETA 207.4 min
[766/1646] regenerated stale contour for local_minimum_id=765 in 20.950 s; ETA 207.3 min
[767/1646] regenerated stale contour for local_minimum_id=766 in 14.377 s; ETA 207.1 min
[768/1646] regenerated stale contour for local_minimum_id=767 in 12.532 s; ETA 206.8 min
[769/1646] regenerated stale contour for local_minimum_id=768 in 13.582 s; ETA 206.5 min
[770/1646] regenerated stale contour for local_minimum_id=769 in 20.038 s; ETA 206.4 min
[771/1646] regenerated stale contour for local_minimum_id=770 in 24.229 s; ETA 206.4 min
[772/1646] regenerated stale contour for local_minimum_id=771 in 15.825 s; ETA 206.2 min
[773/1646] regenerated stale contour for local_minimum_id=772 in 25.814 s; ETA 206.2 min
[774/1646] regenerated stale contour for local_minimum_id=773 in 11.773 s; ETA 205.9 min
[775/1646] regenerated stale contour for local_minimum_id=774 in 16.374 s; ETA 205.7 min
[776/1646] regenerated stale contour for local_minimum_id=775 in 16.508 s; ETA 205.5 min
[777/1646] regenerated stale contour for local_minimum_id=776 in 12.947 s; ETA 205.2 min
[778/1646] regenerated stale contour for local_minimum_id=777 in 26.083 s; ETA 205.2 min
[779/1646] regenerated stale contour for local_minimum_id=778 in 19.307 s; ETA 205.1 min
[780/1646] regenerated stale contour for local_minimum_id=779 in 16.270 s; ETA 204.9 min
[781/1646] regenerated stale contour for local_minimum_id=780 in 24.108 s; ETA 204.8 min
[782/1646] regenerated stale contour for local_minimum_id=781 in 23.231 s; ETA 204.7 min
[783/1646] regenerated stale contour for local_minimum_id=782 in 13.309 s; ETA 204.5 min
[784/1646] regenerated stale contour for local_minimum_id=783 in 11.244 s; ETA 204.2 min
[785/1646] regenerated stale contour for local_minimum_id=784 in 15.439 s; ETA 204.0 min
[786/1646] regenerated stale contour for local_minimum_id=785 in 16.436 s; ETA 203.8 min
[787/1646] regenerated stale contour for local_minimum_id=786 in 18.842 s; ETA 203.6 min
[788/1646] regenerated stale contour for local_minimum_id=787 in 17.969 s; ETA 203.5 min
[789/1646] regenerated stale contour for local_minimum_id=788 in 15.087 s; ETA 203.2 min
[790/1646] regenerated stale contour for local_minimum_id=789 in 25.004 s; ETA 203.2 min
[791/1646] regenerated stale contour for local_minimum_id=790 in 13.072 s; ETA 202.9 min
[792/1646] regenerated stale contour for local_minimum_id=791 in 22.562 s; ETA 202.9 min
[793/1646] regenerated stale contour for local_minimum_id=792 in 13.238 s; ETA 202.6 min
[794/1646] regenerated stale contour for local_minimum_id=793 in 23.865 s; ETA 202.5 min
[795/1646] regenerated stale contour for local_minimum_id=794 in 18.056 s; ETA 202.4 min
[796/1646] regenerated stale contour for local_minimum_id=795 in 17.596 s; ETA 202.2 min
[797/1646] regenerated stale contour for local_minimum_id=796 in 27.444 s; ETA 202.2 min
[798/1646] regenerated stale contour for local_minimum_id=797 in 14.705 s; ETA 202.0 min
[799/1646] regenerated stale contour for local_minimum_id=798 in 11.430 s; ETA 201.7 min
[800/1646] regenerated stale contour for local_minimum_id=799 in 19.821 s; ETA 201.5 min
[801/1646] regenerated stale contour for local_minimum_id=800 in 22.741 s; ETA 201.4 min
[802/1646] regenerated stale contour for local_minimum_id=801 in 13.608 s; ETA 201.2 min
[803/1646] regenerated stale contour for local_minimum_id=802 in 22.670 s; ETA 201.1 min
[804/1646] regenerated stale contour for local_minimum_id=803 in 23.288 s; ETA 201.0 min
[805/1646] regenerated stale contour for local_minimum_id=804 in 17.152 s; ETA 200.8 min
[806/1646] regenerated stale contour for local_minimum_id=805 in 20.174 s; ETA 200.7 min
[807/1646] regenerated stale contour for local_minimum_id=806 in 14.691 s; ETA 200.5 min
[808/1646] regenerated stale contour for local_minimum_id=807 in 14.743 s; ETA 200.2 min
[809/1646] regenerated stale contour for local_minimum_id=808 in 24.158 s; ETA 200.2 min
[810/1646] regenerated stale contour for local_minimum_id=809 in 24.521 s; ETA 200.1 min
[811/1646] regenerated stale contour for local_minimum_id=810 in 16.624 s; ETA 199.9 min
[812/1646] regenerated stale contour for local_minimum_id=811 in 15.110 s; ETA 199.7 min
[813/1646] regenerated stale contour for local_minimum_id=812 in 12.437 s; ETA 199.4 min
[814/1646] regenerated stale contour for local_minimum_id=813 in 22.815 s; ETA 199.3 min
[815/1646] regenerated stale contour for local_minimum_id=814 in 24.316 s; ETA 199.2 min
[816/1646] regenerated stale contour for local_minimum_id=815 in 16.583 s; ETA 199.0 min
[817/1646] regenerated stale contour for local_minimum_id=816 in 16.399 s; ETA 198.8 min
[818/1646] regenerated stale contour for local_minimum_id=817 in 15.524 s; ETA 198.6 min
[819/1646] regenerated stale contour for local_minimum_id=818 in 14.246 s; ETA 198.4 min
[820/1646] regenerated stale contour for local_minimum_id=819 in 15.908 s; ETA 198.1 min
[821/1646] regenerated stale contour for local_minimum_id=820 in 18.246 s; ETA 198.0 min
[822/1646] regenerated stale contour for local_minimum_id=821 in 16.362 s; ETA 197.8 min
[823/1646] regenerated stale contour for local_minimum_id=822 in 15.072 s; ETA 197.5 min
[824/1646] regenerated stale contour for local_minimum_id=823 in 18.787 s; ETA 197.4 min
[825/1646] regenerated stale contour for local_minimum_id=824 in 26.622 s; ETA 197.3 min
[826/1646] regenerated stale contour for local_minimum_id=825 in 27.433 s; ETA 197.3 min
[827/1646] regenerated stale contour for local_minimum_id=826 in 23.506 s; ETA 197.2 min
[828/1646] regenerated stale contour for local_minimum_id=827 in 13.572 s; ETA 197.0 min
[829/1646] regenerated stale contour for local_minimum_id=828 in 23.718 s; ETA 196.9 min
[830/1646] regenerated stale contour for local_minimum_id=829 in 16.384 s; ETA 196.7 min
[831/1646] regenerated stale contour for local_minimum_id=830 in 25.069 s; ETA 196.6 min
[832/1646] regenerated stale contour for local_minimum_id=831 in 18.762 s; ETA 196.4 min
[833/1646] regenerated stale contour for local_minimum_id=832 in 14.758 s; ETA 196.2 min
[834/1646] regenerated stale contour for local_minimum_id=833 in 11.723 s; ETA 195.9 min
[835/1646] regenerated stale contour for local_minimum_id=834 in 12.868 s; ETA 195.6 min
[836/1646] regenerated stale contour for local_minimum_id=835 in 16.926 s; ETA 195.4 min
[837/1646] regenerated stale contour for local_minimum_id=836 in 24.923 s; ETA 195.4 min
[838/1646] regenerated stale contour for local_minimum_id=837 in 23.572 s; ETA 195.3 min
[839/1646] regenerated stale contour for local_minimum_id=838 in 15.424 s; ETA 195.0 min
[840/1646] regenerated stale contour for local_minimum_id=839 in 26.254 s; ETA 195.0 min
[841/1646] regenerated stale contour for local_minimum_id=840 in 16.437 s; ETA 194.8 min
[842/1646] regenerated stale contour for local_minimum_id=841 in 16.512 s; ETA 194.6 min
[843/1646] regenerated stale contour for local_minimum_id=842 in 23.466 s; ETA 194.5 min
[844/1646] regenerated stale contour for local_minimum_id=843 in 12.400 s; ETA 194.2 min
[845/1646] regenerated stale contour for local_minimum_id=844 in 14.788 s; ETA 193.9 min
[846/1646] regenerated stale contour for local_minimum_id=845 in 27.204 s; ETA 193.9 min
[847/1646] regenerated stale contour for local_minimum_id=846 in 14.034 s; ETA 193.6 min
[848/1646] regenerated stale contour for local_minimum_id=847 in 15.505 s; ETA 193.4 min
[849/1646] regenerated stale contour for local_minimum_id=848 in 14.390 s; ETA 193.2 min
[850/1646] regenerated stale contour for local_minimum_id=849 in 13.991 s; ETA 192.9 min
[851/1646] regenerated stale contour for local_minimum_id=850 in 14.580 s; ETA 192.7 min
[852/1646] regenerated stale contour for local_minimum_id=851 in 18.741 s; ETA 192.5 min
[853/1646] regenerated stale contour for local_minimum_id=852 in 9.462 s; ETA 192.2 min
[854/1646] regenerated stale contour for local_minimum_id=853 in 12.369 s; ETA 191.9 min
[855/1646] regenerated stale contour for local_minimum_id=854 in 15.437 s; ETA 191.7 min
[856/1646] regenerated stale contour for local_minimum_id=855 in 18.101 s; ETA 191.5 min
[857/1646] regenerated stale contour for local_minimum_id=856 in 16.063 s; ETA 191.3 min
[858/1646] regenerated stale contour for local_minimum_id=857 in 14.561 s; ETA 191.0 min
[859/1646] regenerated stale contour for local_minimum_id=858 in 18.287 s; ETA 190.8 min
[860/1646] regenerated stale contour for local_minimum_id=859 in 22.463 s; ETA 190.7 min
[861/1646] regenerated stale contour for local_minimum_id=860 in 17.700 s; ETA 190.5 min
[862/1646] regenerated stale contour for local_minimum_id=861 in 15.298 s; ETA 190.3 min
[863/1646] regenerated stale contour for local_minimum_id=862 in 13.386 s; ETA 190.0 min
[864/1646] regenerated stale contour for local_minimum_id=863 in 23.660 s; ETA 189.9 min
[865/1646] regenerated stale contour for local_minimum_id=864 in 18.847 s; ETA 189.8 min
[866/1646] regenerated stale contour for local_minimum_id=865 in 23.453 s; ETA 189.6 min
[867/1646] regenerated stale contour for local_minimum_id=866 in 13.833 s; ETA 189.4 min
[868/1646] regenerated stale contour for local_minimum_id=867 in 23.113 s; ETA 189.3 min
[869/1646] regenerated stale contour for local_minimum_id=868 in 14.479 s; ETA 189.0 min
[870/1646] regenerated stale contour for local_minimum_id=869 in 18.960 s; ETA 188.9 min
[871/1646] regenerated stale contour for local_minimum_id=870 in 24.685 s; ETA 188.8 min
[872/1646] regenerated stale contour for local_minimum_id=871 in 16.852 s; ETA 188.5 min
[873/1646] regenerated stale contour for local_minimum_id=872 in 27.070 s; ETA 188.5 min
[874/1646] regenerated stale contour for local_minimum_id=873 in 12.565 s; ETA 188.2 min
[875/1646] regenerated stale contour for local_minimum_id=874 in 17.358 s; ETA 188.0 min
[876/1646] regenerated stale contour for local_minimum_id=875 in 18.459 s; ETA 187.8 min
[877/1646] regenerated stale contour for local_minimum_id=876 in 22.851 s; ETA 187.7 min
[878/1646] regenerated stale contour for local_minimum_id=877 in 22.814 s; ETA 187.6 min
[879/1646] regenerated stale contour for local_minimum_id=878 in 19.430 s; ETA 187.4 min
[880/1646] regenerated stale contour for local_minimum_id=879 in 18.930 s; ETA 187.2 min
[881/1646] regenerated stale contour for local_minimum_id=880 in 18.964 s; ETA 187.0 min
[882/1646] regenerated stale contour for local_minimum_id=881 in 22.396 s; ETA 186.9 min
[883/1646] regenerated stale contour for local_minimum_id=882 in 24.439 s; ETA 186.8 min
[884/1646] regenerated stale contour for local_minimum_id=883 in 15.659 s; ETA 186.6 min
[885/1646] regenerated stale contour for local_minimum_id=884 in 23.086 s; ETA 186.4 min
[886/1646] regenerated stale contour for local_minimum_id=885 in 15.251 s; ETA 186.2 min
[887/1646] regenerated stale contour for local_minimum_id=886 in 27.123 s; ETA 186.1 min
[888/1646] regenerated stale contour for local_minimum_id=887 in 25.221 s; ETA 186.0 min
[889/1646] regenerated stale contour for local_minimum_id=888 in 28.302 s; ETA 186.0 min
[890/1646] regenerated stale contour for local_minimum_id=889 in 17.476 s; ETA 185.8 min
[891/1646] regenerated stale contour for local_minimum_id=890 in 15.421 s; ETA 185.5 min
[892/1646] regenerated stale contour for local_minimum_id=891 in 15.754 s; ETA 185.3 min
[893/1646] regenerated stale contour for local_minimum_id=892 in 17.392 s; ETA 185.1 min
[894/1646] regenerated stale contour for local_minimum_id=893 in 19.493 s; ETA 184.9 min
[895/1646] regenerated stale contour for local_minimum_id=894 in 23.291 s; ETA 184.8 min
[896/1646] regenerated stale contour for local_minimum_id=895 in 18.427 s; ETA 184.6 min
[897/1646] regenerated stale contour for local_minimum_id=896 in 10.313 s; ETA 184.3 min
[898/1646] regenerated stale contour for local_minimum_id=897 in 15.063 s; ETA 184.1 min
[899/1646] regenerated stale contour for local_minimum_id=898 in 18.564 s; ETA 183.9 min
[900/1646] regenerated stale contour for local_minimum_id=899 in 23.836 s; ETA 183.7 min
[901/1646] regenerated stale contour for local_minimum_id=900 in 19.139 s; ETA 183.6 min
[902/1646] regenerated stale contour for local_minimum_id=901 in 26.202 s; ETA 183.5 min
[903/1646] regenerated stale contour for local_minimum_id=902 in 21.323 s; ETA 183.3 min
[904/1646] regenerated stale contour for local_minimum_id=903 in 26.782 s; ETA 183.2 min
[905/1646] regenerated stale contour for local_minimum_id=904 in 25.630 s; ETA 183.1 min
[906/1646] regenerated stale contour for local_minimum_id=905 in 18.717 s; ETA 182.9 min
[907/1646] regenerated stale contour for local_minimum_id=906 in 25.719 s; ETA 182.8 min
[908/1646] regenerated stale contour for local_minimum_id=907 in 17.630 s; ETA 182.6 min
[909/1646] regenerated stale contour for local_minimum_id=908 in 25.532 s; ETA 182.5 min
[910/1646] regenerated stale contour for local_minimum_id=909 in 16.547 s; ETA 182.3 min
[911/1646] regenerated stale contour for local_minimum_id=910 in 16.962 s; ETA 182.1 min
[912/1646] regenerated stale contour for local_minimum_id=911 in 10.035 s; ETA 181.8 min
[913/1646] regenerated stale contour for local_minimum_id=912 in 17.029 s; ETA 181.5 min
[914/1646] regenerated stale contour for local_minimum_id=913 in 31.238 s; ETA 181.5 min
[915/1646] regenerated stale contour for local_minimum_id=914 in 27.885 s; ETA 181.4 min
[916/1646] regenerated stale contour for local_minimum_id=915 in 19.253 s; ETA 181.3 min
[917/1646] regenerated stale contour for local_minimum_id=916 in 24.893 s; ETA 181.1 min
[918/1646] regenerated stale contour for local_minimum_id=917 in 23.071 s; ETA 181.0 min
[919/1646] regenerated stale contour for local_minimum_id=918 in 14.483 s; ETA 180.7 min
[920/1646] regenerated stale contour for local_minimum_id=919 in 20.614 s; ETA 180.6 min
[921/1646] regenerated stale contour for local_minimum_id=920 in 15.966 s; ETA 180.3 min
[922/1646] regenerated stale contour for local_minimum_id=921 in 13.883 s; ETA 180.1 min
[923/1646] regenerated stale contour for local_minimum_id=922 in 23.446 s; ETA 179.9 min
[924/1646] regenerated stale contour for local_minimum_id=923 in 9.148 s; ETA 179.6 min
[925/1646] regenerated stale contour for local_minimum_id=924 in 15.788 s; ETA 179.4 min
[926/1646] regenerated stale contour for local_minimum_id=925 in 27.774 s; ETA 179.3 min
[927/1646] regenerated stale contour for local_minimum_id=926 in 17.758 s; ETA 179.1 min
[928/1646] regenerated stale contour for local_minimum_id=927 in 7.511 s; ETA 178.7 min
[929/1646] regenerated stale contour for local_minimum_id=928 in 14.817 s; ETA 178.5 min
[930/1646] regenerated stale contour for local_minimum_id=929 in 27.384 s; ETA 178.4 min
[931/1646] regenerated stale contour for local_minimum_id=930 in 24.611 s; ETA 178.3 min
[932/1646] regenerated stale contour for local_minimum_id=931 in 23.834 s; ETA 178.1 min
[933/1646] regenerated stale contour for local_minimum_id=932 in 9.565 s; ETA 177.8 min
[934/1646] regenerated stale contour for local_minimum_id=933 in 25.987 s; ETA 177.7 min
[935/1646] regenerated stale contour for local_minimum_id=934 in 25.928 s; ETA 177.6 min
[936/1646] regenerated stale contour for local_minimum_id=935 in 15.242 s; ETA 177.3 min
[937/1646] regenerated stale contour for local_minimum_id=936 in 23.733 s; ETA 177.2 min
[938/1646] regenerated stale contour for local_minimum_id=937 in 28.310 s; ETA 177.1 min
[939/1646] regenerated stale contour for local_minimum_id=938 in 19.898 s; ETA 176.9 min
[940/1646] regenerated stale contour for local_minimum_id=939 in 17.751 s; ETA 176.7 min
[941/1646] regenerated stale contour for local_minimum_id=940 in 28.678 s; ETA 176.6 min
[942/1646] regenerated stale contour for local_minimum_id=941 in 27.295 s; ETA 176.5 min
[943/1646] regenerated stale contour for local_minimum_id=942 in 26.719 s; ETA 176.4 min
[944/1646] regenerated stale contour for local_minimum_id=943 in 27.600 s; ETA 176.3 min
[945/1646] regenerated stale contour for local_minimum_id=944 in 27.303 s; ETA 176.2 min
[946/1646] regenerated stale contour for local_minimum_id=945 in 27.836 s; ETA 176.1 min
[947/1646] regenerated stale contour for local_minimum_id=946 in 27.953 s; ETA 176.1 min
[948/1646] regenerated stale contour for local_minimum_id=947 in 25.966 s; ETA 175.9 min
[949/1646] regenerated stale contour for local_minimum_id=948 in 17.472 s; ETA 175.7 min
[950/1646] regenerated stale contour for local_minimum_id=949 in 26.555 s; ETA 175.6 min
[951/1646] regenerated stale contour for local_minimum_id=950 in 24.757 s; ETA 175.5 min
[952/1646] regenerated stale contour for local_minimum_id=951 in 25.180 s; ETA 175.3 min
[953/1646] regenerated stale contour for local_minimum_id=952 in 14.734 s; ETA 175.1 min
[954/1646] regenerated stale contour for local_minimum_id=953 in 19.930 s; ETA 174.9 min
[955/1646] regenerated stale contour for local_minimum_id=954 in 29.822 s; ETA 174.8 min
[956/1646] regenerated stale contour for local_minimum_id=955 in 4.799 s; ETA 174.4 min
[957/1646] regenerated stale contour for local_minimum_id=956 in 26.764 s; ETA 174.3 min
[958/1646] regenerated stale contour for local_minimum_id=957 in 25.714 s; ETA 174.2 min
[959/1646] regenerated stale contour for local_minimum_id=958 in 21.195 s; ETA 174.0 min
[960/1646] regenerated stale contour for local_minimum_id=959 in 24.143 s; ETA 173.9 min
[961/1646] regenerated stale contour for local_minimum_id=960 in 14.474 s; ETA 173.6 min
[962/1646] regenerated stale contour for local_minimum_id=961 in 27.513 s; ETA 173.5 min
[963/1646] regenerated stale contour for local_minimum_id=962 in 27.697 s; ETA 173.4 min
[964/1646] regenerated stale contour for local_minimum_id=963 in 10.113 s; ETA 173.1 min
[965/1646] regenerated stale contour for local_minimum_id=964 in 24.513 s; ETA 172.9 min
[966/1646] regenerated stale contour for local_minimum_id=965 in 25.756 s; ETA 172.8 min
[967/1646] regenerated stale contour for local_minimum_id=966 in 31.187 s; ETA 172.7 min
[968/1646] regenerated stale contour for local_minimum_id=967 in 23.840 s; ETA 172.6 min
[969/1646] regenerated stale contour for local_minimum_id=968 in 27.048 s; ETA 172.5 min
[970/1646] regenerated stale contour for local_minimum_id=969 in 21.075 s; ETA 172.3 min
[971/1646] regenerated stale contour for local_minimum_id=970 in 22.641 s; ETA 172.1 min
[972/1646] regenerated stale contour for local_minimum_id=971 in 30.087 s; ETA 172.0 min
[973/1646] regenerated stale contour for local_minimum_id=972 in 17.336 s; ETA 171.8 min
[974/1646] regenerated stale contour for local_minimum_id=973 in 10.412 s; ETA 171.5 min
[975/1646] regenerated stale contour for local_minimum_id=974 in 15.495 s; ETA 171.2 min
[976/1646] regenerated stale contour for local_minimum_id=975 in 32.786 s; ETA 171.2 min
[977/1646] regenerated stale contour for local_minimum_id=976 in 25.343 s; ETA 171.0 min
[978/1646] regenerated stale contour for local_minimum_id=977 in 15.838 s; ETA 170.8 min
[979/1646] regenerated stale contour for local_minimum_id=978 in 18.782 s; ETA 170.6 min
[980/1646] regenerated stale contour for local_minimum_id=979 in 23.799 s; ETA 170.4 min
[981/1646] regenerated stale contour for local_minimum_id=980 in 26.987 s; ETA 170.3 min
[982/1646] regenerated stale contour for local_minimum_id=981 in 20.632 s; ETA 170.1 min
[983/1646] regenerated stale contour for local_minimum_id=982 in 16.395 s; ETA 169.8 min
[984/1646] regenerated stale contour for local_minimum_id=983 in 27.417 s; ETA 169.7 min
[985/1646] regenerated stale contour for local_minimum_id=984 in 23.861 s; ETA 169.5 min
[986/1646] regenerated stale contour for local_minimum_id=985 in 17.557 s; ETA 169.3 min
[987/1646] regenerated stale contour for local_minimum_id=986 in 28.452 s; ETA 169.2 min
[988/1646] regenerated stale contour for local_minimum_id=987 in 26.574 s; ETA 169.1 min
[989/1646] regenerated stale contour for local_minimum_id=988 in 16.541 s; ETA 168.8 min
[990/1646] regenerated stale contour for local_minimum_id=989 in 17.312 s; ETA 168.6 min
[991/1646] regenerated stale contour for local_minimum_id=990 in 26.215 s; ETA 168.5 min
[992/1646] regenerated stale contour for local_minimum_id=991 in 26.631 s; ETA 168.3 min
[993/1646] regenerated stale contour for local_minimum_id=992 in 23.994 s; ETA 168.2 min
[994/1646] regenerated stale contour for local_minimum_id=993 in 25.833 s; ETA 168.0 min
[995/1646] regenerated stale contour for local_minimum_id=994 in 26.429 s; ETA 167.9 min
[996/1646] regenerated stale contour for local_minimum_id=995 in 28.261 s; ETA 167.8 min
[997/1646] regenerated stale contour for local_minimum_id=996 in 19.217 s; ETA 167.5 min
[998/1646] regenerated stale contour for local_minimum_id=997 in 27.951 s; ETA 167.4 min
[999/1646] regenerated stale contour for local_minimum_id=998 in 26.213 s; ETA 167.3 min
[1000/1646] regenerated stale contour for local_minimum_id=999 in 28.309 s; ETA 167.1 min
[1001/1646] regenerated stale contour for local_minimum_id=1000 in 21.884 s; ETA 167.0 min
[1002/1646] regenerated stale contour for local_minimum_id=1001 in 24.425 s; ETA 166.8 min
[1003/1646] regenerated stale contour for local_minimum_id=1002 in 16.481 s; ETA 166.5 min
[1004/1646] regenerated stale contour for local_minimum_id=1003 in 16.536 s; ETA 166.3 min
[1005/1646] regenerated stale contour for local_minimum_id=1004 in 27.101 s; ETA 166.2 min
[1006/1646] regenerated stale contour for local_minimum_id=1005 in 24.190 s; ETA 166.0 min
[1007/1646] regenerated stale contour for local_minimum_id=1006 in 28.682 s; ETA 165.9 min
[1008/1646] regenerated stale contour for local_minimum_id=1007 in 15.641 s; ETA 165.6 min
[1009/1646] regenerated stale contour for local_minimum_id=1008 in 26.589 s; ETA 165.5 min
[1010/1646] regenerated stale contour for local_minimum_id=1009 in 26.981 s; ETA 165.3 min
[1011/1646] regenerated stale contour for local_minimum_id=1010 in 29.620 s; ETA 165.2 min
[1012/1646] regenerated stale contour for local_minimum_id=1011 in 26.244 s; ETA 165.1 min
[1013/1646] regenerated stale contour for local_minimum_id=1012 in 27.382 s; ETA 164.9 min
[1014/1646] regenerated stale contour for local_minimum_id=1013 in 30.216 s; ETA 164.8 min
[1015/1646] regenerated stale contour for local_minimum_id=1014 in 27.365 s; ETA 164.7 min
[1016/1646] regenerated stale contour for local_minimum_id=1015 in 22.962 s; ETA 164.5 min
[1017/1646] regenerated stale contour for local_minimum_id=1016 in 24.035 s; ETA 164.3 min
[1018/1646] regenerated stale contour for local_minimum_id=1017 in 26.207 s; ETA 164.2 min
[1019/1646] regenerated stale contour for local_minimum_id=1018 in 28.513 s; ETA 164.0 min
[1020/1646] regenerated stale contour for local_minimum_id=1019 in 28.681 s; ETA 163.9 min
[1021/1646] regenerated stale contour for local_minimum_id=1020 in 19.151 s; ETA 163.7 min
[1022/1646] regenerated stale contour for local_minimum_id=1021 in 30.022 s; ETA 163.6 min
[1023/1646] regenerated stale contour for local_minimum_id=1022 in 13.803 s; ETA 163.3 min
[1024/1646] regenerated stale contour for local_minimum_id=1023 in 21.539 s; ETA 163.1 min
[1025/1646] regenerated stale contour for local_minimum_id=1024 in 29.846 s; ETA 163.0 min
[1026/1646] regenerated stale contour for local_minimum_id=1025 in 27.022 s; ETA 162.8 min
[1027/1646] regenerated stale contour for local_minimum_id=1026 in 25.600 s; ETA 162.7 min
[1028/1646] regenerated stale contour for local_minimum_id=1027 in 27.237 s; ETA 162.5 min
[1029/1646] regenerated stale contour for local_minimum_id=1028 in 25.308 s; ETA 162.3 min
[1030/1646] regenerated stale contour for local_minimum_id=1029 in 15.206 s; ETA 162.1 min
[1031/1646] regenerated stale contour for local_minimum_id=1030 in 18.517 s; ETA 161.8 min
[1032/1646] regenerated stale contour for local_minimum_id=1031 in 16.766 s; ETA 161.6 min
[1033/1646] regenerated stale contour for local_minimum_id=1032 in 28.851 s; ETA 161.4 min
[1034/1646] regenerated stale contour for local_minimum_id=1033 in 25.752 s; ETA 161.3 min
[1035/1646] regenerated stale contour for local_minimum_id=1034 in 22.792 s; ETA 161.1 min
[1036/1646] regenerated stale contour for local_minimum_id=1035 in 11.580 s; ETA 160.8 min
[1037/1646] regenerated stale contour for local_minimum_id=1036 in 25.320 s; ETA 160.6 min
[1038/1646] regenerated stale contour for local_minimum_id=1037 in 28.123 s; ETA 160.5 min
[1039/1646] regenerated stale contour for local_minimum_id=1038 in 27.516 s; ETA 160.3 min
[1040/1646] regenerated stale contour for local_minimum_id=1039 in 26.655 s; ETA 160.2 min
[1041/1646] regenerated stale contour for local_minimum_id=1040 in 31.725 s; ETA 160.0 min
[1042/1646] regenerated stale contour for local_minimum_id=1041 in 32.033 s; ETA 159.9 min
[1043/1646] regenerated stale contour for local_minimum_id=1042 in 23.545 s; ETA 159.7 min
[1044/1646] regenerated stale contour for local_minimum_id=1043 in 28.133 s; ETA 159.6 min
[1045/1646] regenerated stale contour for local_minimum_id=1044 in 27.917 s; ETA 159.4 min
[1046/1646] regenerated stale contour for local_minimum_id=1045 in 27.411 s; ETA 159.3 min
[1047/1646] regenerated stale contour for local_minimum_id=1046 in 31.407 s; ETA 159.2 min
[1048/1646] regenerated stale contour for local_minimum_id=1047 in 26.885 s; ETA 159.0 min
[1049/1646] regenerated stale contour for local_minimum_id=1048 in 11.582 s; ETA 158.7 min
[1050/1646] regenerated stale contour for local_minimum_id=1049 in 28.771 s; ETA 158.6 min
[1051/1646] regenerated stale contour for local_minimum_id=1050 in 28.899 s; ETA 158.4 min
[1052/1646] regenerated stale contour for local_minimum_id=1051 in 25.644 s; ETA 158.2 min
[1053/1646] regenerated stale contour for local_minimum_id=1052 in 28.013 s; ETA 158.1 min
[1054/1646] regenerated stale contour for local_minimum_id=1053 in 30.418 s; ETA 158.0 min
[1055/1646] regenerated stale contour for local_minimum_id=1054 in 29.673 s; ETA 157.8 min
[1056/1646] regenerated stale contour for local_minimum_id=1055 in 31.737 s; ETA 157.7 min
[1057/1646] regenerated stale contour for local_minimum_id=1056 in 23.404 s; ETA 157.5 min
[1058/1646] regenerated stale contour for local_minimum_id=1057 in 18.575 s; ETA 157.3 min
[1059/1646] regenerated stale contour for local_minimum_id=1058 in 27.663 s; ETA 157.1 min
[1060/1646] regenerated stale contour for local_minimum_id=1059 in 29.236 s; ETA 156.9 min
[1061/1646] regenerated stale contour for local_minimum_id=1060 in 16.504 s; ETA 156.7 min
[1062/1646] regenerated stale contour for local_minimum_id=1061 in 10.481 s; ETA 156.4 min
[1063/1646] regenerated stale contour for local_minimum_id=1062 in 20.990 s; ETA 156.1 min
[1064/1646] regenerated stale contour for local_minimum_id=1063 in 27.124 s; ETA 156.0 min
[1065/1646] regenerated stale contour for local_minimum_id=1064 in 28.831 s; ETA 155.8 min
[1066/1646] regenerated stale contour for local_minimum_id=1065 in 31.469 s; ETA 155.7 min
[1067/1646] regenerated stale contour for local_minimum_id=1066 in 26.180 s; ETA 155.5 min
[1068/1646] regenerated stale contour for local_minimum_id=1067 in 30.905 s; ETA 155.4 min
[1069/1646] regenerated stale contour for local_minimum_id=1068 in 26.592 s; ETA 155.2 min
[1070/1646] regenerated stale contour for local_minimum_id=1069 in 28.223 s; ETA 155.0 min
[1071/1646] regenerated stale contour for local_minimum_id=1070 in 25.499 s; ETA 154.9 min
[1072/1646] regenerated stale contour for local_minimum_id=1071 in 24.599 s; ETA 154.7 min
[1073/1646] regenerated stale contour for local_minimum_id=1072 in 27.680 s; ETA 154.5 min
[1074/1646] regenerated stale contour for local_minimum_id=1073 in 30.646 s; ETA 154.4 min
[1075/1646] regenerated stale contour for local_minimum_id=1074 in 28.226 s; ETA 154.2 min
[1076/1646] regenerated stale contour for local_minimum_id=1075 in 33.263 s; ETA 154.1 min
[1077/1646] regenerated stale contour for local_minimum_id=1076 in 30.626 s; ETA 153.9 min
[1078/1646] regenerated stale contour for local_minimum_id=1077 in 20.883 s; ETA 153.7 min
[1079/1646] regenerated stale contour for local_minimum_id=1078 in 29.518 s; ETA 153.5 min
[1080/1646] regenerated stale contour for local_minimum_id=1079 in 28.206 s; ETA 153.4 min
[1081/1646] regenerated stale contour for local_minimum_id=1080 in 27.303 s; ETA 153.2 min
[1082/1646] regenerated stale contour for local_minimum_id=1081 in 25.853 s; ETA 153.0 min
[1083/1646] regenerated stale contour for local_minimum_id=1082 in 23.401 s; ETA 152.8 min
[1084/1646] regenerated stale contour for local_minimum_id=1083 in 29.591 s; ETA 152.7 min
[1085/1646] regenerated stale contour for local_minimum_id=1084 in 32.044 s; ETA 152.5 min
[1086/1646] regenerated stale contour for local_minimum_id=1085 in 30.569 s; ETA 152.4 min
[1087/1646] regenerated stale contour for local_minimum_id=1086 in 24.865 s; ETA 152.2 min
[1088/1646] regenerated stale contour for local_minimum_id=1087 in 24.958 s; ETA 152.0 min
[1089/1646] regenerated stale contour for local_minimum_id=1088 in 29.844 s; ETA 151.8 min
[1090/1646] regenerated stale contour for local_minimum_id=1089 in 19.094 s; ETA 151.6 min
[1091/1646] regenerated stale contour for local_minimum_id=1090 in 20.209 s; ETA 151.3 min
[1092/1646] regenerated stale contour for local_minimum_id=1091 in 30.384 s; ETA 151.2 min
[1093/1646] regenerated stale contour for local_minimum_id=1092 in 26.316 s; ETA 151.0 min
[1094/1646] regenerated stale contour for local_minimum_id=1093 in 22.254 s; ETA 150.8 min
[1095/1646] regenerated stale contour for local_minimum_id=1094 in 28.155 s; ETA 150.6 min
[1096/1646] regenerated stale contour for local_minimum_id=1095 in 29.916 s; ETA 150.4 min
[1097/1646] regenerated stale contour for local_minimum_id=1096 in 30.620 s; ETA 150.3 min
[1098/1646] regenerated stale contour for local_minimum_id=1097 in 29.617 s; ETA 150.1 min
[1099/1646] regenerated stale contour for local_minimum_id=1098 in 27.439 s; ETA 149.9 min
[1100/1646] regenerated stale contour for local_minimum_id=1099 in 31.162 s; ETA 149.8 min
[1101/1646] regenerated stale contour for local_minimum_id=1100 in 31.573 s; ETA 149.6 min
[1102/1646] regenerated stale contour for local_minimum_id=1101 in 22.702 s; ETA 149.4 min
[1103/1646] regenerated stale contour for local_minimum_id=1102 in 20.413 s; ETA 149.2 min
[1104/1646] regenerated stale contour for local_minimum_id=1103 in 14.232 s; ETA 148.9 min
[1105/1646] regenerated stale contour for local_minimum_id=1104 in 30.570 s; ETA 148.7 min
[1106/1646] regenerated stale contour for local_minimum_id=1105 in 25.283 s; ETA 148.5 min
[1107/1646] regenerated stale contour for local_minimum_id=1106 in 26.349 s; ETA 148.3 min
[1108/1646] regenerated stale contour for local_minimum_id=1107 in 22.533 s; ETA 148.1 min
[1109/1646] regenerated stale contour for local_minimum_id=1108 in 28.691 s; ETA 147.9 min
[1110/1646] regenerated stale contour for local_minimum_id=1109 in 28.315 s; ETA 147.7 min
[1111/1646] regenerated stale contour for local_minimum_id=1110 in 30.332 s; ETA 147.6 min
[1112/1646] regenerated stale contour for local_minimum_id=1111 in 29.425 s; ETA 147.4 min
[1113/1646] regenerated stale contour for local_minimum_id=1112 in 22.928 s; ETA 147.2 min
[1114/1646] regenerated stale contour for local_minimum_id=1113 in 17.518 s; ETA 146.9 min
[1115/1646] regenerated stale contour for local_minimum_id=1114 in 30.043 s; ETA 146.7 min
[1116/1646] regenerated stale contour for local_minimum_id=1115 in 11.701 s; ETA 146.4 min
[1117/1646] regenerated stale contour for local_minimum_id=1116 in 30.895 s; ETA 146.2 min
[1118/1646] regenerated stale contour for local_minimum_id=1117 in 21.857 s; ETA 146.0 min
[1119/1646] regenerated stale contour for local_minimum_id=1118 in 27.371 s; ETA 145.8 min
[1120/1646] regenerated stale contour for local_minimum_id=1119 in 30.777 s; ETA 145.6 min
[1121/1646] regenerated stale contour for local_minimum_id=1120 in 28.117 s; ETA 145.5 min
[1122/1646] regenerated stale contour for local_minimum_id=1121 in 29.746 s; ETA 145.3 min
[1123/1646] regenerated stale contour for local_minimum_id=1122 in 28.783 s; ETA 145.1 min
[1124/1646] regenerated stale contour for local_minimum_id=1123 in 19.694 s; ETA 144.9 min
[1125/1646] regenerated stale contour for local_minimum_id=1124 in 21.732 s; ETA 144.6 min
[1126/1646] regenerated stale contour for local_minimum_id=1125 in 25.709 s; ETA 144.4 min
[1127/1646] regenerated stale contour for local_minimum_id=1126 in 27.856 s; ETA 144.2 min
[1128/1646] regenerated stale contour for local_minimum_id=1127 in 30.690 s; ETA 144.0 min
[1129/1646] regenerated stale contour for local_minimum_id=1128 in 28.683 s; ETA 143.9 min
[1130/1646] regenerated stale contour for local_minimum_id=1129 in 32.100 s; ETA 143.7 min
[1131/1646] regenerated stale contour for local_minimum_id=1130 in 30.926 s; ETA 143.5 min
[1132/1646] regenerated stale contour for local_minimum_id=1131 in 30.336 s; ETA 143.3 min
[1133/1646] regenerated stale contour for local_minimum_id=1132 in 32.449 s; ETA 143.2 min
[1134/1646] regenerated stale contour for local_minimum_id=1133 in 28.591 s; ETA 143.0 min
[1135/1646] regenerated stale contour for local_minimum_id=1134 in 25.472 s; ETA 142.8 min
[1136/1646] regenerated stale contour for local_minimum_id=1135 in 30.140 s; ETA 142.6 min
[1137/1646] regenerated stale contour for local_minimum_id=1136 in 31.577 s; ETA 142.4 min
[1138/1646] regenerated stale contour for local_minimum_id=1137 in 30.841 s; ETA 142.3 min
[1139/1646] regenerated stale contour for local_minimum_id=1138 in 25.842 s; ETA 142.0 min
[1140/1646] regenerated stale contour for local_minimum_id=1139 in 27.461 s; ETA 141.8 min
[1141/1646] regenerated stale contour for local_minimum_id=1140 in 26.865 s; ETA 141.6 min
[1142/1646] regenerated stale contour for local_minimum_id=1141 in 30.036 s; ETA 141.5 min
[1143/1646] regenerated stale contour for local_minimum_id=1142 in 28.463 s; ETA 141.3 min
[1144/1646] regenerated stale contour for local_minimum_id=1143 in 26.930 s; ETA 141.1 min
[1145/1646] regenerated stale contour for local_minimum_id=1144 in 23.793 s; ETA 140.8 min
[1146/1646] regenerated stale contour for local_minimum_id=1145 in 27.184 s; ETA 140.6 min
[1147/1646] regenerated stale contour for local_minimum_id=1146 in 30.974 s; ETA 140.4 min
[1148/1646] regenerated stale contour for local_minimum_id=1147 in 26.817 s; ETA 140.2 min
[1149/1646] regenerated stale contour for local_minimum_id=1148 in 15.614 s; ETA 139.9 min
[1150/1646] regenerated stale contour for local_minimum_id=1149 in 26.382 s; ETA 139.7 min
[1151/1646] regenerated stale contour for local_minimum_id=1150 in 30.973 s; ETA 139.5 min
[1152/1646] regenerated stale contour for local_minimum_id=1151 in 28.123 s; ETA 139.3 min
[1153/1646] regenerated stale contour for local_minimum_id=1152 in 21.369 s; ETA 139.1 min
[1154/1646] regenerated stale contour for local_minimum_id=1153 in 29.492 s; ETA 138.9 min
[1155/1646] regenerated stale contour for local_minimum_id=1154 in 29.555 s; ETA 138.7 min
[1156/1646] regenerated stale contour for local_minimum_id=1155 in 19.038 s; ETA 138.4 min
[1157/1646] regenerated stale contour for local_minimum_id=1156 in 29.671 s; ETA 138.2 min
[1158/1646] regenerated stale contour for local_minimum_id=1157 in 16.493 s; ETA 138.0 min
[1159/1646] regenerated stale contour for local_minimum_id=1158 in 25.907 s; ETA 137.7 min
[1160/1646] regenerated stale contour for local_minimum_id=1159 in 23.827 s; ETA 137.5 min
[1161/1646] regenerated stale contour for local_minimum_id=1160 in 23.788 s; ETA 137.3 min
[1162/1646] regenerated stale contour for local_minimum_id=1161 in 25.539 s; ETA 137.0 min
[1163/1646] regenerated stale contour for local_minimum_id=1162 in 20.599 s; ETA 136.8 min
[1164/1646] regenerated stale contour for local_minimum_id=1163 in 25.895 s; ETA 136.6 min
[1165/1646] regenerated stale contour for local_minimum_id=1164 in 31.704 s; ETA 136.4 min
[1166/1646] regenerated stale contour for local_minimum_id=1165 in 31.275 s; ETA 136.2 min
[1167/1646] regenerated stale contour for local_minimum_id=1166 in 25.762 s; ETA 136.0 min
[1168/1646] regenerated stale contour for local_minimum_id=1167 in 29.142 s; ETA 135.8 min
[1169/1646] regenerated stale contour for local_minimum_id=1168 in 29.487 s; ETA 135.6 min
[1170/1646] regenerated stale contour for local_minimum_id=1169 in 30.532 s; ETA 135.4 min
[1171/1646] regenerated stale contour for local_minimum_id=1170 in 28.648 s; ETA 135.2 min
[1172/1646] regenerated stale contour for local_minimum_id=1171 in 27.031 s; ETA 135.0 min
[1173/1646] regenerated stale contour for local_minimum_id=1172 in 30.646 s; ETA 134.8 min
[1174/1646] regenerated stale contour for local_minimum_id=1173 in 30.764 s; ETA 134.6 min
[1175/1646] regenerated stale contour for local_minimum_id=1174 in 17.348 s; ETA 134.3 min
[1176/1646] regenerated stale contour for local_minimum_id=1175 in 26.251 s; ETA 134.1 min
[1177/1646] regenerated stale contour for local_minimum_id=1176 in 30.228 s; ETA 133.9 min
[1178/1646] regenerated stale contour for local_minimum_id=1177 in 30.249 s; ETA 133.7 min
[1179/1646] regenerated stale contour for local_minimum_id=1178 in 26.875 s; ETA 133.4 min
[1180/1646] regenerated stale contour for local_minimum_id=1179 in 30.477 s; ETA 133.2 min
[1181/1646] regenerated stale contour for local_minimum_id=1180 in 30.785 s; ETA 133.1 min
[1182/1646] regenerated stale contour for local_minimum_id=1181 in 29.468 s; ETA 132.8 min
[1183/1646] regenerated stale contour for local_minimum_id=1182 in 29.857 s; ETA 132.6 min
[1184/1646] regenerated stale contour for local_minimum_id=1183 in 31.833 s; ETA 132.5 min
[1185/1646] regenerated stale contour for local_minimum_id=1184 in 21.863 s; ETA 132.2 min
[1186/1646] regenerated stale contour for local_minimum_id=1185 in 29.724 s; ETA 132.0 min
[1187/1646] regenerated stale contour for local_minimum_id=1186 in 28.141 s; ETA 131.8 min
[1188/1646] regenerated stale contour for local_minimum_id=1187 in 16.518 s; ETA 131.5 min
[1189/1646] regenerated stale contour for local_minimum_id=1188 in 29.119 s; ETA 131.3 min
[1190/1646] regenerated stale contour for local_minimum_id=1189 in 32.056 s; ETA 131.1 min
[1191/1646] regenerated stale contour for local_minimum_id=1190 in 22.295 s; ETA 130.8 min
[1192/1646] regenerated stale contour for local_minimum_id=1191 in 32.302 s; ETA 130.6 min
[1193/1646] regenerated stale contour for local_minimum_id=1192 in 30.555 s; ETA 130.4 min
[1194/1646] regenerated stale contour for local_minimum_id=1193 in 24.948 s; ETA 130.2 min
[1195/1646] regenerated stale contour for local_minimum_id=1194 in 18.854 s; ETA 129.9 min
[1196/1646] regenerated stale contour for local_minimum_id=1195 in 31.117 s; ETA 129.7 min
[1197/1646] regenerated stale contour for local_minimum_id=1196 in 29.849 s; ETA 129.5 min
[1198/1646] regenerated stale contour for local_minimum_id=1197 in 30.748 s; ETA 129.3 min
[1199/1646] regenerated stale contour for local_minimum_id=1198 in 31.372 s; ETA 129.1 min
[1200/1646] regenerated stale contour for local_minimum_id=1199 in 24.391 s; ETA 128.8 min
[1201/1646] regenerated stale contour for local_minimum_id=1200 in 27.675 s; ETA 128.6 min
[1202/1646] regenerated stale contour for local_minimum_id=1201 in 27.969 s; ETA 128.4 min
[1203/1646] regenerated stale contour for local_minimum_id=1202 in 32.174 s; ETA 128.2 min
[1204/1646] regenerated stale contour for local_minimum_id=1203 in 29.834 s; ETA 128.0 min
[1205/1646] regenerated stale contour for local_minimum_id=1204 in 28.828 s; ETA 127.8 min
[1206/1646] regenerated stale contour for local_minimum_id=1205 in 28.182 s; ETA 127.5 min
[1207/1646] regenerated stale contour for local_minimum_id=1206 in 24.951 s; ETA 127.3 min
[1208/1646] regenerated stale contour for local_minimum_id=1207 in 26.633 s; ETA 127.1 min
[1209/1646] regenerated stale contour for local_minimum_id=1208 in 32.060 s; ETA 126.9 min
[1210/1646] regenerated stale contour for local_minimum_id=1209 in 25.828 s; ETA 126.6 min
[1211/1646] regenerated stale contour for local_minimum_id=1210 in 28.334 s; ETA 126.4 min
[1212/1646] regenerated stale contour for local_minimum_id=1211 in 29.319 s; ETA 126.2 min
[1213/1646] regenerated stale contour for local_minimum_id=1212 in 28.185 s; ETA 126.0 min
[1214/1646] regenerated stale contour for local_minimum_id=1213 in 30.544 s; ETA 125.7 min
[1215/1646] regenerated stale contour for local_minimum_id=1214 in 32.771 s; ETA 125.5 min
[1216/1646] regenerated stale contour for local_minimum_id=1215 in 31.691 s; ETA 125.3 min
[1217/1646] regenerated stale contour for local_minimum_id=1216 in 32.737 s; ETA 125.1 min
[1218/1646] regenerated stale contour for local_minimum_id=1217 in 31.309 s; ETA 124.9 min
[1219/1646] regenerated stale contour for local_minimum_id=1218 in 32.587 s; ETA 124.7 min
[1220/1646] regenerated stale contour for local_minimum_id=1219 in 30.778 s; ETA 124.5 min
[1221/1646] regenerated stale contour for local_minimum_id=1220 in 30.311 s; ETA 124.3 min
[1222/1646] regenerated stale contour for local_minimum_id=1221 in 31.387 s; ETA 124.1 min
[1223/1646] regenerated stale contour for local_minimum_id=1222 in 23.775 s; ETA 123.8 min
[1224/1646] regenerated stale contour for local_minimum_id=1223 in 28.956 s; ETA 123.6 min
[1225/1646] regenerated stale contour for local_minimum_id=1224 in 29.700 s; ETA 123.4 min
[1226/1646] regenerated stale contour for local_minimum_id=1225 in 31.226 s; ETA 123.1 min
[1227/1646] regenerated stale contour for local_minimum_id=1226 in 29.728 s; ETA 122.9 min
[1228/1646] regenerated stale contour for local_minimum_id=1227 in 27.657 s; ETA 122.7 min
[1229/1646] regenerated stale contour for local_minimum_id=1228 in 29.800 s; ETA 122.5 min
[1230/1646] regenerated stale contour for local_minimum_id=1229 in 31.580 s; ETA 122.2 min
[1231/1646] regenerated stale contour for local_minimum_id=1230 in 29.252 s; ETA 122.0 min
[1232/1646] regenerated stale contour for local_minimum_id=1231 in 26.379 s; ETA 121.8 min
[1233/1646] regenerated stale contour for local_minimum_id=1232 in 30.477 s; ETA 121.5 min
[1234/1646] regenerated stale contour for local_minimum_id=1233 in 24.640 s; ETA 121.3 min
[1235/1646] regenerated stale contour for local_minimum_id=1234 in 23.329 s; ETA 121.0 min
[1236/1646] regenerated stale contour for local_minimum_id=1235 in 31.801 s; ETA 120.8 min
[1237/1646] regenerated stale contour for local_minimum_id=1236 in 30.040 s; ETA 120.6 min
[1238/1646] regenerated stale contour for local_minimum_id=1237 in 24.677 s; ETA 120.3 min
[1239/1646] regenerated stale contour for local_minimum_id=1238 in 29.744 s; ETA 120.1 min
[1240/1646] regenerated stale contour for local_minimum_id=1239 in 30.461 s; ETA 119.9 min
[1241/1646] regenerated stale contour for local_minimum_id=1240 in 29.933 s; ETA 119.6 min
[1242/1646] regenerated stale contour for local_minimum_id=1241 in 24.228 s; ETA 119.4 min
[1243/1646] regenerated stale contour for local_minimum_id=1242 in 31.857 s; ETA 119.2 min
[1244/1646] regenerated stale contour for local_minimum_id=1243 in 31.358 s; ETA 118.9 min
[1245/1646] regenerated stale contour for local_minimum_id=1244 in 23.755 s; ETA 118.7 min
[1246/1646] regenerated stale contour for local_minimum_id=1245 in 28.286 s; ETA 118.4 min
[1247/1646] regenerated stale contour for local_minimum_id=1246 in 32.767 s; ETA 118.2 min
[1248/1646] regenerated stale contour for local_minimum_id=1247 in 22.361 s; ETA 118.0 min
[1249/1646] regenerated stale contour for local_minimum_id=1248 in 27.167 s; ETA 117.7 min
[1250/1646] regenerated stale contour for local_minimum_id=1249 in 27.227 s; ETA 117.5 min
[1251/1646] regenerated stale contour for local_minimum_id=1250 in 29.770 s; ETA 117.2 min
[1252/1646] regenerated stale contour for local_minimum_id=1251 in 32.616 s; ETA 117.0 min
[1253/1646] regenerated stale contour for local_minimum_id=1252 in 30.613 s; ETA 116.8 min
[1254/1646] regenerated stale contour for local_minimum_id=1253 in 24.857 s; ETA 116.5 min
[1255/1646] regenerated stale contour for local_minimum_id=1254 in 31.030 s; ETA 116.3 min
[1256/1646] regenerated stale contour for local_minimum_id=1255 in 20.253 s; ETA 116.0 min
[1257/1646] regenerated stale contour for local_minimum_id=1256 in 27.663 s; ETA 115.8 min
[1258/1646] regenerated stale contour for local_minimum_id=1257 in 32.040 s; ETA 115.5 min
[1259/1646] regenerated stale contour for local_minimum_id=1258 in 31.503 s; ETA 115.3 min
[1260/1646] regenerated stale contour for local_minimum_id=1259 in 29.067 s; ETA 115.1 min
[1261/1646] regenerated stale contour for local_minimum_id=1260 in 29.387 s; ETA 114.8 min
[1262/1646] regenerated stale contour for local_minimum_id=1261 in 31.041 s; ETA 114.6 min
[1263/1646] regenerated stale contour for local_minimum_id=1262 in 32.660 s; ETA 114.4 min
[1264/1646] regenerated stale contour for local_minimum_id=1263 in 33.115 s; ETA 114.1 min
[1265/1646] regenerated stale contour for local_minimum_id=1264 in 29.823 s; ETA 113.9 min
[1266/1646] regenerated stale contour for local_minimum_id=1265 in 32.850 s; ETA 113.7 min
[1267/1646] regenerated stale contour for local_minimum_id=1266 in 32.706 s; ETA 113.5 min
[1268/1646] regenerated stale contour for local_minimum_id=1267 in 29.611 s; ETA 113.2 min
[1269/1646] regenerated stale contour for local_minimum_id=1268 in 26.785 s; ETA 113.0 min
[1270/1646] regenerated stale contour for local_minimum_id=1269 in 28.753 s; ETA 112.7 min
[1271/1646] regenerated stale contour for local_minimum_id=1270 in 18.546 s; ETA 112.4 min
[1272/1646] regenerated stale contour for local_minimum_id=1271 in 28.044 s; ETA 112.2 min
[1273/1646] regenerated stale contour for local_minimum_id=1272 in 29.123 s; ETA 111.9 min
[1274/1646] regenerated stale contour for local_minimum_id=1273 in 31.707 s; ETA 111.7 min
[1275/1646] regenerated stale contour for local_minimum_id=1274 in 32.549 s; ETA 111.5 min
[1276/1646] regenerated stale contour for local_minimum_id=1275 in 20.933 s; ETA 111.2 min
[1277/1646] regenerated stale contour for local_minimum_id=1276 in 29.940 s; ETA 110.9 min
[1278/1646] regenerated stale contour for local_minimum_id=1277 in 22.239 s; ETA 110.7 min
[1279/1646] regenerated stale contour for local_minimum_id=1278 in 26.880 s; ETA 110.4 min
[1280/1646] regenerated stale contour for local_minimum_id=1279 in 30.975 s; ETA 110.2 min
[1281/1646] regenerated stale contour for local_minimum_id=1280 in 30.524 s; ETA 109.9 min
[1282/1646] regenerated stale contour for local_minimum_id=1281 in 31.408 s; ETA 109.7 min
[1283/1646] regenerated stale contour for local_minimum_id=1282 in 31.540 s; ETA 109.4 min
[1284/1646] regenerated stale contour for local_minimum_id=1283 in 28.016 s; ETA 109.2 min
[1285/1646] regenerated stale contour for local_minimum_id=1284 in 33.413 s; ETA 109.0 min
[1286/1646] regenerated stale contour for local_minimum_id=1285 in 28.662 s; ETA 108.7 min
[1287/1646] regenerated stale contour for local_minimum_id=1286 in 28.483 s; ETA 108.4 min
[1288/1646] regenerated stale contour for local_minimum_id=1287 in 29.465 s; ETA 108.2 min
[1289/1646] regenerated stale contour for local_minimum_id=1288 in 31.577 s; ETA 108.0 min
[1290/1646] regenerated stale contour for local_minimum_id=1289 in 33.196 s; ETA 107.7 min
[1291/1646] regenerated stale contour for local_minimum_id=1290 in 33.023 s; ETA 107.5 min
[1292/1646] regenerated stale contour for local_minimum_id=1291 in 29.896 s; ETA 107.2 min
[1293/1646] regenerated stale contour for local_minimum_id=1292 in 8.662 s; ETA 106.9 min
[1294/1646] regenerated stale contour for local_minimum_id=1293 in 26.425 s; ETA 106.6 min
[1295/1646] regenerated stale contour for local_minimum_id=1294 in 23.372 s; ETA 106.3 min
[1296/1646] regenerated stale contour for local_minimum_id=1295 in 28.824 s; ETA 106.1 min
[1297/1646] regenerated stale contour for local_minimum_id=1296 in 21.990 s; ETA 105.8 min
[1298/1646] regenerated stale contour for local_minimum_id=1297 in 28.645 s; ETA 105.5 min
[1299/1646] regenerated stale contour for local_minimum_id=1298 in 33.099 s; ETA 105.3 min
[1300/1646] regenerated stale contour for local_minimum_id=1299 in 28.450 s; ETA 105.1 min
[1301/1646] regenerated stale contour for local_minimum_id=1300 in 18.800 s; ETA 104.8 min
[1302/1646] regenerated stale contour for local_minimum_id=1301 in 30.973 s; ETA 104.5 min
[1303/1646] regenerated stale contour for local_minimum_id=1302 in 29.405 s; ETA 104.3 min
[1304/1646] regenerated stale contour for local_minimum_id=1303 in 27.688 s; ETA 104.0 min
[1305/1646] regenerated stale contour for local_minimum_id=1304 in 30.319 s; ETA 103.7 min
[1306/1646] regenerated stale contour for local_minimum_id=1305 in 30.996 s; ETA 103.5 min
[1307/1646] regenerated stale contour for local_minimum_id=1306 in 30.914 s; ETA 103.2 min
[1308/1646] regenerated stale contour for local_minimum_id=1307 in 18.266 s; ETA 102.9 min
[1309/1646] regenerated stale contour for local_minimum_id=1308 in 31.484 s; ETA 102.7 min
[1310/1646] regenerated stale contour for local_minimum_id=1309 in 26.097 s; ETA 102.4 min
[1311/1646] regenerated stale contour for local_minimum_id=1310 in 28.812 s; ETA 102.2 min
[1312/1646] regenerated stale contour for local_minimum_id=1311 in 24.636 s; ETA 101.9 min
[1313/1646] regenerated stale contour for local_minimum_id=1312 in 32.481 s; ETA 101.6 min
[1314/1646] regenerated stale contour for local_minimum_id=1313 in 32.752 s; ETA 101.4 min
[1315/1646] regenerated stale contour for local_minimum_id=1314 in 32.088 s; ETA 101.1 min
[1316/1646] regenerated stale contour for local_minimum_id=1315 in 30.148 s; ETA 100.9 min
[1317/1646] regenerated stale contour for local_minimum_id=1316 in 31.890 s; ETA 100.6 min
[1318/1646] regenerated stale contour for local_minimum_id=1317 in 26.516 s; ETA 100.4 min
[1319/1646] regenerated stale contour for local_minimum_id=1318 in 24.905 s; ETA 100.1 min
[1320/1646] regenerated stale contour for local_minimum_id=1319 in 28.678 s; ETA 99.8 min
[1321/1646] regenerated stale contour for local_minimum_id=1320 in 23.436 s; ETA 99.5 min
[1322/1646] regenerated stale contour for local_minimum_id=1321 in 25.997 s; ETA 99.3 min
[1323/1646] regenerated stale contour for local_minimum_id=1322 in 27.249 s; ETA 99.0 min
[1324/1646] regenerated stale contour for local_minimum_id=1323 in 27.158 s; ETA 98.7 min
[1325/1646] regenerated stale contour for local_minimum_id=1324 in 26.535 s; ETA 98.4 min
[1326/1646] regenerated stale contour for local_minimum_id=1325 in 30.713 s; ETA 98.2 min
[1327/1646] regenerated stale contour for local_minimum_id=1326 in 24.012 s; ETA 97.9 min
[1328/1646] regenerated stale contour for local_minimum_id=1327 in 27.540 s; ETA 97.6 min
[1329/1646] regenerated stale contour for local_minimum_id=1328 in 31.903 s; ETA 97.4 min
[1330/1646] regenerated stale contour for local_minimum_id=1329 in 27.129 s; ETA 97.1 min
[1331/1646] regenerated stale contour for local_minimum_id=1330 in 25.235 s; ETA 96.8 min
[1332/1646] regenerated stale contour for local_minimum_id=1331 in 32.866 s; ETA 96.6 min
[1333/1646] regenerated stale contour for local_minimum_id=1332 in 31.887 s; ETA 96.3 min
[1334/1646] regenerated stale contour for local_minimum_id=1333 in 32.941 s; ETA 96.1 min
[1335/1646] regenerated stale contour for local_minimum_id=1334 in 30.937 s; ETA 95.8 min
[1336/1646] regenerated stale contour for local_minimum_id=1335 in 17.315 s; ETA 95.5 min
[1337/1646] regenerated stale contour for local_minimum_id=1336 in 30.060 s; ETA 95.2 min
[1338/1646] regenerated stale contour for local_minimum_id=1337 in 32.551 s; ETA 95.0 min
[1339/1646] regenerated stale contour for local_minimum_id=1338 in 22.237 s; ETA 94.7 min
[1340/1646] regenerated stale contour for local_minimum_id=1339 in 31.509 s; ETA 94.4 min
[1341/1646] regenerated stale contour for local_minimum_id=1340 in 30.980 s; ETA 94.2 min
[1342/1646] regenerated stale contour for local_minimum_id=1341 in 29.669 s; ETA 93.9 min
[1343/1646] regenerated stale contour for local_minimum_id=1342 in 29.844 s; ETA 93.6 min
[1344/1646] regenerated stale contour for local_minimum_id=1343 in 28.882 s; ETA 93.4 min
[1345/1646] regenerated stale contour for local_minimum_id=1344 in 25.171 s; ETA 93.1 min
[1346/1646] regenerated stale contour for local_minimum_id=1345 in 29.155 s; ETA 92.8 min
[1347/1646] regenerated stale contour for local_minimum_id=1346 in 30.502 s; ETA 92.5 min
[1348/1646] regenerated stale contour for local_minimum_id=1347 in 32.424 s; ETA 92.3 min
[1349/1646] regenerated stale contour for local_minimum_id=1348 in 31.431 s; ETA 92.0 min
[1350/1646] regenerated stale contour for local_minimum_id=1349 in 33.779 s; ETA 91.8 min
[1351/1646] regenerated stale contour for local_minimum_id=1350 in 31.315 s; ETA 91.5 min
[1352/1646] regenerated stale contour for local_minimum_id=1351 in 28.118 s; ETA 91.2 min
[1353/1646] regenerated stale contour for local_minimum_id=1352 in 32.746 s; ETA 91.0 min
[1354/1646] regenerated stale contour for local_minimum_id=1353 in 32.511 s; ETA 90.7 min
[1355/1646] regenerated stale contour for local_minimum_id=1354 in 35.354 s; ETA 90.5 min
[1356/1646] regenerated stale contour for local_minimum_id=1355 in 25.962 s; ETA 90.2 min
[1357/1646] regenerated stale contour for local_minimum_id=1356 in 25.547 s; ETA 89.9 min
[1358/1646] regenerated stale contour for local_minimum_id=1357 in 32.620 s; ETA 89.6 min
[1359/1646] regenerated stale contour for local_minimum_id=1358 in 30.333 s; ETA 89.4 min
[1360/1646] regenerated stale contour for local_minimum_id=1359 in 33.317 s; ETA 89.1 min
[1361/1646] regenerated stale contour for local_minimum_id=1360 in 33.499 s; ETA 88.8 min
[1362/1646] regenerated stale contour for local_minimum_id=1361 in 33.499 s; ETA 88.6 min
[1363/1646] regenerated stale contour for local_minimum_id=1362 in 28.904 s; ETA 88.3 min
[1364/1646] regenerated stale contour for local_minimum_id=1363 in 26.166 s; ETA 88.0 min
[1365/1646] regenerated stale contour for local_minimum_id=1364 in 27.431 s; ETA 87.7 min
[1366/1646] regenerated stale contour for local_minimum_id=1365 in 26.761 s; ETA 87.4 min
[1367/1646] regenerated stale contour for local_minimum_id=1366 in 32.498 s; ETA 87.2 min
[1368/1646] regenerated stale contour for local_minimum_id=1367 in 32.842 s; ETA 86.9 min
[1369/1646] regenerated stale contour for local_minimum_id=1368 in 30.712 s; ETA 86.6 min
[1370/1646] regenerated stale contour for local_minimum_id=1369 in 27.324 s; ETA 86.4 min
[1371/1646] regenerated stale contour for local_minimum_id=1370 in 29.813 s; ETA 86.1 min
[1372/1646] regenerated stale contour for local_minimum_id=1371 in 28.519 s; ETA 85.8 min
[1373/1646] regenerated stale contour for local_minimum_id=1372 in 32.307 s; ETA 85.5 min
[1374/1646] regenerated stale contour for local_minimum_id=1373 in 19.760 s; ETA 85.2 min
[1375/1646] regenerated stale contour for local_minimum_id=1374 in 28.746 s; ETA 84.9 min
[1376/1646] regenerated stale contour for local_minimum_id=1375 in 25.075 s; ETA 84.6 min
[1377/1646] regenerated stale contour for local_minimum_id=1376 in 28.795 s; ETA 84.4 min
[1378/1646] regenerated stale contour for local_minimum_id=1377 in 25.138 s; ETA 84.1 min
[1379/1646] regenerated stale contour for local_minimum_id=1378 in 32.938 s; ETA 83.8 min
[1380/1646] regenerated stale contour for local_minimum_id=1379 in 22.209 s; ETA 83.5 min
[1381/1646] regenerated stale contour for local_minimum_id=1380 in 31.390 s; ETA 83.2 min
[1382/1646] regenerated stale contour for local_minimum_id=1381 in 29.112 s; ETA 82.9 min
[1383/1646] regenerated stale contour for local_minimum_id=1382 in 31.536 s; ETA 82.7 min
[1384/1646] regenerated stale contour for local_minimum_id=1383 in 32.748 s; ETA 82.4 min
[1385/1646] regenerated stale contour for local_minimum_id=1384 in 29.682 s; ETA 82.1 min
[1386/1646] regenerated stale contour for local_minimum_id=1385 in 27.100 s; ETA 81.8 min
[1387/1646] regenerated stale contour for local_minimum_id=1386 in 31.442 s; ETA 81.6 min
[1388/1646] regenerated stale contour for local_minimum_id=1387 in 27.822 s; ETA 81.3 min
[1389/1646] regenerated stale contour for local_minimum_id=1388 in 28.796 s; ETA 81.0 min
[1390/1646] regenerated stale contour for local_minimum_id=1389 in 33.263 s; ETA 80.7 min
[1391/1646] regenerated stale contour for local_minimum_id=1390 in 33.461 s; ETA 80.4 min
[1392/1646] regenerated stale contour for local_minimum_id=1391 in 33.185 s; ETA 80.2 min
[1393/1646] regenerated stale contour for local_minimum_id=1392 in 19.758 s; ETA 79.9 min
[1394/1646] regenerated stale contour for local_minimum_id=1393 in 34.445 s; ETA 79.6 min
[1395/1646] regenerated stale contour for local_minimum_id=1394 in 26.609 s; ETA 79.3 min
[1396/1646] regenerated stale contour for local_minimum_id=1395 in 30.867 s; ETA 79.0 min
[1397/1646] regenerated stale contour for local_minimum_id=1396 in 27.859 s; ETA 78.7 min
[1398/1646] regenerated stale contour for local_minimum_id=1397 in 30.710 s; ETA 78.4 min
[1399/1646] regenerated stale contour for local_minimum_id=1398 in 31.494 s; ETA 78.2 min
[1400/1646] regenerated stale contour for local_minimum_id=1399 in 27.741 s; ETA 77.9 min
[1401/1646] regenerated stale contour for local_minimum_id=1400 in 29.162 s; ETA 77.6 min
[1402/1646] regenerated stale contour for local_minimum_id=1401 in 22.189 s; ETA 77.3 min
[1403/1646] regenerated stale contour for local_minimum_id=1402 in 32.156 s; ETA 77.0 min
[1404/1646] regenerated stale contour for local_minimum_id=1403 in 31.398 s; ETA 76.7 min
[1405/1646] regenerated stale contour for local_minimum_id=1404 in 19.943 s; ETA 76.4 min
[1406/1646] regenerated stale contour for local_minimum_id=1405 in 31.394 s; ETA 76.1 min
[1407/1646] regenerated stale contour for local_minimum_id=1406 in 24.694 s; ETA 75.8 min
[1408/1646] regenerated stale contour for local_minimum_id=1407 in 27.649 s; ETA 75.5 min
[1409/1646] regenerated stale contour for local_minimum_id=1408 in 31.674 s; ETA 75.2 min
[1410/1646] regenerated stale contour for local_minimum_id=1409 in 17.752 s; ETA 74.9 min
[1411/1646] regenerated stale contour for local_minimum_id=1410 in 31.329 s; ETA 74.6 min
[1412/1646] regenerated stale contour for local_minimum_id=1411 in 31.016 s; ETA 74.4 min
[1413/1646] regenerated stale contour for local_minimum_id=1412 in 29.579 s; ETA 74.1 min
[1414/1646] regenerated stale contour for local_minimum_id=1413 in 32.001 s; ETA 73.8 min
[1415/1646] regenerated stale contour for local_minimum_id=1414 in 25.538 s; ETA 73.5 min
[1416/1646] regenerated stale contour for local_minimum_id=1415 in 28.510 s; ETA 73.2 min
[1417/1646] regenerated stale contour for local_minimum_id=1416 in 18.109 s; ETA 72.9 min
[1418/1646] regenerated stale contour for local_minimum_id=1417 in 33.374 s; ETA 72.6 min
[1419/1646] regenerated stale contour for local_minimum_id=1418 in 32.338 s; ETA 72.3 min
[1420/1646] regenerated stale contour for local_minimum_id=1419 in 30.099 s; ETA 72.0 min
[1421/1646] regenerated stale contour for local_minimum_id=1420 in 32.073 s; ETA 71.7 min
[1422/1646] regenerated stale contour for local_minimum_id=1421 in 34.063 s; ETA 71.5 min
[1423/1646] regenerated stale contour for local_minimum_id=1422 in 32.376 s; ETA 71.2 min
[1424/1646] regenerated stale contour for local_minimum_id=1423 in 19.916 s; ETA 70.9 min
[1425/1646] regenerated stale contour for local_minimum_id=1424 in 27.702 s; ETA 70.6 min
[1426/1646] regenerated stale contour for local_minimum_id=1425 in 30.150 s; ETA 70.3 min
[1427/1646] regenerated stale contour for local_minimum_id=1426 in 30.288 s; ETA 70.0 min
[1428/1646] regenerated stale contour for local_minimum_id=1427 in 30.216 s; ETA 69.7 min
[1429/1646] regenerated stale contour for local_minimum_id=1428 in 33.414 s; ETA 69.4 min
[1430/1646] regenerated stale contour for local_minimum_id=1429 in 24.671 s; ETA 69.1 min
[1431/1646] regenerated stale contour for local_minimum_id=1430 in 30.830 s; ETA 68.8 min
[1432/1646] regenerated stale contour for local_minimum_id=1431 in 29.090 s; ETA 68.5 min
[1433/1646] regenerated stale contour for local_minimum_id=1432 in 18.206 s; ETA 68.2 min
[1434/1646] regenerated stale contour for local_minimum_id=1433 in 15.218 s; ETA 67.9 min
[1435/1646] regenerated stale contour for local_minimum_id=1434 in 19.717 s; ETA 67.5 min
[1436/1646] regenerated stale contour for local_minimum_id=1435 in 18.536 s; ETA 67.2 min
[1437/1646] regenerated stale contour for local_minimum_id=1436 in 30.444 s; ETA 66.9 min
[1438/1646] regenerated stale contour for local_minimum_id=1437 in 31.427 s; ETA 66.6 min
[1439/1646] regenerated stale contour for local_minimum_id=1438 in 31.624 s; ETA 66.3 min
[1440/1646] regenerated stale contour for local_minimum_id=1439 in 28.647 s; ETA 66.0 min
[1441/1646] regenerated stale contour for local_minimum_id=1440 in 30.901 s; ETA 65.8 min
[1442/1646] regenerated stale contour for local_minimum_id=1441 in 32.217 s; ETA 65.5 min
[1443/1646] regenerated stale contour for local_minimum_id=1442 in 31.852 s; ETA 65.2 min
[1444/1646] regenerated stale contour for local_minimum_id=1443 in 27.444 s; ETA 64.9 min
[1445/1646] regenerated stale contour for local_minimum_id=1444 in 30.523 s; ETA 64.6 min
[1446/1646] regenerated stale contour for local_minimum_id=1445 in 24.539 s; ETA 64.3 min
[1447/1646] regenerated stale contour for local_minimum_id=1446 in 28.940 s; ETA 64.0 min
[1448/1646] regenerated stale contour for local_minimum_id=1447 in 15.810 s; ETA 63.6 min
[1449/1646] regenerated stale contour for local_minimum_id=1448 in 16.607 s; ETA 63.3 min
[1450/1646] regenerated stale contour for local_minimum_id=1449 in 30.482 s; ETA 63.0 min
[1451/1646] regenerated stale contour for local_minimum_id=1450 in 23.833 s; ETA 62.7 min
[1452/1646] regenerated stale contour for local_minimum_id=1451 in 30.242 s; ETA 62.4 min
[1453/1646] regenerated stale contour for local_minimum_id=1452 in 33.414 s; ETA 62.1 min
[1454/1646] regenerated stale contour for local_minimum_id=1453 in 23.797 s; ETA 61.8 min
[1455/1646] regenerated stale contour for local_minimum_id=1454 in 29.479 s; ETA 61.5 min
[1456/1646] regenerated stale contour for local_minimum_id=1455 in 32.843 s; ETA 61.2 min
[1457/1646] regenerated stale contour for local_minimum_id=1456 in 33.603 s; ETA 60.9 min
[1458/1646] regenerated stale contour for local_minimum_id=1457 in 30.750 s; ETA 60.6 min
[1459/1646] regenerated stale contour for local_minimum_id=1458 in 29.380 s; ETA 60.3 min
[1460/1646] regenerated stale contour for local_minimum_id=1459 in 17.124 s; ETA 60.0 min
[1461/1646] regenerated stale contour for local_minimum_id=1460 in 26.494 s; ETA 59.7 min
[1462/1646] regenerated stale contour for local_minimum_id=1461 in 29.452 s; ETA 59.4 min
[1463/1646] regenerated stale contour for local_minimum_id=1462 in 31.753 s; ETA 59.1 min
[1464/1646] regenerated stale contour for local_minimum_id=1463 in 32.913 s; ETA 58.8 min
[1465/1646] regenerated stale contour for local_minimum_id=1464 in 21.032 s; ETA 58.5 min
[1466/1646] regenerated stale contour for local_minimum_id=1465 in 29.855 s; ETA 58.2 min
[1467/1646] regenerated stale contour for local_minimum_id=1466 in 30.236 s; ETA 57.9 min
[1468/1646] regenerated stale contour for local_minimum_id=1467 in 27.713 s; ETA 57.6 min
[1469/1646] regenerated stale contour for local_minimum_id=1468 in 26.370 s; ETA 57.3 min
[1470/1646] regenerated stale contour for local_minimum_id=1469 in 28.884 s; ETA 56.9 min
[1471/1646] regenerated stale contour for local_minimum_id=1470 in 28.036 s; ETA 56.6 min
[1472/1646] regenerated stale contour for local_minimum_id=1471 in 29.814 s; ETA 56.3 min
[1473/1646] regenerated stale contour for local_minimum_id=1472 in 31.844 s; ETA 56.0 min
[1474/1646] regenerated stale contour for local_minimum_id=1473 in 29.404 s; ETA 55.7 min
[1475/1646] regenerated stale contour for local_minimum_id=1474 in 25.002 s; ETA 55.4 min
[1476/1646] regenerated stale contour for local_minimum_id=1475 in 33.164 s; ETA 55.1 min
[1477/1646] regenerated stale contour for local_minimum_id=1476 in 31.777 s; ETA 54.8 min
[1478/1646] regenerated stale contour for local_minimum_id=1477 in 32.682 s; ETA 54.5 min
[1479/1646] regenerated stale contour for local_minimum_id=1478 in 29.299 s; ETA 54.2 min
[1480/1646] regenerated stale contour for local_minimum_id=1479 in 32.057 s; ETA 53.9 min
[1481/1646] regenerated stale contour for local_minimum_id=1480 in 23.863 s; ETA 53.6 min
[1482/1646] regenerated stale contour for local_minimum_id=1481 in 27.501 s; ETA 53.3 min
[1483/1646] regenerated stale contour for local_minimum_id=1482 in 29.465 s; ETA 53.0 min
[1484/1646] regenerated stale contour for local_minimum_id=1483 in 31.849 s; ETA 52.7 min
[1485/1646] regenerated stale contour for local_minimum_id=1484 in 33.893 s; ETA 52.4 min
[1486/1646] regenerated stale contour for local_minimum_id=1485 in 31.313 s; ETA 52.1 min
[1487/1646] regenerated stale contour for local_minimum_id=1486 in 32.444 s; ETA 51.8 min
[1488/1646] regenerated stale contour for local_minimum_id=1487 in 30.608 s; ETA 51.5 min
[1489/1646] regenerated stale contour for local_minimum_id=1488 in 25.674 s; ETA 51.2 min
[1490/1646] regenerated stale contour for local_minimum_id=1489 in 32.930 s; ETA 50.9 min
[1491/1646] regenerated stale contour for local_minimum_id=1490 in 28.850 s; ETA 50.5 min
[1492/1646] regenerated stale contour for local_minimum_id=1491 in 30.873 s; ETA 50.2 min
[1493/1646] regenerated stale contour for local_minimum_id=1492 in 20.442 s; ETA 49.9 min
[1494/1646] regenerated stale contour for local_minimum_id=1493 in 27.477 s; ETA 49.6 min
[1495/1646] regenerated stale contour for local_minimum_id=1494 in 28.072 s; ETA 49.3 min
[1496/1646] regenerated stale contour for local_minimum_id=1495 in 18.882 s; ETA 49.0 min
[1497/1646] regenerated stale contour for local_minimum_id=1496 in 29.687 s; ETA 48.6 min
[1498/1646] regenerated stale contour for local_minimum_id=1497 in 26.555 s; ETA 48.3 min
[1499/1646] regenerated stale contour for local_minimum_id=1498 in 32.045 s; ETA 48.0 min
[1500/1646] regenerated stale contour for local_minimum_id=1499 in 18.639 s; ETA 47.7 min
[1501/1646] regenerated stale contour for local_minimum_id=1500 in 33.323 s; ETA 47.4 min
[1502/1646] regenerated stale contour for local_minimum_id=1501 in 33.639 s; ETA 47.1 min
[1503/1646] regenerated stale contour for local_minimum_id=1502 in 30.356 s; ETA 46.8 min
[1504/1646] regenerated stale contour for local_minimum_id=1503 in 29.912 s; ETA 46.5 min
[1505/1646] regenerated stale contour for local_minimum_id=1504 in 23.165 s; ETA 46.1 min
[1506/1646] regenerated stale contour for local_minimum_id=1505 in 28.836 s; ETA 45.8 min
[1507/1646] regenerated stale contour for local_minimum_id=1506 in 33.836 s; ETA 45.5 min
[1508/1646] regenerated stale contour for local_minimum_id=1507 in 31.770 s; ETA 45.2 min
[1509/1646] regenerated stale contour for local_minimum_id=1508 in 29.697 s; ETA 44.9 min
[1510/1646] regenerated stale contour for local_minimum_id=1509 in 32.479 s; ETA 44.6 min
[1511/1646] regenerated stale contour for local_minimum_id=1510 in 31.233 s; ETA 44.3 min
[1512/1646] regenerated stale contour for local_minimum_id=1511 in 33.344 s; ETA 44.0 min
[1513/1646] regenerated stale contour for local_minimum_id=1512 in 20.437 s; ETA 43.7 min
[1514/1646] regenerated stale contour for local_minimum_id=1513 in 32.825 s; ETA 43.3 min
[1515/1646] regenerated stale contour for local_minimum_id=1514 in 31.718 s; ETA 43.0 min
[1516/1646] regenerated stale contour for local_minimum_id=1515 in 18.941 s; ETA 42.7 min
[1517/1646] regenerated stale contour for local_minimum_id=1516 in 32.765 s; ETA 42.4 min
[1518/1646] regenerated stale contour for local_minimum_id=1517 in 15.714 s; ETA 42.1 min
[1519/1646] regenerated stale contour for local_minimum_id=1518 in 33.591 s; ETA 41.7 min
[1520/1646] regenerated stale contour for local_minimum_id=1519 in 26.439 s; ETA 41.4 min
[1521/1646] regenerated stale contour for local_minimum_id=1520 in 29.864 s; ETA 41.1 min
[1522/1646] regenerated stale contour for local_minimum_id=1521 in 19.136 s; ETA 40.8 min
[1523/1646] regenerated stale contour for local_minimum_id=1522 in 33.601 s; ETA 40.5 min
[1524/1646] regenerated stale contour for local_minimum_id=1523 in 33.069 s; ETA 40.2 min
[1525/1646] regenerated stale contour for local_minimum_id=1524 in 24.431 s; ETA 39.8 min
[1526/1646] regenerated stale contour for local_minimum_id=1525 in 24.279 s; ETA 39.5 min
[1527/1646] regenerated stale contour for local_minimum_id=1526 in 32.423 s; ETA 39.2 min
[1528/1646] regenerated stale contour for local_minimum_id=1527 in 23.186 s; ETA 38.9 min
[1529/1646] regenerated stale contour for local_minimum_id=1528 in 26.432 s; ETA 38.6 min
[1530/1646] regenerated stale contour for local_minimum_id=1529 in 31.332 s; ETA 38.2 min
[1531/1646] regenerated stale contour for local_minimum_id=1530 in 31.888 s; ETA 37.9 min
[1532/1646] regenerated stale contour for local_minimum_id=1531 in 32.958 s; ETA 37.6 min
[1533/1646] regenerated stale contour for local_minimum_id=1532 in 24.964 s; ETA 37.3 min
[1534/1646] regenerated stale contour for local_minimum_id=1533 in 26.625 s; ETA 37.0 min
[1535/1646] regenerated stale contour for local_minimum_id=1534 in 31.993 s; ETA 36.7 min
[1536/1646] regenerated stale contour for local_minimum_id=1535 in 31.063 s; ETA 36.3 min
[1537/1646] regenerated stale contour for local_minimum_id=1536 in 33.392 s; ETA 36.0 min
[1538/1646] regenerated stale contour for local_minimum_id=1537 in 26.683 s; ETA 35.7 min
[1539/1646] regenerated stale contour for local_minimum_id=1538 in 33.202 s; ETA 35.4 min
[1540/1646] regenerated stale contour for local_minimum_id=1539 in 31.467 s; ETA 35.1 min
[1541/1646] regenerated stale contour for local_minimum_id=1540 in 30.774 s; ETA 34.8 min
[1542/1646] regenerated stale contour for local_minimum_id=1541 in 17.170 s; ETA 34.4 min
[1543/1646] regenerated stale contour for local_minimum_id=1542 in 31.530 s; ETA 34.1 min
[1544/1646] regenerated stale contour for local_minimum_id=1543 in 31.058 s; ETA 33.8 min
[1545/1646] regenerated stale contour for local_minimum_id=1544 in 31.156 s; ETA 33.5 min
[1546/1646] regenerated stale contour for local_minimum_id=1545 in 18.058 s; ETA 33.1 min
[1547/1646] regenerated stale contour for local_minimum_id=1546 in 31.321 s; ETA 32.8 min
[1548/1646] regenerated stale contour for local_minimum_id=1547 in 26.860 s; ETA 32.5 min
[1549/1646] regenerated stale contour for local_minimum_id=1548 in 20.153 s; ETA 32.2 min
[1550/1646] regenerated stale contour for local_minimum_id=1549 in 28.289 s; ETA 31.8 min
[1551/1646] regenerated stale contour for local_minimum_id=1550 in 29.021 s; ETA 31.5 min
[1552/1646] regenerated stale contour for local_minimum_id=1551 in 33.662 s; ETA 31.2 min
[1553/1646] regenerated stale contour for local_minimum_id=1552 in 26.535 s; ETA 30.9 min
[1554/1646] regenerated stale contour for local_minimum_id=1553 in 33.077 s; ETA 30.5 min
[1555/1646] regenerated stale contour for local_minimum_id=1554 in 19.607 s; ETA 30.2 min
[1556/1646] regenerated stale contour for local_minimum_id=1555 in 33.171 s; ETA 29.9 min
[1557/1646] regenerated stale contour for local_minimum_id=1556 in 30.327 s; ETA 29.6 min
[1558/1646] regenerated stale contour for local_minimum_id=1557 in 31.381 s; ETA 29.3 min
[1559/1646] regenerated stale contour for local_minimum_id=1558 in 33.877 s; ETA 28.9 min
[1560/1646] regenerated stale contour for local_minimum_id=1559 in 29.396 s; ETA 28.6 min
[1561/1646] regenerated stale contour for local_minimum_id=1560 in 31.702 s; ETA 28.3 min
[1562/1646] regenerated stale contour for local_minimum_id=1561 in 31.697 s; ETA 28.0 min
[1563/1646] regenerated stale contour for local_minimum_id=1562 in 19.210 s; ETA 27.6 min
[1564/1646] regenerated stale contour for local_minimum_id=1563 in 31.802 s; ETA 27.3 min
[1565/1646] regenerated stale contour for local_minimum_id=1564 in 33.619 s; ETA 27.0 min
[1566/1646] regenerated stale contour for local_minimum_id=1565 in 29.528 s; ETA 26.7 min
[1567/1646] regenerated stale contour for local_minimum_id=1566 in 30.442 s; ETA 26.3 min
[1568/1646] regenerated stale contour for local_minimum_id=1567 in 31.619 s; ETA 26.0 min
[1569/1646] regenerated stale contour for local_minimum_id=1568 in 33.124 s; ETA 25.7 min
[1570/1646] regenerated stale contour for local_minimum_id=1569 in 30.411 s; ETA 25.4 min
[1571/1646] regenerated stale contour for local_minimum_id=1570 in 33.715 s; ETA 25.0 min
[1572/1646] regenerated stale contour for local_minimum_id=1571 in 33.768 s; ETA 24.7 min
[1573/1646] regenerated stale contour for local_minimum_id=1572 in 30.663 s; ETA 24.4 min
[1574/1646] regenerated stale contour for local_minimum_id=1573 in 30.972 s; ETA 24.1 min
[1575/1646] regenerated stale contour for local_minimum_id=1574 in 20.024 s; ETA 23.7 min
[1576/1646] regenerated stale contour for local_minimum_id=1575 in 32.394 s; ETA 23.4 min
[1577/1646] regenerated stale contour for local_minimum_id=1576 in 19.740 s; ETA 23.1 min
[1578/1646] regenerated stale contour for local_minimum_id=1577 in 29.809 s; ETA 22.7 min
[1579/1646] regenerated stale contour for local_minimum_id=1578 in 33.455 s; ETA 22.4 min
[1580/1646] regenerated stale contour for local_minimum_id=1579 in 31.436 s; ETA 22.1 min
[1581/1646] regenerated stale contour for local_minimum_id=1580 in 17.765 s; ETA 21.8 min
[1582/1646] regenerated stale contour for local_minimum_id=1581 in 30.936 s; ETA 21.4 min
[1583/1646] regenerated stale contour for local_minimum_id=1582 in 13.945 s; ETA 21.1 min
[1584/1646] regenerated stale contour for local_minimum_id=1583 in 13.433 s; ETA 20.8 min
[1585/1646] regenerated stale contour for local_minimum_id=1584 in 32.428 s; ETA 20.4 min
[1586/1646] regenerated stale contour for local_minimum_id=1585 in 25.105 s; ETA 20.1 min
[1587/1646] regenerated stale contour for local_minimum_id=1586 in 30.275 s; ETA 19.8 min
[1588/1646] regenerated stale contour for local_minimum_id=1587 in 18.359 s; ETA 19.4 min
[1589/1646] regenerated stale contour for local_minimum_id=1588 in 8.266 s; ETA 19.1 min
[1590/1646] regenerated stale contour for local_minimum_id=1589 in 16.827 s; ETA 18.8 min
[1591/1646] regenerated stale contour for local_minimum_id=1590 in 30.180 s; ETA 18.4 min
[1592/1646] regenerated stale contour for local_minimum_id=1591 in 19.741 s; ETA 18.1 min
[1593/1646] regenerated stale contour for local_minimum_id=1592 in 11.599 s; ETA 17.7 min
[1594/1646] regenerated stale contour for local_minimum_id=1593 in 17.695 s; ETA 17.4 min
[1595/1646] regenerated stale contour for local_minimum_id=1594 in 28.461 s; ETA 17.1 min
[1596/1646] regenerated stale contour for local_minimum_id=1595 in 19.070 s; ETA 16.7 min
[1597/1646] regenerated stale contour for local_minimum_id=1596 in 13.956 s; ETA 16.4 min
[1598/1646] regenerated stale contour for local_minimum_id=1597 in 18.596 s; ETA 16.1 min
[1599/1646] regenerated stale contour for local_minimum_id=1598 in 17.296 s; ETA 15.7 min
[1600/1646] regenerated stale contour for local_minimum_id=1599 in 18.204 s; ETA 15.4 min
[1601/1646] regenerated stale contour for local_minimum_id=1600 in 14.019 s; ETA 15.1 min
[1602/1646] regenerated stale contour for local_minimum_id=1601 in 18.382 s; ETA 14.7 min
[1603/1646] regenerated stale contour for local_minimum_id=1602 in 17.136 s; ETA 14.4 min
[1604/1646] regenerated stale contour for local_minimum_id=1603 in 16.142 s; ETA 14.1 min
[1605/1646] reused contour for local_minimum_id=1604 in 0.019 s; ETA 13.7 min
[1606/1646] regenerated stale contour for local_minimum_id=1605 in 28.979 s; ETA 13.4 min
[1607/1646] regenerated stale contour for local_minimum_id=1606 in 18.751 s; ETA 13.0 min
[1608/1646] regenerated stale contour for local_minimum_id=1607 in 16.846 s; ETA 12.7 min
[1609/1646] regenerated stale contour for local_minimum_id=1608 in 16.612 s; ETA 12.4 min
[1610/1646] regenerated stale contour for local_minimum_id=1609 in 30.122 s; ETA 12.0 min
[1611/1646] regenerated stale contour for local_minimum_id=1610 in 19.666 s; ETA 11.7 min
[1612/1646] regenerated stale contour for local_minimum_id=1611 in 19.345 s; ETA 11.4 min
[1613/1646] regenerated stale contour for local_minimum_id=1612 in 11.353 s; ETA 11.0 min
[1614/1646] regenerated stale contour for local_minimum_id=1613 in 18.337 s; ETA 10.7 min
[1615/1646] regenerated stale contour for local_minimum_id=1614 in 17.980 s; ETA 10.4 min
[1616/1646] regenerated stale contour for local_minimum_id=1615 in 11.784 s; ETA 10.0 min
[1617/1646] regenerated stale contour for local_minimum_id=1616 in 13.661 s; ETA 9.7 min
[1618/1646] regenerated stale contour for local_minimum_id=1617 in 10.136 s; ETA 9.4 min
[1619/1646] regenerated stale contour for local_minimum_id=1618 in 9.412 s; ETA 9.0 min
[1620/1646] regenerated stale contour for local_minimum_id=1619 in 15.849 s; ETA 8.7 min
[1621/1646] regenerated stale contour for local_minimum_id=1620 in 13.516 s; ETA 8.3 min
[1622/1646] regenerated stale contour for local_minimum_id=1621 in 12.494 s; ETA 8.0 min
[1623/1646] regenerated stale contour for local_minimum_id=1622 in 25.128 s; ETA 7.7 min
[1624/1646] regenerated stale contour for local_minimum_id=1623 in 11.703 s; ETA 7.3 min
[1625/1646] regenerated stale contour for local_minimum_id=1624 in 18.892 s; ETA 7.0 min
[1626/1646] regenerated stale contour for local_minimum_id=1625 in 21.615 s; ETA 6.7 min
[1627/1646] regenerated stale contour for local_minimum_id=1626 in 22.211 s; ETA 6.3 min
[1628/1646] regenerated stale contour for local_minimum_id=1627 in 22.594 s; ETA 6.0 min
[1629/1646] regenerated stale contour for local_minimum_id=1628 in 23.151 s; ETA 5.7 min
[1630/1646] regenerated stale contour for local_minimum_id=1629 in 23.349 s; ETA 5.3 min
[1631/1646] regenerated stale contour for local_minimum_id=1630 in 21.944 s; ETA 5.0 min
[1632/1646] regenerated stale contour for local_minimum_id=1631 in 5.741 s; ETA 4.7 min
[1633/1646] regenerated stale contour for local_minimum_id=1632 in 17.406 s; ETA 4.3 min
[1634/1646] regenerated stale contour for local_minimum_id=1633 in 21.888 s; ETA 4.0 min
[1635/1646] regenerated stale contour for local_minimum_id=1634 in 17.523 s; ETA 3.7 min
[1636/1646] regenerated stale contour for local_minimum_id=1635 in 18.042 s; ETA 3.3 min
[1637/1646] regenerated stale contour for local_minimum_id=1636 in 14.911 s; ETA 3.0 min
[1638/1646] regenerated stale contour for local_minimum_id=1637 in 12.801 s; ETA 2.7 min
[1639/1646] regenerated stale contour for local_minimum_id=1638 in 18.501 s; ETA 2.3 min
[1640/1646] regenerated stale contour for local_minimum_id=1639 in 12.068 s; ETA 2.0 min
[1641/1646] regenerated stale contour for local_minimum_id=1640 in 12.041 s; ETA 1.7 min
[1642/1646] regenerated stale contour for local_minimum_id=1641 in 12.325 s; ETA 1.3 min
[1643/1646] regenerated stale contour for local_minimum_id=1642 in 11.093 s; ETA 1.0 min
[1644/1646] regenerated stale contour for local_minimum_id=1643 in 11.817 s; ETA 0.7 min
[1645/1646] regenerated stale contour for local_minimum_id=1644 in 17.107 s; ETA 0.3 min
[1646/1646] regenerated stale contour for local_minimum_id=1645 in 16.397 s; ETA 0.0 min
Gradient one_minus_C_p_gamma pre-cluster contours (muon)
  source raw minima: Output\GradientPhaseSpaceScan\muon\Data\CPGAMMA\scan\local_minima.csv
  local minima loaded: 1646
  contours generated: 1645
  stale contours regenerated: 1645
  contours reused after validation: 1
  directions per minimum: 1536
  local-minimum contour settings: read from each minimum-owned contour file
  contour generation time: 32898.455 s
  per-minimum contour data: Output\GradientPhaseSpaceScan\muon\Data\CPGAMMA\contour\local_minima
  contour index: Output\GradientPhaseSpaceScan\muon\Data\CPGAMMA\contour\local_minimum_contour_index.csv
  ownership key: local_minimum_id from the raw local_minima.csv
========================================================================
Muon contour repair 3/3: CEGAMMA (one_minus_C_e_gamma)
========================================================================
[1/1177] regenerated stale contour for local_minimum_id=0 in 24.353 s; ETA 477.3 min
[2/1177] regenerated stale contour for local_minimum_id=1 in 16.069 s; ETA 395.8 min
[3/1177] regenerated stale contour for local_minimum_id=2 in 14.049 s; ETA 355.3 min
[4/1177] regenerated stale contour for local_minimum_id=3 in 17.405 s; ETA 351.3 min
[5/1177] regenerated stale contour for local_minimum_id=4 in 16.860 s; ETA 346.7 min
[6/1177] regenerated stale contour for local_minimum_id=5 in 18.269 s; ETA 348.1 min
[7/1177] regenerated stale contour for local_minimum_id=6 in 17.168 s; ETA 346.0 min
[8/1177] regenerated stale contour for local_minimum_id=7 in 15.900 s; ETA 341.2 min
[9/1177] regenerated stale contour for local_minimum_id=8 in 11.752 s; ETA 328.5 min
[10/1177] regenerated stale contour for local_minimum_id=9 in 16.912 s; ETA 328.3 min
[11/1177] regenerated stale contour for local_minimum_id=10 in 18.098 s; ETA 330.2 min
[12/1177] regenerated stale contour for local_minimum_id=11 in 25.734 s; ETA 344.0 min
[13/1177] regenerated stale contour for local_minimum_id=12 in 12.613 s; ETA 336.1 min
[14/1177] regenerated stale contour for local_minimum_id=13 in 10.368 s; ETA 326.2 min
[15/1177] regenerated stale contour for local_minimum_id=14 in 17.662 s; ETA 327.0 min
[16/1177] regenerated stale contour for local_minimum_id=15 in 12.416 s; ETA 321.3 min
[17/1177] regenerated stale contour for local_minimum_id=16 in 16.452 s; ETA 320.9 min
[18/1177] regenerated stale contour for local_minimum_id=17 in 25.169 s; ETA 329.8 min
[19/1177] regenerated stale contour for local_minimum_id=18 in 18.730 s; ETA 331.2 min
[20/1177] regenerated stale contour for local_minimum_id=19 in 28.406 s; ETA 341.8 min
[21/1177] regenerated stale contour for local_minimum_id=20 in 27.283 s; ETA 350.2 min
[22/1177] regenerated stale contour for local_minimum_id=21 in 24.916 s; ETA 355.8 min
[23/1177] regenerated stale contour for local_minimum_id=22 in 19.143 s; ETA 356.1 min
[24/1177] regenerated stale contour for local_minimum_id=23 in 25.139 s; ETA 361.1 min
[25/1177] regenerated stale contour for local_minimum_id=24 in 20.236 s; ETA 361.9 min
[26/1177] regenerated stale contour for local_minimum_id=25 in 18.197 s; ETA 361.1 min
[27/1177] regenerated stale contour for local_minimum_id=26 in 24.857 s; ETA 365.1 min
[28/1177] regenerated stale contour for local_minimum_id=27 in 18.007 s; ETA 364.0 min
[29/1177] regenerated stale contour for local_minimum_id=28 in 26.832 s; ETA 368.9 min
[30/1177] regenerated stale contour for local_minimum_id=29 in 25.505 s; ETA 372.5 min
[31/1177] regenerated stale contour for local_minimum_id=30 in 13.597 s; ETA 368.6 min
[32/1177] regenerated stale contour for local_minimum_id=31 in 29.149 s; ETA 374.1 min
[33/1177] regenerated stale contour for local_minimum_id=32 in 16.969 s; ETA 372.3 min
[34/1177] regenerated stale contour for local_minimum_id=33 in 17.997 s; ETA 371.1 min
[35/1177] regenerated stale contour for local_minimum_id=34 in 20.294 s; ETA 371.2 min
[36/1177] regenerated stale contour for local_minimum_id=35 in 19.876 s; ETA 371.1 min
[37/1177] regenerated stale contour for local_minimum_id=36 in 18.433 s; ETA 370.2 min
[38/1177] regenerated stale contour for local_minimum_id=37 in 26.059 s; ETA 373.2 min
[39/1177] regenerated stale contour for local_minimum_id=38 in 28.413 s; ETA 377.1 min
[40/1177] reused contour for local_minimum_id=39 in 0.031 s; ETA 367.4 min
[41/1177] reused contour for local_minimum_id=40 in 0.047 s; ETA 358.1 min
[42/1177] reused contour for local_minimum_id=41 in 0.022 s; ETA 349.3 min
[43/1177] reused contour for local_minimum_id=42 in 0.046 s; ETA 340.9 min
[44/1177] reused contour for local_minimum_id=43 in 0.032 s; ETA 332.9 min
[45/1177] reused contour for local_minimum_id=44 in 0.046 s; ETA 325.2 min
[46/1177] reused contour for local_minimum_id=45 in 0.043 s; ETA 317.9 min
[47/1177] reused contour for local_minimum_id=46 in 0.030 s; ETA 310.9 min
[48/1177] reused contour for local_minimum_id=47 in 0.027 s; ETA 304.1 min
[49/1177] reused contour for local_minimum_id=48 in 0.035 s; ETA 297.7 min
[50/1177] reused contour for local_minimum_id=49 in 0.026 s; ETA 291.5 min
[51/1177] reused contour for local_minimum_id=50 in 0.043 s; ETA 285.5 min
[52/1177] reused contour for local_minimum_id=51 in 0.042 s; ETA 279.8 min
[53/1177] reused contour for local_minimum_id=52 in 0.031 s; ETA 274.3 min
[54/1177] reused contour for local_minimum_id=53 in 0.025 s; ETA 269.0 min
[55/1177] reused contour for local_minimum_id=54 in 0.040 s; ETA 263.9 min
[56/1177] reused contour for local_minimum_id=55 in 0.043 s; ETA 258.9 min
[57/1177] reused contour for local_minimum_id=56 in 0.047 s; ETA 254.2 min
[58/1177] reused contour for local_minimum_id=57 in 0.043 s; ETA 249.6 min
[59/1177] reused contour for local_minimum_id=58 in 0.017 s; ETA 245.1 min
[60/1177] reused contour for local_minimum_id=59 in 0.036 s; ETA 240.9 min
[61/1177] reused contour for local_minimum_id=60 in 0.036 s; ETA 236.7 min
[62/1177] reused contour for local_minimum_id=61 in 0.038 s; ETA 232.7 min
[63/1177] reused contour for local_minimum_id=62 in 0.023 s; ETA 228.8 min
[64/1177] reused contour for local_minimum_id=63 in 0.031 s; ETA 225.0 min
[65/1177] reused contour for local_minimum_id=64 in 0.042 s; ETA 221.4 min
[66/1177] reused contour for local_minimum_id=65 in 0.031 s; ETA 217.8 min
[67/1177] reused contour for local_minimum_id=66 in 0.038 s; ETA 214.4 min
[68/1177] reused contour for local_minimum_id=67 in 0.047 s; ETA 211.1 min
[69/1177] reused contour for local_minimum_id=68 in 0.027 s; ETA 207.8 min
[70/1177] reused contour for local_minimum_id=69 in 0.047 s; ETA 204.7 min
[71/1177] reused contour for local_minimum_id=70 in 0.044 s; ETA 201.6 min
[72/1177] reused contour for local_minimum_id=71 in 0.020 s; ETA 198.7 min
[73/1177] reused contour for local_minimum_id=72 in 0.021 s; ETA 195.8 min
[74/1177] reused contour for local_minimum_id=73 in 0.033 s; ETA 193.0 min
[75/1177] reused contour for local_minimum_id=74 in 0.026 s; ETA 190.2 min
[76/1177] reused contour for local_minimum_id=75 in 0.025 s; ETA 187.6 min
[77/1177] reused contour for local_minimum_id=76 in 0.023 s; ETA 185.0 min
[78/1177] reused contour for local_minimum_id=77 in 0.016 s; ETA 182.4 min
[79/1177] reused contour for local_minimum_id=78 in 0.026 s; ETA 180.0 min
[80/1177] reused contour for local_minimum_id=79 in 0.016 s; ETA 177.6 min
[81/1177] reused contour for local_minimum_id=80 in 0.023 s; ETA 175.2 min
[82/1177] reused contour for local_minimum_id=81 in 0.020 s; ETA 172.9 min
[83/1177] reused contour for local_minimum_id=82 in 0.034 s; ETA 170.7 min
[84/1177] reused contour for local_minimum_id=83 in 0.024 s; ETA 168.5 min
[85/1177] reused contour for local_minimum_id=84 in 0.039 s; ETA 166.4 min
[86/1177] reused contour for local_minimum_id=85 in 0.044 s; ETA 164.3 min
[87/1177] reused contour for local_minimum_id=86 in 0.040 s; ETA 162.3 min
[88/1177] reused contour for local_minimum_id=87 in 0.024 s; ETA 160.3 min
[89/1177] reused contour for local_minimum_id=88 in 0.024 s; ETA 158.3 min
[90/1177] reused contour for local_minimum_id=89 in 0.033 s; ETA 156.5 min
[91/1177] reused contour for local_minimum_id=90 in 0.038 s; ETA 154.6 min
[92/1177] reused contour for local_minimum_id=91 in 0.039 s; ETA 152.8 min
[93/1177] reused contour for local_minimum_id=92 in 0.022 s; ETA 151.0 min
[94/1177] reused contour for local_minimum_id=93 in 0.035 s; ETA 149.3 min
[95/1177] reused contour for local_minimum_id=94 in 0.044 s; ETA 147.6 min
[96/1177] reused contour for local_minimum_id=95 in 0.039 s; ETA 145.9 min
[97/1177] reused contour for local_minimum_id=96 in 0.038 s; ETA 144.3 min
[98/1177] reused contour for local_minimum_id=97 in 0.025 s; ETA 142.7 min
[99/1177] reused contour for local_minimum_id=98 in 0.016 s; ETA 141.1 min
[100/1177] reused contour for local_minimum_id=99 in 0.038 s; ETA 139.6 min
[101/1177] reused contour for local_minimum_id=100 in 0.023 s; ETA 138.1 min
[102/1177] reused contour for local_minimum_id=101 in 0.016 s; ETA 136.6 min
[103/1177] reused contour for local_minimum_id=102 in 0.022 s; ETA 135.1 min
[104/1177] reused contour for local_minimum_id=103 in 0.039 s; ETA 133.7 min
[105/1177] reused contour for local_minimum_id=104 in 0.018 s; ETA 132.3 min
[106/1177] reused contour for local_minimum_id=105 in 0.045 s; ETA 131.0 min
[107/1177] reused contour for local_minimum_id=106 in 0.044 s; ETA 129.6 min
[108/1177] reused contour for local_minimum_id=107 in 0.021 s; ETA 128.3 min
[109/1177] reused contour for local_minimum_id=108 in 0.026 s; ETA 127.0 min
[110/1177] reused contour for local_minimum_id=109 in 0.040 s; ETA 125.8 min
[111/1177] reused contour for local_minimum_id=110 in 0.024 s; ETA 124.5 min
[112/1177] reused contour for local_minimum_id=111 in 0.038 s; ETA 123.3 min
[113/1177] reused contour for local_minimum_id=112 in 0.024 s; ETA 122.1 min
[114/1177] reused contour for local_minimum_id=113 in 0.022 s; ETA 120.9 min
[115/1177] reused contour for local_minimum_id=114 in 0.040 s; ETA 119.7 min
[116/1177] reused contour for local_minimum_id=115 in 0.040 s; ETA 118.6 min
[117/1177] reused contour for local_minimum_id=116 in 0.041 s; ETA 117.5 min
[118/1177] reused contour for local_minimum_id=117 in 0.038 s; ETA 116.4 min
[119/1177] reused contour for local_minimum_id=118 in 0.017 s; ETA 115.3 min
[120/1177] reused contour for local_minimum_id=119 in 0.024 s; ETA 114.2 min
[121/1177] reused contour for local_minimum_id=120 in 0.023 s; ETA 113.2 min
[122/1177] reused contour for local_minimum_id=121 in 0.025 s; ETA 112.2 min
[123/1177] reused contour for local_minimum_id=122 in 0.037 s; ETA 111.2 min
[124/1177] reused contour for local_minimum_id=123 in 0.017 s; ETA 110.2 min
[125/1177] reused contour for local_minimum_id=124 in 0.021 s; ETA 109.2 min
[126/1177] reused contour for local_minimum_id=125 in 0.038 s; ETA 108.2 min
[127/1177] reused contour for local_minimum_id=126 in 0.024 s; ETA 107.3 min
[128/1177] reused contour for local_minimum_id=127 in 0.023 s; ETA 106.3 min
[129/1177] reused contour for local_minimum_id=128 in 0.038 s; ETA 105.4 min
[130/1177] reused contour for local_minimum_id=129 in 0.023 s; ETA 104.5 min
[131/1177] reused contour for local_minimum_id=130 in 0.021 s; ETA 103.6 min
[132/1177] reused contour for local_minimum_id=131 in 0.037 s; ETA 102.7 min
[133/1177] reused contour for local_minimum_id=132 in 0.039 s; ETA 101.9 min
[134/1177] reused contour for local_minimum_id=133 in 0.040 s; ETA 101.0 min
[135/1177] reused contour for local_minimum_id=134 in 0.038 s; ETA 100.2 min
[136/1177] reused contour for local_minimum_id=135 in 0.039 s; ETA 99.3 min
[137/1177] reused contour for local_minimum_id=136 in 0.023 s; ETA 98.5 min
[138/1177] reused contour for local_minimum_id=137 in 0.038 s; ETA 97.7 min
[139/1177] reused contour for local_minimum_id=138 in 0.022 s; ETA 96.9 min
[140/1177] reused contour for local_minimum_id=139 in 0.036 s; ETA 96.1 min
[141/1177] reused contour for local_minimum_id=140 in 0.016 s; ETA 95.4 min
[142/1177] reused contour for local_minimum_id=141 in 0.023 s; ETA 94.6 min
[143/1177] reused contour for local_minimum_id=142 in 0.023 s; ETA 93.9 min
[144/1177] reused contour for local_minimum_id=143 in 0.024 s; ETA 93.1 min
[145/1177] reused contour for local_minimum_id=144 in 0.023 s; ETA 92.4 min
[146/1177] reused contour for local_minimum_id=145 in 0.022 s; ETA 91.7 min
[147/1177] reused contour for local_minimum_id=146 in 0.038 s; ETA 91.0 min
[148/1177] reused contour for local_minimum_id=147 in 0.041 s; ETA 90.3 min
[149/1177] reused contour for local_minimum_id=148 in 0.026 s; ETA 89.6 min
[150/1177] reused contour for local_minimum_id=149 in 0.046 s; ETA 88.9 min
[151/1177] reused contour for local_minimum_id=150 in 0.054 s; ETA 88.2 min
[152/1177] reused contour for local_minimum_id=151 in 0.047 s; ETA 87.6 min
[153/1177] reused contour for local_minimum_id=152 in 0.048 s; ETA 86.9 min
[154/1177] reused contour for local_minimum_id=153 in 0.042 s; ETA 86.3 min
[155/1177] reused contour for local_minimum_id=154 in 0.017 s; ETA 85.6 min
[156/1177] reused contour for local_minimum_id=155 in 0.040 s; ETA 85.0 min
[157/1177] reused contour for local_minimum_id=156 in 0.038 s; ETA 84.4 min
[158/1177] reused contour for local_minimum_id=157 in 0.041 s; ETA 83.8 min
[159/1177] reused contour for local_minimum_id=158 in 0.038 s; ETA 83.2 min
[160/1177] reused contour for local_minimum_id=159 in 0.036 s; ETA 82.6 min
[161/1177] reused contour for local_minimum_id=160 in 0.016 s; ETA 82.0 min
[162/1177] reused contour for local_minimum_id=161 in 0.038 s; ETA 81.4 min
[163/1177] reused contour for local_minimum_id=162 in 0.023 s; ETA 80.8 min
[164/1177] reused contour for local_minimum_id=163 in 0.038 s; ETA 80.3 min
[165/1177] reused contour for local_minimum_id=164 in 0.028 s; ETA 79.7 min
[166/1177] reused contour for local_minimum_id=165 in 0.016 s; ETA 79.1 min
[167/1177] reused contour for local_minimum_id=166 in 0.035 s; ETA 78.6 min
[168/1177] reused contour for local_minimum_id=167 in 0.040 s; ETA 78.1 min
[169/1177] reused contour for local_minimum_id=168 in 0.018 s; ETA 77.5 min
[170/1177] reused contour for local_minimum_id=169 in 0.022 s; ETA 77.0 min
[171/1177] reused contour for local_minimum_id=170 in 0.037 s; ETA 76.5 min
[172/1177] reused contour for local_minimum_id=171 in 0.038 s; ETA 76.0 min
[173/1177] reused contour for local_minimum_id=172 in 0.038 s; ETA 75.4 min
[174/1177] reused contour for local_minimum_id=173 in 0.039 s; ETA 74.9 min
[175/1177] reused contour for local_minimum_id=174 in 0.039 s; ETA 74.4 min
[176/1177] reused contour for local_minimum_id=175 in 0.041 s; ETA 73.9 min
[177/1177] reused contour for local_minimum_id=176 in 0.042 s; ETA 73.5 min
[178/1177] reused contour for local_minimum_id=177 in 0.040 s; ETA 73.0 min
[179/1177] reused contour for local_minimum_id=178 in 0.038 s; ETA 72.5 min
[180/1177] reused contour for local_minimum_id=179 in 0.046 s; ETA 72.0 min
[181/1177] reused contour for local_minimum_id=180 in 0.047 s; ETA 71.6 min
[182/1177] reused contour for local_minimum_id=181 in 0.048 s; ETA 71.1 min
[183/1177] reused contour for local_minimum_id=182 in 0.046 s; ETA 70.6 min
[184/1177] reused contour for local_minimum_id=183 in 0.040 s; ETA 70.2 min
[185/1177] reused contour for local_minimum_id=184 in 0.019 s; ETA 69.8 min
[186/1177] reused contour for local_minimum_id=185 in 0.036 s; ETA 69.3 min
[187/1177] reused contour for local_minimum_id=186 in 0.018 s; ETA 68.9 min
[188/1177] reused contour for local_minimum_id=187 in 0.036 s; ETA 68.4 min
[189/1177] reused contour for local_minimum_id=188 in 0.039 s; ETA 68.0 min
[190/1177] reused contour for local_minimum_id=189 in 0.037 s; ETA 67.6 min
[191/1177] reused contour for local_minimum_id=190 in 0.023 s; ETA 67.2 min
[192/1177] reused contour for local_minimum_id=191 in 0.030 s; ETA 66.8 min
[193/1177] reused contour for local_minimum_id=192 in 0.039 s; ETA 66.3 min
[194/1177] reused contour for local_minimum_id=193 in 0.038 s; ETA 65.9 min
[195/1177] reused contour for local_minimum_id=194 in 0.038 s; ETA 65.5 min
[196/1177] reused contour for local_minimum_id=195 in 0.039 s; ETA 65.1 min
[197/1177] reused contour for local_minimum_id=196 in 0.037 s; ETA 64.7 min
[198/1177] reused contour for local_minimum_id=197 in 0.040 s; ETA 64.4 min
[199/1177] reused contour for local_minimum_id=198 in 0.026 s; ETA 64.0 min
[200/1177] reused contour for local_minimum_id=199 in 0.021 s; ETA 63.6 min
[201/1177] reused contour for local_minimum_id=200 in 0.038 s; ETA 63.2 min
[202/1177] reused contour for local_minimum_id=201 in 0.041 s; ETA 62.8 min
[203/1177] reused contour for local_minimum_id=202 in 0.039 s; ETA 62.5 min
[204/1177] reused contour for local_minimum_id=203 in 0.039 s; ETA 62.1 min
[205/1177] reused contour for local_minimum_id=204 in 0.041 s; ETA 61.7 min
[206/1177] reused contour for local_minimum_id=205 in 0.038 s; ETA 61.4 min
[207/1177] reused contour for local_minimum_id=206 in 0.016 s; ETA 61.0 min
[208/1177] reused contour for local_minimum_id=207 in 0.040 s; ETA 60.7 min
[209/1177] reused contour for local_minimum_id=208 in 0.043 s; ETA 60.3 min
[210/1177] reused contour for local_minimum_id=209 in 0.037 s; ETA 60.0 min
[211/1177] reused contour for local_minimum_id=210 in 0.025 s; ETA 59.6 min
[212/1177] reused contour for local_minimum_id=211 in 0.038 s; ETA 59.3 min
[213/1177] reused contour for local_minimum_id=212 in 0.043 s; ETA 58.9 min
[214/1177] reused contour for local_minimum_id=213 in 0.038 s; ETA 58.6 min
[215/1177] reused contour for local_minimum_id=214 in 0.039 s; ETA 58.3 min
[216/1177] reused contour for local_minimum_id=215 in 0.040 s; ETA 58.0 min
[217/1177] reused contour for local_minimum_id=216 in 0.045 s; ETA 57.6 min
[218/1177] reused contour for local_minimum_id=217 in 0.048 s; ETA 57.3 min
[219/1177] reused contour for local_minimum_id=218 in 0.030 s; ETA 57.0 min
[220/1177] reused contour for local_minimum_id=219 in 0.028 s; ETA 56.7 min
[221/1177] reused contour for local_minimum_id=220 in 0.046 s; ETA 56.4 min
[222/1177] reused contour for local_minimum_id=221 in 0.028 s; ETA 56.1 min
[223/1177] reused contour for local_minimum_id=222 in 0.022 s; ETA 55.7 min
[224/1177] reused contour for local_minimum_id=223 in 0.023 s; ETA 55.4 min
[225/1177] reused contour for local_minimum_id=224 in 0.038 s; ETA 55.1 min
[226/1177] reused contour for local_minimum_id=225 in 0.026 s; ETA 54.8 min
[227/1177] reused contour for local_minimum_id=226 in 0.037 s; ETA 54.5 min
[228/1177] reused contour for local_minimum_id=227 in 0.053 s; ETA 54.3 min
[229/1177] reused contour for local_minimum_id=228 in 0.041 s; ETA 54.0 min
[230/1177] reused contour for local_minimum_id=229 in 0.040 s; ETA 53.7 min
[231/1177] reused contour for local_minimum_id=230 in 0.039 s; ETA 53.4 min
[232/1177] reused contour for local_minimum_id=231 in 0.041 s; ETA 53.1 min
[233/1177] reused contour for local_minimum_id=232 in 0.041 s; ETA 52.8 min
[234/1177] reused contour for local_minimum_id=233 in 0.039 s; ETA 52.5 min
[235/1177] reused contour for local_minimum_id=234 in 0.026 s; ETA 52.3 min
[236/1177] reused contour for local_minimum_id=235 in 0.037 s; ETA 52.0 min
[237/1177] reused contour for local_minimum_id=236 in 0.038 s; ETA 51.7 min
[238/1177] reused contour for local_minimum_id=237 in 0.039 s; ETA 51.5 min
[239/1177] reused contour for local_minimum_id=238 in 0.037 s; ETA 51.2 min
[240/1177] reused contour for local_minimum_id=239 in 0.024 s; ETA 50.9 min
[241/1177] reused contour for local_minimum_id=240 in 0.037 s; ETA 50.7 min
[242/1177] reused contour for local_minimum_id=241 in 0.037 s; ETA 50.4 min
[243/1177] reused contour for local_minimum_id=242 in 0.038 s; ETA 50.1 min
[244/1177] reused contour for local_minimum_id=243 in 0.039 s; ETA 49.9 min
[245/1177] reused contour for local_minimum_id=244 in 0.035 s; ETA 49.6 min
[246/1177] reused contour for local_minimum_id=245 in 0.038 s; ETA 49.4 min
[247/1177] reused contour for local_minimum_id=246 in 0.039 s; ETA 49.1 min
[248/1177] reused contour for local_minimum_id=247 in 0.045 s; ETA 48.9 min
[249/1177] reused contour for local_minimum_id=248 in 0.051 s; ETA 48.6 min
[250/1177] reused contour for local_minimum_id=249 in 0.043 s; ETA 48.4 min
[251/1177] reused contour for local_minimum_id=250 in 0.046 s; ETA 48.1 min
[252/1177] reused contour for local_minimum_id=251 in 0.048 s; ETA 47.9 min
[253/1177] reused contour for local_minimum_id=252 in 0.038 s; ETA 47.7 min
[254/1177] reused contour for local_minimum_id=253 in 0.027 s; ETA 47.4 min
[255/1177] reused contour for local_minimum_id=254 in 0.040 s; ETA 47.2 min
[256/1177] reused contour for local_minimum_id=255 in 0.041 s; ETA 47.0 min
[257/1177] reused contour for local_minimum_id=256 in 0.039 s; ETA 46.7 min
[258/1177] reused contour for local_minimum_id=257 in 0.043 s; ETA 46.5 min
[259/1177] reused contour for local_minimum_id=258 in 0.030 s; ETA 46.3 min
[260/1177] reused contour for local_minimum_id=259 in 0.039 s; ETA 46.0 min
[261/1177] reused contour for local_minimum_id=260 in 0.038 s; ETA 45.8 min
[262/1177] reused contour for local_minimum_id=261 in 0.025 s; ETA 45.6 min
[263/1177] reused contour for local_minimum_id=262 in 0.035 s; ETA 45.4 min
[264/1177] reused contour for local_minimum_id=263 in 0.041 s; ETA 45.2 min
[265/1177] reused contour for local_minimum_id=264 in 0.038 s; ETA 44.9 min
[266/1177] reused contour for local_minimum_id=265 in 0.039 s; ETA 44.7 min
[267/1177] reused contour for local_minimum_id=266 in 0.017 s; ETA 44.5 min
[268/1177] reused contour for local_minimum_id=267 in 0.022 s; ETA 44.3 min
[269/1177] reused contour for local_minimum_id=268 in 0.038 s; ETA 44.1 min
[270/1177] reused contour for local_minimum_id=269 in 0.027 s; ETA 43.9 min
[271/1177] reused contour for local_minimum_id=270 in 0.037 s; ETA 43.7 min
[272/1177] reused contour for local_minimum_id=271 in 0.039 s; ETA 43.5 min
[273/1177] reused contour for local_minimum_id=272 in 0.033 s; ETA 43.3 min
[274/1177] reused contour for local_minimum_id=273 in 0.038 s; ETA 43.1 min
[275/1177] reused contour for local_minimum_id=274 in 0.039 s; ETA 42.9 min
[276/1177] reused contour for local_minimum_id=275 in 0.040 s; ETA 42.7 min
[277/1177] reused contour for local_minimum_id=276 in 0.039 s; ETA 42.5 min
[278/1177] reused contour for local_minimum_id=277 in 0.037 s; ETA 42.3 min
[279/1177] reused contour for local_minimum_id=278 in 0.041 s; ETA 42.1 min
[280/1177] reused contour for local_minimum_id=279 in 0.028 s; ETA 41.9 min
[281/1177] reused contour for local_minimum_id=280 in 0.036 s; ETA 41.7 min
[282/1177] reused contour for local_minimum_id=281 in 0.043 s; ETA 41.5 min
[283/1177] reused contour for local_minimum_id=282 in 0.049 s; ETA 41.3 min
[284/1177] reused contour for local_minimum_id=283 in 0.029 s; ETA 41.1 min
[285/1177] reused contour for local_minimum_id=284 in 0.046 s; ETA 40.9 min
[286/1177] reused contour for local_minimum_id=285 in 0.299 s; ETA 40.7 min
[287/1177] reused contour for local_minimum_id=286 in 0.038 s; ETA 40.6 min
[288/1177] reused contour for local_minimum_id=287 in 0.040 s; ETA 40.4 min
[289/1177] reused contour for local_minimum_id=288 in 0.039 s; ETA 40.2 min
[290/1177] reused contour for local_minimum_id=289 in 0.017 s; ETA 40.0 min
[291/1177] reused contour for local_minimum_id=290 in 0.022 s; ETA 39.8 min
[292/1177] reused contour for local_minimum_id=291 in 0.039 s; ETA 39.6 min
[293/1177] reused contour for local_minimum_id=292 in 0.040 s; ETA 39.5 min
[294/1177] reused contour for local_minimum_id=293 in 0.039 s; ETA 39.3 min
[295/1177] reused contour for local_minimum_id=294 in 0.032 s; ETA 39.1 min
[296/1177] reused contour for local_minimum_id=295 in 0.038 s; ETA 38.9 min
[297/1177] reused contour for local_minimum_id=296 in 0.042 s; ETA 38.8 min
[298/1177] reused contour for local_minimum_id=297 in 0.041 s; ETA 38.6 min
[299/1177] reused contour for local_minimum_id=298 in 0.015 s; ETA 38.4 min
[300/1177] reused contour for local_minimum_id=299 in 0.035 s; ETA 38.3 min
[301/1177] reused contour for local_minimum_id=300 in 0.041 s; ETA 38.1 min
[302/1177] reused contour for local_minimum_id=301 in 0.024 s; ETA 37.9 min
[303/1177] reused contour for local_minimum_id=302 in 0.037 s; ETA 37.8 min
[304/1177] reused contour for local_minimum_id=303 in 0.024 s; ETA 37.6 min
[305/1177] reused contour for local_minimum_id=304 in 0.018 s; ETA 37.4 min
[306/1177] reused contour for local_minimum_id=305 in 0.036 s; ETA 37.3 min
[307/1177] reused contour for local_minimum_id=306 in 0.045 s; ETA 37.1 min
[308/1177] reused contour for local_minimum_id=307 in 0.047 s; ETA 36.9 min
[309/1177] reused contour for local_minimum_id=308 in 0.050 s; ETA 36.8 min
[310/1177] reused contour for local_minimum_id=309 in 0.029 s; ETA 36.6 min
[311/1177] reused contour for local_minimum_id=310 in 0.042 s; ETA 36.5 min
[312/1177] reused contour for local_minimum_id=311 in 0.043 s; ETA 36.3 min
[313/1177] reused contour for local_minimum_id=312 in 0.034 s; ETA 36.1 min
[314/1177] reused contour for local_minimum_id=313 in 0.031 s; ETA 36.0 min
[315/1177] reused contour for local_minimum_id=314 in 0.037 s; ETA 35.8 min
[316/1177] reused contour for local_minimum_id=315 in 0.040 s; ETA 35.7 min
[317/1177] reused contour for local_minimum_id=316 in 0.039 s; ETA 35.5 min
[318/1177] reused contour for local_minimum_id=317 in 0.039 s; ETA 35.4 min
[319/1177] reused contour for local_minimum_id=318 in 0.025 s; ETA 35.2 min
[320/1177] reused contour for local_minimum_id=319 in 0.040 s; ETA 35.1 min
[321/1177] reused contour for local_minimum_id=320 in 0.039 s; ETA 34.9 min
[322/1177] reused contour for local_minimum_id=321 in 0.019 s; ETA 34.8 min
[323/1177] reused contour for local_minimum_id=322 in 0.036 s; ETA 34.6 min
[324/1177] reused contour for local_minimum_id=323 in 0.041 s; ETA 34.5 min
[325/1177] reused contour for local_minimum_id=324 in 0.038 s; ETA 34.3 min
[326/1177] reused contour for local_minimum_id=325 in 0.026 s; ETA 34.2 min
[327/1177] reused contour for local_minimum_id=326 in 0.037 s; ETA 34.1 min
[328/1177] reused contour for local_minimum_id=327 in 0.038 s; ETA 33.9 min
[329/1177] reused contour for local_minimum_id=328 in 0.039 s; ETA 33.8 min
[330/1177] reused contour for local_minimum_id=329 in 0.039 s; ETA 33.6 min
[331/1177] reused contour for local_minimum_id=330 in 0.039 s; ETA 33.5 min
[332/1177] reused contour for local_minimum_id=331 in 0.038 s; ETA 33.4 min
[333/1177] reused contour for local_minimum_id=332 in 0.038 s; ETA 33.2 min
[334/1177] reused contour for local_minimum_id=333 in 0.039 s; ETA 33.1 min
[335/1177] reused contour for local_minimum_id=334 in 0.026 s; ETA 32.9 min
[336/1177] reused contour for local_minimum_id=335 in 0.036 s; ETA 32.8 min
[337/1177] reused contour for local_minimum_id=336 in 0.046 s; ETA 32.7 min
[338/1177] reused contour for local_minimum_id=337 in 0.047 s; ETA 32.5 min
[339/1177] reused contour for local_minimum_id=338 in 0.049 s; ETA 32.4 min
[340/1177] reused contour for local_minimum_id=339 in 0.046 s; ETA 32.3 min
[341/1177] reused contour for local_minimum_id=340 in 0.040 s; ETA 32.1 min
[342/1177] reused contour for local_minimum_id=341 in 0.030 s; ETA 32.0 min
[343/1177] reused contour for local_minimum_id=342 in 0.042 s; ETA 31.9 min
[344/1177] reused contour for local_minimum_id=343 in 0.039 s; ETA 31.8 min
[345/1177] reused contour for local_minimum_id=344 in 0.040 s; ETA 31.6 min
[346/1177] reused contour for local_minimum_id=345 in 0.024 s; ETA 31.5 min
[347/1177] reused contour for local_minimum_id=346 in 0.038 s; ETA 31.4 min
[348/1177] reused contour for local_minimum_id=347 in 0.040 s; ETA 31.2 min
[349/1177] reused contour for local_minimum_id=348 in 0.039 s; ETA 31.1 min
[350/1177] reused contour for local_minimum_id=349 in 0.024 s; ETA 31.0 min
[351/1177] reused contour for local_minimum_id=350 in 0.043 s; ETA 30.9 min
[352/1177] reused contour for local_minimum_id=351 in 0.031 s; ETA 30.7 min
[353/1177] reused contour for local_minimum_id=352 in 0.037 s; ETA 30.6 min
[354/1177] reused contour for local_minimum_id=353 in 0.031 s; ETA 30.5 min
[355/1177] reused contour for local_minimum_id=354 in 0.028 s; ETA 30.4 min
[356/1177] reused contour for local_minimum_id=355 in 0.024 s; ETA 30.3 min
[357/1177] reused contour for local_minimum_id=356 in 0.037 s; ETA 30.1 min
[358/1177] reused contour for local_minimum_id=357 in 0.033 s; ETA 30.0 min
[359/1177] reused contour for local_minimum_id=358 in 0.038 s; ETA 29.9 min
[360/1177] reused contour for local_minimum_id=359 in 0.025 s; ETA 29.8 min
[361/1177] reused contour for local_minimum_id=360 in 0.039 s; ETA 29.7 min
[362/1177] reused contour for local_minimum_id=361 in 0.021 s; ETA 29.5 min
[363/1177] reused contour for local_minimum_id=362 in 0.037 s; ETA 29.4 min
[364/1177] reused contour for local_minimum_id=363 in 0.034 s; ETA 29.3 min
[365/1177] reused contour for local_minimum_id=364 in 0.039 s; ETA 29.2 min
[366/1177] reused contour for local_minimum_id=365 in 0.030 s; ETA 29.1 min
[367/1177] reused contour for local_minimum_id=366 in 0.040 s; ETA 29.0 min
[368/1177] reused contour for local_minimum_id=367 in 0.027 s; ETA 28.9 min
[369/1177] reused contour for local_minimum_id=368 in 0.049 s; ETA 28.7 min
[370/1177] reused contour for local_minimum_id=369 in 0.050 s; ETA 28.6 min
[371/1177] reused contour for local_minimum_id=370 in 0.032 s; ETA 28.5 min
[372/1177] reused contour for local_minimum_id=371 in 0.043 s; ETA 28.4 min
[373/1177] reused contour for local_minimum_id=372 in 0.043 s; ETA 28.3 min
[374/1177] reused contour for local_minimum_id=373 in 0.036 s; ETA 28.2 min
[375/1177] reused contour for local_minimum_id=374 in 0.040 s; ETA 28.1 min
[376/1177] reused contour for local_minimum_id=375 in 0.039 s; ETA 28.0 min
[377/1177] reused contour for local_minimum_id=376 in 0.037 s; ETA 27.9 min
[378/1177] reused contour for local_minimum_id=377 in 0.038 s; ETA 27.8 min
[379/1177] reused contour for local_minimum_id=378 in 0.042 s; ETA 27.7 min
[380/1177] reused contour for local_minimum_id=379 in 0.024 s; ETA 27.6 min
[381/1177] reused contour for local_minimum_id=380 in 0.031 s; ETA 27.4 min
[382/1177] reused contour for local_minimum_id=381 in 0.039 s; ETA 27.3 min
[383/1177] reused contour for local_minimum_id=382 in 0.038 s; ETA 27.2 min
[384/1177] reused contour for local_minimum_id=383 in 0.034 s; ETA 27.1 min
[385/1177] reused contour for local_minimum_id=384 in 0.040 s; ETA 27.0 min
[386/1177] reused contour for local_minimum_id=385 in 0.025 s; ETA 26.9 min
[387/1177] reused contour for local_minimum_id=386 in 0.035 s; ETA 26.8 min
[388/1177] reused contour for local_minimum_id=387 in 0.042 s; ETA 26.7 min
[389/1177] reused contour for local_minimum_id=388 in 0.040 s; ETA 26.6 min
[390/1177] reused contour for local_minimum_id=389 in 0.039 s; ETA 26.5 min
[391/1177] reused contour for local_minimum_id=390 in 0.039 s; ETA 26.4 min
[392/1177] reused contour for local_minimum_id=391 in 0.040 s; ETA 26.3 min
[393/1177] reused contour for local_minimum_id=392 in 0.040 s; ETA 26.2 min
[394/1177] reused contour for local_minimum_id=393 in 0.029 s; ETA 26.1 min
[395/1177] reused contour for local_minimum_id=394 in 0.037 s; ETA 26.0 min
[396/1177] reused contour for local_minimum_id=395 in 0.038 s; ETA 25.9 min
[397/1177] reused contour for local_minimum_id=396 in 0.038 s; ETA 25.8 min
[398/1177] reused contour for local_minimum_id=397 in 0.037 s; ETA 25.7 min
[399/1177] reused contour for local_minimum_id=398 in 0.039 s; ETA 25.6 min
[400/1177] reused contour for local_minimum_id=399 in 0.040 s; ETA 25.5 min
[401/1177] reused contour for local_minimum_id=400 in 0.040 s; ETA 25.4 min
[402/1177] reused contour for local_minimum_id=401 in 0.023 s; ETA 25.4 min
[403/1177] reused contour for local_minimum_id=402 in 0.024 s; ETA 25.3 min
[404/1177] reused contour for local_minimum_id=403 in 0.039 s; ETA 25.2 min
[405/1177] reused contour for local_minimum_id=404 in 0.042 s; ETA 25.1 min
[406/1177] reused contour for local_minimum_id=405 in 0.044 s; ETA 25.0 min
[407/1177] reused contour for local_minimum_id=406 in 0.041 s; ETA 24.9 min
[408/1177] reused contour for local_minimum_id=407 in 0.046 s; ETA 24.8 min
[409/1177] reused contour for local_minimum_id=408 in 0.034 s; ETA 24.7 min
[410/1177] reused contour for local_minimum_id=409 in 0.046 s; ETA 24.6 min
[411/1177] reused contour for local_minimum_id=410 in 0.036 s; ETA 24.5 min
[412/1177] reused contour for local_minimum_id=411 in 0.038 s; ETA 24.4 min
[413/1177] reused contour for local_minimum_id=412 in 0.040 s; ETA 24.3 min
[414/1177] reused contour for local_minimum_id=413 in 0.040 s; ETA 24.3 min
[415/1177] reused contour for local_minimum_id=414 in 0.039 s; ETA 24.2 min
[416/1177] reused contour for local_minimum_id=415 in 0.033 s; ETA 24.1 min
[417/1177] reused contour for local_minimum_id=416 in 0.041 s; ETA 24.0 min
[418/1177] reused contour for local_minimum_id=417 in 0.041 s; ETA 23.9 min
[419/1177] reused contour for local_minimum_id=418 in 0.041 s; ETA 23.8 min
[420/1177] reused contour for local_minimum_id=419 in 0.035 s; ETA 23.7 min
[421/1177] reused contour for local_minimum_id=420 in 0.018 s; ETA 23.6 min
[422/1177] reused contour for local_minimum_id=421 in 0.039 s; ETA 23.6 min
[423/1177] reused contour for local_minimum_id=422 in 0.039 s; ETA 23.5 min
[424/1177] reused contour for local_minimum_id=423 in 0.033 s; ETA 23.4 min
[425/1177] reused contour for local_minimum_id=424 in 0.039 s; ETA 23.3 min
[426/1177] reused contour for local_minimum_id=425 in 0.040 s; ETA 23.2 min
[427/1177] reused contour for local_minimum_id=426 in 0.039 s; ETA 23.1 min
[428/1177] reused contour for local_minimum_id=427 in 0.037 s; ETA 23.0 min
[429/1177] reused contour for local_minimum_id=428 in 0.036 s; ETA 23.0 min
[430/1177] reused contour for local_minimum_id=429 in 0.039 s; ETA 22.9 min
[431/1177] reused contour for local_minimum_id=430 in 0.039 s; ETA 22.8 min
[432/1177] reused contour for local_minimum_id=431 in 0.040 s; ETA 22.7 min
[433/1177] reused contour for local_minimum_id=432 in 0.024 s; ETA 22.6 min
[434/1177] reused contour for local_minimum_id=433 in 0.043 s; ETA 22.6 min
[435/1177] reused contour for local_minimum_id=434 in 0.029 s; ETA 22.5 min
[436/1177] reused contour for local_minimum_id=435 in 0.049 s; ETA 22.4 min
[437/1177] reused contour for local_minimum_id=436 in 0.046 s; ETA 22.3 min
[438/1177] reused contour for local_minimum_id=437 in 0.042 s; ETA 22.2 min
[439/1177] reused contour for local_minimum_id=438 in 0.042 s; ETA 22.2 min
[440/1177] reused contour for local_minimum_id=439 in 0.040 s; ETA 22.1 min
[441/1177] reused contour for local_minimum_id=440 in 0.039 s; ETA 22.0 min
[442/1177] reused contour for local_minimum_id=441 in 0.041 s; ETA 21.9 min
[443/1177] reused contour for local_minimum_id=442 in 0.040 s; ETA 21.8 min
[444/1177] reused contour for local_minimum_id=443 in 0.039 s; ETA 21.8 min
[445/1177] reused contour for local_minimum_id=444 in 0.039 s; ETA 21.7 min
[446/1177] reused contour for local_minimum_id=445 in 0.039 s; ETA 21.6 min
[447/1177] reused contour for local_minimum_id=446 in 0.017 s; ETA 21.5 min
[448/1177] reused contour for local_minimum_id=447 in 0.039 s; ETA 21.5 min
[449/1177] reused contour for local_minimum_id=448 in 0.032 s; ETA 21.4 min
[450/1177] reused contour for local_minimum_id=449 in 0.040 s; ETA 21.3 min
[451/1177] reused contour for local_minimum_id=450 in 0.025 s; ETA 21.2 min
[452/1177] reused contour for local_minimum_id=451 in 0.025 s; ETA 21.1 min
[453/1177] reused contour for local_minimum_id=452 in 0.038 s; ETA 21.1 min
[454/1177] reused contour for local_minimum_id=453 in 0.037 s; ETA 21.0 min
[455/1177] reused contour for local_minimum_id=454 in 0.031 s; ETA 20.9 min
[456/1177] reused contour for local_minimum_id=455 in 0.042 s; ETA 20.9 min
[457/1177] reused contour for local_minimum_id=456 in 0.026 s; ETA 20.8 min
[458/1177] reused contour for local_minimum_id=457 in 0.035 s; ETA 20.7 min
[459/1177] reused contour for local_minimum_id=458 in 0.031 s; ETA 20.6 min
[460/1177] reused contour for local_minimum_id=459 in 0.038 s; ETA 20.6 min
[461/1177] reused contour for local_minimum_id=460 in 0.044 s; ETA 20.5 min
[462/1177] reused contour for local_minimum_id=461 in 0.043 s; ETA 20.4 min
[463/1177] reused contour for local_minimum_id=462 in 0.036 s; ETA 20.3 min
[464/1177] reused contour for local_minimum_id=463 in 0.043 s; ETA 20.3 min
[465/1177] reused contour for local_minimum_id=464 in 0.048 s; ETA 20.2 min
[466/1177] reused contour for local_minimum_id=465 in 0.050 s; ETA 20.1 min
[467/1177] reused contour for local_minimum_id=466 in 0.046 s; ETA 20.1 min
[468/1177] reused contour for local_minimum_id=467 in 0.043 s; ETA 20.0 min
[469/1177] reused contour for local_minimum_id=468 in 0.045 s; ETA 19.9 min
[470/1177] reused contour for local_minimum_id=469 in 0.030 s; ETA 19.9 min
[471/1177] reused contour for local_minimum_id=470 in 0.042 s; ETA 19.8 min
[472/1177] reused contour for local_minimum_id=471 in 0.039 s; ETA 19.7 min
[473/1177] reused contour for local_minimum_id=472 in 0.039 s; ETA 19.6 min
[474/1177] reused contour for local_minimum_id=473 in 0.029 s; ETA 19.6 min
[475/1177] reused contour for local_minimum_id=474 in 0.039 s; ETA 19.5 min
[476/1177] reused contour for local_minimum_id=475 in 0.043 s; ETA 19.4 min
[477/1177] reused contour for local_minimum_id=476 in 0.038 s; ETA 19.4 min
[478/1177] reused contour for local_minimum_id=477 in 0.037 s; ETA 19.3 min
[479/1177] reused contour for local_minimum_id=478 in 0.017 s; ETA 19.2 min
[480/1177] reused contour for local_minimum_id=479 in 0.039 s; ETA 19.2 min
[481/1177] reused contour for local_minimum_id=480 in 0.040 s; ETA 19.1 min
[482/1177] reused contour for local_minimum_id=481 in 0.039 s; ETA 19.0 min
[483/1177] reused contour for local_minimum_id=482 in 0.039 s; ETA 19.0 min
[484/1177] reused contour for local_minimum_id=483 in 0.038 s; ETA 18.9 min
[485/1177] reused contour for local_minimum_id=484 in 0.038 s; ETA 18.8 min
[486/1177] reused contour for local_minimum_id=485 in 0.019 s; ETA 18.8 min
[487/1177] reused contour for local_minimum_id=486 in 0.036 s; ETA 18.7 min
[488/1177] reused contour for local_minimum_id=487 in 0.039 s; ETA 18.6 min
[489/1177] reused contour for local_minimum_id=488 in 0.026 s; ETA 18.6 min
[490/1177] reused contour for local_minimum_id=489 in 0.037 s; ETA 18.5 min
[491/1177] reused contour for local_minimum_id=490 in 0.040 s; ETA 18.5 min
[492/1177] reused contour for local_minimum_id=491 in 0.024 s; ETA 18.4 min
[493/1177] reused contour for local_minimum_id=492 in 0.039 s; ETA 18.3 min
[494/1177] reused contour for local_minimum_id=493 in 0.039 s; ETA 18.3 min
[495/1177] reused contour for local_minimum_id=494 in 0.031 s; ETA 18.2 min
[496/1177] reused contour for local_minimum_id=495 in 0.040 s; ETA 18.1 min
[497/1177] reused contour for local_minimum_id=496 in 0.038 s; ETA 18.1 min
[498/1177] reused contour for local_minimum_id=497 in 0.037 s; ETA 18.0 min
[499/1177] reused contour for local_minimum_id=498 in 0.038 s; ETA 18.0 min
[500/1177] reused contour for local_minimum_id=499 in 0.040 s; ETA 17.9 min
[501/1177] reused contour for local_minimum_id=500 in 0.027 s; ETA 17.8 min
[502/1177] reused contour for local_minimum_id=501 in 0.031 s; ETA 17.8 min
[503/1177] reused contour for local_minimum_id=502 in 0.047 s; ETA 17.7 min
[504/1177] reused contour for local_minimum_id=503 in 0.034 s; ETA 17.7 min
[505/1177] reused contour for local_minimum_id=504 in 0.039 s; ETA 17.6 min
[506/1177] reused contour for local_minimum_id=505 in 0.048 s; ETA 17.5 min
[507/1177] reused contour for local_minimum_id=506 in 0.033 s; ETA 17.5 min
[508/1177] reused contour for local_minimum_id=507 in 0.041 s; ETA 17.4 min
[509/1177] reused contour for local_minimum_id=508 in 0.038 s; ETA 17.4 min
[510/1177] reused contour for local_minimum_id=509 in 0.032 s; ETA 17.3 min
[511/1177] reused contour for local_minimum_id=510 in 0.037 s; ETA 17.2 min
[512/1177] reused contour for local_minimum_id=511 in 0.039 s; ETA 17.2 min
[513/1177] reused contour for local_minimum_id=512 in 0.041 s; ETA 17.1 min
[514/1177] reused contour for local_minimum_id=513 in 0.038 s; ETA 17.1 min
[515/1177] reused contour for local_minimum_id=514 in 0.038 s; ETA 17.0 min
[516/1177] reused contour for local_minimum_id=515 in 0.040 s; ETA 16.9 min
[517/1177] reused contour for local_minimum_id=516 in 0.038 s; ETA 16.9 min
[518/1177] reused contour for local_minimum_id=517 in 0.037 s; ETA 16.8 min
[519/1177] reused contour for local_minimum_id=518 in 0.042 s; ETA 16.8 min
[520/1177] reused contour for local_minimum_id=519 in 0.024 s; ETA 16.7 min
[521/1177] reused contour for local_minimum_id=520 in 0.038 s; ETA 16.7 min
[522/1177] reused contour for local_minimum_id=521 in 0.044 s; ETA 16.6 min
[523/1177] reused contour for local_minimum_id=522 in 0.039 s; ETA 16.5 min
[524/1177] reused contour for local_minimum_id=523 in 0.038 s; ETA 16.5 min
[525/1177] reused contour for local_minimum_id=524 in 0.031 s; ETA 16.4 min
[526/1177] reused contour for local_minimum_id=525 in 0.039 s; ETA 16.4 min
[527/1177] reused contour for local_minimum_id=526 in 0.038 s; ETA 16.3 min
[528/1177] reused contour for local_minimum_id=527 in 0.042 s; ETA 16.3 min
[529/1177] reused contour for local_minimum_id=528 in 0.041 s; ETA 16.2 min
[530/1177] reused contour for local_minimum_id=529 in 0.039 s; ETA 16.2 min
[531/1177] reused contour for local_minimum_id=530 in 0.047 s; ETA 16.1 min
[532/1177] reused contour for local_minimum_id=531 in 0.050 s; ETA 16.0 min
[533/1177] reused contour for local_minimum_id=532 in 0.049 s; ETA 16.0 min
[534/1177] reused contour for local_minimum_id=533 in 0.045 s; ETA 15.9 min
[535/1177] reused contour for local_minimum_id=534 in 0.048 s; ETA 15.9 min
[536/1177] reused contour for local_minimum_id=535 in 0.042 s; ETA 15.8 min
[537/1177] reused contour for local_minimum_id=536 in 0.040 s; ETA 15.8 min
[538/1177] reused contour for local_minimum_id=537 in 0.041 s; ETA 15.7 min
[539/1177] reused contour for local_minimum_id=538 in 0.026 s; ETA 15.7 min
[540/1177] reused contour for local_minimum_id=539 in 0.040 s; ETA 15.6 min
[541/1177] reused contour for local_minimum_id=540 in 0.041 s; ETA 15.6 min
[542/1177] reused contour for local_minimum_id=541 in 0.039 s; ETA 15.5 min
[543/1177] reused contour for local_minimum_id=542 in 0.040 s; ETA 15.5 min
[544/1177] reused contour for local_minimum_id=543 in 0.042 s; ETA 15.4 min
[545/1177] reused contour for local_minimum_id=544 in 0.040 s; ETA 15.4 min
[546/1177] reused contour for local_minimum_id=545 in 0.027 s; ETA 15.3 min
[547/1177] reused contour for local_minimum_id=546 in 0.040 s; ETA 15.3 min
[548/1177] reused contour for local_minimum_id=547 in 0.040 s; ETA 15.2 min
[549/1177] reused contour for local_minimum_id=548 in 0.040 s; ETA 15.2 min
[550/1177] reused contour for local_minimum_id=549 in 0.039 s; ETA 15.1 min
[551/1177] reused contour for local_minimum_id=550 in 0.040 s; ETA 15.1 min
[552/1177] reused contour for local_minimum_id=551 in 0.040 s; ETA 15.0 min
[553/1177] reused contour for local_minimum_id=552 in 0.041 s; ETA 15.0 min
[554/1177] reused contour for local_minimum_id=553 in 0.039 s; ETA 14.9 min
[555/1177] reused contour for local_minimum_id=554 in 0.039 s; ETA 14.9 min
[556/1177] reused contour for local_minimum_id=555 in 0.036 s; ETA 14.8 min
[557/1177] reused contour for local_minimum_id=556 in 0.036 s; ETA 14.8 min
[558/1177] reused contour for local_minimum_id=557 in 0.038 s; ETA 14.7 min
[559/1177] reused contour for local_minimum_id=558 in 0.041 s; ETA 14.7 min
[560/1177] reused contour for local_minimum_id=559 in 0.025 s; ETA 14.6 min
[561/1177] reused contour for local_minimum_id=560 in 0.046 s; ETA 14.6 min
[562/1177] reused contour for local_minimum_id=561 in 0.042 s; ETA 14.5 min
[563/1177] reused contour for local_minimum_id=562 in 0.049 s; ETA 14.5 min
[564/1177] reused contour for local_minimum_id=563 in 0.049 s; ETA 14.4 min
[565/1177] reused contour for local_minimum_id=564 in 0.048 s; ETA 14.4 min
[566/1177] reused contour for local_minimum_id=565 in 0.043 s; ETA 14.3 min
[567/1177] reused contour for local_minimum_id=566 in 0.040 s; ETA 14.3 min
[568/1177] reused contour for local_minimum_id=567 in 0.028 s; ETA 14.2 min
[569/1177] reused contour for local_minimum_id=568 in 0.038 s; ETA 14.2 min
[570/1177] reused contour for local_minimum_id=569 in 0.040 s; ETA 14.1 min
[571/1177] reused contour for local_minimum_id=570 in 0.039 s; ETA 14.1 min
[572/1177] reused contour for local_minimum_id=571 in 0.040 s; ETA 14.0 min
[573/1177] reused contour for local_minimum_id=572 in 0.039 s; ETA 14.0 min
[574/1177] reused contour for local_minimum_id=573 in 0.028 s; ETA 13.9 min
[575/1177] reused contour for local_minimum_id=574 in 0.038 s; ETA 13.9 min
[576/1177] reused contour for local_minimum_id=575 in 0.041 s; ETA 13.8 min
[577/1177] reused contour for local_minimum_id=576 in 0.039 s; ETA 13.8 min
[578/1177] reused contour for local_minimum_id=577 in 0.042 s; ETA 13.8 min
[579/1177] reused contour for local_minimum_id=578 in 0.039 s; ETA 13.7 min
[580/1177] reused contour for local_minimum_id=579 in 0.040 s; ETA 13.7 min
[581/1177] reused contour for local_minimum_id=580 in 0.040 s; ETA 13.6 min
[582/1177] reused contour for local_minimum_id=581 in 0.033 s; ETA 13.6 min
[583/1177] reused contour for local_minimum_id=582 in 0.038 s; ETA 13.5 min
[584/1177] reused contour for local_minimum_id=583 in 0.042 s; ETA 13.5 min
[585/1177] reused contour for local_minimum_id=584 in 0.041 s; ETA 13.4 min
[586/1177] reused contour for local_minimum_id=585 in 0.039 s; ETA 13.4 min
[587/1177] reused contour for local_minimum_id=586 in 0.039 s; ETA 13.3 min
[588/1177] reused contour for local_minimum_id=587 in 0.031 s; ETA 13.3 min
[589/1177] reused contour for local_minimum_id=588 in 0.039 s; ETA 13.3 min
[590/1177] reused contour for local_minimum_id=589 in 0.040 s; ETA 13.2 min
[591/1177] reused contour for local_minimum_id=590 in 0.040 s; ETA 13.2 min
[592/1177] reused contour for local_minimum_id=591 in 0.038 s; ETA 13.1 min
[593/1177] reused contour for local_minimum_id=592 in 0.026 s; ETA 13.1 min
[594/1177] reused contour for local_minimum_id=593 in 0.038 s; ETA 13.0 min
[595/1177] reused contour for local_minimum_id=594 in 0.024 s; ETA 13.0 min
[596/1177] reused contour for local_minimum_id=595 in 0.036 s; ETA 12.9 min
[597/1177] reused contour for local_minimum_id=596 in 0.035 s; ETA 12.9 min
[598/1177] reused contour for local_minimum_id=597 in 0.039 s; ETA 12.9 min
[599/1177] reused contour for local_minimum_id=598 in 0.048 s; ETA 12.8 min
[600/1177] reused contour for local_minimum_id=599 in 0.041 s; ETA 12.8 min
[601/1177] reused contour for local_minimum_id=600 in 0.030 s; ETA 12.7 min
[602/1177] reused contour for local_minimum_id=601 in 0.045 s; ETA 12.7 min
[603/1177] reused contour for local_minimum_id=602 in 0.037 s; ETA 12.6 min
[604/1177] reused contour for local_minimum_id=603 in 0.042 s; ETA 12.6 min
[605/1177] reused contour for local_minimum_id=604 in 0.038 s; ETA 12.6 min
[606/1177] reused contour for local_minimum_id=605 in 0.039 s; ETA 12.5 min
[607/1177] reused contour for local_minimum_id=606 in 0.039 s; ETA 12.5 min
[608/1177] reused contour for local_minimum_id=607 in 0.026 s; ETA 12.4 min
[609/1177] reused contour for local_minimum_id=608 in 0.023 s; ETA 12.4 min
[610/1177] reused contour for local_minimum_id=609 in 0.040 s; ETA 12.4 min
[611/1177] reused contour for local_minimum_id=610 in 0.041 s; ETA 12.3 min
[612/1177] reused contour for local_minimum_id=611 in 0.041 s; ETA 12.3 min
[613/1177] reused contour for local_minimum_id=612 in 0.039 s; ETA 12.2 min
[614/1177] reused contour for local_minimum_id=613 in 0.041 s; ETA 12.2 min
[615/1177] reused contour for local_minimum_id=614 in 0.040 s; ETA 12.1 min
[616/1177] reused contour for local_minimum_id=615 in 0.042 s; ETA 12.1 min
[617/1177] reused contour for local_minimum_id=616 in 0.041 s; ETA 12.1 min
[618/1177] reused contour for local_minimum_id=617 in 0.040 s; ETA 12.0 min
[619/1177] reused contour for local_minimum_id=618 in 0.043 s; ETA 12.0 min
[620/1177] reused contour for local_minimum_id=619 in 0.024 s; ETA 11.9 min
[621/1177] reused contour for local_minimum_id=620 in 0.039 s; ETA 11.9 min
[622/1177] reused contour for local_minimum_id=621 in 0.039 s; ETA 11.9 min
[623/1177] reused contour for local_minimum_id=622 in 0.041 s; ETA 11.8 min
[624/1177] reused contour for local_minimum_id=623 in 0.039 s; ETA 11.8 min
[625/1177] reused contour for local_minimum_id=624 in 0.041 s; ETA 11.7 min
[626/1177] reused contour for local_minimum_id=625 in 0.039 s; ETA 11.7 min
[627/1177] reused contour for local_minimum_id=626 in 0.041 s; ETA 11.7 min
[628/1177] reused contour for local_minimum_id=627 in 0.050 s; ETA 11.6 min
[629/1177] reused contour for local_minimum_id=628 in 0.048 s; ETA 11.6 min
[630/1177] reused contour for local_minimum_id=629 in 0.046 s; ETA 11.6 min
[631/1177] reused contour for local_minimum_id=630 in 0.047 s; ETA 11.5 min
[632/1177] reused contour for local_minimum_id=631 in 0.050 s; ETA 11.5 min
[633/1177] reused contour for local_minimum_id=632 in 0.039 s; ETA 11.4 min
[634/1177] reused contour for local_minimum_id=633 in 0.041 s; ETA 11.4 min
[635/1177] reused contour for local_minimum_id=634 in 0.042 s; ETA 11.4 min
[636/1177] reused contour for local_minimum_id=635 in 0.041 s; ETA 11.3 min
[637/1177] reused contour for local_minimum_id=636 in 0.024 s; ETA 11.3 min
[638/1177] reused contour for local_minimum_id=637 in 0.039 s; ETA 11.2 min
[639/1177] reused contour for local_minimum_id=638 in 0.039 s; ETA 11.2 min
[640/1177] reused contour for local_minimum_id=639 in 0.039 s; ETA 11.2 min
[641/1177] reused contour for local_minimum_id=640 in 0.040 s; ETA 11.1 min
[642/1177] reused contour for local_minimum_id=641 in 0.041 s; ETA 11.1 min
[643/1177] reused contour for local_minimum_id=642 in 0.039 s; ETA 11.1 min
[644/1177] reused contour for local_minimum_id=643 in 0.026 s; ETA 11.0 min
[645/1177] reused contour for local_minimum_id=644 in 0.027 s; ETA 11.0 min
[646/1177] reused contour for local_minimum_id=645 in 0.039 s; ETA 10.9 min
[647/1177] reused contour for local_minimum_id=646 in 0.037 s; ETA 10.9 min
[648/1177] reused contour for local_minimum_id=647 in 0.039 s; ETA 10.9 min
[649/1177] reused contour for local_minimum_id=648 in 0.040 s; ETA 10.8 min
[650/1177] reused contour for local_minimum_id=649 in 0.038 s; ETA 10.8 min
[651/1177] reused contour for local_minimum_id=650 in 0.042 s; ETA 10.8 min
[652/1177] reused contour for local_minimum_id=651 in 0.041 s; ETA 10.7 min
[653/1177] reused contour for local_minimum_id=652 in 0.043 s; ETA 10.7 min
[654/1177] reused contour for local_minimum_id=653 in 0.040 s; ETA 10.7 min
[655/1177] reused contour for local_minimum_id=654 in 0.040 s; ETA 10.6 min
[656/1177] reused contour for local_minimum_id=655 in 0.024 s; ETA 10.6 min
[657/1177] reused contour for local_minimum_id=656 in 0.039 s; ETA 10.5 min
[658/1177] reused contour for local_minimum_id=657 in 0.024 s; ETA 10.5 min
[659/1177] reused contour for local_minimum_id=658 in 0.037 s; ETA 10.5 min
[660/1177] reused contour for local_minimum_id=659 in 0.025 s; ETA 10.4 min
[661/1177] reused contour for local_minimum_id=660 in 0.038 s; ETA 10.4 min
[662/1177] reused contour for local_minimum_id=661 in 0.037 s; ETA 10.4 min
[663/1177] reused contour for local_minimum_id=662 in 0.048 s; ETA 10.3 min
[664/1177] reused contour for local_minimum_id=663 in 0.049 s; ETA 10.3 min
[665/1177] reused contour for local_minimum_id=664 in 0.040 s; ETA 10.3 min
[666/1177] reused contour for local_minimum_id=665 in 0.040 s; ETA 10.2 min
[667/1177] reused contour for local_minimum_id=666 in 0.026 s; ETA 10.2 min
[668/1177] reused contour for local_minimum_id=667 in 0.039 s; ETA 10.2 min
[669/1177] reused contour for local_minimum_id=668 in 0.040 s; ETA 10.1 min
[670/1177] reused contour for local_minimum_id=669 in 0.034 s; ETA 10.1 min
[671/1177] reused contour for local_minimum_id=670 in 0.025 s; ETA 10.1 min
[672/1177] reused contour for local_minimum_id=671 in 0.039 s; ETA 10.0 min
[673/1177] reused contour for local_minimum_id=672 in 0.028 s; ETA 10.0 min
[674/1177] reused contour for local_minimum_id=673 in 0.040 s; ETA 10.0 min
[675/1177] reused contour for local_minimum_id=674 in 0.031 s; ETA 9.9 min
[676/1177] reused contour for local_minimum_id=675 in 0.038 s; ETA 9.9 min
[677/1177] reused contour for local_minimum_id=676 in 0.039 s; ETA 9.8 min
[678/1177] reused contour for local_minimum_id=677 in 0.031 s; ETA 9.8 min
[679/1177] reused contour for local_minimum_id=678 in 0.041 s; ETA 9.8 min
[680/1177] reused contour for local_minimum_id=679 in 0.039 s; ETA 9.7 min
[681/1177] reused contour for local_minimum_id=680 in 0.039 s; ETA 9.7 min
[682/1177] reused contour for local_minimum_id=681 in 0.041 s; ETA 9.7 min
[683/1177] reused contour for local_minimum_id=682 in 0.027 s; ETA 9.6 min
[684/1177] reused contour for local_minimum_id=683 in 0.039 s; ETA 9.6 min
[685/1177] reused contour for local_minimum_id=684 in 0.040 s; ETA 9.6 min
[686/1177] reused contour for local_minimum_id=685 in 0.040 s; ETA 9.6 min
[687/1177] reused contour for local_minimum_id=686 in 0.025 s; ETA 9.5 min
[688/1177] reused contour for local_minimum_id=687 in 0.037 s; ETA 9.5 min
[689/1177] reused contour for local_minimum_id=688 in 0.024 s; ETA 9.5 min
[690/1177] reused contour for local_minimum_id=689 in 0.024 s; ETA 9.4 min
[691/1177] reused contour for local_minimum_id=690 in 0.027 s; ETA 9.4 min
[692/1177] reused contour for local_minimum_id=691 in 0.048 s; ETA 9.4 min
[693/1177] reused contour for local_minimum_id=692 in 0.043 s; ETA 9.3 min
[694/1177] reused contour for local_minimum_id=693 in 0.043 s; ETA 9.3 min
[695/1177] reused contour for local_minimum_id=694 in 0.039 s; ETA 9.3 min
[696/1177] reused contour for local_minimum_id=695 in 0.042 s; ETA 9.2 min
[697/1177] reused contour for local_minimum_id=696 in 0.039 s; ETA 9.2 min
[698/1177] reused contour for local_minimum_id=697 in 0.039 s; ETA 9.2 min
[699/1177] reused contour for local_minimum_id=698 in 0.041 s; ETA 9.1 min
[700/1177] reused contour for local_minimum_id=699 in 0.036 s; ETA 9.1 min
[701/1177] reused contour for local_minimum_id=700 in 0.024 s; ETA 9.1 min
[702/1177] reused contour for local_minimum_id=701 in 0.039 s; ETA 9.0 min
[703/1177] reused contour for local_minimum_id=702 in 0.039 s; ETA 9.0 min
[704/1177] reused contour for local_minimum_id=703 in 0.027 s; ETA 9.0 min
[705/1177] reused contour for local_minimum_id=704 in 0.023 s; ETA 8.9 min
[706/1177] reused contour for local_minimum_id=705 in 0.040 s; ETA 8.9 min
[707/1177] reused contour for local_minimum_id=706 in 0.039 s; ETA 8.9 min
[708/1177] reused contour for local_minimum_id=707 in 0.025 s; ETA 8.8 min
[709/1177] reused contour for local_minimum_id=708 in 0.038 s; ETA 8.8 min
[710/1177] reused contour for local_minimum_id=709 in 0.027 s; ETA 8.8 min
[711/1177] reused contour for local_minimum_id=710 in 0.043 s; ETA 8.8 min
[712/1177] reused contour for local_minimum_id=711 in 0.042 s; ETA 8.7 min
[713/1177] reused contour for local_minimum_id=712 in 0.045 s; ETA 8.7 min
[714/1177] reused contour for local_minimum_id=713 in 0.040 s; ETA 8.7 min
[715/1177] reused contour for local_minimum_id=714 in 0.025 s; ETA 8.6 min
[716/1177] reused contour for local_minimum_id=715 in 0.026 s; ETA 8.6 min
[717/1177] reused contour for local_minimum_id=716 in 0.032 s; ETA 8.6 min
[718/1177] reused contour for local_minimum_id=717 in 0.039 s; ETA 8.5 min
[719/1177] reused contour for local_minimum_id=718 in 0.035 s; ETA 8.5 min
[720/1177] reused contour for local_minimum_id=719 in 0.043 s; ETA 8.5 min
[721/1177] reused contour for local_minimum_id=720 in 0.040 s; ETA 8.5 min
[722/1177] reused contour for local_minimum_id=721 in 0.038 s; ETA 8.4 min
[723/1177] reused contour for local_minimum_id=722 in 0.038 s; ETA 8.4 min
[724/1177] reused contour for local_minimum_id=723 in 0.039 s; ETA 8.4 min
[725/1177] reused contour for local_minimum_id=724 in 0.067 s; ETA 8.3 min
[726/1177] reused contour for local_minimum_id=725 in 0.049 s; ETA 8.3 min
[727/1177] reused contour for local_minimum_id=726 in 0.048 s; ETA 8.3 min
[728/1177] reused contour for local_minimum_id=727 in 0.051 s; ETA 8.2 min
[729/1177] reused contour for local_minimum_id=728 in 0.025 s; ETA 8.2 min
[730/1177] reused contour for local_minimum_id=729 in 0.043 s; ETA 8.2 min
[731/1177] reused contour for local_minimum_id=730 in 0.041 s; ETA 8.2 min
[732/1177] reused contour for local_minimum_id=731 in 0.039 s; ETA 8.1 min
[733/1177] reused contour for local_minimum_id=732 in 0.039 s; ETA 8.1 min
[734/1177] reused contour for local_minimum_id=733 in 0.042 s; ETA 8.1 min
[735/1177] reused contour for local_minimum_id=734 in 0.039 s; ETA 8.0 min
[736/1177] reused contour for local_minimum_id=735 in 0.029 s; ETA 8.0 min
[737/1177] reused contour for local_minimum_id=736 in 0.038 s; ETA 8.0 min
[738/1177] reused contour for local_minimum_id=737 in 0.041 s; ETA 8.0 min
[739/1177] reused contour for local_minimum_id=738 in 0.039 s; ETA 7.9 min
[740/1177] reused contour for local_minimum_id=739 in 0.041 s; ETA 7.9 min
[741/1177] reused contour for local_minimum_id=740 in 0.038 s; ETA 7.9 min
[742/1177] reused contour for local_minimum_id=741 in 0.026 s; ETA 7.8 min
[743/1177] reused contour for local_minimum_id=742 in 0.039 s; ETA 7.8 min
[744/1177] reused contour for local_minimum_id=743 in 0.040 s; ETA 7.8 min
[745/1177] reused contour for local_minimum_id=744 in 0.040 s; ETA 7.8 min
[746/1177] reused contour for local_minimum_id=745 in 0.039 s; ETA 7.7 min
[747/1177] reused contour for local_minimum_id=746 in 0.027 s; ETA 7.7 min
[748/1177] reused contour for local_minimum_id=747 in 0.023 s; ETA 7.7 min
[749/1177] reused contour for local_minimum_id=748 in 0.038 s; ETA 7.6 min
[750/1177] reused contour for local_minimum_id=749 in 0.040 s; ETA 7.6 min
[751/1177] reused contour for local_minimum_id=750 in 0.041 s; ETA 7.6 min
[752/1177] reused contour for local_minimum_id=751 in 0.041 s; ETA 7.6 min
[753/1177] reused contour for local_minimum_id=752 in 0.026 s; ETA 7.5 min
[754/1177] reused contour for local_minimum_id=753 in 0.044 s; ETA 7.5 min
[755/1177] reused contour for local_minimum_id=754 in 0.048 s; ETA 7.5 min
[756/1177] reused contour for local_minimum_id=755 in 0.031 s; ETA 7.5 min
[757/1177] reused contour for local_minimum_id=756 in 0.048 s; ETA 7.4 min
[758/1177] reused contour for local_minimum_id=757 in 0.043 s; ETA 7.4 min
[759/1177] reused contour for local_minimum_id=758 in 0.041 s; ETA 7.4 min
[760/1177] reused contour for local_minimum_id=759 in 0.039 s; ETA 7.3 min
[761/1177] reused contour for local_minimum_id=760 in 0.039 s; ETA 7.3 min
[762/1177] reused contour for local_minimum_id=761 in 0.043 s; ETA 7.3 min
[763/1177] reused contour for local_minimum_id=762 in 0.041 s; ETA 7.3 min
[764/1177] reused contour for local_minimum_id=763 in 0.040 s; ETA 7.2 min
[765/1177] reused contour for local_minimum_id=764 in 0.025 s; ETA 7.2 min
[766/1177] reused contour for local_minimum_id=765 in 0.037 s; ETA 7.2 min
[767/1177] reused contour for local_minimum_id=766 in 0.041 s; ETA 7.2 min
[768/1177] reused contour for local_minimum_id=767 in 0.023 s; ETA 7.1 min
[769/1177] reused contour for local_minimum_id=768 in 0.038 s; ETA 7.1 min
[770/1177] reused contour for local_minimum_id=769 in 0.040 s; ETA 7.1 min
[771/1177] reused contour for local_minimum_id=770 in 0.026 s; ETA 7.1 min
[772/1177] reused contour for local_minimum_id=771 in 0.039 s; ETA 7.0 min
[773/1177] reused contour for local_minimum_id=772 in 0.039 s; ETA 7.0 min
[774/1177] reused contour for local_minimum_id=773 in 0.027 s; ETA 7.0 min
[775/1177] reused contour for local_minimum_id=774 in 0.023 s; ETA 7.0 min
[776/1177] reused contour for local_minimum_id=775 in 0.024 s; ETA 6.9 min
[777/1177] reused contour for local_minimum_id=776 in 0.024 s; ETA 6.9 min
[778/1177] reused contour for local_minimum_id=777 in 0.026 s; ETA 6.9 min
[779/1177] reused contour for local_minimum_id=778 in 0.026 s; ETA 6.8 min
[780/1177] reused contour for local_minimum_id=779 in 0.038 s; ETA 6.8 min
[781/1177] reused contour for local_minimum_id=780 in 0.043 s; ETA 6.8 min
[782/1177] reused contour for local_minimum_id=781 in 0.039 s; ETA 6.8 min
[783/1177] reused contour for local_minimum_id=782 in 0.039 s; ETA 6.7 min
[784/1177] reused contour for local_minimum_id=783 in 0.040 s; ETA 6.7 min
[785/1177] reused contour for local_minimum_id=784 in 0.039 s; ETA 6.7 min
[786/1177] reused contour for local_minimum_id=785 in 0.031 s; ETA 6.7 min
[787/1177] reused contour for local_minimum_id=786 in 0.041 s; ETA 6.6 min
[788/1177] reused contour for local_minimum_id=787 in 0.040 s; ETA 6.6 min
[789/1177] reused contour for local_minimum_id=788 in 0.038 s; ETA 6.6 min
[790/1177] reused contour for local_minimum_id=789 in 0.050 s; ETA 6.6 min
[791/1177] reused contour for local_minimum_id=790 in 0.050 s; ETA 6.5 min
[792/1177] reused contour for local_minimum_id=791 in 0.051 s; ETA 6.5 min
[793/1177] reused contour for local_minimum_id=792 in 0.031 s; ETA 6.5 min
[794/1177] reused contour for local_minimum_id=793 in 0.024 s; ETA 6.5 min
[795/1177] reused contour for local_minimum_id=794 in 0.039 s; ETA 6.4 min
[796/1177] reused contour for local_minimum_id=795 in 0.025 s; ETA 6.4 min
[797/1177] reused contour for local_minimum_id=796 in 0.025 s; ETA 6.4 min
[798/1177] reused contour for local_minimum_id=797 in 0.027 s; ETA 6.4 min
[799/1177] reused contour for local_minimum_id=798 in 0.039 s; ETA 6.3 min
[800/1177] reused contour for local_minimum_id=799 in 0.039 s; ETA 6.3 min
[801/1177] reused contour for local_minimum_id=800 in 0.039 s; ETA 6.3 min
[802/1177] reused contour for local_minimum_id=801 in 0.043 s; ETA 6.3 min
[803/1177] reused contour for local_minimum_id=802 in 0.040 s; ETA 6.3 min
[804/1177] reused contour for local_minimum_id=803 in 0.026 s; ETA 6.2 min
[805/1177] reused contour for local_minimum_id=804 in 0.038 s; ETA 6.2 min
[806/1177] reused contour for local_minimum_id=805 in 0.025 s; ETA 6.2 min
[807/1177] reused contour for local_minimum_id=806 in 0.038 s; ETA 6.2 min
[808/1177] reused contour for local_minimum_id=807 in 0.041 s; ETA 6.1 min
[809/1177] reused contour for local_minimum_id=808 in 0.100 s; ETA 6.1 min
[810/1177] reused contour for local_minimum_id=809 in 0.041 s; ETA 6.1 min
[811/1177] reused contour for local_minimum_id=810 in 0.027 s; ETA 6.1 min
[812/1177] reused contour for local_minimum_id=811 in 0.036 s; ETA 6.0 min
[813/1177] reused contour for local_minimum_id=812 in 0.024 s; ETA 6.0 min
[814/1177] reused contour for local_minimum_id=813 in 0.024 s; ETA 6.0 min
[815/1177] reused contour for local_minimum_id=814 in 0.026 s; ETA 6.0 min
[816/1177] reused contour for local_minimum_id=815 in 0.040 s; ETA 5.9 min
[817/1177] reused contour for local_minimum_id=816 in 0.027 s; ETA 5.9 min
[818/1177] reused contour for local_minimum_id=817 in 0.025 s; ETA 5.9 min
[819/1177] reused contour for local_minimum_id=818 in 0.024 s; ETA 5.9 min
[820/1177] reused contour for local_minimum_id=819 in 0.030 s; ETA 5.8 min
[821/1177] reused contour for local_minimum_id=820 in 0.029 s; ETA 5.8 min
[822/1177] reused contour for local_minimum_id=821 in 0.050 s; ETA 5.8 min
[823/1177] reused contour for local_minimum_id=822 in 0.029 s; ETA 5.8 min
[824/1177] reused contour for local_minimum_id=823 in 0.033 s; ETA 5.8 min
[825/1177] reused contour for local_minimum_id=824 in 0.026 s; ETA 5.7 min
[826/1177] reused contour for local_minimum_id=825 in 0.025 s; ETA 5.7 min
[827/1177] reused contour for local_minimum_id=826 in 0.025 s; ETA 5.7 min
[828/1177] reused contour for local_minimum_id=827 in 0.039 s; ETA 5.7 min
[829/1177] reused contour for local_minimum_id=828 in 0.025 s; ETA 5.6 min
[830/1177] reused contour for local_minimum_id=829 in 0.040 s; ETA 5.6 min
[831/1177] reused contour for local_minimum_id=830 in 0.027 s; ETA 5.6 min
[832/1177] reused contour for local_minimum_id=831 in 0.024 s; ETA 5.6 min
[833/1177] reused contour for local_minimum_id=832 in 0.025 s; ETA 5.5 min
[834/1177] reused contour for local_minimum_id=833 in 0.026 s; ETA 5.5 min
[835/1177] reused contour for local_minimum_id=834 in 0.026 s; ETA 5.5 min
[836/1177] reused contour for local_minimum_id=835 in 0.040 s; ETA 5.5 min
[837/1177] reused contour for local_minimum_id=836 in 0.038 s; ETA 5.5 min
[838/1177] reused contour for local_minimum_id=837 in 0.040 s; ETA 5.4 min
[839/1177] reused contour for local_minimum_id=838 in 0.025 s; ETA 5.4 min
[840/1177] reused contour for local_minimum_id=839 in 0.026 s; ETA 5.4 min
[841/1177] reused contour for local_minimum_id=840 in 0.024 s; ETA 5.4 min
[842/1177] reused contour for local_minimum_id=841 in 0.026 s; ETA 5.3 min
[843/1177] reused contour for local_minimum_id=842 in 0.027 s; ETA 5.3 min
[844/1177] reused contour for local_minimum_id=843 in 0.037 s; ETA 5.3 min
[845/1177] reused contour for local_minimum_id=844 in 0.041 s; ETA 5.3 min
[846/1177] reused contour for local_minimum_id=845 in 0.025 s; ETA 5.3 min
[847/1177] reused contour for local_minimum_id=846 in 0.024 s; ETA 5.2 min
[848/1177] reused contour for local_minimum_id=847 in 0.038 s; ETA 5.2 min
[849/1177] reused contour for local_minimum_id=848 in 0.034 s; ETA 5.2 min
[850/1177] reused contour for local_minimum_id=849 in 0.024 s; ETA 5.2 min
[851/1177] reused contour for local_minimum_id=850 in 0.038 s; ETA 5.2 min
[852/1177] reused contour for local_minimum_id=851 in 0.024 s; ETA 5.1 min
[853/1177] reused contour for local_minimum_id=852 in 0.024 s; ETA 5.1 min
[854/1177] reused contour for local_minimum_id=853 in 0.037 s; ETA 5.1 min
[855/1177] reused contour for local_minimum_id=854 in 0.032 s; ETA 5.1 min
[856/1177] reused contour for local_minimum_id=855 in 0.039 s; ETA 5.0 min
[857/1177] reused contour for local_minimum_id=856 in 0.028 s; ETA 5.0 min
[858/1177] reused contour for local_minimum_id=857 in 0.049 s; ETA 5.0 min
[859/1177] reused contour for local_minimum_id=858 in 0.030 s; ETA 5.0 min
[860/1177] reused contour for local_minimum_id=859 in 0.030 s; ETA 5.0 min
[861/1177] reused contour for local_minimum_id=860 in 0.046 s; ETA 4.9 min
[862/1177] reused contour for local_minimum_id=861 in 0.026 s; ETA 4.9 min
[863/1177] reused contour for local_minimum_id=862 in 0.025 s; ETA 4.9 min
[864/1177] reused contour for local_minimum_id=863 in 0.040 s; ETA 4.9 min
[865/1177] reused contour for local_minimum_id=864 in 0.037 s; ETA 4.9 min
[866/1177] reused contour for local_minimum_id=865 in 0.025 s; ETA 4.8 min
[867/1177] reused contour for local_minimum_id=866 in 0.030 s; ETA 4.8 min
[868/1177] reused contour for local_minimum_id=867 in 0.024 s; ETA 4.8 min
[869/1177] reused contour for local_minimum_id=868 in 0.025 s; ETA 4.8 min
[870/1177] reused contour for local_minimum_id=869 in 0.039 s; ETA 4.7 min
[871/1177] reused contour for local_minimum_id=870 in 0.025 s; ETA 4.7 min
[872/1177] reused contour for local_minimum_id=871 in 0.040 s; ETA 4.7 min
[873/1177] reused contour for local_minimum_id=872 in 0.040 s; ETA 4.7 min
[874/1177] reused contour for local_minimum_id=873 in 0.039 s; ETA 4.7 min
[875/1177] reused contour for local_minimum_id=874 in 0.026 s; ETA 4.6 min
[876/1177] reused contour for local_minimum_id=875 in 0.025 s; ETA 4.6 min
[877/1177] reused contour for local_minimum_id=876 in 0.024 s; ETA 4.6 min
[878/1177] reused contour for local_minimum_id=877 in 0.039 s; ETA 4.6 min
[879/1177] reused contour for local_minimum_id=878 in 0.042 s; ETA 4.6 min
[880/1177] reused contour for local_minimum_id=879 in 0.025 s; ETA 4.5 min
[881/1177] reused contour for local_minimum_id=880 in 0.024 s; ETA 4.5 min
[882/1177] reused contour for local_minimum_id=881 in 0.025 s; ETA 4.5 min
[883/1177] reused contour for local_minimum_id=882 in 0.034 s; ETA 4.5 min
[884/1177] reused contour for local_minimum_id=883 in 0.025 s; ETA 4.5 min
[885/1177] reused contour for local_minimum_id=884 in 0.025 s; ETA 4.4 min
[886/1177] reused contour for local_minimum_id=885 in 0.024 s; ETA 4.4 min
[887/1177] reused contour for local_minimum_id=886 in 0.025 s; ETA 4.4 min
[888/1177] reused contour for local_minimum_id=887 in 0.024 s; ETA 4.4 min
[889/1177] reused contour for local_minimum_id=888 in 0.040 s; ETA 4.4 min
[890/1177] reused contour for local_minimum_id=889 in 0.025 s; ETA 4.3 min
[891/1177] reused contour for local_minimum_id=890 in 0.025 s; ETA 4.3 min
[892/1177] reused contour for local_minimum_id=891 in 0.046 s; ETA 4.3 min
[893/1177] reused contour for local_minimum_id=892 in 0.048 s; ETA 4.3 min
[894/1177] reused contour for local_minimum_id=893 in 0.030 s; ETA 4.3 min
[895/1177] reused contour for local_minimum_id=894 in 0.029 s; ETA 4.2 min
[896/1177] reused contour for local_minimum_id=895 in 0.044 s; ETA 4.2 min
[897/1177] reused contour for local_minimum_id=896 in 0.026 s; ETA 4.2 min
[898/1177] reused contour for local_minimum_id=897 in 0.026 s; ETA 4.2 min
[899/1177] reused contour for local_minimum_id=898 in 0.024 s; ETA 4.2 min
[900/1177] reused contour for local_minimum_id=899 in 0.025 s; ETA 4.1 min
[901/1177] reused contour for local_minimum_id=900 in 0.024 s; ETA 4.1 min
[902/1177] reused contour for local_minimum_id=901 in 0.025 s; ETA 4.1 min
[903/1177] reused contour for local_minimum_id=902 in 0.024 s; ETA 4.1 min
[904/1177] reused contour for local_minimum_id=903 in 0.023 s; ETA 4.1 min
[905/1177] reused contour for local_minimum_id=904 in 0.025 s; ETA 4.1 min
[906/1177] reused contour for local_minimum_id=905 in 0.041 s; ETA 4.0 min
[907/1177] reused contour for local_minimum_id=906 in 0.027 s; ETA 4.0 min
[908/1177] reused contour for local_minimum_id=907 in 0.038 s; ETA 4.0 min
[909/1177] reused contour for local_minimum_id=908 in 0.026 s; ETA 4.0 min
[910/1177] reused contour for local_minimum_id=909 in 0.023 s; ETA 4.0 min
[911/1177] reused contour for local_minimum_id=910 in 0.041 s; ETA 3.9 min
[912/1177] reused contour for local_minimum_id=911 in 0.040 s; ETA 3.9 min
[913/1177] reused contour for local_minimum_id=912 in 0.025 s; ETA 3.9 min
[914/1177] reused contour for local_minimum_id=913 in 0.016 s; ETA 3.9 min
[915/1177] reused contour for local_minimum_id=914 in 0.016 s; ETA 3.9 min
[916/1177] reused contour for local_minimum_id=915 in 0.022 s; ETA 3.8 min
[917/1177] reused contour for local_minimum_id=916 in 0.040 s; ETA 3.8 min
[918/1177] reused contour for local_minimum_id=917 in 0.025 s; ETA 3.8 min
[919/1177] reused contour for local_minimum_id=918 in 0.031 s; ETA 3.8 min
[920/1177] reused contour for local_minimum_id=919 in 0.025 s; ETA 3.8 min
[921/1177] reused contour for local_minimum_id=920 in 0.040 s; ETA 3.7 min
[922/1177] reused contour for local_minimum_id=921 in 0.041 s; ETA 3.7 min
[923/1177] reused contour for local_minimum_id=922 in 0.025 s; ETA 3.7 min
[924/1177] reused contour for local_minimum_id=923 in 0.024 s; ETA 3.7 min
[925/1177] reused contour for local_minimum_id=924 in 0.024 s; ETA 3.7 min
[926/1177] reused contour for local_minimum_id=925 in 0.025 s; ETA 3.7 min
[927/1177] reused contour for local_minimum_id=926 in 0.023 s; ETA 3.6 min
[928/1177] reused contour for local_minimum_id=927 in 0.024 s; ETA 3.6 min
[929/1177] reused contour for local_minimum_id=928 in 0.026 s; ETA 3.6 min
[930/1177] reused contour for local_minimum_id=929 in 0.039 s; ETA 3.6 min
[931/1177] reused contour for local_minimum_id=930 in 0.024 s; ETA 3.6 min
[932/1177] reused contour for local_minimum_id=931 in 0.024 s; ETA 3.5 min
[933/1177] reused contour for local_minimum_id=932 in 0.026 s; ETA 3.5 min
[934/1177] reused contour for local_minimum_id=933 in 0.040 s; ETA 3.5 min
[935/1177] reused contour for local_minimum_id=934 in 0.024 s; ETA 3.5 min
[936/1177] reused contour for local_minimum_id=935 in 0.026 s; ETA 3.5 min
[937/1177] reused contour for local_minimum_id=936 in 0.039 s; ETA 3.5 min
[938/1177] reused contour for local_minimum_id=937 in 0.025 s; ETA 3.4 min
[939/1177] reused contour for local_minimum_id=938 in 0.048 s; ETA 3.4 min
[940/1177] reused contour for local_minimum_id=939 in 0.050 s; ETA 3.4 min
[941/1177] reused contour for local_minimum_id=940 in 0.030 s; ETA 3.4 min
[942/1177] reused contour for local_minimum_id=941 in 0.029 s; ETA 3.4 min
[943/1177] reused contour for local_minimum_id=942 in 0.043 s; ETA 3.3 min
[944/1177] reused contour for local_minimum_id=943 in 0.042 s; ETA 3.3 min
[945/1177] reused contour for local_minimum_id=944 in 0.040 s; ETA 3.3 min
[946/1177] reused contour for local_minimum_id=945 in 0.040 s; ETA 3.3 min
[947/1177] reused contour for local_minimum_id=946 in 0.027 s; ETA 3.3 min
[948/1177] reused contour for local_minimum_id=947 in 0.038 s; ETA 3.3 min
[949/1177] reused contour for local_minimum_id=948 in 0.041 s; ETA 3.2 min
[950/1177] reused contour for local_minimum_id=949 in 0.025 s; ETA 3.2 min
[951/1177] reused contour for local_minimum_id=950 in 0.040 s; ETA 3.2 min
[952/1177] reused contour for local_minimum_id=951 in 0.043 s; ETA 3.2 min
[953/1177] reused contour for local_minimum_id=952 in 0.040 s; ETA 3.2 min
[954/1177] reused contour for local_minimum_id=953 in 0.026 s; ETA 3.2 min
[955/1177] reused contour for local_minimum_id=954 in 0.024 s; ETA 3.1 min
[956/1177] reused contour for local_minimum_id=955 in 0.039 s; ETA 3.1 min
[957/1177] reused contour for local_minimum_id=956 in 0.043 s; ETA 3.1 min
[958/1177] reused contour for local_minimum_id=957 in 0.039 s; ETA 3.1 min
[959/1177] reused contour for local_minimum_id=958 in 0.039 s; ETA 3.1 min
[960/1177] reused contour for local_minimum_id=959 in 0.041 s; ETA 3.1 min
[961/1177] reused contour for local_minimum_id=960 in 0.039 s; ETA 3.0 min
[962/1177] reused contour for local_minimum_id=961 in 0.027 s; ETA 3.0 min
[963/1177] reused contour for local_minimum_id=962 in 0.026 s; ETA 3.0 min
[964/1177] reused contour for local_minimum_id=963 in 0.039 s; ETA 3.0 min
[965/1177] reused contour for local_minimum_id=964 in 0.041 s; ETA 3.0 min
[966/1177] reused contour for local_minimum_id=965 in 0.043 s; ETA 3.0 min
[967/1177] reused contour for local_minimum_id=966 in 0.026 s; ETA 2.9 min
[968/1177] reused contour for local_minimum_id=967 in 0.038 s; ETA 2.9 min
[969/1177] reused contour for local_minimum_id=968 in 0.051 s; ETA 2.9 min
[970/1177] reused contour for local_minimum_id=969 in 0.050 s; ETA 2.9 min
[971/1177] reused contour for local_minimum_id=970 in 0.029 s; ETA 2.9 min
[972/1177] reused contour for local_minimum_id=971 in 0.048 s; ETA 2.9 min
[973/1177] reused contour for local_minimum_id=972 in 0.053 s; ETA 2.8 min
[974/1177] reused contour for local_minimum_id=973 in 0.051 s; ETA 2.8 min
[975/1177] reused contour for local_minimum_id=974 in 0.053 s; ETA 2.8 min
[976/1177] reused contour for local_minimum_id=975 in 0.051 s; ETA 2.8 min
[977/1177] reused contour for local_minimum_id=976 in 0.032 s; ETA 2.8 min
[978/1177] reused contour for local_minimum_id=977 in 0.029 s; ETA 2.8 min
[979/1177] reused contour for local_minimum_id=978 in 0.046 s; ETA 2.7 min
[980/1177] reused contour for local_minimum_id=979 in 0.044 s; ETA 2.7 min
[981/1177] reused contour for local_minimum_id=980 in 0.044 s; ETA 2.7 min
[982/1177] reused contour for local_minimum_id=981 in 0.045 s; ETA 2.7 min
[983/1177] reused contour for local_minimum_id=982 in 0.043 s; ETA 2.7 min
[984/1177] reused contour for local_minimum_id=983 in 0.048 s; ETA 2.7 min
[985/1177] reused contour for local_minimum_id=984 in 0.045 s; ETA 2.6 min
[986/1177] reused contour for local_minimum_id=985 in 0.047 s; ETA 2.6 min
[987/1177] reused contour for local_minimum_id=986 in 0.028 s; ETA 2.6 min
[988/1177] reused contour for local_minimum_id=987 in 0.045 s; ETA 2.6 min
[989/1177] reused contour for local_minimum_id=988 in 0.042 s; ETA 2.6 min
[990/1177] reused contour for local_minimum_id=989 in 0.043 s; ETA 2.6 min
[991/1177] reused contour for local_minimum_id=990 in 0.045 s; ETA 2.5 min
[992/1177] reused contour for local_minimum_id=991 in 0.046 s; ETA 2.5 min
[993/1177] reused contour for local_minimum_id=992 in 0.045 s; ETA 2.5 min
[994/1177] reused contour for local_minimum_id=993 in 0.050 s; ETA 2.5 min
[995/1177] reused contour for local_minimum_id=994 in 0.050 s; ETA 2.5 min
[996/1177] reused contour for local_minimum_id=995 in 0.049 s; ETA 2.5 min
[997/1177] reused contour for local_minimum_id=996 in 0.054 s; ETA 2.4 min
[998/1177] reused contour for local_minimum_id=997 in 0.052 s; ETA 2.4 min
[999/1177] reused contour for local_minimum_id=998 in 0.049 s; ETA 2.4 min
[1000/1177] reused contour for local_minimum_id=999 in 0.049 s; ETA 2.4 min
[1001/1177] reused contour for local_minimum_id=1000 in 0.054 s; ETA 2.4 min
[1002/1177] reused contour for local_minimum_id=1001 in 0.051 s; ETA 2.4 min
[1003/1177] reused contour for local_minimum_id=1002 in 0.047 s; ETA 2.3 min
[1004/1177] reused contour for local_minimum_id=1003 in 0.048 s; ETA 2.3 min
[1005/1177] reused contour for local_minimum_id=1004 in 0.045 s; ETA 2.3 min
[1006/1177] reused contour for local_minimum_id=1005 in 0.050 s; ETA 2.3 min
[1007/1177] reused contour for local_minimum_id=1006 in 0.053 s; ETA 2.3 min
[1008/1177] reused contour for local_minimum_id=1007 in 0.050 s; ETA 2.3 min
[1009/1177] reused contour for local_minimum_id=1008 in 0.048 s; ETA 2.3 min
[1010/1177] reused contour for local_minimum_id=1009 in 0.030 s; ETA 2.2 min
[1011/1177] reused contour for local_minimum_id=1010 in 0.048 s; ETA 2.2 min
[1012/1177] reused contour for local_minimum_id=1011 in 0.045 s; ETA 2.2 min
[1013/1177] reused contour for local_minimum_id=1012 in 0.049 s; ETA 2.2 min
[1014/1177] reused contour for local_minimum_id=1013 in 0.050 s; ETA 2.2 min
[1015/1177] reused contour for local_minimum_id=1014 in 0.047 s; ETA 2.2 min
[1016/1177] reused contour for local_minimum_id=1015 in 0.032 s; ETA 2.1 min
[1017/1177] reused contour for local_minimum_id=1016 in 0.028 s; ETA 2.1 min
[1018/1177] reused contour for local_minimum_id=1017 in 0.046 s; ETA 2.1 min
[1019/1177] reused contour for local_minimum_id=1018 in 0.051 s; ETA 2.1 min
[1020/1177] reused contour for local_minimum_id=1019 in 0.053 s; ETA 2.1 min
[1021/1177] reused contour for local_minimum_id=1020 in 0.046 s; ETA 2.1 min
[1022/1177] reused contour for local_minimum_id=1021 in 0.044 s; ETA 2.1 min
[1023/1177] reused contour for local_minimum_id=1022 in 0.040 s; ETA 2.0 min
[1024/1177] reused contour for local_minimum_id=1023 in 0.043 s; ETA 2.0 min
[1025/1177] reused contour for local_minimum_id=1024 in 0.041 s; ETA 2.0 min
[1026/1177] reused contour for local_minimum_id=1025 in 0.040 s; ETA 2.0 min
[1027/1177] reused contour for local_minimum_id=1026 in 0.042 s; ETA 2.0 min
[1028/1177] reused contour for local_minimum_id=1027 in 0.041 s; ETA 2.0 min
[1029/1177] reused contour for local_minimum_id=1028 in 0.040 s; ETA 2.0 min
[1030/1177] reused contour for local_minimum_id=1029 in 0.044 s; ETA 1.9 min
[1031/1177] reused contour for local_minimum_id=1030 in 0.042 s; ETA 1.9 min
[1032/1177] reused contour for local_minimum_id=1031 in 0.046 s; ETA 1.9 min
[1033/1177] reused contour for local_minimum_id=1032 in 0.043 s; ETA 1.9 min
[1034/1177] reused contour for local_minimum_id=1033 in 0.044 s; ETA 1.9 min
[1035/1177] reused contour for local_minimum_id=1034 in 0.042 s; ETA 1.9 min
[1036/1177] reused contour for local_minimum_id=1035 in 0.042 s; ETA 1.8 min
[1037/1177] reused contour for local_minimum_id=1036 in 0.042 s; ETA 1.8 min
[1038/1177] reused contour for local_minimum_id=1037 in 0.043 s; ETA 1.8 min
[1039/1177] reused contour for local_minimum_id=1038 in 0.045 s; ETA 1.8 min
[1040/1177] reused contour for local_minimum_id=1039 in 0.041 s; ETA 1.8 min
[1041/1177] reused contour for local_minimum_id=1040 in 0.052 s; ETA 1.8 min
[1042/1177] reused contour for local_minimum_id=1041 in 0.044 s; ETA 1.8 min
[1043/1177] reused contour for local_minimum_id=1042 in 0.047 s; ETA 1.7 min
[1044/1177] reused contour for local_minimum_id=1043 in 0.046 s; ETA 1.7 min
[1045/1177] reused contour for local_minimum_id=1044 in 0.051 s; ETA 1.7 min
[1046/1177] reused contour for local_minimum_id=1045 in 0.048 s; ETA 1.7 min
[1047/1177] reused contour for local_minimum_id=1046 in 0.045 s; ETA 1.7 min
[1048/1177] reused contour for local_minimum_id=1047 in 0.043 s; ETA 1.7 min
[1049/1177] reused contour for local_minimum_id=1048 in 0.049 s; ETA 1.7 min
[1050/1177] reused contour for local_minimum_id=1049 in 0.046 s; ETA 1.6 min
[1051/1177] reused contour for local_minimum_id=1050 in 0.045 s; ETA 1.6 min
[1052/1177] reused contour for local_minimum_id=1051 in 0.042 s; ETA 1.6 min
[1053/1177] reused contour for local_minimum_id=1052 in 0.047 s; ETA 1.6 min
[1054/1177] reused contour for local_minimum_id=1053 in 0.047 s; ETA 1.6 min
[1055/1177] reused contour for local_minimum_id=1054 in 0.049 s; ETA 1.6 min
[1056/1177] reused contour for local_minimum_id=1055 in 0.047 s; ETA 1.6 min
[1057/1177] reused contour for local_minimum_id=1056 in 0.044 s; ETA 1.5 min
[1058/1177] reused contour for local_minimum_id=1057 in 0.051 s; ETA 1.5 min
[1059/1177] reused contour for local_minimum_id=1058 in 0.048 s; ETA 1.5 min
[1060/1177] reused contour for local_minimum_id=1059 in 0.051 s; ETA 1.5 min
[1061/1177] reused contour for local_minimum_id=1060 in 0.045 s; ETA 1.5 min
[1062/1177] reused contour for local_minimum_id=1061 in 0.046 s; ETA 1.5 min
[1063/1177] reused contour for local_minimum_id=1062 in 0.044 s; ETA 1.5 min
[1064/1177] reused contour for local_minimum_id=1063 in 0.043 s; ETA 1.4 min
[1065/1177] reused contour for local_minimum_id=1064 in 0.043 s; ETA 1.4 min
[1066/1177] reused contour for local_minimum_id=1065 in 0.046 s; ETA 1.4 min
[1067/1177] reused contour for local_minimum_id=1066 in 0.049 s; ETA 1.4 min
[1068/1177] reused contour for local_minimum_id=1067 in 0.051 s; ETA 1.4 min
[1069/1177] reused contour for local_minimum_id=1068 in 0.075 s; ETA 1.4 min
[1070/1177] reused contour for local_minimum_id=1069 in 0.047 s; ETA 1.4 min
[1071/1177] reused contour for local_minimum_id=1070 in 0.093 s; ETA 1.3 min
[1072/1177] reused contour for local_minimum_id=1071 in 0.041 s; ETA 1.3 min
[1073/1177] reused contour for local_minimum_id=1072 in 0.028 s; ETA 1.3 min
[1074/1177] reused contour for local_minimum_id=1073 in 0.052 s; ETA 1.3 min
[1075/1177] reused contour for local_minimum_id=1074 in 0.028 s; ETA 1.3 min
[1076/1177] reused contour for local_minimum_id=1075 in 0.045 s; ETA 1.3 min
[1077/1177] reused contour for local_minimum_id=1076 in 0.042 s; ETA 1.3 min
[1078/1177] reused contour for local_minimum_id=1077 in 0.043 s; ETA 1.2 min
[1079/1177] reused contour for local_minimum_id=1078 in 0.040 s; ETA 1.2 min
[1080/1177] reused contour for local_minimum_id=1079 in 0.043 s; ETA 1.2 min
[1081/1177] reused contour for local_minimum_id=1080 in 0.039 s; ETA 1.2 min
[1082/1177] reused contour for local_minimum_id=1081 in 0.041 s; ETA 1.2 min
[1083/1177] reused contour for local_minimum_id=1082 in 0.041 s; ETA 1.2 min
[1084/1177] reused contour for local_minimum_id=1083 in 0.041 s; ETA 1.2 min
[1085/1177] reused contour for local_minimum_id=1084 in 0.041 s; ETA 1.2 min
[1086/1177] reused contour for local_minimum_id=1085 in 0.040 s; ETA 1.1 min
[1087/1177] reused contour for local_minimum_id=1086 in 0.043 s; ETA 1.1 min
[1088/1177] reused contour for local_minimum_id=1087 in 0.040 s; ETA 1.1 min
[1089/1177] reused contour for local_minimum_id=1088 in 0.043 s; ETA 1.1 min
[1090/1177] reused contour for local_minimum_id=1089 in 0.040 s; ETA 1.1 min
[1091/1177] reused contour for local_minimum_id=1090 in 0.040 s; ETA 1.1 min
[1092/1177] reused contour for local_minimum_id=1091 in 0.042 s; ETA 1.1 min
[1093/1177] reused contour for local_minimum_id=1092 in 0.051 s; ETA 1.0 min
[1094/1177] reused contour for local_minimum_id=1093 in 0.051 s; ETA 1.0 min
[1095/1177] reused contour for local_minimum_id=1094 in 0.048 s; ETA 1.0 min
[1096/1177] reused contour for local_minimum_id=1095 in 0.044 s; ETA 1.0 min
[1097/1177] reused contour for local_minimum_id=1096 in 0.045 s; ETA 1.0 min
[1098/1177] reused contour for local_minimum_id=1097 in 0.041 s; ETA 1.0 min
[1099/1177] reused contour for local_minimum_id=1098 in 0.044 s; ETA 1.0 min
[1100/1177] reused contour for local_minimum_id=1099 in 0.040 s; ETA 1.0 min
[1101/1177] reused contour for local_minimum_id=1100 in 0.040 s; ETA 0.9 min
[1102/1177] reused contour for local_minimum_id=1101 in 0.046 s; ETA 0.9 min
[1103/1177] reused contour for local_minimum_id=1102 in 0.025 s; ETA 0.9 min
[1104/1177] reused contour for local_minimum_id=1103 in 0.041 s; ETA 0.9 min
[1105/1177] reused contour for local_minimum_id=1104 in 0.041 s; ETA 0.9 min
[1106/1177] reused contour for local_minimum_id=1105 in 0.041 s; ETA 0.9 min
[1107/1177] reused contour for local_minimum_id=1106 in 0.040 s; ETA 0.9 min
[1108/1177] reused contour for local_minimum_id=1107 in 0.042 s; ETA 0.8 min
[1109/1177] reused contour for local_minimum_id=1108 in 0.041 s; ETA 0.8 min
[1110/1177] reused contour for local_minimum_id=1109 in 0.043 s; ETA 0.8 min
[1111/1177] reused contour for local_minimum_id=1110 in 0.042 s; ETA 0.8 min
[1112/1177] reused contour for local_minimum_id=1111 in 0.042 s; ETA 0.8 min
[1113/1177] reused contour for local_minimum_id=1112 in 0.040 s; ETA 0.8 min
[1114/1177] reused contour for local_minimum_id=1113 in 0.040 s; ETA 0.8 min
[1115/1177] reused contour for local_minimum_id=1114 in 0.042 s; ETA 0.8 min
[1116/1177] reused contour for local_minimum_id=1115 in 0.046 s; ETA 0.7 min
[1117/1177] reused contour for local_minimum_id=1116 in 0.040 s; ETA 0.7 min
[1118/1177] reused contour for local_minimum_id=1117 in 0.018 s; ETA 0.7 min
[1119/1177] reused contour for local_minimum_id=1118 in 0.040 s; ETA 0.7 min
[1120/1177] reused contour for local_minimum_id=1119 in 0.017 s; ETA 0.7 min
[1121/1177] reused contour for local_minimum_id=1120 in 0.017 s; ETA 0.7 min
[1122/1177] reused contour for local_minimum_id=1121 in 0.014 s; ETA 0.7 min
[1123/1177] reused contour for local_minimum_id=1122 in 0.045 s; ETA 0.7 min
[1124/1177] reused contour for local_minimum_id=1123 in 0.050 s; ETA 0.6 min
[1125/1177] reused contour for local_minimum_id=1124 in 0.051 s; ETA 0.6 min
[1126/1177] reused contour for local_minimum_id=1125 in 0.049 s; ETA 0.6 min
[1127/1177] reused contour for local_minimum_id=1126 in 0.041 s; ETA 0.6 min
[1128/1177] reused contour for local_minimum_id=1127 in 0.048 s; ETA 0.6 min
[1129/1177] reused contour for local_minimum_id=1128 in 0.044 s; ETA 0.6 min
[1130/1177] reused contour for local_minimum_id=1129 in 0.020 s; ETA 0.6 min
[1131/1177] reused contour for local_minimum_id=1130 in 0.045 s; ETA 0.6 min
[1132/1177] reused contour for local_minimum_id=1131 in 0.047 s; ETA 0.5 min
[1133/1177] reused contour for local_minimum_id=1132 in 0.026 s; ETA 0.5 min
[1134/1177] reused contour for local_minimum_id=1133 in 0.027 s; ETA 0.5 min
[1135/1177] reused contour for local_minimum_id=1134 in 0.029 s; ETA 0.5 min
[1136/1177] reused contour for local_minimum_id=1135 in 0.051 s; ETA 0.5 min
[1137/1177] reused contour for local_minimum_id=1136 in 0.037 s; ETA 0.5 min
[1138/1177] reused contour for local_minimum_id=1137 in 0.039 s; ETA 0.5 min
[1139/1177] reused contour for local_minimum_id=1138 in 0.041 s; ETA 0.5 min
[1140/1177] reused contour for local_minimum_id=1139 in 0.035 s; ETA 0.4 min
[1141/1177] reused contour for local_minimum_id=1140 in 0.047 s; ETA 0.4 min
[1142/1177] reused contour for local_minimum_id=1141 in 0.029 s; ETA 0.4 min
[1143/1177] reused contour for local_minimum_id=1142 in 0.028 s; ETA 0.4 min
[1144/1177] reused contour for local_minimum_id=1143 in 0.042 s; ETA 0.4 min
[1145/1177] reused contour for local_minimum_id=1144 in 0.052 s; ETA 0.4 min
[1146/1177] reused contour for local_minimum_id=1145 in 0.044 s; ETA 0.4 min
[1147/1177] reused contour for local_minimum_id=1146 in 0.030 s; ETA 0.4 min
[1148/1177] reused contour for local_minimum_id=1147 in 0.050 s; ETA 0.3 min
[1149/1177] reused contour for local_minimum_id=1148 in 0.052 s; ETA 0.3 min
[1150/1177] reused contour for local_minimum_id=1149 in 0.049 s; ETA 0.3 min
[1151/1177] reused contour for local_minimum_id=1150 in 0.029 s; ETA 0.3 min
[1152/1177] reused contour for local_minimum_id=1151 in 0.048 s; ETA 0.3 min
[1153/1177] reused contour for local_minimum_id=1152 in 0.054 s; ETA 0.3 min
[1154/1177] reused contour for local_minimum_id=1153 in 0.047 s; ETA 0.3 min
[1155/1177] reused contour for local_minimum_id=1154 in 0.033 s; ETA 0.3 min
[1156/1177] reused contour for local_minimum_id=1155 in 0.044 s; ETA 0.2 min
[1157/1177] reused contour for local_minimum_id=1156 in 0.019 s; ETA 0.2 min
[1158/1177] reused contour for local_minimum_id=1157 in 0.016 s; ETA 0.2 min
[1159/1177] reused contour for local_minimum_id=1158 in 0.036 s; ETA 0.2 min
[1160/1177] reused contour for local_minimum_id=1159 in 0.044 s; ETA 0.2 min
[1161/1177] reused contour for local_minimum_id=1160 in 0.049 s; ETA 0.2 min
[1162/1177] reused contour for local_minimum_id=1161 in 0.028 s; ETA 0.2 min
[1163/1177] reused contour for local_minimum_id=1162 in 0.044 s; ETA 0.2 min
[1164/1177] reused contour for local_minimum_id=1163 in 0.030 s; ETA 0.2 min
[1165/1177] reused contour for local_minimum_id=1164 in 0.034 s; ETA 0.1 min
[1166/1177] reused contour for local_minimum_id=1165 in 0.046 s; ETA 0.1 min
[1167/1177] reused contour for local_minimum_id=1166 in 0.028 s; ETA 0.1 min
[1168/1177] reused contour for local_minimum_id=1167 in 0.042 s; ETA 0.1 min
[1169/1177] reused contour for local_minimum_id=1168 in 0.057 s; ETA 0.1 min
[1170/1177] reused contour for local_minimum_id=1169 in 0.043 s; ETA 0.1 min
[1171/1177] reused contour for local_minimum_id=1170 in 0.040 s; ETA 0.1 min
[1172/1177] reused contour for local_minimum_id=1171 in 0.039 s; ETA 0.1 min
[1173/1177] reused contour for local_minimum_id=1172 in 0.043 s; ETA 0.0 min
[1174/1177] reused contour for local_minimum_id=1173 in 0.041 s; ETA 0.0 min
[1175/1177] reused contour for local_minimum_id=1174 in 0.039 s; ETA 0.0 min
[1176/1177] reused contour for local_minimum_id=1175 in 0.029 s; ETA 0.0 min
[1177/1177] reused contour for local_minimum_id=1176 in 0.034 s; ETA 0.0 min
Gradient one_minus_C_e_gamma pre-cluster contours (muon)
  source raw minima: Output\GradientPhaseSpaceScan\muon\Data\CEGAMMA\scan\local_minima.csv
  local minima loaded: 1177
  contours generated: 39
  stale contours regenerated: 39
  contours reused after validation: 1138
  directions per minimum: 1536
  local-minimum contour settings: read from each minimum-owned contour file
  contour generation time: 820.541 s
  per-minimum contour data: Output\GradientPhaseSpaceScan\muon\Data\CEGAMMA\contour\local_minima
  contour index: Output\GradientPhaseSpaceScan\muon\Data\CEGAMMA\contour\local_minimum_contour_index.csv
  ownership key: local_minimum_id from the raw local_minima.csv
[2026-08-05 11:41:01 -0400] Muon contour repair complete; starting all muon ConfigGen packages.
========================================================================
Cluster ConfigGen 1/3: CEP (one_minus_C_e_p)
========================================================================
Gradient one_minus_C_e_p cluster ConfigGen (muon)
  source clustered minima: Output\GradientPhaseSpaceScan\muon\Data\CEP\cluster\clustered_minima.csv
  local minima loaded: 1443
  parent polarization PDFs: 4
  configured polarization-cluster minima: 1420
  local-minimum contour delta: 0.05
  total contour processing time: 24.626 s
  P1: alpha_e in [0,pi/2),alpha_p~pi/4
    retained minima: 407
    configured local minima: 407
    selected minima: Output\GradientPhaseSpaceScan\muon\Data\CEP\max_c_ep\polarization_cluster_01\combined\min_max_c_ep_polarization_cluster_01_selected_minima.csv
    loaded pre-cluster per-minimum contour samples by local_minimum_id
    pre-cluster contour data load time: 7.730 s
    configuration examples: Output\GradientPhaseSpaceScan\muon\Data\CEP\max_c_ep\polarization_cluster_01\combined\min_max_c_ep_polarization_cluster_01_configuration_examples.csv
    cluster summary: Output\GradientPhaseSpaceScan\muon\Data\CEP\max_c_ep\polarization_cluster_01\combined\min_max_c_ep_polarization_cluster_01_cluster_summary.csv
    momentum configurations: Output\GradientPhaseSpaceScan\muon\Data\CEP\max_c_ep\polarization_cluster_01\combined\min_max_c_ep_polarization_cluster_01_momentum_configurations.csv
    amplitude decomposition: Output\GradientPhaseSpaceScan\muon\Data\CEP\max_c_ep\polarization_cluster_01\combined\min_max_c_ep_polarization_cluster_01_final_state_amplitude_decomposition.csv
    configuration PDF: Output\GradientPhaseSpaceScan\muon\Plots\CEP\polarization_cluster_01\Cep_State_Search_and_Config_Muon_Polarization_Cluster_01.pdf
  P2: alpha_e in [0,pi/2),alpha_p~3pi/4
    retained minima: 311
    configured local minima: 311
    selected minima: Output\GradientPhaseSpaceScan\muon\Data\CEP\max_c_ep\polarization_cluster_02\combined\min_max_c_ep_polarization_cluster_02_selected_minima.csv
    loaded pre-cluster per-minimum contour samples by local_minimum_id
    pre-cluster contour data load time: 5.112 s
    configuration examples: Output\GradientPhaseSpaceScan\muon\Data\CEP\max_c_ep\polarization_cluster_02\combined\min_max_c_ep_polarization_cluster_02_configuration_examples.csv
    cluster summary: Output\GradientPhaseSpaceScan\muon\Data\CEP\max_c_ep\polarization_cluster_02\combined\min_max_c_ep_polarization_cluster_02_cluster_summary.csv
    momentum configurations: Output\GradientPhaseSpaceScan\muon\Data\CEP\max_c_ep\polarization_cluster_02\combined\min_max_c_ep_polarization_cluster_02_momentum_configurations.csv
    amplitude decomposition: Output\GradientPhaseSpaceScan\muon\Data\CEP\max_c_ep\polarization_cluster_02\combined\min_max_c_ep_polarization_cluster_02_final_state_amplitude_decomposition.csv
    configuration PDF: Output\GradientPhaseSpaceScan\muon\Plots\CEP\polarization_cluster_02\Cep_State_Search_and_Config_Muon_Polarization_Cluster_02.pdf
  P3: alpha_e in [pi/2,pi],alpha_p~pi/4
    retained minima: 329
    configured local minima: 329
    selected minima: Output\GradientPhaseSpaceScan\muon\Data\CEP\max_c_ep\polarization_cluster_03\combined\min_max_c_ep_polarization_cluster_03_selected_minima.csv
    loaded pre-cluster per-minimum contour samples by local_minimum_id
    pre-cluster contour data load time: 5.396 s
    configuration examples: Output\GradientPhaseSpaceScan\muon\Data\CEP\max_c_ep\polarization_cluster_03\combined\min_max_c_ep_polarization_cluster_03_configuration_examples.csv
    cluster summary: Output\GradientPhaseSpaceScan\muon\Data\CEP\max_c_ep\polarization_cluster_03\combined\min_max_c_ep_polarization_cluster_03_cluster_summary.csv
    momentum configurations: Output\GradientPhaseSpaceScan\muon\Data\CEP\max_c_ep\polarization_cluster_03\combined\min_max_c_ep_polarization_cluster_03_momentum_configurations.csv
    amplitude decomposition: Output\GradientPhaseSpaceScan\muon\Data\CEP\max_c_ep\polarization_cluster_03\combined\min_max_c_ep_polarization_cluster_03_final_state_amplitude_decomposition.csv
    configuration PDF: Output\GradientPhaseSpaceScan\muon\Plots\CEP\polarization_cluster_03\Cep_State_Search_and_Config_Muon_Polarization_Cluster_03.pdf
  P4: alpha_e in [pi/2,pi],alpha_p~3pi/4
    retained minima: 373
    configured local minima: 373
    selected minima: Output\GradientPhaseSpaceScan\muon\Data\CEP\max_c_ep\polarization_cluster_04\combined\min_max_c_ep_polarization_cluster_04_selected_minima.csv
    loaded pre-cluster per-minimum contour samples by local_minimum_id
    pre-cluster contour data load time: 6.388 s
    configuration examples: Output\GradientPhaseSpaceScan\muon\Data\CEP\max_c_ep\polarization_cluster_04\combined\min_max_c_ep_polarization_cluster_04_configuration_examples.csv
    cluster summary: Output\GradientPhaseSpaceScan\muon\Data\CEP\max_c_ep\polarization_cluster_04\combined\min_max_c_ep_polarization_cluster_04_cluster_summary.csv
    momentum configurations: Output\GradientPhaseSpaceScan\muon\Data\CEP\max_c_ep\polarization_cluster_04\combined\min_max_c_ep_polarization_cluster_04_momentum_configurations.csv
    amplitude decomposition: Output\GradientPhaseSpaceScan\muon\Data\CEP\max_c_ep\polarization_cluster_04\combined\min_max_c_ep_polarization_cluster_04_final_state_amplitude_decomposition.csv
    configuration PDF: Output\GradientPhaseSpaceScan\muon\Plots\CEP\polarization_cluster_04\Cep_State_Search_and_Config_Muon_Polarization_Cluster_04.pdf
========================================================================
Cluster ConfigGen 2/3: CPGAMMA (one_minus_C_p_gamma)
========================================================================
Gradient one_minus_C_p_gamma cluster ConfigGen (muon)
  source clustered minima: Output\GradientPhaseSpaceScan\muon\Data\CPGAMMA\cluster\clustered_minima.csv
  local minima loaded: 1646
  parent polarization PDFs: 3
  configured polarization-cluster minima: 1644
  local-minimum contour delta: 0.05
  total contour processing time: 29.932 s
  P1: alpha_e~0
    retained minima: 474
    configured local minima: 474
    selected minima: Output\GradientPhaseSpaceScan\muon\Data\CPGAMMA\max_c_p_gamma\polarization_cluster_01\combined\min_max_c_p_gamma_polarization_cluster_01_selected_minima.csv
    loaded pre-cluster per-minimum contour samples by local_minimum_id
    pre-cluster contour data load time: 8.543 s
    configuration examples: Output\GradientPhaseSpaceScan\muon\Data\CPGAMMA\max_c_p_gamma\polarization_cluster_01\combined\min_max_c_p_gamma_polarization_cluster_01_configuration_examples.csv
    cluster summary: Output\GradientPhaseSpaceScan\muon\Data\CPGAMMA\max_c_p_gamma\polarization_cluster_01\combined\min_max_c_p_gamma_polarization_cluster_01_cluster_summary.csv
    momentum configurations: Output\GradientPhaseSpaceScan\muon\Data\CPGAMMA\max_c_p_gamma\polarization_cluster_01\combined\min_max_c_p_gamma_polarization_cluster_01_momentum_configurations.csv
    amplitude decomposition: Output\GradientPhaseSpaceScan\muon\Data\CPGAMMA\max_c_p_gamma\polarization_cluster_01\combined\min_max_c_p_gamma_polarization_cluster_01_final_state_amplitude_decomposition.csv
    configuration PDF: Output\GradientPhaseSpaceScan\muon\Plots\CPGAMMA\polarization_cluster_01\Cpgamma_State_Search_and_Config_Muon_Polarization_Cluster_01.pdf
  P2: alpha_e~pi/2
    retained minima: 784
    configured local minima: 784
    selected minima: Output\GradientPhaseSpaceScan\muon\Data\CPGAMMA\max_c_p_gamma\polarization_cluster_02\combined\min_max_c_p_gamma_polarization_cluster_02_selected_minima.csv
    loaded pre-cluster per-minimum contour samples by local_minimum_id
    pre-cluster contour data load time: 14.116 s
    configuration examples: Output\GradientPhaseSpaceScan\muon\Data\CPGAMMA\max_c_p_gamma\polarization_cluster_02\combined\min_max_c_p_gamma_polarization_cluster_02_configuration_examples.csv
    cluster summary: Output\GradientPhaseSpaceScan\muon\Data\CPGAMMA\max_c_p_gamma\polarization_cluster_02\combined\min_max_c_p_gamma_polarization_cluster_02_cluster_summary.csv
    momentum configurations: Output\GradientPhaseSpaceScan\muon\Data\CPGAMMA\max_c_p_gamma\polarization_cluster_02\combined\min_max_c_p_gamma_polarization_cluster_02_momentum_configurations.csv
    amplitude decomposition: Output\GradientPhaseSpaceScan\muon\Data\CPGAMMA\max_c_p_gamma\polarization_cluster_02\combined\min_max_c_p_gamma_polarization_cluster_02_final_state_amplitude_decomposition.csv
    configuration PDF: Output\GradientPhaseSpaceScan\muon\Plots\CPGAMMA\polarization_cluster_02\Cpgamma_State_Search_and_Config_Muon_Polarization_Cluster_02.pdf
  P3: alpha_e~pi
    retained minima: 386
    configured local minima: 386
    selected minima: Output\GradientPhaseSpaceScan\muon\Data\CPGAMMA\max_c_p_gamma\polarization_cluster_03\combined\min_max_c_p_gamma_polarization_cluster_03_selected_minima.csv
    loaded pre-cluster per-minimum contour samples by local_minimum_id
    pre-cluster contour data load time: 7.273 s
    configuration examples: Output\GradientPhaseSpaceScan\muon\Data\CPGAMMA\max_c_p_gamma\polarization_cluster_03\combined\min_max_c_p_gamma_polarization_cluster_03_configuration_examples.csv
    cluster summary: Output\GradientPhaseSpaceScan\muon\Data\CPGAMMA\max_c_p_gamma\polarization_cluster_03\combined\min_max_c_p_gamma_polarization_cluster_03_cluster_summary.csv
    momentum configurations: Output\GradientPhaseSpaceScan\muon\Data\CPGAMMA\max_c_p_gamma\polarization_cluster_03\combined\min_max_c_p_gamma_polarization_cluster_03_momentum_configurations.csv
    amplitude decomposition: Output\GradientPhaseSpaceScan\muon\Data\CPGAMMA\max_c_p_gamma\polarization_cluster_03\combined\min_max_c_p_gamma_polarization_cluster_03_final_state_amplitude_decomposition.csv
    configuration PDF: Output\GradientPhaseSpaceScan\muon\Plots\CPGAMMA\polarization_cluster_03\Cpgamma_State_Search_and_Config_Muon_Polarization_Cluster_03.pdf
========================================================================
Cluster ConfigGen 3/3: CEGAMMA (one_minus_C_e_gamma)
========================================================================
Gradient one_minus_C_e_gamma cluster ConfigGen (muon)
  source clustered minima: Output\GradientPhaseSpaceScan\muon\Data\CEGAMMA\cluster\clustered_minima.csv
  local minima loaded: 1177
  parent polarization PDFs: 5
  configured polarization-cluster minima: 1094
  local-minimum contour delta: 0.05
  total contour processing time: 19.770 s
  P1: alpha_p~0
    retained minima: 266
    configured local minima: 266
    selected minima: Output\GradientPhaseSpaceScan\muon\Data\CEGAMMA\max_c_e_gamma\polarization_cluster_01\combined\min_max_c_e_gamma_polarization_cluster_01_selected_minima.csv
    loaded pre-cluster per-minimum contour samples by local_minimum_id
    pre-cluster contour data load time: 4.850 s
    configuration examples: Output\GradientPhaseSpaceScan\muon\Data\CEGAMMA\max_c_e_gamma\polarization_cluster_01\combined\min_max_c_e_gamma_polarization_cluster_01_configuration_examples.csv
    cluster summary: Output\GradientPhaseSpaceScan\muon\Data\CEGAMMA\max_c_e_gamma\polarization_cluster_01\combined\min_max_c_e_gamma_polarization_cluster_01_cluster_summary.csv
    momentum configurations: Output\GradientPhaseSpaceScan\muon\Data\CEGAMMA\max_c_e_gamma\polarization_cluster_01\combined\min_max_c_e_gamma_polarization_cluster_01_momentum_configurations.csv
    amplitude decomposition: Output\GradientPhaseSpaceScan\muon\Data\CEGAMMA\max_c_e_gamma\polarization_cluster_01\combined\min_max_c_e_gamma_polarization_cluster_01_final_state_amplitude_decomposition.csv
    configuration PDF: Output\GradientPhaseSpaceScan\muon\Plots\CEGAMMA\polarization_cluster_01\Cegamma_State_Search_and_Config_Muon_Polarization_Cluster_01.pdf
  P2: alpha_p~pi/4
    retained minima: 11
    configured local minima: 11
    selected minima: Output\GradientPhaseSpaceScan\muon\Data\CEGAMMA\max_c_e_gamma\polarization_cluster_02\combined\min_max_c_e_gamma_polarization_cluster_02_selected_minima.csv
    loaded pre-cluster per-minimum contour samples by local_minimum_id
    pre-cluster contour data load time: 0.230 s
    configuration examples: Output\GradientPhaseSpaceScan\muon\Data\CEGAMMA\max_c_e_gamma\polarization_cluster_02\combined\min_max_c_e_gamma_polarization_cluster_02_configuration_examples.csv
    cluster summary: Output\GradientPhaseSpaceScan\muon\Data\CEGAMMA\max_c_e_gamma\polarization_cluster_02\combined\min_max_c_e_gamma_polarization_cluster_02_cluster_summary.csv
    momentum configurations: Output\GradientPhaseSpaceScan\muon\Data\CEGAMMA\max_c_e_gamma\polarization_cluster_02\combined\min_max_c_e_gamma_polarization_cluster_02_momentum_configurations.csv
    amplitude decomposition: Output\GradientPhaseSpaceScan\muon\Data\CEGAMMA\max_c_e_gamma\polarization_cluster_02\combined\min_max_c_e_gamma_polarization_cluster_02_final_state_amplitude_decomposition.csv
    configuration PDF: Output\GradientPhaseSpaceScan\muon\Plots\CEGAMMA\polarization_cluster_02\Cegamma_State_Search_and_Config_Muon_Polarization_Cluster_02.pdf
  P3: alpha_p~pi/2
    retained minima: 512
    configured local minima: 512
    selected minima: Output\GradientPhaseSpaceScan\muon\Data\CEGAMMA\max_c_e_gamma\polarization_cluster_03\combined\min_max_c_e_gamma_polarization_cluster_03_selected_minima.csv
    loaded pre-cluster per-minimum contour samples by local_minimum_id
    pre-cluster contour data load time: 9.231 s
    configuration examples: Output\GradientPhaseSpaceScan\muon\Data\CEGAMMA\max_c_e_gamma\polarization_cluster_03\combined\min_max_c_e_gamma_polarization_cluster_03_configuration_examples.csv
    cluster summary: Output\GradientPhaseSpaceScan\muon\Data\CEGAMMA\max_c_e_gamma\polarization_cluster_03\combined\min_max_c_e_gamma_polarization_cluster_03_cluster_summary.csv
    momentum configurations: Output\GradientPhaseSpaceScan\muon\Data\CEGAMMA\max_c_e_gamma\polarization_cluster_03\combined\min_max_c_e_gamma_polarization_cluster_03_momentum_configurations.csv
    amplitude decomposition: Output\GradientPhaseSpaceScan\muon\Data\CEGAMMA\max_c_e_gamma\polarization_cluster_03\combined\min_max_c_e_gamma_polarization_cluster_03_final_state_amplitude_decomposition.csv
    configuration PDF: Output\GradientPhaseSpaceScan\muon\Plots\CEGAMMA\polarization_cluster_03\Cegamma_State_Search_and_Config_Muon_Polarization_Cluster_03.pdf
  P4: alpha_p~3pi/4
    retained minima: 10
    configured local minima: 10
    selected minima: Output\GradientPhaseSpaceScan\muon\Data\CEGAMMA\max_c_e_gamma\polarization_cluster_04\combined\min_max_c_e_gamma_polarization_cluster_04_selected_minima.csv
    loaded pre-cluster per-minimum contour samples by local_minimum_id
    pre-cluster contour data load time: 0.221 s
    configuration examples: Output\GradientPhaseSpaceScan\muon\Data\CEGAMMA\max_c_e_gamma\polarization_cluster_04\combined\min_max_c_e_gamma_polarization_cluster_04_configuration_examples.csv
    cluster summary: Output\GradientPhaseSpaceScan\muon\Data\CEGAMMA\max_c_e_gamma\polarization_cluster_04\combined\min_max_c_e_gamma_polarization_cluster_04_cluster_summary.csv
    momentum configurations: Output\GradientPhaseSpaceScan\muon\Data\CEGAMMA\max_c_e_gamma\polarization_cluster_04\combined\min_max_c_e_gamma_polarization_cluster_04_momentum_configurations.csv
    amplitude decomposition: Output\GradientPhaseSpaceScan\muon\Data\CEGAMMA\max_c_e_gamma\polarization_cluster_04\combined\min_max_c_e_gamma_polarization_cluster_04_final_state_amplitude_decomposition.csv
    configuration PDF: Output\GradientPhaseSpaceScan\muon\Plots\CEGAMMA\polarization_cluster_04\Cegamma_State_Search_and_Config_Muon_Polarization_Cluster_04.pdf
  P5: alpha_p~pi
    retained minima: 295
    configured local minima: 295
    selected minima: Output\GradientPhaseSpaceScan\muon\Data\CEGAMMA\max_c_e_gamma\polarization_cluster_05\combined\min_max_c_e_gamma_polarization_cluster_05_selected_minima.csv
    loaded pre-cluster per-minimum contour samples by local_minimum_id
    pre-cluster contour data load time: 5.239 s
    configuration examples: Output\GradientPhaseSpaceScan\muon\Data\CEGAMMA\max_c_e_gamma\polarization_cluster_05\combined\min_max_c_e_gamma_polarization_cluster_05_configuration_examples.csv
    cluster summary: Output\GradientPhaseSpaceScan\muon\Data\CEGAMMA\max_c_e_gamma\polarization_cluster_05\combined\min_max_c_e_gamma_polarization_cluster_05_cluster_summary.csv
    momentum configurations: Output\GradientPhaseSpaceScan\muon\Data\CEGAMMA\max_c_e_gamma\polarization_cluster_05\combined\min_max_c_e_gamma_polarization_cluster_05_momentum_configurations.csv
    amplitude decomposition: Output\GradientPhaseSpaceScan\muon\Data\CEGAMMA\max_c_e_gamma\polarization_cluster_05\combined\min_max_c_e_gamma_polarization_cluster_05_final_state_amplitude_decomposition.csv
    configuration PDF: Output\GradientPhaseSpaceScan\muon\Plots\CEGAMMA\polarization_cluster_05\Cegamma_State_Search_and_Config_Muon_Polarization_Cluster_05.pdf
[2026-08-05 13:28:56 -0400] Electron-first pairwise production completed successfully.
[2026-08-05 13:29:09 -04:00] Electron-first pairwise production completed successfully.
